Frage;Antwort;Antwort (Hauptteil);Fundstellen;Generierte Antwort;Generierte Antwort (Hauptteil);Generierte Anschlussfragen;followup_count_generated;followup_count_truth;context_precision;context_recall;faithfulness;answer_correctness;followup_q1;followup_q1_answerability;followup_q1_relevance;followup_q1_reason;followup_q2;followup_q2_answerability;followup_q2_relevance;followup_q2_reason;followup_q3;followup_q3_answerability;followup_q3_relevance;followup_q3_reason;followup_avg_answerability;followup_avg_relevance
Welche Prozesse dürfen grundsätzlich ausgelagert werden?;"Grundsätzlich dürfen Prozesse ausgelagert werden, wenn sie potenziell ausgelagert werden sollen und eine risikoorientierte Bewertung durchgeführt wurde. Diese Bewertung sollte auf Basis von Anforderungsprofilen erfolgen, die die Funktion, verarbeitete Daten, Schnittstellen sowie eine Bewertung der Informationssicherheit enthalten. Quelle: OPS.2.3.A1 (S. nicht spezifiziert).

Es ist wichtig zu beachten, dass der Baustein OPS.2.3 Nutzung von Outsourcing für jede oder jeden Anbietenden von Outsourcing aus Sicht des Nutzenden von Outsourcing einmal anzuwenden ist. Quelle: Kap. 1.3 Abgrenzung und Modellierung – OPS.2.3 Nutzung von Outsourcing.

Anschlussfragen:
1. Welche Anforderungen müssen bei der Erstellung von Anforderungsprofilen für Prozesse berücksichtigt werden?
2. Wie oft sollten ausgelagerte Prozesse erneut risikoorientiert betrachtet werden?
3. Welche Bausteine sind für die Nutzung von Cloud-Diensten und das Anbieten von Outsourcing relevant?";"Grundsätzlich dürfen Prozesse ausgelagert werden, wenn sie potenziell ausgelagert werden sollen und eine risikoorientierte Bewertung durchgeführt wurde. Diese Bewertung sollte auf Basis von Anforderungsprofilen erfolgen, die die Funktion, verarbeitete Daten, Schnittstellen sowie eine Bewertung der Informationssicherheit enthalten. Quelle: OPS.2.3.A1 (S. nicht spezifiziert).

Es ist wichtig zu beachten, dass der Baustein OPS.2.3 Nutzung von Outsourcing für jede oder jeden Anbietenden von Outsourcing aus Sicht des Nutzenden von Outsourcing einmal anzuwenden ist. Quelle: Kap. 1.3 Abgrenzung und Modellierung – OPS.2.3 Nutzung von Outsourcing.";"""OPS.2.3.A1 Erstellung von Anforderungsprofilen für Prozesse (B) [Fachverantwortliche]
Falls keine Business-Impact-Analyse (BIA) vorhanden ist, MÜSSEN Anforderungsprofile in Form von Steckbriefen für die Prozesse angefertigt werden, die potenziell ausgelagert werden sollen. Diese Anforderungsprofile MÜSSEN die Funktion, verarbeite Daten, Schnittstellen sowie eine Bewertung der Informationssicherheit enthalten. Insbesondere MÜSSEN die Abhängigkeiten zwischen den Prozessen sowie zu untergeordneten Teilprozessen berücksichtigt werden. Die Anforderungsprofile MÜSSEN die Kritikalität des jeweiligen Prozesses für den ordentlichen Geschäftsbetrieb abbilden."",
""OPS.2.3.A2 Verfolgung eines risikoorientierten Ansatzes im
Auslagerungsmanagement (B)
Für Prozesse, die potenziell ausgelagert werden sollen, MUSS risikoorientiert betrachtet und entschieden werden, ob diese ausgelagert werden können. Für diese Bewertung SOLLTEN die Anforderungsprofile als Grundlage genutzt werden. Wenn der Prozess ausgelagert wird, SOLLTE das Resultat im Auslagerungsregister abgelegt werden. Um Änderungen an Prozessen oder der Gefährdungslage zu berücksichtigen, MÜSSEN in regelmäßigen Abständen sowie anlassbezogen die ausgelagerten Prozesse erneut risikoorientiert betrachtet werden.""";"Grundsätzlich dürfen nur Prozesse ausgelagert werden, deren **Schutzbedarf und Kritikalität** nach einer **risikoorientierten Bewertung** als nicht institutionskritisch eingestuft werden. Die Institution muss dabei das Anforderungsprofil des Prozesses als Basis nutzen, das Ergebnis im **Auslagerungsregister** dokumentieren und das Verfahren in regelmäßigen sowie anlassbezogenen Abständen erneut prüfen, um Änderungen in der Gefährdungslage zu berücksichtigen Quelle: Verfolgung eines risikoorientierten Ansatzes im Auslagerungsmanagement (S. 1‑3). Kritische Prozesse, die für den ordentlichen Geschäftsbetrieb unabdingbar sind oder einen hohen Schutzbedarf aufweisen, dürfen nicht ohne besondere Maßnahmen ausgelagert werden, da sonst ein Verlust der Steuerungs‑ und Kontrollmöglichkeiten entsteht Quelle: Gefahr des Outsourcings von institutionskritischen Prozessen (S. 4‑5).

Anschlussfragen:
1. Welche konkreten Kriterien bestimmen die Kritikalität eines Prozesses im Outsourcing‑Kontext?
2. Wie sollte das Auslagerungsregister strukturiert sein, um die geforderten Informationen abzubilden?
3. Welche Maßnahmen sind bei der erneuten Risikobewertung ausgelagerter Prozesse zu berücksichtigen?";Grundsätzlich dürfen nur Prozesse ausgelagert werden, deren **Schutzbedarf und Kritikalität** nach einer **risikoorientierten Bewertung** als nicht institutionskritisch eingestuft werden. Die Institution muss dabei das Anforderungsprofil des Prozesses als Basis nutzen, das Ergebnis im **Auslagerungsregister** dokumentieren und das Verfahren in regelmäßigen sowie anlassbezogenen Abständen erneut prüfen, um Änderungen in der Gefährdungslage zu berücksichtigen Quelle: Verfolgung eines risikoorientierten Ansatzes im Auslagerungsmanagement (S. 1‑3). Kritische Prozesse, die für den ordentlichen Geschäftsbetrieb unabdingbar sind oder einen hohen Schutzbedarf aufweisen, dürfen nicht ohne besondere Maßnahmen ausgelagert werden, da sonst ein Verlust der Steuerungs‑ und Kontrollmöglichkeiten entsteht Quelle: Gefahr des Outsourcings von institutionskritischen Prozessen (S. 4‑5).;"1. Welche konkreten Kriterien bestimmen die Kritikalität eines Prozesses im Outsourcing‑Kontext?
2. Wie sollte das Auslagerungsregister strukturiert sein, um die geforderten Informationen abzubilden?
3. Welche Maßnahmen sind bei der erneuten Risikobewertung ausgelagerter Prozesse zu berücksichtigen?";3;3;0.8095238094968253;1.0;0.14285714285714285;0.3746337853889753;Welche konkreten Kriterien bestimmen die Kritikalität eines Prozesses im Outsourcing‑Kontext?;1.0;2.0;Kritikalität im Outsourcing-Kontext;Wie sollte das Auslagerungsregister strukturiert sein, um die geforderten Informationen abzubilden?;2.0;2.0;Direkte Strukturierung des Auslagerungsregisters;Welche Maßnahmen sind bei der erneuten Risikobewertung ausgelagerter Prozesse zu berücksichtigen?;2.0;2.0;Direkte Relevanz zur Risikobewertung;1.667;2.0
Welche Aufgaben hat der oder die Informationssicherheitsbeauftragte (ISB)?;"Der oder die Informationssicherheitsbeauftragte (ISB) hat mehrere wichtige Aufgaben. Diese umfassen die Förderung der Informationssicherheit in der Institution, die Mitsteuerung und Koordination des Sicherheitsprozesses sowie die Beteiligung an größeren Projekten und der Einführung neuer Anwendungen und IT-Systeme Quelle: ISMS.1.A4 Benennung eines oder einer Informationssicherheitsbeauftragten (S.1). 

Weiterhin ist der ISB zuständig für die Wahrnehmung aller Belange der Informationssicherheit innerhalb der Institution. Seine Hauptaufgabe besteht darin, die Behörden bzw. Unternehmensleitung bei deren Aufgabenwahrnehmung bezüglich der Informationssicherheit zu beraten und diese bei der Umsetzung zu unterstützen Quelle: BSI-Standard 200-2, 4.4 Der Informationssicherheitsbeauftragte (S.4). 

Dazu gehören unter anderem die Steuerung des Informationssicherheitsprozesses, die Unterstützung bei der Erstellung von Leitlinien und Sicherheitskonzepten, die Koordination von Sicherheitsmaßnahmen und die Initiierung von Sensibilisierungs- und Schulungsmaßnahmen Quelle: BSI-Standard 200-2, 4.4 Der Informationssicherheitsbeauftragte (S.4).

Anschlussfragen:
1. Welche Rolle spielt der ISB bei der Erstellung von Sicherheitskonzepten und Notfallvorsorgekonzepten?
2. Wie sollte der ISB bei der Planung und Einführung neuer Anwendungen und IT-Systeme beteiligt sein?
3. Welche Bedeutung haben regelmäßige Sicherheitsrevisionen und Sensibilisierungsmaßnahmen für die Informationssicherheit in der Institution?";"Der oder die Informationssicherheitsbeauftragte (ISB) hat mehrere wichtige Aufgaben. Diese umfassen die Förderung der Informationssicherheit in der Institution, die Mitsteuerung und Koordination des Sicherheitsprozesses sowie die Beteiligung an größeren Projekten und der Einführung neuer Anwendungen und IT-Systeme Quelle: ISMS.1.A4 Benennung eines oder einer Informationssicherheitsbeauftragten (S.1). 

Weiterhin ist der ISB zuständig für die Wahrnehmung aller Belange der Informationssicherheit innerhalb der Institution. Seine Hauptaufgabe besteht darin, die Behörden bzw. Unternehmensleitung bei deren Aufgabenwahrnehmung bezüglich der Informationssicherheit zu beraten und diese bei der Umsetzung zu unterstützen Quelle: BSI-Standard 200-2, 4.4 Der Informationssicherheitsbeauftragte (S.4). 

Dazu gehören unter anderem die Steuerung des Informationssicherheitsprozesses, die Unterstützung bei der Erstellung von Leitlinien und Sicherheitskonzepten, die Koordination von Sicherheitsmaßnahmen und die Initiierung von Sensibilisierungs- und Schulungsmaßnahmen Quelle: BSI-Standard 200-2, 4.4 Der Informationssicherheitsbeauftragte (S.4).";"""ISMS.1.A4 Benennung eines oder einer Informationssicherheitsbeauftragten (B) [Institutionsleitung]  
Die Institutionsleitung MUSS einen oder eine ISB benennen. Der oder die ISB MUSS die Informationssicherheit in der Institution fördern und den Sicherheitsprozess mitsteuern und koordinieren. Die Institutionsleitung MUSS den oder die ISB mit angemessenen Ressourcen ausstatten. Die Institutionsleitung MUSS dem oder der ISB die Möglichkeit einräumen, bei Bedarf direkt an sie selbst zu berichten. Der oder die ISB MUSS bei allen größeren Projekten sowie bei der Einführung neuer Anwendungen und IT-Systeme frühzeitig beteiligt werden."",

""BSI-Standard 200-2, 4.4 Der Informationssicherheitsbeauftragte 
Zuständigkeiten und Aufgaben
Der Informationssicherheitsbeauftragte ist zuständig für die Wahrnehmung aller Belange der Informationssicherheit innerhalb der Institution. Die Hauptaufgabe des ISB besteht darin, die Behörden bzw. Unternehmensleitung bei deren Aufgabenwahrnehmung bezüglich der Informationssicherheit zu beraten und diese bei der Umsetzung zu unterstützen. Seine Aufgaben umfassen unter anderem:
•den Informationssicherheitsprozess zu steuern und an allen damit zusammenhängenden Aufgaben mitzuwirken,
•die Leitungsebene bei der Erstellung der Leitlinie zur Informationssicherheit zu unterstützen,
•die Erstellung des Sicherheitskonzepts, des Notfallvorsorgekonzepts und andererTeilkonzepte und System-Sicherheitsrichtlinien zu koordinieren sowie weitere Richtlinien und Regelungen zur Informationssicherheit zu erlassen,
•die Realisierung von Sicherheitsmaßnahmen zu initiieren und zu überprüfen,
•der Leitungsebene und dem IS-Management-Team über den Status quo der Informationssicherheit zu berichten,
•sicherheitsrelevante Projekte zu koordinieren,
•Sicherheitsvorfälle zu untersuchen und
•Sensibilisierungs-und Schulungsmaßnahmen zur Informationssicherheit zu initiieren und koordinieren.
Der ISB ist außerdem bei allen größeren Projekten, die deutliche Auswirkungen auf die Informationsverarbeitung haben könnten, zu beteiligen, um die Beachtung von Sicherheitsaspekten in den verschiedenen Projektphasen zu gewährleisten. So sollte der ISB bei der Planung und Einführung neuer Anwendungen und IT-Systeme ebenso beteiligt sein wie bei neuen ICS-Komponenten oder wesentlichen Änderungen der Infrastruktur.""
";Im bereitgestellten Kontext nicht enthalten;Im bereitgestellten Kontext nicht enthalten;;0;3;0.9617346938638119;1.0;0.0;0.07816361276926656;;;;;;;;;;;;;;
Was sollten Management-Berichte zur Informationssicherheit enthalten?;"Management-Berichte zur Informationssicherheit sollten die wesentlichen relevanten Informationen über den Sicherheitsprozess enthalten, insbesondere über Probleme, Erfolge und Verbesserungsmöglichkeiten Quelle: ISMS.1.A12 (S). Sie sollten auch klar priorisierte Maßnahmenvorschläge enthalten, die mit realistischen Abschätzungen zum erwarteten Umsetzungsaufwand versehen sind Quelle: ISMS.1.A12 (S). 

Anschlussfragen:
1. Wie sollten die Management-Berichte zur Informationssicherheit archiviert werden?
2. Welche Rolle spielt die Institutionsleitung bei der Erstellung von Management-Berichten zur Informationssicherheit?
3. Wie oft sollten Sicherheitsrevisionen in der Institution durchgeführt werden?";Management-Berichte zur Informationssicherheit sollten die wesentlichen relevanten Informationen über den Sicherheitsprozess enthalten, insbesondere über Probleme, Erfolge und Verbesserungsmöglichkeiten Quelle: ISMS.1.A12 (S). Sie sollten auch klar priorisierte Maßnahmenvorschläge enthalten, die mit realistischen Abschätzungen zum erwarteten Umsetzungsaufwand versehen sind Quelle: ISMS.1.A12 (S).;"ISMS.1.A12 Management-Berichte zur Informationssicherheit (S) [Institutionsleitung]  
Die Institutionsleitung SOLLTE sich regelmäßig über den Stand der Informationssicherheit informieren, insbesondere über die aktuelle Gefährdungslage sowie die Wirksamkeit und Effizienz des Sicherheitsprozesses. Dazu SOLLTEN Management-Berichte geschrieben werden, welche die wesentlichen relevanten Informationen über den Sicherheitsprozess enthalten, insbesondere über Probleme, Erfolge und Verbesserungsmöglichkeiten. Die Management-Berichte SOLLTEN klar priorisierte Maßnahmenvorschläge enthalten. Die Maßnahmenvorschläge SOLLTEN mit realistischen Abschätzungen zum erwarteten Umsetzungsaufwand versehen sein. Die Management-Berichte SOLLTEN revisionssicher archiviert werden. Die Management-Entscheidungen über erforderliche Aktionen, den Umgang mit Restrisiken und mit 
Veränderungen von sicherheitsrelevanten Prozessen SOLLTEN dokumentiert sein. Die Management-Entscheidungen SOLLTEN revisionssicher archiviert werden.

";"- **Status und Umsetzungsgrad des Sicherheitskonzepts** – Aktueller Stand, Fortschritt und offene Punkte des Sicherheitskonzepts Quelle: Managementberichte (S.1)  
- **Ergebnisse von Audits und Datenschutzkontrollen** – Ergebnisse interner/externen Audits sowie Prüfungen nach DSGVO Quelle: Managementberichte (S.1)  
- **Berichte über Sicherheitsvorfälle** – Beschreibung, Bewertung und Maßnahmen zu aufgetretenen Vorfällen Quelle: Managementberichte (S.1)  
- **Erfolge, Probleme und Verbesserungsmöglichkeiten im Informationssicherheitsprozess** – Aufgezeigte Stärken, identifizierte Schwächen und vorgeschlagene Optimierungen Quelle: Managementberichte (S.1)  
- **Reduzierung von Umsetzungsdefiziten und zugehörigen Risiken** – Fortschritt im Risikobehandlungsplan (BSI‑Standard 200‑3) Quelle: Managementberichte (S.1)  
- **Übersicht über neue Bedrohungen, Schwachstellen und Änderungen der Rahmenbedingungen** – Aktuelle Gefährdungs‑ und Risikoentwicklung Quelle: Managementberichte (S.1)  
- **Bewertung von Folgemaßnahmen und Ressourcenbedarf** – Entscheidungsrelevante Informationen für die Leitungsebene Quelle: Managementberichte (S.1)  

Anschlussfragen:
1. Welche konkreten Kennzahlen eignen sich am besten zur Messung des Umsetzungsgrades des Sicherheitskonzepts?  
2. Wie sollte die Priorisierung von Maßnahmen aus dem Risikobehandlungsplan im Managementbericht dargestellt werden?  
3. Welche Kommunikationswege sind für die regelmäßige Übermittlung der Managementberichte an die Leitungsebene empfehlenswert?";"- **Status und Umsetzungsgrad des Sicherheitskonzepts** – Aktueller Stand, Fortschritt und offene Punkte des Sicherheitskonzepts Quelle: Managementberichte (S.1)  
- **Ergebnisse von Audits und Datenschutzkontrollen** – Ergebnisse interner/externen Audits sowie Prüfungen nach DSGVO Quelle: Managementberichte (S.1)  
- **Berichte über Sicherheitsvorfälle** – Beschreibung, Bewertung und Maßnahmen zu aufgetretenen Vorfällen Quelle: Managementberichte (S.1)  
- **Erfolge, Probleme und Verbesserungsmöglichkeiten im Informationssicherheitsprozess** – Aufgezeigte Stärken, identifizierte Schwächen und vorgeschlagene Optimierungen Quelle: Managementberichte (S.1)  
- **Reduzierung von Umsetzungsdefiziten und zugehörigen Risiken** – Fortschritt im Risikobehandlungsplan (BSI‑Standard 200‑3) Quelle: Managementberichte (S.1)  
- **Übersicht über neue Bedrohungen, Schwachstellen und Änderungen der Rahmenbedingungen** – Aktuelle Gefährdungs‑ und Risikoentwicklung Quelle: Managementberichte (S.1)  
- **Bewertung von Folgemaßnahmen und Ressourcenbedarf** – Entscheidungsrelevante Informationen für die Leitungsebene Quelle: Managementberichte (S.1)";"1. Welche konkreten Kennzahlen eignen sich am besten zur Messung des Umsetzungsgrades des Sicherheitskonzepts?  
2. Wie sollte die Priorisierung von Maßnahmen aus dem Risikobehandlungsplan im Managementbericht dargestellt werden?  
3. Welche Kommunikationswege sind für die regelmäßige Übermittlung der Managementberichte an die Leitungsebene empfehlenswert?";3;3;0.9999999999666667;0.5714285714285714;1.0;0.6130005031564429;Welche konkreten Kennzahlen eignen sich am besten zur Messung des Umsetzungsgrades des Sicherheitskonzepts?;2.0;2.0;Kennzahlen zur Umsetzung;Wie sollte die Priorisierung von Maßnahmen aus dem Risikobehandlungsplan im Managementbericht dargestellt werden?;2.0;2.0;Direkte Relevanz zu Managementberichten;Welche Kommunikationswege sind für die regelmäßige Übermittlung der Managementberichte an die Leitungsebene empfehlenswert?;1.0;2.0;Kommunikationswege nicht explizit genannt;1.667;2.0
Wie fange ich überhaupt an? Was sind die ersten Schritte beim Aufbau eines ISMS?;"Um den Aufbau eines ISMS (Information Security Management System) zu beginnen, sollten die ersten Schritte die Übernahme der Gesamtverantwortung für Informationssicherheit durch die Leitung umfassen. Die Institutionsleitung MUSS die Gesamtverantwortung für Informationssicherheit übernehmen und den Sicherheitsprozess initiieren, steuern und kontrollieren Quelle: ISMS.1.A1 (S.1). 

Dann sollten die Sicherheitsziele und -strategie festgelegt werden. Die Institutionsleitung MUSS den Sicherheitsprozess initiieren und etablieren, sowie angemessene Sicherheitsziele sowie eine Strategie für Informationssicherheit festlegen und dokumentieren Quelle: ISMS.1.A2 (S.2). 

Eine weitere wichtige Maßnahme ist die Erstellung einer Leitlinie zur Informationssicherheit. Die Institutionsleitung MUSS eine übergeordnete Leitlinie zur Informationssicherheit verabschieden, die den Stellenwert der Informationssicherheit, die Sicherheitsziele, die wichtigsten Aspekte der Sicherheitsstrategie sowie die Organisationsstruktur für Informationssicherheit beschreibt Quelle: ISMS.1.A3 (S.3).

Anschlussfragen:
1. Wie kann die Institutionsleitung die Gesamtverantwortung für Informationssicherheit effektiv übernehmen und den Sicherheitsprozess steuern?
2. Welche Rolle spielen die Sicherheitsziele und -strategie bei der Implementierung eines ISMS?
3. Wie kann die Leitlinie zur Informationssicherheit regelmäßig aktualisiert und den Mitarbeitenden bekannt gegeben werden?";"Um den Aufbau eines ISMS (Information Security Management System) zu beginnen, sollten die ersten Schritte die Übernahme der Gesamtverantwortung für Informationssicherheit durch die Leitung umfassen. Die Institutionsleitung MUSS die Gesamtverantwortung für Informationssicherheit übernehmen und den Sicherheitsprozess initiieren, steuern und kontrollieren Quelle: ISMS.1.A1 (S.1). 

Dann sollten die Sicherheitsziele und -strategie festgelegt werden. Die Institutionsleitung MUSS den Sicherheitsprozess initiieren und etablieren, sowie angemessene Sicherheitsziele sowie eine Strategie für Informationssicherheit festlegen und dokumentieren Quelle: ISMS.1.A2 (S.2). 

Eine weitere wichtige Maßnahme ist die Erstellung einer Leitlinie zur Informationssicherheit. Die Institutionsleitung MUSS eine übergeordnete Leitlinie zur Informationssicherheit verabschieden, die den Stellenwert der Informationssicherheit, die Sicherheitsziele, die wichtigsten Aspekte der Sicherheitsstrategie sowie die Organisationsstruktur für Informationssicherheit beschreibt Quelle: ISMS.1.A3 (S.3).";"""ISMS.1.A1 Übernahme der Gesamtverantwortung für Informationssicherheit  durch die Leitung (B) [Institutionsleitung]  
Die Institutionsleitung MUSS die Gesamtverantwortung für Informationssicherheit in der Institution übernehmen. Dies MUSS für alle Beteiligten deutlich erkennbar sein. Die Institutionsleitung MUSS den Sicherheitsprozess initiieren, steuern und kontrollieren. Die Institutionsleitung MUSS Informationssicherheit vorleben. Die Institutionsleitung MUSS die Zuständigkeiten für Informationssicherheit festlegen. Die zuständigen Mitarbeitenden MÜSSEN mit den erforderlichen Kompetenzen und Ressourcen ausgestattet werden. Die Institutionsleitung MUSS sich regelmäßig über den Status der Informationssicherheit informieren lassen. Insbesondere MUSS sich die Institutionsleitung über mögliche Risiken und Konsequenzen aufgrund fehlender Sicherheitsmaßnahmen informieren lassen."",
""ISMS.1.A2 Festlegung der Sicherheitsziele und -strategie (B) [Institutionsleitung]  
Die Institutionsleitung MUSS den Sicherheitsprozess initiieren und etablieren. Dafür MUSS die Institutionsleitung angemessene Sicherheitsziele sowie eine Strategie für Informationssicherheit festlegen und dokumentieren. Es MÜSSEN konzeptionelle Vorgaben erarbeitet und  organisatorische Rahmenbedingungen geschaffen werden, um den ordnungsgemäßen und sicheren Umgang mit Informationen innerhalb aller Geschäftsprozesse des Unternehmens oder Fachaufgaben der Behörde zu ermöglichen. Die Institutionsleitung MUSS die Sicherheitsstrategie und die Sicherheitsziele tragen und verantworten. Die Institutionsleitung MUSS die Sicherheitsziele und die Sicherheitsstrategie regelmäßig dahingehend überprüfen, ob sie noch aktuell und angemessen sind und wirksam umgesetzt werden können."",
""ISMS.1.A3 Erstellung einer Leitlinie zur Informationssicherheit (B) [Institutionsleitung]  
Die Institutionsleitung MUSS eine übergeordnete Leitlinie zur Informationssicherheit verabschieden. Diese MUSS den Stellenwert der Informationssicherheit, die Sicherheitsziele, die wichtigsten Aspekte der Sicherheitsstrategie sowie die Organisationsstruktur für Informationssicherheit beschreiben. Für die Sicherheitsleitlinie MUSS ein klarer Geltungsbereich festgelegt sein. In der Leitlinie zur Informationssicherheit MÜSSEN die Sicherheitsziele und der Bezug der Sicherheitsziele zu den Geschäftszielen und Aufgaben der Institution erläutert werden. Die Institutionsleitung MUSS die Leitlinie zur Informationssicherheit allen Mitarbeitenden und sonstigen Mitgliedern der Institution bekannt geben. Die Leitlinie zur Informationssicherheit SOLLTE regelmäßig aktualisiert werden."",
""ISMS.1.A6 Aufbau einer geeigneten Organisationsstruktur für Informationssicherheit (B) [Institutionsleitung]  
Eine geeignete übergreifende Organisationsstruktur für Informationssicherheit MUSS vorhanden sein. Dafür MÜSSEN Rollen definiert sein, die konkrete Aufgaben übernehmen, um die Sicherheitsziele zu erreichen. Außerdem MÜSSEN qualifizierte Personen benannt werden, denen ausreichend Ressourcen zur Verfügung stehen, um diese Rollen zu übernehmen. Die Aufgaben, Rollen, Verantwortungen und Kompetenzen im Sicherheitsmanagement MÜSSEN nachvollziehbar definiert und zugewiesen sein. Für alle wichtigen Funktionen der Organisation für Informationssicherheit MUSS es wirksame Vertretungsregelungen geben. Kommunikationswege MÜSSEN geplant, beschrieben, eingerichtet und bekannt gemacht werden. Es MUSS für alle Aufgaben und Rollen festgelegt sein, wer wen informiert und wer bei welchen Aktionen 
in welchem Umfang informiert werden muss. Es MUSS regelmäßig geprüft werden, ob die Organisationsstruktur für Informationssicherheit noch angemessen ist oder ob sie an neue Rahmenbedingungen angepasst werden muss."",
""ISMS.1.A10 Erstellung eines Sicherheitskonzepts (S) 
Für den festgelegten Geltungsbereich (Informationsverbund) SOLLTE ein angemessenes Sicherheitskonzept als das zentrale Dokument im Sicherheitsprozess erstellt werden. Es SOLLTE entschieden werden, ob das Sicherheitskonzept aus einem oder aus mehreren Teilkonzepten bestehen soll, die sukzessive erstellt werden, um zunächst in ausgewählten Bereichen das erforderliche Sicherheitsniveau herzustellen. Im Sicherheitskonzept MÜSSEN aus den Sicherheitszielen der Institution, dem identifizierten Schutzbedarf und der Risikobewertung konkrete Sicherheitsmaßnahmen passend zum betrachteten Informationsverbund abgeleitet werden. Sicherheitsprozess und Sicherheitskonzept MÜSSEN die individuell geltenden Vorschriften und Regelungen berücksichtigen. Die im Sicherheitskonzept vorgesehenen Maßnahmen MÜSSEN zeitnah in die Praxis umgesetzt werden. Dies MUSS geplant und die Umsetzung MUSS kontrolliert werden.""";"Der erste Schritt ist die Erstellung einer Leitlinie zur Informationssicherheit, die Zielsetzung, Grundsätze und Verantwortlichkeiten festlegt Quelle: Kapitel 2 (S.1).  
Danach wird der Geltungsbereich des ISMS definiert und die zu schützenden Informationsverbünde ermittelt Quelle: Kapitel 2 (S.2).  
Im Anschluss wählt die Institution eine geeignete Vorgehensweise – häufig die Basis‑Absicherung – und ordnet die relevanten IT‑Grundschutz‑Bausteine zu Quelle: Kapitel 6 (S.3‑4).  
Ein funktionierendes Sicherheitsmanagement wird organisatorisch verankert, indem Rollen, Zuständigkeiten und ein Sicherheits‑Team festgelegt werden Quelle: Kapitel 4 (S.5).  
Parallel dazu wird ein Sicherheitskonzept erstellt, das die ausgewählten Bausteine, abgeleiteten Maßnahmen sowie einen Umsetzungs‑ und Prüfplan enthält Quelle: Kapitel 5 (S.6‑7).  
Abschließend erfolgt ein IT‑Grundschutz‑Check, um den Ist‑Zustand zu bewerten, offene Anforderungen zu priorisieren und konkrete Maßnahmen zu planen Quelle: Kapitel 6 (S.8‑9).

Anschlussfragen:
1. Welche konkreten Inhalte sollte die Leitlinie zur Informationssicherheit enthalten?
2. Wie wird der Geltungsbereich des ISMS praktisch abgegrenzt und dokumentiert?
3. Welche Kriterien helfen bei der Auswahl zwischen Basis‑, Standard‑ und Kern‑Absicherung?";"Der erste Schritt ist die Erstellung einer Leitlinie zur Informationssicherheit, die Zielsetzung, Grundsätze und Verantwortlichkeiten festlegt Quelle: Kapitel 2 (S.1).  
Danach wird der Geltungsbereich des ISMS definiert und die zu schützenden Informationsverbünde ermittelt Quelle: Kapitel 2 (S.2).  
Im Anschluss wählt die Institution eine geeignete Vorgehensweise – häufig die Basis‑Absicherung – und ordnet die relevanten IT‑Grundschutz‑Bausteine zu Quelle: Kapitel 6 (S.3‑4).  
Ein funktionierendes Sicherheitsmanagement wird organisatorisch verankert, indem Rollen, Zuständigkeiten und ein Sicherheits‑Team festgelegt werden Quelle: Kapitel 4 (S.5).  
Parallel dazu wird ein Sicherheitskonzept erstellt, das die ausgewählten Bausteine, abgeleiteten Maßnahmen sowie einen Umsetzungs‑ und Prüfplan enthält Quelle: Kapitel 5 (S.6‑7).  
Abschließend erfolgt ein IT‑Grundschutz‑Check, um den Ist‑Zustand zu bewerten, offene Anforderungen zu priorisieren und konkrete Maßnahmen zu planen Quelle: Kapitel 6 (S.8‑9).";"1. Welche konkreten Inhalte sollte die Leitlinie zur Informationssicherheit enthalten?
2. Wie wird der Geltungsbereich des ISMS praktisch abgegrenzt und dokumentiert?
3. Welche Kriterien helfen bei der Auswahl zwischen Basis‑, Standard‑ und Kern‑Absicherung?";3;3;0.8972222222072685;1.0;1.0;0.2616020711016663;Welche konkreten Inhalte sollte die Leitlinie zur Informationssicherheit enthalten?;2.0;2.0;Direkte Angaben zu Inhalten;Wie wird der Geltungsbereich des ISMS praktisch abgegrenzt und dokumentiert?;2.0;2.0;Direkte Abgrenzung des ISMS-Geltungsbereichs;Welche Kriterien helfen bei der Auswahl zwischen Basis‑, Standard‑ und Kern‑Absicherung?;2.0;2.0;Direkte Auswahlkriterien;2.0;2.0
Welche Ressourcen und Kompetenzen brauche ich als ISB, um meine Aufgabe erfüllen zu können?;"Um Ihre Aufgabe als Informationssicherheitsbeauftragter (ISB) erfüllen zu können, benötigen Sie angemessene Ressourcen und Kompetenzen. Die Institutionsleitung MUSS den oder die ISB mit angemessenen Ressourcen ausstatten Quelle: ISMS.1.A4 (S.1). 

Es ist wünschenswert, dass der ISB über Wissen und Erfahrung auf den Gebieten der Informationssicherheit und IT verfügt Quelle: BSI-Standard 200.2, 4.4. Die erforderlichen Qualifikationen umfassen unter anderem Identifikation mit den Zielsetzungen der Informationssicherheit, Kooperations- und Teamfähigkeit sowie Erfahrungen im Projektmanagement Quelle: BSI-Standard 200.2, 4.4. 

Ein ISB sollte nicht organisatorisch der IT-Abteilung zugeordnet sein, um Interessenkonflikte zu vermeiden Quelle: BSI-Standard 200.2, 4.4. Stattdessen ist es empfehlenswert, die Position des ISB als Stabsstelle einzurichten, direkt der Leitungsebene zugeordnet Quelle: BSI-Standard 200.2, 4.4.

Anschlussfragen:
1. Wie kann ich als ISB sicherstellen, dass ich die erforderlichen Ressourcen und Kompetenzen besitze, um meine Aufgaben erfolgreich zu erfüllen?
2. Welche Rolle spielt die Unabhängigkeit des ISB bei der Erfüllung seiner Aufgaben, und wie kann diese gewährleistet werden?
3. Wie kann ich als ISB die Zusammenarbeit mit anderen Abteilungen und Organisationseinheiten fördern, um ein umfassendes Sicherheitskonzept zu entwickeln?";"Um Ihre Aufgabe als Informationssicherheitsbeauftragter (ISB) erfüllen zu können, benötigen Sie angemessene Ressourcen und Kompetenzen. Die Institutionsleitung MUSS den oder die ISB mit angemessenen Ressourcen ausstatten Quelle: ISMS.1.A4 (S.1). 

Es ist wünschenswert, dass der ISB über Wissen und Erfahrung auf den Gebieten der Informationssicherheit und IT verfügt Quelle: BSI-Standard 200.2, 4.4. Die erforderlichen Qualifikationen umfassen unter anderem Identifikation mit den Zielsetzungen der Informationssicherheit, Kooperations- und Teamfähigkeit sowie Erfahrungen im Projektmanagement Quelle: BSI-Standard 200.2, 4.4. 

Ein ISB sollte nicht organisatorisch der IT-Abteilung zugeordnet sein, um Interessenkonflikte zu vermeiden Quelle: BSI-Standard 200.2, 4.4. Stattdessen ist es empfehlenswert, die Position des ISB als Stabsstelle einzurichten, direkt der Leitungsebene zugeordnet Quelle: BSI-Standard 200.2, 4.4.";"""ISMS.1.A4 Benennung eines oder einer Informationssicherheitsbeauftragten (B) [Institutionsleitung]  
Die Institutionsleitung MUSS einen oder eine ISB benennen. Der oder die ISB MUSS die Informationssicherheit in der Institution fördern und den Sicherheitsprozess mitsteuern und koordinieren. Die Institutionsleitung MUSS den oder die ISB mit angemessenen Ressourcen ausstatten. Die Institutionsleitung MUSS dem oder der ISB die Möglichkeit einräumen, bei Bedarf direkt an sie selbst zu berichten. Der oder die ISB MUSS bei allen größeren Projekten sowie bei der Einführung neuer Anwendungen und IT-Systeme frühzeitig beteiligt werden."",
""BSI-Standard 200.2, 4.4 Der Informationssicherheitsbeauftragte
Zur Erfüllung dieser Aufgaben ist es wünschenswert, dass der Informationssicherheitsbeauftragte über Wissen und Erfahrung auf den Gebieten der Informationssicherheit und IT verfügt. Ebenso sollte er Kenntnisse hinsichtlich der Geschäftsprozesse der Institution mitbringen. Da diese Aufgabe eine Vielzahl von Fähigkeiten erfordert, sollte bei der Auswahl des Weiteren darauf geachtet werden, dass die folgenden Qualifikationen vorhanden sind:
•Identifikation mit den Zielsetzungen der Informationssicherheit, Überblick über Aufgaben und Ziele der Institution.
•Kooperations-und Teamfähigkeit, aber auch Durchsetzungsvermögen (Kaum eine Aufgabe erfordert so viel Fähigkeit und Geschick im Umgang mit anderen Personen: Die Leitungsebene muss in zentralen Fragen des Sicherheitsprozesses immer wieder eingebunden werden. Entscheidungen müssen eingefordert werden und die Mitarbeiter müssen, eventuell mithilfe des Bereichs-Sicherheitsbeauftragten, in den Sicherheitsprozess eingebunden werden).
•Erfahrungen im Projektmanagement, idealerweise im Bereich der Systemanalyse und Kenntnisse über Methoden zur Risikoanalyse.
•Grundlegende Kenntnisse über die Prozesse und Fachaufgaben innerhalb der Institution und, soweit erforderlich, Grundkenntnisse in den Bereichen IT und ICS. 
• Ein Informationssicherheitsbeauftragter muss zudem die Bereitschaft mitbringen, sich in neue Gebiete einzuarbeiten und Entwicklungen in der IT zu verfolgen. Er sollte sich so aus-und fortbilden, dass er die erforderlichen Fachkenntnisse für die Erledigung seiner Aufgaben besitzt. Unabhängigkeit
Esist empfehlenswert,die Positiondes Informationssicherheitsbeauftragten organisatorischalsStabsstelle einzurichten, also als eine direkt der Leitungsebene zugeordnete Position, die von keinen anderenStellenWeisungenbekommt.InjedemFallmussderISBdasdirekteund jederzeitigeVorspracherecht bei der Behörden-bzw. Unternehmensleitung haben, um diese über Sicherheitsvorfälle, -risiken und -maßnahmen informieren zu können. Er muss aber auch über das Geschehen in der Institution, soweit es einen Bezug zu seiner Tätigkeit hat, umfassend und frühzeitig unterrichtet werden.
Der Informationssicherheitsbeauftragte sollte nicht organisatorisch der IT-Abteilung zugeordnet sein. Die Erfahrung hat zeigt, dass dies häufig dazu führt, dass die Aufgabe der Informationssicherheit auf IT-Absicherung reduziert wird und der ganzheitliche Schutz von Informationen in den Hintergrund gerückt wird. Dadurchkann es vorkommen, dass Informationen so lange angemessen geschützt werden, wie sie ausschließlich auf IT-Systemen verarbeitet werden, aber diese dann beispielsweise nach dem Ausdrucken ungeschützt beim Drucker liegen bleiben. Ein anderes Problem ist der inhärente Aufgabenkonflikt.Esistz.B.problematisch,wennein „aktiver“ Administratordie Rolledes Informationssicherheitsbeauftragten zusätzlich zu seinen normalen Aufgaben wahrnimmt,daes mit hoher Wahrscheinlichkeit zu Interessenkonflikten kommen wird. Die Personalunion kann dazu führen, dass er als Informationssicherheitsbeauftragter Einspruch gegen Entscheidungen einlegen müsste, die ihm sein Leben als Administrator wesentlicherleichternwürden oder die gar von seinem Fachvorgesetzten stark favorisiert werden (siehe auch Kapitel 4.10 „Zusammenspiel mit anderen Organisationseinheiten und Managementdisziplinen“).""";"ORP.1.A2 Benennung des Informationssicherheitsbeauftragten (B) [Leitungsebene] – Der ISB MUSS über detaillierte IT‑Kenntnisse, Projektmanagement‑Erfahrung, Kenntnisse der Geschäftsprozesse, Erfahrung in System‑ und Risikoanalyse, Grundkenntnisse in IT/ICS, Team‑ und Durchsetzungsfähigkeit sowie Lern‑ und Weiterbildungsbereitschaft verfügen Quelle: Kontext (S.1)  
ORP.1.A3 Definition von Rollen und Aufgaben (B) [Leitungsebene] – Es MUSS mindestens eine Person als ISB benannt und mit ausreichenden personellen, finanziellen und zeitlichen Ressourcen ausgestattet werden; bei Bedarf können qualifizierte externe Sicherheitsexperten eingesetzt werden Quelle: Kontext (S.1)  
ORP.1.A4 Sicherstellung der Kommunikationswege (B) [IS‑Management‑Team] – Der ISB benötigt gesicherte Kommunikationskanäle zu allen relevanten internen und externen Stellen sowie die Möglichkeit, an allen sicherheitsrelevanten Verfahren und Entscheidungen beteiligt zu sein Quelle: Kontext (S.1)  

Anschlussfragen:
1. Welche konkreten Schulungsmaßnahmen sind für den ISB empfehlenswert?
2. Wie lässt sich die Zusammenarbeit zwischen ISB und Projekt‑Sicherheitsbeauftragten formal regeln?
3. Welche Kriterien sollten bei der Auswahl externer Sicherheitsexperten zugrunde gelegt werden?";"ORP.1.A2 Benennung des Informationssicherheitsbeauftragten (B) [Leitungsebene] – Der ISB MUSS über detaillierte IT‑Kenntnisse, Projektmanagement‑Erfahrung, Kenntnisse der Geschäftsprozesse, Erfahrung in System‑ und Risikoanalyse, Grundkenntnisse in IT/ICS, Team‑ und Durchsetzungsfähigkeit sowie Lern‑ und Weiterbildungsbereitschaft verfügen Quelle: Kontext (S.1)  
ORP.1.A3 Definition von Rollen und Aufgaben (B) [Leitungsebene] – Es MUSS mindestens eine Person als ISB benannt und mit ausreichenden personellen, finanziellen und zeitlichen Ressourcen ausgestattet werden; bei Bedarf können qualifizierte externe Sicherheitsexperten eingesetzt werden Quelle: Kontext (S.1)  
ORP.1.A4 Sicherstellung der Kommunikationswege (B) [IS‑Management‑Team] – Der ISB benötigt gesicherte Kommunikationskanäle zu allen relevanten internen und externen Stellen sowie die Möglichkeit, an allen sicherheitsrelevanten Verfahren und Entscheidungen beteiligt zu sein Quelle: Kontext (S.1)";"1. Welche konkreten Schulungsmaßnahmen sind für den ISB empfehlenswert?
2. Wie lässt sich die Zusammenarbeit zwischen ISB und Projekt‑Sicherheitsbeauftragten formal regeln?
3. Welche Kriterien sollten bei der Auswahl externer Sicherheitsexperten zugrunde gelegt werden?";3;3;0.8773809523663294;1.0;0.8125;0.5696266894227398;Welche konkreten Schulungsmaßnahmen sind für den ISB empfehlenswert?;2.0;2.0;Schulungsmaßnahmen für ISB;Wie lässt sich die Zusammenarbeit zwischen ISB und Projekt‑Sicherheitsbeauftragten formal regeln?;2.0;2.0;Formale Regelung der Zusammenarbeit;Welche Kriterien sollten bei der Auswahl externer Sicherheitsexperten zugrunde gelegt werden?;2.0;2.0;Direkte Relevanz zu externen Experten;2.0;2.0
Wie dokumentiere ich Management-Entscheidungen und was muss dabei beachtet werden?;"Die Dokumentation von Management-Entscheidungen ist ein wichtiger Aspekt im Rahmen des IT-Grundschutzes und des Sicherheitsmanagements. Laut ISMS.1.A12 sollten Management-Entscheidungen über erforderliche Aktionen, den Umgang mit Restrisiken und mit Veränderungen von sicherheitsrelevanten Prozessen dokumentiert sein Quelle: ISMS.1.A12 (S). Diese Dokumentation sollte revisionssicher archiviert werden, um eine klare Nachvollziehbarkeit und Transparenz der Entscheidungsprozesse zu gewährleisten Quelle: ISMS.1.A12 (S). 

Darüber hinaus sollte der Ablauf des Sicherheitsprozesses dokumentiert werden, einschließlich wichtiger Entscheidungen und Arbeitsergebnisse Quelle: ISMS.1.A13 (S). Es sollte eine geregelte Vorgehensweise für die Erstellung und Archivierung von Dokumentationen im Rahmen des Sicherheitsprozesses geben, um die Aktualität und Vertraulichkeit der Dokumentationen zu wahren Quelle: ISMS.1.A13 (S).

Anschlussfragen:
1. Wie oft sollten Sicherheitsrevisionen durchgeführt werden, um die Effektivität des Sicherheitsmanagements zu überprüfen?
2. Welche Rolle spielen Mitarbeitende und Externe bei der Sensibilisierung und Schulung zu Sicherheitsrisiken und Informationssicherheit?
3. Wie sollten Dokumentationen im Rahmen des Sicherheitsprozesses archiviert und verwaltet werden, um eine revisionssichere Archivierung zu gewährleisten?";"Die Dokumentation von Management-Entscheidungen ist ein wichtiger Aspekt im Rahmen des IT-Grundschutzes und des Sicherheitsmanagements. Laut ISMS.1.A12 sollten Management-Entscheidungen über erforderliche Aktionen, den Umgang mit Restrisiken und mit Veränderungen von sicherheitsrelevanten Prozessen dokumentiert sein Quelle: ISMS.1.A12 (S). Diese Dokumentation sollte revisionssicher archiviert werden, um eine klare Nachvollziehbarkeit und Transparenz der Entscheidungsprozesse zu gewährleisten Quelle: ISMS.1.A12 (S). 

Darüber hinaus sollte der Ablauf des Sicherheitsprozesses dokumentiert werden, einschließlich wichtiger Entscheidungen und Arbeitsergebnisse Quelle: ISMS.1.A13 (S). Es sollte eine geregelte Vorgehensweise für die Erstellung und Archivierung von Dokumentationen im Rahmen des Sicherheitsprozesses geben, um die Aktualität und Vertraulichkeit der Dokumentationen zu wahren Quelle: ISMS.1.A13 (S).";"""ISMS.1.A12 Management-Berichte zur Informationssicherheit (S) [Institutionsleitung]  
Die Institutionsleitung SOLLTE sich regelmäßig über den Stand der Informationssicherheit informieren, insbesondere über die aktuelle Gefährdungslage sowie die Wirksamkeit und Effizienz des Sicherheitsprozesses. Dazu SOLLTEN Management-Berichte geschrieben werden, welche die wesentlichen relevanten Informationen über den Sicherheitsprozess enthalten, insbesondere über Probleme, Erfolge und Verbesserungsmöglichkeiten. Die Management-Berichte SOLLTEN klar priorisierte Maßnahmenvorschläge enthalten. Die Maßnahmenvorschläge SOLLTEN mit realistischen Abschätzungen zum erwarteten Umsetzungsaufwand versehen sein. Die Management-Berichte SOLLTEN revisionssicher archiviert werden. Die Management-Entscheidungen über erforderliche Aktionen, den Umgang mit Restrisiken und mit 
Veränderungen von sicherheitsrelevanten Prozessen SOLLTEN dokumentiert sein. Die Management-Entscheidungen SOLLTEN revisionssicher archiviert werden."",
""ISMS.1.A13 Dokumentation des Sicherheitsprozesses (S) 
Der Ablauf des Sicherheitsprozesses SOLLTE dokumentiert werden. Wichtige Entscheidungen und die Arbeitsergebnisse der einzelnen Phasen wie Sicherheitskonzept, Richtlinien oder Untersuchungsergebnisse von Sicherheitsvorfällen SOLLTEN ausreichend dokumentiert werden. 
Es SOLLTE eine geregelte Vorgehensweise für die Erstellung und Archivierung von Dokumentationen im Rahmen des Sicherheitsprozesses geben. Regelungen SOLLTEN existieren, um die Aktualität und vertraulichkeit der Dokumentationen zu wahren. Von den vorhandenen Dokumenten SOLLTE die jeweils aktuelle Version kurzfristig zugänglich sein. Außerdem SOLLTEN alle Vorgängerversionen zentral archiviert werden. """;"- Alle wesentlichen Aktivitäten und Entscheidungen des Stabs MÜSSEN protokolliert werden, damit sie im Nachhinein nachvollziehbar sind Quelle: Protokollierung (S.1)  
- Das Protokoll MUSS die getroffene Entscheidung, die zugrunde liegende Entscheidungsgrundlage, die beteiligten Stabsmitglieder sowie Zeitpunkt und Ergebnis enthalten Quelle: Protokollierung (S.2)  
- Die Dokumentation KANN in elektronischer oder Papierform erfolgen; die Nutzung einer einheitlichen Dokumentvorlage wird empfohlen, um Konsistenz und Nachvollziehbarkeit zu sichern Quelle: Protokollierung (S.3)  
- Die formalen Anforderungen an die Protokollierung sind in der Geschäftsordnung des Stabes festzulegen und dort zu verankern Quelle: Geschäftsordnung (S.4)  
- Die Verantwortung für die Protokollierung liegt bei der Stabsleitung bzw. dem BCB; eine Abstimmung zwischen BCB und den Rolleninhabenden ist erforderlich Quelle: Stabsleitung (S.5)  
- Management‑Entscheidungen im Informationssicherheitsprozess MÜSSEN aufgezeichnet und begründet werden, damit sie jederzeit nachvollziehbar und wiederholbar sind Quelle: Aufzeichnung von Managemententscheidungen (S.6)  
- Die Dokumentation MUSS stets aktuell, verfügbar und vor unbefugtem Zugriff geschützt sein Quelle: Dokumentation (S.7)  

Anschlussfragen:  
1. Welche konkreten Inhalte sollten in einer Management‑Entscheidungs‑Vorlage enthalten sein?  
2. Wie kann die Zugriffskontrolle auf protokollierte Management‑Entscheidungen technisch umgesetzt werden?  
3. Welche Audittechniken eignen sich, um die Vollständigkeit der Protokollierung zu überprüfen?";"- Alle wesentlichen Aktivitäten und Entscheidungen des Stabs MÜSSEN protokolliert werden, damit sie im Nachhinein nachvollziehbar sind Quelle: Protokollierung (S.1)  
- Das Protokoll MUSS die getroffene Entscheidung, die zugrunde liegende Entscheidungsgrundlage, die beteiligten Stabsmitglieder sowie Zeitpunkt und Ergebnis enthalten Quelle: Protokollierung (S.2)  
- Die Dokumentation KANN in elektronischer oder Papierform erfolgen; die Nutzung einer einheitlichen Dokumentvorlage wird empfohlen, um Konsistenz und Nachvollziehbarkeit zu sichern Quelle: Protokollierung (S.3)  
- Die formalen Anforderungen an die Protokollierung sind in der Geschäftsordnung des Stabes festzulegen und dort zu verankern Quelle: Geschäftsordnung (S.4)  
- Die Verantwortung für die Protokollierung liegt bei der Stabsleitung bzw. dem BCB; eine Abstimmung zwischen BCB und den Rolleninhabenden ist erforderlich Quelle: Stabsleitung (S.5)  
- Management‑Entscheidungen im Informationssicherheitsprozess MÜSSEN aufgezeichnet und begründet werden, damit sie jederzeit nachvollziehbar und wiederholbar sind Quelle: Aufzeichnung von Managemententscheidungen (S.6)  
- Die Dokumentation MUSS stets aktuell, verfügbar und vor unbefugtem Zugriff geschützt sein Quelle: Dokumentation (S.7)";"1. Welche konkreten Inhalte sollten in einer Management‑Entscheidungs‑Vorlage enthalten sein?  
2. Wie kann die Zugriffskontrolle auf protokollierte Management‑Entscheidungen technisch umgesetzt werden?  
3. Welche Audittechniken eignen sich, um die Vollständigkeit der Protokollierung zu überprüfen?";3;3;0.9150793650641138;0.7333333333333333;0.8125;0.37587200045356073;Welche konkreten Inhalte sollten in einer Management‑Entscheidungs‑Vorlage enthalten sein?;2.0;2.0;Direkte Entscheidungsvorlage;Wie kann die Zugriffskontrolle auf protokollierte Management‑Entscheidungen technisch umgesetzt werden?;2.0;2.0;Zugriffskontrolle auf protokollierte Entscheidungen;Welche Audittechniken eignen sich, um die Vollständigkeit der Protokollierung zu überprüfen?;2.0;2.0;Direkte Verbindung zu Audits;2.0;2.0
	Was ist bei der Auswahl der Planung von Software-Tests zu beachten?;"Bei der Auswahl der Planung von Software-Tests ist zu beachten, dass die Testfälle so ausgewählt werden müssen, dass diese möglichst repräsentativ alle Funktionen der Software überprüfen Quelle: OPS.1.1.6 (S.391). Zusätzlich sollten auch Negativ-Tests berücksichtigt werden, die überprüfen, ob die Software keine ungewollten Funktionen enthält Quelle: OPS.1.1.6 (S.391). Die Testumgebung muss so ausgewählt werden, dass diese möglichst repräsentativ alle in der Institution eingesetzten Gerätemodelle und Betriebssystemumgebungen abdeckt Quelle: OPS.1.1.6 (S.391).

Anschlussfragen:
1. Wie müssen die Testfälle für Software-Tests ausgewählt werden, um alle Funktionen der Software abzudecken?
2. Was ist bei der Auswahl der Testumgebung für Software-Tests zu beachten?
3. Wie müssen die Ergebnisse von Software-Tests ausgewertet und dokumentiert werden?";Bei der Auswahl der Planung von Software-Tests ist zu beachten, dass die Testfälle so ausgewählt werden müssen, dass diese möglichst repräsentativ alle Funktionen der Software überprüfen Quelle: OPS.1.1.6 (S.391). Zusätzlich sollten auch Negativ-Tests berücksichtigt werden, die überprüfen, ob die Software keine ungewollten Funktionen enthält Quelle: OPS.1.1.6 (S.391). Die Testumgebung muss so ausgewählt werden, dass diese möglichst repräsentativ alle in der Institution eingesetzten Gerätemodelle und Betriebssystemumgebungen abdeckt Quelle: OPS.1.1.6 (S.391).;"""OPS.1.1.6.A1 Planung der Software-Tests (B)
Die Rahmenbedingungen für Software-Tests MÜSSEN vor den Tests innerhalb der Institution entsprechend der Schutzbedarfe, Organisationseinheiten, technischen Möglichkeiten und Test-Umgebungen festlegt sein. Die Software MUSS auf Basis der Anforderungen des Anforderungskatalogs zu der Software getestet werden. Liegt auch ein Pflichtenheft vor, dann MUSS dieses zusätzlich berücksichtigt werden."",
""OPS.1.1.6 Software-Tests und -Freigaben
Die Testfälle MÜSSEN so ausgewählt werden, sodass diese möglichst repräsentativ alle Funktionen der Software überprüfen. Zusätzlich SOLLTEN auch Negativ-Tests berücksichtigt werden, die überprüfen, ob die Software keine ungewollten Funktionen enthält.
Die Testumgebung MUSS so ausgewählt werden, sodass diese möglichst repräsentativ alle in der Institution eingesetzten Gerätemodelle und Betriebssystemumgebungen abdeckt. Es SOLLTE dabei getestet werden, ob die Software mit den eingesetzten Betriebssystemen in den vorliegenden Konfigurationen kompatibel und funktionsfähig ist."",
""OPS.1.1.6.A2 Durchführung von funktionalen Software-Tests (B) [Testende]
Mit funktionalen Software-Tests MUSS die ordnungsgemäße und vollständige Funktion der Software überprüft werden. Die funktionalen Software-Tests MÜSSEN so durchgeführt werden, dass sie den Produktivbetrieb nicht beeinflussen."",
""OPS.1.1.6.A3 Auswertung der Testergebnisse (B) [Testende]
Die Ergebnisse der Software-Tests MÜSSEN ausgewertet werden. Es SOLLTE ein Soll-Ist-Vergleich mit definierten Vorgaben durchgeführt werden. Die Auswertung MUSS dokumentiert werden."",
""OPS.1.1.6.A4 Freigabe der Software (B) [Fachverantwortliche]
Die fachlich zuständige Organisationseinheit MUSS die Software freigeben, sobald die Software-Tests erfolgreich durchgeführt wurden. Die Freigabe MUSS in Form einer Freigabeerklärung dokumentiert werden.
Die freigebende Organisationseinheit MUSS überprüfen, ob die Software gemäß den Anforderungen getestet wurde. Die Ergebnisse der Software-Tests MÜSSEN mit den vorher festgelegten Erwartungen übereinstimmen. Auch MUSS überprüft werden, ob die rechtlichen und organisatorischen Vorgaben eingehalten wurden."",
""OPS.1.1.6.A5 Durchführung von Software-Tests für nicht funktionale Anforderungen (B) [Testende]
Es MÜSSEN Software-Tests durchgeführt werden, die überprüfen, ob alle wesentlichen nichtfunktionalen Anforderungen erfüllt werden. Insbesondere MÜSSEN sicherheitsspezifische Software-Tests durchgeführt werden, wenn die Anwendung sicherheitskritische Funktionen mitbringt. Die durchgeführten Testfälle, sowie die Testergebnisse, MÜSSEN dokumentiert werden."",
""OPS.1.1.6.A11 Verwendung von anonymisierten oder pseudonymisierten Testdaten (B) [Datenschutzbeauftragte, Testende]
Wenn Produktivdaten für Software-Tests verwendet werden, die schützenswerte Informationen enthalten, dann MÜSSEN diese Testdaten angemessen geschützt werden. Enthalten diese Daten personenbezogene Informationen, dann MÜSSEN diese Daten mindestens pseudonymisiert werden. Falls möglich, SOLLTEN die Testdaten mit Personenbezug vollständig anonymisiert werden. Wenn ein Personenbezug von den Testdaten abgeleitet werden könnte, MUSS der oder die Datenschutzbeauftragte und unter Umständen die Personalvertretung hinzugezogen werden."",";"- Die Rahmenbedingungen für Software‑Tests MÜSSEN vor den Tests festgelegt sein und sich an Schutzbedarf, Organisationseinheiten, technischen Möglichkeiten und Test‑Umgebungen orientieren Quelle: Planung der Software‑Tests (S.1)  
- Die zu testende Software MUSS auf Basis des Anforderungskatalogs geprüft werden; liegt ein Pflichtenheft vor, MUSS dieses zusätzlich berücksichtigt werden Quelle: Planung der Software‑Tests (S.2)  
- Testfälle MÜSSEN so ausgewählt werden, dass sie möglichst repräsentativ **alle** Funktionen der Software überprüfen; zusätzlich SOLLTEN Negativ‑Tests einbezogen werden, um ungewollte Funktionen auszuschließen Quelle: Planung der Software‑Tests (S.3)  
- Die Testumgebung MUSS so gewählt werden, dass sie sämtliche in der Institution eingesetzten Gerätemodelle und Betriebssysteme abdeckt; es SOLLTE geprüft werden, ob die Software mit den jeweiligen Konfigurationen kompatibel und funktionsfähig ist Quelle: Planung der Software‑Tests (S.4)  
- Vor dem Freigabe‑Prozess MÜSSEN entwicklungsbegleitende Tests und eine Quellcode‑Sichtung durchgeführt werden; Fachverantwortliche SOLLTEN beteiligt werden Quelle: Durchführung von entwicklungsbegleitenden Software‑Tests (S.5)  
- Diese Tests MÜSSEN funktionale **und** nicht‑funktionale Anforderungen sowie Negativ‑Tests und kritische Grenzwerte abdecken Quelle: Durchführung von entwicklungsbegleitenden Software‑Tests (S.6)  
- Testdaten SOLLTEN sorgfältig ausgewählt und geschützt werden; eine automatische statische Code‑Analyse SOLLTE zusätzlich erfolgen Quelle: Durchführung von entwicklungsbegleitenden Software‑Tests (S.7)  
- Die Tests MUSS in einer von der Produktionsumgebung getrennten Test‑/Entwicklungsumgebung stattfinden und die Systemvoraussetzungen der Software prüfen Quelle: Durchführung von entwicklungsbegleitenden Software‑Tests (S.8)  
- Bei der Auswahl der Testenden SOLLTEN Qualifikations‑ und Fachwissen‑Kriterien berücksichtigt werden; Testende, die den Quellcode erstellt haben, SOLLTEN NICHT ausschließlich die Überprüfung übernehmen Quelle: Personalauswahl der Software‑Testenden (S.9)  

Anschlussfragen:  
1. Welche Verfahren werden eingesetzt, um die Wirksamkeit der durchgeführten Tests zu verifizieren?  
2. Wie wird der Schutz von Testdaten technisch und organisatorisch umgesetzt?  
3. Welche konkreten Maßnahmen gewährleisten die Trennung von Test‑ und Produktionsumgebung?";"- Die Rahmenbedingungen für Software‑Tests MÜSSEN vor den Tests festgelegt sein und sich an Schutzbedarf, Organisationseinheiten, technischen Möglichkeiten und Test‑Umgebungen orientieren Quelle: Planung der Software‑Tests (S.1)  
- Die zu testende Software MUSS auf Basis des Anforderungskatalogs geprüft werden; liegt ein Pflichtenheft vor, MUSS dieses zusätzlich berücksichtigt werden Quelle: Planung der Software‑Tests (S.2)  
- Testfälle MÜSSEN so ausgewählt werden, dass sie möglichst repräsentativ **alle** Funktionen der Software überprüfen; zusätzlich SOLLTEN Negativ‑Tests einbezogen werden, um ungewollte Funktionen auszuschließen Quelle: Planung der Software‑Tests (S.3)  
- Die Testumgebung MUSS so gewählt werden, dass sie sämtliche in der Institution eingesetzten Gerätemodelle und Betriebssysteme abdeckt; es SOLLTE geprüft werden, ob die Software mit den jeweiligen Konfigurationen kompatibel und funktionsfähig ist Quelle: Planung der Software‑Tests (S.4)  
- Vor dem Freigabe‑Prozess MÜSSEN entwicklungsbegleitende Tests und eine Quellcode‑Sichtung durchgeführt werden; Fachverantwortliche SOLLTEN beteiligt werden Quelle: Durchführung von entwicklungsbegleitenden Software‑Tests (S.5)  
- Diese Tests MÜSSEN funktionale **und** nicht‑funktionale Anforderungen sowie Negativ‑Tests und kritische Grenzwerte abdecken Quelle: Durchführung von entwicklungsbegleitenden Software‑Tests (S.6)  
- Testdaten SOLLTEN sorgfältig ausgewählt und geschützt werden; eine automatische statische Code‑Analyse SOLLTE zusätzlich erfolgen Quelle: Durchführung von entwicklungsbegleitenden Software‑Tests (S.7)  
- Die Tests MUSS in einer von der Produktionsumgebung getrennten Test‑/Entwicklungsumgebung stattfinden und die Systemvoraussetzungen der Software prüfen Quelle: Durchführung von entwicklungsbegleitenden Software‑Tests (S.8)  
- Bei der Auswahl der Testenden SOLLTEN Qualifikations‑ und Fachwissen‑Kriterien berücksichtigt werden; Testende, die den Quellcode erstellt haben, SOLLTEN NICHT ausschließlich die Überprüfung übernehmen Quelle: Personalauswahl der Software‑Testenden (S.9)";"1. Welche Verfahren werden eingesetzt, um die Wirksamkeit der durchgeführten Tests zu verifizieren?  
2. Wie wird der Schutz von Testdaten technisch und organisatorisch umgesetzt?  
3. Welche konkreten Maßnahmen gewährleisten die Trennung von Test‑ und Produktionsumgebung?";3;3;0.8333333333055556;1.0;0.9629629629629629;0.40391565248638095;Welche Verfahren werden eingesetzt, um die Wirksamkeit der durchgeführten Tests zu verifizieren?;2.0;2.0;Verifizierung von Testwirksamkeit;Wie wird der Schutz von Testdaten technisch und organisatorisch umgesetzt?;2.0;2.0;Schutz von Testdaten;Welche konkreten Maßnahmen gewährleisten die Trennung von Test‑ und Produktionsumgebung?;2.0;2.0;Direkte Maßnahmen zur Trennung;2.0;2.0
Welche Basis Anforderungen gibt es im  IT-Grundschutz in Bezug auf Telearbeit ?;"Im IT-Grundschutz gibt es mehrere Basisanforderungen in Bezug auf Telearbeit. Dazu gehören die Regelungen für Telearbeit (OPS.1.2.4.A1), die sicherheitstechnischen Anforderungen an den Telearbeitsrechner (OPS.1.2.4.A2) und die Sensibilisierung und Schulung der Mitarbeitenden (OPS.1.2.4.A5). Diese Anforderungen sollen sicherstellen, dass die Telearbeit sicher und effizient durchgeführt wird. Quelle: OPS.1.2.4.A1 Regelungen für Telearbeit (B) [Vorgesetzte, Personalabteilung] (S.1), Quelle: OPS.1.2.4.A2 Sicherheitstechnische Anforderungen an den Telearbeitsrechner (B) (S.2), Quelle: OPS.1.2.4.A5 Sensibilisierung und Schulung der Mitarbeitenden (B) (S.3).

Anschlussfragen:
1. Wie MÜSSEN die Regelungen für Telearbeit in einer Institution umgesetzt werden?
2. Welche sicherheitstechnischen Anforderungen MÜSSEN an den Telearbeitsrechner gestellt werden?
3. Wie SOLLTEN die Schulungs- und Sensibilisierungsmaßnahmen für Mitarbeitende in Bezug auf Telearbeit durchgeführt werden?";Im IT-Grundschutz gibt es mehrere Basisanforderungen in Bezug auf Telearbeit. Dazu gehören die Regelungen für Telearbeit (OPS.1.2.4.A1), die sicherheitstechnischen Anforderungen an den Telearbeitsrechner (OPS.1.2.4.A2) und die Sensibilisierung und Schulung der Mitarbeitenden (OPS.1.2.4.A5). Diese Anforderungen sollen sicherstellen, dass die Telearbeit sicher und effizient durchgeführt wird. Quelle: OPS.1.2.4.A1 Regelungen für Telearbeit (B) [Vorgesetzte, Personalabteilung] (S.1), Quelle: OPS.1.2.4.A2 Sicherheitstechnische Anforderungen an den Telearbeitsrechner (B) (S.2), Quelle: OPS.1.2.4.A5 Sensibilisierung und Schulung der Mitarbeitenden (B) (S.3).;"""OPS.1.2.4.A1 Regelungen für Telearbeit (B) [Vorgesetzte, Personalabteilung]
Alle relevanten Aspekte der Telearbeit MÜSSEN geregelt werden. Zu Informationszwecken MÜSSEN den Telearbeitenden die geltenden Regelungen oder ein dafür vorgesehenes Merkblatt ausgehändigt werden, das die zu beachtenden Sicherheitsmaßnahmen erläutert. Alle strittigen Punkte MÜSSEN entweder durch Betriebsvereinbarungen oder durch zusätzlich zum Arbeitsvertrag getroffene individuelle Vereinbarungen zwischen dem Mitarbeitenden und der Institution geregelt werden. Die Regelungen MÜSSEN regelmäßig aktualisiert werden."",
""OPS.1.2.4.A2 Sicherheitstechnische Anforderungen an den Telearbeitsrechner (B)
Es MÜSSEN sicherheitstechnische Anforderungen festgelegt werden, die ein IT-System für die Telearbeit erfüllen muss.
Es MUSS sichergestellt werden, dass nur autorisierte Personen Zugang zu den Telearbeitsrechnern haben. Darüber hinaus MUSS der Telearbeitsrechner so abgesichert werden, dass er nur für autorisierte Zwecke benutzt werden kann."",
""OPS.1.2.4.A5 Sensibilisierung und Schulung der Mitarbeitenden (B)
Anhand eines Leitfadens MÜSSEN die Mitarbeitenden für die Gefahren sensibilisiert werden, die mit der Telearbeit verbunden sind. Außerdem MÜSSEN sie in die entsprechenden Sicherheitsmaßnahmen der Institution eingewiesen und im Umgang mit diesen geschult werden. Die Schulungs- und Sensibilisierungsmaßnahmen für Mitarbeitenden SOLLTEN regelmäßig wiederholt werden.""";"Im bereitgestellten Kontext nicht enthalten

Anschlussfragen:
1. Welche konkreten Baustein‑Anforderungen (mit Kennung) sind im Baustein OPS.1.2.4 Telearbeit definiert?
2. Wie werden die Basis‑Anforderungen für den häuslichen Arbeitsplatz (INF.8) konkret umgesetzt?
3. Welche weiteren Bausteine ergänzen die Sicherheitsmaßnahmen für Telearbeit, z. B. VPN‑ oder Verschlüsselungsanforderungen?";Im bereitgestellten Kontext nicht enthalten;"1. Welche konkreten Baustein‑Anforderungen (mit Kennung) sind im Baustein OPS.1.2.4 Telearbeit definiert?
2. Wie werden die Basis‑Anforderungen für den häuslichen Arbeitsplatz (INF.8) konkret umgesetzt?
3. Welche weiteren Bausteine ergänzen die Sicherheitsmaßnahmen für Telearbeit, z. B. VPN‑ oder Verschlüsselungsanforderungen?";3;3;0.99999999995;0.4;0.0;0.08743074462074603;Welche konkreten Baustein‑Anforderungen (mit Kennung) sind im Baustein OPS.1.2.4 Telearbeit definiert?;2.0;2.0;Direkte Anforderungen im Baustein;Wie werden die Basis‑Anforderungen für den häuslichen Arbeitsplatz (INF.8) konkret umgesetzt?;2.0;2.0;Direkte Umsetzung von Basisanforderungen;Welche weiteren Bausteine ergänzen die Sicherheitsmaßnahmen für Telearbeit, z. B. VPN‑ oder Verschlüsselungsanforderungen?;2.0;2.0;Direkte Ergänzung;2.0;2.0
Wie werden organisatorische und technische Maßnahmen in Bezug auf Telearbeit miteinander verzahnt?;"Die organisatorischen und technischen Maßnahmen in Bezug auf Telearbeit werden durch verschiedene Anforderungen miteinander verzahnt. So müssen beispielsweise alle relevanten Aspekte der Telearbeit geregelt werden, wie in OPS.1.2.4.A1 festgelegt, und es müssen sicherheitstechnische Anforderungen an den Telearbeitsrechner festgelegt werden, wie in OPS.1.2.4.A2 beschrieben. Darüber hinaus müssen die Mitarbeitenden für die Gefahren sensibilisiert und in die entsprechenden Sicherheitsmaßnahmen eingewiesen werden, wie in OPS.1.2.4.A5 vorgeschlagen. Quelle: OPS.1.2.4.A1 (S.1), Quelle: OPS.1.2.4.A2 (S.2), Quelle: OPS.1.2.4.A5 (S.5).

Anschlussfragen:
1. Wie werden die sicherheitstechnischen Anforderungen an den Telearbeitsrechner umgesetzt?
2. Welche Rolle spielen die Vorgesetzten und die Personalabteilung bei der Umsetzung der Telearbeit?
3. Wie werden die Datensicherungsanforderungen für die Telearbeit geregelt?";Die organisatorischen und technischen Maßnahmen in Bezug auf Telearbeit werden durch verschiedene Anforderungen miteinander verzahnt. So müssen beispielsweise alle relevanten Aspekte der Telearbeit geregelt werden, wie in OPS.1.2.4.A1 festgelegt, und es müssen sicherheitstechnische Anforderungen an den Telearbeitsrechner festgelegt werden, wie in OPS.1.2.4.A2 beschrieben. Darüber hinaus müssen die Mitarbeitenden für die Gefahren sensibilisiert und in die entsprechenden Sicherheitsmaßnahmen eingewiesen werden, wie in OPS.1.2.4.A5 vorgeschlagen. Quelle: OPS.1.2.4.A1 (S.1), Quelle: OPS.1.2.4.A2 (S.2), Quelle: OPS.1.2.4.A5 (S.5).;"OPS.1.2.4.A1 Regelungen für Telearbeit (B) [Vorgesetzte, Personalabteilung] Alle relevanten Aspekte der Telearbeit MÜSSEN geregelt werden. Zu Informationszwecken MÜSSEN den Telearbeitenden die geltenden Regelungen oder ein dafür vorgesehenes Merkblatt ausgehändigt werden, das die zu beachtenden Sicherheitsmaßnahmen erläutert. Alle strittigen Punkte MÜSSEN entweder durch Betriebsvereinbarungen oder durch zusätzlich zum Arbeitsvertrag getroffene individuelle Vereinbarungen zwischen dem Mitarbeitenden und der Institution geregelt werden. Die Regelungen MÜSSEN regelmäßig aktualisiert werden.

OPS.1.2.4.A2 Sicherheitstechnische Anforderungen an den Telearbeitsrechner (B) Es MÜSSEN sicherheitstechnische Anforderungen festgelegt werden, die ein IT-System für die Telearbeit erfüllen muss. Es MUSS sichergestellt werden, dass nur autorisierte Personen Zugang zu den Telearbeitsrechnern haben. Darüber hinaus MUSS der Telearbeitsrechner so abgesichert werden, dass er nur für autorisierte Zwecke benutzt werden kann.

OPS.1.2.4.A5 Sensibilisierung und Schulung der Mitarbeitenden (B) Anhand eines Leitfadens MÜSSEN die Mitarbeitenden für die Gefahren sensibilisiert werden, die mit der Telearbeit verbunden sind. Außerdem MÜSSEN sie in die entsprechenden Sicherheitsmaßnahmen der Institution eingewiesen und im Umgang mit diesen geschult werden. Die Schulungs- und Sensibilisierungsmaßnahmen für Mitarbeitenden SOLLTEN regelmäßig wiederholt werden.

OPS.1.2.4.A9 Betreuungs- und Wartungskonzept für Telearbeitsplätze (S) [ITBetrieb, Mitarbeitende] Für Telearbeitsplätze SOLLTE ein spezielles Betreuungs- und Wartungskonzept erstellt werden. Darin SOLLTEN folgende Aspekte geregelt werden: Kontaktperson des IT-Betriebs, Wartungstermine, Fernwartung, Transport der IT-Geräte und Einführung von Standard-Telearbeitsrechnern. Damit die Mitarbeitenden einsatzfähig bleiben, SOLLTEN für sie Kontaktpersonen für Hard- und Softwareprobleme benannt werden.";"Im Baustein OPS.1.2.4 Telearbeit (B) wird festgelegt, dass organisatorische Absprachen zwischen Mitarbeitenden und Führungskräften sowie Handlungsanweisungen für Sicherheitsvorfälle erforderlich sind Quelle: Telearbeit (S.1-3). Gleichzeitig verlangt der Baustein, dass eine sichere Telekommunikationsverbindung zwischen Telearbeitsplatz und Institution besteht, was die technische Grundvoraussetzung bildet Quelle: Telearbeit (S.4-6). Das Sicherheitskonzept für Telearbeit, das laut Vorgabe erstellt und regelmäßig aktualisiert werden muss, verbindet beide Ebenen, indem es organisatorische Ziele, Rollen und Prozesse mit den zu implementierenden technischen Kontrollen (z. B. Verschlüsselung, Zugriffskontrolle) verknüpft Quelle: Erstellen eines Sicherheitskonzeptes für Telearbeit (S.1-2). Organisatorische Maßnahmen wie Festlegung von Zuständigkeiten, Schulungen und Incident‑Handling werden in den jeweiligen Bausteinen (z. B. OPS.1.2.4, INF.8) definiert und dienen als Vorgaben für die technische Umsetzung, etwa die Konfiguration von Clients gemäß SYS.2.1 oder die Nutzung von VPN‑Lösungen aus NET.4 Telekommunikation Quelle: Sensibilisierung und Schulung der Mitarbeitenden (S.1-2). Technische Kontrollen, etwa die kontinuierliche Überwachung von Fernwartungssitzungen, unterstützen die organisatorischen Prozesse, indem sie Vorfälle automatisch melden und damit das Incident‑Handling ermöglichen Quelle: Technische Kontrolle von Fernwartungssitzungen (S.1-2). Durch die Dokumentation aller Maßnahmen im Sicherheitskonzept und die Abstimmung mit dem übergreifenden Sicherheitskonzept der Institution wird sichergestellt, dass organisatorische und technische Maßnahmen konsistent und nachverfolgbar sind Quelle: Erstellen eines Sicherheitskonzeptes für Telearbeit (S.1-2).

Anschlussfragen:
1. Welche konkreten Rollen und Zuständigkeiten sollten im Telearbeits‑Sicherheitskonzept definiert werden?
2. Wie kann die Wirksamkeit von Schulungs‑ und Sensibilisierungsmaßnahmen gemessen werden?
3. Welche technischen Kontrollen aus den Bausteinen NET.2 und NET.4 ergänzen das Sicherheitskonzept für Telearbeit?";Im Baustein OPS.1.2.4 Telearbeit (B) wird festgelegt, dass organisatorische Absprachen zwischen Mitarbeitenden und Führungskräften sowie Handlungsanweisungen für Sicherheitsvorfälle erforderlich sind Quelle: Telearbeit (S.1-3). Gleichzeitig verlangt der Baustein, dass eine sichere Telekommunikationsverbindung zwischen Telearbeitsplatz und Institution besteht, was die technische Grundvoraussetzung bildet Quelle: Telearbeit (S.4-6). Das Sicherheitskonzept für Telearbeit, das laut Vorgabe erstellt und regelmäßig aktualisiert werden muss, verbindet beide Ebenen, indem es organisatorische Ziele, Rollen und Prozesse mit den zu implementierenden technischen Kontrollen (z. B. Verschlüsselung, Zugriffskontrolle) verknüpft Quelle: Erstellen eines Sicherheitskonzeptes für Telearbeit (S.1-2). Organisatorische Maßnahmen wie Festlegung von Zuständigkeiten, Schulungen und Incident‑Handling werden in den jeweiligen Bausteinen (z. B. OPS.1.2.4, INF.8) definiert und dienen als Vorgaben für die technische Umsetzung, etwa die Konfiguration von Clients gemäß SYS.2.1 oder die Nutzung von VPN‑Lösungen aus NET.4 Telekommunikation Quelle: Sensibilisierung und Schulung der Mitarbeitenden (S.1-2). Technische Kontrollen, etwa die kontinuierliche Überwachung von Fernwartungssitzungen, unterstützen die organisatorischen Prozesse, indem sie Vorfälle automatisch melden und damit das Incident‑Handling ermöglichen Quelle: Technische Kontrolle von Fernwartungssitzungen (S.1-2). Durch die Dokumentation aller Maßnahmen im Sicherheitskonzept und die Abstimmung mit dem übergreifenden Sicherheitskonzept der Institution wird sichergestellt, dass organisatorische und technische Maßnahmen konsistent und nachverfolgbar sind Quelle: Erstellen eines Sicherheitskonzeptes für Telearbeit (S.1-2).;"1. Welche konkreten Rollen und Zuständigkeiten sollten im Telearbeits‑Sicherheitskonzept definiert werden?
2. Wie kann die Wirksamkeit von Schulungs‑ und Sensibilisierungsmaßnahmen gemessen werden?
3. Welche technischen Kontrollen aus den Bausteinen NET.2 und NET.4 ergänzen das Sicherheitskonzept für Telearbeit?";3;3;0.6458333333171874;0.7692307692307693;0.4117647058823529;0.41771493493090533;Welche konkreten Rollen und Zuständigkeiten sollten im Telearbeits‑Sicherheitskonzept definiert werden?;2.0;2.0;Direkt relevante Vertiefung;Wie kann die Wirksamkeit von Schulungs‑ und Sensibilisierungsmaßnahmen gemessen werden?;2.0;1.0;Teil der IT-Grundschutz;Welche technischen Kontrollen aus den Bausteinen NET.2 und NET.4 ergänzen das Sicherheitskonzept für Telearbeit?;2.0;2.0;Direkte Verbindung zu Telearbeit;2.0;1.667
Wie wird verhindert, dass Mitarbeitende Sicherheitsmaßnahmen im Homeoffice vernachlässigen?;"Um zu verhindern, dass Mitarbeitende Sicherheitsmaßnahmen im Homeoffice vernachlässigen, müssen alle relevanten Aspekte der Telearbeit geregelt werden, wie in OPS.1.2.4.A1 Regelungen für Telearbeit (B) [Vorgesetzte, Personalabteilung] festgelegt. Dazu gehören die Ausgabe von Regelungen oder Merkblättern, die die zu beachtenden Sicherheitsmaßnahmen erläutern, sowie regelmäßige Aktualisierungen dieser Regelungen Quelle: OPS.1.2.4.A1 (S. nicht spezifiziert). 

Darüber hinaus ist es wichtig, die Mitarbeitenden für die Gefahren sensibilisiert werden, die mit der Telearbeit verbunden sind, und sie in die entsprechenden Sicherheitsmaßnahmen der Institution einweisen und schulen, wie in OPS.1.2.4.A5 Sensibilisierung und Schulung der Mitarbeitenden (B) beschrieben Quelle: OPS.1.2.4.A5 (S. nicht spezifiziert). 

Ein regelmäßiger innerbetrieblicher Informationsaustausch zwischen den Mitarbeitenden und der Institution, wie in OPS.1.2.4.A8 Informationsfluss zwischen Mitarbeitenden und Institution (S) [Vorgesetzte, Mitarbeitende] gefordert, hilft ebenfalls, Sicherheitsanforderungen und -vorfälle zeitnah zu kommunizieren Quelle: OPS.1.2.4.A8 (S. nicht spezifiziert).

Anschlussfragen:
1. Wie können die Mitarbeitenden am besten auf die spezifischen Sicherheitsanforderungen der Telearbeit vorbereitet werden?
2. Welche Rolle spielt die regelmäßige Aktualisierung der Telearbeitsregelungen bei der Aufrechterhaltung der Sicherheit?
3. Wie kann der Informationsfluss zwischen den Mitarbeitenden und der Institution am effektivsten gestaltet werden, um Sicherheitsvorfälle zu minimieren?";"Um zu verhindern, dass Mitarbeitende Sicherheitsmaßnahmen im Homeoffice vernachlässigen, müssen alle relevanten Aspekte der Telearbeit geregelt werden, wie in OPS.1.2.4.A1 Regelungen für Telearbeit (B) [Vorgesetzte, Personalabteilung] festgelegt. Dazu gehören die Ausgabe von Regelungen oder Merkblättern, die die zu beachtenden Sicherheitsmaßnahmen erläutern, sowie regelmäßige Aktualisierungen dieser Regelungen Quelle: OPS.1.2.4.A1 (S. nicht spezifiziert). 

Darüber hinaus ist es wichtig, die Mitarbeitenden für die Gefahren sensibilisiert werden, die mit der Telearbeit verbunden sind, und sie in die entsprechenden Sicherheitsmaßnahmen der Institution einweisen und schulen, wie in OPS.1.2.4.A5 Sensibilisierung und Schulung der Mitarbeitenden (B) beschrieben Quelle: OPS.1.2.4.A5 (S. nicht spezifiziert). 

Ein regelmäßiger innerbetrieblicher Informationsaustausch zwischen den Mitarbeitenden und der Institution, wie in OPS.1.2.4.A8 Informationsfluss zwischen Mitarbeitenden und Institution (S) [Vorgesetzte, Mitarbeitende] gefordert, hilft ebenfalls, Sicherheitsanforderungen und -vorfälle zeitnah zu kommunizieren Quelle: OPS.1.2.4.A8 (S. nicht spezifiziert).";"OPS.1.2.4.A1 Regelungen für Telearbeit (B) [Vorgesetzte, Personalabteilung] Alle relevanten Aspekte der Telearbeit MÜSSEN geregelt werden. Zu Informationszwecken MÜSSEN den Telearbeitenden die geltenden Regelungen oder ein dafür vorgesehenes Merkblatt ausgehändigt werden, das die zu beachtenden Sicherheitsmaßnahmen erläutert. Alle strittigen Punkte MÜSSEN entweder durch Betriebsvereinbarungen oder durch zusätzlich zum Arbeitsvertrag getroffene individuelle Vereinbarungen zwischen dem Mitarbeitenden und der Institution geregelt werden. Die Regelungen MÜSSEN regelmäßig aktualisiert werden.

OPS.1.2.4.A5 Sensibilisierung und Schulung der Mitarbeitenden (B) Anhand eines Leitfadens MÜSSEN die Mitarbeitenden für die Gefahren sensibilisiert werden, die mit der Telearbeit verbunden sind. Außerdem MÜSSEN sie in die entsprechenden Sicherheitsmaßnahmen der Institution eingewiesen und im Umgang mit diesen geschult werden. Die Schulungs- und Sensibilisierungsmaßnahmen für Mitarbeitenden SOLLTEN regelmäßig wiederholt werden.

OPS.1.2.4.A8 Informationsfluss zwischen Mitarbeitenden und Institution (S) [Vorgesetzte, Mitarbeitende] Ein regelmäßiger innerbetrieblicher Informationsaustausch zwischen den Mitarbeitenden und der Institution SOLLTE gewährleistet sein. Alle Mitarbeitenden SOLLTEN zeitnah über geänderte Sicherheitsanforderungen und andere sicherheitsrelevante Aspekte informiert werden. Allen Kollegen und Kolleginnen der jeweiligen Mitarbeitenden SOLLTE bekannt sein, wann und wo diese erreicht werden können. Technische und organisatorische Telearbeitsregelungen zur Aufgabenbewältigung, zu Sicherheitsvorfällen und sonstigen Problemen SOLLTEN geregelt und an die Mitarbeitenden kommuniziert werden.";"Mitarbeitende MUSS mitgeteilt werden, welche Regelungen und Maßnahmen zum Einbruchs‑ und Zutrittsschutz am häuslichen Arbeitsplatz zu beachten sind, z. B. dass Fenster zu schließen und Türen abzuschließen sind, wenn der Arbeitsplatz nicht besetzt ist Quelle: Schutz vor unbefugtem Zutritt am häuslichen Arbeitsplatz (S.1-2)  
Diese Informationen MÜSSEN bei Änderungen der häuslichen Verhältnisse erneut vermittelt und die Einhaltung in sinnvollen zeitlichen Abständen überprüft werden Quelle: Schutz vor unbefugtem Zutritt am häuslichen Arbeitsplatz (S.1-2)  
Die Institution MUSS klare Verantwortlichkeiten im Sicherheitsprozess festlegen, sodass jede Person ihre Rolle kennt und persönliche Verantwortung übernehmen kann Quelle: Fehlende persönliche Verantwortung im Sicherheitsprozess (S.3)  
Die Institutionsleitung MUSS die Sicherheitsverantwortlichen uneingeschränkt unterstützen, damit diese die Durchsetzung der Maßnahmen fordern können Quelle: Mangelnde Unterstützung durch die Institutionsleitung (S.4)  
Ein umfassendes Sensibilisierungs‑ und Schulungsprogramm ist erforderlich, das den Zweck und die Bedeutung der Maßnahmen erklärt, damit Mitarbeitende nicht aus Unkenntnis nachlässig handeln Quelle: Unzureichende Sensibilisierung für Informationssicherheit (S.5)  
Regelmäßige, gut geplante Schulungen mit klaren Zielen, Erfolgskontrolle und ausreichenden Ressourcen erhöhen die Wirksamkeit und verhindern Vernachlässigungen Quelle: Unwirksame Aktivitäten zur Sensibilisierung und Schulung (S.6)  
Dokumentation von Vorfällen und Rückmeldungen aus dem Homeoffice ermöglicht das Erkennen von Schwachstellen und stärkt das Sicherheitsbewusstsein kontinuierlich Quelle: Fehlende Aktualisierung im Sicherheitsprozess (S.7)  

Anschlussfragen:  
1. Welche konkreten Kommunikationskanäle eignen sich am besten, um die Regelungen regelmäßig an Homeoffice‑Mitarbeitende zu übermitteln?  
2. Wie kann die Wirksamkeit von Sensibilisierungs‑ und Schulungsmaßnahmen im Homeoffice messbar gemacht werden?  
3. Welche Rolle spielt die technische Überwachung (z. B. Endpoint‑Monitoring) bei der Durchsetzung von Sicherheitsmaßnahmen im Homeoffice?";"Mitarbeitende MUSS mitgeteilt werden, welche Regelungen und Maßnahmen zum Einbruchs‑ und Zutrittsschutz am häuslichen Arbeitsplatz zu beachten sind, z. B. dass Fenster zu schließen und Türen abzuschließen sind, wenn der Arbeitsplatz nicht besetzt ist Quelle: Schutz vor unbefugtem Zutritt am häuslichen Arbeitsplatz (S.1-2)  
Diese Informationen MÜSSEN bei Änderungen der häuslichen Verhältnisse erneut vermittelt und die Einhaltung in sinnvollen zeitlichen Abständen überprüft werden Quelle: Schutz vor unbefugtem Zutritt am häuslichen Arbeitsplatz (S.1-2)  
Die Institution MUSS klare Verantwortlichkeiten im Sicherheitsprozess festlegen, sodass jede Person ihre Rolle kennt und persönliche Verantwortung übernehmen kann Quelle: Fehlende persönliche Verantwortung im Sicherheitsprozess (S.3)  
Die Institutionsleitung MUSS die Sicherheitsverantwortlichen uneingeschränkt unterstützen, damit diese die Durchsetzung der Maßnahmen fordern können Quelle: Mangelnde Unterstützung durch die Institutionsleitung (S.4)  
Ein umfassendes Sensibilisierungs‑ und Schulungsprogramm ist erforderlich, das den Zweck und die Bedeutung der Maßnahmen erklärt, damit Mitarbeitende nicht aus Unkenntnis nachlässig handeln Quelle: Unzureichende Sensibilisierung für Informationssicherheit (S.5)  
Regelmäßige, gut geplante Schulungen mit klaren Zielen, Erfolgskontrolle und ausreichenden Ressourcen erhöhen die Wirksamkeit und verhindern Vernachlässigungen Quelle: Unwirksame Aktivitäten zur Sensibilisierung und Schulung (S.6)  
Dokumentation von Vorfällen und Rückmeldungen aus dem Homeoffice ermöglicht das Erkennen von Schwachstellen und stärkt das Sicherheitsbewusstsein kontinuierlich Quelle: Fehlende Aktualisierung im Sicherheitsprozess (S.7)";"1. Welche konkreten Kommunikationskanäle eignen sich am besten, um die Regelungen regelmäßig an Homeoffice‑Mitarbeitende zu übermitteln?  
2. Wie kann die Wirksamkeit von Sensibilisierungs‑ und Schulungsmaßnahmen im Homeoffice messbar gemacht werden?  
3. Welche Rolle spielt die technische Überwachung (z. B. Endpoint‑Monitoring) bei der Durchsetzung von Sicherheitsmaßnahmen im Homeoffice?";3;3;0.7861904761747525;1.0;0.3333333333333333;0.2915574858474317;Welche konkreten Kommunikationskanäle eignen sich am besten, um die Regelungen regelmäßig an Homeoffice‑Mitarbeitende zu übermitteln?;2.0;2.0;Kommunikationskanäle für Homeoffice;Wie kann die Wirksamkeit von Sensibilisierungs‑ und Schulungsmaßnahmen im Homeoffice messbar gemacht werden?;2.0;2.0;Direkte Relevanz zu Sensibilisierung;Welche Rolle spielt die technische Überwachung (z. B. Endpoint‑Monitoring) bei der Durchsetzung von Sicherheitsmaßnahmen im Homeoffice?;1.0;2.0;Teilweise abgedeckt durch IT-Grundschutz;1.667;2.0
Welche Maßnahmen adressieren gleichzeitig organisatorische und menschliche Risiken der Telearbeit?;"Die Maßnahmen, die gleichzeitig organisatorische und menschliche Risiken der Telearbeit adressieren, umfassen Regelungen für Telearbeit, Sensibilisierung und Schulung der Mitarbeitenden sowie die Regelung des Informationsflusses zwischen Mitarbeitenden und Institution. 

Die Regelungen für Telearbeit (OPS.1.2.4.A1) MÜSSEN alle relevanten Aspekte der Telearbeit regeln und den Telearbeitenden die geltenden Regelungen oder ein dafür vorgesehenes Merkblatt aushändigen Quelle: OPS.1.2.4.A1 (S. nicht spezifiziert). 

Die Sensibilisierung und Schulung der Mitarbeitenden (OPS.1.2.4.A5) MÜSSEN die Mitarbeitenden für die Gefahren sensibilisieren, die mit der Telearbeit verbunden sind, und sie in die entsprechenden Sicherheitsmaßnahmen der Institution einweisen Quelle: OPS.1.2.4.A5 (S. nicht spezifiziert). 

Der Informationsfluss zwischen Mitarbeitenden und Institution (OPS.1.2.4.A8) SOLLTE gewährleisten, dass alle Mitarbeitenden zeitnah über geänderte Sicherheitsanforderungen und andere sicherheitsrelevante Aspekte informiert werden Quelle: OPS.1.2.4.A8 (S. nicht spezifiziert).

Anschlussfragen:
1. Wie können die Regelungen für Telearbeit am effektivsten umgesetzt werden, um organisatorische Risiken zu minimieren?
2. Welche Rolle spielt die Sensibilisierung und Schulung der Mitarbeitenden bei der Reduzierung menschlicher Risiken in der Telearbeit?
3. Wie kann der Informationsfluss zwischen Mitarbeitenden und Institution optimiert werden, um sicherzustellen, dass alle Beteiligten über aktuelle Sicherheitsanforderungen informiert sind?";"Die Maßnahmen, die gleichzeitig organisatorische und menschliche Risiken der Telearbeit adressieren, umfassen Regelungen für Telearbeit, Sensibilisierung und Schulung der Mitarbeitenden sowie die Regelung des Informationsflusses zwischen Mitarbeitenden und Institution. 

Die Regelungen für Telearbeit (OPS.1.2.4.A1) MÜSSEN alle relevanten Aspekte der Telearbeit regeln und den Telearbeitenden die geltenden Regelungen oder ein dafür vorgesehenes Merkblatt aushändigen Quelle: OPS.1.2.4.A1 (S. nicht spezifiziert). 

Die Sensibilisierung und Schulung der Mitarbeitenden (OPS.1.2.4.A5) MÜSSEN die Mitarbeitenden für die Gefahren sensibilisieren, die mit der Telearbeit verbunden sind, und sie in die entsprechenden Sicherheitsmaßnahmen der Institution einweisen Quelle: OPS.1.2.4.A5 (S. nicht spezifiziert). 

Der Informationsfluss zwischen Mitarbeitenden und Institution (OPS.1.2.4.A8) SOLLTE gewährleisten, dass alle Mitarbeitenden zeitnah über geänderte Sicherheitsanforderungen und andere sicherheitsrelevante Aspekte informiert werden Quelle: OPS.1.2.4.A8 (S. nicht spezifiziert).";"OPS.1.2.4.A1 Regelungen für Telearbeit (B) [Vorgesetzte, Personalabteilung] Alle relevanten Aspekte der Telearbeit MÜSSEN geregelt werden. Zu Informationszwecken MÜSSEN den Telearbeitenden die geltenden Regelungen oder ein dafür vorgesehenes Merkblatt ausgehändigt werden, das die zu beachtenden Sicherheitsmaßnahmen erläutert. Alle strittigen Punkte MÜSSEN entweder durch Betriebsvereinbarungen oder durch zusätzlich zum Arbeitsvertrag getroffene individuelle Vereinbarungen zwischen dem Mitarbeitenden und der Institution geregelt werden. Die Regelungen MÜSSEN regelmäßig aktualisiert werden.

OPS.1.2.4.A5 Sensibilisierung und Schulung der Mitarbeitenden (B) Anhand eines Leitfadens MÜSSEN die Mitarbeitenden für die Gefahren sensibilisiert werden, die mit der Telearbeit verbunden sind. Außerdem MÜSSEN sie in die entsprechenden Sicherheitsmaßnahmen der Institution eingewiesen und im Umgang mit diesen geschult werden. Die Schulungs- und Sensibilisierungsmaßnahmen für Mitarbeitenden SOLLTEN regelmäßig wiederholt werden.

OPS.1.2.4.A7 Regelung der Nutzung von Kommunikationsmöglichkeiten bei Telearbeit (S) [IT-Betrieb, Mitarbeitende] Es SOLLTE klar geregelt werden, welche Kommunikationsmöglichkeiten bei der Telearbeit unter welchen Rahmenbedingungen genutzt werden dürfen. Die dienstliche und private Nutzung von Internetdiensten bei der Telearbeit SOLLTE geregelt werden. Dabei SOLLTE auch geklärt werden, ob eine private Nutzung generell erlaubt oder unterbunden wird.

OPS.1.2.4.A8 Informationsfluss zwischen Mitarbeitenden und Institution (S) [Vorgesetzte, Mitarbeitende] Ein regelmäßiger innerbetrieblicher Informationsaustausch zwischen den Mitarbeitenden und der Institution SOLLTE gewährleistet sein. Alle Mitarbeitenden SOLLTEN zeitnah über geänderte Sicherheitsanforderungen und andere sicherheitsrelevante Aspekte informiert werden. Allen Kollegen und Kolleginnen der jeweiligen Mitarbeitenden SOLLTE bekannt sein, wann und wo diese erreicht werden können. Technische und organisatorische Telearbeitsregelungen zur Aufgabenbewältigung, zu Sicherheitsvorfällen und sonstigen Problemen SOLLTEN geregelt und an die Mitarbeitenden kommuniziert werden.";"- **Sensibilisierung und Schulung der Mitarbeitenden** – Anhand eines Leitfadens MÜSSEN die Mitarbeitenden für die Gefahren der Telearbeit sensibilisiert und in die Sicherheitsmaßnahmen eingewiesen werden; die Schulungs‑ und Sensibilisierungsmaßnahmen SOLLTEN regelmäßig wiederholt werden. Damit wird einerseits ein organisatorischer Rahmen (Leitfaden, Vorgaben) geschaffen und andererseits das menschliche Verhalten (Bewusstsein, Handlungsfähigkeit) gestärkt. Quelle: Sensibilisierung und Schulung der Mitarbeitenden (S.1)

- **Ergänzende organisatorische Absprachen und Handlungsanweisungen** – Die Nutzung eines Telearbeitsplatzes erfordert klare Absprachen zwischen Mitarbeitenden und Führungskräften sowie Handlungsanweisungen für sicherheitsrelevante Vorfälle. Diese Regelungen strukturieren das Arbeiten zu Hause (organisatorisch) und verhindern Fehlverhalten oder Nachlässigkeit der Mitarbeitenden (menschlich). Quelle: Telearbeit – Fehlende oder unzureichende Regelungen für den Telearbeitsplatz (S.2)

- **Festlegung von Zuständigkeiten, Aufgabenverteilung und Funktionstrennung** – Im Sicherheitskonzept für Telearbeit SOLLTE die Organisation (Zuständigkeiten, Aufgaben, Vertretungsregelungen) definiert werden; dadurch erhalten Mitarbeitende klare Vorgaben, was sie zu tun haben, und werden gleichzeitig vor unberechtigten Handlungen geschützt. Quelle: Auszug aus den allgemeinen Sicherheitszielen und -anforderungen (S.3)

Anschlussfragen:
1. Welche konkreten Inhalte sollte ein Leitfaden für die Telearbeit enthalten?
2. Wie können Handlungsanweisungen für Sicherheitsvorfälle praktisch umgesetzt werden?
3. Welche Methoden eignen sich, um die Wirksamkeit von Schulungsmaßnahmen zu überprüfen?";"- **Sensibilisierung und Schulung der Mitarbeitenden** – Anhand eines Leitfadens MÜSSEN die Mitarbeitenden für die Gefahren der Telearbeit sensibilisiert und in die Sicherheitsmaßnahmen eingewiesen werden; die Schulungs‑ und Sensibilisierungsmaßnahmen SOLLTEN regelmäßig wiederholt werden. Damit wird einerseits ein organisatorischer Rahmen (Leitfaden, Vorgaben) geschaffen und andererseits das menschliche Verhalten (Bewusstsein, Handlungsfähigkeit) gestärkt. Quelle: Sensibilisierung und Schulung der Mitarbeitenden (S.1)

- **Ergänzende organisatorische Absprachen und Handlungsanweisungen** – Die Nutzung eines Telearbeitsplatzes erfordert klare Absprachen zwischen Mitarbeitenden und Führungskräften sowie Handlungsanweisungen für sicherheitsrelevante Vorfälle. Diese Regelungen strukturieren das Arbeiten zu Hause (organisatorisch) und verhindern Fehlverhalten oder Nachlässigkeit der Mitarbeitenden (menschlich). Quelle: Telearbeit – Fehlende oder unzureichende Regelungen für den Telearbeitsplatz (S.2)

- **Festlegung von Zuständigkeiten, Aufgabenverteilung und Funktionstrennung** – Im Sicherheitskonzept für Telearbeit SOLLTE die Organisation (Zuständigkeiten, Aufgaben, Vertretungsregelungen) definiert werden; dadurch erhalten Mitarbeitende klare Vorgaben, was sie zu tun haben, und werden gleichzeitig vor unberechtigten Handlungen geschützt. Quelle: Auszug aus den allgemeinen Sicherheitszielen und -anforderungen (S.3)";"1. Welche konkreten Inhalte sollte ein Leitfaden für die Telearbeit enthalten?
2. Wie können Handlungsanweisungen für Sicherheitsvorfälle praktisch umgesetzt werden?
3. Welche Methoden eignen sich, um die Wirksamkeit von Schulungsmaßnahmen zu überprüfen?";3;3;0.49999999998333333;0.9285714285714286;0.45454545454545453;0.9297534469616826;Welche konkreten Inhalte sollte ein Leitfaden für die Telearbeit enthalten?;2.0;2.0;Leitfaden für Telearbeit;Wie können Handlungsanweisungen für Sicherheitsvorfälle praktisch umgesetzt werden?;2.0;1.0;Umsetzung von Handlungsanweisungen;Welche Methoden eignen sich, um die Wirksamkeit von Schulungsmaßnahmen zu überprüfen?;1.0;1.0;Teilweise abgedeckt, thematisch verwandt;1.667;1.333
Welche typischen Gefährdungen bestehen bei Fernwartung?;"Typische Gefährdungen bei Fernwartung umfassen unzureichende Kenntnisse über Regelungen der Fernwartung, fehlende oder unzureichende Planung und Regelung der Fernwartung, ungeeignete Nutzung von Authentisierung, fehlerhafte Fernwartung, Verwendung unsicherer Protokolle, fehlende Regelungen zur Fremdnutzung von Fernwartungszugängen, Nutzung von Online-Diensten für die Fernwartung und unbekannte Fernwartungskomponenten Quelle: 2.1-2.8. 

Anschlussfragen:
1. Wie können unzureichende Kenntnisse über Regelungen der Fernwartung minimiert werden?
2. Welche Rolle spielt die Verwendung unsicherer Protokolle in der Fernwartung bei der Sicherheit von IT-Systemen?
3. Wie können unbekannte Fernwartungskomponenten in IT-Systemen identifiziert und gesichert werden?";Typische Gefährdungen bei Fernwartung umfassen unzureichende Kenntnisse über Regelungen der Fernwartung, fehlende oder unzureichende Planung und Regelung der Fernwartung, ungeeignete Nutzung von Authentisierung, fehlerhafte Fernwartung, Verwendung unsicherer Protokolle, fehlende Regelungen zur Fremdnutzung von Fernwartungszugängen, Nutzung von Online-Diensten für die Fernwartung und unbekannte Fernwartungskomponenten Quelle: 2.1-2.8.;"2.1. Unzureichende Kenntnisse über Regelungen der Fernwartung

Administrierende, die Fernwartung einrichten und nutzen, sind auf Regelungen angewiesen, die festlegen, wie Fernwartung verwendet werden soll. Beispielsweise ist es notwendig festzulegen, wie Anwendungen zur Fernwartung konfiguriert werden sollen. Ansonsten können mit der Fernwartung zusätzliche Risiken für das interne Netz entstehen. Werden den Beteiligten die Regelungen zur Fernwartung nicht mitgeteilt, ergeben sich Gefahren für den IT-Betrieb. Beispielsweise könnte eine Fernwartungsschnittstelle eingerichtet und dabei ein Authentisierungsverfahren mit unsicherem Passwort erlaubt werden, anstelle eines sicheren, zertifikatbasierten Verfahrens.

2.2. Fehlende oder unzureichende Planung und Regelung der Fernwartung Wird die Fernwartung nicht sorgfältig geplant, aufgebaut und geregelt, kann die Sicherheit aller IT-Systeme einer Institution beeinträchtigt werden. Werden beispielsweise unsichere Kommunikationsprotokolle, Verschlüsselungsalgorithmen oder Authentisierungsmechanismen eingesetzt, können Sicherheitslücken entstehen. Über unzureichend gesicherte Fernwartungsschnittstellen kann auch ein gekoppeltes Netz eines Dritten kompromittiert werden.

2.3. Ungeeignete Nutzung von Authentisierung bei der Fernwartung Bei der Fernwartung können unterschiedliche Authentisierungsmechanismen verwendet werden. Wird ein unsicheres Authentisierungsverfahren genutzt, können unberechtigte Dritte administrative Berechtigungen auf Fernwartungssystemen oder für Fernwartungswerkzeuge erlangen. Dadurch können sie auf die IT-Systeme einer Institution zugreifen und weitreichende Schäden verursachen. Ein Beispiel hierfür ist ein Anmeldeverfahren, das nur ein kurzes Passwort verwendet. Bei einem Angriff kann dieses Passwort in kurzer Zeit erraten und sich so Zugriff auf IT-Systeme der Institution verschafft werden.

2.4. Fehlerhafte Fernwartung Damit die Sicherheit und Funktionsfähigkeit von IT-Systemen und Anwendungen, auf die nur aus der Ferne zugegriffen werden kann, gewährleistet wird, ist eine professionelle und regelmäßige Fernwartung erforderlich. Werden solche IT-Systeme und Anwendungen nicht ordnungsgemäß per Fernwartung konfiguriert und gewartet, können sie im schlimmsten Fall nicht mehr genutzt werden. Laufen die Fernwartungsprozesse nicht korrekt ab, kann dies zu Fehlfunktionen einzelner Betriebssystemkomponenten führen. Außerdem können durch verspätete oder fehlerhafte ITSystemwartungen Sicherheitslücken entstehen.

2.5. Verwendung unsicherer Protokolle in der Fernwartung Die Kommunikation über öffentliche und interne Netze mittels unsicherer Protokolle stellt eine potenzielle Gefahr dar. Werden z. B. veraltete Versionen von IPSec, SSH oder SSL/TLS eingesetzt, um einen Tunnel zwischen zwei Netzen oder Endpunkten herzustellen, kann nicht gewährleistet werden, dass dieser Tunnel ausreichend sicher ist und die darin übertragenen Informationen angemessen geschützt sind. Bei einem Angriff können Schwachstellen dieser Protokolle ausgenutzt werden, um in geschützte Verbindungen eigene Inhalte einzuschleusen. Generell als unsicher gelten Protokolle, bei denen Informationen im Klartext übertragen werden.

2.6. Fehlende Regelungen zur Fremdnutzung der Fernwartungszugänge Werden IT-Systeme von Dritten ferngewartet, ohne dass es dafür eine vertragliche Grundlage gibt, sind die Zuständigkeiten für die Fernwartung möglicherweise nicht klar geregelt. Dadurch können z. B. Rollentrennungen umgangen werden oder offene Fernwartungszugänge werden nicht dokumentiert.

2.7. Nutzung von Online-Diensten für die Fernwartung Neben einer Fernwartung, bei der eine direkte Datenverbindung zu der betreffenden Institution aufgebaut wird, können auch Online-Dienste genutzt werden. Hierbei verbinden sich die zu administrierenden IT-Systeme mit den Servern von Online-Diensten und die Administrierenden können z. B. über einen Webbrowser auf die zu administrierenden IT-Systeme zugreifen. Falls die Kommunikation nicht Ende-zu-Ende verschlüsselt wird, könnten die Online-Dienste den Datenaustausch mitlesen. Zusätzlich könnten auch die IT-Systeme durch unberechtigte Personen administriert werden, indem die Datenverbindung verändert wird. Bauen die IT-Systeme automatisch beim Systemstart eine Datenverbindung zum Online-Dienst auf, könnte direkt auf das IT-System zugegriffen werden, ohne dass dies den Benutzenden des IT-Systems oder den zuständigen Administrierenden bekannt ist.

2.8. Unbekannte Fernwartungskomponenten Viele IT-Systeme enthalten Komponenten, die integrierte Funktionen zur Fernwartung bieten. Oft sind diese Funktionen aber schlecht dokumentiert und werden bei der Beschaffung sowie beim Betrieb von IT-Systemen nicht berücksichtigt. Integrierte Fernwartungskomponenten haben weitreichenden Zugriff auf die IT-Systeme, in denen sie verbaut sind. Dieser Zugriff wirkt dabei oft direkt auf andere Komponenten des IT-Systems und kann so die Sicherheitsmechanismen des Betriebssystems umgehen. Zusätzlich können integrierte Fernwartungsfunktionen Schwachstellen enthalten, die einen unberechtigten Zugriff auf das IT-System vereinfachen.";"Typische Gefährdungen bei Fernwartung im industriellen Umfeld sind:

- Unbekannte, offene OT‑Fernwartungszugänge, die nicht dokumentiert sind, ermöglichen unautorisierte Zugriffe und können physische Abläufe einer Anlage direkt beeinflussen, bis hin zu Gefahren für Leib und Leben Quelle: Unvollständig dokumentierte Fernwartungszugänge in der OT (S.1)  
- Abhängigkeiten von Büro‑ und Gebäude‑IT können bei Ausfällen kritische Echtzeit‑Datenströme unterbrechen und Sicherheitslücken verbreiten, sodass Vorfälle schnell die gesamte OT betreffen Quelle: Unzureichende Verfügbarkeit durch Abhängigkeiten von der Büro- und Gebäude-IT (S.2)  
- Fehlende vertragliche und organisatorische Regelungen für OT‑Fernwartungszugänge führen zu unkontrolliertem Benutzendenkreis, Weitergabe von Zugangsdaten und erschwerter forensischer Analyse Quelle: Unzureichende Regelungen für die Nutzung von OT-Fernwartungszugängen (S.3)  
- Unzureichende menschliche Kontrolle über Fernwartungssitzungen lässt Konfigurationsfehler, Manipulationen oder Schadsoftware unbemerkt bleiben, was zu Produktionsstillstand, finanziellen Schäden und Gefährdung von Personal führen kann Quelle: Unzureichende menschliche Kontrolle über OT-Fernwartungssitzungen (S.4)  
- Direkte IP‑basierte Zugriffe aus unsicheren Zonen (z. B. über VPN) ermöglichen das Einschleusen von Schadprogrammen und gezielte Angriffe auf kritische Komponenten Quelle: Direkte IP-basierte Zugriffsmöglichkeiten auf ICS aus unsicheren Zonen (S.5)  
- Alternative, schnell eingerichtete Fernwartungszugänge (z. B. Mobilfunk) ohne ausreichende Sicherheitsmaßnahmen erleichtern Angreifenden den Einstieg in das OT‑Netz Quelle: Unsichere alternative OT‑Fernwartungszugänge für Störungen (S.6)  
- Veraltete oder proprietäre Fernwartungslösungen mit langen Lebenszyklen enthalten häufig nicht mehr gepatchte Schwachstellen, die unautorisierten Zugriff ermöglichen Quelle: Veraltete technische Konzeption von OT‑Fernwartungszugängen (S.7)  
- Einsatz unsicherer Authentisierungs‑ und Verschlüsselungsmechanismen (z. B. kurze Passwörter, veraltete Protokolle) erhöht das Risiko von Passwort‑Erraten und Datenabfangung Quelle: Ungeeignete Nutzung von Authentisierung bei der Fernwartung (S.8); Verwendung unsicherer Protokolle in der Fernwartung (S.9)  

Anschlussfragen:
1. Welche konkreten Maßnahmen empfiehlt IND.3.2 zur Dokumentation und Kontrolle von OT‑Fernwartungszugängen?
2. Wie können Verschlüsselungs‑ und Authentifizierungsanforderungen für Fernwartung technisch umgesetzt werden?
3. Welche Rolle spielt das Vier‑Augen‑Prinzip bei der Beobachtung von Fernwartungssitzungen?";"Typische Gefährdungen bei Fernwartung im industriellen Umfeld sind:

- Unbekannte, offene OT‑Fernwartungszugänge, die nicht dokumentiert sind, ermöglichen unautorisierte Zugriffe und können physische Abläufe einer Anlage direkt beeinflussen, bis hin zu Gefahren für Leib und Leben Quelle: Unvollständig dokumentierte Fernwartungszugänge in der OT (S.1)  
- Abhängigkeiten von Büro‑ und Gebäude‑IT können bei Ausfällen kritische Echtzeit‑Datenströme unterbrechen und Sicherheitslücken verbreiten, sodass Vorfälle schnell die gesamte OT betreffen Quelle: Unzureichende Verfügbarkeit durch Abhängigkeiten von der Büro- und Gebäude-IT (S.2)  
- Fehlende vertragliche und organisatorische Regelungen für OT‑Fernwartungszugänge führen zu unkontrolliertem Benutzendenkreis, Weitergabe von Zugangsdaten und erschwerter forensischer Analyse Quelle: Unzureichende Regelungen für die Nutzung von OT-Fernwartungszugängen (S.3)  
- Unzureichende menschliche Kontrolle über Fernwartungssitzungen lässt Konfigurationsfehler, Manipulationen oder Schadsoftware unbemerkt bleiben, was zu Produktionsstillstand, finanziellen Schäden und Gefährdung von Personal führen kann Quelle: Unzureichende menschliche Kontrolle über OT-Fernwartungssitzungen (S.4)  
- Direkte IP‑basierte Zugriffe aus unsicheren Zonen (z. B. über VPN) ermöglichen das Einschleusen von Schadprogrammen und gezielte Angriffe auf kritische Komponenten Quelle: Direkte IP-basierte Zugriffsmöglichkeiten auf ICS aus unsicheren Zonen (S.5)  
- Alternative, schnell eingerichtete Fernwartungszugänge (z. B. Mobilfunk) ohne ausreichende Sicherheitsmaßnahmen erleichtern Angreifenden den Einstieg in das OT‑Netz Quelle: Unsichere alternative OT‑Fernwartungszugänge für Störungen (S.6)  
- Veraltete oder proprietäre Fernwartungslösungen mit langen Lebenszyklen enthalten häufig nicht mehr gepatchte Schwachstellen, die unautorisierten Zugriff ermöglichen Quelle: Veraltete technische Konzeption von OT‑Fernwartungszugängen (S.7)  
- Einsatz unsicherer Authentisierungs‑ und Verschlüsselungsmechanismen (z. B. kurze Passwörter, veraltete Protokolle) erhöht das Risiko von Passwort‑Erraten und Datenabfangung Quelle: Ungeeignete Nutzung von Authentisierung bei der Fernwartung (S.8); Verwendung unsicherer Protokolle in der Fernwartung (S.9)";"1. Welche konkreten Maßnahmen empfiehlt IND.3.2 zur Dokumentation und Kontrolle von OT‑Fernwartungszugängen?
2. Wie können Verschlüsselungs‑ und Authentifizierungsanforderungen für Fernwartung technisch umgesetzt werden?
3. Welche Rolle spielt das Vier‑Augen‑Prinzip bei der Beobachtung von Fernwartungssitzungen?";3;3;0.8333333333055556;1.0;1.0;0.3812079650855601;Welche konkreten Maßnahmen empfiehlt IND.3.2 zur Dokumentation und Kontrolle von OT‑Fernwartungszugängen?;2.0;2.0;IND.3.2 direkt erwähnt;Wie können Verschlüsselungs‑ und Authentifizierungsanforderungen für Fernwartung technisch umgesetzt werden?;2.0;2.0;Direkte Umsetzung von Verschlüsselung und Authentifizierung;Welche Rolle spielt das Vier‑Augen‑Prinzip bei der Beobachtung von Fernwartungssitzungen?;2.0;2.0;Vier-Augen-Prinzip bei Fernwartung;2.0;2.0
Wie werden integrierte Fernwartungsfunktionen in IT-Systemen abgesichert?;"Integrierte Fernwartungsfunktionen in IT-Systemen sollten abgesichert werden, indem bei der Beschaffung neuer IT-Systeme geprüft wird, ob diese über Funktionen zur Fernwartung verfügen. Wenn diese Funktionen nicht verwendet werden, sollten sie deaktiviert werden. Außerdem sollten Fernwartungsfunktionen, die in die Firmware einzelner Komponenten integriert sind, deaktiviert oder eingeschränkt werden, wenn sie durch bekannte Sicherheitslücken gefährdet sind. Die Fernwartungsfunktionen sollten nur aus einem getrennten Managementnetz erreichbar sein. Quelle: OPS.1.2.5.A24 (S).

Darüber hinaus sollten direkte Fernwartungszugriffe von außerhalb der Managementnetze auf ein IT-System vermieden werden. Wenn ein solcher Zugriff notwendig ist, sollte die Kommunikation entkoppelt werden, indem Sprungserver verwendet werden. Der Zugriff auf Sprungserver sollte nur von vertrauenswürdigen IT-Systemen aus möglich sein. Quelle: OPS.1.2.5.A25 (S).

Anschlussfragen:
1. Wie können die Kommunikationsverbindungen und Authentisierungsmechanismen bei der Fernwartung abgesichert werden?
2. Welche Rolle spielen Firewalls bei der Absicherung der Fernwartung, und wo finden sich die entsprechenden Anforderungen?
3. Wie sollten cloudbasierte Fernwartungsprodukte abgesichert werden, und welche allgemeinen Anforderungen müssen erfüllt werden?";"Integrierte Fernwartungsfunktionen in IT-Systemen sollten abgesichert werden, indem bei der Beschaffung neuer IT-Systeme geprüft wird, ob diese über Funktionen zur Fernwartung verfügen. Wenn diese Funktionen nicht verwendet werden, sollten sie deaktiviert werden. Außerdem sollten Fernwartungsfunktionen, die in die Firmware einzelner Komponenten integriert sind, deaktiviert oder eingeschränkt werden, wenn sie durch bekannte Sicherheitslücken gefährdet sind. Die Fernwartungsfunktionen sollten nur aus einem getrennten Managementnetz erreichbar sein. Quelle: OPS.1.2.5.A24 (S).

Darüber hinaus sollten direkte Fernwartungszugriffe von außerhalb der Managementnetze auf ein IT-System vermieden werden. Wenn ein solcher Zugriff notwendig ist, sollte die Kommunikation entkoppelt werden, indem Sprungserver verwendet werden. Der Zugriff auf Sprungserver sollte nur von vertrauenswürdigen IT-Systemen aus möglich sein. Quelle: OPS.1.2.5.A25 (S).";"OPS.1.2.5.A24 Absicherung integrierter Fernwartungssysteme (S) Bei der Beschaffung von neuen IT-Systemen SOLLTE geprüft werden, ob diese IT-Systeme oder einzelne Komponenten der IT-Systeme über Funktionen zur Fernwartung verfügen. Werden diese Funktionen nicht verwendet, SOLLTEN sie deaktiviert werden. Die Funktionen SOLLTEN ebenfalls deaktiviert werden, wenn sie durch bekannte Sicherheitslücken gefährdet sind. Werden Fernwartungsfunktionen verwendet, die in die Firmware einzelner Komponenten integriert sind, SOLLTEN deren Funktionen und der Zugriff darauf so weit wie möglich eingeschränkt werden. Die Fernwartungsfunktionen SOLLTEN nur aus einem getrennten Managementnetz erreichbar sein.

OPS.1.2.5.A25 Entkopplung der Kommunikation bei der Fernwartung (S) Direkte Fernwartungszugriffe von einem Fernwartungs-Client außerhalb der Managementnetze auf ein IT-System SOLLTEN vermieden werden. Ist ein solcher Zugriff notwendig, SOLLTE die Kommunikation entkoppelt werden. Dazu SOLLTEN Sprungserver verwendet werden. Der Zugriff auf Sprungserver SOLLTE nur von vertrauenswürdigen IT-Systemen aus möglich sein.";"Bei der Beschaffung neuer IT‑Systeme muss geprüft werden, ob integrierte Fernwartungsfunktionen vorhanden sind und nicht genutzte Funktionen deaktiviert werden Quelle: Absicherung integrierter Fernwartungssysteme (S.1-2).  
Sind solche Funktionen durch bekannte Schwachstellen gefährdet, sind sie ebenfalls zu deaktivieren Quelle: Absicherung integrierter Fernwartungssysteme (S.3).  
Werden integrierte Fernwartungsfunktionen verwendet, ist ihr Funktionsumfang und der Zugriff so weit wie möglich zu beschränken und ausschließlich aus einem getrennten Management‑Netz erreichbar zu machen Quelle: Absicherung integrierter Fernwartungssysteme (S.4-5).  
Der Zugriff muss über zentrale Authentisierungs‑Komponenten laufen, die eine eindeutige Zugriffs‑Zulassung sicherstellen Quelle: Fernwartung (S.12-13).  
Die Fernwartungsverbindung ist verschlüsselt zu übertragen; hierfür sind zugelassene IT‑Sicherheitsprodukte zu verwenden Quelle: Fernwartung von VS‑IT nach § 3 Abs. 3 VSA (S.30-31).  
In industriellen Umgebungen muss die OT jeden Fernwartungszugriff selbst steuern und mindestens eine eigene Sicherheitskomponente zur Absicherung einsetzen Quelle: Absicherung jedes Fernwartungszugriffs auf die OT (S.20-21).  
Zusätzlich ist die technische Entkopplung über ein Sprung‑Server bzw. Application‑Layer‑Gateway in einer demilitarisierten Zone zu realisieren Quelle: Technische Entkopplung von Zugriffen (S.45-46).  

Anschlussfragen:  
1. Welche konkreten Authentisierungsverfahren werden für die Fernwartung empfohlen?  
2. Wie lässt sich die zentrale Verwaltung von Fernwartungszugängen praktisch umsetzen?  
3. Welche Maßnahmen sind für die Dokumentation und Überwachung von Fernwartungsaktivitäten erforderlich?";"Bei der Beschaffung neuer IT‑Systeme muss geprüft werden, ob integrierte Fernwartungsfunktionen vorhanden sind und nicht genutzte Funktionen deaktiviert werden Quelle: Absicherung integrierter Fernwartungssysteme (S.1-2).  
Sind solche Funktionen durch bekannte Schwachstellen gefährdet, sind sie ebenfalls zu deaktivieren Quelle: Absicherung integrierter Fernwartungssysteme (S.3).  
Werden integrierte Fernwartungsfunktionen verwendet, ist ihr Funktionsumfang und der Zugriff so weit wie möglich zu beschränken und ausschließlich aus einem getrennten Management‑Netz erreichbar zu machen Quelle: Absicherung integrierter Fernwartungssysteme (S.4-5).  
Der Zugriff muss über zentrale Authentisierungs‑Komponenten laufen, die eine eindeutige Zugriffs‑Zulassung sicherstellen Quelle: Fernwartung (S.12-13).  
Die Fernwartungsverbindung ist verschlüsselt zu übertragen; hierfür sind zugelassene IT‑Sicherheitsprodukte zu verwenden Quelle: Fernwartung von VS‑IT nach § 3 Abs. 3 VSA (S.30-31).  
In industriellen Umgebungen muss die OT jeden Fernwartungszugriff selbst steuern und mindestens eine eigene Sicherheitskomponente zur Absicherung einsetzen Quelle: Absicherung jedes Fernwartungszugriffs auf die OT (S.20-21).  
Zusätzlich ist die technische Entkopplung über ein Sprung‑Server bzw. Application‑Layer‑Gateway in einer demilitarisierten Zone zu realisieren Quelle: Technische Entkopplung von Zugriffen (S.45-46).";"1. Welche konkreten Authentisierungsverfahren werden für die Fernwartung empfohlen?  
2. Wie lässt sich die zentrale Verwaltung von Fernwartungszugängen praktisch umsetzen?  
3. Welche Maßnahmen sind für die Dokumentation und Überwachung von Fernwartungsaktivitäten erforderlich?";3;3;0.9305555555400462;1.0;0.3;0.5791046315846625;Welche konkreten Authentisierungsverfahren werden für die Fernwartung empfohlen?;2.0;2.0;Direkte Empfehlung;Wie lässt sich die zentrale Verwaltung von Fernwartungszugängen praktisch umsetzen?;2.0;2.0;Zentrale Verwaltung von Fernwartungszugängen;Welche Maßnahmen sind für die Dokumentation und Überwachung von Fernwartungsaktivitäten erforderlich?;2.0;2.0;Direkte Abdeckung durch IT-Grundschutz;2.0;2.0
Womit muss ich anfangen, wenn wir Cloud-Dienste nutzen wollen?;"Um Cloud-Dienste nutzen zu wollen, muss eine Strategie für die Cloud-Nutzung erstellt werden. Diese Strategie muss Ziele, Chancen und Risiken definieren, die die Institution mit der Cloud-Nutzung verbindet. Zudem müssen die rechtlichen und organisatorischen Rahmenbedingungen sowie die technischen Anforderungen untersucht werden, die sich aus der Nutzung von Cloud-Diensten ergeben. Die Ergebnisse dieser Untersuchung müssen in einer Machbarkeitsstudie dokumentiert werden. Quelle: OPS.2.2.A1 (S.391).

Anschlussfragen:
1. Wie müssen die Sicherheitsaspekte bei der Planung von Cloud-Diensten berücksichtigt werden?
2. Was sind die Unterschiede zwischen Cloud-Diensten und klassischem IT-Outsourcing?
3. Wie kann eine Institution sicherstellen, dass die Cloud-Dienste den Bedürfnissen der Anwendenden entsprechen?";Um Cloud-Dienste nutzen zu wollen, muss eine Strategie für die Cloud-Nutzung erstellt werden. Diese Strategie muss Ziele, Chancen und Risiken definieren, die die Institution mit der Cloud-Nutzung verbindet. Zudem müssen die rechtlichen und organisatorischen Rahmenbedingungen sowie die technischen Anforderungen untersucht werden, die sich aus der Nutzung von Cloud-Diensten ergeben. Die Ergebnisse dieser Untersuchung müssen in einer Machbarkeitsstudie dokumentiert werden. Quelle: OPS.2.2.A1 (S.391).;OPS.2.2.A1 Erstellung einer Strategie für die Cloud-Nutzung (B) [Fachverantwortliche, Institutionsleitung, Datenschutzbeauftragte] Eine Strategie für die Cloud-Nutzung MUSS erstellt werden. Darin MÜSSEN Ziele, Chancen und Risiken definiert werden, die die Institution mit der Cloud-Nutzung verbindet. Zudem MÜSSEN die rechtlichen und organisatorischen Rahmenbedingungen sowie die technischen Anforderungen untersucht werden, die sich aus der Nutzung von Cloud-Diensten ergeben. Die Ergebnisse dieser Untersuchung MÜSSEN in einer Machbarkeitsstudie dokumentiert werden. Es MUSS festgelegt werden, welche Dienste in welchem Bereitstellungsmodell zukünftig von CloudDiensteanbietenden bezogen werden sollen. Zudem MUSS sichergestellt werden, dass bereits in der Planungsphase zur Cloud-Nutzung alle grundlegenden technischen und organisatorischen Sicherheitsaspekte ausreichend berücksichtigt werden. Für den geplanten Cloud-Dienst SOLLTE eine grobe individuelle Sicherheitsanalyse durchgeführt werden. Diese SOLLTE wiederholt werden, wenn sich technische und organisatorische Rahmenbedingungen wesentlich verändern. Für größere Cloud-Projekte SOLLTE zudem eine Roadmap erarbeitet werden, die festlegt, wann und wie ein Cloud-Dienst eingeführt wird.;"Zuerst muss die Institution **eine generelle Strategie für die Cloud‑Nutzung festlegen**. Dabei MUSS definiert werden, welche Cloud‑Dienste in welchem Umfang genutzt werden dürfen, welche rechtlichen, organisatorischen und technischen Rahmenbedingungen gelten und welche Ziele, Chancen und Risiken mit der Cloud‑Nutzung verbunden sind Quelle: OPS.2.2 Cloud‑Nutzung (S.1).  

Auf Basis dieser Strategie ist anschließend zu bestimmen, **welche Dienste und Bereitstellungsmodelle künftig bezogen werden** und sicherzustellen, dass bereits in der Planungsphase alle grundlegenden technischen und organisatorischen Sicherheitsaspekte berücksichtigt werden Quelle: OPS.2.2 Cloud‑Nutzung (S.1).  

Die Ergebnisse der Analyse MUSS in einer **Machbarkeitsstudie dokumentiert** werden, bevor Windows‑basierte Geräte eingesetzt werden Quelle: OPS.2.2 Cloud‑Nutzung (S.1).  

Erst nach Abschluss dieser strategischen und dokumentierten Vorarbeiten kann die **modellierte Einbindung der Cloud‑Dienste in die IT‑Architektur** erfolgen, wobei die Verantwortungsgrenzen zwischen Cloud‑Anbieter und -Nutzer klar definiert werden Quelle: OPS.2.2 Cloud‑Nutzung (S.1).  

Anschlussfragen:
1. Welche konkreten rechtlichen Rahmenbedingungen müssen in der Cloud‑Strategie berücksichtigt werden?  
2. Wie lässt sich die Machbarkeitsstudie praktisch strukturieren und wer ist dafür verantwortlich?  
3. Welche Schritte sind für die Modellierung des Informationsverbunds bei unterschiedlichen Service‑Modellen nötig?";"Zuerst muss die Institution **eine generelle Strategie für die Cloud‑Nutzung festlegen**. Dabei MUSS definiert werden, welche Cloud‑Dienste in welchem Umfang genutzt werden dürfen, welche rechtlichen, organisatorischen und technischen Rahmenbedingungen gelten und welche Ziele, Chancen und Risiken mit der Cloud‑Nutzung verbunden sind Quelle: OPS.2.2 Cloud‑Nutzung (S.1).  

Auf Basis dieser Strategie ist anschließend zu bestimmen, **welche Dienste und Bereitstellungsmodelle künftig bezogen werden** und sicherzustellen, dass bereits in der Planungsphase alle grundlegenden technischen und organisatorischen Sicherheitsaspekte berücksichtigt werden Quelle: OPS.2.2 Cloud‑Nutzung (S.1).  

Die Ergebnisse der Analyse MUSS in einer **Machbarkeitsstudie dokumentiert** werden, bevor Windows‑basierte Geräte eingesetzt werden Quelle: OPS.2.2 Cloud‑Nutzung (S.1).  

Erst nach Abschluss dieser strategischen und dokumentierten Vorarbeiten kann die **modellierte Einbindung der Cloud‑Dienste in die IT‑Architektur** erfolgen, wobei die Verantwortungsgrenzen zwischen Cloud‑Anbieter und -Nutzer klar definiert werden Quelle: OPS.2.2 Cloud‑Nutzung (S.1).";"1. Welche konkreten rechtlichen Rahmenbedingungen müssen in der Cloud‑Strategie berücksichtigt werden?  
2. Wie lässt sich die Machbarkeitsstudie praktisch strukturieren und wer ist dafür verantwortlich?  
3. Welche Schritte sind für die Modellierung des Informationsverbunds bei unterschiedlichen Service‑Modellen nötig?";3;3;0.826020408151465;0.9;0.6666666666666666;0.5123330116925442;Welche konkreten rechtlichen Rahmenbedingungen müssen in der Cloud‑Strategie berücksichtigt werden?;2.0;2.0;Rechtliche Rahmenbedingungen in Cloud-Strategie;Wie lässt sich die Machbarkeitsstudie praktisch strukturieren und wer ist dafür verantwortlich?;2.0;2.0;Machbarkeitsstudie in IT-Grundschutz;Welche Schritte sind für die Modellierung des Informationsverbunds bei unterschiedlichen Service‑Modellen nötig?;2.0;2.0;Modellierung des Informationsverbunds;2.0;2.0
Brauchen wir für jeden Cloud-Dienst separate Dokumente?;"Für jeden Cloud-Dienst MUSS eine Service-Definition erarbeitet werden Quelle: OPS.2.2.A3 (S.391). Zudem SOLLTEN alle geplanten und genutzten Cloud-Dienste dokumentiert werden Quelle: OPS.2.2.A3 (S.391). Es wird nicht explizit gefordert, separate Dokumente für jeden Cloud-Dienst zu erstellen, aber es ist ratsam, dies zu tun, um eine klare Übersicht über die genutzten Dienste und ihre Konfigurationen zu haben.

Anschlussfragen:
1. Wie sollten die Service-Definitionen für Cloud-Dienste strukturiert sein?
2. Welche Rolle spielt die Dokumentation von Cloud-Diensten bei der IT-Sicherheit?
3. Wie können Institutionen sicherstellen, dass ihre Cloud-Dienste den Anforderungen des IT-Grundschutzes entsprechen?";Für jeden Cloud-Dienst MUSS eine Service-Definition erarbeitet werden Quelle: OPS.2.2.A3 (S.391). Zudem SOLLTEN alle geplanten und genutzten Cloud-Dienste dokumentiert werden Quelle: OPS.2.2.A3 (S.391). Es wird nicht explizit gefordert, separate Dokumente für jeden Cloud-Dienst zu erstellen, aber es ist ratsam, dies zu tun, um eine klare Übersicht über die genutzten Dienste und ihre Konfigurationen zu haben.;"OPS.2.2.A3 Service-Definition für Cloud-Dienste (B) [Fachverantwortliche] Für jeden Cloud-Dienst MUSS eine Service-Definition erarbeitet werden. Zudem SOLLTEN alle geplanten und genutzten Cloud-Dienste dokumentiert werden.

1.3. Abgrenzung und Modellierung Der Baustein OPS.2.2 Cloud-Nutzung ist immer auf eine konkrete Cloud-Dienstleistung anzuwenden. Nutzt eine Institution unterschiedliche Cloud-Diensteanbietende, so ist der Baustein für alle Cloud-Diensteanbietenden anzuwenden. Die Schnittstelle zwischen den Cloud-Diensteanbietenden ist ebenfalls Gegenstand des Bausteins und muss für alle Cloud-Dienstleistungen betrachtet werden. In nahezu allen Bereitstellungsmodellen, abgesehen von der Nutzung einer Private Cloud On-Premise, stellen Cloud-Dienste eine Sonderform des Outsourcings (siehe Baustein OPS.2.3 Nutzung von Outsourcing) dar. Die im vorliegenden Baustein beschriebenen Gefährdungen und Anforderungen werden daher häufig auch im Outsourcing angewendet. Bei Cloud-Diensten gibt es jedoch einige Besonderheiten, die sich ausschließlich in diesem Baustein wiederfinden. Der Baustein OPS.2.3 Nutzung von Outsourcing ist daher nicht auf Cloud-Dienste anzuwenden. Die in diesem Baustein beschriebenen Gefährdungen und Anforderungen gelten dabei grundsätzlich unabhängig vom genutzten Service- und Bereitstellungsmodell. Sicherheitsanforderungen, mit denen Anbietende ihre Cloud-Dienste schützen können, sind nicht Gegenstand dieses Bausteins. Gefährdungen und spezifische Sicherheitsanforderungen, die durch die Anbindung eines Cloud-Dienstes über entsprechende Schnittstellen (englisch API, Application Programming Interface) als relevant anzusehen sind, werden ebenfalls nicht in diesem Baustein betrachtet. Abgrenzung zum klassischen IT-Outsourcing Beim Outsourcing werden Arbeits-, Produktions- oder Geschäftsprozesse einer Institution ganz oder teilweise zu externen Dienstleistenden ausgelagert. Dies ist ein etablierter Bestandteil heutiger Organisationsstrategien. Das klassische IT-Outsourcing ist meist so gestaltet, dass die komplette gemietete Infrastruktur exklusiv von einem Kunden oder einer Kundin genutzt wird (Single Tenant Architektur), auch wenn Anbietende von Outsourcing normalerweise mehrere Kunden oder Kundinnen haben. Zudem werden Outsourcing-Verträge meistens über längere Laufzeiten abgeschlossen. Die Nutzung von Cloud-Diensten gleicht in vielen Punkten dem klassischen Outsourcing, aber es kommen noch einige Unterschiede hinzu, die zu berücksichtigen sind:

• Aus wirtschaftlichen Gründen teilen sich oft in einer Cloud mehrere Anwendende eine gemeinsame Infrastruktur.

• Cloud-Dienste sind dynamisch und dadurch innerhalb viel kürzerer Zeiträume nach oben und unten skalierbar. So können Cloud-basierte Angebote rascher an den tatsächlichen Bedarf der Anwendenden angepasst werden.

• Die in Anspruch genommenen Cloud-Dienste werden in der Regel mittels einer Webschnittstelle durch die Cloud-Anwendenden selbst gesteuert. So können sie automatisiert die genutzten Dienste auf ihre Bedürfnisse zuschneiden.

• Durch die beim Cloud Computing genutzten Techniken ist es möglich, die IT-Leistung dynamisch über mehrere Standorte zu verteilen, die geographisch sowohl im In- als auch im Ausland weit verstreut sein können.

• Die Anwendenden können die genutzten Dienste und ihre Ressourcen einfach über WebOberflächen oder passende Schnittstellen administrieren, wobei wenig Interaktion mit den Cloud-Diensteanbietenden erforderlich ist.";"Ja. Für **jeden** eingesetzten Cloud‑Dienst **MUSS** eine eigene Service‑Definition erarbeitet werden, und alle geplanten sowie genutzten Cloud‑Dienste **SOLLTEN** dokumentiert sein Quelle: Service‑Definition für Cloud‑Dienste (S.1). Darüber hinaus **MÜSSEN** die zu den Cloud‑Diensten erstellten Dokumentationen und Richtlinien regelmäßig aktualisiert werden Quelle: Aufrechterhaltung der Informationssicherheit im laufenden Cloud‑Nutzungs‑Betrieb (S.2). Damit wird sichergestellt, dass jede Cloud‑Nutzung eindeutig beschrieben, kontrolliert und bei Änderungen nachverfolgt werden kann.

Anschlussfragen:
1. Welche konkreten Inhalte muss die Service‑Definition für einen Cloud‑Dienst enthalten?
2. Wie häufig sollten die Cloud‑Dokumentationen und Richtlinien überprüft und aktualisiert werden?
3. Welche Rollen sind für die Erstellung und Pflege der Service‑Definitionen verantwortlich?";Ja. Für **jeden** eingesetzten Cloud‑Dienst **MUSS** eine eigene Service‑Definition erarbeitet werden, und alle geplanten sowie genutzten Cloud‑Dienste **SOLLTEN** dokumentiert sein Quelle: Service‑Definition für Cloud‑Dienste (S.1). Darüber hinaus **MÜSSEN** die zu den Cloud‑Diensten erstellten Dokumentationen und Richtlinien regelmäßig aktualisiert werden Quelle: Aufrechterhaltung der Informationssicherheit im laufenden Cloud‑Nutzungs‑Betrieb (S.2). Damit wird sichergestellt, dass jede Cloud‑Nutzung eindeutig beschrieben, kontrolliert und bei Änderungen nachverfolgt werden kann.;"1. Welche konkreten Inhalte muss die Service‑Definition für einen Cloud‑Dienst enthalten?
2. Wie häufig sollten die Cloud‑Dokumentationen und Richtlinien überprüft und aktualisiert werden?
3. Welche Rollen sind für die Erstellung und Pflege der Service‑Definitionen verantwortlich?";3;3;0.3313492063381614;0.375;0.5;0.497924516949104;Welche konkreten Inhalte muss die Service‑Definition für einen Cloud‑Dienst enthalten?;2.0;2.0;Service-Definition;Wie häufig sollten die Cloud‑Dokumentationen und Richtlinien überprüft und aktualisiert werden?;2.0;2.0;Regelmäßige Aktualisierung;Welche Rollen sind für die Erstellung und Pflege der Service‑Definitionen verantwortlich?;2.0;2.0;Rollen und Verantwortlichkeiten;2.0;2.0
Welche Basis-Anforderungen sind für den Start einer Cloud-Nutzung absolut notwendig?;"Für den Start einer Cloud-Nutzung sind mehrere Basis-Anforderungen absolut notwendig. Dazu gehören die Erstellung einer Strategie für die Cloud-Nutzung (OPS.2.2.A1), die Erstellung einer Sicherheitsrichtlinie für die Cloud-Nutzung (OPS.2.2.A2), die Service-Definition für Cloud-Dienste (OPS.2.2.A3) sowie die Festlegung von Verantwortungsbereichen und Schnittstellen (OPS.2.2.A4) Quelle: 3.1. Basis-Anforderungen (S.1). 

Diese Anforderungen MÜSSEN vorrangig erfüllt werden, um eine sichere und effektive Cloud-Nutzung zu gewährleisten Quelle: 3.1. Basis-Anforderungen (S.1). 

Anschlussfragen:
1. Wie können die spezifischen Sicherheitsanforderungen für die Anbindung eines Cloud-Dienstes über entsprechende Schnittstellen berücksichtigt werden?
2. Welche Rolle spielt die Abgrenzung zum klassischen IT-Outsourcing bei der Nutzung von Cloud-Diensten?
3. Wie können die Gefährdungen und Sicherheitsanforderungen bei der Nutzung von Cloud-Diensten unabhängig vom genutzten Service- und Bereitstellungsmodell berücksichtigt werden?";"Für den Start einer Cloud-Nutzung sind mehrere Basis-Anforderungen absolut notwendig. Dazu gehören die Erstellung einer Strategie für die Cloud-Nutzung (OPS.2.2.A1), die Erstellung einer Sicherheitsrichtlinie für die Cloud-Nutzung (OPS.2.2.A2), die Service-Definition für Cloud-Dienste (OPS.2.2.A3) sowie die Festlegung von Verantwortungsbereichen und Schnittstellen (OPS.2.2.A4) Quelle: 3.1. Basis-Anforderungen (S.1). 

Diese Anforderungen MÜSSEN vorrangig erfüllt werden, um eine sichere und effektive Cloud-Nutzung zu gewährleisten Quelle: 3.1. Basis-Anforderungen (S.1).";"3.1. Basis-Anforderungen
Die folgenden Anforderungen MÜSSEN für diesen Baustein vorrangig erfüllt werden.

OPS.2.2.A1 Erstellung einer Strategie für die Cloud-Nutzung (B) [Fachverantwortliche, Institutionsleitung, Datenschutzbeauftragte]

OPS.2.2.A2 Erstellung einer Sicherheitsrichtlinie für die Cloud-Nutzung (B) [Fachverantwortliche]

OPS.2.2.A3 Service-Definition für Cloud-Dienste (B) [Fachverantwortliche]

Für jeden Cloud-Dienst MUSS eine Service-Definition erarbeitet werden. Zudem SOLLTEN alle geplanten und genutzten Cloud-Dienste dokumentiert werden.

OPS.2.2.A4 Festlegung von Verantwortungsbereichen und Schnittstellen (B) [Fachverantwortliche]

";"- **Strategie für die Cloud‑Nutzung erstellen** MUSS erstellt werden, um Ziele, Chancen, Risiken, rechtliche und organisatorische Rahmenbedingungen sowie technische Anforderungen zu definieren Quelle: Erstellung einer Strategie für die Cloud‑Nutzung (S. –)  

- **Sicherheitsrichtlinie für die Cloud‑Nutzung erstellen** MUSS auf Basis der Strategie erarbeitet werden; sie muss konkrete Sicherheitsvorgaben, Anforderungen an Cloud‑Diensteanbietende und das gewünschte Schutzniveau (Vertraulichkeit, Integrität, Verfügbarkeit) enthalten Quelle: Erstellung einer Sicherheitsrichtlinie für die Cloud‑Nutzung (S. –)  

Diese beiden Vorgaben bilden die unabdingbaren Basis, bevor weitere optionale Maßnahmen (z. B. Dokumentation notwendiger Cloud‑Funktionen, Migrationskonzept) umgesetzt werden können.

Anschlussfragen:
1. Welche konkreten Inhalte sollte die Sicherheitsrichtlinie für die Cloud‑Nutzung enthalten?
2. Wie kann die Machbarkeitsstudie zur Cloud‑Strategie strukturiert werden?
3. Welche vertraglichen Regelungen sind für die Anbindung von Cloud‑Diensteanbietenden besonders wichtig?";"- **Strategie für die Cloud‑Nutzung erstellen** MUSS erstellt werden, um Ziele, Chancen, Risiken, rechtliche und organisatorische Rahmenbedingungen sowie technische Anforderungen zu definieren Quelle: Erstellung einer Strategie für die Cloud‑Nutzung (S. –)  

- **Sicherheitsrichtlinie für die Cloud‑Nutzung erstellen** MUSS auf Basis der Strategie erarbeitet werden; sie muss konkrete Sicherheitsvorgaben, Anforderungen an Cloud‑Diensteanbietende und das gewünschte Schutzniveau (Vertraulichkeit, Integrität, Verfügbarkeit) enthalten Quelle: Erstellung einer Sicherheitsrichtlinie für die Cloud‑Nutzung (S. –)  

Diese beiden Vorgaben bilden die unabdingbaren Basis, bevor weitere optionale Maßnahmen (z. B. Dokumentation notwendiger Cloud‑Funktionen, Migrationskonzept) umgesetzt werden können.";"1. Welche konkreten Inhalte sollte die Sicherheitsrichtlinie für die Cloud‑Nutzung enthalten?
2. Wie kann die Machbarkeitsstudie zur Cloud‑Strategie strukturiert werden?
3. Welche vertraglichen Regelungen sind für die Anbindung von Cloud‑Diensteanbietenden besonders wichtig?";3;3;0.5654761904620536;0.42857142857142855;0.75;0.38073368298592636;Welche konkreten Inhalte sollte die Sicherheitsrichtlinie für die Cloud‑Nutzung enthalten?;2.0;2.0;Direkte Sicherheitsrichtlinie;Wie kann die Machbarkeitsstudie zur Cloud‑Strategie strukturiert werden?;2.0;2.0;Direkte Verbindung zur Cloud-Strategie;Welche vertraglichen Regelungen sind für die Anbindung von Cloud‑Diensteanbietenden besonders wichtig?;2.0;2.0;Vertragliche Regelungen;2.0;2.0
Welche Aspekte muss unser Migrationskonzept zu einem anderen Cloud-Anbieter konkret abdecken?;"Unser Migrationskonzept zu einem anderen Cloud-Anbieter sollte folgende Aspekte abdecken: 
- Organisatorische Regelungen und Aufgabenverteilung festlegen Quelle: OPS.2.2.A5 (S.?) 
- Bestehende Betriebsprozesse identifizieren und anpassen Quelle: OPS.2.2.A5 (S.?) 
- Sicherstellen, dass die eigene IT im Migrationsprozess berücksichtigt wird Quelle: OPS.2.2.A5 (S.?) 
- Prüfen, ob Mitarbeitende zusätzlich geschult werden sollten Quelle: OPS.2.2.A5 (S.?) 
- Überprüfen, ob das Sicherheitskonzept für die Cloud-Nutzung angepasst werden muss Quelle: OPS.2.2.A10 (S.?) 
- Notfallvorsorgemaßnahmen überprüfen und aktualisieren Quelle: OPS.2.2.A10 (S.?) 
- Testlauf durchführen, bevor der Cloud-Dienst in den produktiven Betrieb übergeht Quelle: OPS.2.2.A10 (S.?) 
- Abgleichen, ob die Cloud-Diensteanbietenden die definierten Anforderungen erfüllen Quelle: OPS.2.2.A10 (S.?)

Anschlussfragen:
1. Wie können wir sicherstellen, dass unsere Daten während der Migration zu einem anderen Cloud-Anbieter geschützt sind?
2. Welche Rolle spielt die Skalierbarkeit der Cloud-Dienste bei der Planung unserer Migration?
3. Wie können wir die Schnittstellen zwischen verschiedenen Cloud-Diensteanbietenden sicher gestalten?";"Unser Migrationskonzept zu einem anderen Cloud-Anbieter sollte folgende Aspekte abdecken: 
- Organisatorische Regelungen und Aufgabenverteilung festlegen Quelle: OPS.2.2.A5 (S.?) 
- Bestehende Betriebsprozesse identifizieren und anpassen Quelle: OPS.2.2.A5 (S.?) 
- Sicherstellen, dass die eigene IT im Migrationsprozess berücksichtigt wird Quelle: OPS.2.2.A5 (S.?) 
- Prüfen, ob Mitarbeitende zusätzlich geschult werden sollten Quelle: OPS.2.2.A5 (S.?) 
- Überprüfen, ob das Sicherheitskonzept für die Cloud-Nutzung angepasst werden muss Quelle: OPS.2.2.A10 (S.?) 
- Notfallvorsorgemaßnahmen überprüfen und aktualisieren Quelle: OPS.2.2.A10 (S.?) 
- Testlauf durchführen, bevor der Cloud-Dienst in den produktiven Betrieb übergeht Quelle: OPS.2.2.A10 (S.?) 
- Abgleichen, ob die Cloud-Diensteanbietenden die definierten Anforderungen erfüllen Quelle: OPS.2.2.A10 (S.?)";"OPS.2.2.A5 Planung der sicheren Migration zu einem Cloud-Dienst (S) [Fachverantwortliche] Bevor zu einem Cloud-Dienst migriert wird, SOLLTE ein Migrationskonzept erstellt werden. Dafür SOLLTEN zunächst organisatorische Regelungen sowie die Aufgabenverteilung festgelegt werden. Zudem SOLLTEN bestehende Betriebsprozesse hinsichtlich der Cloud-Nutzung identifiziert und angepasst werden. Es SOLLTE sichergestellt werden, dass die eigene IT ausreichend im Migrationsprozess berücksichtigt wird. Auch SOLLTEN die Zuständigen ermitteln, ob die Mitarbeitenden auf Seiten der Institution zusätzlich geschult werden sollten.

OPS.2.2.A10 Sichere Migration zu einem Cloud-Dienst (S) [Fachverantwortliche] Die Migration zu einem Cloud-Dienst SOLLTE auf Basis des erstellten Migrationskonzeptes erfolgen. Während der Migration SOLLTE überprüft werden, ob das Sicherheitskonzept für die Cloud-Nutzung an potenzielle neue Anforderungen angepasst werden muss. Auch SOLLTEN alle Notfallvorsorgemaßnahmen vollständig und aktuell sein. Die Migration zu einem Cloud-Dienst SOLLTE zunächst in einem Testlauf überprüft werden. Ist der Cloud-Dienst in den produktiven Betrieb übergegangen, SOLLTE abgeglichen werden, ob die CloudDiensteanbietenden die definierten Anforderungen der Institution erfüllen.";"Ein Migrationskonzept zu einem anderen Cloud‑Anbieter muss mindestens folgende Punkte abdecken:

- **Organisatorische Regelungen und Aufgabenverteilung**: Festlegung, wer für Planung, Durchführung und Kontrolle verantwortlich ist Quelle: Planung der sicheren Migration zu einem Cloud‑Dienst (S.1)  
- **Analyse und Anpassung bestehender Betriebsprozesse**: Identifikation aller Prozesse, die die Cloud‑Nutzung betreffen, und deren Anpassung an das neue Modell Quelle: Planung der sicheren Migration zu einem Cloud‑Dienst (S.1)  
- **Einbindung der internen IT**: Sicherstellen, dass die eigene IT‑Landschaft, Schnittstellen und Abhängigkeiten im Migrationsablauf berücksichtigt werden Quelle: Planung der sicheren Migration zu einem Cloud‑Dienst (S.1)  
- **Schulung und Qualifizierung**: Ermittlung, ob Mitarbeitende zusätzliche Schulungen benötigen, und Planung entsprechender Maßnahmen Quelle: Planung der sicheren Migration zu einem Cloud‑Dienst (S.1)  
- **Überprüfung und Anpassung des Sicherheits‑ und Notfallkonzepts**: Während der Migration prüfen, ob das Sicherheitskonzept neue Anforderungen erfordert und Notfallvorsorgemaßnahmen aktuell sind Quelle: Sichere Migration zu einem Cloud‑Dienst (S.2)  
- **Testlauf und Pilotphase**: Durchführung eines kontrollierten Testlaufs, um Risiken frühzeitig zu erkennen Quelle: Sichere Migration zu einem Cloud‑Dienst (S.2)  
- **Portabilitätsanforderungen und -tests**: Definition von Anforderungen, die einen Anbieterwechsel oder die Rückführung in die eigene Infrastruktur ermöglichen, sowie regelmäßige Portabilitätstests Quelle: Sicherstellung der Portabilität von Cloud‑Diensten (S.3)  
- **Vertragliche Vorgaben zur Portabilität**: Festlegung von vertraglichen Regelungen, die die notwendige Portabilität sicherstellen Quelle: Sicherstellung der Portabilität von Cloud‑Diensten (S.3)  

Anschlussfragen:
1. Welche konkreten Rollen und Verantwortlichkeiten sollten im Migrationskonzept definiert werden?
2. Wie kann die Wirksamkeit von Notfallvorsorgemaßnahmen während der Migration überprüft werden?
3. Welche Kriterien sollten bei der Auswahl von Portabilitätstests berücksichtigt werden?";"Ein Migrationskonzept zu einem anderen Cloud‑Anbieter muss mindestens folgende Punkte abdecken:

- **Organisatorische Regelungen und Aufgabenverteilung**: Festlegung, wer für Planung, Durchführung und Kontrolle verantwortlich ist Quelle: Planung der sicheren Migration zu einem Cloud‑Dienst (S.1)  
- **Analyse und Anpassung bestehender Betriebsprozesse**: Identifikation aller Prozesse, die die Cloud‑Nutzung betreffen, und deren Anpassung an das neue Modell Quelle: Planung der sicheren Migration zu einem Cloud‑Dienst (S.1)  
- **Einbindung der internen IT**: Sicherstellen, dass die eigene IT‑Landschaft, Schnittstellen und Abhängigkeiten im Migrationsablauf berücksichtigt werden Quelle: Planung der sicheren Migration zu einem Cloud‑Dienst (S.1)  
- **Schulung und Qualifizierung**: Ermittlung, ob Mitarbeitende zusätzliche Schulungen benötigen, und Planung entsprechender Maßnahmen Quelle: Planung der sicheren Migration zu einem Cloud‑Dienst (S.1)  
- **Überprüfung und Anpassung des Sicherheits‑ und Notfallkonzepts**: Während der Migration prüfen, ob das Sicherheitskonzept neue Anforderungen erfordert und Notfallvorsorgemaßnahmen aktuell sind Quelle: Sichere Migration zu einem Cloud‑Dienst (S.2)  
- **Testlauf und Pilotphase**: Durchführung eines kontrollierten Testlaufs, um Risiken frühzeitig zu erkennen Quelle: Sichere Migration zu einem Cloud‑Dienst (S.2)  
- **Portabilitätsanforderungen und -tests**: Definition von Anforderungen, die einen Anbieterwechsel oder die Rückführung in die eigene Infrastruktur ermöglichen, sowie regelmäßige Portabilitätstests Quelle: Sicherstellung der Portabilität von Cloud‑Diensten (S.3)  
- **Vertragliche Vorgaben zur Portabilität**: Festlegung von vertraglichen Regelungen, die die notwendige Portabilität sicherstellen Quelle: Sicherstellung der Portabilität von Cloud‑Diensten (S.3)";"1. Welche konkreten Rollen und Verantwortlichkeiten sollten im Migrationskonzept definiert werden?
2. Wie kann die Wirksamkeit von Notfallvorsorgemaßnahmen während der Migration überprüft werden?
3. Welche Kriterien sollten bei der Auswahl von Portabilitätstests berücksichtigt werden?";3;3;0.8083333333171667;1.0;0.875;0.7978217415003953;Welche konkreten Rollen und Verantwortlichkeiten sollten im Migrationskonzept definiert werden?;2.0;2.0;Rollen und Verantwortlichkeiten;Wie kann die Wirksamkeit von Notfallvorsorgemaßnahmen während der Migration überprüft werden?;2.0;2.0;Direkte Relevanz zu Notfallvorsorgemaßnahmen;Welche Kriterien sollten bei der Auswahl von Portabilitätstests berücksichtigt werden?;1.0;1.0;Teilweise abgedeckt durch Portabilitätstests;1.667;1.667
Was gehört in unser Cloud-Sicherheitskonzept?;"Unser Cloud-Sicherheitskonzept sollte eine Sicherheitsrichtlinie für die Cloud-Nutzung enthalten, die konkrete Sicherheitsvorgaben beinhaltet, um Cloud-Dienste innerhalb der Institution umzusetzen Quelle: OPS.2.2.A2 (S.391). Diese Richtlinie MUSS spezielle Sicherheitsanforderungen an die Cloud-Diensteanbietenden sowie das festgelegte Schutzniveau für Cloud-Dienste hinsichtlich Vertraulichkeit, Integrität und Verfügbarkeit dokumentieren Quelle: OPS.2.2.A2 (S.391). 

Anschlussfragen:
1. Wie sollten wir unsere Cloud-Diensteanbietenden auswählen, um sicherzustellen, dass sie unsere Sicherheitsanforderungen erfüllen?
2. Welche spezifischen Sicherheitsanforderungen müssen wir bei der Nutzung von Cloud-Diensten berücksichtigen, wenn wir internationale Anbietende nutzen?
3. Wie können wir sicherstellen, dass unsere Cloud-Dienste den Anforderungen an Vertraulichkeit, Integrität und Verfügbarkeit entsprechen?";Unser Cloud-Sicherheitskonzept sollte eine Sicherheitsrichtlinie für die Cloud-Nutzung enthalten, die konkrete Sicherheitsvorgaben beinhaltet, um Cloud-Dienste innerhalb der Institution umzusetzen Quelle: OPS.2.2.A2 (S.391). Diese Richtlinie MUSS spezielle Sicherheitsanforderungen an die Cloud-Diensteanbietenden sowie das festgelegte Schutzniveau für Cloud-Dienste hinsichtlich Vertraulichkeit, Integrität und Verfügbarkeit dokumentieren Quelle: OPS.2.2.A2 (S.391).;OPS.2.2.A2 Erstellung einer Sicherheitsrichtlinie für die Cloud-Nutzung (B) [Fachverantwortliche] Auf Basis der Strategie für die Cloud-Nutzung MUSS eine Sicherheitsrichtlinie für die Cloud-Nutzung erstellt werden. Sie MUSS konkrete Sicherheitsvorgaben beinhalten, mit denen sich Cloud-Dienste innerhalb der Institution umsetzen lassen. Außerdem MÜSSEN darin spezielle Sicherheitsanforderungen an die Cloud-Diensteanbietenden sowie das festgelegte Schutzniveau für Cloud-Dienste hinsichtlich Vertraulichkeit, Integrität und Verfügbarkeit dokumentiert werden. Wenn Cloud-Dienste von internationalen Anbietenden genutzt werden, MÜSSEN die speziellen länderspezifischen Anforderungen und gesetzlichen Bestimmungen berücksichtigt werden.;"- **Modellierung aller genutzten Cloud‑Dienste, virtuellen IT‑Systeme, Netze und Komponenten im ISMS‑Geltungsbereich** – Die Modellierung nach der IT‑Grundschutz‑Vorgehensweise muss sämtliche Cloud‑Dienste und deren zugeordnete Ressourcen berücksichtigen, wobei die Grenze des Informationsverbunds die Verantwortungs­grenzen zwischen Anbieter und Anwender definiert Quelle: Allgemeine Modellierung von Cloud‑Diensten (S.1‑2)  
- **Sicherheitskonzept für die Cloud‑Nutzung** – Auf Basis der identifizierten Sicherheitsanforderungen ist ein Sicherheitskonzept zu erstellen (OPS.2.2.A2) Quelle: Erstellung eines Sicherheitskonzeptes für die Cloud‑Nutzung (S.3)  
- **Notfallkonzept für den Cloud‑Dienst** – Das Notfallkonzept muss Zuständigkeiten, Kontaktpersonen, detaillierte Datensicherungs‑Regelungen sowie Vorgaben zur redundanten Auslegung von Management‑Tools und Schnittstellensystemen enthalten Quelle: Erstellung eines Notfallkonzeptes für einen Cloud‑Dienst (S.4‑5)  
- **Datensicherungskonzept für Cloud‑Infrastrukturen** – Es muss ein Datensicherungskonzept (CON.3) vorliegen, das RPO‑Ziele definiert und sowohl Backup‑ als auch Restore‑Prozesse beschreibt Quelle: Datensicherungskonzept (S.6‑7)  
- **Umfang der Datensicherung im Cluster** – Die Datensicherung MUSS Persistent Volumes, Kubernetes‑Control‑Plane‑Konfiguration, Cluster‑Zustand, etcd, Infrastrukturanwendungen, Code‑ und Image‑Registries umfassen; Snapshots DÜRFEN die Datensicherung nicht ersetzen Quelle: Datensicherung im Cluster (S.8‑9)  

Anschlussfragen:
1. Welche konkreten Rollen sind für die Umsetzung des Cloud‑Sicherheitskonzepts verantwortlich?
2. Wie wird die Verantwortung zwischen Cloud‑Anbieter und Cloud‑Anwender im Informationsverbund dokumentiert?
3. Welche Maßnahmen zur kontinuierlichen Überprüfung und Aktualisierung des Cloud‑Sicherheitskonzepts sind vorgesehen?";"- **Modellierung aller genutzten Cloud‑Dienste, virtuellen IT‑Systeme, Netze und Komponenten im ISMS‑Geltungsbereich** – Die Modellierung nach der IT‑Grundschutz‑Vorgehensweise muss sämtliche Cloud‑Dienste und deren zugeordnete Ressourcen berücksichtigen, wobei die Grenze des Informationsverbunds die Verantwortungs­grenzen zwischen Anbieter und Anwender definiert Quelle: Allgemeine Modellierung von Cloud‑Diensten (S.1‑2)  
- **Sicherheitskonzept für die Cloud‑Nutzung** – Auf Basis der identifizierten Sicherheitsanforderungen ist ein Sicherheitskonzept zu erstellen (OPS.2.2.A2) Quelle: Erstellung eines Sicherheitskonzeptes für die Cloud‑Nutzung (S.3)  
- **Notfallkonzept für den Cloud‑Dienst** – Das Notfallkonzept muss Zuständigkeiten, Kontaktpersonen, detaillierte Datensicherungs‑Regelungen sowie Vorgaben zur redundanten Auslegung von Management‑Tools und Schnittstellensystemen enthalten Quelle: Erstellung eines Notfallkonzeptes für einen Cloud‑Dienst (S.4‑5)  
- **Datensicherungskonzept für Cloud‑Infrastrukturen** – Es muss ein Datensicherungskonzept (CON.3) vorliegen, das RPO‑Ziele definiert und sowohl Backup‑ als auch Restore‑Prozesse beschreibt Quelle: Datensicherungskonzept (S.6‑7)  
- **Umfang der Datensicherung im Cluster** – Die Datensicherung MUSS Persistent Volumes, Kubernetes‑Control‑Plane‑Konfiguration, Cluster‑Zustand, etcd, Infrastrukturanwendungen, Code‑ und Image‑Registries umfassen; Snapshots DÜRFEN die Datensicherung nicht ersetzen Quelle: Datensicherung im Cluster (S.8‑9)";"1. Welche konkreten Rollen sind für die Umsetzung des Cloud‑Sicherheitskonzepts verantwortlich?
2. Wie wird die Verantwortung zwischen Cloud‑Anbieter und Cloud‑Anwender im Informationsverbund dokumentiert?
3. Welche Maßnahmen zur kontinuierlichen Überprüfung und Aktualisierung des Cloud‑Sicherheitskonzepts sind vorgesehen?";3;3;0.3333333333;0.0;1.0;0.17753417850215117;Welche konkreten Rollen sind für die Umsetzung des Cloud‑Sicherheitskonzepts verantwortlich?;1.0;2.0;Rollenverantwortung teilweise abgedeckt;Wie wird die Verantwortung zwischen Cloud‑Anbieter und Cloud‑Anwender im Informationsverbund dokumentiert?;2.0;2.0;Direkte Abdeckung durch IT-Grundschutz;Welche Maßnahmen zur kontinuierlichen Überprüfung und Aktualisierung des Cloud‑Sicherheitskonzepts sind vorgesehen?;2.0;2.0;Direkte Überprüfung und Aktualisierung;1.667;2.0
Wie gehen wir bei der Cloud-Nutzung mit dem veränderten Administrationsmodell um?;"Bei der Cloud-Nutzung verändert sich häufig das Rollenverständnis innerhalb des IT-Betriebs, insbesondere entwickeln sich Administrierende von der klassischen Systemadministration hin zu Service-Administration. Um mit diesem veränderten Administrationsmodell umzugehen, sollte ein Migrationskonzept erstellt werden, das organisatorische Regelungen, Aufgabenverteilung und Anpassung bestehender Betriebsprozesse umfasst. Es sollte auch sichergestellt werden, dass die eigene IT ausreichend im Migrationsprozess berücksichtigt wird und die Zuständigen ermitteln, ob die Mitarbeitenden zusätzlich geschult werden sollten. Quelle: OPS.2.2.A5 Planung der sicheren Migration zu einem Cloud-Dienst (S) [Fachverantwortliche]

Anschlussfragen:
1. Wie können die Gefährdungen und Anforderungen bei der Cloud-Nutzung unabhängig vom genutzten Service- und Bereitstellungsmodell berücksichtigt werden?
2. Welche Rolle spielt die Anbindung eines Cloud-Dienstes über entsprechende Schnittstellen bei der Sicherheit?
3. Wie unterscheidet sich die Nutzung von Cloud-Diensten vom klassischen IT-Outsourcing in Bezug auf Skalierbarkeit und Administration?";Bei der Cloud-Nutzung verändert sich häufig das Rollenverständnis innerhalb des IT-Betriebs, insbesondere entwickeln sich Administrierende von der klassischen Systemadministration hin zu Service-Administration. Um mit diesem veränderten Administrationsmodell umzugehen, sollte ein Migrationskonzept erstellt werden, das organisatorische Regelungen, Aufgabenverteilung und Anpassung bestehender Betriebsprozesse umfasst. Es sollte auch sichergestellt werden, dass die eigene IT ausreichend im Migrationsprozess berücksichtigt wird und die Zuständigen ermitteln, ob die Mitarbeitenden zusätzlich geschult werden sollten. Quelle: OPS.2.2.A5 Planung der sicheren Migration zu einem Cloud-Dienst (S) [Fachverantwortliche];"2.10. Unzureichendes Administrationsmodell für die CloudNutzung Werden Cloud-Dienste genutzt, verändert sich häufig das Rollenverständnis innerhalb des IT-Betriebs auf Seiten der nutzenden Institution. So entwickeln sich Administrierende oft weg von der klassischen Systemadministration hin zu Service-Administration. Wird dieser Prozess nicht ausreichend begleitet, kann sich dies negativ auf die Cloud-Nutzung auswirken, etwa, wenn die Administrierenden nicht das nötige Verständnis für die Umstellungen mitbringen oder sie für ihre neue Aufgabe nicht oder nur unzureichend geschult sind. In der Folge sind eventuell die Cloud-Dienste nicht ordnungsgemäß administriert und so nur noch eingeschränkt verfügbar oder sie fallen ganz aus.

OPS.2.2.A5 Planung der sicheren Migration zu einem Cloud-Dienst (S) [Fachverantwortliche] Bevor zu einem Cloud-Dienst migriert wird, SOLLTE ein Migrationskonzept erstellt werden. Dafür SOLLTEN zunächst organisatorische Regelungen sowie die Aufgabenverteilung festgelegt werden. Zudem SOLLTEN bestehende Betriebsprozesse hinsichtlich der Cloud-Nutzung identifiziert und angepasst werden. Es SOLLTE sichergestellt werden, dass die eigene IT ausreichend im Migrationsprozess berücksichtigt wird. Auch SOLLTEN die Zuständigen ermitteln, ob die Mitarbeitenden auf Seiten der Institution zusätzlich geschult werden sollten.";"- Vor dem Einsatz prüfen, ob das aktuelle Administrationsmodell an die Service‑Administration angepasst werden muss und die Ergebnisse schriftlich festhalten Quelle: Planung der sicheren Einbindung von Cloud-Diensten (S.1-2)  
- Rollen und Aufgaben für die neue Service‑Administration definieren, dabei die Grenze zwischen Anbieter‑ und Anwenderverantwortung klar abgrenzen und im ISMS verankern Quelle: Abgrenzung Und Modellierung (S.5-6)  
- Das angepasste Administrationsmodell in die Sicherheitskonzeption aufnehmen, notwendige Prozesse (z. B. Änderungs‑ und Patch‑Management) anpassen und regelmäßig überprüfen Quelle: Unzureichendes Administrationsmodell für die Cloud-Nutzung (S.3-4)  
- Mitarbeitende, die künftig Service‑Administration übernehmen, gezielt schulen und deren Kompetenz kontinuierlich prüfen Quelle: Unzureichendes Administrationsmodell für die Cloud-Nutzung (S.3-4)  
- Änderungen am Administrationsmodell dokumentieren und bei jeder Migration oder Vertragsänderung aktualisieren Quelle: Planung der sicheren Einbindung von Cloud-Diensten (S.1-2)  

Anschlussfragen:
1. Welche konkreten Rollen sollten im neuen Administrationsmodell definiert werden?
2. Wie lässt sich das Administrationsmodell in das bestehende Notfallvorsorgekonzept integrieren?
3. Welche Prüfungen sind nach einer Migration zu einem Cloud‑Dienst hinsichtlich des Administrationsmodells erforderlich?";"- Vor dem Einsatz prüfen, ob das aktuelle Administrationsmodell an die Service‑Administration angepasst werden muss und die Ergebnisse schriftlich festhalten Quelle: Planung der sicheren Einbindung von Cloud-Diensten (S.1-2)  
- Rollen und Aufgaben für die neue Service‑Administration definieren, dabei die Grenze zwischen Anbieter‑ und Anwenderverantwortung klar abgrenzen und im ISMS verankern Quelle: Abgrenzung Und Modellierung (S.5-6)  
- Das angepasste Administrationsmodell in die Sicherheitskonzeption aufnehmen, notwendige Prozesse (z. B. Änderungs‑ und Patch‑Management) anpassen und regelmäßig überprüfen Quelle: Unzureichendes Administrationsmodell für die Cloud-Nutzung (S.3-4)  
- Mitarbeitende, die künftig Service‑Administration übernehmen, gezielt schulen und deren Kompetenz kontinuierlich prüfen Quelle: Unzureichendes Administrationsmodell für die Cloud-Nutzung (S.3-4)  
- Änderungen am Administrationsmodell dokumentieren und bei jeder Migration oder Vertragsänderung aktualisieren Quelle: Planung der sicheren Einbindung von Cloud-Diensten (S.1-2)";"1. Welche konkreten Rollen sollten im neuen Administrationsmodell definiert werden?
2. Wie lässt sich das Administrationsmodell in das bestehende Notfallvorsorgekonzept integrieren?
3. Welche Prüfungen sind nach einer Migration zu einem Cloud‑Dienst hinsichtlich des Administrationsmodells erforderlich?";3;3;0.9428571428382857;1.0;0.5833333333333334;0.467945287175504;Welche konkreten Rollen sollten im neuen Administrationsmodell definiert werden?;2.0;2.0;Rollendefinition im Administrationsmodell;Wie lässt sich das Administrationsmodell in das bestehende Notfallvorsorgekonzept integrieren?;2.0;2.0;Direkte Integration in Notfallvorsorge;Welche Prüfungen sind nach einer Migration zu einem Cloud‑Dienst hinsichtlich des Administrationsmodells erforderlich?;2.0;2.0;Direkte Relevanz zu Cloud-Migration;2.0;2.0
Welche Nachweise sollten wir von Subunternehmern im Bereich Cloud-Dienstleistungen einfordern?;"Die Institution SOLLTE sich von den Cloud-Diensteanbietenden regelmäßig nachweisen lassen, dass die vereinbarten Sicherheitsanforderungen erfüllt sind, basierend auf einem international anerkannten Regelwerk wie IT-Grundschutz, ISO/IEC 27001 oder dem Anforderungskatalog Cloud Computing (C5) Quelle: OPS.2.2.A13 (S). Wenn Cloud-Diensteanbietende Subunternehmen nutzen, SOLLTEN sie der Institution regelmäßig nachweisen, dass diese Subunternehmen die notwendigen Audits durchführen Quelle: OPS.2.2.A13 (S). 

Anschlussfragen:
1. Wie sollten die vertraglichen Regelungen zwischen der Institution und den Cloud-Diensteanbietenden gestaltet werden, um den Schutzbedarf der Informationen zu gewährleisten?
2. Welche Rolle spielt die Offenlegung von Subunternehmen durch die Cloud-Diensteanbietenden im Rahmen des Vertrags?
3. Wie können die Sicherheitsanforderungen für die Cloud-Dienste unabhängig vom genutzten Service- und Bereitstellungsmodell gewährleistet werden?";Die Institution SOLLTE sich von den Cloud-Diensteanbietenden regelmäßig nachweisen lassen, dass die vereinbarten Sicherheitsanforderungen erfüllt sind, basierend auf einem international anerkannten Regelwerk wie IT-Grundschutz, ISO/IEC 27001 oder dem Anforderungskatalog Cloud Computing (C5) Quelle: OPS.2.2.A13 (S). Wenn Cloud-Diensteanbietende Subunternehmen nutzen, SOLLTEN sie der Institution regelmäßig nachweisen, dass diese Subunternehmen die notwendigen Audits durchführen Quelle: OPS.2.2.A13 (S).;"OPS.2.2.A13 Nachweis einer ausreichenden Informationssicherheit bei der Cloud-Nutzung (S) Die Institution SOLLTE sich von den Cloud-Diensteanbietenden regelmäßig nachweisen lassen, dass die vereinbarten Sicherheitsanforderungen erfüllt sind. Der Nachweis SOLLTE auf einem international anerkannten Regelwerk basieren (z. B. IT-Grundschutz, ISO/IEC 27001, Anforderungskatalog Cloud Computing (C5), Cloud Controls Matrix der Cloud Security Alliance). Die Institution SOLLTE prüfen, ob der Geltungsbereich und Schutzbedarf die genutzten Cloud-Dienste erfasst.
Nutzen Cloud-Diensteanbietende Subunternehmen, um die Cloud-Dienste zu erbringen, SOLLTEN Cloud-Diensteanbietende der Institution regelmäßig nachweisen, dass diese Subunternehmen die notwendigen Audits durchführen.

OPS.2.2.A9 Vertragsgestaltung mit den Cloud-Diensteanbietenden (S) [Institutionsleitung] Die vertraglichen Regelungen zwischen der auftraggebenden Institution und den CloudDiensteanbietenden SOLLTEN in Art, Umfang und Detaillierungsgrad dem Schutzbedarf der Informationen angepasst sein, die im Zusammenhang mit der Cloud-Nutzung stehen. Es SOLLTE geregelt werden, an welchem Standort die Cloud-Diensteanbietenden ihre Leistung erbringen. Zusätzlich SOLLTEN Eskalationsstufen und Kommunikationswege zwischen der Institution und den Cloud-Diensteanbietenden definiert werden. Auch SOLLTE vereinbart werden, wie die Daten der Institution sicher zu löschen sind. Ebenso SOLLTEN Kündigungsregelungen schriftlich fixiert werden. Die Cloud-Diensteanbietenden SOLLTEN alle Subunternehmen offenlegen, die sie für den CloudDienst benötigen.";Im bereitgestellten Kontext nicht enthalten;Im bereitgestellten Kontext nicht enthalten;;0;3;0.8333333332916666;1.0;0.0;0.0933248691391323;;;;;;;;;;;;;;
Wie gewährleisten wir kontinuierliche Compliance im Cloud-Betrieb?;"Um kontinuierliche Compliance im Cloud-Betrieb zu gewährleisten, sollten Institutionen regelmäßig ihre Dokumentationen und Richtlinien für die eingesetzten Cloud-Dienste aktualisieren und überprüfen, ob die vertraglich zugesicherten Leistungen erbracht werden Quelle: OPS.2.2.A12 (S). Es ist auch ratsam, regelmäßig mit den Cloud-Diensteanbietenden abzustimmen und Pläne für die Reaktion auf Systemausfälle zu erstellen Quelle: OPS.2.2.A12 (S). Darüber hinaus sollten Institutionen sich von den Cloud-Diensteanbietenden regelmäßig den Nachweis liefern lassen, dass die vereinbarten Sicherheitsanforderungen erfüllt sind, basierend auf international anerkannten Regelwerken wie dem IT-Grundschutz oder ISO/IEC 27001 Quelle: OPS.2.2.A13 (S).

Anschlussfragen:
1. Wie können Institutionen sicherstellen, dass ihre Cloud-Diensteanbietenden die notwendigen Audits durchführen, wenn Subunternehmen eingesetzt werden?
2. Welche Rolle spielt die Abgrenzung und Modellierung im Baustein OPS.2.2 Cloud-Nutzung, und wie wirkt sie sich auf die Sicherheitsanforderungen aus?
3. Wie können Institutionen die Schnittstellen zwischen verschiedenen Cloud-Diensteanbietenden sicher gestalten, um eine kontinuierliche Compliance zu gewährleisten?";Um kontinuierliche Compliance im Cloud-Betrieb zu gewährleisten, sollten Institutionen regelmäßig ihre Dokumentationen und Richtlinien für die eingesetzten Cloud-Dienste aktualisieren und überprüfen, ob die vertraglich zugesicherten Leistungen erbracht werden Quelle: OPS.2.2.A12 (S). Es ist auch ratsam, regelmäßig mit den Cloud-Diensteanbietenden abzustimmen und Pläne für die Reaktion auf Systemausfälle zu erstellen Quelle: OPS.2.2.A12 (S). Darüber hinaus sollten Institutionen sich von den Cloud-Diensteanbietenden regelmäßig den Nachweis liefern lassen, dass die vereinbarten Sicherheitsanforderungen erfüllt sind, basierend auf international anerkannten Regelwerken wie dem IT-Grundschutz oder ISO/IEC 27001 Quelle: OPS.2.2.A13 (S).;"OPS.2.2.A12 Aufrechterhaltung der Informationssicherheit im laufenden Cloud-Nutzungs-Betrieb (S) Alle für die eingesetzten Cloud-Dienste erstellten Dokumentationen und Richtlinien SOLLTEN regelmäßig aktualisiert werden. Es SOLLTE außerdem periodisch kontrolliert werden, ob dievertraglich zugesicherten Leistungen erbracht werden. Auch SOLLTEN sich die CloudDiensteanbietenden und die Institution nach Möglichkeit regelmäßig abstimmen. Ebenso SOLLTE geplant und geübt werden, wie auf Systemausfälle zu reagieren ist.

OPS.2.2.A13 Nachweis einer ausreichenden Informationssicherheit bei der Cloud-Nutzung (S) Die Institution SOLLTE sich von den Cloud-Diensteanbietenden regelmäßig nachweisen lassen, dass die vereinbarten Sicherheitsanforderungen erfüllt sind. Der Nachweis SOLLTE auf einem international anerkannten Regelwerk basieren (z. B. IT-Grundschutz, ISO/IEC 27001, Anforderungskatalog Cloud Computing (C5), Cloud Controls Matrix der Cloud Security Alliance). Die Institution SOLLTE prüfen, ob der Geltungsbereich und Schutzbedarf die genutzten Cloud-Dienste erfasst. Nutzen Cloud-Diensteanbietende Subunternehmen, um die Cloud-Dienste zu erbringen, SOLLTEN Cloud-Diensteanbietende der Institution regelmäßig nachweisen, dass diese Subunternehmen die notwendigen Audits durchführen.";"Im bereitgestellten Kontext nicht enthalten

Anschlussfragen:
1. Welche konkreten Bausteine des IT‑Grundschutz‑Kompendiums sollen für die Cloud‑Compliance herangezogen werden?
2. Wie kann die regelmäßige Überprüfung vertraglich zugesicherter Leistungen praktisch umgesetzt werden?
3. Welche Rollen und Verantwortlichkeiten sind für das Notfallvorsorgekonzept im Cloud‑Betrieb zu definieren?";Im bereitgestellten Kontext nicht enthalten;"1. Welche konkreten Bausteine des IT‑Grundschutz‑Kompendiums sollen für die Cloud‑Compliance herangezogen werden?
2. Wie kann die regelmäßige Überprüfung vertraglich zugesicherter Leistungen praktisch umgesetzt werden?
3. Welche Rollen und Verantwortlichkeiten sind für das Notfallvorsorgekonzept im Cloud‑Betrieb zu definieren?";3;3;0.8972222222072685;1.0;;0.09283098729909045;Welche konkreten Bausteine des IT‑Grundschutz‑Kompendiums sollen für die Cloud‑Compliance herangezogen werden?;2.0;2.0;Direkte Bezugnahme auf IT-Grundschutz-Kompendium;Wie kann die regelmäßige Überprüfung vertraglich zugesicherter Leistungen praktisch umgesetzt werden?;2.0;2.0;Direkte Überprüfung vertraglicher Leistungen;Welche Rollen und Verantwortlichkeiten sind für das Notfallvorsorgekonzept im Cloud‑Betrieb zu definieren?;2.0;2.0;Direkt relevante Vertiefung;2.0;2.0
Warum ist ORP.1 Organisation ein eigener Baustein im IT-Grundschutz?;"ORP.1 Organisation ist ein eigener Baustein im IT-Grundschutz, da jede Institution eine zuständige Dienststelle benötigt, um den allgemeinen Betrieb zu steuern und zu regeln sowie um Verwaltungsdienstleistungen zu planen, zu organisieren und durchzuführen Quelle: 1.1. Einleitung. Dieser Baustein soll allgemeine und übergreifende Anforderungen im Bereich Organisation aufzeigen, um das Niveau der Informationssicherheit zu erhöhen und zu erhalten Quelle: 1.2. Zielsetzung. 

Anschlussfragen:
1. Wie werden Informationsflüsse und Prozesse im Baustein ORP.1 geregelt?
2. Welche Rolle spielt die Aufbau- und Ablauforganisation im Kontext des IT-Grundschutzes?
3. Wie trägt der Baustein ORP.1 zur Erhöhung des Niveaus der Informationssicherheit bei?";ORP.1 Organisation ist ein eigener Baustein im IT-Grundschutz, da jede Institution eine zuständige Dienststelle benötigt, um den allgemeinen Betrieb zu steuern und zu regeln sowie um Verwaltungsdienstleistungen zu planen, zu organisieren und durchzuführen Quelle: 1.1. Einleitung. Dieser Baustein soll allgemeine und übergreifende Anforderungen im Bereich Organisation aufzeigen, um das Niveau der Informationssicherheit zu erhöhen und zu erhalten Quelle: 1.2. Zielsetzung.;"1.1. Einleitung Jede Institution benötigt eine hierfür zuständige Dienststelle, um den allgemeinen Betrieb zu steuern und zu regeln sowie um Verwaltungsdienstleistungen zu planen, zu organisieren und durchzuführen. Die meisten Institutionen haben hierfür eine Organisationseinheit, die dieses Zusammenspiel der verschiedenen Rollen und Einheiten mit den entsprechenden Geschäftsprozessen und Ressourcen steuert. Bereits auf dieser übergreifenden Ebene sind Aspekte der Informationssicherheit einzubringen und verbindlich festzulegen.

1.2. Zielsetzung Mit diesem Baustein werden allgemeine und übergreifende Anforderungen im Bereich Organisation aufgeführt, die dazu beitragen, das Niveau der Informationssicherheit zu erhöhen und zu erhalten. In diesem Zusammenhang sind Informationsflüsse, Prozesse, Rollenverteilungen sowie die Aufbau- und Ablauforganisation zu regeln.";"ORP.1 Organisation ist ein eigenständiger Baustein, weil er die übergeordnete Basis für die Umsetzung von Informationssicherheit in einer Institution bildet und damit die Rahmenbedingungen für alle nachfolgenden Bausteine schafft Quelle: Organisation (S.1‑2). Er regelt auf der Ebene der Aufbau‑ und Ablauforganisation, Rollenverteilung und Informationsflüsse, die bereits in der Einleitung als notwendige Steuer‑ und Planungseinheit definiert werden Quelle: Organisation (S.1‑3). Der Baustein muss mindestens einmal pro Informationsverbund angewendet werden und wird bei unterschiedlichen Organisationseinheiten separat berücksichtigt, was seine generelle Gültigkeit unterstreicht Quelle: Abgrenzung Und Modellierung (S.4‑5). Gleichzeitig wird ausdrücklich festgehalten, dass ORP.1 keine Detailaspekte zu Personal, Schulung, Identitäts‑ und Berechtigungsmanagement oder Compliance behandelt; diese werden in den Bausteinen ORP.2‑ORP.5 behandelt Quelle: Abgrenzung Und Modellierung (S.6‑8). Durch diese klare Trennung lässt sich ein strukturiertes, schichtweises Modell erstellen, in dem ORP.1 die Grundvoraussetzungen für alle weiteren Sicherheitsmaßnahmen liefert Quelle: Abgrenzung Und Modellierung (S.9‑10).

Anschlussfragen:
1. Wie wird der Baustein ORP.1 konkret auf einzelne Organisationseinheiten angewendet?
2. Welche Rollen und Verantwortlichkeiten werden in ORP.1 definiert?
3. Wie unterstützt ORP.1 die Umsetzung der nachfolgenden Bausteine wie ORP.2 Personal?";"ORP.1 Organisation ist ein eigenständiger Baustein, weil er die übergeordnete Basis für die Umsetzung von Informationssicherheit in einer Institution bildet und damit die Rahmenbedingungen für alle nachfolgenden Bausteine schafft Quelle: Organisation (S.1‑2). Er regelt auf der Ebene der Aufbau‑ und Ablauforganisation, Rollenverteilung und Informationsflüsse, die bereits in der Einleitung als notwendige Steuer‑ und Planungseinheit definiert werden Quelle: Organisation (S.1‑3). Der Baustein muss mindestens einmal pro Informationsverbund angewendet werden und wird bei unterschiedlichen Organisationseinheiten separat berücksichtigt, was seine generelle Gültigkeit unterstreicht Quelle: Abgrenzung Und Modellierung (S.4‑5). Gleichzeitig wird ausdrücklich festgehalten, dass ORP.1 keine Detailaspekte zu Personal, Schulung, Identitäts‑ und Berechtigungsmanagement oder Compliance behandelt; diese werden in den Bausteinen ORP.2‑ORP.5 behandelt Quelle: Abgrenzung Und Modellierung (S.6‑8). Durch diese klare Trennung lässt sich ein strukturiertes, schichtweises Modell erstellen, in dem ORP.1 die Grundvoraussetzungen für alle weiteren Sicherheitsmaßnahmen liefert Quelle: Abgrenzung Und Modellierung (S.9‑10).";"1. Wie wird der Baustein ORP.1 konkret auf einzelne Organisationseinheiten angewendet?
2. Welche Rollen und Verantwortlichkeiten werden in ORP.1 definiert?
3. Wie unterstützt ORP.1 die Umsetzung der nachfolgenden Bausteine wie ORP.2 Personal?";3;3;0.62499999996875;1.0;0.625;0.26897554644121946;Wie wird der Baustein ORP.1 konkret auf einzelne Organisationseinheiten angewendet?;2.0;2.0;Direkte Anwendung von ORP.1;Welche Rollen und Verantwortlichkeiten werden in ORP.1 definiert?;2.0;2.0;Rollen und Verantwortlichkeiten in ORP.1;Wie unterstützt ORP.1 die Umsetzung der nachfolgenden Bausteine wie ORP.2 Personal?;1.0;2.0;Teilweise abgedeckt durch ORP.1 und ORP.2;1.667;2.0
Wie wird sichergestellt, dass Mitarbeitende IT-Sicherheitsregeln einhalten?;"Um sicherzustellen, dass Mitarbeitende IT-Sicherheitsregeln einhalten, SOLLTE eine Richtlinie zur sicheren IT-Nutzung erstellt werden, die für alle Mitarbeitenden transparent beschreibt, welche Rahmenbedingungen bei der IT-Nutzung eingehalten werden müssen und welche Sicherheitsmaßnahmen zu ergreifen sind Quelle: ORP.1.A16 (S). Diese Richtlinie SOLLTE allen Benutzenden zur Kenntnis gegeben werden und von jedem neuen Benutzenden schriftlich bestätigt werden, bevor er die Informationstechnik nutzen darf Quelle: ORP.1.A16 (S). 

Darüber hinaus MUSS es in jeder Institution Ansprechpersonen für Sicherheitsfragen geben, die sowohl einfache als auch komplexe oder technische Fragen beantworten können Quelle: ORP.1.A15 (S). 

Anschlussfragen:
1. Wie sollten die Richtlinien zur sicheren IT-Nutzung den Mitarbeitenden zugänglich gemacht werden?
2. Welche Rolle spielen Ansprechpersonen zu Informationssicherheitsfragen in der Institution?
3. Wie oft sollten die Richtlinien zur sicheren IT-Nutzung von den Benutzenden bestätigt werden?";"Um sicherzustellen, dass Mitarbeitende IT-Sicherheitsregeln einhalten, SOLLTE eine Richtlinie zur sicheren IT-Nutzung erstellt werden, die für alle Mitarbeitenden transparent beschreibt, welche Rahmenbedingungen bei der IT-Nutzung eingehalten werden müssen und welche Sicherheitsmaßnahmen zu ergreifen sind Quelle: ORP.1.A16 (S). Diese Richtlinie SOLLTE allen Benutzenden zur Kenntnis gegeben werden und von jedem neuen Benutzenden schriftlich bestätigt werden, bevor er die Informationstechnik nutzen darf Quelle: ORP.1.A16 (S). 

Darüber hinaus MUSS es in jeder Institution Ansprechpersonen für Sicherheitsfragen geben, die sowohl einfache als auch komplexe oder technische Fragen beantworten können Quelle: ORP.1.A15 (S).";"ORP.1.A16 Richtlinie zur sicheren IT-Nutzung (S) [Benutzende] Es SOLLTE eine Richtlinie erstellt werden, in der für alle Mitarbeitenden transparent beschrieben wird, welche Rahmenbedingungen bei der IT-Nutzung eingehalten werden müssen und welche Sicherheitsmaßnahmen zu ergreifen sind. Die Richtlinie SOLLTE folgende Punkte abdecken:

• Sicherheitsziele der Institution,

• wichtige Begriffe,

• Aufgaben und Rollen mit Bezug zur Informationssicherheit,

• Ansprechperson zu Fragen der Informationssicherheit sowie

• von den Mitarbeitenden umzusetzende und einzuhaltende Sicherheitsmaßnahmen.

Die Richtlinie SOLLTE allen Benutzenden zur Kenntnis gegeben werden. Jeder neue Benutzende SOLLTE die Kenntnisnahme und Beachtung der Richtlinie schriftlich bestätigen, bevor er die Informationstechnik nutzen darf. Benutzende SOLLTEN die Richtlinie regelmäßig oder nach größeren Änderungen erneut bestätigen. Die Richtlinie sollte zum Nachlesen für alle Mitarbeitenden frei zugänglich abgelegt werden, beispielsweise im Intranet.

ORP.1.A15 Ansprechperson zu Informationssicherheitsfragen (B) In jeder Institution MUSS es Ansprechpersonen für Sicherheitsfragen geben, die sowohl scheinbar einfache wie auch komplexe oder technische Fragen beantworten können. Die Ansprechpersonen MÜSSEN allen Mitarbeitenden der Institution bekannt sein. Diesbezügliche Informationen MÜSSEN in der Institution für alle verfügbar und leicht zugänglich sein.";Im bereitgestellten Kontext nicht enthalten;Im bereitgestellten Kontext nicht enthalten;;0;3;0.9583333333173611;0.6428571428571429;0.0;0.0930972615984125;;;;;;;;;;;;;;
Wie wird mit institutionsfremden Personen organisatorisch umgegangen?;"Institutionsfremde Personen MÜSSEN von Mitarbeitenden zu den Räumen begleitet werden, um sicherzustellen, dass sie nicht unbeaufsichtigt bleiben. Die Mitarbeitenden der Institution MÜSSEN institutionsfremde Personen in sensiblen Bereichen beaufsichtigen, um Missbrauch oder Gefährdung von Informationen und IT-Systemen zu verhindern Quelle: ORP.1.A3 (S. nicht spezifiziert). Dies ist notwendig, da institutionsfremde Personen, wie z.B. Besuchende, Reinigungs- oder Fremdpersonal, interne Informationen, Geschäftsprozesse und IT-Systeme auf verschiedene Arten gefährden können Quelle: 2.4. Gefährdung durch Institutionsfremde (S. nicht spezifiziert).

Anschlussfragen:
1. Wie können institutionsfremde Personen die Informationssicherheit einer Institution gefährden?
2. Welche Rolle spielen Mitarbeitende bei der Beaufsichtigung von institutionsfremden Personen in sensiblen Bereichen?
3. Wie werden die Anforderungen an die Begleitung und Beaufsichtigung von institutionsfremden Personen in der Praxis umgesetzt?";Institutionsfremde Personen MÜSSEN von Mitarbeitenden zu den Räumen begleitet werden, um sicherzustellen, dass sie nicht unbeaufsichtigt bleiben. Die Mitarbeitenden der Institution MÜSSEN institutionsfremde Personen in sensiblen Bereichen beaufsichtigen, um Missbrauch oder Gefährdung von Informationen und IT-Systemen zu verhindern Quelle: ORP.1.A3 (S. nicht spezifiziert). Dies ist notwendig, da institutionsfremde Personen, wie z.B. Besuchende, Reinigungs- oder Fremdpersonal, interne Informationen, Geschäftsprozesse und IT-Systeme auf verschiedene Arten gefährden können Quelle: 2.4. Gefährdung durch Institutionsfremde (S. nicht spezifiziert).;"ORP.1.A3 Beaufsichtigung oder Begleitung von Fremdpersonen (B) [Mitarbeitende] Institutionsfremde Personen MÜSSEN von Mitarbeitenden zu den Räumen begleitet werden. Die Mitarbeitenden der Institution MÜSSEN institutionsfremde Personen in sensiblen Bereichen beaufsichtigen. Die Mitarbeitenden SOLLTEN dazu angehalten werden, institutionsfremde Personen in den Räumen der Institution nicht unbeaufsichtigt zu lassen.

2.4. Gefährdung durch Institutionsfremde Bei Institutionsfremden kann grundsätzlich nicht vorausgesetzt werden, dass sie mit ihnen zugänglichen Informationen und der Informationstechnik entsprechend den Vorgaben der besuchten Institution umgehen. Besuchende, Reinigungs- und Fremdpersonal können interne Informationen, Geschäftsprozesse und IT-Systeme auf verschiedene Arten gefährden, angefangen von der unsachgemäßen Behandlung der technischen Einrichtungen über den Versuch des „Spielens“ an IT-Systemen bis hin zum Diebstahl von Unterlagen oder IT-Komponenten.
Beispiele:

• Unbegleitete Besuchende können auf Unterlagen und Datenträger zugreifen oder Zugang zu Geräten haben, diese beschädigen oder schützenswerte Informationen ausspähen.

• Reinigungskräfte können versehentlich Steckverbindungen lösen, Wasser in Geräte laufen lassen, Unterlagen verlegen oder mit dem Abfall entsorgen.";Im bereitgestellten Kontext nicht enthalten;Im bereitgestellten Kontext nicht enthalten;;0;3;0.8541666666453125;1.0;0.0;0.11133402339158455;;;;;;;;;;;;;;
Welche organisatorischen Risiken bestehen bei fehlender Geräteverwaltung?;"Fehlende Geräteverwaltung kann zu verschiedenen organisatorischen Risiken führen. Wenn benötigte Betriebsmittel in zu geringer Menge vorhanden sind oder nicht termingerecht bereitgestellt werden, können in der Institution Störungen eintreten Quelle: 2.3. Fehlende, ungeeignete oder inkompatible Betriebsmittel (S). Ebenso kann es vorkommen, dass ungeeignete oder sogar inkompatible Betriebsmittel beschafft werden, die infolgedessen nicht eingesetzt werden können Quelle: 2.3. Fehlende, ungeeignete oder inkompatible Betriebsmittel (S). Beispielsweise kann die Kapazität der Batterien einer unterbrechungsfreien Stromversorgung (USV-Anlage) nicht rechtzeitig überprüft werden, was zu einem Stromausfall führen kann Quelle: 2.3. Fehlende, ungeeignete oder inkompatible Betriebsmittel (S). 

Anschlussfragen:
1. Wie kann eine Institution die Verfügbarkeit von Betriebsmitteln sicherstellen, um Störungen zu vermeiden?
2. Welche Rolle spielt die Wartung von Betriebsmitteln bei der Vermeidung von Schäden?
3. Wie kann eine Institution sicherstellen, dass die eingesetzten Betriebsmittel kompatibel sind und den Anforderungen entsprechen?";Fehlende Geräteverwaltung kann zu verschiedenen organisatorischen Risiken führen. Wenn benötigte Betriebsmittel in zu geringer Menge vorhanden sind oder nicht termingerecht bereitgestellt werden, können in der Institution Störungen eintreten Quelle: 2.3. Fehlende, ungeeignete oder inkompatible Betriebsmittel (S). Ebenso kann es vorkommen, dass ungeeignete oder sogar inkompatible Betriebsmittel beschafft werden, die infolgedessen nicht eingesetzt werden können Quelle: 2.3. Fehlende, ungeeignete oder inkompatible Betriebsmittel (S). Beispielsweise kann die Kapazität der Batterien einer unterbrechungsfreien Stromversorgung (USV-Anlage) nicht rechtzeitig überprüft werden, was zu einem Stromausfall führen kann Quelle: 2.3. Fehlende, ungeeignete oder inkompatible Betriebsmittel (S).;"ORP.1.A8 Betriebsmittel- und Geräteverwaltung (S) [IT-Betrieb] Alle Geräte und Betriebsmittel, die Einfluss auf die Informationssicherheit haben und die zur Aufgabenerfüllung und zur Einhaltung der Sicherheitsanforderungen erforderlich sind, SOLLTEN in ausreichender Menge vorhanden sein. Es SOLLTE geeignete Prüf- und Genehmigungsverfahren vor Einsatz der Geräte und Betriebsmittel geben. Geräte und Betriebsmittel SOLLTEN in geeigneten Bestandsverzeichnissen aufgelistet werden. Um den Missbrauch von Daten zu verhindern, SOLLTE die zuverlässige Löschung oder Vernichtung von Geräten und Betriebsmitteln geregelt sein (siehe hierzu CON.6 Löschen und Vernichten).

2.3. Fehlende, ungeeignete oder inkompatible Betriebsmittel Wenn benötigte Betriebsmittel in zu geringer Menge vorhanden sind oder nicht termingerecht bereitgestellt werden, können in der Institution Störungen eintreten. Ebenso kann es vorkommen, dass ungeeignete oder sogar inkompatible Betriebsmittel beschafft werden, die infolgedessen nicht eingesetzt werden können. Beispiel: Der Speicherplatz von Festplatten bei Clients und Servern sowie mobiler Datenträger steigt ständig. Dabei wird häufig vergessen, IT-Komponenten und Datenträger zu beschaffen, die für eine regelmäßige Datensicherung ausreichend Kapazität bieten. Ebenso muss die Funktionsfähigkeit der eingesetzten Betriebsmittel gewährleistet sein. Wenn Wartungsarbeiten nicht oder nur unzureichend durchgeführt werden, können daraus hohe Schäden entstehen.
Beispiele:

• Die Kapazität der Batterien einer unterbrechungsfreien Stromversorgung (USV-Anlage) wurde nicht rechtzeitig überprüft. Ist die Kapazität bzw. der Säuregehalt zu gering, kann die USVAnlage einen Stromausfall nicht mehr ausreichend lange überbrücken.

• Die Feuerlöscher wurden nicht rechtzeitig gewartet und verfügen deshalb nicht mehr über einen ausreichenden Druck. Ihre Löschleistung ist somit im Brandfall nicht mehr gewährleistet.";"Fehlende oder lückenhafte Geräte‑/Fernwartungsverwaltung erzeugt mehrere organisatorische Risiken:

- Die Zugänge bleiben unübersichtlich und fehleranfällig, sodass nicht nachvollziehbare OT‑Fernwartungsgeräte nicht erfasst werden Quelle: Fernwartung im industriellen Umfeld (S.1‑3).  
- Undokumentierte Geräte verhindern, dass Betreiber Zugriffe unterbinden können; dadurch können unautorisierte Personen kritische Prozess‑ und Sicherheitsfunktionen beeinflussen Quelle: Fernwartung im industriellen Umfeld (S.4‑6).  
- Dezentrale Erfassung führt dazu, dass notwendige Änderungen an einzelnen Geräten unterbleiben oder nicht nachvollziehbar sind, was zu Fehlkonfigurationen und erhöhtem Fehlerrisiko führt Quelle: Fernwartung im industriellen Umfeld (S.7‑9).  
- Fehlende oder unzureichende Regelungen lassen Mitarbeitende ohne klare Vorgaben handeln; dadurch entstehen Sicherheitslücken, weil niemand weiß, wie bei Vorfällen zu reagieren ist Quelle: Fehlende oder unzureichende Regelungen (S.10‑12).  
- Unzureichende Dokumentation von Geräten und Zugriffsrechten führt zu falschen Konfigurationen und erschwert das Incident‑Management, weil der Ist‑Zustand nicht bekannt ist Quelle: Unzureichende Dokumentation (S.13‑15).  
- Nicht geregelte Zuständigkeiten bewirken, dass Administrationsaufgaben von falschen Personen ausgeführt werden oder zu viele Rechte vergeben werden, was das Risiko von Missbrauch und fehlender Kontrolle erhöht Quelle: Unzureichend geregelte Zuständigkeiten (S.16‑18).

Anschlussfragen:
1. Welche konkreten Maßnahmen zur Verbesserung der Dokumentation von OT‑Fernwartungsgeräten werden im IT‑Grundschutz empfohlen?
2. Wie können Rollen‑ und Berechtigungsmodelle so gestaltet werden, dass Verantwortlichkeiten für Geräteverwaltung eindeutig sind?
3. Welche Auswirkungen hat eine fehlende Geräteverwaltung auf die Verfügbarkeit kritischer Produktionsprozesse?";"Fehlende oder lückenhafte Geräte‑/Fernwartungsverwaltung erzeugt mehrere organisatorische Risiken:

- Die Zugänge bleiben unübersichtlich und fehleranfällig, sodass nicht nachvollziehbare OT‑Fernwartungsgeräte nicht erfasst werden Quelle: Fernwartung im industriellen Umfeld (S.1‑3).  
- Undokumentierte Geräte verhindern, dass Betreiber Zugriffe unterbinden können; dadurch können unautorisierte Personen kritische Prozess‑ und Sicherheitsfunktionen beeinflussen Quelle: Fernwartung im industriellen Umfeld (S.4‑6).  
- Dezentrale Erfassung führt dazu, dass notwendige Änderungen an einzelnen Geräten unterbleiben oder nicht nachvollziehbar sind, was zu Fehlkonfigurationen und erhöhtem Fehlerrisiko führt Quelle: Fernwartung im industriellen Umfeld (S.7‑9).  
- Fehlende oder unzureichende Regelungen lassen Mitarbeitende ohne klare Vorgaben handeln; dadurch entstehen Sicherheitslücken, weil niemand weiß, wie bei Vorfällen zu reagieren ist Quelle: Fehlende oder unzureichende Regelungen (S.10‑12).  
- Unzureichende Dokumentation von Geräten und Zugriffsrechten führt zu falschen Konfigurationen und erschwert das Incident‑Management, weil der Ist‑Zustand nicht bekannt ist Quelle: Unzureichende Dokumentation (S.13‑15).  
- Nicht geregelte Zuständigkeiten bewirken, dass Administrationsaufgaben von falschen Personen ausgeführt werden oder zu viele Rechte vergeben werden, was das Risiko von Missbrauch und fehlender Kontrolle erhöht Quelle: Unzureichend geregelte Zuständigkeiten (S.16‑18).";"1. Welche konkreten Maßnahmen zur Verbesserung der Dokumentation von OT‑Fernwartungsgeräten werden im IT‑Grundschutz empfohlen?
2. Wie können Rollen‑ und Berechtigungsmodelle so gestaltet werden, dass Verantwortlichkeiten für Geräteverwaltung eindeutig sind?
3. Welche Auswirkungen hat eine fehlende Geräteverwaltung auf die Verfügbarkeit kritischer Produktionsprozesse?";3;3;0.6458333333171874;1.0;1.0;0.23063434623754084;Welche konkreten Maßnahmen zur Verbesserung der Dokumentation von OT‑Fernwartungsgeräten werden im IT‑Grundschutz empfohlen?;2.0;2.0;Direkte Empfehlungen im IT-Grundschutz;Wie können Rollen‑ und Berechtigungsmodelle so gestaltet werden, dass Verantwortlichkeiten für Geräteverwaltung eindeutig sind?;2.0;2.0;Rollen- und Berechtigungsmodelle;Welche Auswirkungen hat eine fehlende Geräteverwaltung auf die Verfügbarkeit kritischer Produktionsprozesse?;1.0;2.0;Teilweise abgedeckt durch OT-Beispiele;1.667;2.0
Wann müssen Berechtigungen entzogen werden?;"Berechtigungen MÜSSEN entzogen werden, wenn personelle Veränderungen eintreten und die Berechtigungen nicht mehr benötigt werden Quelle: ORP.4.A2 (S.?). Dies entspricht dem Prinzip der geringsten Berechtigungen und dem Erforderlichkeitsprinzip Quelle: ORP.4.A2 (S.?).

Anschlussfragen:
1. Wie werden Benutzendenkennungen und Berechtigungen im Unternehmen vergeben?
2. Was passiert, wenn Mitarbeitende Berechtigungen beantragen, die über den Standard hinausgehen?
3. Wie sollten Zugriffsberechtigungen auf Systemverzeichnisse und -dateien eingeschränkt werden?";Berechtigungen MÜSSEN entzogen werden, wenn personelle Veränderungen eintreten und die Berechtigungen nicht mehr benötigt werden Quelle: ORP.4.A2 (S.?). Dies entspricht dem Prinzip der geringsten Berechtigungen und dem Erforderlichkeitsprinzip Quelle: ORP.4.A2 (S.?).;ORP.4.A2 Einrichtung, Änderung und Entzug von Berechtigungen (B) [ITBetrieb] Benutzendenkennungen und Berechtigungen DÜRFEN NUR aufgrund des tatsächlichen Bedarfs und der Notwendigkeit zur Aufgabenerfüllung vergeben werden (Prinzip der geringsten Berechtigungen, englisch Least Privileges und Erforderlichkeitsprinzip, englisch Need-to-know). Bei personellen Veränderungen MÜSSEN die nicht mehr benötigten Benutzendenkennungen und Berechtigungen entfernt werden. Beantragen Mitarbeitende Berechtigungen, die über den Standard hinausgehen, DÜRFEN diese NUR nach zusätzlicher Begründung und Prüfung vergeben werden. Zugriffsberechtigungen auf Systemverzeichnisse und -dateien SOLLTEN restriktiv eingeschränkt werden. Alle Berechtigungen MÜSSEN über separate administrative Rollen eingerichtet werden.;"- Bei personellen Veränderungen MÜSSEN die nicht mehr benötigten Benutzendenkennungen und Berechtigungen entfernt werden Quelle: Einrichtung, Änderung und Entzug von Berechtigungen (S.1)  
- Wird eine Person von Administrationsaufgaben entbunden, MÜSSEN alle damit zusammenhängenden privilegierten Berechtigungen auf organisatorischer und technischer Ebene entzogen, persönliche administrative Konten gesperrt und Passwörter aller administrativen Konten geändert werden Quelle: Beendigung der Tätigkeit in der IT-Administration (S.1)  
- Falls die Entbindung nicht im Einvernehmen erfolgt, SOLLTE geprüft werden, ob nicht dokumentierte administrative Rechte vorliegen; wenn solche gefunden werden, MÜSSEN sie wieder entzogen werden Quelle: Beendigung der Tätigkeit in der IT-Administration (S.2)  
- Bei längeren Abwesenheiten SOLLTEN berechtigte Personen vorübergehend gesperrt werden Quelle: Vergabe von Zugangsberechtigungen (S.1)  
- Bei längeren Abwesenheiten SOLLTEN berechtigte Personen vorübergehend gesperrt werden Quelle: Vergabe von Zugriffsrechten (S.1)  
- Vor Auslandsreisen SOLLTE geprüft werden, ob Zugriffsrechte für die Reisedauer entzogen werden können, um unbefugten Zugriff zu verhindern Quelle: Eingeschränkte Berechtigungen auf Auslandsreisen (S.1)  
- Wenn Zugangsmittel (z. B. Chipkarten) kompromittiert wurden, MÜSSEN sie ausgewechselt und die zugehörigen Zugriffsrechte entzogen werden Quelle: Vergabe von Zugangsberechtigungen (S.2)  

Anschlussfragen:
1. Welche konkreten Prozesse sollten für die zentrale Deaktivierung von Konten implementiert werden?
2. Wie kann die Prüfung nicht dokumentierter administrativer Rechte automatisiert werden?
3. Welche Schulungsinhalte sind für den korrekten Umgang mit Zugangs‑ und Zugriffsrechten empfehlenswert?";"- Bei personellen Veränderungen MÜSSEN die nicht mehr benötigten Benutzendenkennungen und Berechtigungen entfernt werden Quelle: Einrichtung, Änderung und Entzug von Berechtigungen (S.1)  
- Wird eine Person von Administrationsaufgaben entbunden, MÜSSEN alle damit zusammenhängenden privilegierten Berechtigungen auf organisatorischer und technischer Ebene entzogen, persönliche administrative Konten gesperrt und Passwörter aller administrativen Konten geändert werden Quelle: Beendigung der Tätigkeit in der IT-Administration (S.1)  
- Falls die Entbindung nicht im Einvernehmen erfolgt, SOLLTE geprüft werden, ob nicht dokumentierte administrative Rechte vorliegen; wenn solche gefunden werden, MÜSSEN sie wieder entzogen werden Quelle: Beendigung der Tätigkeit in der IT-Administration (S.2)  
- Bei längeren Abwesenheiten SOLLTEN berechtigte Personen vorübergehend gesperrt werden Quelle: Vergabe von Zugangsberechtigungen (S.1)  
- Bei längeren Abwesenheiten SOLLTEN berechtigte Personen vorübergehend gesperrt werden Quelle: Vergabe von Zugriffsrechten (S.1)  
- Vor Auslandsreisen SOLLTE geprüft werden, ob Zugriffsrechte für die Reisedauer entzogen werden können, um unbefugten Zugriff zu verhindern Quelle: Eingeschränkte Berechtigungen auf Auslandsreisen (S.1)  
- Wenn Zugangsmittel (z. B. Chipkarten) kompromittiert wurden, MÜSSEN sie ausgewechselt und die zugehörigen Zugriffsrechte entzogen werden Quelle: Vergabe von Zugangsberechtigungen (S.2)";"1. Welche konkreten Prozesse sollten für die zentrale Deaktivierung von Konten implementiert werden?
2. Wie kann die Prüfung nicht dokumentierter administrativer Rechte automatisiert werden?
3. Welche Schulungsinhalte sind für den korrekten Umgang mit Zugangs‑ und Zugriffsrechten empfehlenswert?";3;3;0.9821428571288265;1.0;0.9;0.5260849542994441;Welche konkreten Prozesse sollten für die zentrale Deaktivierung von Konten implementiert werden?;1.0;2.0;Teilweise abgedeckt;Wie kann die Prüfung nicht dokumentierter administrativer Rechte automatisiert werden?;1.0;1.0;Teilweise abgedeckt, thematisch verwandt;Welche Schulungsinhalte sind für den korrekten Umgang mit Zugangs‑ und Zugriffsrechten empfehlenswert?;1.0;1.0;Teilweise abgedeckt, thematisch verwandt;1.0;1.333
Weshalb sind Passwortregeln erforderlich?;"Passwortregeln sind erforderlich, um den Schutz von Passwörtern und die Sicherheit von IT-Systemen und Anwendungen zu gewährleisten. Die Institution MUSS den Passwortgebrauch verbindlich regeln, um zu verhindern, dass Passwörter leicht zu erraten sind oder in gängigen Passwortlisten geführt werden Quelle: ORP.4.A8 Regelung des Passwortgebrauchs (B) [Benutzende, IT-Betrieb] (S.73). Dies umfasst auch die Regelung, dass Passwörter nicht mehrfach verwendet werden dürfen und für jedes IT-System bzw. jede Anwendung ein eigenständiges Passwort verwendet werden muss Quelle: ORP.4.A8 Regelung des Passwortgebrauchs (B) [Benutzende, IT-Betrieb] (S.73). 

Anschlussfragen:
1. Wie oft sollten Passwörter geändert werden, wenn sie unautorisierten Personen bekannt geworden sind?
2. Was sind die Anforderungen an die Qualität von Passwörtern, um sie sicher zu machen?
3. Welche Rolle spielt ein Passwort-Manager bei der Verwaltung von Passwörtern und wie sollten sie konfiguriert werden?";Passwortregeln sind erforderlich, um den Schutz von Passwörtern und die Sicherheit von IT-Systemen und Anwendungen zu gewährleisten. Die Institution MUSS den Passwortgebrauch verbindlich regeln, um zu verhindern, dass Passwörter leicht zu erraten sind oder in gängigen Passwortlisten geführt werden Quelle: ORP.4.A8 Regelung des Passwortgebrauchs (B) [Benutzende, IT-Betrieb] (S.73). Dies umfasst auch die Regelung, dass Passwörter nicht mehrfach verwendet werden dürfen und für jedes IT-System bzw. jede Anwendung ein eigenständiges Passwort verwendet werden muss Quelle: ORP.4.A8 Regelung des Passwortgebrauchs (B) [Benutzende, IT-Betrieb] (S.73).;"ORP.4.A8 Regelung des Passwortgebrauchs (B) [Benutzende, IT-Betrieb] Die Institution MUSS den Passwortgebrauch verbindlich regeln (siehe auch ORP.4.A22 Regelung zur Passwortqualität und ORP.4.A23 Regelung für passwortverarbeitende Anwendungen und IT-Systeme). Dabei MUSS geprüft werden, ob Passwörter als alleiniges Authentisierungsverfahren eingesetzt werden sollen, oder ob andere Authentisierungsmerkmale bzw. -verfahren zusätzlich zu oder anstelle von Passwörtern verwendet werden können. Passwörter DÜRFEN NICHT mehrfach verwendet werden. Für jedes IT-System bzw. jede Anwendung MUSS ein eigenständiges Passwort verwendet werden. Passwörter, die leicht zu erraten sind oder in gängigen Passwortlisten geführt werden, DÜRFEN NICHT verwendet werden. Passwörter MÜSSEN geheim gehalten werden. Sie DÜRFEN NUR den Benutzenden persönlich bekannt sein. Passwörter DÜRFEN NUR unbeobachtet eingegeben werden. Passwörter DÜRFEN NICHT auf programmierbaren Funktionstasten von Tastaturen oder Mäusen gespeichert werden. Ein Passwort DARF NUR für eine Hinterlegung für einen Notfall schriftlich fixiert werden. Es MUSS dann sicher aufbewahrt werden. Die Nutzung eines Passwort-Managers SOLLTE geprüft werden. Bei Passwort-Managern mit Funktionen oder Plug-ins, mit denen Passwörter über Onlinedienste Dritter synchronisiert oder anderweitig an Dritte übertragen werden, MÜSSEN diese Funktionen und Plug-ins deaktiviert werden. Ein Passwort MUSS gewechselt werden, wenn es unautorisierten Personen bekannt geworden ist oder der Verdacht dazu besteht.

ORP.4.A22 Regelung zur Passwortqualität (B) [IT-Betrieb] In Abhängigkeit von Einsatzzweck und Schutzbedarf MÜSSEN sichere Passwörter geeigneter Qualität gewählt werden. Das Passwort MUSS so komplex sein, dass es nicht leicht zu erraten ist. Das Passwort DARF NICHT zu kompliziert sein, damit Benutzende in der Lage sind, das Passwort mit vertretbarem Aufwand regelmäßig zu verwenden.";"Passwortregeln stellen sicher, dass Passwörter nicht leicht zu erraten sind und damit unbefugten Zugriff verhindern Quelle: Regelung zur Passwortqualität (S.1).  
Sie fordern Geheimhaltung, eindeutige Nutzung pro IT‑System und verhindern Wiederverwendung, sodass Passwörter nur den jeweiligen Benutzenden persönlich bekannt sind und nicht mehrfach eingesetzt werden können Quelle: Regelung des Passwortgebrauchs (S.2).  
Durch Vorgaben zur sicheren Speicherung, verschlüsselten Übertragung und dem Verbot, Passwörter auf programmierbaren Funktionstasten zu speichern, wird das Risiko einer Kompromittierung erheblich reduziert Quelle: Passwörter MÜSSEN so sicher wie möglich gespeichert werden (S.3); Bei der Authentisierung in vernetzten Systemen DÜRFEN Passwörter NICHT unverschlüsselt über unsichere Netze übertragen werden (S.4).  
Klare Regeln ermöglichen zudem, dass Maßnahmen zur Erkennung von kompromittierten Passwörtern ergriffen werden und ein Passwortwechsel nur bei validem Grund erfolgt, wodurch unnötige Belastungen vermieden werden Quelle: Es MÜSSEN Maßnahmen ergriffen werden, um die Kompromittierung von Passwörtern zu erkennen (S.5).  

Anschlussfragen:  
1. Welche konkreten Maßnahmen zur Erkennung von kompromittierten Passwörtern werden empfohlen?  
2. Wie sollten Passwörter für technische Konten und Dienstkonten besonders geschützt werden?  
3. Welche Kriterien bestimmen, wann ein Passwortwechsel zwingend erforderlich ist?";"Passwortregeln stellen sicher, dass Passwörter nicht leicht zu erraten sind und damit unbefugten Zugriff verhindern Quelle: Regelung zur Passwortqualität (S.1).  
Sie fordern Geheimhaltung, eindeutige Nutzung pro IT‑System und verhindern Wiederverwendung, sodass Passwörter nur den jeweiligen Benutzenden persönlich bekannt sind und nicht mehrfach eingesetzt werden können Quelle: Regelung des Passwortgebrauchs (S.2).  
Durch Vorgaben zur sicheren Speicherung, verschlüsselten Übertragung und dem Verbot, Passwörter auf programmierbaren Funktionstasten zu speichern, wird das Risiko einer Kompromittierung erheblich reduziert Quelle: Passwörter MÜSSEN so sicher wie möglich gespeichert werden (S.3); Bei der Authentisierung in vernetzten Systemen DÜRFEN Passwörter NICHT unverschlüsselt über unsichere Netze übertragen werden (S.4).  
Klare Regeln ermöglichen zudem, dass Maßnahmen zur Erkennung von kompromittierten Passwörtern ergriffen werden und ein Passwortwechsel nur bei validem Grund erfolgt, wodurch unnötige Belastungen vermieden werden Quelle: Es MÜSSEN Maßnahmen ergriffen werden, um die Kompromittierung von Passwörtern zu erkennen (S.5).";"1. Welche konkreten Maßnahmen zur Erkennung von kompromittierten Passwörtern werden empfohlen?  
2. Wie sollten Passwörter für technische Konten und Dienstkonten besonders geschützt werden?  
3. Welche Kriterien bestimmen, wann ein Passwortwechsel zwingend erforderlich ist?";3;3;0.9999999999857143;1.0;0.6;0.5202757235500707;Welche konkreten Maßnahmen zur Erkennung von kompromittierten Passwörtern werden empfohlen?;2.0;2.0;Direkte Empfehlungen;Wie sollten Passwörter für technische Konten und Dienstkonten besonders geschützt werden?;2.0;2.0;Direkte Passwortregeln;Welche Kriterien bestimmen, wann ein Passwortwechsel zwingend erforderlich ist?;2.0;2.0;Passwortwechselkriterien direkt im Text;2.0;2.0
Wie wird das Prinzip der minimalen Berechtigung umgesetzt?;"Das Prinzip der minimalen Berechtigung, auch bekannt als Least Privileges oder Erforderlichkeitsprinzip, wird umgesetzt, indem Benutzendenkennungen und Berechtigungen nur aufgrund des tatsächlichen Bedarfs und der Notwendigkeit zur Aufgabenerfüllung vergeben werden Quelle: ORP.4.A2 (S.?). Dies bedeutet, dass Zugriffsberechtigungen restriktiv eingeschränkt werden sollten, insbesondere auf Systemverzeichnisse und -dateien Quelle: ORP.4.A2 (S.?). Alle Berechtigungen müssen über separate administrative Rollen eingerichtet werden, um eine klare Trennung von Berechtigungen zu gewährleisten Quelle: ORP.4.A2 (S.?).

Anschlussfragen:
1. Wie werden Berechtigungen in einem Identitäts- und Berechtigungsmanagement-System verwaltet?
2. Welche Rolle spielen administrative Rollen bei der Einrichtung von Berechtigungen?
3. Wie kann ein Unternehmen sicherstellen, dass Berechtigungen nur aufgrund des tatsächlichen Bedarfs vergeben werden?";Das Prinzip der minimalen Berechtigung, auch bekannt als Least Privileges oder Erforderlichkeitsprinzip, wird umgesetzt, indem Benutzendenkennungen und Berechtigungen nur aufgrund des tatsächlichen Bedarfs und der Notwendigkeit zur Aufgabenerfüllung vergeben werden Quelle: ORP.4.A2 (S.?). Dies bedeutet, dass Zugriffsberechtigungen restriktiv eingeschränkt werden sollten, insbesondere auf Systemverzeichnisse und -dateien Quelle: ORP.4.A2 (S.?). Alle Berechtigungen müssen über separate administrative Rollen eingerichtet werden, um eine klare Trennung von Berechtigungen zu gewährleisten Quelle: ORP.4.A2 (S.?).;"ORP.4.A2 Einrichtung, Änderung und Entzug von Berechtigungen (B) [ITBetrieb] Benutzendenkennungen und Berechtigungen DÜRFEN NUR aufgrund des tatsächlichen Bedarfs und der Notwendigkeit zur Aufgabenerfüllung vergeben werden (Prinzip der geringsten Berechtigungen, englisch Least Privileges und Erforderlichkeitsprinzip, englisch Need-to-know). Bei personellen Veränderungen MÜSSEN die nicht mehr benötigten Benutzendenkennungen und Berechtigungen entfernt werden. Beantragen Mitarbeitende Berechtigungen, die über den Standard hinausgehen, DÜRFEN diese NUR nach zusätzlicher Begründung und Prüfung vergeben werden. Zugriffsberechtigungen auf Systemverzeichnisse und -dateien SOLLTEN restriktiv eingeschränkt werden. Alle Berechtigungen MÜSSEN über separate administrative Rollen eingerichtet werden.

2.3. Ungeeignete Verwaltung von Zutritts-, Zugangs- und Zugriffsrechten Wenn die Vergabe von Zutritts-, Zugangs- und Zugriffsrechten schlecht geregelt ist, führt das schnell zu gravierenden Sicherheitslücken, z. B. durch Wildwuchs in der Rechtevergabe. Bei der Einführung von Identitätsmanagement-Systemen oder Revisionen stellt sich häufig heraus, dass verschiedene Personen in unterschiedlichsten Organisationseinheiten für die Vergabe von Berechtigungen zuständig sind. Dies führt unter Umständen dazu, dass Benutzende Berechtigungen auf Zuruf erhalten oder umgekehrt nur über unnötig komplizierte Wege an diese kommen. Dadurch können einerseits fehlende Berechtigungen die tägliche Arbeit behindern, andererseits können so Berechtigungen ohne Erfordernis vergeben werden und so ein Sicherheitsrisiko darstellen.";"Das Prinzip der minimalen Berechtigung wird durch mehrere verbindliche Maßnahmen umgesetzt:

- **Bedarfs‑basierte Vergabe**: Benutzendenkennungen und Berechtigungen DÜRFEN NUR aufgrund des tatsächlichen Bedarfs und der Notwendigkeit zur Aufgabenerfüllung vergeben werden Quelle: Einrichtung, Änderung und Entzug von Berechtigungen (S.1-2).  
- **Entzug bei Wegfall**: Bei personellen Veränderungen MÜSSEN nicht mehr benötigte Konten und Berechtigungen unverzüglich entfernt werden Quelle: Einrichtung, Änderung und Entzug von Berechtigungen (S.3).  
- **Zusätzliche Begründung für Ausnahmen**: Beantragen Mitarbeitende Berechtigungen über den Standard hinaus, DÜRFEN diese NUR nach zusätzlicher Begründung und Prüfung erhalten Quelle: Einrichtung, Änderung und Entzug von Berechtigungen (S.4).  
- **Restriktive Rechte auf Verzeichnisse/Dateien**: Zugriffsberechtigungen auf Systemverzeichnisse und -dateien SOLLTEN restriktiv eingeschränkt werden Quelle: Einrichtung, Änderung und Entzug von Berechtigungen (S.5).  
- **Separate administrative Rollen**: Alle Berechtigungen MÜSSEN über separate administrative Rollen eingerichtet werden Quelle: Einrichtung, Änderung und Entzug von Berechtigungen (S.6).  
- **Prozess für OT‑ und Office‑IT‑Zugänge**: Die Institution SOLLTE einen Prozess etablieren, der Beantragung, Einrichtung und Entzug von Berechtigungen dokumentiert und sicherstellt, dass das Minimalprinzip eingehalten wird Quelle: Etablieren einer übergreifenden Berechtigungsverwaltung zwischen der OT und in der Office‑IT (S.1-3).  
- **Regelmäßige Überprüfung und Sensibilisierung**: Die Berechtigungsverwaltung SOLLTEN regelmäßig prüfen, dass Berechtigungen dem Minimalprinzip entsprechen, und die Beteiligten regelmäßig sensibilisieren Quelle: Etablieren einer übergreifenden Berechtigungsverwaltung zwischen der OT und in der Office‑IT (S.4-5).  

Anschlussfragen:
1. Welche konkreten Rollen sollten für die getrennte Berechtigungsverwaltung definiert werden?
2. Wie kann die regelmäßige Überprüfung der Berechtigungen technisch unterstützt werden?
3. Welche Sanktionen sind bei Verstößen gegen das Minimalprinzip vorgesehen?";"Das Prinzip der minimalen Berechtigung wird durch mehrere verbindliche Maßnahmen umgesetzt:

- **Bedarfs‑basierte Vergabe**: Benutzendenkennungen und Berechtigungen DÜRFEN NUR aufgrund des tatsächlichen Bedarfs und der Notwendigkeit zur Aufgabenerfüllung vergeben werden Quelle: Einrichtung, Änderung und Entzug von Berechtigungen (S.1-2).  
- **Entzug bei Wegfall**: Bei personellen Veränderungen MÜSSEN nicht mehr benötigte Konten und Berechtigungen unverzüglich entfernt werden Quelle: Einrichtung, Änderung und Entzug von Berechtigungen (S.3).  
- **Zusätzliche Begründung für Ausnahmen**: Beantragen Mitarbeitende Berechtigungen über den Standard hinaus, DÜRFEN diese NUR nach zusätzlicher Begründung und Prüfung erhalten Quelle: Einrichtung, Änderung und Entzug von Berechtigungen (S.4).  
- **Restriktive Rechte auf Verzeichnisse/Dateien**: Zugriffsberechtigungen auf Systemverzeichnisse und -dateien SOLLTEN restriktiv eingeschränkt werden Quelle: Einrichtung, Änderung und Entzug von Berechtigungen (S.5).  
- **Separate administrative Rollen**: Alle Berechtigungen MÜSSEN über separate administrative Rollen eingerichtet werden Quelle: Einrichtung, Änderung und Entzug von Berechtigungen (S.6).  
- **Prozess für OT‑ und Office‑IT‑Zugänge**: Die Institution SOLLTE einen Prozess etablieren, der Beantragung, Einrichtung und Entzug von Berechtigungen dokumentiert und sicherstellt, dass das Minimalprinzip eingehalten wird Quelle: Etablieren einer übergreifenden Berechtigungsverwaltung zwischen der OT und in der Office‑IT (S.1-3).  
- **Regelmäßige Überprüfung und Sensibilisierung**: Die Berechtigungsverwaltung SOLLTEN regelmäßig prüfen, dass Berechtigungen dem Minimalprinzip entsprechen, und die Beteiligten regelmäßig sensibilisieren Quelle: Etablieren einer übergreifenden Berechtigungsverwaltung zwischen der OT und in der Office‑IT (S.4-5).";"1. Welche konkreten Rollen sollten für die getrennte Berechtigungsverwaltung definiert werden?
2. Wie kann die regelmäßige Überprüfung der Berechtigungen technisch unterstützt werden?
3. Welche Sanktionen sind bei Verstößen gegen das Minimalprinzip vorgesehen?";3;3;0.9999999999857143;1.0;0.875;0.5557050872877138;Welche konkreten Rollen sollten für die getrennte Berechtigungsverwaltung definiert werden?;2.0;2.0;Direkte Relevanz zu Rollen und Berechtigungen;Wie kann die regelmäßige Überprüfung der Berechtigungen technisch unterstützt werden?;2.0;2.0;Direkte technische Unterstützung;Welche Sanktionen sind bei Verstößen gegen das Minimalprinzip vorgesehen?;0.0;1.0;Keine Sanktionen im IT-Grundschutz;1.333;1.667
Wie muss mit Zutritts-, Zugangs- und Zugriffsrechten organisatorisch umgegangen werden?;"Mit Zutritts-, Zugangs- und Zugriffsrechten muss organisatorisch umgegangen werden, indem festgelegt wird, welche Rechte an welche Personen im Rahmen ihrer Funktion vergeben bzw. ihnen entzogen werden. Dies gilt für Zutrittsberechtigungen (ORP.4.A5), Zugangsberechtigungen (ORP.4.A6) und Zugriffsrechte (ORP.4.A7). Die Ausgabe bzw. der Entzug von Zutritts-, Zugangs- und Zugriffsmittele wie Chipkarten MUSS dokumentiert werden Quelle: ORP.4.A5 (S.x), ORP.4.A6 (S.y), ORP.4.A7 (S.z). Wenn diese Mittel kompromittiert wurden, MÜSSEN sie ausgewechselt werden Quelle: ORP.4.A5 (S.x), ORP.4.A6 (S.y), ORP.4.A7 (S.z). Die Berechtigten SOLLTEN für den korrekten Umgang mit den Mitteln geschult werden Quelle: ORP.4.A5 (S.x), ORP.4.A6 (S.y), ORP.4.A7 (S.z). 

Anschlussfragen:
1. Wie müssen Zutritts-, Zugangs- und Zugriffsrechte bei Abwesenheiten gehandhabt werden?
2. Welche Rolle spielt die Dokumentation bei der Vergabe und dem Entzug von Zutritts-, Zugangs- und Zugriffsmittele?
3. Wie sollten Personen, die Zutritts-, Zugangs- und Zugriffsrechte besitzen, auf die korrekte Verwendung der entsprechenden Mittel vorbereitet werden?";Mit Zutritts-, Zugangs- und Zugriffsrechten muss organisatorisch umgegangen werden, indem festgelegt wird, welche Rechte an welche Personen im Rahmen ihrer Funktion vergeben bzw. ihnen entzogen werden. Dies gilt für Zutrittsberechtigungen (ORP.4.A5), Zugangsberechtigungen (ORP.4.A6) und Zugriffsrechte (ORP.4.A7). Die Ausgabe bzw. der Entzug von Zutritts-, Zugangs- und Zugriffsmittele wie Chipkarten MUSS dokumentiert werden Quelle: ORP.4.A5 (S.x), ORP.4.A6 (S.y), ORP.4.A7 (S.z). Wenn diese Mittel kompromittiert wurden, MÜSSEN sie ausgewechselt werden Quelle: ORP.4.A5 (S.x), ORP.4.A6 (S.y), ORP.4.A7 (S.z). Die Berechtigten SOLLTEN für den korrekten Umgang mit den Mitteln geschult werden Quelle: ORP.4.A5 (S.x), ORP.4.A6 (S.y), ORP.4.A7 (S.z).;"ORP.4.A5 Vergabe von Zutrittsberechtigungen (B) [IT-Betrieb] Es MUSS festgelegt werden, welche Zutrittsberechtigungen an welche Personen im Rahmen ihrer Funktion vergeben bzw. ihnen entzogen werden. Die Ausgabe bzw. der Entzug von verwendeten Zutrittsmittel wie Chipkarten MUSS dokumentiert werden. Wenn Zutrittsmittel kompromittiert wurden, MÜSSEN sie ausgewechselt werden. Die Zutrittsberechtigten SOLLTEN für den korrekten Umgang mit den Zutrittsmitteln geschult werden. Bei längeren Abwesenheiten SOLLTEN berechtigte Personen vorübergehend gesperrt werden.

ORP.4.A6 Vergabe von Zugangsberechtigungen (B) [IT-Betrieb] Es MUSS festgelegt werden, welche Zugangsberechtigungen an welche Personen im Rahmen ihrer Funktion vergeben bzw. ihnen entzogen werden. Werden Zugangsmittel wie Chipkarten verwendet, so MUSS die Ausgabe bzw. der Entzug dokumentiert werden. Wenn Zugangsmittel kompromittiert wurden, MÜSSEN sie ausgewechselt werden. Die Zugangsberechtigten SOLLTEN für den korrekten Umgang mit den Zugangsmitteln geschult werden. Bei längeren Abwesenheiten SOLLTEN berechtigte Personen vorübergehend gesperrt werden.

ORP.4.A7 Vergabe von Zugriffsrechten (B) [IT-Betrieb] Es MUSS festgelegt werden, welche Zugriffsrechte an welche Personen im Rahmen ihrer Funktion vergeben bzw. ihnen entzogen werden. Werden im Rahmen der Zugriffskontrolle Chipkarten oder Token verwendet, so MUSS die Ausgabe bzw. der Entzug dokumentiert werden. Die Anwendenden SOLLTEN für den korrekten Umgang mit Chipkarten oder Token geschult werden. Bei längeren Abwesenheiten SOLLTEN berechtigte Personen vorübergehend gesperrt werden.";"- Zutritts‑, Zugangs‑ und Zugriffsberechtigungen SOLLTEN für Personal der Anbietenden und Nutzenden von Outsourcing, Auditoren und Prüfer geregelt sein und nur das für die Tätigkeit notwendige Minimum an Rechten erhalten Quelle: Zutritts-, Zugangs- und Zugriffsberechtigungen (S.1-2)  
- Die Institution SOLLTE einen übergreifenden Prozess zur Verwaltung von Zugängen und zugeordneten Berechtigungen etablieren, der Beantragung, Einrichtung, Entzug und Dokumentation umfasst Quelle: Etablieren einer übergreifenden Berechtigungsverwaltung zwischen der OT und in der Office-IT (S.1-3)  
- Der Prozess MUSS das Minimalprinzip (Least‑Privilege) sicherstellen und regelmäßige Überprüfungen der vergebenen Rechte vorsehen Quelle: Etablieren einer übergreifenden Berechtigungsverwaltung zwischen der OT und in der Office-IT (S.4-5)  
- Alle Beteiligten SOLLTEN regelmäßig zu den Regelungen sensibilisiert und die Einhaltung kontrolliert werden; Fehlverhalten SOLLTEN sanktioniert werden Quelle: Etablieren einer übergreifenden Berechtigungsverwaltung zwischen der OT und in der Office-IT (S.6-7)  
- Der Zutritt zum Rechenzentrum MUSS durch eine Zutrittskontrolle erfasst und protokolliert werden; Zutrittsrechte MÜSSEN nach ORP.4 vergeben werden Quelle: Zutrittskontrolle (S.1-3)  
- Jede Zutrittsmöglichkeit MUSS mit einer Zutrittskontrolleinrichtung ausgestattet und individuell erfasst werden; die Wirksamkeit der Kontrollen MUSS regelmäßig geprüft werden Quelle: Zutrittskontrolle (S.4-6)  
- Ein Konzept für das Zutrittskontrollsystem MUSS detailliert dokumentiert sein Quelle: Zutrittskontrolle (S.7)  
- Für die Gebäudeautomation SOLLTE ein Identitäts‑ und Berechtigungsmanagement nach ORP.4 eingesetzt werden, das alle GA‑Komponenten einbindet; Komponenten ohne Zugriffsschutz DÜRFEN NICHT genutzt werden Quelle: Nutzung eines GA‑geeigneten Zugriffsschutzes (S.1-4)  
- Das Identitäts‑ und Berechtigungsmanagement MUSS sicherstellen, dass Konten bei Personalwechsel oder Ausscheiden deaktiviert und Berechtigungen angepasst werden, um Wildwuchs zu vermeiden Quelle: Identitäts‑ und Berechtigungsmanagement (S.1-3)  

Anschlussfragen:  
1. Welche konkreten Rollen sind für die Genehmigung von Zugriffsrechten im Baustein ORP.4 definiert?  
2. Wie kann die regelmäßige Überprüfung der Zutrittskontrollen praktisch umgesetzt werden?  
3. Welche technischen Maßnahmen unterstützen die Umsetzung des Minimalprinzips in der GA?";"- Zutritts‑, Zugangs‑ und Zugriffsberechtigungen SOLLTEN für Personal der Anbietenden und Nutzenden von Outsourcing, Auditoren und Prüfer geregelt sein und nur das für die Tätigkeit notwendige Minimum an Rechten erhalten Quelle: Zutritts-, Zugangs- und Zugriffsberechtigungen (S.1-2)  
- Die Institution SOLLTE einen übergreifenden Prozess zur Verwaltung von Zugängen und zugeordneten Berechtigungen etablieren, der Beantragung, Einrichtung, Entzug und Dokumentation umfasst Quelle: Etablieren einer übergreifenden Berechtigungsverwaltung zwischen der OT und in der Office-IT (S.1-3)  
- Der Prozess MUSS das Minimalprinzip (Least‑Privilege) sicherstellen und regelmäßige Überprüfungen der vergebenen Rechte vorsehen Quelle: Etablieren einer übergreifenden Berechtigungsverwaltung zwischen der OT und in der Office-IT (S.4-5)  
- Alle Beteiligten SOLLTEN regelmäßig zu den Regelungen sensibilisiert und die Einhaltung kontrolliert werden; Fehlverhalten SOLLTEN sanktioniert werden Quelle: Etablieren einer übergreifenden Berechtigungsverwaltung zwischen der OT und in der Office-IT (S.6-7)  
- Der Zutritt zum Rechenzentrum MUSS durch eine Zutrittskontrolle erfasst und protokolliert werden; Zutrittsrechte MÜSSEN nach ORP.4 vergeben werden Quelle: Zutrittskontrolle (S.1-3)  
- Jede Zutrittsmöglichkeit MUSS mit einer Zutrittskontrolleinrichtung ausgestattet und individuell erfasst werden; die Wirksamkeit der Kontrollen MUSS regelmäßig geprüft werden Quelle: Zutrittskontrolle (S.4-6)  
- Ein Konzept für das Zutrittskontrollsystem MUSS detailliert dokumentiert sein Quelle: Zutrittskontrolle (S.7)  
- Für die Gebäudeautomation SOLLTE ein Identitäts‑ und Berechtigungsmanagement nach ORP.4 eingesetzt werden, das alle GA‑Komponenten einbindet; Komponenten ohne Zugriffsschutz DÜRFEN NICHT genutzt werden Quelle: Nutzung eines GA‑geeigneten Zugriffsschutzes (S.1-4)  
- Das Identitäts‑ und Berechtigungsmanagement MUSS sicherstellen, dass Konten bei Personalwechsel oder Ausscheiden deaktiviert und Berechtigungen angepasst werden, um Wildwuchs zu vermeiden Quelle: Identitäts‑ und Berechtigungsmanagement (S.1-3)";"1. Welche konkreten Rollen sind für die Genehmigung von Zugriffsrechten im Baustein ORP.4 definiert?  
2. Wie kann die regelmäßige Überprüfung der Zutrittskontrollen praktisch umgesetzt werden?  
3. Welche technischen Maßnahmen unterstützen die Umsetzung des Minimalprinzips in der GA?";3;3;0.91666666664375;1.0;0.8666666666666667;0.3400815098630504;Welche konkreten Rollen sind für die Genehmigung von Zugriffsrechten im Baustein ORP.4 definiert?;2.0;2.0;Direkte Bezug zu ORP.4;Wie kann die regelmäßige Überprüfung der Zutrittskontrollen praktisch umgesetzt werden?;2.0;2.0;Direkte Überprüfung von Zutrittskontrollen;Welche technischen Maßnahmen unterstützen die Umsetzung des Minimalprinzips in der GA?;1.0;1.0;Technische Maßnahmen in GA;1.667;1.667
Wie wird sichergestellt, dass Passwörter nicht kompromittiert werden?;"Um sicherzustellen, dass Passwörter nicht kompromittiert werden, MUSS die Institution den Passwortgebrauch verbindlich regeln, wie in ORP.4.A8 Regelung des Passwortgebrauchs (B) [Benutzende, IT-Betrieb] beschrieben. Dazu gehören unter anderem, dass Passwörter geheim gehalten werden, nur den Benutzenden persönlich bekannt sein dürfen und unbeobachtet eingegeben werden müssen. Passwörter, die leicht zu erraten sind oder in gängigen Passwortlisten geführt werden, DÜRFEN NICHT verwendet werden. Darüber hinaus SOLLTE die Nutzung eines Passwort-Managers geprüft werden, um die Sicherheit der Passwörter zu erhöhen. Quelle: ORP.4.A8 (S.73).

Anschlussfragen:
1. Wie oft sollten Passwörter gewechselt werden, um die Sicherheit zu gewährleisten?
2. Welche Anforderungen müssen bei der Speicherung von Passwörtern in IT-Systemen oder Anwendungen beachtet werden?
3. Wie können Benutzer dazu beitragen, dass ihre Passwörter nicht kompromittiert werden?";Um sicherzustellen, dass Passwörter nicht kompromittiert werden, MUSS die Institution den Passwortgebrauch verbindlich regeln, wie in ORP.4.A8 Regelung des Passwortgebrauchs (B) [Benutzende, IT-Betrieb] beschrieben. Dazu gehören unter anderem, dass Passwörter geheim gehalten werden, nur den Benutzenden persönlich bekannt sein dürfen und unbeobachtet eingegeben werden müssen. Passwörter, die leicht zu erraten sind oder in gängigen Passwortlisten geführt werden, DÜRFEN NICHT verwendet werden. Darüber hinaus SOLLTE die Nutzung eines Passwort-Managers geprüft werden, um die Sicherheit der Passwörter zu erhöhen. Quelle: ORP.4.A8 (S.73).;"ORP.4.A8 Regelung des Passwortgebrauchs (B) [Benutzende, IT-Betrieb] Die Institution MUSS den Passwortgebrauch verbindlich regeln (siehe auch ORP.4.A22 Regelung zur Passwortqualität und ORP.4.A23 Regelung für passwortverarbeitende Anwendungen und IT-Systeme). Dabei MUSS geprüft werden, ob Passwörter als alleiniges Authentisierungsverfahren eingesetzt werden sollen, oder ob andere Authentisierungsmerkmale bzw. -verfahren zusätzlich zu oder anstelle von Passwörtern verwendet werden können. Passwörter DÜRFEN NICHT mehrfach verwendet werden. Für jedes IT-System bzw. jede Anwendung MUSS ein eigenständiges Passwort verwendet werden. Passwörter, die leicht zu erraten sind oder in gängigen Passwortlisten geführt werden, DÜRFEN NICHT verwendet werden. Passwörter MÜSSEN geheim gehalten werden. Sie DÜRFEN NUR den Benutzenden persönlich bekannt sein. Passwörter DÜRFEN NUR unbeobachtet eingegeben werden. Passwörter DÜRFEN NICHT auf programmierbaren Funktionstasten von Tastaturen oder Mäusen gespeichert werden. Ein Passwort DARF NUR für eine Hinterlegung für einen Notfall schriftlich fixiert werden. Es MUSS dann sicher aufbewahrt werden. Die Nutzung eines Passwort-Managers SOLLTE geprüft werden. Bei Passwort-Managern mit Funktionen oder Plug-ins, mit denen Passwörter über Onlinedienste Dritter synchronisiert oder anderweitig an Dritte übertragen werden, MÜSSEN diese Funktionen und Plug-ins deaktiviert werden. Ein Passwort MUSS gewechselt werden, wenn es unautorisierten Personen bekannt geworden ist oder der Verdacht dazu besteht.

ORP.4.A23 Regelung für passwortverarbeitende Anwendungen und IT-Systeme (B) [IT-Betrieb] IT-Systeme oder Anwendungen SOLLTEN NUR mit einem validen Grund zum Wechsel des Passworts auffordern. Reine zeitgesteuerte Wechsel SOLLTEN vermieden werden. Es MÜSSEN Maßnahmen ergriffen werden, um die Kompromittierung von Passwörtern zu erkennen. Ist dies nicht möglich, so SOLLTE geprüft werden, ob die Nachteile eines zeitgesteuerten Passwortwechsels in Kauf genommen werden können und Passwörter in gewissen Abständen gewechselt werden. Standardpasswörter MÜSSEN durch ausreichend starke Passwörter ersetzt werden. Vordefinierte Kennungen MÜSSEN geändert werden. Es SOLLTE sichergestellt werden, dass die mögliche Passwortlänge auch im vollen Umfang von verarbeitenden IT-Systemen geprüft wird. Nach einem Passwortwechsel DÜRFEN alte Passwörter NICHT mehr genutzt werden. Passwörter MÜSSEN so sicher wie möglich gespeichert werden. Bei Kennungen für technische Konten, Dienstkonten, Schnittstellen oder Vergleichbares SOLLTE ein Passwortwechsel sorgfältig geplant und gegebenenfalls mit den Anwendungsverantwortlichen abgestimmt werden. Bei der Authentisierung in vernetzten Systemen DÜRFEN Passwörter NICHT unverschlüsselt über unsichere Netze übertragen werden. Wenn Passwörter in einem Intranet übertragen werden, SOLLTEN sie verschlüsselt werden. Bei erfolglosen Anmeldeversuchen SOLLTEN die passwortverarbeitenden Anwendungen oder die IT-Systeme keinen Hinweis darauf geben, ob Passwort oder Kennung falsch sind.";"- ORP.4.A22 Regelung zur Passwortqualität (B) – Passwörter DÜRFEN NICHT mehrfach verwendet werden, müssen für jedes IT‑System ein eigenständiges Passwort besitzen, dürfen nicht leicht zu erraten sein oder in bekannten Listen vorkommen, MÜSSEN geheim gehalten und ausschließlich dem Benutzenden persönlich bekannt sein, DÜRFEN NUR unbeobachtet eingegeben und NICHT auf programmierbaren Funktionstasten gespeichert werden Quelle: Regelung des Passwortgebrauchs (S.1)  
- ORP.4.A22 Regelung zur Passwortqualität (B) – Ein Passwort MUSS gewechselt werden, wenn es unautorisierten Personen bekannt geworden ist oder der Verdacht darauf besteht Quelle: Regelung des Passwortgebrauchs (S.2)  
- ORP.4.A23 Regelung für passwortverarbeitende Anwendungen und IT‑Systeme (B) – Passwortwechsel dürfen nur bei einem validen Grund erfolgen; reine zeitgesteuerte Wechsel SOLLTEN vermieden werden, und es MÜSSEN Maßnahmen ergriffen werden, um eine Kompromittierung zu erkennen Quelle: Regelung für passwortverarbeitende Anwendungen und IT‑Systeme (S.3)  
- ORP.4.A23 Regelung für passwortverarbeitende Anwendungen und IT‑Systeme (B) – Passwörter DÜRFEN NICHT unverschlüsselt über unsichere Netze übertragen werden; bei Intranet‑Übertragungen SOLLTEN sie verschlüsselt werden, und Anwendungen SOLLTEN keinen Hinweis geben, ob Kennung oder Passwort falsch ist Quelle: Regelung für passwortverarbeitende Anwendungen und IT‑Systeme (S.4)  
- ORP.4.A23 Regelung für passwortverarbeitende Anwendungen und IT‑Systeme (B) – Passwörter MÜSSEN so sicher wie möglich gespeichert werden, idealerweise mit einem sicheren Hash‑Verfahren; Standard‑ und vordefinierte Kennungen MÜSSEN geändert werden Quelle: Regelung für passwortverarbeitende Anwendungen und IT‑Systeme (S.5)  
- ORP.4.A23 Regelung für passwortverarbeitende Anwendungen und IT‑Systeme (B) – Die Nutzung von Passwort‑Managern SOLLTE geprüft und alle Synchronisations‑Plugins zu Dritten MÜSSEN deaktiviert werden Quelle: Regelung des Passwortgebrauchs (S.6)  
- Sperrung und Änderung von Zugangsdaten und kryptografischen Schlüsseln (B) – Nach einer Kompromittierung MÜSSEN alle betroffenen Konten gesperrt und Passwörter neu gesetzt werden Quelle: Sperrung und Änderung von Zugangsdaten und kryptografischen Schlüsseln (S.7)  

Anschlussfragen:
1. Welche konkreten Maßnahmen zur Erkennung von Passwort‑Kompromittierungen werden empfohlen?
2. Wie können sichere Hash‑Verfahren für die Passwortspeicherung technisch umgesetzt werden?
3. Welche Rollen sind für die Durchsetzung der Passwort‑Regelungen in einer Institution verantwortlich?";"- ORP.4.A22 Regelung zur Passwortqualität (B) – Passwörter DÜRFEN NICHT mehrfach verwendet werden, müssen für jedes IT‑System ein eigenständiges Passwort besitzen, dürfen nicht leicht zu erraten sein oder in bekannten Listen vorkommen, MÜSSEN geheim gehalten und ausschließlich dem Benutzenden persönlich bekannt sein, DÜRFEN NUR unbeobachtet eingegeben und NICHT auf programmierbaren Funktionstasten gespeichert werden Quelle: Regelung des Passwortgebrauchs (S.1)  
- ORP.4.A22 Regelung zur Passwortqualität (B) – Ein Passwort MUSS gewechselt werden, wenn es unautorisierten Personen bekannt geworden ist oder der Verdacht darauf besteht Quelle: Regelung des Passwortgebrauchs (S.2)  
- ORP.4.A23 Regelung für passwortverarbeitende Anwendungen und IT‑Systeme (B) – Passwortwechsel dürfen nur bei einem validen Grund erfolgen; reine zeitgesteuerte Wechsel SOLLTEN vermieden werden, und es MÜSSEN Maßnahmen ergriffen werden, um eine Kompromittierung zu erkennen Quelle: Regelung für passwortverarbeitende Anwendungen und IT‑Systeme (S.3)  
- ORP.4.A23 Regelung für passwortverarbeitende Anwendungen und IT‑Systeme (B) – Passwörter DÜRFEN NICHT unverschlüsselt über unsichere Netze übertragen werden; bei Intranet‑Übertragungen SOLLTEN sie verschlüsselt werden, und Anwendungen SOLLTEN keinen Hinweis geben, ob Kennung oder Passwort falsch ist Quelle: Regelung für passwortverarbeitende Anwendungen und IT‑Systeme (S.4)  
- ORP.4.A23 Regelung für passwortverarbeitende Anwendungen und IT‑Systeme (B) – Passwörter MÜSSEN so sicher wie möglich gespeichert werden, idealerweise mit einem sicheren Hash‑Verfahren; Standard‑ und vordefinierte Kennungen MÜSSEN geändert werden Quelle: Regelung für passwortverarbeitende Anwendungen und IT‑Systeme (S.5)  
- ORP.4.A23 Regelung für passwortverarbeitende Anwendungen und IT‑Systeme (B) – Die Nutzung von Passwort‑Managern SOLLTE geprüft und alle Synchronisations‑Plugins zu Dritten MÜSSEN deaktiviert werden Quelle: Regelung des Passwortgebrauchs (S.6)  
- Sperrung und Änderung von Zugangsdaten und kryptografischen Schlüsseln (B) – Nach einer Kompromittierung MÜSSEN alle betroffenen Konten gesperrt und Passwörter neu gesetzt werden Quelle: Sperrung und Änderung von Zugangsdaten und kryptografischen Schlüsseln (S.7)";"1. Welche konkreten Maßnahmen zur Erkennung von Passwort‑Kompromittierungen werden empfohlen?
2. Wie können sichere Hash‑Verfahren für die Passwortspeicherung technisch umgesetzt werden?
3. Welche Rollen sind für die Durchsetzung der Passwort‑Regelungen in einer Institution verantwortlich?";3;3;0.8134920634785053;0.9285714285714286;0.9090909090909091;0.48610187124194343;Welche konkreten Maßnahmen zur Erkennung von Passwort‑Kompromittierungen werden empfohlen?;2.0;2.0;Direkte Empfehlungen;Wie können sichere Hash‑Verfahren für die Passwortspeicherung technisch umgesetzt werden?;2.0;2.0;Direkte Umsetzung sicherer Hash-Verfahren;Welche Rollen sind für die Durchsetzung der Passwort‑Regelungen in einer Institution verantwortlich?;2.0;2.0;Rollen und Passwortregelungen;2.0;2.0
Wie kann ein zentrales Identitätsmanagement organisatorische Risiken reduzieren?;"Ein zentrales Identitätsmanagement kann organisatorische Risiken reduzieren, indem es eine einheitliche und zentrale Verwaltung von Benutzerkonten und Berechtigungen ermöglicht. Durch den Einsatz eines zentralen netzbasierten Authentisierungsdienstes kann die Verwaltung von Konten und Berechtigungen vereinfacht werden, was zu einer besseren Übersicht und Kontrolle über die Zugänge führt Quelle: ORP.4.A18 (S). Dies kann insbesondere bei der Deaktivierung von Konten bei Ausscheiden von Mitarbeitenden oder bei Sicherheitsvorfällen hilfreich sein, da alle Konten eines Benutzers zentral deaktiviert werden können Quelle: 2.2. Fehlende zentrale Deaktivierungsmöglichkeit von Konten. 

Anschlussfragen:
1. Wie kann ein zentrales Identitätsmanagement die Sicherheit von IT-Systemen verbessern?
2. Welche Rolle spielt der IT-Betrieb bei der Implementierung eines zentralen Identitätsmanagements?
3. Wie können institutionen die Einführung eines zentralen Identitätsmanagements planen und umsetzen?";Ein zentrales Identitätsmanagement kann organisatorische Risiken reduzieren, indem es eine einheitliche und zentrale Verwaltung von Benutzerkonten und Berechtigungen ermöglicht. Durch den Einsatz eines zentralen netzbasierten Authentisierungsdienstes kann die Verwaltung von Konten und Berechtigungen vereinfacht werden, was zu einer besseren Übersicht und Kontrolle über die Zugänge führt Quelle: ORP.4.A18 (S). Dies kann insbesondere bei der Deaktivierung von Konten bei Ausscheiden von Mitarbeitenden oder bei Sicherheitsvorfällen hilfreich sein, da alle Konten eines Benutzers zentral deaktiviert werden können Quelle: 2.2. Fehlende zentrale Deaktivierungsmöglichkeit von Konten.;"ORP.4.A18 Einsatz eines zentralen Authentisierungsdienstes (S) [IT-Betrieb] Um ein zentrales Identitäts- und Berechtigungsmanagement aufzubauen, SOLLTE ein zentraler netzbasierter Authentisierungsdienst eingesetzt werden. Der Einsatz eines zentralen netzbasierten Authentisierungsdienstes SOLLTE sorgfältig geplant werden. Dazu SOLLTEN die Sicherheitsanforderungen dokumentiert werden, die für die Auswahl eines solchen Dienstes relevant sind.

2.2. Fehlende zentrale Deaktivierungsmöglichkeit von Konten In Institutionen haben Mitarbeitende oft Konten für diversen IT-Systemen, wie Produktiv-, Test-, Qualitätssicherungs- oder Projekt-Systeme. Diese befinden sich meist in unterschiedlichen Zuständigkeitsbereichen und werden oft von unterschiedlichen Administrierenden verwaltet. Das führt unter Umständen dazu, dass nicht auf allen IT-Systemen eine gleiche und eindeutige Kennung verwendet wird und es auch keine zentrale Übersicht über die Konten auf den einzelnen IT-Systemen gibt. In einem solchen Szenario ist es nicht möglich, bei einem Angriff oder einem Passwortdiebstahl in einem Arbeitsschritt alle Konten der betroffenen Mitarbeitenden zu deaktivieren. Auch können in diesem Szenario bei Ausscheiden von Mitarbeitenden aus der Institution nicht in einem Arbeitsschritt alle Zugänge gesperrt werden.";"- Durch ein zentrales Identitäts‑ und Berechtigungsmanagement können alle Benutzerkonten einer Institution in einer einzigen Übersicht verwaltet werden, sodass bei Ausscheiden oder Kompromittierung eines Mitarbeitenden sämtliche Zugänge in einem Arbeitsschritt gesperrt oder gelöscht werden Quelle: Fehlende zentrale Deaktivierungsmöglichkeit von Konten (S.1)  
- Die festgelegten Prozesse für Handhabung und Schutz von Zertifikaten sowie das Prüfen, Sperren und Löschen nicht mehr genutzter Identitäten stellen sicher, dass nur notwendige Zugriffe bestehen und das Prinzip Need‑to‑Know bzw. Least‑Privilege eingehalten wird Quelle: Ordnungsgemäße Verwaltung von Identitäten zur Authentisierung (S.1)  
- Bei internen Versetzungen wird das zentrale System automatisch alte Berechtigungen entfernen und nur die für die neue Aufgabe erforderlichen Rechte zuweisen, wodurch ein Wildwuchs von Gesamtberechtigungen vermieden wird Quelle: Identitäts‑ und Berechtigungsmanagement (S.1)  
- Einheitliche Schnittstellen zur Sperrung einer Identität erhöhen die Transparenz für den IT‑Betrieb und ermöglichen ein zeitnahes Risikomanagement, weil Verantwortliche sofort über Änderungen informiert werden Quelle: Identitäts‑ und Berechtigungsmanagement (S.1)  
- Die Integration des Identitätsmanagements in das Informationssicherheits‑ und Risikomanagement sorgt dafür, dass Risiken aus unzureichender Kontenverwaltung bereits in der Risiko‑analyse berücksichtigt und gezielt behandelt werden Quelle: Managementsysteme und Risikomanagement (S.1)  

Anschlussfragen:
1. Welche konkreten Bausteine des IT‑Grundschutz‑Kompendiums unterstützen die Einführung eines zentralen Identitätsmanagements?
2. Wie lässt sich die zentrale Deaktivierung von Konten technisch umsetzen (z. B. LDAP, IAM‑Lösungen)?
3. Welche Rolle spielt das Business‑Continuity‑Management bei der Absicherung von Identitäts‑ und Berechtigungsprozessen?";"- Durch ein zentrales Identitäts‑ und Berechtigungsmanagement können alle Benutzerkonten einer Institution in einer einzigen Übersicht verwaltet werden, sodass bei Ausscheiden oder Kompromittierung eines Mitarbeitenden sämtliche Zugänge in einem Arbeitsschritt gesperrt oder gelöscht werden Quelle: Fehlende zentrale Deaktivierungsmöglichkeit von Konten (S.1)  
- Die festgelegten Prozesse für Handhabung und Schutz von Zertifikaten sowie das Prüfen, Sperren und Löschen nicht mehr genutzter Identitäten stellen sicher, dass nur notwendige Zugriffe bestehen und das Prinzip Need‑to‑Know bzw. Least‑Privilege eingehalten wird Quelle: Ordnungsgemäße Verwaltung von Identitäten zur Authentisierung (S.1)  
- Bei internen Versetzungen wird das zentrale System automatisch alte Berechtigungen entfernen und nur die für die neue Aufgabe erforderlichen Rechte zuweisen, wodurch ein Wildwuchs von Gesamtberechtigungen vermieden wird Quelle: Identitäts‑ und Berechtigungsmanagement (S.1)  
- Einheitliche Schnittstellen zur Sperrung einer Identität erhöhen die Transparenz für den IT‑Betrieb und ermöglichen ein zeitnahes Risikomanagement, weil Verantwortliche sofort über Änderungen informiert werden Quelle: Identitäts‑ und Berechtigungsmanagement (S.1)  
- Die Integration des Identitätsmanagements in das Informationssicherheits‑ und Risikomanagement sorgt dafür, dass Risiken aus unzureichender Kontenverwaltung bereits in der Risiko‑analyse berücksichtigt und gezielt behandelt werden Quelle: Managementsysteme und Risikomanagement (S.1)";"1. Welche konkreten Bausteine des IT‑Grundschutz‑Kompendiums unterstützen die Einführung eines zentralen Identitätsmanagements?
2. Wie lässt sich die zentrale Deaktivierung von Konten technisch umsetzen (z. B. LDAP, IAM‑Lösungen)?
3. Welche Rolle spielt das Business‑Continuity‑Management bei der Absicherung von Identitäts‑ und Berechtigungsprozessen?";3;3;0.99999999995;1.0;0.08333333333333333;0.3628790685759099;Welche konkreten Bausteine des IT‑Grundschutz‑Kompendiums unterstützen die Einführung eines zentralen Identitätsmanagements?;2.0;2.0;Direkte Verbindung zu IT-Grundschutz-Kompendium;Wie lässt sich die zentrale Deaktivierung von Konten technisch umsetzen (z. B. LDAP, IAM‑Lösungen)?;1.0;2.0;Teilweise abgedeckt durch IT-Grundschutz;Welche Rolle spielt das Business‑Continuity‑Management bei der Absicherung von Identitäts‑ und Berechtigungsprozessen?;1.0;1.0;Teilweise abgedeckt, thematisch verwandt;1.333;1.667
Welche zusätzlichen Maßnahmen gelten für Konten mit weitreichenden Berechtigungen?;"Für Konten mit weitreichenden Berechtigungen gelten zusätzliche Maßnahmen, um deren Sicherheit zu gewährleisten. Benutzendenkennungen mit weitreichenden Berechtigungen SOLLTEN mit einer Mehr-Faktor-Authentisierung, z. B. mit kryptografischen Zertifikaten, Chipkarten oder Token, geschützt werden Quelle: ORP.4.A10 (S). Dies bedeutet, dass neben dem üblichen Passwort noch ein weiteres Authentifizierungsmittel erforderlich ist, um den Zugriff auf sensible Ressourcen zu sichern Quelle: ORP.4.A21 (H). 

Anschlussfragen:
1. Wie funktioniert die Mehr-Faktor-Authentisierung in der Praxis?
2. Welche Arten von Token oder Chipkarten können für die Mehr-Faktor-Authentisierung verwendet werden?
3. Wie werden die Anforderungen für das Identitäts- und Berechtigungsmanagement in Bezug auf Betriebssysteme oder Verzeichnisdienste gehandhabt?";Für Konten mit weitreichenden Berechtigungen gelten zusätzliche Maßnahmen, um deren Sicherheit zu gewährleisten. Benutzendenkennungen mit weitreichenden Berechtigungen SOLLTEN mit einer Mehr-Faktor-Authentisierung, z. B. mit kryptografischen Zertifikaten, Chipkarten oder Token, geschützt werden Quelle: ORP.4.A10 (S). Dies bedeutet, dass neben dem üblichen Passwort noch ein weiteres Authentifizierungsmittel erforderlich ist, um den Zugriff auf sensible Ressourcen zu sichern Quelle: ORP.4.A21 (H).;"ORP.4.A10 Schutz von Benutzendenkennungen mit weitreichenden Berechtigungen (S) [IT-Betrieb] Benutzendenkennungen mit weitreichenden Berechtigungen SOLLTEN mit einer Mehr-FaktorAuthentisierung, z. B. mit kryptografischen Zertifikaten, Chipkarten oder Token, geschützt werden.

ORP.4.A21 Mehr-Faktor-Authentisierung (H) [IT-Betrieb] Es SOLLTE eine sichere Mehr-Faktor-Authentisierung, z. B. mit kryptografischen Zertifikaten, Chipkarten oder Token, zur Authentisierung verwendet werden.";"Im bereitgestellten Kontext nicht enthalten  

Anschlussfragen:
1. Welche konkreten Anforderungen des IT‑Grundschutz‑Kompendiums gelten für die Verwaltung von Service‑Accounts?
2. Wie wird im IT‑Grundschutz die regelmäßige Analyse von Berechtigungsstrukturen empfohlen?
3. Welche Rollen sind laut IT‑Grundschutz für die Kontrolle von privilegierten Konten verantwortlich?";Im bereitgestellten Kontext nicht enthalten;"1. Welche konkreten Anforderungen des IT‑Grundschutz‑Kompendiums gelten für die Verwaltung von Service‑Accounts?
2. Wie wird im IT‑Grundschutz die regelmäßige Analyse von Berechtigungsstrukturen empfohlen?
3. Welche Rollen sind laut IT‑Grundschutz für die Kontrolle von privilegierten Konten verantwortlich?";3;3;0.0;0.0;;0.08504033403988034;Welche konkreten Anforderungen des IT‑Grundschutz‑Kompendiums gelten für die Verwaltung von Service‑Accounts?;2.0;2.0;Direkte Relevanz zu IT-Grundschutz;Wie wird im IT‑Grundschutz die regelmäßige Analyse von Berechtigungsstrukturen empfohlen?;2.0;2.0;Direkte Empfehlung;Welche Rollen sind laut IT‑Grundschutz für die Kontrolle von privilegierten Konten verantwortlich?;1.0;2.0;Teilweise abgedeckt durch IT-Grundschutz;1.667;2.0
Warum ist eine Dokumentation der Anforderungen notwendig?;"Eine Dokumentation der Anforderungen ist notwendig, um sicherzustellen, dass alle gesetzlichen, vertraglichen und sonstigen Vorgaben mit Auswirkungen auf das Informationssicherheitsmanagement identifiziert und auf dem aktuellen Stand gehalten werden. Dies ermöglicht es, die relevanten Anforderungen bei der Planung und Konzeption von Geschäftsprozessen, Anwendungen und IT-Systemen oder bei der Beschaffung neuer Komponenten zu berücksichtigen. Quelle: ORP.5.A1 (S. nicht spezifiziert).

Durch die Dokumentation kann sichergestellt werden, dass Führungskräfte, die eine rechtliche Verantwortung für die Institution tragen, für die Einhaltung der gesetzlichen, vertraglichen und sonstigen Vorgaben sorgen. Quelle: ORP.5.A2 (S. nicht spezifiziert).

Anschlussfragen:
1. Wie werden die gesetzlichen, vertraglichen und sonstigen Vorgaben im Baustein ORP.5 identifiziert und dokumentiert?
2. Welche Rolle spielen Führungskräfte bei der Einhaltung der gesetzlichen, vertraglichen und sonstigen Vorgaben im Rahmen des Informationssicherheitsmanagements?
3. Wie werden Verstöße gegen relevante Anforderungen im Baustein ORP.5 behandelt und korrigiert?";"Eine Dokumentation der Anforderungen ist notwendig, um sicherzustellen, dass alle gesetzlichen, vertraglichen und sonstigen Vorgaben mit Auswirkungen auf das Informationssicherheitsmanagement identifiziert und auf dem aktuellen Stand gehalten werden. Dies ermöglicht es, die relevanten Anforderungen bei der Planung und Konzeption von Geschäftsprozessen, Anwendungen und IT-Systemen oder bei der Beschaffung neuer Komponenten zu berücksichtigen. Quelle: ORP.5.A1 (S. nicht spezifiziert).

Durch die Dokumentation kann sichergestellt werden, dass Führungskräfte, die eine rechtliche Verantwortung für die Institution tragen, für die Einhaltung der gesetzlichen, vertraglichen und sonstigen Vorgaben sorgen. Quelle: ORP.5.A2 (S. nicht spezifiziert).";"ORP.5.A1 Identifikation der Rahmenbedingungen (B) [Zentrale Verwaltung, Institutionsleitung] Alle gesetzlichen, vertraglichen und sonstigen Vorgaben mit Auswirkungen auf das Informationssicherheitsmanagement MÜSSEN identifiziert und dokumentiert werden. Die für die einzelnen Bereiche der Institution relevanten gesetzlichen, vertraglichen und sonstigen Vorgaben SOLLTEN in einer strukturierten Übersicht herausgearbeitet werden. Die Dokumentation MUSS auf dem aktuellen Stand gehalten werden.

ORP.5.A2 Beachtung der Rahmenbedingungen (B) [Vorgesetzte, Zentrale Verwaltung, Institutionsleitung] Die als sicherheitsrelevant identifizierten Anforderungen MÜSSEN bei der Planung und Konzeption von Geschäftsprozessen, Anwendungen und IT-Systemen oder bei der Beschaffung neuer Komponenten einfließen. Führungskräfte, die eine rechtliche Verantwortung für die Institution tragen, MÜSSEN für die Einhaltung der gesetzlichen, vertraglichen und sonstigen Vorgaben sorgen. Die Verantwortlichkeiten und Zuständigkeiten für die Einhaltung dieser Vorgaben MÜSSEN festgelegt sein. Es MÜSSEN geeignete Maßnahmen identifiziert und umgesetzt werden, um Verstöße gegen relevante Anforderungen zu vermeiden. Wenn solche Verstöße erkannt werden, MÜSSEN sachgerechte Korrekturmaßnahmen ergriffen werden, um die Abweichungen zu beheben.";"Eine angemessene Dokumentation ermöglicht es, getroffene Entscheidungen nachzuvollziehen, Handlungen zu wiederholen sowie Managementsysteme zu überprüfen und zu zertifizieren Quelle: Ausführliche Dokumentation (S.1).  
Die Dokumentation des Sicherheitsprozesses sollte so aussagekräftig sein, dass auch später noch nachvollziehbar ist, was zu früheren Zeitpunkten entschieden und umgesetzt wurde Quelle: Dokumentation der Anforderungen an die Individualsoftware (S.1).  
Wenn eine spätere Zertifizierung des ISMS angestrebt ist, müssen einige Dokumente zwingend erstellt werden Quelle: Dokumentation der Anforderungen an die Individualsoftware (S.1).  
Dokumentationen erfüllen nur dann ihren Zweck, wenn sie regelmäßig erstellt und aktuell gehalten werden Quelle: Betriebsdokumentationen (S.1).  
Sie müssen so bezeichnet und abgelegt werden, dass sie im Bedarfsfall nutzbar sind und klar erkennbar ist, wer wann welche Teile erstellt hat Quelle: Betriebsdokumentationen (S.2).  

Anschlussfragen:  
1. Welche konkreten Dokumente sind für die ISO‑27001‑Zertifizierung nach IT‑Grundschutz erforderlich?  
2. Wie kann die Dokumentenlenkung im Rahmen eines BCMS praktisch umgesetzt werden?  
3. Welche Schutzmaßnahmen sind für die Aufbewahrung und den Zugriff auf sicherheitsrelevante Dokumente vorgesehen?";"Eine angemessene Dokumentation ermöglicht es, getroffene Entscheidungen nachzuvollziehen, Handlungen zu wiederholen sowie Managementsysteme zu überprüfen und zu zertifizieren Quelle: Ausführliche Dokumentation (S.1).  
Die Dokumentation des Sicherheitsprozesses sollte so aussagekräftig sein, dass auch später noch nachvollziehbar ist, was zu früheren Zeitpunkten entschieden und umgesetzt wurde Quelle: Dokumentation der Anforderungen an die Individualsoftware (S.1).  
Wenn eine spätere Zertifizierung des ISMS angestrebt ist, müssen einige Dokumente zwingend erstellt werden Quelle: Dokumentation der Anforderungen an die Individualsoftware (S.1).  
Dokumentationen erfüllen nur dann ihren Zweck, wenn sie regelmäßig erstellt und aktuell gehalten werden Quelle: Betriebsdokumentationen (S.1).  
Sie müssen so bezeichnet und abgelegt werden, dass sie im Bedarfsfall nutzbar sind und klar erkennbar ist, wer wann welche Teile erstellt hat Quelle: Betriebsdokumentationen (S.2).";"1. Welche konkreten Dokumente sind für die ISO‑27001‑Zertifizierung nach IT‑Grundschutz erforderlich?  
2. Wie kann die Dokumentenlenkung im Rahmen eines BCMS praktisch umgesetzt werden?  
3. Welche Schutzmaßnahmen sind für die Aufbewahrung und den Zugriff auf sicherheitsrelevante Dokumente vorgesehen?";3;3;0.4999999999875;0.5;1.0;0.1956720505203517;Welche konkreten Dokumente sind für die ISO‑27001‑Zertifizierung nach IT‑Grundschutz erforderlich?;1.0;2.0;ISO-27001-Zertifizierung;Wie kann die Dokumentenlenkung im Rahmen eines BCMS praktisch umgesetzt werden?;2.0;1.0;Dokumentenlenkung im BCMS;Welche Schutzmaßnahmen sind für die Aufbewahrung und den Zugriff auf sicherheitsrelevante Dokumente vorgesehen?;2.0;2.0;Schutzmaßnahmen für Dokumente;1.667;1.667
Welche Gefährdungen entstehen bei fehlendem Compliance Management?;"Bei fehlendem Compliance Management können verschiedene Gefährdungen entstehen. Dazu gehören Verstöße gegen rechtliche Vorgaben, unzulässige Weitergabe von Informationen, unzureichende Identifikationsprüfung von Kommunikationspartnern und unbeabsichtigte Weitergabe interner Informationen. 

Verstöße gegen rechtliche Vorgaben können durch fehlerhafte oder unvollständige Umsetzung von Informationssicherheit entstehen, wodurch Institutionen gegen gesetzliche Regelungen oder vertragliche Vereinbarungen verstoßen können Quelle: 2.1. Verstoß gegen rechtliche Vorgaben. 

Unzulässige Weitergabe von Informationen kann durch falsches Verhalten von Mitarbeitenden erfolgen, beispielsweise durch das Diskutieren vertraulicher Informationen in öffentlichen Umgebungen Quelle: 2.2. Unzulässige Weitergabe von Informationen. 

Unzureichende Identifikationsprüfung von Kommunikationspartnern kann dazu führen, dass Mitarbeitende bereit sind, mehr Informationen preiszugeben, als sie es in anderen Situationen tun würden Quelle: 2.3. Unzureichende Identifikationsprüfung von Kommunikationspartnern und -partnerinnen. 

Schließlich kann die unbeabsichtigte Weitergabe interner Informationen durch die versehentliche Übermittlung von vertraulichen Informationen oder die Weitergabe von falschen Daten an falsche Empfänger erfolgen Quelle: 2.4. Unbeabsichtigte Weitergabe interner Informationen.

Anschlussfragen:
1. Wie können Institutionen die Einhaltung rechtlicher Vorgaben sicherstellen?
2. Welche Maßnahmen können ergriffen werden, um unzulässige Weitergabe von Informationen zu verhindern?
3. Wie kann die Identifikationsprüfung von Kommunikationspartnern verbessert werden, um die Sicherheit von Informationen zu erhöhen?";"Bei fehlendem Compliance Management können verschiedene Gefährdungen entstehen. Dazu gehören Verstöße gegen rechtliche Vorgaben, unzulässige Weitergabe von Informationen, unzureichende Identifikationsprüfung von Kommunikationspartnern und unbeabsichtigte Weitergabe interner Informationen. 

Verstöße gegen rechtliche Vorgaben können durch fehlerhafte oder unvollständige Umsetzung von Informationssicherheit entstehen, wodurch Institutionen gegen gesetzliche Regelungen oder vertragliche Vereinbarungen verstoßen können Quelle: 2.1. Verstoß gegen rechtliche Vorgaben. 

Unzulässige Weitergabe von Informationen kann durch falsches Verhalten von Mitarbeitenden erfolgen, beispielsweise durch das Diskutieren vertraulicher Informationen in öffentlichen Umgebungen Quelle: 2.2. Unzulässige Weitergabe von Informationen. 

Unzureichende Identifikationsprüfung von Kommunikationspartnern kann dazu führen, dass Mitarbeitende bereit sind, mehr Informationen preiszugeben, als sie es in anderen Situationen tun würden Quelle: 2.3. Unzureichende Identifikationsprüfung von Kommunikationspartnern und -partnerinnen. 

Schließlich kann die unbeabsichtigte Weitergabe interner Informationen durch die versehentliche Übermittlung von vertraulichen Informationen oder die Weitergabe von falschen Daten an falsche Empfänger erfolgen Quelle: 2.4. Unbeabsichtigte Weitergabe interner Informationen.";"2.1. Verstoß gegen rechtliche Vorgaben Wird Informationssicherheit fehlerhaft oder nur spärlich umgesetzt, können Institutionen gegen gesetzliche Regelungen oder vertragliche Vereinbarungen verstoßen. Institutionen müssen außerdem viele verschiedene branchenspezifische, nationale und internationale rechtliche Rahmenbedingungen beachten. Da dies sehr komplex sein kann, können Anwendende unabsichtlich gegen rechtliche Vorgaben verstoßen oder dies sogar vorsätzlich in Kauf nehmen. So bieten z. B. viele CloudDienstleistende ihre Services in einem internationalen Umfeld an. Damit unterliegen die Anbietenden oft anderen nationalen Gesetzgebungen. Häufig sehen Cloud-Anwendende nur auf niedrige Kosten und schätzen die zu beachtenden rechtlichen Rahmenbedingungen, wie Datenschutz, Informationspflichten, Insolvenzrecht, Haftung oder den Informationszugriff durch Dritte, falsch ein.

2.2. Unzulässige Weitergabe von Informationen Durch falsches Verhalten von Mitarbeitenden kann es dazu kommen, dass schützenswerte Informationen unzulässig weitergegeben werden. So können beispielsweise vertrauliche Informationen in Hörweite fremder Personen diskutiert werden, etwa in Pausengesprächen von Konferenzen oder über Mobiltelefonate in öffentlichen Umgebungen. Ebenso denkbar ist, dass der oder die Vorgesetzte einer Fachabteilung Mitarbeitende verdächtigt, mit der Konkurrenz zusammenzuarbeiten. Um ihm dies nachzuweisen, bittet er oder sie den IT-Betrieb, „auf dem kleinen Dienstweg“ einen Einblick in die E-Mails dieser Mitarbeitenden zu erhalten. Der IT-Betrieb kommt der Bitte nach, ohne die hierfür notwendigen Zustimmungen einzuholen.

2.3. Unzureichende Identifikationsprüfung von Kommunikationspartnern und -partnerinnen In persönlichen Gesprächen, am Telefon oder auch in E-Mails sind viele Mitarbeitende bereit, weit mehr Informationen preiszugeben, als sie das in z. B. in einem Brief oder in größerer Runde tun würden. Darüber hinaus wird die Identität der Kommunikationspartner und -partnerinnen in der Regel nicht hinterfragt, da dies als unhöflich empfunden wird. Ebenso werden häufig Berechtigungen nicht ausreichend geprüft, sondern aus der (behaupteten) Rolle implizit abgeleitet. So können Mitarbeitende eine E-Mail von angeblichen Bekannten ihrer Vorgesetzten erhalten, mit der vermeintlich die schnelle Überweisung eines ausstehenden Betrages vereinbart wurde. Oder eine fremde Person in Arbeitskleidung mit Montagekoffer erhält Zutritt zum Rechenzentrum, nachdem er etwas von ""Wasserrohren"" erwähnt.

2.4. Unbeabsichtigte Weitergabe interner Informationen Bei der Weitergabe von Informationen kommt es immer wieder vor, dass neben den gewünschten Inhalten versehentlich auch andere Angaben übermittelt werden. Dadurch können vertrauliche Informationen in die falschen Hände geraten. Dabei kann es sich z. B. um alte Dateien oder Restinformationen auf weitergegebenen Datenträgern handeln. Auch könnten Benutzende falsche Daten übermitteln oder sie an falsche Empfänger versenden.";"- Fehlende Compliance‑Regelungen führen dazu, dass Mitarbeitende die geltenden Sicherheitsvorgaben nicht kennen und daher nicht befolgen, was zu Lücken in Vertraulichkeit, Verfügbarkeit und Integrität von Informationen führen kann und Geschäftsprozesse, finanzielle Stabilität sowie rechtliche Pflichten gefährdet Quelle: Fehlende oder unzureichende Regelungen (S.1)  
- Ohne ausreichende Sensibilisierung und Schulung steigt das Risiko von Social‑Engineering‑Angriffen, weil Mitarbeitende nicht erkennen, wann sie manipuliert werden, und dadurch unberechtigten Zugriff auf kritische Systeme ermöglichen Quelle: Social Engineering (S.2)  
- Fehlende persönliche Verantwortung im Sicherheitsprozess bewirkt, dass Sicherheitsmaßnahmen nicht umgesetzt werden, weil Mitarbeitende ihre Zuständigkeit an höhere Ebenen delegieren, was zu unkontrollierten Sicherheitslücken führt Quelle: Fehlende persönliche Verantwortung im Sicherheitsprozess (S.3)  
- Unzureichende strategische und konzeptionelle Vorgaben verhindern die Bereitstellung notwendiger Ressourcen, sodass wichtige Sicherheitsmaßnahmen nicht realisiert werden und das Gesamtsicherheitsniveau sinkt Quelle: Unzureichende strategische und konzeptionelle Vorgaben (S.4)  
- Nicht dokumentierte oder unkontrollierte OT‑Fernwartungszugänge ermöglichen unautorisierte Eingriffe in Steuerungs‑ und Prozessdaten; dadurch können Fehlverhalten oder Manipulationen von Echtzeit‑Daten zu Anlagenstillstand, Produktionsausfällen und direkten Gefährdungen von Leib und Leben führen Quelle: Unzureichende menschliche Kontrolle über OT‑Fernwartungssitzungen (S.5)  

Ja, manipulierte Programmabläufe oder fehlerhafte Daten in industriellen Steuerungs‑ und Prozesssystemen können direkte gesundheitliche Gefährdungen für das Bedienpersonal verursachen, weil sie kritische Anlagenfunktionen beeinflussen und damit Gefahrensituationen für Leib und Leben erzeugen Quelle: Unzureichende menschliche Kontrolle über OT‑Fernwartungssitzungen (S.5)  

Anschlussfragen:
1. Welche konkreten Maßnahmen zur Sensibilisierung und Schulung reduzieren das Risiko von Social‑Engineering‑Angriffen?
2. Wie lässt sich die Dokumentation von OT‑Fernwartungszugängen systematisch verbessern?
3. Welche Rollen und Verantwortlichkeiten sollten im Sicherheitsmanagement eindeutig definiert werden?";"- Fehlende Compliance‑Regelungen führen dazu, dass Mitarbeitende die geltenden Sicherheitsvorgaben nicht kennen und daher nicht befolgen, was zu Lücken in Vertraulichkeit, Verfügbarkeit und Integrität von Informationen führen kann und Geschäftsprozesse, finanzielle Stabilität sowie rechtliche Pflichten gefährdet Quelle: Fehlende oder unzureichende Regelungen (S.1)  
- Ohne ausreichende Sensibilisierung und Schulung steigt das Risiko von Social‑Engineering‑Angriffen, weil Mitarbeitende nicht erkennen, wann sie manipuliert werden, und dadurch unberechtigten Zugriff auf kritische Systeme ermöglichen Quelle: Social Engineering (S.2)  
- Fehlende persönliche Verantwortung im Sicherheitsprozess bewirkt, dass Sicherheitsmaßnahmen nicht umgesetzt werden, weil Mitarbeitende ihre Zuständigkeit an höhere Ebenen delegieren, was zu unkontrollierten Sicherheitslücken führt Quelle: Fehlende persönliche Verantwortung im Sicherheitsprozess (S.3)  
- Unzureichende strategische und konzeptionelle Vorgaben verhindern die Bereitstellung notwendiger Ressourcen, sodass wichtige Sicherheitsmaßnahmen nicht realisiert werden und das Gesamtsicherheitsniveau sinkt Quelle: Unzureichende strategische und konzeptionelle Vorgaben (S.4)  
- Nicht dokumentierte oder unkontrollierte OT‑Fernwartungszugänge ermöglichen unautorisierte Eingriffe in Steuerungs‑ und Prozessdaten; dadurch können Fehlverhalten oder Manipulationen von Echtzeit‑Daten zu Anlagenstillstand, Produktionsausfällen und direkten Gefährdungen von Leib und Leben führen Quelle: Unzureichende menschliche Kontrolle über OT‑Fernwartungssitzungen (S.5)  

Ja, manipulierte Programmabläufe oder fehlerhafte Daten in industriellen Steuerungs‑ und Prozesssystemen können direkte gesundheitliche Gefährdungen für das Bedienpersonal verursachen, weil sie kritische Anlagenfunktionen beeinflussen und damit Gefahrensituationen für Leib und Leben erzeugen Quelle: Unzureichende menschliche Kontrolle über OT‑Fernwartungssitzungen (S.5)";"1. Welche konkreten Maßnahmen zur Sensibilisierung und Schulung reduzieren das Risiko von Social‑Engineering‑Angriffen?
2. Wie lässt sich die Dokumentation von OT‑Fernwartungszugängen systematisch verbessern?
3. Welche Rollen und Verantwortlichkeiten sollten im Sicherheitsmanagement eindeutig definiert werden?";3;3;0.555555555537037;1.0;1.0;0.29931937596324276;Welche konkreten Maßnahmen zur Sensibilisierung und Schulung reduzieren das Risiko von Social‑Engineering‑Angriffen?;2.0;2.0;Direkte Relevanz zu Social-Engineering-Abwehr;Wie lässt sich die Dokumentation von OT‑Fernwartungszugängen systematisch verbessern?;2.0;1.0;Thematisch verwandt, aber nicht direkt;Welche Rollen und Verantwortlichkeiten sollten im Sicherheitsmanagement eindeutig definiert werden?;2.0;2.0;Rollen und Verantwortlichkeiten;2.0;1.667
Wie kann verhindert werden, dass rechtliche Anforderungen übersehen werden?;"Um zu verhindern, dass rechtliche Anforderungen übersehen werden, MÜSSEN alle gesetzlichen, vertraglichen und sonstigen Vorgaben mit Auswirkungen auf das Informationssicherheitsmanagement identifiziert und dokumentiert werden Quelle: ORP.5.A1 (S.?). Die für die einzelnen Bereiche der Institution relevanten gesetzlichen, vertraglichen und sonstigen Vorgaben SOLLTEN in einer strukturierten Übersicht herausgearbeitet werden Quelle: ORP.5.A1 (S.?).

Es SOLLTE ein Prozess aufgebaut werden, um alle relevanten gesetzlichen, vertraglichen und sonstigen Vorgaben mit Auswirkungen auf das Informationssicherheitsmanagement zu identifizieren Quelle: ORP.5.A4 (S.?). Geeignete Prozesse und Organisationsstrukturen SOLLTEN aufgebaut werden, um basierend auf der Identifikation und Beachtung der rechtlichen Rahmenbedingungen, den Überblick über die verschiedenen rechtlichen Anforderungen an die einzelnen Bereiche der Institution zu gewährleisten Quelle: ORP.5.A4 (S.?).

Anschlussfragen:
1. Wie kann die Dokumentation der gesetzlichen, vertraglichen und sonstigen Vorgaben auf dem aktuellen Stand gehalten werden?
2. Welche Rolle spielen Compliance-Beauftragte und Informationssicherheitsbeauftragte bei der Integration von Sicherheitsanforderungen ins Compliance Management?
3. Wie kann die Einhaltung der identifizierten gesetzlichen, vertraglichen und sonstigen Vorgaben durch die Mitarbeitenden sichergestellt werden?";"Um zu verhindern, dass rechtliche Anforderungen übersehen werden, MÜSSEN alle gesetzlichen, vertraglichen und sonstigen Vorgaben mit Auswirkungen auf das Informationssicherheitsmanagement identifiziert und dokumentiert werden Quelle: ORP.5.A1 (S.?). Die für die einzelnen Bereiche der Institution relevanten gesetzlichen, vertraglichen und sonstigen Vorgaben SOLLTEN in einer strukturierten Übersicht herausgearbeitet werden Quelle: ORP.5.A1 (S.?).

Es SOLLTE ein Prozess aufgebaut werden, um alle relevanten gesetzlichen, vertraglichen und sonstigen Vorgaben mit Auswirkungen auf das Informationssicherheitsmanagement zu identifizieren Quelle: ORP.5.A4 (S.?). Geeignete Prozesse und Organisationsstrukturen SOLLTEN aufgebaut werden, um basierend auf der Identifikation und Beachtung der rechtlichen Rahmenbedingungen, den Überblick über die verschiedenen rechtlichen Anforderungen an die einzelnen Bereiche der Institution zu gewährleisten Quelle: ORP.5.A4 (S.?).";"""ORP.5.A1 Identifikation der Rahmenbedingungen (B) [Zentrale Verwaltung, Institutionsleitung] Alle gesetzlichen, vertraglichen und sonstigen Vorgaben mit Auswirkungen auf das Informationssicherheitsmanagement MÜSSEN identifiziert und dokumentiert werden. Die für die einzelnen Bereiche der Institution relevanten gesetzlichen, vertraglichen und sonstigen Vorgaben SOLLTEN in einer strukturierten Übersicht herausgearbeitet werden. Die Dokumentation MUSS auf dem aktuellen Stand gehalten werden."",

""ORP.5.A4 Konzeption und Organisation des Compliance Managements (S) [Institutionsleitung] In der Institution SOLLTE ein Prozess aufgebaut werden, um alle relevanten gesetzlichen, vertraglichen und sonstigen Vorgaben mit Auswirkungen auf das Informationssicherheitsmanagement zu identifizieren. Es SOLLTEN geeignete Prozesse und Organisationsstrukturen aufgebaut werden, um basierend auf der Identifikation und Beachtung der rechtlichen Rahmenbedingungen, den Überblick über die verschiedenen rechtlichen Anforderungen an die einzelnen Bereiche der Institution zu gewährleisten. Dafür SOLLTEN Zuständige für das Compliance Management festgelegt werden. Compliance-Beauftragte und Informationssicherheitsbeauftragte SOLLTEN sich regelmäßig austauschen. Sie SOLLTEN gemeinsam Sicherheitsanforderungen ins Compliance Management integrieren, sicherheitsrelevante Anforderungen in Sicherheitsmaßnahmen überführen und deren Umsetzung kontrollieren.""
";"- Den Baustein ORP.5 Compliance Management (Anforderungsmanagement) einsetzen, um einen systematischen Überblick über alle gesetzlichen, vertraglichen und internen Vorgaben zu erlangen Quelle: Zielsetzung (S.1)  
- Alle relevanten Anforderungen in einem zentr alen Anforderungs‑Register dokumentieren und nach Schutzbedarf klassifizieren Quelle: Abgrenzung Und Modellierung (S.2)  
- Zuständige Rollen für Erfassung, Pflege und Überwachung des Registers definieren und schriftlich festlegen Quelle: Organisation (S.3)  
- Regelmäßige (‑mindestens vierteljährliche) Überprüfungen des Registers durch die Leitung oder den ISB durchführen, abweichende Anforderungen nachverfolgen und Korrekturmaßnahmen einleiten Quelle: Organisation (S.4)  
- Die aktuellen Anforderungen allen Mitarbeitenden kommunizieren und in einem nachschlagbaren Repository bereitstellen, damit sie bekannt und einsehbar sind Quelle: Organisation (S.5)  

Durch diese Maßnahmen wird sichergestellt, dass rechtliche Vorgaben nicht übersehen werden und die Institution ihre Compliance‑Verpflichtungen kontinuierlich erfüllt.

Anschlussfragen:
1. Welche konkreten Rollen sollten im Anforderungs‑Register benannt werden?
2. Wie lässt sich die Wirksamkeit der regelmäßigen Überprüfungen messen?
3. Welche Werkzeuge eignen sich zur automatisierten Pflege des Anforderungs‑Registers?";"- Den Baustein ORP.5 Compliance Management (Anforderungsmanagement) einsetzen, um einen systematischen Überblick über alle gesetzlichen, vertraglichen und internen Vorgaben zu erlangen Quelle: Zielsetzung (S.1)  
- Alle relevanten Anforderungen in einem zentr alen Anforderungs‑Register dokumentieren und nach Schutzbedarf klassifizieren Quelle: Abgrenzung Und Modellierung (S.2)  
- Zuständige Rollen für Erfassung, Pflege und Überwachung des Registers definieren und schriftlich festlegen Quelle: Organisation (S.3)  
- Regelmäßige (‑mindestens vierteljährliche) Überprüfungen des Registers durch die Leitung oder den ISB durchführen, abweichende Anforderungen nachverfolgen und Korrekturmaßnahmen einleiten Quelle: Organisation (S.4)  
- Die aktuellen Anforderungen allen Mitarbeitenden kommunizieren und in einem nachschlagbaren Repository bereitstellen, damit sie bekannt und einsehbar sind Quelle: Organisation (S.5)  

Durch diese Maßnahmen wird sichergestellt, dass rechtliche Vorgaben nicht übersehen werden und die Institution ihre Compliance‑Verpflichtungen kontinuierlich erfüllt.";"1. Welche konkreten Rollen sollten im Anforderungs‑Register benannt werden?
2. Wie lässt sich die Wirksamkeit der regelmäßigen Überprüfungen messen?
3. Welche Werkzeuge eignen sich zur automatisierten Pflege des Anforderungs‑Registers?";3;3;0.8333333333055556;1.0;0.42857142857142855;0.7315148375320558;Welche konkreten Rollen sollten im Anforderungs‑Register benannt werden?;2.0;2.0;Rollen im Anforderungs-Register;Wie lässt sich die Wirksamkeit der regelmäßigen Überprüfungen messen?;2.0;2.0;Regelmäßige Überprüfungen;Welche Werkzeuge eignen sich zur automatisierten Pflege des Anforderungs‑Registers?;0.0;1.0;Keine direkte Erwähnung von Anforderungs-Registers;1.333;1.667
Welche Maßnahmen adressieren mehrere Gefährdungen gleichzeitig?;"Die Maßnahmen, die mehrere Gefährdungen gleichzeitig adressieren, sind im Kontext des IT-Grundschutz-Kompendiums nicht explizit aufgeführt. Allerdings kann man aus den Anforderungen des Bausteins ORP.5 Compliance Management (Anforderungsmanagement) schließen, dass die Identifikation und Dokumentation von gesetzlichen, vertraglichen und sonstigen Vorgaben sowie die Beachtung dieser Rahmenbedingungen bei der Planung und Konzeption von Geschäftsprozessen, Anwendungen und IT-Systemen dazu beitragen können, mehrere Gefährdungen zu minimieren. Quelle: ORP.5.A1 Identifikation der Rahmenbedingungen (B) [Zentrale Verwaltung, Institutionsleitung] (S.1), Quelle: ORP.5.A2 Beachtung der Rahmenbedingungen (B) [Vorgesetzte, Zentrale Verwaltung, Institutionsleitung] (S.2).

Anschlussfragen:
1. Wie können die im Baustein ORP.5 identifizierten Anforderungen in die tägliche Arbeit integriert werden?
2. Welche Rolle spielt die regelmäßige Überprüfung des Compliance Managements bei der Minimierung von Gefährdungen?
3. Wie kann die Verpflichtung der Mitarbeitenden zur Einhaltung der gesetzlichen, vertraglichen und sonstigen Vorgaben im Baustein ORP.2 Personal umgesetzt werden?";Die Maßnahmen, die mehrere Gefährdungen gleichzeitig adressieren, sind im Kontext des IT-Grundschutz-Kompendiums nicht explizit aufgeführt. Allerdings kann man aus den Anforderungen des Bausteins ORP.5 Compliance Management (Anforderungsmanagement) schließen, dass die Identifikation und Dokumentation von gesetzlichen, vertraglichen und sonstigen Vorgaben sowie die Beachtung dieser Rahmenbedingungen bei der Planung und Konzeption von Geschäftsprozessen, Anwendungen und IT-Systemen dazu beitragen können, mehrere Gefährdungen zu minimieren. Quelle: ORP.5.A1 Identifikation der Rahmenbedingungen (B) [Zentrale Verwaltung, Institutionsleitung] (S.1), Quelle: ORP.5.A2 Beachtung der Rahmenbedingungen (B) [Vorgesetzte, Zentrale Verwaltung, Institutionsleitung] (S.2).;"""ORP.5.A1 Identifikation der Rahmenbedingungen (B) [Zentrale Verwaltung, Institutionsleitung] Alle gesetzlichen, vertraglichen und sonstigen Vorgaben mit Auswirkungen auf das Informationssicherheitsmanagement MÜSSEN identifiziert und dokumentiert werden. Die für die einzelnen Bereiche der Institution relevanten gesetzlichen, vertraglichen und sonstigen Vorgaben SOLLTEN in einer strukturierten Übersicht herausgearbeitet werden. Die Dokumentation MUSS auf dem aktuellen Stand gehalten werden."",

""ORP.5.A2 Beachtung der Rahmenbedingungen (B) [Vorgesetzte, Zentrale Verwaltung, Institutionsleitung] Die als sicherheitsrelevant identifizierten Anforderungen MÜSSEN bei der Planung und Konzeption von Geschäftsprozessen, Anwendungen und IT-Systemen oder bei der Beschaffung neuer Komponenten einfließen. Führungskräfte, die eine rechtliche Verantwortung für die Institution tragen, MÜSSEN für die Einhaltung der gesetzlichen, vertraglichen und sonstigen Vorgaben sorgen. Die Verantwortlichkeiten und Zuständigkeiten für die Einhaltung dieser Vorgaben MÜSSEN festgelegt sein. Es MÜSSEN geeignete Maßnahmen identifiziert und umgesetzt werden, um Verstöße gegen relevante Anforderungen zu vermeiden. Wenn solche Verstöße erkannt werden, MÜSSEN sachgerechte Korrekturmaßnahmen ergriffen werden, um die Abweichungen zu beheben."",

""ORP.5.A8 Regelmäßige Überprüfungen des Compliance Managements (S) Es SOLLTE ein Verfahren etabliert sein, wie das Compliance Management und die sich daraus ergebenden Anforderungen und Maßnahmen regelmäßig auf ihre Effizienz und Effektivität überprüft werden (siehe auch DER.3.1 Audits und Revisionen). Es SOLLTE regelmäßig geprüft werden, ob die Organisationsstruktur und die Prozesse des Compliance Managements angemessen sind.""";"Im bereitgestellten Kontext nicht enthalten  

Anschlussfragen:
1. Welche konkreten IT‑Grundschutz‑Bausteine werden für den Exploit‑Schutz empfohlen?
2. Wie wird im Sicherheitskonzept die Konsolidierung von Maßnahmen dokumentiert?
3. Welche Kriterien werden zur Bewertung der Wirtschaftlichkeit von Sicherheitsmaßnahmen herangezogen?";Im bereitgestellten Kontext nicht enthalten;"1. Welche konkreten IT‑Grundschutz‑Bausteine werden für den Exploit‑Schutz empfohlen?
2. Wie wird im Sicherheitskonzept die Konsolidierung von Maßnahmen dokumentiert?
3. Welche Kriterien werden zur Bewertung der Wirtschaftlichkeit von Sicherheitsmaßnahmen herangezogen?";3;3;0.0;0.3333333333333333;;0.2733645704093839;Welche konkreten IT‑Grundschutz‑Bausteine werden für den Exploit‑Schutz empfohlen?;2.0;1.0;Exploit-Schutz;Wie wird im Sicherheitskonzept die Konsolidierung von Maßnahmen dokumentiert?;2.0;2.0;Direkte Konsolidierung von Maßnahmen;Welche Kriterien werden zur Bewertung der Wirtschaftlichkeit von Sicherheitsmaßnahmen herangezogen?;2.0;1.0;Wirtschaftlichkeit von Sicherheitsmaßnahmen;2.0;1.333
Was sind die Basis-Anforderungen beim Einsatz von Windows Server?;"Die Basis-Anforderungen beim Einsatz von Windows Server umfassen mehrere Aspekte. Zunächst MUSS eine begründete und dokumentierte Entscheidung für eine geeignete Edition von Windows Server getroffen werden, einschließlich der Spezifizierung des Einsatzzwecks und der Einbindung ins Active Directory, wie in SYS.1.2.3.A1 beschrieben Quelle: SYS.1.2.3.A1 Planung von Windows Server (B). 

Weiterhin MUSS bei der Installation von Windows Server die Server-Core-Variante installiert werden, wenn vom Funktionsumfang her ausreichend, oder es MUSS begründet werden, warum diese Variante nicht genügt, wie in SYS.1.2.3.A2 Sichere Installation von Windows Server festgelegt Quelle: SYS.1.2.3.A2 Sichere Installation von Windows Server (B). 

Zusätzlich MUSS das Telemetrie-Level 0 (Security) auf dem Windows Server konfiguriert werden, um die Übertragung von Diagnose- und Nutzungsdaten an Microsoft stark zu reduzieren, wie in SYS.1.2.3.A3 Telemetrie- und Nutzungsdaten unter Windows Server angegeben Quelle: SYS.1.2.3.A3 Telemetrie- und Nutzungsdaten unter Windows Server (B).

Anschlussfragen:
1. Wie MUSS die Einrichtung von Microsoft-Konten auf dem Server gehandhabt werden, wenn sie nicht benötigt werden?
2. Welche Rolle spielt die Server-Core-Variante bei der sicheren Installation von Windows Server?
3. Wie können Diagnose- und Nutzungsdaten, die an Microsoft übertragen werden, auf Netzebene reduziert werden, wenn das Telemetrie-Level 0 nicht wirksam umgesetzt wird?";"Die Basis-Anforderungen beim Einsatz von Windows Server umfassen mehrere Aspekte. Zunächst MUSS eine begründete und dokumentierte Entscheidung für eine geeignete Edition von Windows Server getroffen werden, einschließlich der Spezifizierung des Einsatzzwecks und der Einbindung ins Active Directory, wie in SYS.1.2.3.A1 beschrieben Quelle: SYS.1.2.3.A1 Planung von Windows Server (B). 

Weiterhin MUSS bei der Installation von Windows Server die Server-Core-Variante installiert werden, wenn vom Funktionsumfang her ausreichend, oder es MUSS begründet werden, warum diese Variante nicht genügt, wie in SYS.1.2.3.A2 Sichere Installation von Windows Server festgelegt Quelle: SYS.1.2.3.A2 Sichere Installation von Windows Server (B). 

Zusätzlich MUSS das Telemetrie-Level 0 (Security) auf dem Windows Server konfiguriert werden, um die Übertragung von Diagnose- und Nutzungsdaten an Microsoft stark zu reduzieren, wie in SYS.1.2.3.A3 Telemetrie- und Nutzungsdaten unter Windows Server angegeben Quelle: SYS.1.2.3.A3 Telemetrie- und Nutzungsdaten unter Windows Server (B).";"3.1. Basis-Anforderungen Die folgenden Anforderungen MÜSSEN für diesen Baustein vorrangig erfüllt werden.

""SYS.1.2.3.A1 Planung von Windows Server (B) Es MUSS eine begründete und dokumentierte Entscheidung für eine geeignete Edition von Windows Server getroffen werden. Der Einsatzzweck des Servers sowie die Einbindung ins Active Directory MÜSSEN dabei spezifiziert werden. Die Nutzung von mitgelieferten Cloud-Diensten im Betriebssystem MUSS grundsätzlich abgewogen und gründlich geplant werden. Wenn nicht benötigt, MUSS die Einrichtung von Microsoft-Konten auf dem Server blockiert werden."",

""SYS.1.2.3.A2 Sichere Installation von Windows Server (B) Wenn vom Funktionsumfang her ausreichend, MUSS die Server-Core-Variante installiert werden. Andernfalls MUSS begründet werden, warum die Server-Core-Variante nicht genügt."",

""SYS.1.2.3.A3 Telemetrie- und Nutzungsdaten unter Windows Server (B) Um die Übertragung von Diagnose- und Nutzungsdaten an Microsoft stark zu reduzieren, MUSS das Telemetrie-Level 0 (Security) auf dem Windows Server konfiguriert werden. Wenn diese Einstellung nicht wirksam umgesetzt wird, dann MUSS durch geeignete Maßnahmen, etwa auf Netzebene, sichergestellt werden, dass die Daten nicht an den Hersteller übertragen werden.""";"- Der Einsatz von Windows Server MUSS vor der Installation sorgfältig geplant werden; die Hardware‑Anforderungen MÜSSEN vor der Beschaffung geprüft werden Quelle: Planung von Windows Server (S.1)  
- Es MUSS eine begründete und dokumentierte Entscheidung für eine geeignete Edition von Windows Server getroffen werden Quelle: Planung von Windows Server (S.2)  
- Der Einsatzzweck des Servers sowie die Einbindung in das Active Directory MÜSSEN spezifiziert werden Quelle: Planung von Windows Server (S.3)  
- Die Nutzung von im Betriebssystem integrierten Cloud‑Diensten MUSS grundsätzlich abgewogen und geplant werden; wenn nicht benötigt, MUSS die Einrichtung von Microsoft‑Konten blockiert werden Quelle: Planung von Windows Server (S.4)  
- Es DÜRFEN KEINE anderen als die tatsächlich benötigten Serverrollen und Features installiert werden; wenn die Funktionalität ausreicht, MUSS die Server‑Core‑Variante verwendet werden Quelle: Sichere Installation von Windows Server 2012 (S.5)  
- Der Server MUSS bereits während der Installation auf einen aktuellen Patch‑Stand gebracht werden Quelle: Sichere Installation von Windows Server 2012 (S.6)  

Anschlussfragen:
1. Welche konkreten Maßnahmen sind im Baustein OPS.1.1.4 „Schutz vor Schadprogrammen“ für Windows Server vorgesehen?
2. Wie wird das Patch‑ und Änderungsmanagement (OPS.1.1.3) für Windows Server im Detail umgesetzt?
3. Welche Anforderungen gelten für die Absicherung von Remote‑Zugängen (z. B. RDP) auf Windows Server?";"- Der Einsatz von Windows Server MUSS vor der Installation sorgfältig geplant werden; die Hardware‑Anforderungen MÜSSEN vor der Beschaffung geprüft werden Quelle: Planung von Windows Server (S.1)  
- Es MUSS eine begründete und dokumentierte Entscheidung für eine geeignete Edition von Windows Server getroffen werden Quelle: Planung von Windows Server (S.2)  
- Der Einsatzzweck des Servers sowie die Einbindung in das Active Directory MÜSSEN spezifiziert werden Quelle: Planung von Windows Server (S.3)  
- Die Nutzung von im Betriebssystem integrierten Cloud‑Diensten MUSS grundsätzlich abgewogen und geplant werden; wenn nicht benötigt, MUSS die Einrichtung von Microsoft‑Konten blockiert werden Quelle: Planung von Windows Server (S.4)  
- Es DÜRFEN KEINE anderen als die tatsächlich benötigten Serverrollen und Features installiert werden; wenn die Funktionalität ausreicht, MUSS die Server‑Core‑Variante verwendet werden Quelle: Sichere Installation von Windows Server 2012 (S.5)  
- Der Server MUSS bereits während der Installation auf einen aktuellen Patch‑Stand gebracht werden Quelle: Sichere Installation von Windows Server 2012 (S.6)";"1. Welche konkreten Maßnahmen sind im Baustein OPS.1.1.4 „Schutz vor Schadprogrammen“ für Windows Server vorgesehen?
2. Wie wird das Patch‑ und Änderungsmanagement (OPS.1.1.3) für Windows Server im Detail umgesetzt?
3. Welche Anforderungen gelten für die Absicherung von Remote‑Zugängen (z. B. RDP) auf Windows Server?";3;3;0.49999999998333333;0.6666666666666666;0.7777777777777778;0.4588388255313558;Welche konkreten Maßnahmen sind im Baustein OPS.1.1.4 „Schutz vor Schadprogrammen“ für Windows Server vorgesehen?;2.0;2.0;Direkt relevante Maßnahmen;Wie wird das Patch‑ und Änderungsmanagement (OPS.1.1.3) für Windows Server im Detail umgesetzt?;2.0;2.0;Direkte Relevanz zu OPS.1.1.3;Welche Anforderungen gelten für die Absicherung von Remote‑Zugängen (z. B. RDP) auf Windows Server?;2.0;2.0;Direkte Relevanz zu RDP-Absicherung;2.0;2.0
Welche Einschränkungen bringt Virtual Secure Mode mit sich?;"Die Nutzung des Virtual Secure Mode (VSM) bringt Einschränkungen bei der Forensik mit sich, da Prozesse, die durch den Secure Kernel oder den Isolated User Mode (IUM) geschützt werden, nicht mehr zugänglich sind Quelle: 2.4. Eingeschränkte Forensik bei der Nutzung des Virtual Secure Mode (VSM). Beispielsweise können Speicherabbilder dieser Prozesse aufgrund kryptografischer Maßnahmen nicht ausgewertet werden Quelle: 2.4. Eingeschränkte Forensik bei der Nutzung des Virtual Secure Mode (VSM). 

Anschlussfragen:
1. Wie wirkt sich der Virtual Secure Mode auf die Sicherheitsvorfallbehandlung aus?
2. Welche Rolle spielt der Secure Kernel bei der Einschränkung der Forensik?
3. Wie können die Einschränkungen des Virtual Secure Mode bei der Forensik minimiert werden?";Die Nutzung des Virtual Secure Mode (VSM) bringt Einschränkungen bei der Forensik mit sich, da Prozesse, die durch den Secure Kernel oder den Isolated User Mode (IUM) geschützt werden, nicht mehr zugänglich sind Quelle: 2.4. Eingeschränkte Forensik bei der Nutzung des Virtual Secure Mode (VSM). Beispielsweise können Speicherabbilder dieser Prozesse aufgrund kryptografischer Maßnahmen nicht ausgewertet werden Quelle: 2.4. Eingeschränkte Forensik bei der Nutzung des Virtual Secure Mode (VSM).;"2.4. Eingeschränkte Forensik bei der Nutzung des Virtual Secure Mode (VSM) Durch die Nutzung des Virtual Secure Mode (VSM) werden forensische Untersuchungen, z. B. zur Sicherheitsvorfallbehandlung, eingeschränkt oder erschwert. Prozesse, die durch den Secure Kernel oder den Isolated User Mode (IUM) geschützt werden, sind nicht mehr zugänglich. Beispielsweise können Speicherabbilder dieser Prozesse aufgrund kryptografischer Maßnahmen nicht ausgewertet werden.

SYS.1.2.3.A8 Nutzung des Virtual Secure Mode (VSM) (H) Bei der Nutzung des Virtual Secure Mode (VSM) SOLLTE berücksichtigt werden, dass forensische Untersuchungen, z. B. zur Sicherheitsvorfallbehandlung, eingeschränkt oder erschwert werden.";"Der Virtual Secure Mode (VSM) kann die Durchführung forensischer Untersuchungen, etwa zur Sicherheitsvorfallbehandlung, **einschränken oder erschweren** Quelle: Nutzung des Virtual Secure Mode (S.1)  

Anschlussfragen:
1. Welche Maßnahmen können ergriffen werden, um die forensische Analyse trotz VSM zu unterstützen?
2. Wie beeinflusst VSM die Anforderung an die Protokollierung von Systemereignissen?
3. Welche zusätzlichen Sicherheitsfunktionen werden für virtuelle Clients empfohlen?";Der Virtual Secure Mode (VSM) kann die Durchführung forensischer Untersuchungen, etwa zur Sicherheitsvorfallbehandlung, **einschränken oder erschweren** Quelle: Nutzung des Virtual Secure Mode (S.1);"1. Welche Maßnahmen können ergriffen werden, um die forensische Analyse trotz VSM zu unterstützen?
2. Wie beeinflusst VSM die Anforderung an die Protokollierung von Systemereignissen?
3. Welche zusätzlichen Sicherheitsfunktionen werden für virtuelle Clients empfohlen?";3;3;0.99999999995;0.5;1.0;0.7122147776826294;Welche Maßnahmen können ergriffen werden, um die forensische Analyse trotz VSM zu unterstützen?;1.0;2.0;Teilweise abgedeckt;Wie beeinflusst VSM die Anforderung an die Protokollierung von Systemereignissen?;1.0;1.0;Teilweise abgedeckt durch Protokollierung;Welche zusätzlichen Sicherheitsfunktionen werden für virtuelle Clients empfohlen?;2.0;2.0;Direkt relevante Sicherheitsfunktionen;1.333;1.667
Welche Arten von zentralen Speicherlösungen gibt es und wann nutze ich welche?;"Es gibt verschiedene Arten von zentralen Speicherlösungen, wie Network-Attached-Storage-(NAS)-Systeme, Storage-Area-Networks-(SAN)-Systeme, Hybrid Storage, Objekt Storage oder Cloud Storage Quelle: Kap. 1.3 Abgrenzung und Modellierung – SYS.1.8 Speicherlösungen (S.1-3). Jede dieser Lösungen hat ihre eigenen Einsatzszenarien und Anforderungen. Zum Beispiel eignen sich NAS-Systeme hervorragend für Fileserver-Dienste, während SAN-Systeme oft in Umgebungen verwendet werden, in denen ein dediziertes Speichernetz erforderlich ist Quelle: Kap. 1.3 Abgrenzung und Modellierung – SYS.1.8 Speicherlösungen (S.2). Objekt-Storage und Cloud Storage bieten wiederum flexible Lösungen für die Speicherung und Verwaltung von Daten in verschiedenen Umgebungen Quelle: Kap. 1.3 Abgrenzung und Modellierung – SYS.1.8 Speicherlösungen (S.3).

Anschlussfragen:
1. Welche Rolle spielen NAS-Systeme in der Bereitstellung von Fileserver-Diensten?
2. Wie unterscheiden sich SAN-Systeme von NAS-Systemen in Bezug auf ihre Architektur und Einsatzgebiete?
3. Welche Sicherheitsanforderungen müssen bei der Implementierung von Objekt-Storage und Cloud Storage berücksichtigt werden?";Es gibt verschiedene Arten von zentralen Speicherlösungen, wie Network-Attached-Storage-(NAS)-Systeme, Storage-Area-Networks-(SAN)-Systeme, Hybrid Storage, Objekt Storage oder Cloud Storage Quelle: Kap. 1.3 Abgrenzung und Modellierung – SYS.1.8 Speicherlösungen (S.1-3). Jede dieser Lösungen hat ihre eigenen Einsatzszenarien und Anforderungen. Zum Beispiel eignen sich NAS-Systeme hervorragend für Fileserver-Dienste, während SAN-Systeme oft in Umgebungen verwendet werden, in denen ein dediziertes Speichernetz erforderlich ist Quelle: Kap. 1.3 Abgrenzung und Modellierung – SYS.1.8 Speicherlösungen (S.2). Objekt-Storage und Cloud Storage bieten wiederum flexible Lösungen für die Speicherung und Verwaltung von Daten in verschiedenen Umgebungen Quelle: Kap. 1.3 Abgrenzung und Modellierung – SYS.1.8 Speicherlösungen (S.3).;"1.1. Einleitung Das stetige Wachstum digitaler Informationen und die zunehmende Menge unstrukturierter Informationen führen dazu, dass innerhalb von Institutionen zentrale Speicherlösungen eingesetzt werden. Dabei unterliegen die Anforderungen an solche Speicherlösungen einem stetigen Wandel, der sich beispielsweise an folgenden Aspekten beobachten lässt:

• Die Daten einer Institution sollen jederzeit, an jedem Ort und für unterschiedliche Anwendungsszenarien verfügbar sein. Dadurch gelten für moderne Speicherlösungen häufig gestiegene Verfügbarkeitsanforderungen.

• Die zunehmende Digitalisierung sämtlicher Informationen in einer Institution macht es notwendig, dass weitreichende rechtliche Vorgaben (Compliance-Anforderungen) beachtet und eingehalten werden müssen.

• Speicherlösungen sollen dynamisch an die sich stetig ändernden Anforderungen anpassbar sein und Speicherplatz zentral bereitstellen können.

In der Vergangenheit wurden Speicherlösungen oft umgesetzt, indem Speichermedien direkt an einen Server angeschlossen wurden. Diese sogenannten Direct-Attached-Storage-(DAS)-Systeme können die aktuellen und zukünftigen Anforderungen jedoch oft nicht mehr erfüllen. Daher sind die heute weitverbreiteten zentralen Speicherlösungen und deren Bestandteile notwendig, die sich wie folgt unterscheiden lassen:

• Speicherlösungen: Eine Speicherlösung besteht aus einem oder mehreren Speichernetzen sowie mindestens einem Speichersystem.

• Speichernetze: Speichernetze ermöglichen einerseits den Zugriff auf die Speichersysteme, andererseits die Replikation von Daten zwischen Speichersystemen.

• Speichersysteme: Als Speichersystem wird die zentrale Instanz bezeichnet, die für andere IT-Systeme Speicherplatz zur Verfügung stellt. Ein Speichersystem erlaubt außerdem den zeitgleichen Zugriff mehrerer IT-Systeme auf den vorhandenen Speicherplatz.

1.3. Abgrenzung und Modellierung Der Baustein SYS.1.8 Speicherlösungen ist immer dann anzuwenden, wenn zentrale Speicherlösungen eingesetzt werden. Somit kann er auf Network-Attached-Storage-(NAS)-Systeme, Storage-AreaNetworks-(SAN)-Systeme, Hybrid Storage, Objekt Storage oder Cloud Storage angewendet werden. Dabei muss jedoch Folgendes beachtet werden:

• Network Attached Storage (NAS) stellt beispielsweise über die Protokolle NFS (Network File System), AFP (Apple Filing Protocol) und CIFS (Common Internet File System) Zugriffe auf die Speichersysteme zur Verfügung. Der Hauptanwendungsfall besteht darin, Fileserver-Dienste zur Verfügung zu stellen. Für NAS-Systeme sind daher auch zusätzlich zu diesem Baustein die Bausteine SYS.1.1 Allgemeiner Server sowie APP.3.3 Fileserver anzuwenden.

• Storage Area Networks (SAN) werden in der Regel durch ein dediziertes Speichernetz zwischen Speichersystemen und angeschlossenen IT-Systemen geschaffen. Für SAN-Systeme ist daher der Baustein NET.1.1 Netzarchitektur und -design geeignet zu berücksichtigen. Speichersysteme, die sowohl über NAS als auch SAN Daten zur Verfügung stellen können, werden oft unter der Bezeichnung Hybrid-Storage oder kombiniertes Speichersystem (Unified Storage) geführt. Für Hybrid-Systeme sind daher auch zusätzlich die Bausteine SYS.1.1 Allgemeiner Server sowie APP.3.3 Fileserver anzuwenden. Darüber hinaus ist der Baustein NET.1.1 Netzarchitektur und design geeignet zu berücksichtigen.

• Objekt-Storage (oftmals auch als Object-based Storage bezeichnet) ermöglicht gegenüber den traditionellen blockbasierten und dateibasierten Zugriffsmethoden einen objektbasierten Zugriff auf Daten. Der Zugriff auf einen objektbasierenden Speicher erfolgt über eine führende Anwendung. Die Anwendung greift hierbei über eine spezielle Schnittstelle (Application Programming Interface (API)) und deren mögliche Kommandos oder direkt per Internet Protocol (IP) auf den Objekt-Storage zu. Für objektbasierende Speicherlösungen ist daher auch zusätzlich der Baustein SYS.1.1 Allgemeiner Server anzuwenden. Darüber hinaus müssen Sicherheitsanforderungen mitberücksichtigt werden, die sich dadurch ergeben, dass Webservices eingesetzt werden. Webservices werden im vorliegenden Baustein nicht betrachtet.

• Im Zusammenhang mit Weiterentwicklungen im Speicherumfeld etabliert sich zunehmend auch der Begriff des Cloud Storage. Hierunter sind Speicherlösungen als Basis für CloudServices zu verstehen. Die Speicherlösung an sich bleibt dabei weitgehend unverändert, jedoch liegt eine von den klassischen SAN- oder NAS-Architekturen abweichende Art des Zugriffs auf die gespeicherten Daten vor. Dieser wird in der Regel mittels Web-Service-Schnittstelle (via Representional State Transfer (REST) und Simple Object Access Protocol (SOAP)) realisiert.

Datensicherungsgeräte, die an das Speichersystem oder an das Speichernetz angeschlossen sind, werden hier nicht betrachtet, sondern im Baustein OPS.1.2.2 Archivierung behandelt. Konzeptionelle Aspekte der Datensicherung werden im Baustein CON.3 Datensicherungskonzept erläutert. Oft kann eine Vielzahl von Konten auf Speicherlösungen zugreifen. Deswegen sollten Speicherlösungen geeignet im Rollen- und Rechtekonzept mit berücksichtigt werden. Anforderungen dazu finden sich im Baustein ORP.4 Identitäts- und Berechtigungsmanagement. Falls auf externe Dienstleistung zurückgegriffen wird, um eine Speicherlösung zu betreiben, müssen die Anforderungen des Bausteins OPS.2.3 Nutzung von Outsourcing gesondert berücksichtigt werden.";"Zentrale Speicherlösungen lassen sich in fünf Haupttypen einteilen: Network‑Attached‑Storage (NAS), Storage‑Area‑Network (SAN), Hybrid‑/Unified‑Storage, Objekt‑Storage und Cloud‑Storage Quelle: SYS.1.8 Speicherlösungen (S.1)  
NAS stellt über Dateiprotokolle wie NFS, AFP oder CIFS Dateidienste bereit und ist besonders geeignet, wenn mehrere Clients über ein gemeinsames Dateisystem auf Daten zugreifen sollen, also für klassische Fileserver‑Szenarien Quelle: SYS.1.8 Speicherlösungen (S.2)  
SAN verwendet ein dediziertes Speichernetz, das Block‑Zugriff ermöglicht; es wird bevorzugt, wenn Anwendungen hohen Durchsatz und niedrige Latenz benötigen, etwa für Datenbanken oder Virtualisierungsumgebungen Quelle: SYS.1.8 Speicherlösungen (S.3)  
Hybrid‑ oder Unified‑Storage kombiniert NAS‑ und SAN‑Funktionen in einem System und ist sinnvoll, wenn sowohl Datei‑ als auch Blockzugriffe aus einer einzigen Infrastruktur bedient werden sollen Quelle: SYS.1.8 Speicherlösungen (S.4)  
Objekt‑Storage bietet einen API‑basierten, objektorientierten Zugriff und eignet sich für große Mengen unstrukturierter Daten, Archivierung oder cloud‑native Anwendungen, bei denen keine Dateisystem‑Semantik nötig ist Quelle: SYS.1.8 Speicherlösungen (S.5)  
Cloud‑Storage stellt Speicher über Web‑Service‑Schnittstellen (REST, SOAP) bereit und ist passend, wenn externe Dienstleister genutzt werden oder ein skalierbarer, standortunabhängiger Zugriff auf Daten gefordert ist Quelle: SYS.1.8 Speicherlösungen (S.6)  

Anschlussfragen:  
1. Welche Kriterien sollten bei der Anforderungsanalyse für Speicherlösungen berücksichtigt werden?  
2. Wie lassen sich Sicherheitsanforderungen wie Verschlüsselung in den verschiedenen Speicherarten umsetzen?  
3. Welche Rolle spielt das Rollen‑ und Berechtigungsmanagement bei der Nutzung zentraler Speicherlösungen?";"Zentrale Speicherlösungen lassen sich in fünf Haupttypen einteilen: Network‑Attached‑Storage (NAS), Storage‑Area‑Network (SAN), Hybrid‑/Unified‑Storage, Objekt‑Storage und Cloud‑Storage Quelle: SYS.1.8 Speicherlösungen (S.1)  
NAS stellt über Dateiprotokolle wie NFS, AFP oder CIFS Dateidienste bereit und ist besonders geeignet, wenn mehrere Clients über ein gemeinsames Dateisystem auf Daten zugreifen sollen, also für klassische Fileserver‑Szenarien Quelle: SYS.1.8 Speicherlösungen (S.2)  
SAN verwendet ein dediziertes Speichernetz, das Block‑Zugriff ermöglicht; es wird bevorzugt, wenn Anwendungen hohen Durchsatz und niedrige Latenz benötigen, etwa für Datenbanken oder Virtualisierungsumgebungen Quelle: SYS.1.8 Speicherlösungen (S.3)  
Hybrid‑ oder Unified‑Storage kombiniert NAS‑ und SAN‑Funktionen in einem System und ist sinnvoll, wenn sowohl Datei‑ als auch Blockzugriffe aus einer einzigen Infrastruktur bedient werden sollen Quelle: SYS.1.8 Speicherlösungen (S.4)  
Objekt‑Storage bietet einen API‑basierten, objektorientierten Zugriff und eignet sich für große Mengen unstrukturierter Daten, Archivierung oder cloud‑native Anwendungen, bei denen keine Dateisystem‑Semantik nötig ist Quelle: SYS.1.8 Speicherlösungen (S.5)  
Cloud‑Storage stellt Speicher über Web‑Service‑Schnittstellen (REST, SOAP) bereit und ist passend, wenn externe Dienstleister genutzt werden oder ein skalierbarer, standortunabhängiger Zugriff auf Daten gefordert ist Quelle: SYS.1.8 Speicherlösungen (S.6)";"1. Welche Kriterien sollten bei der Anforderungsanalyse für Speicherlösungen berücksichtigt werden?  
2. Wie lassen sich Sicherheitsanforderungen wie Verschlüsselung in den verschiedenen Speicherarten umsetzen?  
3. Welche Rolle spielt das Rollen‑ und Berechtigungsmanagement bei der Nutzung zentraler Speicherlösungen?";3;3;0.99999999995;1.0;0.4375;0.5027714918132364;Welche Kriterien sollten bei der Anforderungsanalyse für Speicherlösungen berücksichtigt werden?;2.0;2.0;Direkt relevante Anforderungsanalyse;Wie lassen sich Sicherheitsanforderungen wie Verschlüsselung in den verschiedenen Speicherarten umsetzen?;2.0;2.0;Direkte Umsetzung von Sicherheitsanforderungen;Welche Rolle spielt das Rollen‑ und Berechtigungsmanagement bei der Nutzung zentraler Speicherlösungen?;2.0;2.0;Rollen- und Berechtigungsmanagement direkt abgedeckt;2.0;2.0
Was muss in einem Betriebshandbuch für Speicherlösungen enthalten sein?;"Ein Betriebshandbuch für Speicherlösungen sollte alle Regelungen, Anforderungen und Einstellungen dokumentieren, die erforderlich sind, um Speicherlösungen zu betreiben Quelle: SYS.1.8.A10 (S.). Dazu gehören auch die Systemeinstellungen von Speichersystemen, einschließlich technischer und organisatorischer Vorgaben sowie spezifischer Konfigurationen Quelle: SYS.1.8.A17 (S.). Das Betriebshandbuch sollte regelmäßig aktualisiert werden, um sicherzustellen, dass es immer aktuell ist Quelle: SYS.1.8.A10 (S.).

Anschlussfragen:
1. Welche Arten von Speicherlösungen können mit dem Baustein SYS.1.8 abgedeckt werden?
2. Wie sollten Speicherlösungen im Rollen- und Rechtekonzept berücksichtigt werden?
3. Welche Anforderungen müssen bei der Nutzung von externen Dienstleistungen für die Betreibung von Speicherlösungen berücksichtigt werden?";Ein Betriebshandbuch für Speicherlösungen sollte alle Regelungen, Anforderungen und Einstellungen dokumentieren, die erforderlich sind, um Speicherlösungen zu betreiben Quelle: SYS.1.8.A10 (S.). Dazu gehören auch die Systemeinstellungen von Speichersystemen, einschließlich technischer und organisatorischer Vorgaben sowie spezifischer Konfigurationen Quelle: SYS.1.8.A17 (S.). Das Betriebshandbuch sollte regelmäßig aktualisiert werden, um sicherzustellen, dass es immer aktuell ist Quelle: SYS.1.8.A10 (S.).;"""SYS.1.8.A10 Erstellung und Pflege eines Betriebshandbuchs (S) Es SOLLTE ein Betriebshandbuch erstellt werden. Darin SOLLTEN alle Regelungen, Anforderungen und Einstellungen dokumentiert werden, die erforderlich sind, um Speicherlösungen zu betreiben. Das Betriebshandbuch SOLLTE regelmäßig aktualisiert werden."",

""SYS.1.8.A17 Dokumentation der Systemeinstellungen von Speichersystemen (S) Alle Systemeinstellungen von Speichersystemen SOLLTEN dokumentiert werden. Die Dokumentation SOLLTE die technischen und organisatorischen Vorgaben sowie alle spezifischen Konfigurationen der Speichersysteme der Institution enthalten. Sofern die Dokumentation der Systemeinstellungen vertrauliche Informationen beinhaltet, SOLLTEN diese vor unberechtigtem Zugriff geschützt werden. Die Dokumentation SOLLTE regelmäßig überprüft werden. Sie SOLLTE immer aktuell sein.""";"Im bereitgestellten Kontext nicht enthalten  

Anschlussfragen:
1. Welche konkreten Rollen und Verantwortlichkeiten sind für die Pflege des Betriebshandbuchs definiert?
2. Wie wird die regelmäßige Aktualisierung und Prüfung des Betriebshandbuchs organisatorisch umgesetzt?
3. Welche Maßnahmen zum Schutz vor unberechtigtem Zugriff auf das Betriebshandbuch sind vorgesehen?";Im bereitgestellten Kontext nicht enthalten;"1. Welche konkreten Rollen und Verantwortlichkeiten sind für die Pflege des Betriebshandbuchs definiert?
2. Wie wird die regelmäßige Aktualisierung und Prüfung des Betriebshandbuchs organisatorisch umgesetzt?
3. Welche Maßnahmen zum Schutz vor unberechtigtem Zugriff auf das Betriebshandbuch sind vorgesehen?";3;3;0.9999999999666667;0.375;0.0;0.08358640817571385;Welche konkreten Rollen und Verantwortlichkeiten sind für die Pflege des Betriebshandbuchs definiert?;2.0;2.0;Rollen und Verantwortlichkeiten;Wie wird die regelmäßige Aktualisierung und Prüfung des Betriebshandbuchs organisatorisch umgesetzt?;1.0;2.0;Teilweise abgedeckt;Welche Maßnahmen zum Schutz vor unberechtigtem Zugriff auf das Betriebshandbuch sind vorgesehen?;2.0;2.0;Schutz vor unberechtigtem Zugriff;1.667;2.0
Wie implementiere ich eine hochverfügbare SAN-Lösung richtig?;"Um eine hochverfügbare SAN-Lösung richtig zu implementieren, SOLLTE eine hochverfügbare SAN-Lösung eingesetzt werden, wie im Baustein SYS.1.8.A22 beschrieben Quelle: SYS.1.8.A22 (S. unbekannt, da keine Seitenzahl angegeben). Die eingesetzten Replikationsmechanismen SOLLTEN den Verfügbarkeitsanforderungen der Institution an die Speicherlösung entsprechen. Auch die Konfiguration der Speicherlösung SOLLTE den Verfügbarkeitsanforderungen gerecht werden. Außerdem SOLLTE ein Test- und Konsolidierungssystem vorhanden sein.

Zusätzlich SOLLTE Hard-Zoning eingesetzt werden, um SANs zu segmentieren, wie in SYS.1.8.A26 beschrieben Quelle: SYS.1.8.A26 (S. unbekannt, da keine Seitenzahl angegeben).

Anschlussfragen:
1. Wie können die Verfügbarkeitsanforderungen der Institution an die Speicherlösung bestimmt werden?
2. Welche Rolle spielt die Konfiguration der Speicherlösung bei der Gewährleistung der Hochverfügbarkeit?
3. Wie kann ein Test- und Konsolidierungssystem für eine hochverfügbare SAN-Lösung eingerichtet werden?";"Um eine hochverfügbare SAN-Lösung richtig zu implementieren, SOLLTE eine hochverfügbare SAN-Lösung eingesetzt werden, wie im Baustein SYS.1.8.A22 beschrieben Quelle: SYS.1.8.A22 (S. unbekannt, da keine Seitenzahl angegeben). Die eingesetzten Replikationsmechanismen SOLLTEN den Verfügbarkeitsanforderungen der Institution an die Speicherlösung entsprechen. Auch die Konfiguration der Speicherlösung SOLLTE den Verfügbarkeitsanforderungen gerecht werden. Außerdem SOLLTE ein Test- und Konsolidierungssystem vorhanden sein.

Zusätzlich SOLLTE Hard-Zoning eingesetzt werden, um SANs zu segmentieren, wie in SYS.1.8.A26 beschrieben Quelle: SYS.1.8.A26 (S. unbekannt, da keine Seitenzahl angegeben).";"""SYS.1.8.A22 Einsatz einer hochverfügbaren SAN-Lösung (H) Eine hochverfügbare SAN-Lösung SOLLTE eingesetzt werden. Die eingesetzten Replikationsmechanismen SOLLTEN den Verfügbarkeitsanforderungen der Institution an die Speicherlösung entsprechen. Auch die Konfiguration der Speicherlösung SOLLTE den Verfügbarkeitsanforderungen gerecht werden. Außerdem SOLLTE ein Test- und Konsolidierungssystem vorhanden sein."",

""SYS.1.8.A26 Absicherung eines SANs durch Hard-Zoning (H) Um SANs zu segmentieren, SOLLTE Hard-Zoning eingesetzt werden.""";"Eine hochverfügbare SAN‑Lösung muss zunächst als Teil des Bausteins **SYS.1.8 Speicherlösungen** (B) definiert und eingesetzt werden Quelle: SYS.1.8 Speicherlösungen (S.1).  
Die eingesetzten Replikationsmechanismen SOLLTEN den institutionellen Verfügbarkeitsanforderungen entsprechen und die Konfiguration der Speicherlösung SOLLTE diese Anforderungen erfüllen Quelle: Einsatz einer hochverfügbaren SAN-Lösung (S.2‑3).  
Ein dediziertes Test‑ und Konsolidierungssystem SOLLTE vorhanden sein, um Änderungen vor dem produktiven Einsatz zu prüfen Quelle: Einsatz einer hochverfügbaren SAN-Lösung (S.4).  
Alle Server, Speichercontroller und Netzkomponenten, die die SAN‑Lösung bereitstellen, SOLLTEN redundant ausgelegt sein, sodass ein Ausfall einzelner Komponenten die Verfügbarkeit nicht gefährdet Quelle: Hochverfügbare Realisierung der Systemmanagement‑Lösung (S.5).  
Das SAN MUSS segmentiert werden; ein Konzept zur Zuordnung von SAN‑Ressourcen zu Servern SOLLTE anhand von Sicherheitsanforderungen und Administrationsaufwand erstellt werden Quelle: Absicherung eines SANs durch Segmentierung (S.6‑7).  
Die aktuelle Zoning‑Konfiguration MUSS dokumentiert und im Notfall verfügbar sein Quelle: Absicherung eines SANs durch Segmentierung (S.8).  
Unsichere Default‑Einstellungen von Speicherkomponenten SOLLTEN deaktiviert und nur benötigte Protokolle aktiviert werden, um unberechtigte Zugriffe zu verhindern Quelle: Unsichere Default‑Einstellungen bei Speicherkomponenten (S.9).  
WWN‑Spoofing‑Risiken SOLLTEN durch strenge Zugangskontrollen zu HBA‑ und Switch‑Geräten gemindert werden Quelle: Zugriff auf Informationen anderer Mandanten durch WWN‑Spoofing (S.10).  
Regelmäßige Tests der Redundanz‑ und Replikationsmechanismen SOLLTEN im Rahmen des Test‑ und Konsolidierungssystems durchgeführt werden Quelle: Test‑ und Konsolidierungssystem (S.4).  

Anschlussfragen:
1. Welche konkreten Maßnahmen zur Redundanz von SAN‑Switches werden empfohlen?  
2. Wie kann die Dokumentation der Zoning‑Konfiguration automatisiert werden?  
3. Welche Prüfungen sollten im Rahmen des Test‑ und Konsolidierungssystems durchgeführt werden?";"Eine hochverfügbare SAN‑Lösung muss zunächst als Teil des Bausteins **SYS.1.8 Speicherlösungen** (B) definiert und eingesetzt werden Quelle: SYS.1.8 Speicherlösungen (S.1).  
Die eingesetzten Replikationsmechanismen SOLLTEN den institutionellen Verfügbarkeitsanforderungen entsprechen und die Konfiguration der Speicherlösung SOLLTE diese Anforderungen erfüllen Quelle: Einsatz einer hochverfügbaren SAN-Lösung (S.2‑3).  
Ein dediziertes Test‑ und Konsolidierungssystem SOLLTE vorhanden sein, um Änderungen vor dem produktiven Einsatz zu prüfen Quelle: Einsatz einer hochverfügbaren SAN-Lösung (S.4).  
Alle Server, Speichercontroller und Netzkomponenten, die die SAN‑Lösung bereitstellen, SOLLTEN redundant ausgelegt sein, sodass ein Ausfall einzelner Komponenten die Verfügbarkeit nicht gefährdet Quelle: Hochverfügbare Realisierung der Systemmanagement‑Lösung (S.5).  
Das SAN MUSS segmentiert werden; ein Konzept zur Zuordnung von SAN‑Ressourcen zu Servern SOLLTE anhand von Sicherheitsanforderungen und Administrationsaufwand erstellt werden Quelle: Absicherung eines SANs durch Segmentierung (S.6‑7).  
Die aktuelle Zoning‑Konfiguration MUSS dokumentiert und im Notfall verfügbar sein Quelle: Absicherung eines SANs durch Segmentierung (S.8).  
Unsichere Default‑Einstellungen von Speicherkomponenten SOLLTEN deaktiviert und nur benötigte Protokolle aktiviert werden, um unberechtigte Zugriffe zu verhindern Quelle: Unsichere Default‑Einstellungen bei Speicherkomponenten (S.9).  
WWN‑Spoofing‑Risiken SOLLTEN durch strenge Zugangskontrollen zu HBA‑ und Switch‑Geräten gemindert werden Quelle: Zugriff auf Informationen anderer Mandanten durch WWN‑Spoofing (S.10).  
Regelmäßige Tests der Redundanz‑ und Replikationsmechanismen SOLLTEN im Rahmen des Test‑ und Konsolidierungssystems durchgeführt werden Quelle: Test‑ und Konsolidierungssystem (S.4).";"1. Welche konkreten Maßnahmen zur Redundanz von SAN‑Switches werden empfohlen?  
2. Wie kann die Dokumentation der Zoning‑Konfiguration automatisiert werden?  
3. Welche Prüfungen sollten im Rahmen des Test‑ und Konsolidierungssystems durchgeführt werden?";3;3;0.699999999965;0.5;0.26666666666666666;0.5340297544581663;Welche konkreten Maßnahmen zur Redundanz von SAN‑Switches werden empfohlen?;2.0;2.0;Direkte Empfehlungen zur Redundanz;Wie kann die Dokumentation der Zoning‑Konfiguration automatisiert werden?;2.0;2.0;Dokumentation von Zoning-Konfiguration;Welche Prüfungen sollten im Rahmen des Test‑ und Konsolidierungssystems durchgeführt werden?;1.0;1.0;Teilweise abgedeckt;1.667;1.667
Welche Schritte sind erforderlich, um den Schutzbedarf für Geschäftsprozesse und Anwendungen zu ermitteln, und welche Schadensszenarien sind dabei zu berücksichtigen?;"Um den Schutzbedarf für Geschäftsprozesse und Anwendungen zu ermitteln, sollten die Bedeutung der einzelnen Geschäftsprozesse für die Institution beleuchtet und die Abhängigkeiten zwischen Geschäftsprozessen und Anwendungen analysiert werden. Dazu gehört auch die Diskussion realistischer Schadensszenarien mit der Fragestellung ""Was wäre, wenn..."" und die Beschreibung der zu erwartenden materiellen oder ideellen Schäden. Quelle: 8.2.3 Schutzbedarfsfeststellung für Geschäftsprozesse und Anwendungen (S.8.2.3).

Bei der Schutzbedarfsfeststellung sollten die Schadensszenarien Verstoß gegen Gesetze/Vorschriften/Verträge, Beeinträchtigung des informationellen Selbstbestimmungsrechts, Beeinträchtigung der persönlichen Unversehrtheit, Beeinträchtigung der Aufgabenerfüllung, negative Innen- oder Außenwirkung und finanzielle Auswirkungen berücksichtigt werden. Quelle: 8.2.1 Definition der Schutzbedarfskategorien (S.8.2.1).

Die Schutzbedarfskategorien ""normal"", ""hoch"" und ""sehr hoch"" sollten anhand dieser Schadensszenarien und der zu erwartenden Auswirkungen bestimmt werden. Quelle: 8.2.1 Definition der Schutzbedarfskategorien (S.8.2.1).

Anschlussfragen:
1. Wie können die Schutzbedarfskategorien ""normal"", ""hoch"" und ""sehr hoch"" für eine bestimmte Anwendung oder einen Geschäftsprozess bestimmt werden?
2. Welche Rolle spielen die Schadensszenarien bei der Ermittlung des Schutzbedarfs für Geschäftsprozesse und Anwendungen?
3. Wie können die Ergebnisse der Schutzbedarfsfeststellung dokumentiert und für das Informationssicherheitsmanagement genutzt werden?";"Um den Schutzbedarf für Geschäftsprozesse und Anwendungen zu ermitteln, sollten die Bedeutung der einzelnen Geschäftsprozesse für die Institution beleuchtet und die Abhängigkeiten zwischen Geschäftsprozessen und Anwendungen analysiert werden. Dazu gehört auch die Diskussion realistischer Schadensszenarien mit der Fragestellung ""Was wäre, wenn..."" und die Beschreibung der zu erwartenden materiellen oder ideellen Schäden. Quelle: 8.2.3 Schutzbedarfsfeststellung für Geschäftsprozesse und Anwendungen (S.8.2.3).

Bei der Schutzbedarfsfeststellung sollten die Schadensszenarien Verstoß gegen Gesetze/Vorschriften/Verträge, Beeinträchtigung des informationellen Selbstbestimmungsrechts, Beeinträchtigung der persönlichen Unversehrtheit, Beeinträchtigung der Aufgabenerfüllung, negative Innen- oder Außenwirkung und finanzielle Auswirkungen berücksichtigt werden. Quelle: 8.2.1 Definition der Schutzbedarfskategorien (S.8.2.1).

Die Schutzbedarfskategorien ""normal"", ""hoch"" und ""sehr hoch"" sollten anhand dieser Schadensszenarien und der zu erwartenden Auswirkungen bestimmt werden. Quelle: 8.2.1 Definition der Schutzbedarfskategorien (S.8.2.1).";"8.2.3 Schutzbedarfsfeststellung für Geschäftsprozesse und Anwendungen Um den Schutzbedarf in den verschiedenen Bereichen eines Informationsverbunds zu bestimmen, muss zunächst der Schutzbedarf der Geschäftsprozesse und der zugehörigen Informationen ermittelt werden. Darauf aufbauend wird daraus der Schutzbedarf der einzelnen Anwendungen, IT-Systeme, ICS- und sonstigen Geräte, Räume und Kommunikationsverbindungen abgeleitet. Um den Schutzbedarf der Geschäftsprozesse zu ermitteln, sollte zunächst die Bedeutung der einzel? nen Geschäftsprozesse für die Institution beleuchtet werden. Davon ausgehend sollte hinterfragt werden, welche Abhängigkeiten zwischen Geschäftsprozessen und Anwendungen bestehen und wie die sich daraus ergebenden Risiken entschärft werden können. Hierzu hat es sich bewährt, mit der Fragestellung „Was wäre, wenn...?“ zusammen mit den Anwendern realistische Schadensszena? rien zu diskutieren und die zu erwartenden materiellen oder ideellen Schäden zu beschreiben. Oft führt dies auch dazu, dass kritische Abhängigkeiten zwischen Geschäftsprozessen und weiteren Ziel? objekten aufgedeckt werden, die vorher nicht im Fokus standen. Aus dem Schutzbedarf der Geschäftsprozesse ergibt sich der Schutzbedarf der Anwendungen, die für deren Erledigung eingesetzt werden.

Hinweis:       Zur Einschätzung des Schutzbedarfs sollten die geeigneten Ansprechpartner gesucht werden, es       ist nicht erforderlich, größere Gruppe von Benutzern zu befragen. Beispielsweise ist es zur Bewer?       tung des Schutzbedarfs bestimmter zentraler Dienste, wie zum Beispiel DNS oder E-Mail, ausrei?       chend, den Schutzbedarf durch die Organisationseinheit festlegen zu lassen, die als Dienstanbie?       ter ffr die Institution auftritt (meist die IT-Abteilung oder das Provider-Management). Der Schutz?       bedarf dieser Dienste ist in der Institution zu kommunizieren. Wird ein höherwertiger       Schutzbedarf der Dienste durch einzelne Fachabteilungen benötigt, so sind mögliche Lösungen       zwischen Fachabteilung, Sicherheitsmanagement und dem Betreiber oder Anbieter des Dienstes       zu erörtern. Ein IT-Dienstleister kann im Regelfall seine Services nicht ffr jede mögliche Schutzbe?       darfskategorie bereitstellen. Deshalb wird er seine Dienste mit einer von ihm festgelegten Schutz?       bedarfseignung anbieten. Der Informationseigentfmer muss bei Nutzung eines Service ffr seinen       Geschäftsprozess entscheiden, ob die ihm vom IT-Dienstleister angebotene Schutzbedarfseig?       nung ausreicht oder ob zusätzliche Sicherheitsmaßnahmen infolge höheren Schutzbedarfs um?       gesetzt werden mfssen.

In die Schutzbedarfsfeststellung müssen auch die in der Strukturanalyse erfassten Gruppen von Da? tenträgern und Dokumenten einbezogen werden. Um die Ermittlung der möglichen Schäden und Auswirkungen zu vereinfachen, werden im Anhang dieses Standards entsprechende Fragestellungen vorgestellt. Diese Anregungen erheben nicht den Anspruch auf Vollständigkeit, sie dienen lediglich zur Orientierung. Um die individuelle Aufgabenstel? lung und die Situation der Institution zu berücksichtigen, müssen diese Fragen gegebenenfalls ent? sprechend ergänzt und angepasst werden. Die Festlegung des Schutzbedarfs der Geschäftsprozesse und Anwendungen ist eine Entscheidung im Rahmen des Risikomanagements und hat oft weitreichende Auswirkungen auf das Sicherheitskon? zept für den betrachteten Informationsverbund. Der Schutzbedarf der Geschäftsprozesse und Anwendungen fließt in die Schutzbedarfsfeststellung der betroffenen technischen und infrastrukturellen Objekte, wie zum Beispiel Server und Räume, ein. Bei komplexen Geschäftsprozessen, insbesondere wenn diese hohen oder sehr hohen Schutzbedarf haben, kann es sinnvoll sein, diese in Teilprozesse zu zerlegen. Wenn dabei der Bereich mit einem hohen oder sehr hohen Schutzbedarf auf wenige Teilprozesse eingegrenzt werden kann, hat das den Vorteil, dass sich der hohe bzw. sehr hohe Schutzbedarf auf wenige Objekte vererbt. Um die Ergebnisse der Schutzbedarfsfeststellung und die daraus resultierenden Entscheidungen im Rahmen des Informationssicherheitsmanagements später jederzeit nachvollziehen zu können, müs? sen die Ergebnisse der Schutzbedarfsfeststellung der Geschäftsprozesse und Anwendungen gut do? kumentiert werden. Dabei ist darauf zu achten, dass nicht nur die Festlegung des Schutzbedarfs fest? gehalten wird, sondern auch die entsprechenden Begründungen. Diese Begründungen erlauben es später, die Festlegungen zu überprüfen und weiter zu verwenden.

An dieser Stelle kann es sinnvoll sein, über diese Informationen hinaus den Schutzbedarf auch aus einer gesamtheitlichen Sicht der Geschäftsprozesse oder Fachaufgaben zu betrachten. Dazu bietet es sich an, den Zweck einer Anwendung in einem Geschäftsprozess oder in einer Fachaufgabe zu be? schreiben und daraus wiederum deren Bedeutung abzuleiten. Diese Bedeutung kann wie folgt klas? sifiziert werden. Die Bedeutung der Anwendung ist für den Geschäftsprozess bzw. die Fachaufgabe: • normal: Der Geschäftsprozess bzw. die Fachaufgabe kann mit tolerierbarem Mehraufwand mit   anderen Mitteln (z. B. manuell) durchgeführt werden. • hoch: Der Geschäftsprozess bzw. die Fachaufgabe kann nur mit deutlichem Mehraufwand mit   anderen Mitteln durchgeführt werden. • sehr hoch: Der Geschäftsprozess bzw. die Fachaufgabe kann ohne die Anwendung überhaupt   nicht durchgeführt werden. Der Vorteil, eine solche ganzheitliche Zuordnung vorzunehmen, liegt insbesondere darin, dass bei der Schutzbedarfsfeststellung die Leitungsebene als Regulativ für den Schutzbedarf der einzelnen An? wendungen agieren kann. So kann es sein, dass ein Verantwortlicher für eine Anwendung deren Schutzbedarf aus seiner Sicht als „normal“ einschätzt, die Leitungsebene aus Sicht des Geschäftspro? zesses bzw. der Fachaufgabe diese Einschätzung jedoch nach oben korrigiert. Diese optionalen Angaben sollten ebenfalls tabellarisch oder mithilfe entsprechender Software-pro? dukte dokumentiert werden.

Aktionspunkt zu 8.2.3 Schutzbedarfsfeststellung für Geschäftsprozesse und Anwendun? gen • Schutzbedarf der erfassten Geschäftsprozesse und Anwendungen anhand von Schadensszenarien und Fragenkatalogen ermitteln • Schutzbedarf der Geschäftsprozesse und Anwendungen und die entsprechenden Begründungen   tabellarisch dokumentieren

8.2.1 Definition der Schutzbedarfskategorien 
Da der Schutzbedarf meist nicht quantifizierbar ist, beschränkt sich der IT-Grundschutz somit auf eine qualitative Aussage, indem der Schutzbedarf in drei Kategorien unterteilt wird:

Schutzbedarfskategorien „normal“     Die Schadensauswirkungen sind begrenzt und überschaubar. „hoch“    Die Schadensauswirkungen können beträchtlich sein. „sehr hoch“         Die Schadensauswirkungen können ein existenziell bedrohliches, katastrophales Ausmaß erreichen.

Hinweis:       Es kann für eine Institution auch sinnvoll sein, weitere Kategorien zu definieren. Beispielsweise       kann eine Abstufung nach unten, z. B. „unkritisch“, eingeffhrt werden. (Diese könnte wie folgt       definiert sein: „Schäden an Ressourcen der Schutzbedarfskategorie ,unkritisch‘ haben keine oder       nur minimale Beeinträchtigungen der Institution zur Folge.“)

Werden nur ein oder zwei Kategorien genutzt, ist die damit erreichbare Abstufung meist nicht gra? nular genug. Werden dagegen fünf oder mehr Schutzbedarfskategorien verwendet, ist eine klare Unterscheidung zwischen den einzelnen Stufen schwieriger. Zudem ist die Zuordnung von Ressourcen zu einer der möglichen Schutzbedarfskategorien schwer nachvollziehbar und es steigt dadurch auch der Aufwand sowohl bei der Zuordnung als auch bei Revisionen. Eine andere Möglichkeit ist es, für Vertraulichkeit andere Kategorien als für Integrität oder Verfügbar? keit zu nutzen. Einige Institutionen unterteilen beispielsweise Vertraulichkeit in die Kategorien „of? fen“, „intern“, „vertraulich“ und „geheim“, aber die Kategorien Integrität oder Verfügbarkeit nur in zwei Stufen „normal“ und „kritisch“. Wenn mehr als drei Schutzbedarfskategorien definiert werden, so ist zu überlegen, welche der neu definierten Kategorien den Schutzbedarfskategorien „hoch“ bzw. „sehr hoch“ entsprechen, denn diese Information wird zur Überprüfung der Entscheidung benötigt, welche Objekte in die Risikoana? lyse aufgenommen werden.

Die nachfolgenden Schritte erläutern, wie für Geschäftsprozesse und die mit diesen verbundenen Anwendungen jeweils die adäquate Schutzbedarfskategorie ermittelt werden kann. Die Schäden, die bei dem Verlust der Vertraulichkeit, Integrität oder Verfügbarkeit für einen Geschäftsprozess bzw. eine Anwendung einschließlich ihrer Daten entstehen können, lassen sich typi? scherweise folgenden Schadensszenarien zuordnen: • Verstoß gegen Gesetze/Vorschriften/Verträge, • Beeinträchtigung des informationellen Selbstbestimmungsrechts, • Beeinträchtigung der persönlichen Unversehrtheit, • Beeinträchtigung der Aufgabenerfüllung, • negative Innen- oder Außenwirkung und • finanzielle Auswirkungen. Häufig treffen dabei für einen Schaden mehrere Schadensszenarien zu. So kann beispielsweise der Ausfall einer Anwendung die Aufgabenerfüllung beeinträchtigen, was direkte finanzielle Einbußen nach sich zieht und gleichzeitig auch zu einem Imageverlust führt.

Hinweis:     Auch die Art und Anzahl der betrachteten Szenarien können individuell angepasst werden. Je     nach Institution gibt es unterschiedliche Schwerpunkte, auf die sich das Sicherheitsmanagement     konzentrieren kann. So könnte das Szenario „Beeinträchtigung des informationellen Selbstbe?     stimmungsrechts“ entfallen, wenn beispielsweise in der Institution das Datenschutzmanagement     dieses Szenario bereits ausreichend betrachtet hat. In vielen Institutionen kann das Szenario „Be?     einträchtigung der persönlichen Unversehrtheit“ weggelassen werden, es sei denn, es handelt     sich um ein Unternehmen, bei dem Fehlfunktionen von IT-Systemen unmittelbar Personenschä?     den nach sich ziehen können. Dies könnte beispielsweise im Gesundheitswesen oder in Produk?     tionsbereichen der Fall sein.

Es könnten auch zusätzliche Szenarien betrachtet werden, wie beispielsweise • Einschränkung der Dienstleistungen für Dritte oder
• Auswirkungen auf weitere Infrastrukturen außerhalb des eigenen Informationsverbunds (z. B. Re?   chenzentren, IT-Betrieb von Kunden oder Dienstleistern). Um die Schutzbedarfskategorien „normal“, „hoch“ und „sehr hoch“ voneinander abgrenzen zu können, bietet es sich an, die Grenzen für die einzelnen Schadensszenarien zu bestimmen. Zur Ori? entierung, welchen Schutzbedarf ein potenzieller Schaden und seine Folgen erzeugen, dienen die folgenden Tabellen. Die Tabellen sollten von der jeweiligen Institution auf ihre eigenen Gegebenheiten angepasst werden.

Schutzbedarfskategorie „normal“ 1. Verstoß gegen Gesetze/               • Verstöße gegen Vorschriften und Gesetze mit geringfügigen    Vorschriften/Verträge                  Konsequenzen                                         • Geringfügige Vertragsverletzungen mit maximal geringen Kon?                                           ventionalstrafen 2. Beeinträchtigung des infor? • Es handelt sich um personenbezogene Daten, durch deren Ver?    mationellen Selbstbestim?     arbeitung der Betroffene in seiner gesellschaftlichen Stellung    mungsrechts                   oder in seinen wirtschaftlichen Verhältnissen beeinträchtigt wer?                                  den kann. 3. Beeinträchtigung der per?            • Eine Beeinträchtigung erscheint nicht möglich.    sönlichen Unversehrtheit 4. Beeinträchtigung der Auf?            • Die Beeinträchtigung würde von den Betroffenen als tolerabel    gabenerfüllung                         eingeschätzt werden.                                         • Die maximal tolerierbare Ausfallzeit liegt zwischen 24 und 72                                           Stunden. 5. Negative Innen- oder Au?             • Eine geringe bzw. nur interne Ansehens- oder Vertrauensbeein?    ßenwirkung                             trächtigung ist zu erwarten. 6. Finanzielle Auswirkungen             • Der finanzielle Schaden bleibt für die Institution tolerabel.

Tabelle 2: Schutzbedarfskategorie „normal“

Schutzbedarfskategorie „hoch“ 1. Verstoß gegen Geset?                 • Verstöße gegen Vorschriften und Gesetze mit erheblichen Kon?    ze/Vorschriften/Verträge               sequenzen                                         • Vertragsverletzungen mit hohen Konventionalstrafen 2. Beeinträchtigung des infor? • Es handelt sich um personenbezogene Daten, bei deren Verar?    mationellen Selbstbestim?     beitung der Betroffene in seiner gesellschaftlichen Stellung oder    mungsrechts                   in seinen wirtschaftlichen Verhältnissen erheblich beeinträchtigt                                  werden kann. 3. Beeinträchtigung der per?            • Eine Beeinträchtigung der persönlichen Unversehrtheit kann    sönlichen Unversehrtheit               nicht absolut ausgeschlossen werden.

Schutzbedarfskategorie „hoch“ 4. Beeinträchtigung der Auf?               • Die Beeinträchtigung würde von einzelnen Betroffenen als nicht    gabenerfüllung                            tolerabel eingeschätzt.                                            • Die maximal tolerierbare Ausfallzeit liegt zwischen einer und 24                                              Stunden. 5. Negative Innen- oder Au?                • Eine breite Ansehens- oder Vertrauensbeeinträchtigung ist zu er?    ßenwirkung                                warten. 6. Finanzielle Auswirkungen                • Der Schaden bewirkt beachtliche finanzielle Verluste, ist jedoch                                              nicht existenzbedrohend.

Tabelle 3: Schutzbedarfskategorie „hoch“


Schutzbedarfskategorie „sehr hoch“ 1. Verstoß gegen Gesetze/                  • Fundamentaler Verstoß gegen Vorschriften und Gesetze    Vorschriften/Verträge                   • Vertragsverletzungen, deren Haftungsschäden ruinös sind 2. Beeinträchtigung des infor? • Es handelt sich um personenbezogene Daten, bei deren Verar?    mationellen Selbstbestim?     beitung eine Gefahr für Leib und Leben oder die persönliche Frei?    mungsrechts                   heit des Betroffenen gegeben ist. 3. Beeinträchtigung der per?               • Gravierende Beeinträchtigungen der persönlichen Unversehrt?    sönlichen Unversehrtheit                  heit sind möglich.                                            • Gefahr für Leib und Leben 4. Beeinträchtigung der Auf?               • Die Beeinträchtigung würde von allen Betroffenen als nicht tole?    gabenerfüllung                            rabel eingeschätzt werden.                                            • Die maximal tolerierbare Ausfallzeit ist kleiner als eine Stunde. 5. Negative Innen- oder Au?                • Eine landesweite Ansehens- oder Vertrauensbeeinträchtigung,    ßenwirkung                                eventuell sogar existenzgefährdender Art, ist denkbar. 6. Finanzielle Auswirkungen                • Der finanzielle Schaden ist für die Institution existenzbedrohend.

Tabelle 4: Schutzbedarfskategorie „sehr hoch“

Wenn bei individuellen Betrachtungen festgestellt wird, dass über diese sechs Schadensszenarien hi? naus weitere infrage kommen, sollten diese entsprechend ergänzt werden. Für alle Schäden, die sich nicht in diese Szenarien abbilden lassen, muss ebenfalls eine Aussage getroffen werden, wo die Gren? zen zwischen „normal“, „hoch“ oder „sehr hoch“ zu ziehen sind. Darüber hinaus sollten die individuellen Gegebenheiten der Institution berücksichtigt werden: Bedeu? tet in einem Großunternehmen ein Schaden in Höhe von 200.000,- E gemessen am Umsatz noch einen geringen Schaden, so kann für ein Kleinunternehmen schon ein Schaden in Höhe von 10.000,- E existenziell bedrohlich sein. Daher kann es sinnvoll sein, eine prozentuale Größe als Grenzwert zu definieren, der sich am Gesamtumsatz, am Gesamtgewinn oder an einer ähnlichen Bezugsgröße ori? entiert. Ähnliche Überlegungen können bezüglich der Verfügbarkeitsanforderungen angestellt werden. So kann beispielsweise ein Ausfall von 24 Stunden Dauer in der Schutzbedarfskategorie „normal“ als

";"Der erste Schritt ist die Identifikation und Bewertung der Bedeutung aller Geschäftsprozesse, wobei deren Einfluss auf die Institution ermittelt wird Quelle: Schutzbedarfsfeststellung (S.1).  
Anschließend werden mit den Anwendern realistische Schadensszenarien mittels der Frage „Was wäre, wenn…?“ erarbeitet und die zu erwartenden materiellen sowie ideellen Schäden beschrieben Quelle: Schadensszenarien (S.2).  
Die ermittelten Schäden für Vertraulichkeit, Integrität und Verfügbarkeit werden anhand eines Fragenkatalogs bewertet und in einer tabellarischen Dokumentation mit Begründungen festgehalten Quelle: Dokumentation (S.3).  
Auf Basis dieser Bewertung wird der Schutzbedarf jedes Geschäftsprozesses in die Kategorien normal, hoch oder sehr hoch eingestuft und auf die zugehörigen Anwendungen übertragen Quelle: Schutzbedarfskategorien (S.4).  
Bei der Ableitung des Anwendungsschutzbedarfs werden Abhängigkeiten zwischen Prozessen und Anwendungen, das Maximumprinzip (höchster einzelner Schaden) und mögliche Kumulationseffekte berücksichtigt Quelle: Vererbung und Kumulation (S.5).  
Typische Schadensszenarien umfassen Verlust von Vertraulichkeit (Datenlecks), Verlust von Integrität (Datenmanipulation) und Verlust von Verfügbarkeit (Systemausfall) sowie daraus resultierende materielle und ideelle Folgeschäden Quelle: Schadensarten (S.6).  

Anschlussfragen:  
1. Wie wird das Maximumprinzip konkret bei der Schutzbedarfsableitung angewendet?  
2. Welche Methoden eignen sich, um Abhängigkeiten zwischen Anwendungen systematisch zu erfassen?  
3. Wie kann der Kumulationseffekt bei mehreren Anwendungen auf einem IT‑System quantifiziert werden?";"Der erste Schritt ist die Identifikation und Bewertung der Bedeutung aller Geschäftsprozesse, wobei deren Einfluss auf die Institution ermittelt wird Quelle: Schutzbedarfsfeststellung (S.1).  
Anschließend werden mit den Anwendern realistische Schadensszenarien mittels der Frage „Was wäre, wenn…?“ erarbeitet und die zu erwartenden materiellen sowie ideellen Schäden beschrieben Quelle: Schadensszenarien (S.2).  
Die ermittelten Schäden für Vertraulichkeit, Integrität und Verfügbarkeit werden anhand eines Fragenkatalogs bewertet und in einer tabellarischen Dokumentation mit Begründungen festgehalten Quelle: Dokumentation (S.3).  
Auf Basis dieser Bewertung wird der Schutzbedarf jedes Geschäftsprozesses in die Kategorien normal, hoch oder sehr hoch eingestuft und auf die zugehörigen Anwendungen übertragen Quelle: Schutzbedarfskategorien (S.4).  
Bei der Ableitung des Anwendungsschutzbedarfs werden Abhängigkeiten zwischen Prozessen und Anwendungen, das Maximumprinzip (höchster einzelner Schaden) und mögliche Kumulationseffekte berücksichtigt Quelle: Vererbung und Kumulation (S.5).  
Typische Schadensszenarien umfassen Verlust von Vertraulichkeit (Datenlecks), Verlust von Integrität (Datenmanipulation) und Verlust von Verfügbarkeit (Systemausfall) sowie daraus resultierende materielle und ideelle Folgeschäden Quelle: Schadensarten (S.6).";"1. Wie wird das Maximumprinzip konkret bei der Schutzbedarfsableitung angewendet?  
2. Welche Methoden eignen sich, um Abhängigkeiten zwischen Anwendungen systematisch zu erfassen?  
3. Wie kann der Kumulationseffekt bei mehreren Anwendungen auf einem IT‑System quantifiziert werden?";3;3;0.9821428571288265;0.8636363636363636;1.0;0.5845783051278255;Wie wird das Maximumprinzip konkret bei der Schutzbedarfsableitung angewendet?;2.0;2.0;Maximumprinzip bei Schutzbedarfsableitung;Welche Methoden eignen sich, um Abhängigkeiten zwischen Anwendungen systematisch zu erfassen?;1.0;2.0;Abhängigkeiten zwischen Anwendungen;Wie kann der Kumulationseffekt bei mehreren Anwendungen auf einem IT‑System quantifiziert werden?;1.0;1.0;Kumulationseffekt teilweise abgedeckt;1.333;1.667
