Frage;Antwort;Antwort (Hauptteil);Fundstellen;Generierte Antwort;Generierte Antwort (Hauptteil);Generierte Anschlussfragen;followup_count_generated;followup_count_truth;context_precision;context_recall;faithfulness;answer_correctness;followup_q1;followup_q1_answerability;followup_q1_relevance;followup_q1_reason;followup_q2;followup_q2_answerability;followup_q2_relevance;followup_q2_reason;followup_q3;followup_q3_answerability;followup_q3_relevance;followup_q3_reason;followup_avg_answerability;followup_avg_relevance
Welche grundlegenden Sicherheitsmaßnahmen müssen beim Einrichten eines Webservers ergriffen werden?;"Beim Einrichten eines Webservers müssen grundlegende Sicherheitsmaßnahmen ergriffen werden, um eine sichere Grundkonfiguration zu gewährleisten. Dazu gehört, dass der Webserver-Prozess einem Konto mit minimalen Rechten zugeordnet wird und in einer gekapselten Umgebung ausgeführt wird, sofern dies vom Betriebssystem unterstützt wird Quelle: APP.3.2.A1 (S.391). Wenn eine gekapselte Umgebung nicht möglich ist, sollte jeder Webserver auf einem eigenen physischen oder virtuellen Server ausgeführt werden. Des Weiteren müssen dem Webserver-Dienst alle nicht notwendigen Schreibberechtigungen entzogen werden und nicht benötigte Module und Funktionen deaktiviert werden Quelle: APP.3.2.A1 (S.391).

Anschlussfragen:
1. Wie sollten Webserver in die Netzarchitektur integriert und mit Firewalls abgesichert werden?
2. Welche Rolle spielt das Identitäts- und Berechtigungsmanagement bei der Authentisierung von Webservern?
3. Wie können kryptografische Schlüssel für verschlüsselte Verbindungen zu Webservern sicher verwaltet werden?";Beim Einrichten eines Webservers müssen grundlegende Sicherheitsmaßnahmen ergriffen werden, um eine sichere Grundkonfiguration zu gewährleisten. Dazu gehört, dass der Webserver-Prozess einem Konto mit minimalen Rechten zugeordnet wird und in einer gekapselten Umgebung ausgeführt wird, sofern dies vom Betriebssystem unterstützt wird Quelle: APP.3.2.A1 (S.391). Wenn eine gekapselte Umgebung nicht möglich ist, sollte jeder Webserver auf einem eigenen physischen oder virtuellen Server ausgeführt werden. Des Weiteren müssen dem Webserver-Dienst alle nicht notwendigen Schreibberechtigungen entzogen werden und nicht benötigte Module und Funktionen deaktiviert werden Quelle: APP.3.2.A1 (S.391).;"APP.3.2.A1 Sichere Konfiguration eines Webservers (B)
Nachdem der IT-Betrieb einen Webserver installiert hat, MUSS er eine sichere Grundkonfiguration vornehmen. Dazu MUSS er insbesondere den Webserver-Prozess einem Konto mit minimalen Rechten zuweisen. Der Webserver MUSS in einer gekapselten Umgebung ausgeführt werden, sofern dies vom Betriebssystem unterstützt wird. Ist dies nicht möglich, SOLLTE jeder Webserver auf einem eigenen physischen oder virtuellen Server ausgeführt werden. Dem Webserver-Dienst MÜSSEN alle nicht notwendige Schreibberechtigungen entzogen werden.
Nicht benötigte Module und Funktionen des Webservers MÜSSEN deaktiviert werden.";"- Der Webserver‑Prozess MUSS einem Konto mit minimalen Rechten zugewiesen werden Quelle: Sichere Konfiguration eines Webservers (S.1)  
- Der Webserver MUSS in einer gekapselten Umgebung ausgeführt werden, sofern das Betriebssystem dies unterstützt; ist das nicht möglich, SOLLTE jeder Webserver auf einem eigenen physischen oder virtuellen Server betrieben werden Quelle: Sichere Konfiguration eines Webservers (S.1)  
- Dem Webserver‑Dienst MÜSSEN alle nicht notwendigen Schreibberechtigungen entzogen werden Quelle: Sichere Konfiguration eines Webservers (S.1)  
- Nicht benötigte Module und Funktionen des Webservers MÜSSEN deaktiviert werden Quelle: Sichere Konfiguration eines Webservers (S.1)  

Anschlussfragen:
1. Welche Maßnahmen zur Absicherung der Netzwerkverbindung eines Webservers werden im Baustein NET.1.1 empfohlen?
2. Wie sollten kryptografische Schlüssel für HTTPS‑Verbindungen gemäß CON.1 verwaltet werden?
3. Welche Anforderungen gelten für die Protokollierung von Webserver‑Ereignissen im Baustein SYS.1.1?";"- Der Webserver‑Prozess MUSS einem Konto mit minimalen Rechten zugewiesen werden Quelle: Sichere Konfiguration eines Webservers (S.1)  
- Der Webserver MUSS in einer gekapselten Umgebung ausgeführt werden, sofern das Betriebssystem dies unterstützt; ist das nicht möglich, SOLLTE jeder Webserver auf einem eigenen physischen oder virtuellen Server betrieben werden Quelle: Sichere Konfiguration eines Webservers (S.1)  
- Dem Webserver‑Dienst MÜSSEN alle nicht notwendigen Schreibberechtigungen entzogen werden Quelle: Sichere Konfiguration eines Webservers (S.1)  
- Nicht benötigte Module und Funktionen des Webservers MÜSSEN deaktiviert werden Quelle: Sichere Konfiguration eines Webservers (S.1)";"1. Welche Maßnahmen zur Absicherung der Netzwerkverbindung eines Webservers werden im Baustein NET.1.1 empfohlen?
2. Wie sollten kryptografische Schlüssel für HTTPS‑Verbindungen gemäß CON.1 verwaltet werden?
3. Welche Anforderungen gelten für die Protokollierung von Webserver‑Ereignissen im Baustein SYS.1.1?";3;3;0.5535714285529761;0.8571428571428571;1.0;0.9130790207731407;Welche Maßnahmen zur Absicherung der Netzwerkverbindung eines Webservers werden im Baustein NET.1.1 empfohlen?;2.0;2.0;Direkte Empfehlung im Baustein;Wie sollten kryptografische Schlüssel für HTTPS‑Verbindungen gemäß CON.1 verwaltet werden?;2.0;2.0;Direkt relevante Vertiefung;Welche Anforderungen gelten für die Protokollierung von Webserver‑Ereignissen im Baustein SYS.1.1?;0.0;0.0;Keine Übereinstimmung;1.333;1.333
Wie müssen Webserver-Dateien geschützt werden?;"Der IT-Betrieb MUSS alle Dateien auf dem Webserver, insbesondere Skripte und Konfigurationsdateien, so schützen, dass sie nicht unbefugt gelesen und geändert werden können Quelle: APP.3.2.A2 (S.391). Es MUSS sichergestellt werden, dass Webanwendungen nur auf einen definierten Verzeichnisbaum zugreifen können, dem WWW-Wurzelverzeichnis Quelle: APP.3.2.A2 (S.391). Der Webserver MUSS so konfiguriert sein, dass er nur Dateien ausliefert, die sich innerhalb des WWW-Wurzelverzeichnisses befinden Quelle: APP.3.2.A2 (S.391). Vertrauliche Daten MÜSSEN vor unberechtigtem Zugriff geschützt werden Quelle: APP.3.2.A2 (S.391).

Anschlussfragen:
1. Wie müssen Webserver-Dateien vor unbefugtem Zugriff geschützt werden, wenn sie vertrauliche Informationen enthalten?
2. Welche Rolle spielt die Konfiguration des Webservers bei der Sicherstellung, dass nur autorisierte Dateien ausgeliefert werden?
3. Wie oft sollte der IT-Betrieb überprüfen, ob vertrauliche Dateien in öffentlichen Verzeichnissen des Webservers gespeichert wurden?";Der IT-Betrieb MUSS alle Dateien auf dem Webserver, insbesondere Skripte und Konfigurationsdateien, so schützen, dass sie nicht unbefugt gelesen und geändert werden können Quelle: APP.3.2.A2 (S.391). Es MUSS sichergestellt werden, dass Webanwendungen nur auf einen definierten Verzeichnisbaum zugreifen können, dem WWW-Wurzelverzeichnis Quelle: APP.3.2.A2 (S.391). Der Webserver MUSS so konfiguriert sein, dass er nur Dateien ausliefert, die sich innerhalb des WWW-Wurzelverzeichnisses befinden Quelle: APP.3.2.A2 (S.391). Vertrauliche Daten MÜSSEN vor unberechtigtem Zugriff geschützt werden Quelle: APP.3.2.A2 (S.391).;"APP.3.2.A2 Schutz der Webserver-Dateien (B)
Der IT-Betrieb MUSS alle Dateien auf dem Webserver, insbesondere Skripte und Konfigurationsdateien, so schützen, dass sie nicht unbefugt gelesen und geändert werden können. Es MUSS sichergestellt werden, dass Webanwendungen nur auf einen definierten Verzeichnisbaum
zugreifen können (WWW-Wurzelverzeichnis). Der Webserver MUSS so konfiguriert sein, dass er nur Dateien ausliefert, die sich innerhalb des WWW-Wurzelverzeichnisses befinden.Der IT-Betrieb MUSS alle nicht benötigten Funktionen, die Verzeichnisse auflisten, deaktivieren.
Vertrauliche Daten MÜSSEN vor unberechtigtem Zugriff geschützt werden. Insbesondere MUSS der IT-Betrieb sicherstellen, dass vertrauliche Dateien nicht in öffentlichen Verzeichnissen des Webservers liegen. Der IT-Betrieb MUSS regelmäßig überprüfen, ob vertrauliche Dateien in öffentlichen Verzeichnissen gespeichert wurden.";"Im bereitgestellten Kontext nicht enthalten  

Anschlussfragen:
1. Welche konkreten Maßnahmen zur sicheren Grundkonfiguration eines Webservers sind im Baustein beschrieben?
2. Wie wird im IT‑Grundschutz‑Kompendium der Zugriff auf vertrauliche Daten in öffentlichen Verzeichnissen geregelt?
3. Welche Anforderungen gelten für die Authentisierung und Speicherung von Zugangsdaten am Webserver?";Im bereitgestellten Kontext nicht enthalten;"1. Welche konkreten Maßnahmen zur sicheren Grundkonfiguration eines Webservers sind im Baustein beschrieben?
2. Wie wird im IT‑Grundschutz‑Kompendium der Zugriff auf vertrauliche Daten in öffentlichen Verzeichnissen geregelt?
3. Welche Anforderungen gelten für die Authentisierung und Speicherung von Zugangsdaten am Webserver?";3;3;0.8541666666453125;0.875;;0.8510525453015505;Welche konkreten Maßnahmen zur sicheren Grundkonfiguration eines Webservers sind im Baustein beschrieben?;2.0;2.0;Direkte Maßnahmen im Baustein beschrieben;Wie wird im IT‑Grundschutz‑Kompendium der Zugriff auf vertrauliche Daten in öffentlichen Verzeichnissen geregelt?;2.0;2.0;Direkt relevante Vertiefung;Welche Anforderungen gelten für die Authentisierung und Speicherung von Zugangsdaten am Webserver?;2.0;2.0;Direkte Relevanz zu Authentisierung;2.0;2.0
Welche Sicherheitsanforderungen gelten für Datei-Uploads und -Downloads über einen Webserver?;"Für Datei-Uploads und -Downloads über einen Webserver gelten folgende Sicherheitsanforderungen: Alle veröffentlichten Dateien MÜSSEN vorher auf Schadprogramme geprüft werden Quelle: APP.3.2.A3 (S.391). Es MUSS eine Maximalgröße für Datei-Uploads spezifiziert sein Quelle: APP.3.2.A3 (S.391). Für Uploads MUSS genügend Speicherplatz reserviert werden Quelle: APP.3.2.A3 (S.391).

Anschlussfragen:
1. Wie sollten Webserver in die Netzarchitektur integriert werden, um eine angemessene Absicherung zu gewährleisten?
2. Welche Rolle spielt das Identitäts- und Berechtigungsmanagement bei der Absicherung von Webservern?
3. Wie können kryptografische Schlüssel für verschlüsselte Verbindungen zu Webservern sicher verwaltet werden?";Für Datei-Uploads und -Downloads über einen Webserver gelten folgende Sicherheitsanforderungen: Alle veröffentlichten Dateien MÜSSEN vorher auf Schadprogramme geprüft werden Quelle: APP.3.2.A3 (S.391). Es MUSS eine Maximalgröße für Datei-Uploads spezifiziert sein Quelle: APP.3.2.A3 (S.391). Für Uploads MUSS genügend Speicherplatz reserviert werden Quelle: APP.3.2.A3 (S.391).;"APP.3.2.A3 Absicherung von Datei-Uploads und -Downloads (B)
Alle mithilfe des Webservers veröffentlichten Dateien MÜSSEN vorher auf Schadprogramme geprüft werden. Es MUSS eine Maximalgröße für Datei-Uploads spezifiziert sein. Für Uploads MUSS genügend Speicherplatz reserviert werden.";Im bereitgestellten Kontext nicht enthalten;Im bereitgestellten Kontext nicht enthalten;;0;3;0.699999999965;1.0;0.0;0.0859479424943873;;;;;;;;;;;;;;
Welche Ereignisse müssen auf einem Webserver protokolliert werden?;"Auf einem Webserver müssen mindestens folgende Ereignisse protokolliert werden: 
- erfolgreiche Zugriffe auf Ressourcen, 
- fehlgeschlagene Zugriffe auf Ressourcen aufgrund von mangelnder Berechtigung, nicht vorhandenen Ressourcen und Server-Fehlern sowie 
- allgemeine Fehlermeldungen Quelle: APP.3.2.A4 (S.391). 
Die Protokollierungsdaten sollten regelmäßig ausgewertet werden, um potenzielle Sicherheitsprobleme frühzeitig zu erkennen.

Anschlussfragen:
1. Wie sollten die Protokollierungsdaten eines Webservers ausgewertet werden, um Sicherheitsprobleme zu erkennen?
2. Welche Rolle spielt die Webserver-Software bei der Sicherheit des gesamten IT-Systems?
3. Wie können Webserver in die Netzarchitektur integriert und mit Firewalls abgesichert werden?";"Auf einem Webserver müssen mindestens folgende Ereignisse protokolliert werden: 
- erfolgreiche Zugriffe auf Ressourcen, 
- fehlgeschlagene Zugriffe auf Ressourcen aufgrund von mangelnder Berechtigung, nicht vorhandenen Ressourcen und Server-Fehlern sowie 
- allgemeine Fehlermeldungen Quelle: APP.3.2.A4 (S.391). 
Die Protokollierungsdaten sollten regelmäßig ausgewertet werden, um potenzielle Sicherheitsprobleme frühzeitig zu erkennen.";"APP.3.2.A4 Protokollierung von Ereignissen (B)
Der Webserver MUSS mindestens folgende Ereignisse protokollieren:
•erfolgreiche Zugriffe auf Ressourcen,
•fehlgeschlagene Zugriffe auf Ressourcen aufgrund von mangelnder Berechtigung, nicht vorhandenen Ressourcen und Server-Fehlern sowie
•allgemeine Fehlermeldungen.
Die Protokollierungsdaten SOLLTEN regelmäßig ausgewertet werden.";"Der Webserver MUSS mindestens folgende Ereignisse protokollieren:  
- erfolgreiche Zugriffe auf Ressourcen Quelle: Protokollierung von Ereignissen (S.1)  
- fehlgeschlagene Zugriffe auf Ressourcen wegen mangelnder Berechtigung, nicht vorhandener Ressourcen oder Server‑Fehlern Quelle: Protokollierung von Ereignissen (S.1)  
- allgemeine Fehlermeldungen Quelle: Protokollierung von Ereignissen (S.1)  

Die dabei entstehenden Protokollierungsdaten SOLLTEN regelmäßig ausgewertet werden Quelle: Protokollierung von Ereignissen (S.1)  

Anschlussfragen:  
1. Welche konkreten Log‑Formate und Felder werden für die genannten Webserver‑Ereignisse empfohlen?  
2. Wie kann die regelmäßige Auswertung der Protokolle automatisiert und in ein SIEM integriert werden?  
3. Welche zusätzlichen Ereignisse sollten in einer erweiterten Web‑Server‑Protokollierung berücksichtigt werden?";"Der Webserver MUSS mindestens folgende Ereignisse protokollieren:  
- erfolgreiche Zugriffe auf Ressourcen Quelle: Protokollierung von Ereignissen (S.1)  
- fehlgeschlagene Zugriffe auf Ressourcen wegen mangelnder Berechtigung, nicht vorhandener Ressourcen oder Server‑Fehlern Quelle: Protokollierung von Ereignissen (S.1)  
- allgemeine Fehlermeldungen Quelle: Protokollierung von Ereignissen (S.1)  

Die dabei entstehenden Protokollierungsdaten SOLLTEN regelmäßig ausgewertet werden Quelle: Protokollierung von Ereignissen (S.1)";"1. Welche konkreten Log‑Formate und Felder werden für die genannten Webserver‑Ereignisse empfohlen?  
2. Wie kann die regelmäßige Auswertung der Protokolle automatisiert und in ein SIEM integriert werden?  
3. Welche zusätzlichen Ereignisse sollten in einer erweiterten Web‑Server‑Protokollierung berücksichtigt werden?";3;3;0.7555555555303703;0.8333333333333334;1.0;0.9276644362669091;Welche konkreten Log‑Formate und Felder werden für die genannten Webserver‑Ereignisse empfohlen?;1.0;2.0;Log-Formate nicht explizit genannt;Wie kann die regelmäßige Auswertung der Protokolle automatisiert und in ein SIEM integriert werden?;2.0;2.0;Direkte SIEM-Integration;Welche zusätzlichen Ereignisse sollten in einer erweiterten Web‑Server‑Protokollierung berücksichtigt werden?;2.0;2.0;Direkte Erweiterung der Webserver-Protokollierung;1.667;2.0
Wie müssen Passwörter bei der Authentisierung am Webserver gesichert werden?;"Wenn sich Clients mit Hilfe von Passwörtern am Webserver authentisieren, MÜSSEN diese kryptografisch gesichert und vor unbefugtem Zugriff geschützt gespeichert werden Quelle: APP.3.2.A5 (S.391). 

Anschlussfragen:
1. Wie sollten Webserver in die Netzarchitektur integriert werden, um eine sichere Umgebung zu gewährleisten?
2. Welche Rolle spielt das Kryptokonzept bei der sicheren Verwaltung von kryptografischen Schlüsseln für Webserver?
3. Wie sollten Authentisierungsmechanismen für Webserver ergänzt werden, um ein umfassendes Identitäts- und Berechtigungsmanagement zu gewährleisten?";Wenn sich Clients mit Hilfe von Passwörtern am Webserver authentisieren, MÜSSEN diese kryptografisch gesichert und vor unbefugtem Zugriff geschützt gespeichert werden Quelle: APP.3.2.A5 (S.391).;"APP.3.2.A5 Authentisierung (B)
Wenn sich Clients mit Hilfe von Passwörtern am Webserver authentisieren, MÜSSEN diese kryptografisch gesichert und vor unbefugtem Zugriff geschützt gespeichert werden.";"Passwörter, die für die Authentisierung am Webserver verwendet werden, MÜSSEN kryptografisch gesichert und vor unbefugtem Zugriff geschützt gespeichert werden Quelle: Authentisierung (S.1)  

Damit ist sichergestellt, dass gespeicherte Anmeldedaten nicht im Klartext vorliegen und nur autorisierte Prozesse darauf zugreifen können.  

Anschlussfragen:
1. Welche konkreten kryptografischen Verfahren werden für die Passwortspeicherung empfohlen?
2. Wie wird die zentrale Authentisierungskomponente im Webserver‑Umfeld implementiert?
3. Welche Maßnahmen sind für die Dokumentation des Authentisierungsmethoden‑Auswahlprozesses vorgesehen?";"Passwörter, die für die Authentisierung am Webserver verwendet werden, MÜSSEN kryptografisch gesichert und vor unbefugtem Zugriff geschützt gespeichert werden Quelle: Authentisierung (S.1)  

Damit ist sichergestellt, dass gespeicherte Anmeldedaten nicht im Klartext vorliegen und nur autorisierte Prozesse darauf zugreifen können.";"1. Welche konkreten kryptografischen Verfahren werden für die Passwortspeicherung empfohlen?
2. Wie wird die zentrale Authentisierungskomponente im Webserver‑Umfeld implementiert?
3. Welche Maßnahmen sind für die Dokumentation des Authentisierungsmethoden‑Auswahlprozesses vorgesehen?";3;3;0.6428571428357143;0.5;1.0;0.8819651065199539;Welche konkreten kryptografischen Verfahren werden für die Passwortspeicherung empfohlen?;1.0;2.0;Teilweise abgedeckt;Wie wird die zentrale Authentisierungskomponente im Webserver‑Umfeld implementiert?;2.0;2.0;Zentrale Authentisierung;Welche Maßnahmen sind für die Dokumentation des Authentisierungsmethoden‑Auswahlprozesses vorgesehen?;2.0;2.0;Dokumentation von Authentisierungsmethoden;1.667;2.0
Welche Anforderungen gelten an die Verschlüsselung von Verbindungen zu Webservern?;"Für die Verschlüsselung von Verbindungen zu Webservern gelten folgende Anforderungen: Der Webserver MUSS für alle Verbindungen durch nicht vertrauenswürdige Netze eine sichere Verschlüsselung über TLS anbieten (HTTPS) Quelle: APP.3.2.A11 (S.391). Wenn eine HTTPS-Verbindung genutzt wird, MÜSSEN alle Inhalte über HTTPS ausgeliefert werden Quelle: APP.3.2.A11 (S.391). Sogenannter Mixed Content DARF NICHT verwendet werden Quelle: APP.3.2.A11 (S.391).

Anschlussfragen:
1. Wie sollten veraltete Verschlüsselungsverfahren bei der Kommunikation mit Webservern behandelt werden?
2. Welche Rolle spielt die Verwaltung kryptografischer Schlüssel bei der Verschlüsselung von Webserver-Verbindungen?
3. Gibt es besondere Anforderungen an die Authentisierung bei der Nutzung von Webservern, und wenn ja, wo finden sich diese?";Für die Verschlüsselung von Verbindungen zu Webservern gelten folgende Anforderungen: Der Webserver MUSS für alle Verbindungen durch nicht vertrauenswürdige Netze eine sichere Verschlüsselung über TLS anbieten (HTTPS) Quelle: APP.3.2.A11 (S.391). Wenn eine HTTPS-Verbindung genutzt wird, MÜSSEN alle Inhalte über HTTPS ausgeliefert werden Quelle: APP.3.2.A11 (S.391). Sogenannter Mixed Content DARF NICHT verwendet werden Quelle: APP.3.2.A11 (S.391).;"APP.3.2.A11 Verschlüsselung über TLS (B)
Der Webserver MUSS für alle Verbindungen durch nicht vertrauenswürdige Netze eine sichere Verschlüsselung über TLS anbieten (HTTPS). Falls es aus Kompatibilitätsgründen erforderlich ist, veraltete Verfahren zu verwenden, SOLLTEN diese auf so wenige Fälle wie möglich beschränkt werden. Wenn eine HTTPS-Verbindung genutzt wird, MÜSSEN alle Inhalte über HTTPS ausgeliefert werden. Sogenannter Mixed Content DARF NICHT verwendet werden.";"- Der Webserver MUSS für alle Verbindungen aus nicht‑vertrauenswürdigen Netzen eine sichere TLS‑Verschlüsselung (HTTPS) anbieten Quelle: Verschlüsselung über TLS (S.1)  
- Werden aus Kompatibilitätsgründen veraltete TLS‑Versionen eingesetzt, SOLLTEN sie auf ein Minimum beschränkt werden Quelle: Verschlüsselung über TLS (S.2)  
- Bei Nutzung von HTTPS MÜSSEN sämtliche Inhalte ausschließlich über HTTPS ausgeliefert werden; Mixed‑Content DARF NICHT verwendet werden Quelle: Verschlüsselung über TLS (S.3)  
- Der Webbrowser MUSS eine sichere TLS‑Version unterstützen und Verbindungen zu Webservern MÜSSEN mit TLS verschlüsselt werden, sofern der Server TLS anbietet; unsichere TLS‑Versionen SOLLTEN deaktiviert werden Quelle: Unterstützung sicherer Verschlüsselung der Kommunikation (S.1‑2)  
- Der Webbrowser MUSS HTTP Strict Transport Security (HSTS) gemäß RFC 6797 unterstützen und einsetzen Quelle: Unterstützung sicherer Verschlüsselung der Kommunikation (S.3)

Anschlussfragen:
1. Welche konkreten TLS‑Versionen gelten als sicher und sollten aktiviert werden?
2. Wie wird die Konfiguration von HSTS auf dem Webserver technisch umgesetzt?
3. Welche Maßnahmen sind bei der Verwaltung von TLS‑Zertifikaten zu beachten?";"- Der Webserver MUSS für alle Verbindungen aus nicht‑vertrauenswürdigen Netzen eine sichere TLS‑Verschlüsselung (HTTPS) anbieten Quelle: Verschlüsselung über TLS (S.1)  
- Werden aus Kompatibilitätsgründen veraltete TLS‑Versionen eingesetzt, SOLLTEN sie auf ein Minimum beschränkt werden Quelle: Verschlüsselung über TLS (S.2)  
- Bei Nutzung von HTTPS MÜSSEN sämtliche Inhalte ausschließlich über HTTPS ausgeliefert werden; Mixed‑Content DARF NICHT verwendet werden Quelle: Verschlüsselung über TLS (S.3)  
- Der Webbrowser MUSS eine sichere TLS‑Version unterstützen und Verbindungen zu Webservern MÜSSEN mit TLS verschlüsselt werden, sofern der Server TLS anbietet; unsichere TLS‑Versionen SOLLTEN deaktiviert werden Quelle: Unterstützung sicherer Verschlüsselung der Kommunikation (S.1‑2)  
- Der Webbrowser MUSS HTTP Strict Transport Security (HSTS) gemäß RFC 6797 unterstützen und einsetzen Quelle: Unterstützung sicherer Verschlüsselung der Kommunikation (S.3)";"1. Welche konkreten TLS‑Versionen gelten als sicher und sollten aktiviert werden?
2. Wie wird die Konfiguration von HSTS auf dem Webserver technisch umgesetzt?
3. Welche Maßnahmen sind bei der Verwaltung von TLS‑Zertifikaten zu beachten?";3;3;0.7499999999625;0.8;1.0;0.6353029934341806;Welche konkreten TLS‑Versionen gelten als sicher und sollten aktiviert werden?;1.0;2.0;TLS-Versionen teilweise abgedeckt;Wie wird die Konfiguration von HSTS auf dem Webserver technisch umgesetzt?;1.0;2.0;HSTS-Konfiguration;Welche Maßnahmen sind bei der Verwaltung von TLS‑Zertifikaten zu beachten?;2.0;2.0;TLS-Zertifikate bei Webservern;1.333;2.0
Welche Maßnahmen sollten bei der Planung des Einsatzes eines Webservers berücksichtigt werden?;"Bei der Planung des Einsatzes eines Webservers sollten mehrere Maßnahmen berücksichtigt werden. Es SOLLTE geplant und dokumentiert werden, für welchen Zweck der Webserver eingesetzt und welche Inhalte er bereitstellen soll Quelle: APP.3.2.A8 (S). In der Dokumentation SOLLTEN auch die Informationen oder Dienstleistungen des Webangebots und die jeweiligen Zielgruppen beschrieben werden Quelle: APP.3.2.A8 (S). Für den technischen Betrieb und die Webinhalte SOLLTEN geeignete Zuständige festgelegt werden Quelle: APP.3.2.A8 (S).

Anschlussfragen:
1. Wie sollten die Verbindungen zu Webservern abgesichert werden?
2. Welche Rolle spielt die Netzarchitektur bei der Integration von Webservern?
3. Wie sollten Authentisierungsmechanismen für Webserver umgesetzt werden?";Bei der Planung des Einsatzes eines Webservers sollten mehrere Maßnahmen berücksichtigt werden. Es SOLLTE geplant und dokumentiert werden, für welchen Zweck der Webserver eingesetzt und welche Inhalte er bereitstellen soll Quelle: APP.3.2.A8 (S). In der Dokumentation SOLLTEN auch die Informationen oder Dienstleistungen des Webangebots und die jeweiligen Zielgruppen beschrieben werden Quelle: APP.3.2.A8 (S). Für den technischen Betrieb und die Webinhalte SOLLTEN geeignete Zuständige festgelegt werden Quelle: APP.3.2.A8 (S).;"APP.3.2.A8 Planung des Einsatzes eines Webservers (S)
Es SOLLTE geplant und dokumentiert werden, für welchen Zweck der Webserver eingesetzt und welche Inhalte er bereitstellen soll. In der Dokumentation SOLLTEN auch die Informationen oder Dienstleistungen des Webangebots und die jeweiligen Zielgruppen beschrieben werden. Für den technischen Betrieb und die Webinhalte SOLLTEN geeignete Zuständige festgelegt werden.";"- Der Zweck des Webservers und die bereitgestellten Inhalte sowie die Zielgruppen müssen festgelegt und dokumentiert werden Quelle: Planung des Einsatzes eines Webservers (S.1)  
- Zuständige Personen für den technischen Betrieb und die Pflege der Webinhalte sind zu bestimmen Quelle: Planung des Einsatzes eines Webservers (S.1)  
- Auswahl von Plattform (Hardware oder virtualisierte Ressourcen), Betriebssystem und Anwendungssoftware ist zu planen Quelle: Planung des Server‑Einsatzes (S.1)  
- Hardware muss hinsichtlich Leistung, Speicher, Bandbreite, Leistungsaufnahme, Wärmelast, Platzbedarf und Bauform dimensioniert werden Quelle: Planung des Server‑Einsatzes (S.1)  
- Art und Anzahl der Kommunikationsschnittstellen sind zu berücksichtigen Quelle: Planung des Server‑Einsatzes (S.1)  
- Administrative Zugänge sind zu schützen (vgl. SYS.1.1.A5) und zu dokumentieren Quelle: Planung des Server‑Einsatzes (S.1)  
- Benutzerzugriffe sind zu definieren und zu kontrollieren Quelle: Planung des Server‑Einsatzes (S.1)  
- Protokollierung muss eingerichtet werden (vgl. SYS.1.1.A10) Quelle: Planung des Server‑Einsatzes (S.1)  
- Regelmäßige Aktualisierung von Betriebssystem und Anwendungen ist zu planen Quelle: Planung des Server‑Einsatzes (S.1)  
- Integration in System‑ und Netzmanagement, Datensicherung sowie Schutzsysteme (Virenschutz, IDS etc.) ist sicherzustellen Quelle: Planung des Server‑Einsatzes (S.1)  
- Alle getroffenen Entscheidungen sind nachvollziehbar zu dokumentieren Quelle: Planung des Server‑Einsatzes (S.1)  

Anschlussfragen:
1. Welche spezifischen Sicherheitsanforderungen gelten für die administrativen Zugänge eines Webservers?
2. Wie kann die Protokollierung von Webserver‑Aktivitäten gemäß SYS.1.1.A10 umgesetzt werden?
3. Welche Kriterien sollten bei der Auswahl eines externen Webhosters berücksichtigt werden?";"- Der Zweck des Webservers und die bereitgestellten Inhalte sowie die Zielgruppen müssen festgelegt und dokumentiert werden Quelle: Planung des Einsatzes eines Webservers (S.1)  
- Zuständige Personen für den technischen Betrieb und die Pflege der Webinhalte sind zu bestimmen Quelle: Planung des Einsatzes eines Webservers (S.1)  
- Auswahl von Plattform (Hardware oder virtualisierte Ressourcen), Betriebssystem und Anwendungssoftware ist zu planen Quelle: Planung des Server‑Einsatzes (S.1)  
- Hardware muss hinsichtlich Leistung, Speicher, Bandbreite, Leistungsaufnahme, Wärmelast, Platzbedarf und Bauform dimensioniert werden Quelle: Planung des Server‑Einsatzes (S.1)  
- Art und Anzahl der Kommunikationsschnittstellen sind zu berücksichtigen Quelle: Planung des Server‑Einsatzes (S.1)  
- Administrative Zugänge sind zu schützen (vgl. SYS.1.1.A5) und zu dokumentieren Quelle: Planung des Server‑Einsatzes (S.1)  
- Benutzerzugriffe sind zu definieren und zu kontrollieren Quelle: Planung des Server‑Einsatzes (S.1)  
- Protokollierung muss eingerichtet werden (vgl. SYS.1.1.A10) Quelle: Planung des Server‑Einsatzes (S.1)  
- Regelmäßige Aktualisierung von Betriebssystem und Anwendungen ist zu planen Quelle: Planung des Server‑Einsatzes (S.1)  
- Integration in System‑ und Netzmanagement, Datensicherung sowie Schutzsysteme (Virenschutz, IDS etc.) ist sicherzustellen Quelle: Planung des Server‑Einsatzes (S.1)  
- Alle getroffenen Entscheidungen sind nachvollziehbar zu dokumentieren Quelle: Planung des Server‑Einsatzes (S.1)";"1. Welche spezifischen Sicherheitsanforderungen gelten für die administrativen Zugänge eines Webservers?
2. Wie kann die Protokollierung von Webserver‑Aktivitäten gemäß SYS.1.1.A10 umgesetzt werden?
3. Welche Kriterien sollten bei der Auswahl eines externen Webhosters berücksichtigt werden?";3;3;0.42063492062089947;0.75;1.0;0.5330004184422404;Welche spezifischen Sicherheitsanforderungen gelten für die administrativen Zugänge eines Webservers?;2.0;2.0;Direkte Sicherheitsanforderungen;Wie kann die Protokollierung von Webserver‑Aktivitäten gemäß SYS.1.1.A10 umgesetzt werden?;1.0;2.0;Teilweise abgedeckt;Welche Kriterien sollten bei der Auswahl eines externen Webhosters berücksichtigt werden?;2.0;2.0;Direkt relevante Vertiefung;1.667;2.0
Was ist bei der Auswahl eines externen Webhosters zu beachten?;"Bei der Auswahl eines externen Webhosters SOLLTE die Institution auf folgende Punkte achten: 
- Es SOLLTE vertraglich geregelt werden, wie die Dienste zu erbringen sind, wobei Sicherheitsaspekte innerhalb des Vertrags schriftlich in einem Service Level Agreement (SLA) festgehalten werden SOLLTEN Quelle: APP.3.2.A10 (S).
- Die eingesetzten IT-Systeme SOLLTEN vom Webhoster regelmäßig kontrolliert und gewartet werden Quelle: APP.3.2.A10 (S).
- Der Webhoster SOLLTE grundlegende technische und organisatorische Maßnahmen umsetzen, um seinen Informationsverbund zu schützen Quelle: APP.3.2.A10 (S).

Anschlussfragen:
1. Wie sollten die Sicherheitsaspekte innerhalb des Vertrags mit dem Webhoster festgehalten werden?
2. Welche Rolle spielt die regelmäßige Kontrolle und Wartung der IT-Systeme durch den Webhoster?
3. Welche grundlegenden technischen und organisatorischen Maßnahmen sollte der Webhoster umsetzen, um seinen Informationsverbund zu schützen?";"Bei der Auswahl eines externen Webhosters SOLLTE die Institution auf folgende Punkte achten: 
- Es SOLLTE vertraglich geregelt werden, wie die Dienste zu erbringen sind, wobei Sicherheitsaspekte innerhalb des Vertrags schriftlich in einem Service Level Agreement (SLA) festgehalten werden SOLLTEN Quelle: APP.3.2.A10 (S).
- Die eingesetzten IT-Systeme SOLLTEN vom Webhoster regelmäßig kontrolliert und gewartet werden Quelle: APP.3.2.A10 (S).
- Der Webhoster SOLLTE grundlegende technische und organisatorische Maßnahmen umsetzen, um seinen Informationsverbund zu schützen Quelle: APP.3.2.A10 (S).";"APP.3.2 Webserver
APP.3.2.A10 Auswahl eines geeigneten Webhosters (S)
Betreibt die Institution den Webserver nicht selbst, sondern nutzt Angebote externer Unternehmen im Rahmen von Webhosting, SOLLTE die Institution bei der Auswahl eines geeigneten Webhosters auf folgende Punkte achten:
•Es SOLLTE vertraglich geregelt werden, wie die Dienste zu erbringen sind. Dabei SOLLTEN Sicherheitsaspekte innerhalb des Vertrags schriftlich in einem Service Level Agreement (SLA) festgehalten werden.
•Die eingesetzten IT-Systeme SOLLTEN vom Webhoster regelmäßig kontrolliert und gewartet werden. Der Webhoster SOLLTE dazu verpflichtet werden, bei technischen Problemen oder einer Kompromittierung von Kundschaftssystemen zeitnah zu reagieren.
•Der Webhoster SOLLTE grundlegende technische und organisatorische Maßnahmen umsetzen, um seinen Informationsverbund zu schützen.";"Bei der Auswahl eines externen Webhosters SOLLTE die Institution folgende Punkte berücksichtigen:

- Es SOLLTE vertraglich geregelt werden, wie die Dienste zu erbringen sind, und Sicherheitsaspekte in einem Service‑Level‑Agreement (SLA) schriftlich festgehalten werden Quelle: Auswahl eines geeigneten Webhosters (S.1)  
- Die vom Webhoster eingesetzten IT‑Systeme SOLLTEN regelmäßig kontrolliert und gewartet werden; der Webhoster MUSS bei technischen Problemen oder einer Kompromittierung von Kundensystemen zeitnah reagieren Quelle: Auswahl eines geeigneten Webhosters (S.2)  
- Der Webhoster SOLLTE grundlegende technische und organisatorische Maßnahmen umsetzen, um seinen Informationsverbund zu schützen Quelle: Auswahl eines geeigneten Webhosters (S.3)  
- Die Institution MUSS vor der Einbindung des Dienstleisters die Aufgaben im Bereich der Informationssicherheit klar abgrenzen und die Schnittstellen exakt festlegen, wobei die Verantwortung für die Informationssicherheit stets bei der auslagernden Institution bleibt Quelle: Auswahl eines geeigneten Webhosters (S.4)  
- Sicherheitsanforderungen und deren regelmäßige Überwachung MÜSSEN vertraglich vereinbart werden, um jederzeit Ereignistransparenz und Risikokontrolle zu gewährleisten Quelle: Auswahl eines geeigneten Webhosters (S.5)  

Anschlussfragen:
1. Welche konkreten technischen und organisatorischen Maßnahmen (TOM) sollten im SLA eines Webhosters definiert werden?
2. Wie kann die Institution die regelmäßige Kontrolle und Wartung der Webhoster‑Systeme nachweisen?
3. Welche Modellierungs‑ und Risiko‑Analyse‑Schritte sind für die Einbindung externer Dienstleister nach Kapitel 8.3.4 erforderlich?";"Bei der Auswahl eines externen Webhosters SOLLTE die Institution folgende Punkte berücksichtigen:

- Es SOLLTE vertraglich geregelt werden, wie die Dienste zu erbringen sind, und Sicherheitsaspekte in einem Service‑Level‑Agreement (SLA) schriftlich festgehalten werden Quelle: Auswahl eines geeigneten Webhosters (S.1)  
- Die vom Webhoster eingesetzten IT‑Systeme SOLLTEN regelmäßig kontrolliert und gewartet werden; der Webhoster MUSS bei technischen Problemen oder einer Kompromittierung von Kundensystemen zeitnah reagieren Quelle: Auswahl eines geeigneten Webhosters (S.2)  
- Der Webhoster SOLLTE grundlegende technische und organisatorische Maßnahmen umsetzen, um seinen Informationsverbund zu schützen Quelle: Auswahl eines geeigneten Webhosters (S.3)  
- Die Institution MUSS vor der Einbindung des Dienstleisters die Aufgaben im Bereich der Informationssicherheit klar abgrenzen und die Schnittstellen exakt festlegen, wobei die Verantwortung für die Informationssicherheit stets bei der auslagernden Institution bleibt Quelle: Auswahl eines geeigneten Webhosters (S.4)  
- Sicherheitsanforderungen und deren regelmäßige Überwachung MÜSSEN vertraglich vereinbart werden, um jederzeit Ereignistransparenz und Risikokontrolle zu gewährleisten Quelle: Auswahl eines geeigneten Webhosters (S.5)";"1. Welche konkreten technischen und organisatorischen Maßnahmen (TOM) sollten im SLA eines Webhosters definiert werden?
2. Wie kann die Institution die regelmäßige Kontrolle und Wartung der Webhoster‑Systeme nachweisen?
3. Welche Modellierungs‑ und Risiko‑Analyse‑Schritte sind für die Einbindung externer Dienstleister nach Kapitel 8.3.4 erforderlich?";3;3;0.99999999995;0.6666666666666666;0.7142857142857143;0.6979062030573012;Welche konkreten technischen und organisatorischen Maßnahmen (TOM) sollten im SLA eines Webhosters definiert werden?;2.0;2.0;SLA und TOM im IT-Grundschutz;Wie kann die Institution die regelmäßige Kontrolle und Wartung der Webhoster‑Systeme nachweisen?;2.0;2.0;Direkte Verbindung zu Webhoster-Auswahl;Welche Modellierungs‑ und Risiko‑Analyse‑Schritte sind für die Einbindung externer Dienstleister nach Kapitel 8.3.4 erforderlich?;2.0;2.0;Direkte Bezugnahme auf Kapitel 8.3.4;2.0;2.0
Wie sollten Fehlermeldungen auf einem Webserver gestaltet sein?;"Fehlermeldungen auf einem Webserver sollten so gestaltet sein, dass sie weder den Produktnamen noch die verwendete Version des Webservers preisgeben. Sie sollten auch keine Details zu Systeminformationen oder Konfigurationen ausgeben. Stattdessen sollten allgemeine Fehlermeldungen ausgegeben werden, die Clients darauf hinweisen, dass ein Fehler aufgetreten ist. Diese Fehlermeldungen sollten ein eindeutiges Merkmal enthalten, das es dem IT-Betrieb ermöglicht, den Fehler nachzuvollziehen. Quelle: APP.3.2.A12 (S).

Anschlussfragen:
1. Wie sollten Webserver in die Netzarchitektur integriert werden, um sie abzusichern?
2. Welche Rolle spielt das Identitäts- und Berechtigungsmanagement bei der Authentisierung von Webservern?
3. Wie können kryptografische Schlüssel für verschlüsselte Verbindungen zu Webservern sicher verwaltet werden?";Fehlermeldungen auf einem Webserver sollten so gestaltet sein, dass sie weder den Produktnamen noch die verwendete Version des Webservers preisgeben. Sie sollten auch keine Details zu Systeminformationen oder Konfigurationen ausgeben. Stattdessen sollten allgemeine Fehlermeldungen ausgegeben werden, die Clients darauf hinweisen, dass ein Fehler aufgetreten ist. Diese Fehlermeldungen sollten ein eindeutiges Merkmal enthalten, das es dem IT-Betrieb ermöglicht, den Fehler nachzuvollziehen. Quelle: APP.3.2.A12 (S).;"APP.3.2 Webserver
APP.3.2.A12 Geeigneter Umgang mit Fehlern und Fehlermeldungen (S)
Aus den HTTP-Informationen und den angezeigten Fehlermeldungen SOLLTEN weder der Produktname noch die verwendete Version des Webservers ersichtlich sein. Fehlermeldungen SOLLTEN keine Details zu Systeminformationen oder Konfigurationen ausgeben. Der IT-Betrieb SOLLTE sicherstellen, dass der Webserver ausschließlich allgemeine Fehlermeldungen ausgibt, die Clients darauf hinweisen, dass ein Fehler aufgetreten ist. Die Fehlermeldung SOLLTE ein eindeutiges Merkmal enthalten, das es dem IT-Betrieb ermöglicht, den Fehler nachzuvollziehen. Bei unerwarteten Fehlern SOLLTE sichergestellt sein, dass der Webserver nicht in einem Zustand verbleibt, in dem er anfällig für Angriffe ist.";"- Fehlermeldungen dürfen **weder den Produktnamen noch die Versionsnummer des Webservers** preisgeben Quelle: Geeigneter Umgang mit Fehlern und Fehlermeldungen (S.1-2)  
- Sie dürfen **keine Details zu Systeminformationen oder Konfigurationen** enthalten Quelle: Geeigneter Umgang mit Fehlern und Fehlermeldungen (S.1-2)  
- Der IT‑Betrieb muss sicherstellen, dass **nur allgemeine Fehlermeldungen** ausgegeben werden, die lediglich darauf hinweisen, dass ein Fehler aufgetreten ist Quelle: Geeigneter Umgang mit Fehlern und Fehlermeldungen (S.1-2)  
- Jede Fehlermeldung soll ein **eindeutiges Merkmal** (z. B. Ticket‑ oder Fehler‑ID) enthalten, das dem IT‑Betrieb die Nachverfolgung ermöglicht Quelle: Geeigneter Umgang mit Fehlern und Fehlermeldungen (S.1-2)  
- Bei unerwarteten Fehlern muss garantiert sein, dass der Webserver **nicht in einem angreifbaren Zustand** verbleibt Quelle: Geeigneter Umgang mit Fehlern und Fehlermeldungen (S.1-2)  

Anschlussfragen:
1. Welche konkreten Maßnahmen zur Protokollierung von Fehlermeldungen sind im Baustein Webserver gefordert?
2. Wie sollten reservierte Ressourcen im Fehlerfall freigegeben werden?
3. Welche Anforderungen gelten für die Fehlermeldungen von Webanwendungen im Baustein APP.3.1?";"- Fehlermeldungen dürfen **weder den Produktnamen noch die Versionsnummer des Webservers** preisgeben Quelle: Geeigneter Umgang mit Fehlern und Fehlermeldungen (S.1-2)  
- Sie dürfen **keine Details zu Systeminformationen oder Konfigurationen** enthalten Quelle: Geeigneter Umgang mit Fehlern und Fehlermeldungen (S.1-2)  
- Der IT‑Betrieb muss sicherstellen, dass **nur allgemeine Fehlermeldungen** ausgegeben werden, die lediglich darauf hinweisen, dass ein Fehler aufgetreten ist Quelle: Geeigneter Umgang mit Fehlern und Fehlermeldungen (S.1-2)  
- Jede Fehlermeldung soll ein **eindeutiges Merkmal** (z. B. Ticket‑ oder Fehler‑ID) enthalten, das dem IT‑Betrieb die Nachverfolgung ermöglicht Quelle: Geeigneter Umgang mit Fehlern und Fehlermeldungen (S.1-2)  
- Bei unerwarteten Fehlern muss garantiert sein, dass der Webserver **nicht in einem angreifbaren Zustand** verbleibt Quelle: Geeigneter Umgang mit Fehlern und Fehlermeldungen (S.1-2)";"1. Welche konkreten Maßnahmen zur Protokollierung von Fehlermeldungen sind im Baustein Webserver gefordert?
2. Wie sollten reservierte Ressourcen im Fehlerfall freigegeben werden?
3. Welche Anforderungen gelten für die Fehlermeldungen von Webanwendungen im Baustein APP.3.1?";3;3;0.62499999996875;0.7142857142857143;0.9;0.8803240448055296;Welche konkreten Maßnahmen zur Protokollierung von Fehlermeldungen sind im Baustein Webserver gefordert?;2.0;2.0;Direkte Protokollierung von Fehlermeldungen;Wie sollten reservierte Ressourcen im Fehlerfall freigegeben werden?;1.0;1.0;Teilweise abgedeckt;Welche Anforderungen gelten für die Fehlermeldungen von Webanwendungen im Baustein APP.3.1?;0.0;1.0;Keine direkte Erwähnung;1.0;1.333
Wer trägt die Verantwortung für Informationssicherheit beim Outsourcing?;"Die Verantwortung für Informationssicherheit beim Outsourcing verbleibt stets bei der auslagernden Institution Quelle: OPS.2.3, Kap. 1.1. Dies bedeutet, dass die Institution, die Geschäftsprozesse oder Tätigkeiten auslagert, die Verantwortung für die Informationssicherheit trägt, auch wenn die tatsächliche Ausführung durch externe Dienstleistungsunternehmen erfolgt.

Anschlussfragen:
1. Wie werden die Sicherheitsanforderungen für die auslagernden Institutionen und die Anbieter von Outsourcing-Leistungen im Baustein OPS.2.3 behandelt?
2. Welche Arten von Outsourcing-Szenarien können mit dem Baustein OPS.2.3 nicht abschließend abgebildet werden und benötigen eine separate Risikoanalyse?
3. Wie unterscheidet sich der Baustein OPS.2.3 von dem Baustein OPS.3.2 in Bezug auf die Perspektive auf das Outsourcing-Verhältnis?";Die Verantwortung für Informationssicherheit beim Outsourcing verbleibt stets bei der auslagernden Institution Quelle: OPS.2.3, Kap. 1.1. Dies bedeutet, dass die Institution, die Geschäftsprozesse oder Tätigkeiten auslagert, die Verantwortung für die Informationssicherheit trägt, auch wenn die tatsächliche Ausführung durch externe Dienstleistungsunternehmen erfolgt.;"OPS.2.3, Kap. 1.1
1.1. Einleitung
Beim Outsourcing lagern Institutionen (Nutzende von Outsourcing) Geschäftsprozesse oder Tätigkeiten ganz oder teilweise zu einem oder mehreren externen  Dienstleistungsunternehmen (Anbietende von Outsourcing) aus. Diese sogenannten Anbietenden von Outsourcing betreiben im Rahmen des vereinbarten Outsourcing-Verhältnisses die Geschäftsprozesse oder Tätigkeiten nach festgelegten Kriterien. Allerdings verbleibt die Verantwortung aus Sicht der Informationssicherheit stets bei der auslagernden Institution.";"Die Verantwortung für die Informationssicherheit bleibt bei der auslagernden Institution, also bei den Nutzenden von Outsourcing, unabhängig davon, dass die Leistungen von externen Anbietern erbracht werden Quelle: Einleitung (S.1).  
Sie liegt letztlich bei der obersten Managementebene, die die Aufgabe „Informationssicherheit“ delegieren kann, typischerweise an einen Informationssicherheitsbeauftragten (ISB) Quelle: Verantwortung für Informationssicherheit (S.2).  

Anschlussfragen:  
1. Welche konkreten vertraglichen Regelungen sollten im Outsourcing‑Vertrag zur Sicherstellung der Informationssicherheit enthalten sein?  
2. Wie kann die Institution die Einhaltung der Sicherheitsanforderungen durch Sub‑Dienstleister kontrollieren?  
3. Welche Instrumente eignen sich, um das Risiko von Weiterverlagerungen an Sub‑Dienstleister zu bewerten?";"Die Verantwortung für die Informationssicherheit bleibt bei der auslagernden Institution, also bei den Nutzenden von Outsourcing, unabhängig davon, dass die Leistungen von externen Anbietern erbracht werden Quelle: Einleitung (S.1).  
Sie liegt letztlich bei der obersten Managementebene, die die Aufgabe „Informationssicherheit“ delegieren kann, typischerweise an einen Informationssicherheitsbeauftragten (ISB) Quelle: Verantwortung für Informationssicherheit (S.2).";"1. Welche konkreten vertraglichen Regelungen sollten im Outsourcing‑Vertrag zur Sicherstellung der Informationssicherheit enthalten sein?  
2. Wie kann die Institution die Einhaltung der Sicherheitsanforderungen durch Sub‑Dienstleister kontrollieren?  
3. Welche Instrumente eignen sich, um das Risiko von Weiterverlagerungen an Sub‑Dienstleister zu bewerten?";3;3;0.7592857142705285;0.8;1.0;0.7191083369844328;Welche konkreten vertraglichen Regelungen sollten im Outsourcing‑Vertrag zur Sicherstellung der Informationssicherheit enthalten sein?;2.0;2.0;Direkte Vertragsregelungen;Wie kann die Institution die Einhaltung der Sicherheitsanforderungen durch Sub‑Dienstleister kontrollieren?;2.0;2.0;Direkte Kontrolle von Sicherheitsanforderungen;Welche Instrumente eignen sich, um das Risiko von Weiterverlagerungen an Sub‑Dienstleister zu bewerten?;2.0;2.0;Risikobewertung bei Outsourcing;2.0;2.0
Welche Mindestanforderungen gelten für Outsourcing-Verträge?;"Die Mindestanforderungen für Outsourcing-Verträge umfassen die Entwicklung einheitlicher Grundanforderungen, die Aspekte der Informationssicherheit, einen Zustimmungsvorbehalt bei Weiterverlagerungen sowie ein Recht auf Prüfung, Revision und Audit beinhalten Quelle: OPS.2.3.A4 (S. nicht spezifiziert). Diese Grundanforderungen MÜSSEN in Vereinbarungen und Verträgen einheitlich umgesetzt werden Quelle: OPS.2.3.A4 (S. nicht spezifiziert). 

Anschlussfragen:
1. Wie MÜSSEN die Resultate der risikoorientierten Betrachtung bei der Entwicklung der Grundanforderungen für Outsourcing-Verträge berücksichtigt werden?
2. Welche Rolle spielt die Verschwiegenheitserklärung zum Schutz von sensiblen Daten in Outsourcing-Verträgen?
3. Wie unterscheidet sich der Baustein OPS.2.3 Nutzung von Outsourcing von anderen Bausteinen wie OPS.2.2 Cloud-Nutzung?";Die Mindestanforderungen für Outsourcing-Verträge umfassen die Entwicklung einheitlicher Grundanforderungen, die Aspekte der Informationssicherheit, einen Zustimmungsvorbehalt bei Weiterverlagerungen sowie ein Recht auf Prüfung, Revision und Audit beinhalten Quelle: OPS.2.3.A4 (S. nicht spezifiziert). Diese Grundanforderungen MÜSSEN in Vereinbarungen und Verträgen einheitlich umgesetzt werden Quelle: OPS.2.3.A4 (S. nicht spezifiziert).;"OPS.2.3.A4 Grundanforderungen an Verträge mit Anbietenden von
Outsourcing (B)
Einheitliche Grundanforderungen an Outsourcing-Verträge MÜSSEN entwickelt werden. Diese Grundanforderungen MÜSSEN Aspekte der Informationssicherheit, einen Zustimmungsvorbehalt bei Weiterverlagerungen sowie ein Recht auf Prüfung, Revision und Audit beinhalten. Bei der Entwicklung der Grundanforderungen SOLLTEN die Resultate der risikoorientierten Betrachtung sowie Eignungsanforderungen an Anbietende von Outsourcing mit einfließen. Mit den Anbietenden von Outsourcing SOLLTE eine Verschwiegenheitserklärung zum Schutz von sensiblen Daten vereinbart werden. Die Grundanforderungen MÜSSEN in Vereinbarungen und Verträgen einheitlich umgesetzt werden. Auf Basis der Grundanforderungen SOLLTE eine einheitliche Vertragsvorlage erstellt und für alle Outsourcing-Vorhaben genutzt werden.";"- OPS.2.3.A4 Grundanforderungen an Verträge mit Anbietenden von Outsourcing (B) [Institution] – Einheitliche Grundanforderungen MÜSSEN entwickelt und in allen Outsourcing‑Verträgen umgesetzt werden, dabei Aspekte der Informationssicherheit, einen Zustimmungsvorbehalt bei Weiterverlagerungen sowie ein Recht auf Prüfung, Revision und Audit enthalten Quelle: Grundanforderungen an Verträge mit Anbietenden von Outsourcing (S.1-1)  
- OPS.2.3.A4 Grundanforderungen an Verträge mit Nutzenden von Outsourcing (B) [Institution] – Die Grundanforderungen MÜSSEN ebenfalls Informationssicherheits‑ und Sicherheitsaspekte der Nutzenden, Regelungen zum Umgang mit Weiterverlagerungen und das Recht der Nutzenden auf Prüfungen, Revisionen und Audits umfassen Quelle: Grundanforderungen an Verträge mit Nutzenden von Outsourcing (S.2-2)  
- OPS.2.3.A4 Verschwiegenheits‑ und SLA‑Klauseln (B) [Institution] – Mit beiden Vertragspartnern SOLLTEN Verschwiegenheitserklärungen, Vereinbarungen zum Informationsaustausch und Service‑Level‑Agreements vereinbart werden Quelle: Grundanforderungen an Verträge mit Nutzenden von Outsourcing (S.3-3)  
- OPS.3.2 Anbieten von Outsourcing (B) [Anbietende] – Das Outsourcing‑Verhältnis MUSS den Schutzbedarf für Vertraulichkeit, Integrität und Verfügbarkeit berücksichtigen und das vom Nutzer geforderte Minimum an Informationssicherheit sicherstellen Quelle: Einhaltung der Schutzziele der Informationssicherheit durch ein Informationssicherheitsmanagement (S.4-4)  
- OPS.3.2 Erweiterte Vertragsinhalte (S) [Anbietende] – Im Vertrag SOLLTEN Zugriffsrechte, Umgang mit Metadaten, Leistungskennzahlen, Vertragsstrafen, Kündigungsoptionen, Rückgabe von Eigentum und Verantwortlichkeiten im Notfall‑ und Krisenmanagement definiert werden Quelle: Erweiterte Anforderungen an Verträge mit Anbietenden von Outsourcing (S.5-5)  

Anschlussfragen:
1. Wie wird die Risiko‑ und Eignungsbewertung von Outsourcing‑Anbietern im Detail umgesetzt?
2. Welche konkreten Prüf‑ und Audit‑Methoden sind für die Kontrolle der Vertragsanforderungen vorgesehen?
3. Wie können Sub‑Dienstleister in die Vertragskette eingebunden und deren Sicherheit nachgewiesen werden?";"- OPS.2.3.A4 Grundanforderungen an Verträge mit Anbietenden von Outsourcing (B) [Institution] – Einheitliche Grundanforderungen MÜSSEN entwickelt und in allen Outsourcing‑Verträgen umgesetzt werden, dabei Aspekte der Informationssicherheit, einen Zustimmungsvorbehalt bei Weiterverlagerungen sowie ein Recht auf Prüfung, Revision und Audit enthalten Quelle: Grundanforderungen an Verträge mit Anbietenden von Outsourcing (S.1-1)  
- OPS.2.3.A4 Grundanforderungen an Verträge mit Nutzenden von Outsourcing (B) [Institution] – Die Grundanforderungen MÜSSEN ebenfalls Informationssicherheits‑ und Sicherheitsaspekte der Nutzenden, Regelungen zum Umgang mit Weiterverlagerungen und das Recht der Nutzenden auf Prüfungen, Revisionen und Audits umfassen Quelle: Grundanforderungen an Verträge mit Nutzenden von Outsourcing (S.2-2)  
- OPS.2.3.A4 Verschwiegenheits‑ und SLA‑Klauseln (B) [Institution] – Mit beiden Vertragspartnern SOLLTEN Verschwiegenheitserklärungen, Vereinbarungen zum Informationsaustausch und Service‑Level‑Agreements vereinbart werden Quelle: Grundanforderungen an Verträge mit Nutzenden von Outsourcing (S.3-3)  
- OPS.3.2 Anbieten von Outsourcing (B) [Anbietende] – Das Outsourcing‑Verhältnis MUSS den Schutzbedarf für Vertraulichkeit, Integrität und Verfügbarkeit berücksichtigen und das vom Nutzer geforderte Minimum an Informationssicherheit sicherstellen Quelle: Einhaltung der Schutzziele der Informationssicherheit durch ein Informationssicherheitsmanagement (S.4-4)  
- OPS.3.2 Erweiterte Vertragsinhalte (S) [Anbietende] – Im Vertrag SOLLTEN Zugriffsrechte, Umgang mit Metadaten, Leistungskennzahlen, Vertragsstrafen, Kündigungsoptionen, Rückgabe von Eigentum und Verantwortlichkeiten im Notfall‑ und Krisenmanagement definiert werden Quelle: Erweiterte Anforderungen an Verträge mit Anbietenden von Outsourcing (S.5-5)";"1. Wie wird die Risiko‑ und Eignungsbewertung von Outsourcing‑Anbietern im Detail umgesetzt?
2. Welche konkreten Prüf‑ und Audit‑Methoden sind für die Kontrolle der Vertragsanforderungen vorgesehen?
3. Wie können Sub‑Dienstleister in die Vertragskette eingebunden und deren Sicherheit nachgewiesen werden?";3;3;0.8736394557698324;1.0;0.8636363636363636;0.5924753456193156;Wie wird die Risiko‑ und Eignungsbewertung von Outsourcing‑Anbietern im Detail umgesetzt?;2.0;2.0;Direkte Umsetzung von Eignungsanforderungen;Welche konkreten Prüf‑ und Audit‑Methoden sind für die Kontrolle der Vertragsanforderungen vorgesehen?;2.0;2.0;Direkte Audits und Prüfmethoden;Wie können Sub‑Dienstleister in die Vertragskette eingebunden und deren Sicherheit nachgewiesen werden?;2.0;2.0;Direkte Vertrags- und Sicherheitsaspekte;2.0;2.0
Muss ich ein Sicherheitskonzept für jedes Outsourcing-Vorhaben erstellen?;"Ja, für jedes Outsourcing-Vorhaben MUSS ein Sicherheitskonzept erstellt werden, das auf den sich aus dem IT-Grundschutz ergebenen Sicherheitsanforderungen basiert Quelle: OPS.2.3.A6 (S. nicht spezifiziert). Dieses Sicherheitskonzept MUSS mit den Anbietenden von Outsourcing abgestimmt werden Quelle: OPS.2.3.A6 (S. nicht spezifiziert). 

Anschlussfragen:
1. Wie sollten die Sicherheitsanforderungen für ein Outsourcing-Vorhaben festgelegt werden?
2. Was sollte mit den Anbietenden von Outsourcing hinsichtlich der Umsetzung von IT-Grundschutz oder der Erfüllung von Anforderungen aus relevanten Bausteinen vereinbart werden?
3. Wie oft sollten die Nutzenden von Outsourcing oder unabhängige Dritte überprüfen, ob das Sicherheitskonzept wirksam ist?";Ja, für jedes Outsourcing-Vorhaben MUSS ein Sicherheitskonzept erstellt werden, das auf den sich aus dem IT-Grundschutz ergebenen Sicherheitsanforderungen basiert Quelle: OPS.2.3.A6 (S. nicht spezifiziert). Dieses Sicherheitskonzept MUSS mit den Anbietenden von Outsourcing abgestimmt werden Quelle: OPS.2.3.A6 (S. nicht spezifiziert).;"OPS.2.3.A6 Festlegung von Sicherheitsanforderungen und Erstellung eines Sicherheitskonzeptes für das Outsourcing-Vorhaben (B)
Mit den Anbietenden von Outsourcing MUSS vertraglich vereinbart werden, dass IT-Grundschutz umgesetzt oder mindestens die Anforderungen aus den relevanten Bausteinen geeignet erfüllt werden. Darüber hinaus SOLLTE mit den Anbietenden von Outsourcing vereinbart werden, dass sie ein Managementsystem für Informationssicherheit (ISMS) etablieren. Die Nutzenden von Outsourcing MÜSSEN für jedes Outsourcing-Vorhaben ein Sicherheitskonzept basierend auf den sich aus dem IT- Grundschutz ergebenen Sicherheitsanforderungen erstellen. Dabei MUSS das Sicherheitskonzept der Nutzenden mit den Anbietenden von Outsourcing abgestimmt werden. Ebenso SOLLTE jeder Anbietende ein individuelles Sicherheitskonzept für das jeweilige Outsourcing-Vorhaben vorlegen. Das Sicherheitskonzept der Anbietenden von Outsourcing und dessen Umsetzung SOLLTE zu einem gesamten Sicherheitskonzept zusammengeführt werden. Wenn Risikoanalysen notwendig sind, MÜSSEN Vereinbarungen getroffen werden, wie die Risikoanalyse geprüft und gegebenenfalls in das eigene Risikomanagement überführt werden kann. Die Nutzenden von Outsourcing oder unabhängige Dritte MÜSSEN regelmäßig überprüfen, ob das Sicherheitskonzept wirksam ist.";"Ja. Die Nutzenden von Outsourcing **MÜSSEN für jedes Outsourcing‑Vorhaben ein Sicherheitskonzept** erstellen, das auf den aus dem IT‑Grundschutz abgeleiteten Sicherheitsanforderungen basiert. Das Konzept ist mit dem Anbietenden abzustimmen, ein individuelles Konzept des Anbietenden kann integriert werden, und die Wirksamkeit muss regelmäßig überprüft werden Quelle: Festlegung von Sicherheitsanforderungen und Erstellung eines Sicherheitskonzeptes für das Outsourcing‑Vorhaben (S.1)

Anschlussfragen:
1. Welche Inhalte muss das Sicherheitskonzept konkret enthalten?
2. Wie erfolgt die Abstimmung des Sicherheitskonzepts zwischen Nutzenden und Anbietenden?
3. Welche Prüfungen und Nachweise sind für die regelmäßige Wirksamkeitskontrolle vorgesehen?";Ja. Die Nutzenden von Outsourcing **MÜSSEN für jedes Outsourcing‑Vorhaben ein Sicherheitskonzept** erstellen, das auf den aus dem IT‑Grundschutz abgeleiteten Sicherheitsanforderungen basiert. Das Konzept ist mit dem Anbietenden abzustimmen, ein individuelles Konzept des Anbietenden kann integriert werden, und die Wirksamkeit muss regelmäßig überprüft werden Quelle: Festlegung von Sicherheitsanforderungen und Erstellung eines Sicherheitskonzeptes für das Outsourcing‑Vorhaben (S.1);"1. Welche Inhalte muss das Sicherheitskonzept konkret enthalten?
2. Wie erfolgt die Abstimmung des Sicherheitskonzepts zwischen Nutzenden und Anbietenden?
3. Welche Prüfungen und Nachweise sind für die regelmäßige Wirksamkeitskontrolle vorgesehen?";3;3;0.9999999999;1.0;0.8333333333333334;0.794220959238271;Welche Inhalte muss das Sicherheitskonzept konkret enthalten?;2.0;2.0;Direkte Angaben im IT-Grundschutz;Wie erfolgt die Abstimmung des Sicherheitskonzepts zwischen Nutzenden und Anbietenden?;2.0;2.0;Abstimmung im Sicherheitskonzept;Welche Prüfungen und Nachweise sind für die regelmäßige Wirksamkeitskontrolle vorgesehen?;2.0;2.0;Regelmäßige Wirksamkeitskontrolle;2.0;2.0
Wie gehe ich mit Sub-Dienstleistern um?;"Um mit Sub-Dienstleistern umzugehen, MÜSSEN einheitliche Grundanforderungen an Outsourcing-Verträge entwickelt werden, die Aspekte der Informationssicherheit und einen Zustimmungsvorbehalt bei Weiterverlagerungen beinhalten Quelle: OPS.2.3.A4 (S. nicht spezifiziert). Diese Grundanforderungen SOLLTEN auch bei der Entwicklung von Verträgen mit Sub-Dienstleistern berücksichtigt werden, um sicherzustellen, dass die Informationssicherheit gewährleistet ist. 

Anschlussfragen:
1. Wie können die Risiken bei der Nutzung von Sub-Dienstleistern minimiert werden?
2. Welche Rolle spielen Verschwiegenheitserklärungen bei der Zusammenarbeit mit Sub-Dienstleistern?
3. Wie können die Anforderungen an die Informationssicherheit bei der Vertragsgestaltung mit Sub-Dienstleistern umgesetzt werden?";Um mit Sub-Dienstleistern umzugehen, MÜSSEN einheitliche Grundanforderungen an Outsourcing-Verträge entwickelt werden, die Aspekte der Informationssicherheit und einen Zustimmungsvorbehalt bei Weiterverlagerungen beinhalten Quelle: OPS.2.3.A4 (S. nicht spezifiziert). Diese Grundanforderungen SOLLTEN auch bei der Entwicklung von Verträgen mit Sub-Dienstleistern berücksichtigt werden, um sicherzustellen, dass die Informationssicherheit gewährleistet ist.;"OPS.2.3.A4 Grundanforderungen an Verträge mit Anbietenden von Outsourcing (B)
Einheitliche Grundanforderungen an Outsourcing-Verträge MÜSSEN entwickelt werden. Diese Grundanforderungen MÜSSEN Aspekte der Informationssicherheit, einen Zustimmungsvorbehalt bei Weiterverlagerungen sowie ein Recht auf Prüfung, Revision und Audit beinhalten. Bei der Entwicklung der Grundanforderungen SOLLTEN die Resultate der risikoorientierten Betrachtung sowie Eignungsanforderungen an Anbietende von Outsourcing mit einfließen. Mit den Anbietenden von Outsourcing SOLLTE eine Verschwiegenheitserklärung zum Schutz von sensiblen Daten vereinbart werden. Die Grundanforderungen MÜSSEN in Vereinbarungen und Verträgen einheitlich umgesetzt werden. Auf Basis der Grundanforderungen SOLLTE eine einheitliche Vertragsvorlage erstellt und für alle Outsourcing-Vorhaben genutzt werden.";"Um Sub‑Dienstleister sicher einzubinden, sollten Sie folgende Maßnahmen umsetzen:

- **Personalschulung und -überprüfung** – Das Personal der Anbietenden und der Sub‑Dienstleister MUSS in die eigenen Informations‑Sicherheitsregelungen eingewiesen und, falls gefordert, nach Vorgaben (z. B. Führungszeugnis) überprüft werden; zudem MUSS es schriftlich zur Einhaltung von Gesetzen, Vertraulichkeitsvereinbarungen und internen Regelungen verpflichtet werden Quelle: Regelungen für den Einsatz von Sub-Dienstleistenden (S.1‑3).

- **Vertragliche Regelungen** – Im Outsourcing‑Vertrag SOLLTEN klare Zugriffsrechte, Umgang mit Metadaten, Leistungskennzahlen, Kündigungsoptionen, Rückgabe von Eigentum sowie Verantwortlichkeiten für Not‑ und Krisenmanagement festgelegt werden; außerdem SOLLTEN Sub‑Dienstleister offen gelegt und deren Einhaltung regelmäßig kontrolliert werden Quelle: Erweiterte Anforderungen an Verträge mit Anbietenden von Outsourcing (S.4‑7).

- **Kontinuierliche Überwachung und Ereignistransparenz** – Es MUSS ein Mechanismus etabliert werden, der Risiken und Gefährdungen, die durch Sub‑Dienstleister entstehen können, jederzeit identifiziert, dokumentiert und an die Institution kommuniziert; die Einhaltung der vertraglich vereinbarten Sicherheitsanforderungen SOLLTE regelmäßig geprüft werden Quelle: Abgrenzung und Modellierung (S.8‑9).

Anschlussfragen:
1. Welche konkreten Bausteine des IT‑Grundschutz‑Kompendiums unterstützen die Modellierung von Sub‑Dienstleistern?
2. Wie können Sie die Wirksamkeit von SLA‑Kontrollen bei Sub‑Dienstleistern messen?
3. Welche Vorgehensweise empfiehlt das BSI für die geordnete Beendigung von Sub‑Dienstleister‑Verhältnissen?";"Um Sub‑Dienstleister sicher einzubinden, sollten Sie folgende Maßnahmen umsetzen:

- **Personalschulung und -überprüfung** – Das Personal der Anbietenden und der Sub‑Dienstleister MUSS in die eigenen Informations‑Sicherheitsregelungen eingewiesen und, falls gefordert, nach Vorgaben (z. B. Führungszeugnis) überprüft werden; zudem MUSS es schriftlich zur Einhaltung von Gesetzen, Vertraulichkeitsvereinbarungen und internen Regelungen verpflichtet werden Quelle: Regelungen für den Einsatz von Sub-Dienstleistenden (S.1‑3).

- **Vertragliche Regelungen** – Im Outsourcing‑Vertrag SOLLTEN klare Zugriffsrechte, Umgang mit Metadaten, Leistungskennzahlen, Kündigungsoptionen, Rückgabe von Eigentum sowie Verantwortlichkeiten für Not‑ und Krisenmanagement festgelegt werden; außerdem SOLLTEN Sub‑Dienstleister offen gelegt und deren Einhaltung regelmäßig kontrolliert werden Quelle: Erweiterte Anforderungen an Verträge mit Anbietenden von Outsourcing (S.4‑7).

- **Kontinuierliche Überwachung und Ereignistransparenz** – Es MUSS ein Mechanismus etabliert werden, der Risiken und Gefährdungen, die durch Sub‑Dienstleister entstehen können, jederzeit identifiziert, dokumentiert und an die Institution kommuniziert; die Einhaltung der vertraglich vereinbarten Sicherheitsanforderungen SOLLTE regelmäßig geprüft werden Quelle: Abgrenzung und Modellierung (S.8‑9).";"1. Welche konkreten Bausteine des IT‑Grundschutz‑Kompendiums unterstützen die Modellierung von Sub‑Dienstleistern?
2. Wie können Sie die Wirksamkeit von SLA‑Kontrollen bei Sub‑Dienstleistern messen?
3. Welche Vorgehensweise empfiehlt das BSI für die geordnete Beendigung von Sub‑Dienstleister‑Verhältnissen?";3;3;0.8736394557698324;0.16666666666666666;0.8571428571428571;0.18760873682562046;Welche konkreten Bausteine des IT‑Grundschutz‑Kompendiums unterstützen die Modellierung von Sub‑Dienstleistern?;2.0;2.0;Direkte Modellierung von Sub-Dienstleistern;Wie können Sie die Wirksamkeit von SLA‑Kontrollen bei Sub‑Dienstleistern messen?;2.0;2.0;SLA-Kontrollen bei Dienstleistern;Welche Vorgehensweise empfiehlt das BSI für die geordnete Beendigung von Sub‑Dienstleister‑Verhältnissen?;1.0;2.0;Teilweise abgedeckt;1.667;2.0
Was soll in Bezug auf Mandanten bedacht werden?;"In Bezug auf Mandanten sollte sichergestellt werden, dass die Daten und Verarbeitungskontexte durch den Anbietenden von Outsourcing ausreichend sicher getrennt sind Quelle: OPS.2.3.A5 (S.?). Ein Mandantentrennungskonzept sollte von den Anbietenden von Outsourcing gefordert werden, das zwischen mandantenabhängigen und mandantenübergreifenden Daten und Objekten unterscheidet Quelle: OPS.2.3.A5 (S.?).

Anschlussfragen:
1. Wie sollte das Mandantentrennungskonzept die Trennung von mandantenabhängigen und mandantenübergreifenden Daten und Objekten darlegen?
2. Welche Mechanismen sollten die Anbietenden von Outsourcing verwenden, um die Trennung zwischen Mandanten sicherzustellen?
3. Wie sollten die Nutzenden von Outsourcing-Leistungen die Einhaltung des Mandantentrennungskonzepts durch die Anbietenden von Outsourcing überwachen?";In Bezug auf Mandanten sollte sichergestellt werden, dass die Daten und Verarbeitungskontexte durch den Anbietenden von Outsourcing ausreichend sicher getrennt sind Quelle: OPS.2.3.A5 (S.?). Ein Mandantentrennungskonzept sollte von den Anbietenden von Outsourcing gefordert werden, das zwischen mandantenabhängigen und mandantenübergreifenden Daten und Objekten unterscheidet Quelle: OPS.2.3.A5 (S.?).;"OPS.2.3.A5 Vereinbarung der Mandantenfähigkeit (B)
In einer Vereinbarung zur Mandantenfähigkeit mit den Anbietenden von Outsourcing MUSS sichergestellt werden, dass die Daten und Verarbeitungskontexte durch den Anbietenden von Outsourcing ausreichend sicher getrennt sind. In dieser Vereinbarung SOLLTE ein Mandantentrennungskonzept von den Anbietenden von Outsourcing gefordert werden. Das Mandantentrennungskonzept SOLLTE zwischen mandantenabhängigen und mandantenübergreifenden Daten und Objekten unterscheiden und darlegen, mit welchen Mechanismen die Anbietenden von Outsourcing trennen.";Im bereitgestellten Kontext nicht enthalten;Im bereitgestellten Kontext nicht enthalten;;0;3;0.99999999998;0.75;0.0;0.8530986985852091;;;;;;;;;;;;;;
Was ist bei der Beendigung eines Outsourcing-Verhältnisses zu regeln?;"Bei der Beendigung eines Outsourcing-Verhältnisses MÜSSEN Regelungen getroffen werden, um sicherzustellen, dass alle Informationen, Daten und Hardware der Nutzenden vom Anbietenden von Outsourcing zurückgegeben werden Quelle: OPS.2.3.A7 (S. nicht spezifiziert). Hierbei MÜSSEN gesetzliche Vorgaben zur Aufbewahrung von Daten beachtet werden. Ferner SOLLTE überprüft werden, ob die Zugangs-, Zutritts- und Zugriffsrechte für die Anbietenden von Outsourcing mit der Beendigung des Outsourcing-Verhältnisses aufgehoben wurden Quelle: OPS.2.3.A7 (S. nicht spezifiziert).

Anschlussfragen:
1. Wie sollten die Regelungen für die Beendigung eines Outsourcing-Verhältnisses dokumentiert werden?
2. Welche Rolle spielen gesetzliche Vorgaben zur Aufbewahrung von Daten bei der Beendigung eines Outsourcing-Verhältnisses?
3. Wie kann sichergestellt werden, dass die Zugangs-, Zutritts- und Zugriffsrechte für die Anbietenden von Outsourcing nach der Beendigung des Verhältnisses aufgehoben werden?";Bei der Beendigung eines Outsourcing-Verhältnisses MÜSSEN Regelungen getroffen werden, um sicherzustellen, dass alle Informationen, Daten und Hardware der Nutzenden vom Anbietenden von Outsourcing zurückgegeben werden Quelle: OPS.2.3.A7 (S. nicht spezifiziert). Hierbei MÜSSEN gesetzliche Vorgaben zur Aufbewahrung von Daten beachtet werden. Ferner SOLLTE überprüft werden, ob die Zugangs-, Zutritts- und Zugriffsrechte für die Anbietenden von Outsourcing mit der Beendigung des Outsourcing-Verhältnisses aufgehoben wurden Quelle: OPS.2.3.A7 (S. nicht spezifiziert).;"OPS.2.3.A7 Regelungen für eine geplante oder ungeplante Beendigung eines Outsourcing-Verhältnisses (B) [Fachverantwortliche, Institutionsleitung]
Für geplante sowie ungeplante Beendigungen des Outsourcing-Verhältnisses MÜSSEN Regelungen getroffen werden. Es MUSS festgelegt werden, wie alle Informationen, Daten und Hardware der Nutzenden vom Anbietenden von Outsourcing zurückgegeben werden. Hierbei MÜSSEN gesetzliche Vorgaben zur Aufbewahrung von Daten beachtet werden. Ferner SOLLTE überprüft werden, ob die Zugangs-, Zutritts- und Zugriffsrechte für die Anbietenden von Outsourcing mit der Beendigung des Outsourcing-Verhältnisses aufgehoben wurden.";"Bei einer geplanten oder ungeplanten Beendigung des Outsourcing‑Verhältnisses MÜSSEN klare Regelungen getroffen werden, die die Rückgabe aller Informationen, Daten und Hardware an die Nutzenden sicherstellen und dabei gesetzliche Aufbewahrungspflichten beachten Quelle: Regelungen für eine geplante oder ungeplante Beendigung eines Outsourcing‑Verhältnisses (S.1).  

Es SOLLTE geprüft werden, dass sämtliche Zugangs‑, Zutritts‑ und Zugriffsrechte der Anbietenden mit der Beendigung aufgehoben werden Quelle: Regelungen für eine geplante oder ungeplante Beendigung eines Outsourcing‑Verhältnisses (S.2).  

Der Vertrag MUSS Kündigungsoptionen enthalten, die das Vorgehen bei der Auflösung des Outsourcing‑Verhältnisses sowie die Rückgabe des Eigentums der Nutzenden regeln Quelle: Erweiterte Anforderungen an Verträge mit Anbietenden von Outsourcing (S.3).  

Verantwortlichkeiten für Notfall‑ und Krisenmanagement SOLLTEN im Vertrag definiert und benannt werden, um im Beendigungsfall klare Ansprechpartner zu haben Quelle: Erweiterte Anforderungen an Verträge mit Anbietenden von Outsourcing (S.4).  

Ein Verfahren zur Beendigung des Auftragsverhältnisses mit dem Personal der Anbietenden SOLLTE festgelegt sein, damit auch das Fremdpersonal ordnungsgemäß abgewickelt wird Quelle: Regelungen für den Einsatz des Personals von Anbietenden von Outsourcing (S.5).  

Anschlussfragen:
1. Welche konkreten Prüfungen sollten vor der Aufhebung von Zugriffsrechten durchgeführt werden?
2. Wie können gesetzliche Aufbewahrungspflichten bei der Datenrückgabe praktisch umgesetzt werden?
3. Welche Kriterien sind bei der Auswahl alternativer Anbietender für eine geplante Beendigung zu berücksichtigen?";"Bei einer geplanten oder ungeplanten Beendigung des Outsourcing‑Verhältnisses MÜSSEN klare Regelungen getroffen werden, die die Rückgabe aller Informationen, Daten und Hardware an die Nutzenden sicherstellen und dabei gesetzliche Aufbewahrungspflichten beachten Quelle: Regelungen für eine geplante oder ungeplante Beendigung eines Outsourcing‑Verhältnisses (S.1).  

Es SOLLTE geprüft werden, dass sämtliche Zugangs‑, Zutritts‑ und Zugriffsrechte der Anbietenden mit der Beendigung aufgehoben werden Quelle: Regelungen für eine geplante oder ungeplante Beendigung eines Outsourcing‑Verhältnisses (S.2).  

Der Vertrag MUSS Kündigungsoptionen enthalten, die das Vorgehen bei der Auflösung des Outsourcing‑Verhältnisses sowie die Rückgabe des Eigentums der Nutzenden regeln Quelle: Erweiterte Anforderungen an Verträge mit Anbietenden von Outsourcing (S.3).  

Verantwortlichkeiten für Notfall‑ und Krisenmanagement SOLLTEN im Vertrag definiert und benannt werden, um im Beendigungsfall klare Ansprechpartner zu haben Quelle: Erweiterte Anforderungen an Verträge mit Anbietenden von Outsourcing (S.4).  

Ein Verfahren zur Beendigung des Auftragsverhältnisses mit dem Personal der Anbietenden SOLLTE festgelegt sein, damit auch das Fremdpersonal ordnungsgemäß abgewickelt wird Quelle: Regelungen für den Einsatz des Personals von Anbietenden von Outsourcing (S.5).";"1. Welche konkreten Prüfungen sollten vor der Aufhebung von Zugriffsrechten durchgeführt werden?
2. Wie können gesetzliche Aufbewahrungspflichten bei der Datenrückgabe praktisch umgesetzt werden?
3. Welche Kriterien sind bei der Auswahl alternativer Anbietender für eine geplante Beendigung zu berücksichtigen?";3;3;0.874999999978125;0.8;0.375;0.5908005510476257;Welche konkreten Prüfungen sollten vor der Aufhebung von Zugriffsrechten durchgeführt werden?;1.0;2.0;Teilweise abgedeckt;Wie können gesetzliche Aufbewahrungspflichten bei der Datenrückgabe praktisch umgesetzt werden?;1.0;2.0;Teilweise abgedeckt;Welche Kriterien sind bei der Auswahl alternativer Anbietender für eine geplante Beendigung zu berücksichtigen?;2.0;2.0;Direkte Relevanz und Abdeckung;1.333;2.0
Muss es eine zentrale Stelle für Outsourcing geben?;"Es sollte eine zentrale Stelle für das Auslagerungsmanagement geben, die durch eine zuständige Person verwaltet wird. Diese Person sollte ernannt und mit festgelegten Befugnissen ausgestattet werden, um als Schnittstelle zwischen den Nutzenden und Anbietenden von Outsourcing zu fungieren. Quelle: OPS.2.3.A10 Etablierung einer zuständigen Person für das Auslagerungsmanagement (S) [Personalabteilung].

Anschlussfragen:
1. Welche Rolle spielt die zuständige Person im Auslagerungsmanagement bei der Vertragsgestaltung?
2. Wie oft sollten Berichte über das Outsourcing erstellt und der Institutionsleitung übergeben werden?
3. Welche Ausbildung sollte die zuständige Person hinsichtlich Informationssicherheit erhalten?";Es sollte eine zentrale Stelle für das Auslagerungsmanagement geben, die durch eine zuständige Person verwaltet wird. Diese Person sollte ernannt und mit festgelegten Befugnissen ausgestattet werden, um als Schnittstelle zwischen den Nutzenden und Anbietenden von Outsourcing zu fungieren. Quelle: OPS.2.3.A10 Etablierung einer zuständigen Person für das Auslagerungsmanagement (S) [Personalabteilung].;"OPS.2.3.A10 Etablierung einer zuständigen Person für das Auslagerungsmanagement (S) [Personalabteilung]
Die verschiedenen Outsourcing-Vorhaben SOLLTEN durch eine zuständige Person für das Auslagerungsmanagement verwaltet werden. Die zuständige Person SOLLTE ernannt und die Befugnisse festgelegt und dokumentiert werden. Die zuständige Person SOLLTE als Schnittstelle in der Kommunikation zwischen den Nutzenden und Anbietenden von Outsourcing eingesetzt werden. Darüber hinaus SOLLTE die zuständige Person Berichte über das Outsourcing in regelmäßigen Abständen und anlassbezogen anfertigen und der Institutionsleitung übergeben. In der Vertragsgestaltung SOLLTE die zuständige Person einbezogen werden. Die zuständige Person SOLLTE ein angemessenes Kontingent von Arbeitstagen für die Aufgaben des Auslagerungsmanagements eingeräumt bekommen. Darüber hinaus SOLLTE die zuständige Person hinsichtlich Informationssicherheit geschult und sensibilisiert sein.";"Eine zentrale Stelle für das Outsourcing ist **nicht zwingend vorgeschrieben**, sondern **empfohlen**.  

Im Baustein **OPS.3.2 Anbieten von Outsourcing** wird festgelegt, dass die verschiedenen Outsourcing‑Vorhaben *durch eine zuständige Person für das Auslagerungsmanagement verwaltet* werden SOLLTEN. Diese Person übernimmt die Koordination, Dokumentation und Kommunikation zwischen Nutzenden und Anbietenden und erstellt u. a. ein zentrales Auslagerungsregister. Damit wird ein zentraler Ansprechpartner geschaffen, jedoch handelt es sich dabei um eine **empfohlene** (SOLLTE) und nicht um eine verbindliche (MUSS) Anforderung. Quelle: Etablierung einer zuständigen Person für das Auslagerungsmanagement (S.1)  

Zusammengefasst:  
- Es besteht **keine Pflicht** zur Einrichtung einer zentralen Outsourcing‑Stelle (MUSS).  
- Es wird **empfohlen**, eine verantwortliche Person und ein zentrales Register einzurichten, um Transparenz und Steuerung sicherzustellen. Quelle: Etablierung einer zuständigen Person für das Auslagerungsmanagement (S.1)  

Anschlussfragen:
1. Welche konkreten Aufgaben muss die zuständige Person für das Auslagerungsmanagement übernehmen?
2. Wie sollte ein Auslagerungsregister strukturiert und gepflegt werden?
3. Welche Anforderungen gelten für Verträge mit Anbietenden von Outsourcing (OPS.2.3.A4)?";"Eine zentrale Stelle für das Outsourcing ist **nicht zwingend vorgeschrieben**, sondern **empfohlen**.  

Im Baustein **OPS.3.2 Anbieten von Outsourcing** wird festgelegt, dass die verschiedenen Outsourcing‑Vorhaben *durch eine zuständige Person für das Auslagerungsmanagement verwaltet* werden SOLLTEN. Diese Person übernimmt die Koordination, Dokumentation und Kommunikation zwischen Nutzenden und Anbietenden und erstellt u. a. ein zentrales Auslagerungsregister. Damit wird ein zentraler Ansprechpartner geschaffen, jedoch handelt es sich dabei um eine **empfohlene** (SOLLTE) und nicht um eine verbindliche (MUSS) Anforderung. Quelle: Etablierung einer zuständigen Person für das Auslagerungsmanagement (S.1)  

Zusammengefasst:  
- Es besteht **keine Pflicht** zur Einrichtung einer zentralen Outsourcing‑Stelle (MUSS).  
- Es wird **empfohlen**, eine verantwortliche Person und ein zentrales Register einzurichten, um Transparenz und Steuerung sicherzustellen. Quelle: Etablierung einer zuständigen Person für das Auslagerungsmanagement (S.1)";"1. Welche konkreten Aufgaben muss die zuständige Person für das Auslagerungsmanagement übernehmen?
2. Wie sollte ein Auslagerungsregister strukturiert und gepflegt werden?
3. Welche Anforderungen gelten für Verträge mit Anbietenden von Outsourcing (OPS.2.3.A4)?";3;3;0.8095238094968253;1.0;0.875;0.8681257978650416;Welche konkreten Aufgaben muss die zuständige Person für das Auslagerungsmanagement übernehmen?;2.0;2.0;Direkte Aufgabenbeschreibung;Wie sollte ein Auslagerungsregister strukturiert und gepflegt werden?;2.0;2.0;Direkte Anleitung im IT-Grundschutz;Welche Anforderungen gelten für Verträge mit Anbietenden von Outsourcing (OPS.2.3.A4)?;2.0;2.0;Direkte Anforderungen;2.0;2.0
Wie ist Outsourcing im Notfallmanagement zu berücksichtigen?;"Im Notfallmanagement sollte Outsourcing wie folgt berücksichtigt werden: Ein Notfallkonzept SOLLTE etabliert sein, das auf einer Business-Impact-Analyse basiert und die Abhängigkeiten der ausgelagerten Prozesse mit den intern verbliebenen Prozessen berücksichtigt. Das Notfallkonzept SOLLTE den Anbietenden von Outsourcing in seiner Notfallvorsorge und -bewältigung berücksichtigen und mit diesem abgestimmt sein Quelle: OPS.2.3.A20 (S). 

Anschlussfragen:
1. Wie sollten die Schnittstellen zu Anbietenden von Outsourcing im Notfallkonzept definiert werden?
2. Welche Rolle spielen gemeinsame Not- und Krisenfallpläne bei der Zusammenarbeit mit Anbietenden von Outsourcing?
3. Wie können standardisierte Protokolle und Berichte zur Meldung von Sicherheitsvorfällen im Rahmen des Outsourcings etabliert werden?";Im Notfallmanagement sollte Outsourcing wie folgt berücksichtigt werden: Ein Notfallkonzept SOLLTE etabliert sein, das auf einer Business-Impact-Analyse basiert und die Abhängigkeiten der ausgelagerten Prozesse mit den intern verbliebenen Prozessen berücksichtigt. Das Notfallkonzept SOLLTE den Anbietenden von Outsourcing in seiner Notfallvorsorge und -bewältigung berücksichtigen und mit diesem abgestimmt sein Quelle: OPS.2.3.A20 (S).;"OPS.2.3.A20 Etablierung sowie Einbeziehung von Anbietenden von Outsourcing im Notfallkonzept (S) [Notfallbeauftragte]
Ein Notfallkonzept SOLLTE in der Institution etabliert sein. Dies SOLLTE auf der Basis einer Business- Impact-Analyse basieren und die Abhängigkeiten der ausgelagerten Prozesse mit den intern verbliebenen Prozessen berücksichtigen. Das Notfallkonzept SOLLTE den Anbietenden von Outsourcing in seiner Notfallvorsorge und -bewältigung berücksichtigen und mit diesem abgestimmt sein. Dabei SOLLTEN die Schnittstellen zu Anbietenden von Outsourcing mit Verantwortlichen benannt und besetzt werden, um einen Informationsaustausch sowie eine effektive Kollaboration in einer Not- oder Krisensituation zu ermöglichen. Gemeinsame Not- und Krisenfallpläne SOLLTEN für eine Störung oder einen Ausfall der Anbietenden von Outsourcing erstellt werden. Standardisierte Protokolle und Berichte SOLLTEN zur Meldung von Sicherheitsvorfällen etabliert werden.";"Im bereitgestellten Kontext nicht enthalten  

Anschlussfragen:
1. Welche konkreten Baustein‑Kennungen (z. B. ORP.1.A1) gelten für die Einbindung von Outsourcing‑Anbietern in das Notfallkonzept?  
2. Wie sollten vertragliche Regelungen mit Outsourcing‑Partnern im Rahmen des Notfallmanagements konkret ausgestaltet werden?  
3. Welche Maßnahmen zur Sicherstellung der Kontinuität bei Ausfall von Grundversorgern sind im Business‑Continuity‑Management zu berücksichtigen?";Im bereitgestellten Kontext nicht enthalten;"1. Welche konkreten Baustein‑Kennungen (z. B. ORP.1.A1) gelten für die Einbindung von Outsourcing‑Anbietern in das Notfallkonzept?  
2. Wie sollten vertragliche Regelungen mit Outsourcing‑Partnern im Rahmen des Notfallmanagements konkret ausgestaltet werden?  
3. Welche Maßnahmen zur Sicherstellung der Kontinuität bei Ausfall von Grundversorgern sind im Business‑Continuity‑Management zu berücksichtigen?";3;3;0.9428571428382857;0.8571428571428571;0.0;0.09752678193872721;Welche konkreten Baustein‑Kennungen (z. B. ORP.1.A1) gelten für die Einbindung von Outsourcing‑Anbietern in das Notfallkonzept?;2.0;2.0;Direkte Bezugnahme auf Outsourcing;Wie sollten vertragliche Regelungen mit Outsourcing‑Partnern im Rahmen des Notfallmanagements konkret ausgestaltet werden?;2.0;2.0;Vertragliche Regelungen mit Outsourcing-Partnern;Welche Maßnahmen zur Sicherstellung der Kontinuität bei Ausfall von Grundversorgern sind im Business‑Continuity‑Management zu berücksichtigen?;2.0;2.0;Direkt relevante Vertiefung;2.0;2.0
Welche Risiken entstehen durch eine unzureichende Outsourcing-Strategie?;"Eine unzureichende Strategie für das Outsourcing führt dazu, dass die Informationssicherheit nicht angemessen berücksichtigt wird Quelle: 2.1. Unzureichende Strategie für das Outsourcing. Dies kann dazu führen, dass Prozesse beeinträchtigt oder ausfallen und Informationen an unbefugte Dritte abfließen Quelle: 2.1. Unzureichende Strategie für das Outsourcing.

Anschlussfragen:
1. Wie kann eine angemessene Strategie für das Outsourcing entwickelt werden, um die Informationssicherheit zu gewährleisten?
2. Welche Rolle spielen Anbieter von Outsourcing-Leistungen bei der Umsetzung von Informationssicherheitsmaßnahmen?
3. Wie können die Risiken, die durch unzureichende Outsourcing-Strategien entstehen, identifiziert und minimiert werden?";Eine unzureichende Strategie für das Outsourcing führt dazu, dass die Informationssicherheit nicht angemessen berücksichtigt wird Quelle: 2.1. Unzureichende Strategie für das Outsourcing. Dies kann dazu führen, dass Prozesse beeinträchtigt oder ausfallen und Informationen an unbefugte Dritte abfließen Quelle: 2.1. Unzureichende Strategie für das Outsourcing.;"2.1. Unzureichende Strategie für das Outsourcing
Eine unzureichende Strategie führt dazu, dass die Informationssicherheit in Outsourcing-Vorhaben nicht angemessen berücksichtigt wird. Hierdurch wird die Informationssicherheit nicht angemessen in den einzelnen Phasen des Outsourcing-Lebenszyklus beachtet und somit kein ausreichendes Niveau der Informationssicherheit in der eigenen Institution sowie bei Anbietenden von Outsourcing angestrebt und umgesetzt. Dadurch können Prozesse beeinträchtigt, ausfallen und Informationen an unbefugte Dritte abfließen.";"- Die Informationssicherheit wird in den Phasen des Outsourcing‑Lebenszyklus nicht berücksichtigt, wodurch Prozesse beeinträchtigt, ausfallen und Daten an unbefugte Dritte gelangen können Quelle: Unzureichende Strategie für das Outsourcing (S.1)  
- Institutionen verlieren die Kontrolle über institutionskritische Prozesse, was zu Steuerungsverlust und möglichem Geschäftsbetriebsstillstand führt Quelle: Gefahr des Outsourcings von institutionskritischen Prozessen (S.2)  
- Durch die Abhängigkeit von Anbietern geht Wissen verloren, die Überwachung wird erschwert und es besteht das Risiko von Preis‑ oder Qualitätsmanipulationen Quelle: Abhängigkeit von Anbietenden von Outsourcing (S.3)  
- Ein unzureichendes Sicherheitsniveau erzeugt Schwachstellen, die IT‑Angriffe, Datenverlust, rechtliche und finanzielle Folgen sowie Reputationsschäden nach sich ziehen Quelle: Unzureichendes Niveau der Informationssicherheit beim Outsourcing (S.4)  
- Fehlendes Auslagerungsmanagement reduziert Transparenz, verhindert wirksame Steuerung und Kontrolle der Anbieter Quelle: Mangelhaftes Auslagerungsmanagement (S.5)  
- Unklare vertragliche Regelungen führen zu Sicherheitslücken, Nichterfüllung regulatorischer Pflichten und möglichen Vertragsstrafen Quelle: Unzulängliche vertragliche Regelungen mit Anbietenden von Outsourcing (S.6)  
- Ungeeignete Vergabe und Verwaltung von Zugriffsrechten ermöglichen unautorisierten Zugriff und Manipulation sensibler Daten Quelle: Ungeeignete Verwaltung von Zutritts-, Zugangs- und Zugriffsrechten (S.7)  
- Weiterverlagerungen an Sub‑Dienstleister erhöhen die Komplexität, verringern Transparenz und können das vereinbarte Sicherheitsniveau unterminieren Quelle: Kontroll- und Steuerverlust durch Weiterverlagerungen (S.8)  
- Fehlende Steuerungsinstrumente (KPIs) verhindern die Überwachung der Anbieterleistung und das rechtzeitige Eingreifen bei Mängeln Quelle: Fehlende und unzulängliche Instrumente zur Steuerung von Anbietenden von Outsourcing (S.9)  
- Unzureichende Regelungen für das Vertragsende können zu nicht übergebenen Daten, fehlender Datenlöschung und daraus resultierenden Sicherheits‑ und Reputationsrisiken führen Quelle: Unzulängliche Regelungen für eine geplante und ungeplante Beendigung eines Outsourcing‑Verhältnisses (S.10)  
- Ein unzureichendes Notfallkonzept erhöht das Risiko von Ausfällen und Kaskadeneffekten, die den Geschäftsbetrieb stark beeinträchtigen Quelle: Unzureichendes Notfallkonzept (S.11)  

Anschlussfragen:
1. Welche konkreten Maßnahmen empfiehlt der Baustein OPS.2.3 zur Vermeidung dieser Risiken?  
2. Wie können KPIs zur Steuerung von Outsourcing‑Anbietern wirksam implementiert werden?  
3. Welche Rolle spielt die Vertragsgestaltung bei der Sicherstellung von Notfall‑ und Übergaberegelungen?";"- Die Informationssicherheit wird in den Phasen des Outsourcing‑Lebenszyklus nicht berücksichtigt, wodurch Prozesse beeinträchtigt, ausfallen und Daten an unbefugte Dritte gelangen können Quelle: Unzureichende Strategie für das Outsourcing (S.1)  
- Institutionen verlieren die Kontrolle über institutionskritische Prozesse, was zu Steuerungsverlust und möglichem Geschäftsbetriebsstillstand führt Quelle: Gefahr des Outsourcings von institutionskritischen Prozessen (S.2)  
- Durch die Abhängigkeit von Anbietern geht Wissen verloren, die Überwachung wird erschwert und es besteht das Risiko von Preis‑ oder Qualitätsmanipulationen Quelle: Abhängigkeit von Anbietenden von Outsourcing (S.3)  
- Ein unzureichendes Sicherheitsniveau erzeugt Schwachstellen, die IT‑Angriffe, Datenverlust, rechtliche und finanzielle Folgen sowie Reputationsschäden nach sich ziehen Quelle: Unzureichendes Niveau der Informationssicherheit beim Outsourcing (S.4)  
- Fehlendes Auslagerungsmanagement reduziert Transparenz, verhindert wirksame Steuerung und Kontrolle der Anbieter Quelle: Mangelhaftes Auslagerungsmanagement (S.5)  
- Unklare vertragliche Regelungen führen zu Sicherheitslücken, Nichterfüllung regulatorischer Pflichten und möglichen Vertragsstrafen Quelle: Unzulängliche vertragliche Regelungen mit Anbietenden von Outsourcing (S.6)  
- Ungeeignete Vergabe und Verwaltung von Zugriffsrechten ermöglichen unautorisierten Zugriff und Manipulation sensibler Daten Quelle: Ungeeignete Verwaltung von Zutritts-, Zugangs- und Zugriffsrechten (S.7)  
- Weiterverlagerungen an Sub‑Dienstleister erhöhen die Komplexität, verringern Transparenz und können das vereinbarte Sicherheitsniveau unterminieren Quelle: Kontroll- und Steuerverlust durch Weiterverlagerungen (S.8)  
- Fehlende Steuerungsinstrumente (KPIs) verhindern die Überwachung der Anbieterleistung und das rechtzeitige Eingreifen bei Mängeln Quelle: Fehlende und unzulängliche Instrumente zur Steuerung von Anbietenden von Outsourcing (S.9)  
- Unzureichende Regelungen für das Vertragsende können zu nicht übergebenen Daten, fehlender Datenlöschung und daraus resultierenden Sicherheits‑ und Reputationsrisiken führen Quelle: Unzulängliche Regelungen für eine geplante und ungeplante Beendigung eines Outsourcing‑Verhältnisses (S.10)  
- Ein unzureichendes Notfallkonzept erhöht das Risiko von Ausfällen und Kaskadeneffekten, die den Geschäftsbetrieb stark beeinträchtigen Quelle: Unzureichendes Notfallkonzept (S.11)";"1. Welche konkreten Maßnahmen empfiehlt der Baustein OPS.2.3 zur Vermeidung dieser Risiken?  
2. Wie können KPIs zur Steuerung von Outsourcing‑Anbietern wirksam implementiert werden?  
3. Welche Rolle spielt die Vertragsgestaltung bei der Sicherstellung von Notfall‑ und Übergaberegelungen?";3;3;0.8773809523663294;1.0;1.0;0.32769195664443396;Welche konkreten Maßnahmen empfiehlt der Baustein OPS.2.3 zur Vermeidung dieser Risiken?;2.0;2.0;Baustein OPS.2.3 direkt relevant;Wie können KPIs zur Steuerung von Outsourcing‑Anbietern wirksam implementiert werden?;2.0;2.0;Direkte Relevanz zu Outsourcing-Steuerung;Welche Rolle spielt die Vertragsgestaltung bei der Sicherstellung von Notfall‑ und Übergaberegelungen?;2.0;2.0;Vertragsgestaltung und Notfallregelungen;2.0;2.0
Warum ist Abhängigkeit von Outsourcing-Anbietenden kritisch?;"Die Abhängigkeit von Anbietenden von Outsourcing ist kritisch, da sie zu einem Verlust von Wissen und Kontrolle über die ausgelagerten Prozesse führen kann. Wenn eine Institution sich für Outsourcing entscheidet, macht sie sich von Anbietenden abhängig, was dazu führen kann, dass die ausgelagerten Prozesse nicht mehr vollständig kontrolliert werden können. Außerdem kann der Schutzbedarf der ausgelagerten Geschäftsprozesse und Informationen unterschiedlich eingeschätzt werden, was zu ungeeigneten Sicherheitsmaßnahmen führen kann. Quelle: OPS.2.3 Nutzung von Outsourcing (2.3).

Anschlussfragen:
1. Wie kann die Abhängigkeit von Anbietenden von Outsourcing minimiert werden?
2. Welche Rolle spielt die Risikoanalyse bei der Nutzung von Outsourcing?
3. Wie unterscheidet sich die Behandlung von Sicherheitsdiensten und Reinigungskräften von der Behandlung von Outsourcing-Anbietenden?";Die Abhängigkeit von Anbietenden von Outsourcing ist kritisch, da sie zu einem Verlust von Wissen und Kontrolle über die ausgelagerten Prozesse führen kann. Wenn eine Institution sich für Outsourcing entscheidet, macht sie sich von Anbietenden abhängig, was dazu führen kann, dass die ausgelagerten Prozesse nicht mehr vollständig kontrolliert werden können. Außerdem kann der Schutzbedarf der ausgelagerten Geschäftsprozesse und Informationen unterschiedlich eingeschätzt werden, was zu ungeeigneten Sicherheitsmaßnahmen führen kann. Quelle: OPS.2.3 Nutzung von Outsourcing (2.3).;"OPS.2.3 Nutzung von Outsourcing
2.3. Abhängigkeit von Anbietenden von Outsourcing
Entscheidet sich eine Institution für Outsourcing, macht sie sich damit auch von Anbietenden von Outsourcing abhängig. Mit dieser Abhängigkeit kann Wissen verloren gehen und die ausgelagerten Prozesse können nicht mehr vollständig kontrolliert werden. Außerdem könnte der Schutzbedarf der ausgelagerten Geschäftsprozesse und Informationen unterschiedlich eingeschätzt werden. Dies kann dazu führen, dass für den Schutzbedarf entsprechend ungeeignete Sicherheitsmaßnahmen umgesetzt werden. Häufig lagern Institutionen gesamte Geschäftsprozesse an Anbietende von Outsourcing aus. Die Anbietenden von Outsourcing können dadurch die Geschäftsprozesse mit schutzbedürftigen Informationen, Ressourcen und IT-Systemen vollständig kontrollieren. Gleichzeitig nimmt das Wissen über diese Bereiche bei Nutzenden von Outsourcing ab. Als Folge ist es möglich, dass die Nutzenden von Outsourcing Defizite der Informationssicherheit nicht mehr bemerken. Diese Situation könnte von Anbietenden von Outsourcing ausgenutzt werden, z. B. indem sie drastisch die Preise erhöhen oder die Qualität der Dienstleistungen abnimmt.";"Die Abhängigkeit von Outsourcing‑Anbietenden ist kritisch, weil sie mehrere zentrale Gefährdungen erzeugt:  

- Die auslagernde Institution verliert die direkte Kontrolle über ausgelagerte Prozesse und das damit verbundene Wissen, sodass Schwachstellen in der Informationssicherheit nicht mehr unmittelbar erkannt werden können Quelle: Abhängigkeit von Anbietenden von Outsourcing (S. –)  
- Unterschiedliche Einschätzungen des Schutzbedarfs können zu ungeeigneten Sicherheitsmaßnahmen führen; die Anbietenden können das Niveau der Informationssicherheit einseitig bestimmen und damit das Risiko von Datenverlust, unbefugtem Zugriff oder Angriffen erhöhen Quelle: Abhängigkeit von Anbietenden von Outsourcing (S. –)  
- Durch die Konzentration von kritischen Prozessen beim Anbieter entsteht ein hoher Einfluss auf die auslagernde Institution, was zu Preis‑ oder Qualitätsdruck führen kann und im Extremfall zu einer Ausnutzung der Abhängigkeitsposition durch den Anbieter führt Quelle: Abhängigkeit von Anbietenden von Outsourcing (S. –)  
- Im Falle von Störungen, Notfällen oder dem Ausfall des Anbieters fehlt der Institution ein wirksames Notfallmanagement, weil sie nur begrenzte Einflussmöglichkeiten hat; Kaskadeneffekte können den gesamten Geschäftsbetrieb gefährden Quelle: Unzureichendes Notfallmanagement der Anbietenden von Outsourcing (S. –)  

Damit stellt die Abhängigkeit ein erhebliches Risiko für Vertraulichkeit, Integrität und Verfügbarkeit der Informationen dar.

Anschlussfragen:
1. Welche vertraglichen Regelungen sollten die Abhängigkeit von Outsourcing‑Anbietern mindern?
2. Wie kann ein effektives Notfallmanagement für ausgelagerte Prozesse gestaltet werden?
3. Welche Kontroll‑ und Steuerungsinstrumente eignen sich, um Sub‑Dienstleister zu überwachen?";"Die Abhängigkeit von Outsourcing‑Anbietenden ist kritisch, weil sie mehrere zentrale Gefährdungen erzeugt:  

- Die auslagernde Institution verliert die direkte Kontrolle über ausgelagerte Prozesse und das damit verbundene Wissen, sodass Schwachstellen in der Informationssicherheit nicht mehr unmittelbar erkannt werden können Quelle: Abhängigkeit von Anbietenden von Outsourcing (S. –)  
- Unterschiedliche Einschätzungen des Schutzbedarfs können zu ungeeigneten Sicherheitsmaßnahmen führen; die Anbietenden können das Niveau der Informationssicherheit einseitig bestimmen und damit das Risiko von Datenverlust, unbefugtem Zugriff oder Angriffen erhöhen Quelle: Abhängigkeit von Anbietenden von Outsourcing (S. –)  
- Durch die Konzentration von kritischen Prozessen beim Anbieter entsteht ein hoher Einfluss auf die auslagernde Institution, was zu Preis‑ oder Qualitätsdruck führen kann und im Extremfall zu einer Ausnutzung der Abhängigkeitsposition durch den Anbieter führt Quelle: Abhängigkeit von Anbietenden von Outsourcing (S. –)  
- Im Falle von Störungen, Notfällen oder dem Ausfall des Anbieters fehlt der Institution ein wirksames Notfallmanagement, weil sie nur begrenzte Einflussmöglichkeiten hat; Kaskadeneffekte können den gesamten Geschäftsbetrieb gefährden Quelle: Unzureichendes Notfallmanagement der Anbietenden von Outsourcing (S. –)  

Damit stellt die Abhängigkeit ein erhebliches Risiko für Vertraulichkeit, Integrität und Verfügbarkeit der Informationen dar.";"1. Welche vertraglichen Regelungen sollten die Abhängigkeit von Outsourcing‑Anbietern mindern?
2. Wie kann ein effektives Notfallmanagement für ausgelagerte Prozesse gestaltet werden?
3. Welche Kontroll‑ und Steuerungsinstrumente eignen sich, um Sub‑Dienstleister zu überwachen?";3;3;0.9666666666473333;1.0;0.75;0.5344922414868731;Welche vertraglichen Regelungen sollten die Abhängigkeit von Outsourcing‑Anbietern mindern?;2.0;2.0;Direkte Vertragsregelungen;Wie kann ein effektives Notfallmanagement für ausgelagerte Prozesse gestaltet werden?;2.0;2.0;Direkte Relevanz zu Notfallmanagement;Welche Kontroll‑ und Steuerungsinstrumente eignen sich, um Sub‑Dienstleister zu überwachen?;1.0;2.0;Teilweise abgedeckt durch IT-Grundschutz;1.667;2.0
Welche Risiken entstehen durch unzulängliche vertragliche Regelungen beim Outsourcing?;"Unzulängliche vertragliche Regelungen mit Anbietenden von Outsourcing können zu Schwachstellen in der Informationssicherheit führen Quelle: 2.6. Unzulängliche vertragliche Regelungen mit Anbietenden von Outsourcing. Diese Schwachstellen können vielfältige und schwerwiegende Sicherheitsprobleme verursachen, wie zum Beispiel das Nichtumsetzen von Sicherheitsmaßnahmen aufgrund ungenügender oder missverständlicher Beschreibung von Aufgaben, Leistungsparametern oder Aufwänden Quelle: 2.6. Unzulängliche vertragliche Regelungen mit Anbietenden von Outsourcing. Dies kann zu negativen Auswirkungen führen, wie dem Nichteinhalten von regulatorischen Anforderungen und Pflichten oder dem Missachten von Auskunftspflichten und Gesetzen Quelle: 2.6. Unzulängliche vertragliche Regelungen mit Anbietenden von Outsourcing.

Anschlussfragen:
1. Wie können unzulängliche vertragliche Regelungen den gesamten Outsourcing-Lebenszyklus beeinflussen?
2. Welche Rolle spielen Aufgaben, Leistungsparameter und Aufwände bei der Verhinderung von Sicherheitsproblemen im Outsourcing?
3. Wie kann die Berücksichtigung des Aspekts der Informationssicherheit bei der Vertragsgestaltung dazu beitragen, Prozesse und Daten der Nutzenden von Outsourcing abzusichern?";Unzulängliche vertragliche Regelungen mit Anbietenden von Outsourcing können zu Schwachstellen in der Informationssicherheit führen Quelle: 2.6. Unzulängliche vertragliche Regelungen mit Anbietenden von Outsourcing. Diese Schwachstellen können vielfältige und schwerwiegende Sicherheitsprobleme verursachen, wie zum Beispiel das Nichtumsetzen von Sicherheitsmaßnahmen aufgrund ungenügender oder missverständlicher Beschreibung von Aufgaben, Leistungsparametern oder Aufwänden Quelle: 2.6. Unzulängliche vertragliche Regelungen mit Anbietenden von Outsourcing. Dies kann zu negativen Auswirkungen führen, wie dem Nichteinhalten von regulatorischen Anforderungen und Pflichten oder dem Missachten von Auskunftspflichten und Gesetzen Quelle: 2.6. Unzulängliche vertragliche Regelungen mit Anbietenden von Outsourcing.;"2.6. Unzulängliche vertragliche Regelungen mit Anbietenden von Outsourcing
Unzulängliche vertragliche Regelungen mit den Anbietenden von Outsourcing können zu Schwachstellen in der Informationssicherheit entlang des gesamten Outsourcing-Lebenszyklus führen. Die vertraglichen Regelungen definieren den gesamten Outsourcing-Prozess und stellen den Ausgangspunkt für Ansprüche der Nutzenden gegenüber den Anbietenden von Outsourcing dar. Aufgrund von unzulänglichen vertraglichen Regelungen mit den Anbietenden von Outsourcing können vielfältige und auch schwerwiegende Sicherheitsprobleme auftreten. Wenn Aufgaben, Leistungsparameter oder Aufwände ungenügend oder missverständlich beschrieben wurden, können möglicherweise aus Unkenntnis oder wegen fehlender Ressourcen Sicherheitsmaßnahmen nicht umgesetzt werden. Dies kann viele negative Auswirkungen nach sich ziehen, etwa, wenn regulatorische Anforderungen und Pflichten nicht erfüllt oder Auskunftspflichten und Gesetze nicht eingehalten werden. Wird bei der Vertragsgestaltung der Aspekt der  Informationssicherheit nicht berücksichtigt, so können Prozesse und Daten der Nutzenden von Outsourcing unzureichend abgesichert werden.";"Unzulängliche vertragliche Regelungen mit Anbietenden von Outsourcing können zu folgenden Risiken führen:  

- Sicherheitslücken entlang des gesamten Outsourcing‑Lebenszyklus, weil Aufgaben, Leistungsparameter oder Aufwände missverständlich oder unvollständig beschrieben sind Quelle: Unzulängliche vertragliche Regelungen mit Anbietenden von Outsourcing (S.1)  
- Fehlende Umsetzung von Sicherheitsmaßnahmen, wenn regulatorische Anforderungen, Auskunftspflichten oder gesetzliche Pflichten nicht im Vertrag verankert sind Quelle: Unzulängliche vertragliche Regelungen mit Anbietenden von Outsourcing (S.1)  
- Unzureichender Schutz von Prozessen und Daten der Nutzenden, weil der Aspekt Informationssicherheit nicht berücksichtigt wird Quelle: Unzulängliche vertragliche Regelungen mit Anbietenden von Outsourcing (S.1)  
- Finanzielle und rechtliche Konsequenzen sowie Reputationsverlust, wenn gesetzliche Vorgaben verletzt oder Daten unbefugt an Dritte gelangen Quelle: Unzulängliche vertragliche Regelungen mit Anbietenden von Outsourcing (S.1)  
- Verlust von Kontroll- und Steuerungsfähigkeiten, weil der Vertrag keine klaren Verantwortlichkeiten, KPIs oder Kündigungsoptionen definiert Quelle: Unzulängliche vertragliche Regelungen mit Anbietenden von Outsourcing (S.1)  

Anschlussfragen:  
1. Welche konkreten Vertragsinhalte sollten laut OPS.3.2 festgelegt werden, um diese Risiken zu minimieren?  
2. Wie können regelmäßige Überprüfungen der vertraglichen Sicherheitsanforderungen umgesetzt werden?  
3. Welche Maßnahmen sind bei einer unzureichenden Kündigungsregelung zu ergreifen?";"Unzulängliche vertragliche Regelungen mit Anbietenden von Outsourcing können zu folgenden Risiken führen:  

- Sicherheitslücken entlang des gesamten Outsourcing‑Lebenszyklus, weil Aufgaben, Leistungsparameter oder Aufwände missverständlich oder unvollständig beschrieben sind Quelle: Unzulängliche vertragliche Regelungen mit Anbietenden von Outsourcing (S.1)  
- Fehlende Umsetzung von Sicherheitsmaßnahmen, wenn regulatorische Anforderungen, Auskunftspflichten oder gesetzliche Pflichten nicht im Vertrag verankert sind Quelle: Unzulängliche vertragliche Regelungen mit Anbietenden von Outsourcing (S.1)  
- Unzureichender Schutz von Prozessen und Daten der Nutzenden, weil der Aspekt Informationssicherheit nicht berücksichtigt wird Quelle: Unzulängliche vertragliche Regelungen mit Anbietenden von Outsourcing (S.1)  
- Finanzielle und rechtliche Konsequenzen sowie Reputationsverlust, wenn gesetzliche Vorgaben verletzt oder Daten unbefugt an Dritte gelangen Quelle: Unzulängliche vertragliche Regelungen mit Anbietenden von Outsourcing (S.1)  
- Verlust von Kontroll- und Steuerungsfähigkeiten, weil der Vertrag keine klaren Verantwortlichkeiten, KPIs oder Kündigungsoptionen definiert Quelle: Unzulängliche vertragliche Regelungen mit Anbietenden von Outsourcing (S.1)";"1. Welche konkreten Vertragsinhalte sollten laut OPS.3.2 festgelegt werden, um diese Risiken zu minimieren?  
2. Wie können regelmäßige Überprüfungen der vertraglichen Sicherheitsanforderungen umgesetzt werden?  
3. Welche Maßnahmen sind bei einer unzureichenden Kündigungsregelung zu ergreifen?";3;3;0.8303571428363838;1.0;1.0;0.773973341037334;Welche konkreten Vertragsinhalte sollten laut OPS.3.2 festgelegt werden, um diese Risiken zu minimieren?;2.0;2.0;OPS.3.2 direkt erwähnt;Wie können regelmäßige Überprüfungen der vertraglichen Sicherheitsanforderungen umgesetzt werden?;2.0;2.0;Direkte Umsetzung von Überprüfungen;Welche Maßnahmen sind bei einer unzureichenden Kündigungsregelung zu ergreifen?;1.0;2.0;Teilweise abgedeckt durch Organisation;1.667;2.0
Welche Risiken bestehen für die Reputation einer Organisation durch einen erfolgreichen Webserver-Angriff?;"Ein erfolgreicher Webserver-Angriff kann zu einem Reputationsverlust für die Organisation führen, da ein Angreifer mit administrativen Rechten auf den Webserver zugreifen und manipulierte Webseiten ausliefern kann (Defacement) Quelle: APP.3.2 Webserver (2.1). Dies kann die Reputation der Institution schädigen. Darüber hinaus kann die Veröffentlichung falscher Informationen oder die Verletzung gesetzlicher Vorschriften zu Abmahnungen führen und die Reputation weiter schädigen Quelle: APP.3.2 Webserver (2.1). Auch die Nichtverfügbarkeit der Webseite kann zu einem Reputationsverlust führen, wenn potenzielle Kunden zu Mitbewerbern wechseln Quelle: APP.3.2 Webserver (2.1).

Anschlussfragen:
1. Wie können Webserver vor Angriffen geschützt werden, um einen Reputationsverlust zu vermeiden?
2. Welche Rolle spielen Firewalls und Netzarchitektur bei der Absicherung von Webservern?
3. Wie können kryptografische Schlüssel sicher verwaltet werden, um die Verbindungen zu Webservern zu verschlüsseln?";Ein erfolgreicher Webserver-Angriff kann zu einem Reputationsverlust für die Organisation führen, da ein Angreifer mit administrativen Rechten auf den Webserver zugreifen und manipulierte Webseiten ausliefern kann (Defacement) Quelle: APP.3.2 Webserver (2.1). Dies kann die Reputation der Institution schädigen. Darüber hinaus kann die Veröffentlichung falscher Informationen oder die Verletzung gesetzlicher Vorschriften zu Abmahnungen führen und die Reputation weiter schädigen Quelle: APP.3.2 Webserver (2.1). Auch die Nichtverfügbarkeit der Webseite kann zu einem Reputationsverlust führen, wenn potenzielle Kunden zu Mitbewerbern wechseln Quelle: APP.3.2 Webserver (2.1).;"APP.3.2 Webserver 2.1. Reputationsverlust
Gelingt es bei einem Angriff mit administrativen Rechten auf einen Webserver zuzugreifen, kann darüber eine manipulierte Webseite ausgeliefert werden (Defacement). So kann die Reputation der Institution geschädigt werden. Ebenso kann die Veröffentlichung falscher Informationen, wie zum Beispiel fehlerhafter Produktbeschreibungen, dazu führen, dass die Reputation der Institution in der Öffentlichkeit leidet. Auch kann die Institution abgemahnt werden, wenn auf ihrer Webseite Inhalte veröffentlicht werden, die gegen gesetzliche Vorschriften verstoßen. Ein Schaden kann auch entstehen, wenn die Webseite nicht verfügbar ist und potenzielle Kunden und Kundinnen deshalb zu Mitbewerbern wechseln.";"Ein erfolgreicher Angriff auf einen Webserver kann die Reputation einer Organisation auf mehrere Arten gefährden:  

- Durch administrative Rechte kann ein Angreifer die Webseite manipulieren (Defacement) und damit das öffentliche Bild der Institution beschädigen Quelle: Reputationsverlust (S.1-2).  
- Die Veröffentlichung falscher oder gesetzeswidriger Inhalte (z. B. unzulässige Produktbeschreibungen) kann zu Abmahnungen führen und das Vertrauen der Öffentlichkeit weiter untergraben Quelle: Reputationsverlust (S.3-4).  
- Ein kompletter oder teilweiser Ausfall der Webseite verwehrt potenziellen Kund*innen den Zugriff, sodass sie zu Wettbewerbern wechseln und die Marke an Glaubwürdigkeit verliert Quelle: Reputationsverlust (S.5-6).  

Anschlussfragen:  
1. Welche konkreten Maßnahmen aus dem Baustein „Webserver“ reduzieren das Risiko von Defacement?  
2. Wie lässt sich das Risiko von Rechtsverstößen durch manipulierte Webinhalte mitigieren?  
3. Welche Rolle spielt die Verfügbarkeit des Webangebots für die Kundenbindung?";"Ein erfolgreicher Angriff auf einen Webserver kann die Reputation einer Organisation auf mehrere Arten gefährden:  

- Durch administrative Rechte kann ein Angreifer die Webseite manipulieren (Defacement) und damit das öffentliche Bild der Institution beschädigen Quelle: Reputationsverlust (S.1-2).  
- Die Veröffentlichung falscher oder gesetzeswidriger Inhalte (z. B. unzulässige Produktbeschreibungen) kann zu Abmahnungen führen und das Vertrauen der Öffentlichkeit weiter untergraben Quelle: Reputationsverlust (S.3-4).  
- Ein kompletter oder teilweiser Ausfall der Webseite verwehrt potenziellen Kund*innen den Zugriff, sodass sie zu Wettbewerbern wechseln und die Marke an Glaubwürdigkeit verliert Quelle: Reputationsverlust (S.5-6).";"1. Welche konkreten Maßnahmen aus dem Baustein „Webserver“ reduzieren das Risiko von Defacement?  
2. Wie lässt sich das Risiko von Rechtsverstößen durch manipulierte Webinhalte mitigieren?  
3. Welche Rolle spielt die Verfügbarkeit des Webangebots für die Kundenbindung?";3;3;0.699999999965;0.8333333333333334;1.0;0.9811235887068703;Welche konkreten Maßnahmen aus dem Baustein „Webserver“ reduzieren das Risiko von Defacement?;2.0;2.0;Direkte Maßnahmen im Baustein Webserver;Wie lässt sich das Risiko von Rechtsverstößen durch manipulierte Webinhalte mitigieren?;2.0;2.0;Direkte Mitigation von Rechtsverstößen;Welche Rolle spielt die Verfügbarkeit des Webangebots für die Kundenbindung?;2.0;2.0;Verfügbarkeit und Kundenbindung;2.0;2.0
Wie kann ein Angriff auf einen Webserver zur Manipulation von Inhalten führen?;"Ein Angriff auf einen Webserver kann zur Manipulation von Inhalten führen, indem unberechtigte Personen Zugriff auf den Server erhalten und dessen Dateien manipulieren. Dies kann beispielsweise durch Änderung der Konfiguration der Webserver-Software, Verbreitung von Schadsoftware oder Modifizierung von Webinhalten geschehen Quelle: 2.2. Manipulation des Webservers.

Anschlussfragen:
1. Welche Arten von Schadsoftware können durch einen manipulierten Webserver verbreitet werden?
2. Wie können Webinhalte modifiziert werden, um Benutzer zu täuschen oder zu schädigen?
3. Welche Sicherheitsmaßnahmen können ergriffen werden, um einen Angriff auf einen Webserver und die daraus resultierende Manipulation von Inhalten zu verhindern?";Ein Angriff auf einen Webserver kann zur Manipulation von Inhalten führen, indem unberechtigte Personen Zugriff auf den Server erhalten und dessen Dateien manipulieren. Dies kann beispielsweise durch Änderung der Konfiguration der Webserver-Software, Verbreitung von Schadsoftware oder Modifizierung von Webinhalten geschehen Quelle: 2.2. Manipulation des Webservers.;"2.2. Manipulation des Webservers
Bei einem Angriff könnten sich unberechtigte Personen Zugriff auf einen Webserver verschaffen und dessen Dateien manipulieren. Es könnte beispielsweise die Konfiguration der Webserver-Software geändert werden, Schadsoftware verbreitet oder Webinhalte modifiziert werden.";"Ein Angreifer, der administrative Rechte auf einen Webserver erlangt, kann die dort gespeicherten Dateien und die Konfiguration der Web‑Server‑Software verändern. Durch das Überschreiben von HTML‑ oder Skriptdateien lässt sich eine manipulierte Webseite ausliefern (Defacement) und damit die Reputation der Institution schädigen Quelle: Manipulation des Webservers (S.1).  

Gleichzeitig können falsche Produktbeschreibungen oder rechtswidrige Inhalte veröffentlicht werden, was zu gesetzlichen Abmahnungen führen kann Quelle: Reputationsverlust (S.2).  

Durch das Ändern der Server‑Konfiguration lassen sich Schadsoftware verbreiten oder Sicherheitsmechanismen deaktivieren, sodass weitere Angriffe (z. B. Drive‑by‑Downloads) ermöglicht werden Quelle: Manipulation des Webservers (S.3).  

Ein erfolgreicher Eingriff kann zudem die Verfügbarkeit beeinträchtigen, weil manipulierte Konfigurationen DoS‑Effekte auslösen oder den Server komplett lahmlegen, was Kunden zu Wettbewerbern abwandern lässt Quelle: Denial of Service (DoS) (S.4).  

Somit führt ein Web‑Server‑Angriff über unberechtigte Datei‑ und Konfigurationsänderungen zur inhaltlichen Manipulation, zu Reputations‑ und Rechtsverlusten sowie zu Verfügbarkeitsproblemen.  

Anschlussfragen:
1. Welche konkreten BSI‑Bausteine beschreiben Schutzmaßnahmen für Webserver?
2. Wie lässt sich die Integrität von Web‑Inhalten technisch prüfen?
3. Welche Rolle spielt das Patch‑Management bei der Verhinderung von Web‑Server‑Angriffen?";"Ein Angreifer, der administrative Rechte auf einen Webserver erlangt, kann die dort gespeicherten Dateien und die Konfiguration der Web‑Server‑Software verändern. Durch das Überschreiben von HTML‑ oder Skriptdateien lässt sich eine manipulierte Webseite ausliefern (Defacement) und damit die Reputation der Institution schädigen Quelle: Manipulation des Webservers (S.1).  

Gleichzeitig können falsche Produktbeschreibungen oder rechtswidrige Inhalte veröffentlicht werden, was zu gesetzlichen Abmahnungen führen kann Quelle: Reputationsverlust (S.2).  

Durch das Ändern der Server‑Konfiguration lassen sich Schadsoftware verbreiten oder Sicherheitsmechanismen deaktivieren, sodass weitere Angriffe (z. B. Drive‑by‑Downloads) ermöglicht werden Quelle: Manipulation des Webservers (S.3).  

Ein erfolgreicher Eingriff kann zudem die Verfügbarkeit beeinträchtigen, weil manipulierte Konfigurationen DoS‑Effekte auslösen oder den Server komplett lahmlegen, was Kunden zu Wettbewerbern abwandern lässt Quelle: Denial of Service (DoS) (S.4).  

Somit führt ein Web‑Server‑Angriff über unberechtigte Datei‑ und Konfigurationsänderungen zur inhaltlichen Manipulation, zu Reputations‑ und Rechtsverlusten sowie zu Verfügbarkeitsproblemen.";"1. Welche konkreten BSI‑Bausteine beschreiben Schutzmaßnahmen für Webserver?
2. Wie lässt sich die Integrität von Web‑Inhalten technisch prüfen?
3. Welche Rolle spielt das Patch‑Management bei der Verhinderung von Web‑Server‑Angriffen?";3;3;0.6999999999766667;1.0;0.7619047619047619;0.5652817947594244;Welche konkreten BSI‑Bausteine beschreiben Schutzmaßnahmen für Webserver?;2.0;2.0;BSI-Bausteine für Webserver;Wie lässt sich die Integrität von Web‑Inhalten technisch prüfen?;2.0;2.0;Integritätsprüfungen;Welche Rolle spielt das Patch‑Management bei der Verhinderung von Web‑Server‑Angriffen?;2.0;2.0;Direkte Verbindung zu Patch-Management;2.0;2.0
Welche Auswirkungen haben Denial-of-Service (DoS)-Angriffe auf einen Webserver?;"Denial-of-Service (DoS)-Angriffe auf einen Webserver können die Verfügbarkeit eines Webangebotes gezielt beeinträchtigen, indem beispielsweise einzelne Accounts durch fehlerhafte Anmeldungen gesperrt werden Quelle: APP.3.2 Webserver 2.3. Denial of Service (DoS). Durch DDoS (Distributed Denial of Service)-Angriffe kann ein Webserver teilweise oder auch ganz ausfallen, wodurch das Webangebot für Clients nur noch sehr langsam oder gar nicht mehr verfügbar ist Quelle: APP.3.2 Webserver 2.3. Denial of Service (DoS). Für viele Institutionen kann ein solcher Ausfall schnell geschäftskritisch werden, z. B. für Online-Shops.

Anschlussfragen:
1. Wie können Webserver vor DDoS-Angriffen geschützt werden?
2. Welche Auswirkungen haben DoS-Angriffe auf die Verfügbarkeit von Webinhalten?
3. Wie können Institutionen die Auswirkungen von DoS-Angriffen auf ihre Webserver minimieren?";Denial-of-Service (DoS)-Angriffe auf einen Webserver können die Verfügbarkeit eines Webangebotes gezielt beeinträchtigen, indem beispielsweise einzelne Accounts durch fehlerhafte Anmeldungen gesperrt werden Quelle: APP.3.2 Webserver 2.3. Denial of Service (DoS). Durch DDoS (Distributed Denial of Service)-Angriffe kann ein Webserver teilweise oder auch ganz ausfallen, wodurch das Webangebot für Clients nur noch sehr langsam oder gar nicht mehr verfügbar ist Quelle: APP.3.2 Webserver 2.3. Denial of Service (DoS). Für viele Institutionen kann ein solcher Ausfall schnell geschäftskritisch werden, z. B. für Online-Shops.;"APP.3.2 Webserver 2.3. Denial of Service (DoS)
Durch DoS-Angriffe lässt sich die Verfügbarkeit eines Webangebotes gezielt beeinträchtigen, indem beispielsweise einzelne Accounts durch fehlerhafte Anmeldungen gesperrt werden. Durch DDoS (Distributed Denial of Service)-Angriffe kann ein Webserver teilweise oder auch ganz ausfallen. Für Clients ist das Webangebot dann nur noch sehr langsam oder gar nicht mehr verfügbar. Für viele Institutionen kann ein solcher Ausfall schnell geschäftskritisch werden, z. B. für Online-Shops.";"- **Verfügbarkeit** – Durch DoS‑ bzw. DDoS‑Angriffe wird die Netz‑ bzw. Serverkapazität überlastet, sodass das Webangebot nur noch sehr langsam oder gar nicht mehr erreichbar ist; für Online‑Shops kann ein solcher Ausfall schnell geschäftskritisch werden Quelle: Denial of Service (DoS) (S.1-2)  
- **Reputationsverlust** – Ein nicht verfügbarer Webauftritt oder manipulierte Inhalte führen dazu, dass Kunden zur Konkurrenz abwandern und das öffentliche Ansehen der Institution beschädigt wird Quelle: Reputationsverlust (S.3)  
- **Wirtschaftlicher Schaden** – Unterbrochene Geschäftsprozesse, entgangene Aufträge und mögliche Abmahnungen wegen rechtswidriger Inhalte können erhebliche finanzielle Folgen nach sich ziehen Quelle: Manipulation des Webservers (S.4)  

Anschlussfragen:
1. Welche konkreten Maßnahmen aus dem IT‑Grundschutz‑Kompendium helfen, die Verfügbarkeit von Webservern gegenüber DoS‑Angriffen zu erhöhen?
2. Wie lässt sich das Risiko von Reputationsverlust durch DoS‑Angriffe systematisch bewerten und dokumentieren?
3. Welche Rolle spielen Netzwerk‑Komponenten (z. B. Firewall, DNS) bei der Abwehr von DoS‑Angriffen auf Webserver?";"- **Verfügbarkeit** – Durch DoS‑ bzw. DDoS‑Angriffe wird die Netz‑ bzw. Serverkapazität überlastet, sodass das Webangebot nur noch sehr langsam oder gar nicht mehr erreichbar ist; für Online‑Shops kann ein solcher Ausfall schnell geschäftskritisch werden Quelle: Denial of Service (DoS) (S.1-2)  
- **Reputationsverlust** – Ein nicht verfügbarer Webauftritt oder manipulierte Inhalte führen dazu, dass Kunden zur Konkurrenz abwandern und das öffentliche Ansehen der Institution beschädigt wird Quelle: Reputationsverlust (S.3)  
- **Wirtschaftlicher Schaden** – Unterbrochene Geschäftsprozesse, entgangene Aufträge und mögliche Abmahnungen wegen rechtswidriger Inhalte können erhebliche finanzielle Folgen nach sich ziehen Quelle: Manipulation des Webservers (S.4)";"1. Welche konkreten Maßnahmen aus dem IT‑Grundschutz‑Kompendium helfen, die Verfügbarkeit von Webservern gegenüber DoS‑Angriffen zu erhöhen?
2. Wie lässt sich das Risiko von Reputationsverlust durch DoS‑Angriffe systematisch bewerten und dokumentieren?
3. Welche Rolle spielen Netzwerk‑Komponenten (z. B. Firewall, DNS) bei der Abwehr von DoS‑Angriffen auf Webserver?";3;3;0.8541666666453125;0.8;1.0;0.44312548294113097;Welche konkreten Maßnahmen aus dem IT‑Grundschutz‑Kompendium helfen, die Verfügbarkeit von Webservern gegenüber DoS‑Angriffen zu erhöhen?;2.0;2.0;Direkte Maßnahmen im IT-Grundschutz;Wie lässt sich das Risiko von Reputationsverlust durch DoS‑Angriffe systematisch bewerten und dokumentieren?;1.0;2.0;Teilweise abgedeckt;Welche Rolle spielen Netzwerk‑Komponenten (z. B. Firewall, DNS) bei der Abwehr von DoS‑Angriffen auf Webserver?;2.0;2.0;Direkte Abdeckung durch IT-Grundschutz;1.667;2.0
Wer trägt die Gesamtverantwortung für Informationssicherheit in der Organisastion?;"Die Institutionsleitung trägt die Gesamtverantwortung für Informationssicherheit in der Organisation. 
Die Institutionsleitung MUSS die Gesamtverantwortung für Informationssicherheit in der Institution übernehmen Quelle: ISMS.1.A1. 
Dies umfasst die Initiierung, Steuerung und Kontrolle des Sicherheitsprozesses sowie die Festlegung von Zuständigkeiten für Informationssicherheit Quelle: ISMS.1.A1.

Anschlussfragen:
1. Wie sollten die zuständigen Mitarbeitenden mit den erforderlichen Kompetenzen und Ressourcen ausgestattet werden, um die Informationssicherheit zu gewährleisten?
2. Welche Rolle spielen regelmäßige Sicherheitsrevisionen und Audits bei der Aufrechterhaltung der Informationssicherheit in der Institution?
3. Wie können alle Mitarbeitenden und relevante Externe systematisch und zielgruppengerecht zu Sicherheitsrisiken sensibilisiert und zu Fragen der Informationssicherheit geschult werden?";"Die Institutionsleitung trägt die Gesamtverantwortung für Informationssicherheit in der Organisation. 
Die Institutionsleitung MUSS die Gesamtverantwortung für Informationssicherheit in der Institution übernehmen Quelle: ISMS.1.A1. 
Dies umfasst die Initiierung, Steuerung und Kontrolle des Sicherheitsprozesses sowie die Festlegung von Zuständigkeiten für Informationssicherheit Quelle: ISMS.1.A1.";"ISMS.1.A1 Übernahme der Gesamtverantwortung für Informationssicherheit  durch die Leitung (B) [Institutionsleitung]  
Die Institutionsleitung MUSS die Gesamtverantwortung für Informationssicherheit in der Institution  übernehmen. Dies MUSS für alle Beteiligten deutlich erkennbar sein. Die Institutionsleitung MUSS den Sicherheitsprozess initiieren, steuern und kontrollieren. Die Institutionsleitung MUSS Informationssicherheit vorleben. Die Institutionsleitung MUSS die Zuständigkeiten für Informationssicherheit festlegen. Die zuständigen Mitarbeitenden MÜSSEN mit den erforderlichen Kompetenzen und Ressourcen ausgestattet werden. Die Institutionsleitung MUSS sich regelmäßig über den Status der Informationssicherheit informieren lassen. Insbesondere MUSS sich die Institutionsleitung über mögliche Risiken und Konsequenzen aufgrund fehlender Sicherheitsmaßnahmen informieren lassen. ";"Die Gesamtverantwortung für die Informationssicherheit liegt bei der Leitungsebene der Organisation, also bei der obersten Management‑ bzw. Institutionsleitung Quelle: Gesamtverantwortung für Informationssicherheit (S.1-2). Im IT‑Grundschutz ist dies in ORP.1.A1 Festlegung von Verantwortlichkeiten und Regelungen (B) festgeschrieben, wobei die Institutionsleitung die Verantwortung trägt Quelle: ORP.1.A1 (S.45)

Anschlussfragen:
1. Wie wird die Rolle des Informationssicherheitsbeauftragten im IT‑Grundschutz konkret definiert?
2. Welche weiteren Bausteine unterstützen die Umsetzung der Gesamtverantwortung?
3. Wie kann die Leitungsebene die notwendigen Ressourcen für das Informationssicherheitsmanagement bereitstellen?";Die Gesamtverantwortung für die Informationssicherheit liegt bei der Leitungsebene der Organisation, also bei der obersten Management‑ bzw. Institutionsleitung Quelle: Gesamtverantwortung für Informationssicherheit (S.1-2). Im IT‑Grundschutz ist dies in ORP.1.A1 Festlegung von Verantwortlichkeiten und Regelungen (B) festgeschrieben, wobei die Institutionsleitung die Verantwortung trägt Quelle: ORP.1.A1 (S.45);"1. Wie wird die Rolle des Informationssicherheitsbeauftragten im IT‑Grundschutz konkret definiert?
2. Welche weiteren Bausteine unterstützen die Umsetzung der Gesamtverantwortung?
3. Wie kann die Leitungsebene die notwendigen Ressourcen für das Informationssicherheitsmanagement bereitstellen?";3;3;0.9999999999875;1.0;0.6666666666666666;0.5876379051970789;Wie wird die Rolle des Informationssicherheitsbeauftragten im IT‑Grundschutz konkret definiert?;2.0;2.0;Rolle des ISB im IT-Grundschutz;Welche weiteren Bausteine unterstützen die Umsetzung der Gesamtverantwortung?;2.0;2.0;Direkte Unterstützung;Wie kann die Leitungsebene die notwendigen Ressourcen für das Informationssicherheitsmanagement bereitstellen?;2.0;2.0;Direkte Verbindung zur Leitungsebene;2.0;2.0
Was muss eine Leitlinie zur Informationssicherheit enthalten?;"Eine Leitlinie zur Informationssicherheit muss den Stellenwert der Informationssicherheit, die Sicherheitsziele, die wichtigsten Aspekte der Sicherheitsstrategie sowie die Organisationsstruktur für Informationssicherheit beschreiben Quelle: ISMS.1.A3 (S. nicht spezifiziert). Darüber hinaus müssen die Sicherheitsziele und der Bezug der Sicherheitsziele zu den Geschäftszielen und Aufgaben der Institution erläutert werden Quelle: ISMS.1.A3 (S. nicht spezifiziert). Für die Sicherheitsleitlinie muss ein klarer Geltungsbereich festgelegt sein Quelle: ISMS.1.A3 (S. nicht spezifiziert).

Anschlussfragen:
1. Wie oft sollte die Leitlinie zur Informationssicherheit aktualisiert werden?
2. Wer ist für die Verabschiedung der Leitlinie zur Informationssicherheit verantwortlich?
3. Welche Rolle spielen Sicherheitsrevisionen im Kontext der Leitlinie zur Informationssicherheit?";Eine Leitlinie zur Informationssicherheit muss den Stellenwert der Informationssicherheit, die Sicherheitsziele, die wichtigsten Aspekte der Sicherheitsstrategie sowie die Organisationsstruktur für Informationssicherheit beschreiben Quelle: ISMS.1.A3 (S. nicht spezifiziert). Darüber hinaus müssen die Sicherheitsziele und der Bezug der Sicherheitsziele zu den Geschäftszielen und Aufgaben der Institution erläutert werden Quelle: ISMS.1.A3 (S. nicht spezifiziert). Für die Sicherheitsleitlinie muss ein klarer Geltungsbereich festgelegt sein Quelle: ISMS.1.A3 (S. nicht spezifiziert).;"ISMS.1.A3 Erstellung einer Leitlinie zur Informationssicherheit (B) [Institutionsleitung]  
Die Institutionsleitung MUSS eine übergeordnete Leitlinie zur Informationssicherheit verabschieden. Diese MUSS den Stellenwert der Informationssicherheit, die Sicherheitsziele, die wichtigsten Aspekte der Sicherheitsstrategie sowie die Organisationsstruktur für nformationssicherheit beschreiben. Für die Sicherheitsleitlinie MUSS ein klarer Geltungsbereich festgelegt sein. In der Leitlinie zur Informationssicherheit MÜSSEN die Sicherheitsziele und der Bezug der Sicherheitsziele zu den Geschäftszielen und Aufgaben der Institution erläutert erden. Die Institutionsleitung MUSS die Leitlinie zur Informationssicherheit allen Mitarbeitenden und sonstigen Mitgliedern der Institution bekannt geben. Die Leitlinie zur Informationssicherheit SOLLTE regelmäßig aktualisiert werden. ";"Eine Leitlinie zur Informationssicherheit muss mindestens folgende Punkte enthalten:

- Stellenwert der Informationssicherheit und Bedeutung der wesentlichen Informationen Quelle: Kapitel 3.4 (S.1)  
- Beschreibung der Geschäftsprozesse und der IT, die für die Aufgabenerfüllung erforderlich sind Quelle: Kapitel 3.4 (S.1)  
- Bezug der Informationssicherheitsziele zu den übergeordneten Geschäfts‑ bzw. Aufgaben‑Zielen Quelle: Kapitel 3.4 (S.1)  
- Festlegung der Sicherheitsziele und der Kernelemente der Sicherheitsstrategie für die Geschäftsprozesse und die eingesetzte IT Quelle: Kapitel 3.4 (S.1)  
- Zusicherung, dass die Leitlinie von der Institutions‑ bzw. Unternehmensleitung durchgesetzt wird Quelle: Kapitel 3.4 (S.1)  
- Leitaussagen zur Erfolgskontrolle des Sicherheitsprozesses Quelle: Kapitel 3.4 (S.1)  
- Beschreibung der für die Umsetzung etablierten Organisationsstruktur (z. B. IS‑Management‑Team, IS‑Beauftragter, IT‑Betrieb) Quelle: Kapitel 3.4 (S.1)  
- Definition des Geltungsbereichs (welche Bereiche, Geschäftsaufgaben und Prozesse eingeschlossen sind) Quelle: Kapitel 3.4 (S.1)  
- Optional: Motivation durch Darstellung relevanter Gefährdungen, gesetzlicher und vertraglicher Rahmenbedingungen Quelle: Kapitel 3.4 (S.1)  
- Aufgaben und Zuständigkeiten der beteiligten Rollen sowie Benennung von Ansprechpartnern für Sicherheitsfragen Quelle: Kapitel 3.4 (S.1)  
- Hinweis auf Programme zur Schulungs‑ und Sensibilisierungs‑ bzw. Awareness‑Maßnahme Quelle: Kapitel 3.4 (S.1)

Anschlussfragen:
1. Wie wird die Wirksamkeit der Sicherheitsleitlinie im Praxisbetrieb gemessen?
2. Welche Rollen sind im IT‑Grundschutz‑Standard 200‑2 für das IS‑Management definiert?
3. Wie häufig sollte die Leitlinie gemäß BSI‑Empfehlungen aktualisiert werden?";"Eine Leitlinie zur Informationssicherheit muss mindestens folgende Punkte enthalten:

- Stellenwert der Informationssicherheit und Bedeutung der wesentlichen Informationen Quelle: Kapitel 3.4 (S.1)  
- Beschreibung der Geschäftsprozesse und der IT, die für die Aufgabenerfüllung erforderlich sind Quelle: Kapitel 3.4 (S.1)  
- Bezug der Informationssicherheitsziele zu den übergeordneten Geschäfts‑ bzw. Aufgaben‑Zielen Quelle: Kapitel 3.4 (S.1)  
- Festlegung der Sicherheitsziele und der Kernelemente der Sicherheitsstrategie für die Geschäftsprozesse und die eingesetzte IT Quelle: Kapitel 3.4 (S.1)  
- Zusicherung, dass die Leitlinie von der Institutions‑ bzw. Unternehmensleitung durchgesetzt wird Quelle: Kapitel 3.4 (S.1)  
- Leitaussagen zur Erfolgskontrolle des Sicherheitsprozesses Quelle: Kapitel 3.4 (S.1)  
- Beschreibung der für die Umsetzung etablierten Organisationsstruktur (z. B. IS‑Management‑Team, IS‑Beauftragter, IT‑Betrieb) Quelle: Kapitel 3.4 (S.1)  
- Definition des Geltungsbereichs (welche Bereiche, Geschäftsaufgaben und Prozesse eingeschlossen sind) Quelle: Kapitel 3.4 (S.1)  
- Optional: Motivation durch Darstellung relevanter Gefährdungen, gesetzlicher und vertraglicher Rahmenbedingungen Quelle: Kapitel 3.4 (S.1)  
- Aufgaben und Zuständigkeiten der beteiligten Rollen sowie Benennung von Ansprechpartnern für Sicherheitsfragen Quelle: Kapitel 3.4 (S.1)  
- Hinweis auf Programme zur Schulungs‑ und Sensibilisierungs‑ bzw. Awareness‑Maßnahme Quelle: Kapitel 3.4 (S.1)";"1. Wie wird die Wirksamkeit der Sicherheitsleitlinie im Praxisbetrieb gemessen?
2. Welche Rollen sind im IT‑Grundschutz‑Standard 200‑2 für das IS‑Management definiert?
3. Wie häufig sollte die Leitlinie gemäß BSI‑Empfehlungen aktualisiert werden?";3;3;0.9999999999857143;1.0;1.0;0.6848709248458162;Wie wird die Wirksamkeit der Sicherheitsleitlinie im Praxisbetrieb gemessen?;1.0;2.0;Teilweise abgedeckt durch IT-Grundschutz;Welche Rollen sind im IT‑Grundschutz‑Standard 200‑2 für das IS‑Management definiert?;2.0;2.0;Rollen im IT-Grundschutz;Wie häufig sollte die Leitlinie gemäß BSI‑Empfehlungen aktualisiert werden?;1.0;2.0;Aktualisierungshäufigkeit;1.333;2.0
Welche Gefahr besteht, wenn die Institutionsleitung den Sicherheitsprozess nicht ausreichend unterstützt?;"Wenn die Institutionsleitung den Sicherheitsprozess nicht ausreichend unterstützt, besteht die Gefahr, dass die notwendigen Maßnahmen zur Informationssicherheit nicht umgesetzt werden können Quelle: ISMS.1 Gefährdungslage Kap.2.2 (S.2.2). Dies kann dazu führen, dass der Sicherheitsprozess nicht vollständig durchführbar ist, insbesondere wenn Personen in der Linienstruktur über den Sicherheitsverantwortlichen stehen Quelle: ISMS.1 Gefährdungslage Kap.2.2 (S.2.2).

Anschlussfragen:
1. Wie kann die Institutionsleitung den Sicherheitsprozess effektiv unterstützen?
2. Welche Rolle spielen regelmäßige Sicherheitsrevisionen im Sicherheitsmanagement?
3. Wie können Mitarbeitende und Externe zu Sicherheitsrisiken sensibilisiert und zu Fragen der Informationssicherheit geschult werden?";Wenn die Institutionsleitung den Sicherheitsprozess nicht ausreichend unterstützt, besteht die Gefahr, dass die notwendigen Maßnahmen zur Informationssicherheit nicht umgesetzt werden können Quelle: ISMS.1 Gefährdungslage Kap.2.2 (S.2.2). Dies kann dazu führen, dass der Sicherheitsprozess nicht vollständig durchführbar ist, insbesondere wenn Personen in der Linienstruktur über den Sicherheitsverantwortlichen stehen Quelle: ISMS.1 Gefährdungslage Kap.2.2 (S.2.2).;"ISMS.1 Gefährdungslage Kap.2.2
2.2. Mangelnde Unterstützung durch die Institutionsleitung 
Werden die Sicherheitsverantwortlichen nicht uneingeschränkt durch die Institutionsleitung  unterstützt, kann es schwierig werden, die notwendigen Maßnahmen einzufordern. Dies gilt insbesondere für Personen, die in der Linienstruktur über den Sicherheitsverantwortlichen stehen. In diesem Fall ist der Sicherheitsprozess nicht vollständig durchführbar.";"Wenn die Institutionsleitung den Sicherheitsprozess nicht uneingeschränkt unterstützt, kann der gesamte Prozess nicht vollständig durchgeführt werden. Sicherheitsverantwortliche erhalten kaum Durchgriff auf Linienvorgesetzte, sodass notwendige Maßnahmen nicht eingefordert werden können Quelle: Mangelnde Unterstützung durch die Institutionsleitung (S.1). Ohne klare strategische Vorgaben werden Sicherheitsziele häufig nur als Absichtserklärungen behandelt; Ressourcen werden nicht bereitgestellt und das Sicherheitskonzept bleibt unbekannt Quelle: Unzureichende strategische und konzeptionelle Vorgaben (S.2). Dadurch werden Sicherheitsmaßnahmen oft nicht umgesetzt oder nur halbherzig durchgeführt, was zu einer lückenhaften Sicherheitslage führt Quelle: Unzureichende Durchsetzbarkeit von Sicherheitsmaßnahmen (S.3). Fehlende Information über den Sicherheitszustand führt zu unzureichenden Investitionen – teure, aber falsch eingesetzte Technologien können sogar neue Gefahrenquellen schaffen Quelle: Unzureichende oder fehlgeleitete Investitionen (S.4). Das Ergebnis ist ein erhöhtes Risiko von Sicherheitsvorfällen, die Geschäftsabläufe stören, rechtliche Verstöße nach sich ziehen und finanzielle sowie reputationsbezogene Schäden verursachen Quelle: Störung der Geschäftsabläufe aufgrund von Sicherheitsvorfällen (S.5).

Anschlussfragen:
1. Welche konkreten Rollen und Zuständigkeiten sollten laut IT‑Grundschutz definiert werden, um die Unterstützung der Leitung zu sichern?
2. Wie kann ein effektives Revisions‑ und Kontrollkonzept aufgebaut werden, um fehlende Leitungsunterstützung zu kompensieren?
3. Welche Maßnahmen sind empfehlenswert, um Investitionen zielgerichtet und wirksam zu steuern?";"Wenn die Institutionsleitung den Sicherheitsprozess nicht uneingeschränkt unterstützt, kann der gesamte Prozess nicht vollständig durchgeführt werden. Sicherheitsverantwortliche erhalten kaum Durchgriff auf Linienvorgesetzte, sodass notwendige Maßnahmen nicht eingefordert werden können Quelle: Mangelnde Unterstützung durch die Institutionsleitung (S.1). Ohne klare strategische Vorgaben werden Sicherheitsziele häufig nur als Absichtserklärungen behandelt; Ressourcen werden nicht bereitgestellt und das Sicherheitskonzept bleibt unbekannt Quelle: Unzureichende strategische und konzeptionelle Vorgaben (S.2). Dadurch werden Sicherheitsmaßnahmen oft nicht umgesetzt oder nur halbherzig durchgeführt, was zu einer lückenhaften Sicherheitslage führt Quelle: Unzureichende Durchsetzbarkeit von Sicherheitsmaßnahmen (S.3). Fehlende Information über den Sicherheitszustand führt zu unzureichenden Investitionen – teure, aber falsch eingesetzte Technologien können sogar neue Gefahrenquellen schaffen Quelle: Unzureichende oder fehlgeleitete Investitionen (S.4). Das Ergebnis ist ein erhöhtes Risiko von Sicherheitsvorfällen, die Geschäftsabläufe stören, rechtliche Verstöße nach sich ziehen und finanzielle sowie reputationsbezogene Schäden verursachen Quelle: Störung der Geschäftsabläufe aufgrund von Sicherheitsvorfällen (S.5).";"1. Welche konkreten Rollen und Zuständigkeiten sollten laut IT‑Grundschutz definiert werden, um die Unterstützung der Leitung zu sichern?
2. Wie kann ein effektives Revisions‑ und Kontrollkonzept aufgebaut werden, um fehlende Leitungsunterstützung zu kompensieren?
3. Welche Maßnahmen sind empfehlenswert, um Investitionen zielgerichtet und wirksam zu steuern?";3;3;0.691666666649375;0.8;1.0;0.4183548284326051;Welche konkreten Rollen und Zuständigkeiten sollten laut IT‑Grundschutz definiert werden, um die Unterstützung der Leitung zu sichern?;2.0;2.0;Rollen und Zuständigkeiten;Wie kann ein effektives Revisions‑ und Kontrollkonzept aufgebaut werden, um fehlende Leitungsunterstützung zu kompensieren?;1.0;2.0;Teilweise abgedeckt durch BCMS-Konzepte;Welche Maßnahmen sind empfehlenswert, um Investitionen zielgerichtet und wirksam zu steuern?;1.0;1.0;Teilweise abgedeckt, thematisch verwandt;1.333;1.667
Wie oft sollte das Sicherheitskonzept überprüft werden?;"Das Sicherheitskonzept sollte regelmäßig, mindestens jedoch jährlich, auf Wirksamkeit und Angemessenheit überprüft und aktualisiert werden Quelle: ISMS.1.A11 (S. nicht spezifiziert). Es sollten auch anlassbezogene Überprüfungen durchgeführt werden, um sicherzustellen, dass das Sicherheitsniveau den aktuellen Anforderungen entspricht Quelle: ISMS.1.A11 (S. nicht spezifiziert). 

Anschlussfragen:
1. Wie sollten die Ergebnisse der Überprüfungen des Sicherheitskonzepts dokumentiert werden?
2. Wer sollte die Überprüfungen des Sicherheitsniveaus durchführen?
3. Welche Rolle spielen Sicherheitsrevisionen im Rahmen des Sicherheitsmanagements?";Das Sicherheitskonzept sollte regelmäßig, mindestens jedoch jährlich, auf Wirksamkeit und Angemessenheit überprüft und aktualisiert werden Quelle: ISMS.1.A11 (S. nicht spezifiziert). Es sollten auch anlassbezogene Überprüfungen durchgeführt werden, um sicherzustellen, dass das Sicherheitsniveau den aktuellen Anforderungen entspricht Quelle: ISMS.1.A11 (S. nicht spezifiziert).;"ISMS.1.A11 Aufrechterhaltung der Informationssicherheit (S) 
Der Sicherheitsprozess, die Sicherheitskonzepte, die Leitlinie zur Informationssicherheit und die  Organisationsstruktur für Informationssicherheit SOLLTEN regelmäßig auf Wirksamkeit und  Angemessenheit überprüft und aktualisiert werden. Dazu SOLLTEN regelmäßig Vollständigkeits- bzw. Aktualisierungsprüfungen des Sicherheitskonzeptes durchgeführt werden. Ebenso SOLLTEN regelmäßig Sicherheitsrevisionen durchgeführt werden. Dazu SOLLTE geregelt sein, welche Bereiche und Sicherheitsmaßnahmen wann und von wem zu überprüfen sind. Überprüfungen des Sicherheitsniveaus SOLLTEN regelmäßig (mindestens jährlich) sowie anlassbezogen durchgeführt werden. Die Prüfungen SOLLTEN von qualifizierten und unabhängigen Personen durchgeführt werden. Die Ergebnisse der Überprüfungen SOLLTEN nachvollziehbar dokumentiert sein. Darauf aufbauend SOLLTEN Mängel beseitigt und Korrekturmaßnahmen ergriffen werden. ";"Das Sicherheitskonzept muss **regelmäßig** auf Vollständigkeit und Aktualität geprüft werden; die Vorgaben verlangen mindestens **jährliche** Überprüfungen und ergänzend **anlassbezogene** Kontrollen, wenn sich Rahmenbedingungen ändern Quelle: Aufrechterhaltung der Informationssicherheit (S.1).  

Anschlussfragen:
1. Welche konkreten Aktivitäten gehören zu einer jährlichen Überprüfung des Sicherheitskonzepts?  
2. Wie wird die Unabhängigkeit der prüfenden Personen sichergestellt?  
3. Welche Unterschiede gibt es bei den Prüfungsanforderungen für kleine versus große Institutionen?";"Das Sicherheitskonzept muss **regelmäßig** auf Vollständigkeit und Aktualität geprüft werden; die Vorgaben verlangen mindestens **jährliche** Überprüfungen und ergänzend **anlassbezogene** Kontrollen, wenn sich Rahmenbedingungen ändern Quelle: Aufrechterhaltung der Informationssicherheit (S.1).";"1. Welche konkreten Aktivitäten gehören zu einer jährlichen Überprüfung des Sicherheitskonzepts?  
2. Wie wird die Unabhängigkeit der prüfenden Personen sichergestellt?  
3. Welche Unterschiede gibt es bei den Prüfungsanforderungen für kleine versus große Institutionen?";3;3;0.8736394557698324;1.0;0.5;0.7163330318755284;Welche konkreten Aktivitäten gehören zu einer jährlichen Überprüfung des Sicherheitskonzepts?;1.0;2.0;Teilweise abgedeckt;Wie wird die Unabhängigkeit der prüfenden Personen sichergestellt?;2.0;2.0;Unabhängigkeit prüfender Personen;Welche Unterschiede gibt es bei den Prüfungsanforderungen für kleine versus große Institutionen?;1.0;2.0;Teilweise abgedeckt durch Compliance-Management;1.333;2.0
Was kann passieren, wenn gegen gesetzliche Regelungen verstoßen wird?;"Wenn gegen gesetzliche Regelungen verstoßen wird, kann dies rechtliche Konsequenzen nach sich ziehen Quelle: ISMS.1 Gefährdungslage Kap. 2.7. Darüber hinaus können Verstöße gegen vertraglich geregelte Sicherheitsanforderungen Vertragsstrafen, Vertragsauflösungen oder sogar den Verlust von Geschäftsbeziehungen nach sich ziehen Quelle: ISMS.1 Gefährdungslage Kap. 2.7.

Anschlussfragen:
1. Welche Rolle spielt das Sicherheitsmanagement bei der Einhaltung gesetzlicher Regelungen?
2. Wie können Institutionen ihre Mitarbeitenden und Externen zu Sicherheitsrisiken sensibilisieren und schulen?
3. Welche Konsequenzen können sich ergeben, wenn eine Institution gegen internationale Gesetzesvorgaben verstößt?";Wenn gegen gesetzliche Regelungen verstoßen wird, kann dies rechtliche Konsequenzen nach sich ziehen Quelle: ISMS.1 Gefährdungslage Kap. 2.7. Darüber hinaus können Verstöße gegen vertraglich geregelte Sicherheitsanforderungen Vertragsstrafen, Vertragsauflösungen oder sogar den Verlust von Geschäftsbeziehungen nach sich ziehen Quelle: ISMS.1 Gefährdungslage Kap. 2.7.;"ISMS.1 Gefährdungslage Kap. 2.7
2.7. Verstoß gegen gesetzliche Regelungen und vertragliche Vereinbarungen 
Wenn Informationen, Geschäftsprozesse und IT-Systeme einer Institution unzureichend abgesichert sind, beispielsweise durch ein unzureichendes Sicherheitsmanagement, kann gegen Rechtsvorschriften mit Bezug zur Informationsverarbeitung oder gegen bestehende Verträge mit Geschäftspartnern und -partnerinnen verstoßen werden. Welche Gesetze jeweils zu beachten sind, hängt von der Art der Institution beziehungsweise ihrer Geschäftsprozesse und Dienstleistungen ab. Je nachdem, wo sich die Standorte einer Institution befinden, können auch verschiedene nationale und internationale Vorschriften zu beachten sein. Verfügt eine Institution über unzureichende Kenntnisse hinsichtlich internationaler Gesetzesvorgaben, z. B. zu Datenschutz, Informationspflicht, Insolvenzrecht, Haftung oder Informationszugriff für Dritte, erhöht dies das Risiko entsprechender Verstöße. Dann drohen rechtliche Konsequenzen. In vielen Branchen ist es üblich, dass Anwendende ihre Zuliefer- und Dienstleistungsunternehmen dazu verpflichten, bestimmte Qualitäts- und Sicherheitsstandards einzuhalten. Verstößt ein 
Vertragspartner oder -partnerin gegen vertraglich geregelte Sicherheitsanforderungen, kann dies Vertragsstrafen, Vertragsauflösungen oder sogar den Verlust von Geschäftsbeziehungen nach sich ziehen. ";"Ein Verstoß gegen gesetzliche Vorgaben kann zu einem Verlust von Vertraulichkeit, Integrität und Verfügbarkeit von Informationen führen, wodurch institutionelle Schäden entstehen Quelle: Verstoß gegen rechtliche Vorgaben (S.1).  
Durch die unzulässige Weitergabe von Informationen können vertrauliche Daten in die Hände Unbefugter gelangen und damit Bußgelder, Schadensersatzforderungen oder strafrechtliche Konsequenzen nach sich ziehen Quelle: Unzulässige Weitergabe von Informationen (S.2).  
Fehlende oder unzureichende Identitätsprüfungen bei Kommunikationspartnern erhöhen das Risiko von Social‑Engineering‑Angriffen, was zu finanziellen Verlusten und Reputationsschäden führen kann Quelle: Unzureichende Identifikationsprüfung von Kommunikationspartnern (S.3).  
Unbeabsichtigte Weitergabe interner Informationen kann ebenfalls zu Vertragsstrafen, Auflösung von Geschäftsbeziehungen oder Verlust von Kundenvertrauen führen, weil vertraglich geregelte Sicherheitsanforderungen verletzt werden Quelle: Unbeabsichtigte Weitergabe interner Informationen (S.4).  
Bei schwerwiegenden Compliance‑Verstößen kann die Institution ihre Prüfungsfähigkeit verlieren, sodass kein positiver Prüfungsbericht erstellt werden kann und damit weitere regulatorische Sanktionen drohen Quelle: Durchsetzung von Compliance‑Anforderungen (S.5).  

Anschlussfragen:
1. Welche konkreten gesetzlichen Pflichten zur Integrität von Informationen gelten nach der DSGVO?  
2. Wie können technische Maßnahmen die unzulässige Weitergabe von Daten verhindern?  
3. Welche Rollen sind im IT‑Grundschutz für die Meldung von Compliance‑Verstößen verantwortlich?";"Ein Verstoß gegen gesetzliche Vorgaben kann zu einem Verlust von Vertraulichkeit, Integrität und Verfügbarkeit von Informationen führen, wodurch institutionelle Schäden entstehen Quelle: Verstoß gegen rechtliche Vorgaben (S.1).  
Durch die unzulässige Weitergabe von Informationen können vertrauliche Daten in die Hände Unbefugter gelangen und damit Bußgelder, Schadensersatzforderungen oder strafrechtliche Konsequenzen nach sich ziehen Quelle: Unzulässige Weitergabe von Informationen (S.2).  
Fehlende oder unzureichende Identitätsprüfungen bei Kommunikationspartnern erhöhen das Risiko von Social‑Engineering‑Angriffen, was zu finanziellen Verlusten und Reputationsschäden führen kann Quelle: Unzureichende Identifikationsprüfung von Kommunikationspartnern (S.3).  
Unbeabsichtigte Weitergabe interner Informationen kann ebenfalls zu Vertragsstrafen, Auflösung von Geschäftsbeziehungen oder Verlust von Kundenvertrauen führen, weil vertraglich geregelte Sicherheitsanforderungen verletzt werden Quelle: Unbeabsichtigte Weitergabe interner Informationen (S.4).  
Bei schwerwiegenden Compliance‑Verstößen kann die Institution ihre Prüfungsfähigkeit verlieren, sodass kein positiver Prüfungsbericht erstellt werden kann und damit weitere regulatorische Sanktionen drohen Quelle: Durchsetzung von Compliance‑Anforderungen (S.5).";"1. Welche konkreten gesetzlichen Pflichten zur Integrität von Informationen gelten nach der DSGVO?  
2. Wie können technische Maßnahmen die unzulässige Weitergabe von Daten verhindern?  
3. Welche Rollen sind im IT‑Grundschutz für die Meldung von Compliance‑Verstößen verantwortlich?";3;3;0.8095238094968253;0.8888888888888888;0.625;0.41509028518834523;Welche konkreten gesetzlichen Pflichten zur Integrität von Informationen gelten nach der DSGVO?;2.0;2.0;DSGVO und Integrität;Wie können technische Maßnahmen die unzulässige Weitergabe von Daten verhindern?;2.0;2.0;Direkte Verbindung zu Datenschutz;Welche Rollen sind im IT‑Grundschutz für die Meldung von Compliance‑Verstößen verantwortlich?;2.0;2.0;Rollen und Verantwortlichkeiten;2.0;2.0
Wie müssen Mitarbeitende in den Sicherheitsprozess integriert werden?;"Mitarbeitende müssen in den Sicherheitsprozess integriert werden, indem sie über Hintergründe und relevante Gefährdungen informiert werden Quelle: ISMS.1.A8 Integration der Mitarbeitenden in den Sicherheitsprozess (B) [Vorgesetzte]. Sie müssen Sicherheitsmaßnahmen kennen und umsetzen, die ihren Arbeitsplatz betreffen, und in die Lage versetzt werden, Sicherheit aktiv mitzugestalten Quelle: ISMS.1.A8 Integration der Mitarbeitenden in den Sicherheitsprozess (B) [Vorgesetzte]. 

Anschlussfragen:
1. Wie sollten Mitarbeitende bei der Planung von Sicherheitsmaßnahmen einbezogen werden?
2. Welche Rolle spielen Vorgesetzte bei der Integration der Mitarbeitenden in den Sicherheitsprozess?
3. Wie können Mitarbeitende zu Fragen der Informationssicherheit geschult werden?";Mitarbeitende müssen in den Sicherheitsprozess integriert werden, indem sie über Hintergründe und relevante Gefährdungen informiert werden Quelle: ISMS.1.A8 Integration der Mitarbeitenden in den Sicherheitsprozess (B) [Vorgesetzte]. Sie müssen Sicherheitsmaßnahmen kennen und umsetzen, die ihren Arbeitsplatz betreffen, und in die Lage versetzt werden, Sicherheit aktiv mitzugestalten Quelle: ISMS.1.A8 Integration der Mitarbeitenden in den Sicherheitsprozess (B) [Vorgesetzte].;"ISMS.1.A8 Integration der Mitarbeitenden in den Sicherheitsprozess (B) [Vorgesetzte]  
Alle Mitarbeitenden MÜSSEN in den Sicherheitsprozess integriert sein. Hierfür MÜSSEN sie über Hintergründe und die für sie relevanten Gefährdungen informiert sein. Sie MÜSSEN Sicherheitsmaßnahmen kennen und umsetzen, die ihren Arbeitsplatz betreffen. Alle Mitarbeitenden MÜSSEN in die Lage versetzt werden, Sicherheit aktiv mitzugestalten. Daher SOLLTEN die Mitarbeitenden frühzeitig beteiligt werden, wenn Sicherheitsmaßnahmen zu planen oder organisatorische Regelungen zu gestalten sind. Bei der Einführung von Sicherheitsrichtlinien und Sicherheitswerkzeugen MÜSSEN die Mitarbeitenden ausreichend informiert sein, wie diese anzuwenden sind. Die Mitarbeitenden MÜSSEN darüber aufgeklärt werden, welche Konsequenzen eine Verletzung der Sicherheitsvorgaben haben kann. ";"- ORP.3 Sensibilisierung und Schulung zur Informationssicherheit (B) [Mitarbeitende] MÜSSEN regelmäßig über den Sinn und Zweck von Sicherheitsmaßnahmen informiert und zu deren Einhaltung motiviert werden Quelle: Sensibilisierung und Schulung der Mitarbeitenden (S.1)  
- ORP.3 Sensibilisierung und Schulung zur Informationssicherheit (B) [Mitarbeitende] MÜSSEN im Rahmen einer gründlichen Einarbeitung und bei Aufgabenwechsel die sicherheitsrelevanten Aspekte ihres Arbeitsplatzes vermittelt bekommen Quelle: Sensibilisierung der Mitarbeitenden (S.2)  
- ORP.3 Sensibilisierung und Schulung zur Informationssicherheit (B) [Mitarbeitende] MÜSSEN bei Verlassen der Institution oder bei Zuständigkeitswechseln unverzüglich von Berechtigungen entbunden und Schlüssel/Ausweise zurückgeben Quelle: Personal (S.3)  
- ORP.3 Sensibilisierung und Schulung zur Informationssicherheit (B) [Mitarbeitende] MÜSSEN erkannte oder vermutete Sicherheitsvorfälle sofort dem Incident Management melden Quelle: Sensibilisierung der Mitarbeitenden (S.4)  
- ORP.3 Sensibilisierung und Schulung zur Informationssicherheit (B) [Mitarbeitende] MÜSSEN Alarmmeldungen ihrer Clients nicht ignorieren, sondern gemäß den definierten Alarmierungswegen weiterleiten Quelle: Sensibilisierung der Mitarbeitenden (S.5)  
- ORP.3 Sensibilisierung und Schulung zur Informationssicherheit (B) [Mitarbeitende] MÜSSEN für die Nutzung von Sicherheitsmechanismen (z. B. Mehr‑Faktor‑Authentisierung) geschult sein Quelle: Sensibilisierung und Schulung der Mitarbeitenden (S.6)  

Anschlussfragen:
1. Welche konkreten Schulungsinhalte sollten im Leitfaden für Telearbeit enthalten sein?
2. Wie wird die Wirksamkeit der Sensibilisierungsmaßnahmen gemessen?
3. Welche Rollen sind für die Koordination des Incident‑Management‑Prozesses verantwortlich?";"- ORP.3 Sensibilisierung und Schulung zur Informationssicherheit (B) [Mitarbeitende] MÜSSEN regelmäßig über den Sinn und Zweck von Sicherheitsmaßnahmen informiert und zu deren Einhaltung motiviert werden Quelle: Sensibilisierung und Schulung der Mitarbeitenden (S.1)  
- ORP.3 Sensibilisierung und Schulung zur Informationssicherheit (B) [Mitarbeitende] MÜSSEN im Rahmen einer gründlichen Einarbeitung und bei Aufgabenwechsel die sicherheitsrelevanten Aspekte ihres Arbeitsplatzes vermittelt bekommen Quelle: Sensibilisierung der Mitarbeitenden (S.2)  
- ORP.3 Sensibilisierung und Schulung zur Informationssicherheit (B) [Mitarbeitende] MÜSSEN bei Verlassen der Institution oder bei Zuständigkeitswechseln unverzüglich von Berechtigungen entbunden und Schlüssel/Ausweise zurückgeben Quelle: Personal (S.3)  
- ORP.3 Sensibilisierung und Schulung zur Informationssicherheit (B) [Mitarbeitende] MÜSSEN erkannte oder vermutete Sicherheitsvorfälle sofort dem Incident Management melden Quelle: Sensibilisierung der Mitarbeitenden (S.4)  
- ORP.3 Sensibilisierung und Schulung zur Informationssicherheit (B) [Mitarbeitende] MÜSSEN Alarmmeldungen ihrer Clients nicht ignorieren, sondern gemäß den definierten Alarmierungswegen weiterleiten Quelle: Sensibilisierung der Mitarbeitenden (S.5)  
- ORP.3 Sensibilisierung und Schulung zur Informationssicherheit (B) [Mitarbeitende] MÜSSEN für die Nutzung von Sicherheitsmechanismen (z. B. Mehr‑Faktor‑Authentisierung) geschult sein Quelle: Sensibilisierung und Schulung der Mitarbeitenden (S.6)";"1. Welche konkreten Schulungsinhalte sollten im Leitfaden für Telearbeit enthalten sein?
2. Wie wird die Wirksamkeit der Sensibilisierungsmaßnahmen gemessen?
3. Welche Rollen sind für die Koordination des Incident‑Management‑Prozesses verantwortlich?";3;3;0.9583333333173611;0.875;1.0;0.4524158237164314;Welche konkreten Schulungsinhalte sollten im Leitfaden für Telearbeit enthalten sein?;2.0;2.0;Schulungsinhalte für Telearbeit;Wie wird die Wirksamkeit der Sensibilisierungsmaßnahmen gemessen?;1.0;2.0;Teilweise abgedeckt;Welche Rollen sind für die Koordination des Incident‑Management‑Prozesses verantwortlich?;2.0;2.0;Rollen und Aufgaben im Sicherheitsprozess;1.667;2.0
Welche Vertretungsregelungen müssen im Sicherheitsmanagement existieren?;"Für alle wichtigen Funktionen der Organisation für Informationssicherheit MUSS es wirksame Vertretungsregelungen geben Quelle: ISMS.1.A6 (S. nicht spezifiziert, da keine Seitenzahl im bereitgestellten Kontext vorhanden ist). Dies bedeutet, dass im Sicherheitsmanagement Vertretungsregelungen existieren müssen, um sicherzustellen, dass wichtige Funktionen auch im Falle der Abwesenheit oder Verhinderung von Schlüsselpersonen weiterhin wahrgenommen werden können.

Anschlussfragen:
1. Wie sollten die Vertretungsregelungen im Sicherheitsmanagement dokumentiert werden?
2. Welche Rolle spielen qualifizierte Personen im Sicherheitsmanagement und wie sollten sie ausgewählt werden?
3. Wie oft sollten die Vertretungsregelungen und die Organisationsstruktur für Informationssicherheit überprüft und angepasst werden?";Für alle wichtigen Funktionen der Organisation für Informationssicherheit MUSS es wirksame Vertretungsregelungen geben Quelle: ISMS.1.A6 (S. nicht spezifiziert, da keine Seitenzahl im bereitgestellten Kontext vorhanden ist). Dies bedeutet, dass im Sicherheitsmanagement Vertretungsregelungen existieren müssen, um sicherzustellen, dass wichtige Funktionen auch im Falle der Abwesenheit oder Verhinderung von Schlüsselpersonen weiterhin wahrgenommen werden können.;"ISMS.1.A6 Aufbau einer geeigneten Organisationsstruktur für Informationssicherheit (B) [Institutionsleitung]  
Eine geeignete übergreifende Organisationsstruktur für Informationssicherheit MUSS vorhanden sein. Dafür MÜSSEN Rollen definiert sein, die konkrete Aufgaben übernehmen, um die Sicherheitsziele zu erreichen. Außerdem MÜSSEN qualifizierte Personen benannt werden, denen ausreichend Ressourcen zur Verfügung stehen, um diese Rollen zu übernehmen. Die Aufgaben, Rollen, Verantwortungen und Kompetenzen im Sicherheitsmanagement MÜSSEN nachvollziehbar definiert und zugewiesen sein. Für alle wichtigen Funktionen der Organisation für Informationssicherheit MUSS es wirksame Vertretungsregelungen geben. Kommunikationswege MÜSSEN geplant, beschrieben, eingerichtet und bekannt gemacht werden. Es MUSS für alle Aufgaben und Rollen festgelegt sein, wer wen informiert und wer bei welchen Aktionen 
in welchem Umfang informiert werden muss. Es MUSS regelmäßig geprüft werden, ob die Organisationsstruktur für Informationssicherheit noch angemessen ist oder ob sie an neue Rahmenbedingungen angepasst werden muss.";Im bereitgestellten Kontext nicht enthalten;Im bereitgestellten Kontext nicht enthalten;;0;3;0.8666666666377778;0.5555555555555556;0.0;0.0928039870070339;;;;;;;;;;;;;;
Was sollten Management-Berichte zur Informationssicherheit enthalten?;"Management-Berichte zur Informationssicherheit sollten die wesentlichen relevanten Informationen über den Sicherheitsprozess enthalten, insbesondere über Probleme, Erfolge und Verbesserungsmöglichkeiten Quelle: ISMS.1.A12 (S). Sie sollten auch klar priorisierte Maßnahmenvorschläge enthalten, die mit realistischen Abschätzungen zum erwarteten Umsetzungsaufwand versehen sind Quelle: ISMS.1.A12 (S). 

Anschlussfragen:
1. Wie sollten die Management-Berichte zur Informationssicherheit archiviert werden?
2. Welche Rolle spielt die Institutionsleitung bei der Erstellung von Management-Berichten zur Informationssicherheit?
3. Wie oft sollten Sicherheitsrevisionen in der Institution durchgeführt werden?";Management-Berichte zur Informationssicherheit sollten die wesentlichen relevanten Informationen über den Sicherheitsprozess enthalten, insbesondere über Probleme, Erfolge und Verbesserungsmöglichkeiten Quelle: ISMS.1.A12 (S). Sie sollten auch klar priorisierte Maßnahmenvorschläge enthalten, die mit realistischen Abschätzungen zum erwarteten Umsetzungsaufwand versehen sind Quelle: ISMS.1.A12 (S).;"ISMS.1.A12 Management-Berichte zur Informationssicherheit (S) [Institutionsleitung]  
Die Institutionsleitung SOLLTE sich regelmäßig über den Stand der Informationssicherheit informieren, insbesondere über die aktuelle Gefährdungslage sowie die Wirksamkeit und Effizienz des Sicherheitsprozesses. Dazu SOLLTEN Management-Berichte geschrieben werden, welche die wesentlichen relevanten Informationen über den Sicherheitsprozess enthalten, insbesondere über Probleme, Erfolge und Verbesserungsmöglichkeiten. Die Management-Berichte SOLLTEN klar priorisierte Maßnahmenvorschläge enthalten. Die Maßnahmenvorschläge SOLLTEN mit realistischen Abschätzungen zum erwarteten Umsetzungsaufwand versehen sein. Die Management-Berichte SOLLTEN revisionssicher archiviert werden. Die Management-Entscheidungen über erforderliche Aktionen, den Umgang mit Restrisiken und mit 
Veränderungen von sicherheitsrelevanten Prozessen SOLLTEN dokumentiert sein. Die Management-Entscheidungen SOLLTEN revisionssicher archiviert werden.

";"Management‑Berichte zur Informationssicherheit sollten :

- den **Status und den Umsetzungsgrad des Sicherheitskonzepts** darstellen Quelle: Managementberichte (Zielgruppe: Leitungsebene, Sicherheitsmanagement) (S.1)  
- die **Ergebnisse von Audits, Revisionen und Datenschutz‑Kontrollen** (z. B. DSGVO‑Prüfungen) wiedergeben Quelle: Managementberichte (Zielgruppe: Leitungsebene, Sicherheitsmanagement) (S.1)  
- **Sicherheitsvorfälle** inklusive Ursachen, Auswirkungen und ergriffener Gegenmaßnahmen dokumentieren Quelle: Managementberichte (Zielgruppe: Leitungsebene, Sicherheitsmanagement) (S.1)  
- **Erfolge, Probleme und Verbesserungsmöglichkeiten** des Informationssicherheitsprozesses aufzeigen Quelle: Managementberichte (Zielgruppe: Leitungsebene, Sicherheitsmanagement) (S.1)  
- den **Fortschritt bei der Reduzierung von Umsetzungsdefiziten und den zugehörigen Risiken** (Risikobehandlungsplan, BSI‑Standard 200‑3) darstellen Quelle: Managementberichte (Zielgruppe: Leitungsebene, Sicherheitsmanagement) (S.1)  
- eine **Übersicht über aktuelle Bedrohungen, neue Schwachstellen und Änderungen der Rahmenbedingungen** geben Quelle: Managementberichte (Zielgruppe: Leitungsebene, Sicherheitsmanagement) (S.1)  
- **Rückmeldungen von Kunden, Mitarbeitern und anderen Stakeholdern** sowie den daraus resultierenden Handlungsbedarf zusammenfassen Quelle: Managementberichte (Zielgruppe: Leitungsebene, Sicherheitsmanagement) (S.1)  
- den **Ressourcenbedarf und geplante Maßnahmen** für die weitere Verbesserung des Sicherheitsprozesses benennen Quelle: Managementberichte (Zielgruppe: Leitungsebene, Sicherheitsmanagement) (S.1)

Anschlussfragen:
1. Welche formalen Vorgaben gibt es für die Frequenz und den Umfang von Management‑Bewertungen?
2. Wie wird die Wirksamkeit von umgesetzten Sicherheitsmaßnahmen im Bericht nachgewiesen?
3. Welche Rolle spielt das Risikobehandlungs‑Planungsdokument (BSI‑Standard 200‑3) bei der Berichtserstellung?";"Management‑Berichte zur Informationssicherheit sollten :

- den **Status und den Umsetzungsgrad des Sicherheitskonzepts** darstellen Quelle: Managementberichte (Zielgruppe: Leitungsebene, Sicherheitsmanagement) (S.1)  
- die **Ergebnisse von Audits, Revisionen und Datenschutz‑Kontrollen** (z. B. DSGVO‑Prüfungen) wiedergeben Quelle: Managementberichte (Zielgruppe: Leitungsebene, Sicherheitsmanagement) (S.1)  
- **Sicherheitsvorfälle** inklusive Ursachen, Auswirkungen und ergriffener Gegenmaßnahmen dokumentieren Quelle: Managementberichte (Zielgruppe: Leitungsebene, Sicherheitsmanagement) (S.1)  
- **Erfolge, Probleme und Verbesserungsmöglichkeiten** des Informationssicherheitsprozesses aufzeigen Quelle: Managementberichte (Zielgruppe: Leitungsebene, Sicherheitsmanagement) (S.1)  
- den **Fortschritt bei der Reduzierung von Umsetzungsdefiziten und den zugehörigen Risiken** (Risikobehandlungsplan, BSI‑Standard 200‑3) darstellen Quelle: Managementberichte (Zielgruppe: Leitungsebene, Sicherheitsmanagement) (S.1)  
- eine **Übersicht über aktuelle Bedrohungen, neue Schwachstellen und Änderungen der Rahmenbedingungen** geben Quelle: Managementberichte (Zielgruppe: Leitungsebene, Sicherheitsmanagement) (S.1)  
- **Rückmeldungen von Kunden, Mitarbeitern und anderen Stakeholdern** sowie den daraus resultierenden Handlungsbedarf zusammenfassen Quelle: Managementberichte (Zielgruppe: Leitungsebene, Sicherheitsmanagement) (S.1)  
- den **Ressourcenbedarf und geplante Maßnahmen** für die weitere Verbesserung des Sicherheitsprozesses benennen Quelle: Managementberichte (Zielgruppe: Leitungsebene, Sicherheitsmanagement) (S.1)";"1. Welche formalen Vorgaben gibt es für die Frequenz und den Umfang von Management‑Bewertungen?
2. Wie wird die Wirksamkeit von umgesetzten Sicherheitsmaßnahmen im Bericht nachgewiesen?
3. Welche Rolle spielt das Risikobehandlungs‑Planungsdokument (BSI‑Standard 200‑3) bei der Berichtserstellung?";3;3;0.874999999978125;0.8571428571428571;0.625;0.3107741458300046;Welche formalen Vorgaben gibt es für die Frequenz und den Umfang von Management‑Bewertungen?;2.0;2.0;Formale Vorgaben für Management-Bewertungen;Wie wird die Wirksamkeit von umgesetzten Sicherheitsmaßnahmen im Bericht nachgewiesen?;2.0;2.0;Wirksamkeitsnachweis in Berichten;Welche Rolle spielt das Risikobehandlungs‑Planungsdokument (BSI‑Standard 200‑3) bei der Berichtserstellung?;2.0;2.0;Direkte Verbindung zum BSI-Standard 200-3;2.0;2.0
Welche Risiken entstehen durch fehlende Aktualisierung im Sicherheitsprozess?;"Durch fehlende Aktualisierung im Sicherheitsprozess kann das Sicherheitsniveau innerhalb einer Institution verringert werden, was zu einer gefährlichen Scheinsicherheit führen kann Quelle: ISMS.1 Gefährdungslage Kap 2.6. Dies geschieht, weil neue Geschäftsprozesse, Anwendungen, IT-Systeme und Bedrohungen den Status der Informationssicherheit permanent beeinflussen Quelle: ISMS.1 Gefährdungslage Kap 2.6. Ein effektives Revisionskonzept, das auch das Bewusstsein für neue Bedrohungen stärkt, ist daher notwendig, um das Sicherheitsniveau aufrechtzuerhalten Quelle: ISMS.1 Gefährdungslage Kap 2.6.

Anschlussfragen:
1. Wie kann ein effektives Revisionskonzept zur Stärkung des Bewusstseins für neue Bedrohungen umgesetzt werden?
2. Welche Rolle spielen regelmäßige Sicherheitsrevisionen und Schulungen zur Informationssicherheit im Sicherheitsprozess?
3. Wie können Mitarbeiter und Externe systematisch und zielgruppengerecht zu Sicherheitsrisiken sensibilisiert werden?";Durch fehlende Aktualisierung im Sicherheitsprozess kann das Sicherheitsniveau innerhalb einer Institution verringert werden, was zu einer gefährlichen Scheinsicherheit führen kann Quelle: ISMS.1 Gefährdungslage Kap 2.6. Dies geschieht, weil neue Geschäftsprozesse, Anwendungen, IT-Systeme und Bedrohungen den Status der Informationssicherheit permanent beeinflussen Quelle: ISMS.1 Gefährdungslage Kap 2.6. Ein effektives Revisionskonzept, das auch das Bewusstsein für neue Bedrohungen stärkt, ist daher notwendig, um das Sicherheitsniveau aufrechtzuerhalten Quelle: ISMS.1 Gefährdungslage Kap 2.6.;"ISMS.1 Gefährdungslage Kap 2.6
2.6. Fehlende Aktualisierung im Sicherheitsprozess Neue Geschäftsprozesse, Anwendungen und IT-Systeme sowie neue Bedrohungen beeinflussen permanent den Status der Informationssicherheit innerhalb einer Institution. Fehlt ein effektives Revisionskonzept, das auch das Bewusstsein für neue Bedrohungen stärkt, verringert sich das Sicherheitsniveau. Aus der realen Sicherheit wird dann schleichend eine gefährliche Scheinsicherheit. ";"Fehlende Aktualisierung im Sicherheitsprozess führt zu mehreren konkreten Risiken:  

- Das Sicherheitsniveau **verringert sich**, weil neue Bedrohungen, Geschäftsprozesse, Anwendungen und IT‑Systeme nicht mehr berücksichtigt werden Quelle: Fehlende Aktualisierung im Sicherheitsprozess (S.1)  
- Es entsteht eine **gefährliche Scheinsicherheit**, bei der die Institution glaubt, geschützt zu sein, obwohl die tatsächliche Sicherheit geschwächt ist Quelle: Fehlende Aktualisierung im Sicherheitsprozess (S.1)  
- Durch die fehlende Anpassung an aktuelle Bedrohungen steigt die **Verletzbarkeit gegenüber Angriffen** und damit das Risiko von Sicherheitsvorfällen, die Vertraulichkeit, Integrität oder Verfügbarkeit beeinträchtigen können Quelle: Fehlende Aktualisierung im Sicherheitsprozess (S.1)  
- Die Institution kann **gesetzliche und vertragliche Vorgaben verletzen**, weil nicht mehr den aktuellen regulatorischen Anforderungen entsprochen wird Quelle: Verstoß gegen gesetzliche Regelungen und vertragliche Vereinbarungen (S.2)  
- **Geschäftsabläufe können gestört** werden, wenn unerkannte Schwachstellen zu Ausfällen führen, was zu finanziellen Schäden und Vertrauensverlust bei Partnern führt Quelle: Störung der Geschäftsabläufe aufgrund von Sicherheitsvorfällen (S.3)  

Anschlussfragen:
1. Welche Maßnahmen können im Revisionskonzept definiert werden, um das Risiko einer Scheinsicherheit zu reduzieren?  
2. Wie lässt sich die Einhaltung gesetzlicher Vorgaben im Rahmen eines aktualisierten Sicherheitsprozesses prüfen?  
3. Welche Rolle spielt das Patch‑ und Änderungsmanagement bei der Aufrechterhaltung des Sicherheitsniveaus?";"Fehlende Aktualisierung im Sicherheitsprozess führt zu mehreren konkreten Risiken:  

- Das Sicherheitsniveau **verringert sich**, weil neue Bedrohungen, Geschäftsprozesse, Anwendungen und IT‑Systeme nicht mehr berücksichtigt werden Quelle: Fehlende Aktualisierung im Sicherheitsprozess (S.1)  
- Es entsteht eine **gefährliche Scheinsicherheit**, bei der die Institution glaubt, geschützt zu sein, obwohl die tatsächliche Sicherheit geschwächt ist Quelle: Fehlende Aktualisierung im Sicherheitsprozess (S.1)  
- Durch die fehlende Anpassung an aktuelle Bedrohungen steigt die **Verletzbarkeit gegenüber Angriffen** und damit das Risiko von Sicherheitsvorfällen, die Vertraulichkeit, Integrität oder Verfügbarkeit beeinträchtigen können Quelle: Fehlende Aktualisierung im Sicherheitsprozess (S.1)  
- Die Institution kann **gesetzliche und vertragliche Vorgaben verletzen**, weil nicht mehr den aktuellen regulatorischen Anforderungen entsprochen wird Quelle: Verstoß gegen gesetzliche Regelungen und vertragliche Vereinbarungen (S.2)  
- **Geschäftsabläufe können gestört** werden, wenn unerkannte Schwachstellen zu Ausfällen führen, was zu finanziellen Schäden und Vertrauensverlust bei Partnern führt Quelle: Störung der Geschäftsabläufe aufgrund von Sicherheitsvorfällen (S.3)";"1. Welche Maßnahmen können im Revisionskonzept definiert werden, um das Risiko einer Scheinsicherheit zu reduzieren?  
2. Wie lässt sich die Einhaltung gesetzlicher Vorgaben im Rahmen eines aktualisierten Sicherheitsprozesses prüfen?  
3. Welche Rolle spielt das Patch‑ und Änderungsmanagement bei der Aufrechterhaltung des Sicherheitsniveaus?";3;3;0.6678571428404464;0.75;0.36363636363636365;0.4432469973852208;Welche Maßnahmen können im Revisionskonzept definiert werden, um das Risiko einer Scheinsicherheit zu reduzieren?;2.0;2.0;Direkte Relevanz zu Sicherheitsprozess;Wie lässt sich die Einhaltung gesetzlicher Vorgaben im Rahmen eines aktualisierten Sicherheitsprozesses prüfen?;2.0;2.0;Direkte Relevanz zur Einhaltung gesetzlicher Vorgaben;Welche Rolle spielt das Patch‑ und Änderungsmanagement bei der Aufrechterhaltung des Sicherheitsniveaus?;2.0;2.0;Direkte Verbindung zu Patchmanagement;2.0;2.0
Muss es für Telearbeit formale Regelungen geben?;"Für Telearbeit müssen formale Regelungen existieren, um alle relevanten Aspekte zu regeln. Diese Regelungen müssen den Telearbeitenden zur Verfügung gestellt werden, um sicherzustellen, dass sie die geltenden Sicherheitsmaßnahmen verstehen und anwenden können. Quelle: OPS.1.2.4.A1 Regelungen für Telearbeit (B) [Vorgesetzte, Personalabteilung] 

Anschlussfragen:
1. Wie sollten die Regelungen für Telearbeit aktualisiert werden, um sicherzustellen, dass sie aktuell und effektiv bleiben?
2. Welche Rolle spielen Betriebsvereinbarungen und individuelle Vereinbarungen bei der Regelung von Telearbeit?
3. Wie können die Sicherheitsanforderungen an die Infrastruktur des Telearbeitsplatzes berücksichtigt werden, um eine sichere Telearbeitsumgebung zu gewährleisten?";Für Telearbeit müssen formale Regelungen existieren, um alle relevanten Aspekte zu regeln. Diese Regelungen müssen den Telearbeitenden zur Verfügung gestellt werden, um sicherzustellen, dass sie die geltenden Sicherheitsmaßnahmen verstehen und anwenden können. Quelle: OPS.1.2.4.A1 Regelungen für Telearbeit (B) [Vorgesetzte, Personalabteilung];OPS.1.2.4.A1 Regelungen für Telearbeit (B) [Vorgesetzte, Personalabteilung] Alle relevanten Aspekte der Telearbeit MÜSSEN geregelt werden. Zu Informationszwecken MÜSSEN den Telearbeitenden die geltenden Regelungen oder ein dafür vorgesehenes Merkblatt ausgehändigt werden, das die zu beachtenden Sicherheitsmaßnahmen erläutert. Alle strittigen Punkte MÜSSEN entweder durch Betriebsvereinbarungen oder durch zusätzlich zum Arbeitsvertrag getroffene individuelle Vereinbarungen zwischen dem Mitarbeitenden und der Institution geregelt werden. Die Regelungen MÜSSEN regelmäßig aktualisiert werden.;"Ja, der Baustein OPS.1.2.4 Telearbeit verlangt formale organisatorische Regelungen. Es MUSS festgelegt werden, welche Personen Zugriff auf die Telearbeitsrechner haben und für welche Zwecke diese genutzt werden dürfen Quelle: OPS.1.2.4 Telearbeit (S.1). Fehlende oder unzureichende Regelungen werden ausdrücklich als Risiko benannt; daher sind ergänzende organisatorische Absprachen zwischen Mitarbeitenden und Führungskräften zwingend erforderlich Quelle: Telearbeit – Fehlende oder unzureichende Regelungen für den Telearbeitsplatz (S.2). Zusätzlich SOLLTE ein Sicherheitskonzept für die Telearbeit erstellt werden, das Sicherheitsziele, Schutzbedarf, Anforderungen und Risiken beschreibt und regelmäßig aktualisiert wird Quelle: Erstellen eines Sicherheitskonzeptes für Telearbeit (S.3).

Anschlussfragen:
1. Welche konkreten Inhalte sollte das Sicherheitskonzept für Telearbeit enthalten?
2. Wie werden Zugriffsrechte für Telearbeitsrechner technisch umgesetzt?
3. Welche Maßnahmen sind für die Datensicherung von Telearbeitsplätzen vorgesehen?";"Ja, der Baustein OPS.1.2.4 Telearbeit verlangt formale organisatorische Regelungen. Es MUSS festgelegt werden, welche Personen Zugriff auf die Telearbeitsrechner haben und für welche Zwecke diese genutzt werden dürfen Quelle: OPS.1.2.4 Telearbeit (S.1). Fehlende oder unzureichende Regelungen werden ausdrücklich als Risiko benannt; daher sind ergänzende organisatorische Absprachen zwischen Mitarbeitenden und Führungskräften zwingend erforderlich Quelle: Telearbeit – Fehlende oder unzureichende Regelungen für den Telearbeitsplatz (S.2). Zusätzlich SOLLTE ein Sicherheitskonzept für die Telearbeit erstellt werden, das Sicherheitsziele, Schutzbedarf, Anforderungen und Risiken beschreibt und regelmäßig aktualisiert wird Quelle: Erstellen eines Sicherheitskonzeptes für Telearbeit (S.3).";"1. Welche konkreten Inhalte sollte das Sicherheitskonzept für Telearbeit enthalten?
2. Wie werden Zugriffsrechte für Telearbeitsrechner technisch umgesetzt?
3. Welche Maßnahmen sind für die Datensicherung von Telearbeitsplätzen vorgesehen?";3;3;0.9107142856991072;0.25;0.8571428571428571;0.33567871074940736;Welche konkreten Inhalte sollte das Sicherheitskonzept für Telearbeit enthalten?;2.0;2.0;Direkt relevante Vertiefung;Wie werden Zugriffsrechte für Telearbeitsrechner technisch umgesetzt?;1.0;2.0;Telearbeitsrechner-Zugriffsrechte;Welche Maßnahmen sind für die Datensicherung von Telearbeitsplätzen vorgesehen?;2.0;2.0;Direkt relevant zu Telearbeit;1.667;2.0
Welche grundlegenden Sicherheitsanforderungen gelten für Telearbeitsrechner?;"Für Telearbeitsrechner gelten grundlegende Sicherheitsanforderungen, die sicherstellen, dass nur autorisierte Personen Zugang haben und der Rechner nur für autorisierte Zwecke benutzt werden kann. Konkret MÜSSEN sicherheitstechnische Anforderungen festgelegt werden, die ein IT-System für die Telearbeit erfüllen muss Quelle: OPS.1.2.4.A2 (S. nicht spezifiziert). Dazu gehören die Absicherung des Telearbeitsrechners und die Gewährleistung, dass nur autorisierte Personen Zugang haben Quelle: OPS.1.2.4.A2 (S. nicht spezifiziert).

Anschlussfragen:
1. Wie können die sicherheitstechnischen Anforderungen an Telearbeitsrechner umgesetzt werden?
2. Welche Rolle spielt die sichere Telekommunikationsverbindung zwischen Telearbeitsplatz und Institution?
3. Wie werden Anforderungen an die Datensicherung bei der Telearbeit geregelt?";Für Telearbeitsrechner gelten grundlegende Sicherheitsanforderungen, die sicherstellen, dass nur autorisierte Personen Zugang haben und der Rechner nur für autorisierte Zwecke benutzt werden kann. Konkret MÜSSEN sicherheitstechnische Anforderungen festgelegt werden, die ein IT-System für die Telearbeit erfüllen muss Quelle: OPS.1.2.4.A2 (S. nicht spezifiziert). Dazu gehören die Absicherung des Telearbeitsrechners und die Gewährleistung, dass nur autorisierte Personen Zugang haben Quelle: OPS.1.2.4.A2 (S. nicht spezifiziert).;OPS.1.2.4.A2 Sicherheitstechnische Anforderungen an den Telearbeitsrechner (B) Es MÜSSEN sicherheitstechnische Anforderungen festgelegt werden, die ein IT-System für die Telearbeit erfüllen muss. Es MUSS sichergestellt werden, dass nur autorisierte Personen Zugang zu den Telearbeitsrechnern haben. Darüber hinaus MUSS der Telearbeitsrechner so abgesichert werden, dass er nur für autorisierte Zwecke benutzt werden kann.;"- Es MÜSSEN sicherheitstechnische Anforderungen festgelegt werden, die ein IT‑System für die Telearbeit erfüllen muss Quelle: Sicherheitstechnische Anforderungen an den Telearbeitsrechner (S.1)  
- Es MUSS sichergestellt werden, dass nur autorisierte Personen Zugang zu den Telearbeitsrechnern haben Quelle: Sicherheitstechnische Anforderungen an den Telearbeitsrechner (S.1)  
- Darüber hinaus MUSS der Telearbeitsrechner so abgesichert werden, dass er nur für autorisierte Zwecke benutzt werden kann Quelle: Sicherheitstechnische Anforderungen an den Telearbeitsrechner (S.1)  

Anschlussfragen:
1. Welche organisatorischen Maßnahmen ergänzen die technischen Anforderungen für Telearbeitsrechner?
2. Wie wird die sichere Telekommunikationsverbindung zwischen Telearbeitsrechner und Institution konkret umgesetzt?
3. Welche Rolle spielt das Sicherheitskonzept für Telearbeit bei der Umsetzung dieser Anforderungen?";"- Es MÜSSEN sicherheitstechnische Anforderungen festgelegt werden, die ein IT‑System für die Telearbeit erfüllen muss Quelle: Sicherheitstechnische Anforderungen an den Telearbeitsrechner (S.1)  
- Es MUSS sichergestellt werden, dass nur autorisierte Personen Zugang zu den Telearbeitsrechnern haben Quelle: Sicherheitstechnische Anforderungen an den Telearbeitsrechner (S.1)  
- Darüber hinaus MUSS der Telearbeitsrechner so abgesichert werden, dass er nur für autorisierte Zwecke benutzt werden kann Quelle: Sicherheitstechnische Anforderungen an den Telearbeitsrechner (S.1)";"1. Welche organisatorischen Maßnahmen ergänzen die technischen Anforderungen für Telearbeitsrechner?
2. Wie wird die sichere Telekommunikationsverbindung zwischen Telearbeitsrechner und Institution konkret umgesetzt?
3. Welche Rolle spielt das Sicherheitskonzept für Telearbeit bei der Umsetzung dieser Anforderungen?";3;3;0.5694444444254629;1.0;1.0;0.6363623688633174;Welche organisatorischen Maßnahmen ergänzen die technischen Anforderungen für Telearbeitsrechner?;2.0;2.0;Ergänzende organisatorische Maßnahmen;Wie wird die sichere Telekommunikationsverbindung zwischen Telearbeitsrechner und Institution konkret umgesetzt?;2.0;2.0;Telekommunikationsverbindung;Welche Rolle spielt das Sicherheitskonzept für Telearbeit bei der Umsetzung dieser Anforderungen?;2.0;2.0;Direkte Verbindung zum Sicherheitskonzept;2.0;2.0
Müssen Mitarbeitende speziell geschult werden?;"Mitarbeitende MÜSSEN speziell geschult werden, um die Gefahren, die mit der Telearbeit verbunden sind, zu erkennen und entsprechende Sicherheitsmaßnahmen anzuwenden. Dies umfasst eine Sensibilisierung für die Gefahren der Telearbeit sowie eine Schulung im Umgang mit den Sicherheitsmaßnahmen der Institution Quelle: OPS.1.2.4.A5 (S. nicht spezifiziert). Die Schulungs- und Sensibilisierungsmaßnahmen SOLLTEN regelmäßig wiederholt werden, um die Mitarbeitenden auf dem aktuellen Stand zu halten Quelle: OPS.1.2.4.A5 (S. nicht spezifiziert).

Anschlussfragen:
1. Welche spezifischen Sicherheitsmaßnahmen MÜSSEN den Mitarbeitenden beigebracht werden?
2. Wie oft SOLLTEN die Schulungs- und Sensibilisierungsmaßnahmen für die Mitarbeitenden wiederholt werden?
3. Welche Rolle spielt die Institution bei der Bereitstellung von Schulungs- und Sensibilisierungsmaßnahmen für die Telearbeit?";Mitarbeitende MÜSSEN speziell geschult werden, um die Gefahren, die mit der Telearbeit verbunden sind, zu erkennen und entsprechende Sicherheitsmaßnahmen anzuwenden. Dies umfasst eine Sensibilisierung für die Gefahren der Telearbeit sowie eine Schulung im Umgang mit den Sicherheitsmaßnahmen der Institution Quelle: OPS.1.2.4.A5 (S. nicht spezifiziert). Die Schulungs- und Sensibilisierungsmaßnahmen SOLLTEN regelmäßig wiederholt werden, um die Mitarbeitenden auf dem aktuellen Stand zu halten Quelle: OPS.1.2.4.A5 (S. nicht spezifiziert).;OPS.1.2.4.A5 Sensibilisierung und Schulung der Mitarbeitenden (B) Anhand eines Leitfadens MÜSSEN die Mitarbeitenden für die Gefahren sensibilisiert werden, die mit der Telearbeit verbunden sind. Außerdem MÜSSEN sie in die entsprechenden Sicherheitsmaßnahmen der Institution eingewiesen und im Umgang mit diesen geschult werden. Die Schulungs- und Sensibilisierungsmaßnahmen für Mitarbeitenden SOLLTEN regelmäßig wiederholt werden.;"Ja. Mitarbeitende MÜSSEN regelmäßig geschult bzw. weitergebildet werden, damit kein Mitarbeitender mit veralteten Wissensstand arbeitet Quelle: Qualifikation des Personals (S.1). Für das Notfallmanagement SOLLTEN alle Mitarbeitenden regelmäßig sensibilisiert werden und ein Schulungs‑ und Sensibilisierungskonzept muss vorhanden sein Quelle: Integration der Mitarbeitenden in den Notfallmanagement‑Prozess (S.2). Bei der Einführung von Sicherheitsmaßnahmen MÜSSEN die betroffenen Mitarbeitenden geschult werden, um Zweck und Handhabung zu verstehen Quelle: Sensibilisierung und Schulung der Mitarbeitenden (S.3). Neue Mitarbeitende MÜSSEN im Rahmen einer geregelten Einarbeitung über bestehende Regelungen, Handlungsanweisungen und Verfahrensweisen informiert werden Quelle: Geregelte Einarbeitung neuer Mitarbeitender (S.4).

Anschlussfragen:
1. Welche konkreten Inhalte sollten in einem regelmäßigen Notfall‑Schulungsplan enthalten sein?
2. Wie lässt sich der Erfolg von Schulungs‑ und Sensibilisierungsmaßnahmen messen?
3. Welche Rolle spielt die externe Fachberatung bei der Entwicklung von Schulungs‑konzepten?";Ja. Mitarbeitende MÜSSEN regelmäßig geschult bzw. weitergebildet werden, damit kein Mitarbeitender mit veralteten Wissensstand arbeitet Quelle: Qualifikation des Personals (S.1). Für das Notfallmanagement SOLLTEN alle Mitarbeitenden regelmäßig sensibilisiert werden und ein Schulungs‑ und Sensibilisierungskonzept muss vorhanden sein Quelle: Integration der Mitarbeitenden in den Notfallmanagement‑Prozess (S.2). Bei der Einführung von Sicherheitsmaßnahmen MÜSSEN die betroffenen Mitarbeitenden geschult werden, um Zweck und Handhabung zu verstehen Quelle: Sensibilisierung und Schulung der Mitarbeitenden (S.3). Neue Mitarbeitende MÜSSEN im Rahmen einer geregelten Einarbeitung über bestehende Regelungen, Handlungsanweisungen und Verfahrensweisen informiert werden Quelle: Geregelte Einarbeitung neuer Mitarbeitender (S.4).;"1. Welche konkreten Inhalte sollten in einem regelmäßigen Notfall‑Schulungsplan enthalten sein?
2. Wie lässt sich der Erfolg von Schulungs‑ und Sensibilisierungsmaßnahmen messen?
3. Welche Rolle spielt die externe Fachberatung bei der Entwicklung von Schulungs‑konzepten?";3;3;0.9999999999875;1.0;0.625;0.5715639458973714;Welche konkreten Inhalte sollten in einem regelmäßigen Notfall‑Schulungsplan enthalten sein?;2.0;2.0;Direkte Bezug auf Notfall-Schulung;Wie lässt sich der Erfolg von Schulungs‑ und Sensibilisierungsmaßnahmen messen?;2.0;2.0;Direkte Messung von Schulungserfolg;Welche Rolle spielt die externe Fachberatung bei der Entwicklung von Schulungs‑konzepten?;2.0;2.0;Externe Fachberatung bei Schulungskonzepten;2.0;2.0
Muss es ein eigenes Sicherheitskonzept für Telearbeit geben?;"Es SOLLTE ein Sicherheitskonzept für die Telearbeit erstellt werden, das Sicherheitsziele, Schutzbedarf, Sicherheitsanforderungen sowie Risiken beschreibt Quelle: OPS.1.2.4.A6 (S). Dieses Konzept SOLLTE regelmäßig aktualisiert und überarbeitet werden und auf das übergreifende Sicherheitskonzept der Institution abgestimmt werden Quelle: OPS.1.2.4.A6 (S).

Anschlussfragen:
1. Wie sollten die Sicherheitsanforderungen an die Infrastruktur des Telearbeitsplatzes berücksichtigt werden?
2. Welche Rolle spielt die Kommunikationsverbindung zwischen Telearbeitsrechnern und Institution bei der Telearbeit?
3. Wie können die IT-Systeme für die Telearbeit konfiguriert und abgesichert werden?";Es SOLLTE ein Sicherheitskonzept für die Telearbeit erstellt werden, das Sicherheitsziele, Schutzbedarf, Sicherheitsanforderungen sowie Risiken beschreibt Quelle: OPS.1.2.4.A6 (S). Dieses Konzept SOLLTE regelmäßig aktualisiert und überarbeitet werden und auf das übergreifende Sicherheitskonzept der Institution abgestimmt werden Quelle: OPS.1.2.4.A6 (S).;OPS.1.2.4.A6 Erstellen eines Sicherheitskonzeptes für Telearbeit (S) Es SOLLTE ein Sicherheitskonzept für die Telearbeit erstellt werden, das Sicherheitsziele, Schutzbedarf, Sicherheitsanforderungen sowie Risiken beschreibt. Das Konzept SOLLTE regelmäßig aktualisiert und überarbeitet werden. Das Sicherheitskonzept zur Telearbeit SOLLTE auf das übergreifende Sicherheitskonzept der Institution abgestimmt werden.;"Ein eigenes Sicherheitskonzept für Telearbeit ist **nicht zwingend** vorgeschrieben, es **SOLLTE** jedoch erstellt werden, um Sicherheitsziele, Schutzbedarf, Anforderungen und Risiken zu beschreiben und regelmäßig zu aktualisieren; das Konzept muss mit dem übergreifenden Sicherheitskonzept der Institution abgestimmt sein Quelle: Erstellen eines Sicherheitskonzeptes für Telearbeit (S.1).  

Zusätzlich verlangt der Baustein OPS.1.2.4, dass **sicherheitstechnische Anforderungen** an den Telearbeitsrechner festgelegt und umgesetzt werden (MUSS) Quelle: OPS.1.2.4 Telearbeit (S.1).  

Damit ist ein eigenständiges Konzept zwar nicht verpflichtend, aber stark empfohlen, um die organisatorischen und technischen Vorgaben zu dokumentieren und deren Wirksamkeit nachzuweisen.  

Anschlussfragen:
1. Welche konkreten sicherheitstechnischen Anforderungen müssen an den Telearbeitsrechner gestellt werden?
2. Wie wird die Abstimmung des Telearbeit‑Konzepts mit dem übergreifenden Sicherheitskonzept praktisch umgesetzt?
3. Welche Maßnahmen sind für die regelmäßige Aktualisierung und Überprüfung des Telearbeit‑Konzepts vorgesehen?";"Ein eigenes Sicherheitskonzept für Telearbeit ist **nicht zwingend** vorgeschrieben, es **SOLLTE** jedoch erstellt werden, um Sicherheitsziele, Schutzbedarf, Anforderungen und Risiken zu beschreiben und regelmäßig zu aktualisieren; das Konzept muss mit dem übergreifenden Sicherheitskonzept der Institution abgestimmt sein Quelle: Erstellen eines Sicherheitskonzeptes für Telearbeit (S.1).  

Zusätzlich verlangt der Baustein OPS.1.2.4, dass **sicherheitstechnische Anforderungen** an den Telearbeitsrechner festgelegt und umgesetzt werden (MUSS) Quelle: OPS.1.2.4 Telearbeit (S.1).  

Damit ist ein eigenständiges Konzept zwar nicht verpflichtend, aber stark empfohlen, um die organisatorischen und technischen Vorgaben zu dokumentieren und deren Wirksamkeit nachzuweisen.";"1. Welche konkreten sicherheitstechnischen Anforderungen müssen an den Telearbeitsrechner gestellt werden?
2. Wie wird die Abstimmung des Telearbeit‑Konzepts mit dem übergreifenden Sicherheitskonzept praktisch umgesetzt?
3. Welche Maßnahmen sind für die regelmäßige Aktualisierung und Überprüfung des Telearbeit‑Konzepts vorgesehen?";3;3;0.6999999999766667;0.75;0.4;0.6238504860253229;Welche konkreten sicherheitstechnischen Anforderungen müssen an den Telearbeitsrechner gestellt werden?;2.0;2.0;Direkte Anforderungen;Wie wird die Abstimmung des Telearbeit‑Konzepts mit dem übergreifenden Sicherheitskonzept praktisch umgesetzt?;2.0;2.0;Abstimmung mit Sicherheitskonzept;Welche Maßnahmen sind für die regelmäßige Aktualisierung und Überprüfung des Telearbeit‑Konzepts vorgesehen?;2.0;2.0;Direkte Maßnahmen im IT-Grundschutz;2.0;2.0
Wie soll die Nutzung von Internet und Kommunikationsmitteln geregelt werden?;"Die Nutzung von Internet und Kommunikationsmitteln bei der Telearbeit SOLLTE klar geregelt werden, um Missbrauch zu vermeiden. Die dienstliche und private Nutzung von Internetdiensten SOLLTE geregelt werden, einschließlich der Klärung, ob eine private Nutzung generell erlaubt oder unterbunden wird Quelle: OPS.1.2.4.A7 (S). 

Anschlussfragen:
1. Wie können die Kommunikationsmöglichkeiten bei der Telearbeit unter welchen Rahmenbedingungen genutzt werden?
2. Welche Rolle spielt die Datensicherung bei der Telearbeit, wenn Daten nicht unmittelbar auf IT-Systemen der Institution gespeichert werden?
3. Wie können die Sicherheitsanforderungen an die Infrastruktur des Telearbeitsplatzes berücksichtigt werden?";Die Nutzung von Internet und Kommunikationsmitteln bei der Telearbeit SOLLTE klar geregelt werden, um Missbrauch zu vermeiden. Die dienstliche und private Nutzung von Internetdiensten SOLLTE geregelt werden, einschließlich der Klärung, ob eine private Nutzung generell erlaubt oder unterbunden wird Quelle: OPS.1.2.4.A7 (S).;OPS.1.2.4.A7 Regelung der Nutzung von Kommunikationsmöglichkeiten bei Telearbeit (S) [IT-Betrieb, Mitarbeitende] Es SOLLTE klar geregelt werden, welche Kommunikationsmöglichkeiten bei der Telearbeit unter welchen Rahmenbedingungen genutzt werden dürfen. Die dienstliche und private Nutzung von Internetdiensten bei der Telearbeit SOLLTE geregelt werden. Dabei SOLLTE auch geklärt werden, ob eine private Nutzung generell erlaubt oder unterbunden wird.;"Im bereitgestellten Kontext nicht enthalten  

Anschlussfragen:
1. Welche Bausteine des IT‑Grundschutz‑Kompendiums behandeln die generelle Richtlinie für mobile Endgeräte?
2. Wie wird im IT‑Grundschutz die Erstellung und Pflege von WLAN‑Nutzungsrichtlinien konkretisiert?
3. Welche Anforderungen stellt das Baustein‑Modul für die Firewall‑Regeldefinition?";Im bereitgestellten Kontext nicht enthalten;"1. Welche Bausteine des IT‑Grundschutz‑Kompendiums behandeln die generelle Richtlinie für mobile Endgeräte?
2. Wie wird im IT‑Grundschutz die Erstellung und Pflege von WLAN‑Nutzungsrichtlinien konkretisiert?
3. Welche Anforderungen stellt das Baustein‑Modul für die Firewall‑Regeldefinition?";3;3;0.37499999998125;0.0;0.0;0.8454981171702687;Welche Bausteine des IT‑Grundschutz‑Kompendiums behandeln die generelle Richtlinie für mobile Endgeräte?;1.0;1.0;Teilweise abgedeckt, thematisch verwandt;Wie wird im IT‑Grundschutz die Erstellung und Pflege von WLAN‑Nutzungsrichtlinien konkretisiert?;2.0;2.0;Direkte Erstellung von Richtlinien;Welche Anforderungen stellt das Baustein‑Modul für die Firewall‑Regeldefinition?;2.0;1.0;Firewall-Regeldefinition;1.667;1.333
Wie wird sichergestellt, dass Telearbeitende gut informiert bleiben?;"Um sicherzustellen, dass Telearbeitende gut informiert bleiben, SOLLTE ein regelmäßiger innerbetrieblicher Informationsaustausch zwischen den Mitarbeitenden und der Institution gewährleistet sein Quelle: OPS.1.2.4.A8 (S). Alle Mitarbeitenden SOLLTEN zeitnah über geänderte Sicherheitsanforderungen und andere sicherheitsrelevante Aspekte informiert werden Quelle: OPS.1.2.4.A8 (S). 

Anschlussfragen:
1. Wie werden technische und organisatorische Telearbeitsregelungen zur Aufgabenbewältigung und zu Sicherheitsvorfällen geregelt und kommuniziert?
2. Welche Rolle spielt die sichere Telekommunikationsverbindung zwischen dem Telearbeitsplatz und der Institution bei der Informationsübermittlung?
3. Wie werden Anforderungen an die Datensicherung bei der Telearbeit geregelt, wenn Daten nicht unmittelbar auf IT-Systemen der Institution gespeichert werden?";Um sicherzustellen, dass Telearbeitende gut informiert bleiben, SOLLTE ein regelmäßiger innerbetrieblicher Informationsaustausch zwischen den Mitarbeitenden und der Institution gewährleistet sein Quelle: OPS.1.2.4.A8 (S). Alle Mitarbeitenden SOLLTEN zeitnah über geänderte Sicherheitsanforderungen und andere sicherheitsrelevante Aspekte informiert werden Quelle: OPS.1.2.4.A8 (S).;OPS.1.2.4.A8 Informationsfluss zwischen Mitarbeitenden und Institution (S) [Vorgesetzte, Mitarbeitende] Ein regelmäßiger innerbetrieblicher Informationsaustausch zwischen den Mitarbeitenden und der Institution SOLLTE gewährleistet sein. Alle Mitarbeitenden SOLLTEN zeitnah über geänderte Sicherheitsanforderungen und andere sicherheitsrelevante Aspekte informiert werden. Allen Kollegen und Kolleginnen der jeweiligen Mitarbeitenden SOLLTE bekannt sein, wann und wo diese erreicht werden können. Technische und organisatorische Telearbeitsregelungen zur Aufgabenbewältigung, zu Sicherheitsvorfällen und sonstigen Problemen SOLLTEN geregelt und an die Mitarbeitenden kommuniziert werden.;"Um Telearbeitende kontinuierlich gut zu informieren, sieht der Baustein OPS.1.2.4 folgende Maßnahmen vor:

- Ein Leitfaden MUSS erstellt werden, der die Gefahren der Telearbeit beschreibt und die Mitarbeitenden in die jeweiligen Sicherheitsmaßnahmen einweist; die Schulungs‑ und Sensibilisierungsmaßnahmen SOLLTEN regelmäßig wiederholt werden Quelle: Sensibilisierung und Schulung der Mitarbeitenden (S.1).

- Alle Mitarbeitenden erhalten zeitgleich oder früher als die allgemeine Öffentlichkeit dieselben Informationen aus der externen NuK‑Kommunikation, sodass sie nicht erst über Medien von Vorfällen erfahren und Gerüchten vorgebeugt wird Quelle: Praxisbeispiel zur internen Kommunikation (S.1).

- Die Aufgaben, Zuständigkeiten und der rechtliche Rahmen MUSS den Mitarbeitenden bekannt sein und dokumentiert werden, damit sie die Informationssicherheit auch außerhalb der Institution berücksichtigen können Quelle: Aufgaben und Zuständigkeiten von Mitarbeitenden (S.1).

- Regelmäßige organisatorische Absprachen zwischen Führungskräften und Telearbeitenden sowie klare Handlungsanweisungen für sicherheitsrelevante Vorfälle verhindern eine mangelhafte Einbindung in den Informationsfluss Quelle: Mangelhafte Einbindung der Mitarbeitenden in den Informationsfluss (S.1).

- Durch wiederholte Sensibilisierungs‑ und Schulungsmaßnahmen wird sichergestellt, dass Telearbeitende stets über aktuelle Bedrohungen und Schutzmaßnahmen informiert bleiben Quelle: Sensibilisierung und Schulung der Mitarbeitenden (S.1).

Anschlussfragen:
1. Welche konkreten Inhalte sollte der Leitfaden für Telearbeitende enthalten?
2. Wie können regelmäßige Wiederholungen der Sensibilisierungsmaßnahmen praktisch umgesetzt werden?
3. Welche Rollen sind für die Dokumentation und Kommunikation der Sicherheitsanforderungen verantwortlich?";"Um Telearbeitende kontinuierlich gut zu informieren, sieht der Baustein OPS.1.2.4 folgende Maßnahmen vor:

- Ein Leitfaden MUSS erstellt werden, der die Gefahren der Telearbeit beschreibt und die Mitarbeitenden in die jeweiligen Sicherheitsmaßnahmen einweist; die Schulungs‑ und Sensibilisierungsmaßnahmen SOLLTEN regelmäßig wiederholt werden Quelle: Sensibilisierung und Schulung der Mitarbeitenden (S.1).

- Alle Mitarbeitenden erhalten zeitgleich oder früher als die allgemeine Öffentlichkeit dieselben Informationen aus der externen NuK‑Kommunikation, sodass sie nicht erst über Medien von Vorfällen erfahren und Gerüchten vorgebeugt wird Quelle: Praxisbeispiel zur internen Kommunikation (S.1).

- Die Aufgaben, Zuständigkeiten und der rechtliche Rahmen MUSS den Mitarbeitenden bekannt sein und dokumentiert werden, damit sie die Informationssicherheit auch außerhalb der Institution berücksichtigen können Quelle: Aufgaben und Zuständigkeiten von Mitarbeitenden (S.1).

- Regelmäßige organisatorische Absprachen zwischen Führungskräften und Telearbeitenden sowie klare Handlungsanweisungen für sicherheitsrelevante Vorfälle verhindern eine mangelhafte Einbindung in den Informationsfluss Quelle: Mangelhafte Einbindung der Mitarbeitenden in den Informationsfluss (S.1).

- Durch wiederholte Sensibilisierungs‑ und Schulungsmaßnahmen wird sichergestellt, dass Telearbeitende stets über aktuelle Bedrohungen und Schutzmaßnahmen informiert bleiben Quelle: Sensibilisierung und Schulung der Mitarbeitenden (S.1).";"1. Welche konkreten Inhalte sollte der Leitfaden für Telearbeitende enthalten?
2. Wie können regelmäßige Wiederholungen der Sensibilisierungsmaßnahmen praktisch umgesetzt werden?
3. Welche Rollen sind für die Dokumentation und Kommunikation der Sicherheitsanforderungen verantwortlich?";3;3;0.733333333315;0.8;0.75;0.6070938437295068;Welche konkreten Inhalte sollte der Leitfaden für Telearbeitende enthalten?;2.0;2.0;Leitfaden für Telearbeit;Wie können regelmäßige Wiederholungen der Sensibilisierungsmaßnahmen praktisch umgesetzt werden?;2.0;2.0;Sensibilisierungsmaßnahmen;Welche Rollen sind für die Dokumentation und Kommunikation der Sicherheitsanforderungen verantwortlich?;2.0;2.0;Rollen und Kommunikation;2.0;2.0
Was muss zur Einrichtung eines Telearbeitsplatzes beachtet werden?;"Bevor ein Telearbeitsplatz eingerichtet wird, SOLLTE eine Anforderungsanalyse durchgeführt werden, um die benötigten Hard- und Software-Komponenten zu bestimmen Quelle: OPS.1.2.4.A10 (S). Die Anforderungen an den jeweiligen Telearbeitsplatz SOLLTEN mit den IT-Verantwortlichen abgestimmt werden Quelle: OPS.1.2.4.A10 (S). Es SOLLTE immer festgestellt und dokumentiert werden, welchen Schutzbedarf die am Telearbeitsplatz verarbeiteten Informationen haben Quelle: OPS.1.2.4.A10 (S).

Anschlussfragen:
1. Wie sollten die Anforderungen an den Telearbeitsplatz mit den IT-Verantwortlichen abgestimmt werden?
2. Welche Rolle spielt die Anforderungsanalyse bei der Einrichtung eines Telearbeitsplatzes?
3. Wie können die Sicherheitsanforderungen an die Infrastruktur des Telearbeitsplatzes berücksichtigt werden?";Bevor ein Telearbeitsplatz eingerichtet wird, SOLLTE eine Anforderungsanalyse durchgeführt werden, um die benötigten Hard- und Software-Komponenten zu bestimmen Quelle: OPS.1.2.4.A10 (S). Die Anforderungen an den jeweiligen Telearbeitsplatz SOLLTEN mit den IT-Verantwortlichen abgestimmt werden Quelle: OPS.1.2.4.A10 (S). Es SOLLTE immer festgestellt und dokumentiert werden, welchen Schutzbedarf die am Telearbeitsplatz verarbeiteten Informationen haben Quelle: OPS.1.2.4.A10 (S).;OPS.1.2.4.A10 Durchführung einer Anforderungsanalyse für den Telearbeitsplatz (S) [IT-Betrieb] Bevor ein Telearbeitsplatz eingerichtet wird, SOLLTE eine Anforderungsanalyse durchgeführt werden. Daraus SOLLTE z. B. hervorgehen, welche Hard- und Software-Komponenten für den Telearbeitsplatz benötigt werden. Die Anforderungen an den jeweiligen Telearbeitsplatz SOLLTEN mit den ITVerantwortlichen abgestimmt werden. Es SOLLTE immer festgestellt und dokumentiert werden, welchen Schutzbedarf die am Telearbeitsplatz verarbeiteten Informationen haben.;"- **Organisatorische Regelungen**: Es MUSS ergänzende Absprachen zwischen Mitarbeitenden und Führungskräften geben, die den Zugriff, die Erreichbarkeit und das Vorgehen bei sicherheitsrelevanten Vorfällen festlegen Quelle: Telearbeit – Fehlende oder unzureichende Regelungen für den Telearbeitsplatz (S.1)

- **Zugangs‑ und Nutzungsberechtigung**: Es MUSS sichergestellt werden, dass nur autorisierte Personen Zugang zu den Telearbeitsrechnern haben und dass diese Rechner ausschließlich für autorisierte Zwecke genutzt werden Quelle: Sicherheitsanforderungen an den Telearbeitsrechner (S.2)

- **Sicherheitskonzept**: Es SOLLTE ein Sicherheitskonzept für die Telearbeit erstellt werden, das Ziele, Schutzbedarf, Anforderungen und Risiken beschreibt und regelmäßig aktualisiert wird Quelle: Erstellen eines Sicherheitskonzeptes für Telearbeit (S.3)

- **Sichere Telekommunikationsverbindung**: Der Telearbeitsplatz muss über eine gesicherte Verbindung zur Institution verfügen (z. B. VPN), die den vertraulichen Austausch von Daten ermöglicht Quelle: OPS.1.2.4 Telearbeit – Annahme einer sicheren Telekommunikationsverbindung (S.4)

- **Infrastruktur des häuslichen Arbeitsplatzes**: Die baulichen und betrieblichen Maßnahmen des häuslichen Arbeitsplatzes müssen ein Sicherheitsniveau erreichen, das mit einem Büroraum vergleichbar ist (z. B. Zugangskontrolle, Trennung von privaten Geräten) Quelle: INF.8 Häuslicher Arbeitsplatz – Zielsetzung (S.5)

- **Datensicherung**: Wenn Daten nicht unmittelbar auf Institution‑Servern gespeichert werden, MUSS ein Verfahren zur Datensicherung definiert sein, das im CON.3 Datensicherungskonzept beschrieben wird Quelle: Telearbeit – Hinweis auf Datensicherung (S.6)

- **Verbot unautorisierter Software**: Der Einsatz von nicht geprüfter Hard‑ oder Software am häuslichen Arbeitsplatz ist zu verhindern, um Schadsoftware zu vermeiden Quelle: Unerlaubte private Nutzung des dienstlichen Telearbeitsrechners (S.7)

Anschlussfragen:
1. Welche konkreten technischen Maßnahmen sind im Baustein SYS.2.1 für den Client‑Schutz vorgesehen?
2. Wie wird die sichere WLAN‑Nutzung im häuslichen Umfeld im Baustein NET.2 geregelt?
3. Welche Rollen sind für die Pflege des Fernwartungskonzepts in der OT verantwortlich?";"- **Organisatorische Regelungen**: Es MUSS ergänzende Absprachen zwischen Mitarbeitenden und Führungskräften geben, die den Zugriff, die Erreichbarkeit und das Vorgehen bei sicherheitsrelevanten Vorfällen festlegen Quelle: Telearbeit – Fehlende oder unzureichende Regelungen für den Telearbeitsplatz (S.1)

- **Zugangs‑ und Nutzungsberechtigung**: Es MUSS sichergestellt werden, dass nur autorisierte Personen Zugang zu den Telearbeitsrechnern haben und dass diese Rechner ausschließlich für autorisierte Zwecke genutzt werden Quelle: Sicherheitsanforderungen an den Telearbeitsrechner (S.2)

- **Sicherheitskonzept**: Es SOLLTE ein Sicherheitskonzept für die Telearbeit erstellt werden, das Ziele, Schutzbedarf, Anforderungen und Risiken beschreibt und regelmäßig aktualisiert wird Quelle: Erstellen eines Sicherheitskonzeptes für Telearbeit (S.3)

- **Sichere Telekommunikationsverbindung**: Der Telearbeitsplatz muss über eine gesicherte Verbindung zur Institution verfügen (z. B. VPN), die den vertraulichen Austausch von Daten ermöglicht Quelle: OPS.1.2.4 Telearbeit – Annahme einer sicheren Telekommunikationsverbindung (S.4)

- **Infrastruktur des häuslichen Arbeitsplatzes**: Die baulichen und betrieblichen Maßnahmen des häuslichen Arbeitsplatzes müssen ein Sicherheitsniveau erreichen, das mit einem Büroraum vergleichbar ist (z. B. Zugangskontrolle, Trennung von privaten Geräten) Quelle: INF.8 Häuslicher Arbeitsplatz – Zielsetzung (S.5)

- **Datensicherung**: Wenn Daten nicht unmittelbar auf Institution‑Servern gespeichert werden, MUSS ein Verfahren zur Datensicherung definiert sein, das im CON.3 Datensicherungskonzept beschrieben wird Quelle: Telearbeit – Hinweis auf Datensicherung (S.6)

- **Verbot unautorisierter Software**: Der Einsatz von nicht geprüfter Hard‑ oder Software am häuslichen Arbeitsplatz ist zu verhindern, um Schadsoftware zu vermeiden Quelle: Unerlaubte private Nutzung des dienstlichen Telearbeitsrechners (S.7)";"1. Welche konkreten technischen Maßnahmen sind im Baustein SYS.2.1 für den Client‑Schutz vorgesehen?
2. Wie wird die sichere WLAN‑Nutzung im häuslichen Umfeld im Baustein NET.2 geregelt?
3. Welche Rollen sind für die Pflege des Fernwartungskonzepts in der OT verantwortlich?";3;3;0.32499999998375;0.0;0.8125;0.1851070934263112;Welche konkreten technischen Maßnahmen sind im Baustein SYS.2.1 für den Client‑Schutz vorgesehen?;2.0;2.0;Direkte Bezugnahme auf SYS.2.1;Wie wird die sichere WLAN‑Nutzung im häuslichen Umfeld im Baustein NET.2 geregelt?;2.0;2.0;Direkte Relevanz zu WLAN-Sicherheit;Welche Rollen sind für die Pflege des Fernwartungskonzepts in der OT verantwortlich?;1.0;1.0;Teilweise abgedeckt, thematisch verwandt;1.667;1.667
Wie werden Wartung und Support für Telearbeitsplätze organisiert?;"Für Telearbeitsplätze SOLLTE ein spezielles Betreuungs- und Wartungskonzept erstellt werden, das Aspekte wie Kontaktperson des IT-Betriebs, Wartungstermine, Fernwartung, Transport der IT-Geräte und Einführung von Standard-Telearbeitsrechnern regelt Quelle: OPS.1.2.4.A9 (S). Damit die Mitarbeitenden einsatzfähig bleiben, SOLLTEN für sie Kontaktpersonen für Hard- und Softwareprobleme benannt werden Quelle: OPS.1.2.4.A9 (S). 

Anschlussfragen:
1. Wie werden die Kommunikationsverbindungen zwischen Telearbeitsrechnern und Institution abgesichert?
2. Welche Rolle spielt der Baustein INF.8 Häuslicher Arbeitsplatz bei der Sicherheit des Telearbeitsplatzes?
3. Wie werden Datensicherungen für bei der Telearbeit veränderte Daten gehandhabt, wenn sie nicht unmittelbar auf IT-Systemen der Institution gespeichert werden?";Für Telearbeitsplätze SOLLTE ein spezielles Betreuungs- und Wartungskonzept erstellt werden, das Aspekte wie Kontaktperson des IT-Betriebs, Wartungstermine, Fernwartung, Transport der IT-Geräte und Einführung von Standard-Telearbeitsrechnern regelt Quelle: OPS.1.2.4.A9 (S). Damit die Mitarbeitenden einsatzfähig bleiben, SOLLTEN für sie Kontaktpersonen für Hard- und Softwareprobleme benannt werden Quelle: OPS.1.2.4.A9 (S).;OPS.1.2.4.A9 Betreuungs- und Wartungskonzept für Telearbeitsplätze (S) [ITBetrieb, Mitarbeitende] Für Telearbeitsplätze SOLLTE ein spezielles Betreuungs- und Wartungskonzept erstellt werden. Darin SOLLTEN folgende Aspekte geregelt werden: Kontaktperson des IT-Betriebs, Wartungstermine, Fernwartung, Transport der IT-Geräte und Einführung von Standard-Telearbeitsrechnern. Damit die Mitarbeitenden einsatzfähig bleiben, SOLLTEN für sie Kontaktpersonen für Hard- und Softwareprobleme benannt werden.;"- Die Wartung von Hardware, Firmware, Betriebssystem und Anwendungen **MUSS regelmäßig** erfolgen und in das **Patch‑ und Änderungsmanagement** eingebunden werden Quelle: OPS.1.1.3 Patch‑ und Änderungsmanagement (S.1)  
- Alle Wartungs‑ und Update‑Aufgaben **MÜSSEN geplant** und im **Wartungsvertrag** festgehalten sein; die Planung erfolgt in Abstimmung mit dem Hardware‑Support Quelle: OPS.1.2.4 Telearbeit (S.2)  
- **Updates dürfen nur unter Kontrolle der Betreibenden** durchgeführt werden – entweder lokal über SE (Support Elements) bzw. HMC (Hardware Management Console) oder remote über die **Remote Support Facility (RSF)** Quelle: Wartung von Z‑Systemen (S.3)  
- Der Einsatz der **RSF** **MUSS** im Wartungsvertrag definiert, die **Konfiguration darf nur von autorisierten Personen** geändert werden, und **Firmware‑Modifikationen** müssen nach Abschluss **explizit freigegeben und wieder deaktiviert** werden Quelle: Einsatz und Sicherung der Remote Support Facility (S.4)  
- Die RSF‑Kommunikation **MUSS** über einen Proxy‑Server und zusätzlich über gesicherte Verbindungen (z. B. TLS) laufen, um die Integrität und Vertraulichkeit der Wartungsdaten zu gewährleisten Quelle: Einsatz und Sicherung der Remote Support Facility (S.5)  

Anschlussfragen:
1. Welche konkreten Rollen sind für die Autorisierung von RSF‑Änderungen im Telearbeits‑Umfeld verantwortlich?
2. Wie wird die Dokumentation von Wartungs‑ und Patch‑Maßnahmen im Änderungsmanagement nachgewiesen?
3. Welche zusätzlichen Sicherheitsmaßnahmen sind für die Fernwartung von Telearbeits‑Clients zu berücksichtigen?";"- Die Wartung von Hardware, Firmware, Betriebssystem und Anwendungen **MUSS regelmäßig** erfolgen und in das **Patch‑ und Änderungsmanagement** eingebunden werden Quelle: OPS.1.1.3 Patch‑ und Änderungsmanagement (S.1)  
- Alle Wartungs‑ und Update‑Aufgaben **MÜSSEN geplant** und im **Wartungsvertrag** festgehalten sein; die Planung erfolgt in Abstimmung mit dem Hardware‑Support Quelle: OPS.1.2.4 Telearbeit (S.2)  
- **Updates dürfen nur unter Kontrolle der Betreibenden** durchgeführt werden – entweder lokal über SE (Support Elements) bzw. HMC (Hardware Management Console) oder remote über die **Remote Support Facility (RSF)** Quelle: Wartung von Z‑Systemen (S.3)  
- Der Einsatz der **RSF** **MUSS** im Wartungsvertrag definiert, die **Konfiguration darf nur von autorisierten Personen** geändert werden, und **Firmware‑Modifikationen** müssen nach Abschluss **explizit freigegeben und wieder deaktiviert** werden Quelle: Einsatz und Sicherung der Remote Support Facility (S.4)  
- Die RSF‑Kommunikation **MUSS** über einen Proxy‑Server und zusätzlich über gesicherte Verbindungen (z. B. TLS) laufen, um die Integrität und Vertraulichkeit der Wartungsdaten zu gewährleisten Quelle: Einsatz und Sicherung der Remote Support Facility (S.5)";"1. Welche konkreten Rollen sind für die Autorisierung von RSF‑Änderungen im Telearbeits‑Umfeld verantwortlich?
2. Wie wird die Dokumentation von Wartungs‑ und Patch‑Maßnahmen im Änderungsmanagement nachgewiesen?
3. Welche zusätzlichen Sicherheitsmaßnahmen sind für die Fernwartung von Telearbeits‑Clients zu berücksichtigen?";3;3;0.1249999999875;0.0;0.7647058823529411;0.16906561805838735;Welche konkreten Rollen sind für die Autorisierung von RSF‑Änderungen im Telearbeits‑Umfeld verantwortlich?;1.0;2.0;Telearbeits-Umfeld und RSF;Wie wird die Dokumentation von Wartungs‑ und Patch‑Maßnahmen im Änderungsmanagement nachgewiesen?;2.0;2.0;Direkt relevante Vertiefung;Welche zusätzlichen Sicherheitsmaßnahmen sind für die Fernwartung von Telearbeits‑Clients zu berücksichtigen?;2.0;2.0;Direkte Sicherheitsmaßnahmen;1.667;2.0
Wie wird sichergestellt, dass Telearbeit in das übergreifende Sicherheitskonzept integriert ist?;"Das Sicherheitskonzept für Telearbeit SOLLTE auf das übergreifende Sicherheitskonzept der Institution abgestimmt werden, um sicherzustellen, dass Telearbeit in das übergreifende Sicherheitskonzept integriert ist Quelle: OPS.1.2.4.A6 (S.). Dies geschieht durch die Erstellung eines Sicherheitskonzeptes für die Telearbeit, das Sicherheitsziele, Schutzbedarf, Sicherheitsanforderungen sowie Risiken beschreibt und regelmäßig aktualisiert wird Quelle: OPS.1.2.4.A6 (S.).

Anschlussfragen:
1. Wie werden die Sicherheitsanforderungen an die Infrastruktur des Telearbeitsplatzes berücksichtigt?
2. Welche Rolle spielen die Bausteine INF.8 Häuslicher Arbeitsplatz und INF.9 Mobiler Arbeitsplatz bei der Sicherheit von Telearbeitsplätzen?
3. Wie werden Daten, die bei der Telearbeit verändert wurden, gesichert, wenn sie nicht unmittelbar auf IT-Systemen der Institution gespeichert werden?";Das Sicherheitskonzept für Telearbeit SOLLTE auf das übergreifende Sicherheitskonzept der Institution abgestimmt werden, um sicherzustellen, dass Telearbeit in das übergreifende Sicherheitskonzept integriert ist Quelle: OPS.1.2.4.A6 (S.). Dies geschieht durch die Erstellung eines Sicherheitskonzeptes für die Telearbeit, das Sicherheitsziele, Schutzbedarf, Sicherheitsanforderungen sowie Risiken beschreibt und regelmäßig aktualisiert wird Quelle: OPS.1.2.4.A6 (S.).;"OPS.1.2.4.A6 Erstellen eines Sicherheitskonzeptes für Telearbeit (S) 
Es SOLLTE ein Sicherheitskonzept für die Telearbeit erstellt werden, das Sicherheitsziele, Schutzbedarf, Sicherheitsanforderungen sowie Risiken beschreibt. Das Konzept SOLLTE regelmäßig aktualisiert und überarbeitet werden. Das Sicherheitskonzept zur Telearbeit SOLLTE auf das übergreifende Sicherheitskonzept der Institution abgestimmt werden.";"Ein Sicherheitskonzept für die Telearbeit MUSS erstellt werden, das Sicherheitsziele, Schutzbedarf, Anforderungen und Risiken beschreibt Quelle: Erstellen eines Sicherheitskonzeptes für Telearbeit (S.1).  
Dieses Konzept SOLLTE regelmäßig aktualisiert und überarbeitet werden Quelle: Erstellen eines Sicherheitskonzeptes für Telearbeit (S.1).  
Das Sicherheitskonzept zur Telearbeit MUSS auf das übergreifende Sicherheitskonzept der Institution abgestimmt werden Quelle: Erstellen eines Sicherheitskonzeptes für Telearbeit (S.1).  
Durch die Abstimmung werden alle organisatorischen, technischen und personellen Maßnahmen der Telearbeit in die institutionelle Sicherheitsstrategie eingebunden, sodass sie denselben Sicherheitszielen und -prozessen folgen Quelle: Erstellen eines Sicherheitskonzeptes für Telearbeit (S.1).  
Der Baustein OPS.1.2.4 Telearbeit definiert, dass er für jeden Telearbeitsplatz anzuwenden ist und damit integraler Bestandteil des institutionellen Sicherheitsrahmens wird Quelle: Abgrenzung Und Modellierung (S.2).

Anschlussfragen:
1. Welche konkreten Inhalte sollten im Sicherheitskonzept für Telearbeit enthalten sein?
2. Wie wird die regelmäßige Aktualisierung des Telearbeit‑Sicherheitskonzepts praktisch umgesetzt?
3. Welche Rollen sind für die Abstimmung des Telearbeit‑Konzepts mit dem übergreifenden Sicherheitskonzept verantwortlich?";"Ein Sicherheitskonzept für die Telearbeit MUSS erstellt werden, das Sicherheitsziele, Schutzbedarf, Anforderungen und Risiken beschreibt Quelle: Erstellen eines Sicherheitskonzeptes für Telearbeit (S.1).  
Dieses Konzept SOLLTE regelmäßig aktualisiert und überarbeitet werden Quelle: Erstellen eines Sicherheitskonzeptes für Telearbeit (S.1).  
Das Sicherheitskonzept zur Telearbeit MUSS auf das übergreifende Sicherheitskonzept der Institution abgestimmt werden Quelle: Erstellen eines Sicherheitskonzeptes für Telearbeit (S.1).  
Durch die Abstimmung werden alle organisatorischen, technischen und personellen Maßnahmen der Telearbeit in die institutionelle Sicherheitsstrategie eingebunden, sodass sie denselben Sicherheitszielen und -prozessen folgen Quelle: Erstellen eines Sicherheitskonzeptes für Telearbeit (S.1).  
Der Baustein OPS.1.2.4 Telearbeit definiert, dass er für jeden Telearbeitsplatz anzuwenden ist und damit integraler Bestandteil des institutionellen Sicherheitsrahmens wird Quelle: Abgrenzung Und Modellierung (S.2).";"1. Welche konkreten Inhalte sollten im Sicherheitskonzept für Telearbeit enthalten sein?
2. Wie wird die regelmäßige Aktualisierung des Telearbeit‑Sicherheitskonzepts praktisch umgesetzt?
3. Welche Rollen sind für die Abstimmung des Telearbeit‑Konzepts mit dem übergreifenden Sicherheitskonzept verantwortlich?";3;3;0.6388888888675925;0.75;0.3333333333333333;0.6286852988929984;Welche konkreten Inhalte sollten im Sicherheitskonzept für Telearbeit enthalten sein?;2.0;2.0;Direkte Abdeckung;Wie wird die regelmäßige Aktualisierung des Telearbeit‑Sicherheitskonzepts praktisch umgesetzt?;2.0;2.0;Aktualisierung des Sicherheitskonzepts;Welche Rollen sind für die Abstimmung des Telearbeit‑Konzepts mit dem übergreifenden Sicherheitskonzept verantwortlich?;1.0;2.0;Rollenverantwortung teilweise abgedeckt;1.667;2.0
Wie wird der Schutzbedarf der Informationen bei der Entscheidung für Telearbeit berücksichtigt?;"Beim Einrichten eines Telearbeitsplatzes SOLLTE eine Anforderungsanalyse durchgeführt werden, um den Schutzbedarf der verarbeiteten Informationen zu bestimmen Quelle: OPS.1.2.4.A10 (S). Dieser Schutzbedarf SOLLTE dokumentiert und mit den IT-Verantwortlichen abgestimmt werden, um sicherzustellen, dass die Hard- und Software-Komponenten des Telearbeitsplatzes den Anforderungen entsprechen Quelle: OPS.1.2.4.A10 (S). 

Anschlussfragen:
1. Wie werden die Anforderungen an den Telearbeitsplatz mit den IT-Verantwortlichen abgestimmt?
2. Welche Rolle spielt die Datensicherung bei der Telearbeit, wenn Daten nicht unmittelbar auf IT-Systemen der Institution gespeichert werden?
3. Wie werden die Sicherheitsanforderungen an die Infrastruktur des Telearbeitsplatzes berücksichtigt?";Beim Einrichten eines Telearbeitsplatzes SOLLTE eine Anforderungsanalyse durchgeführt werden, um den Schutzbedarf der verarbeiteten Informationen zu bestimmen Quelle: OPS.1.2.4.A10 (S). Dieser Schutzbedarf SOLLTE dokumentiert und mit den IT-Verantwortlichen abgestimmt werden, um sicherzustellen, dass die Hard- und Software-Komponenten des Telearbeitsplatzes den Anforderungen entsprechen Quelle: OPS.1.2.4.A10 (S).;OPS.1.2.4.A10 Durchführung einer Anforderungsanalyse für den Telearbeitsplatz (S) [IT-Betrieb] Bevor ein Telearbeitsplatz eingerichtet wird, SOLLTE eine Anforderungsanalyse durchgeführt werden. Daraus SOLLTE z. B. hervorgehen, welche Hard- und Software-Komponenten für den Telearbeitsplatz benötigt werden. Die Anforderungen an den jeweiligen Telearbeitsplatz SOLLTEN mit den ITVerantwortlichen abgestimmt werden. Es SOLLTE immer festgestellt und dokumentiert werden, welchen Schutzbedarf die am Telearbeitsplatz verarbeiteten Informationen haben.;"Ein Sicherheitskonzept für die Telearbeit MUSS den Schutzbedarf der zu verarbeitenden Informationen beschreiben; damit wird bereits bei der Entscheidung, ob Telearbeit überhaupt eingerichtet wird, der notwendige Schutzbedarf berücksichtigt Quelle: Erstellen eines Sicherheitskonzeptes für Telearbeit (S. 1‑2).  

Wird festgestellt, dass Informationen mit erhöhtem Schutzbedarf bearbeitet werden, SOLLTE überlegt werden, den häuslichen Arbeitsplatz ganz zu vermeiden; falls dies nicht möglich ist, SOLLTE der Arbeitsplatz durch erweiterte, hochwertige technische Sicherungsmaßnahmen geschützt werden Quelle: Umgang mit dienstlichen Unterlagen bei erhöhtem Schutzbedarf am häuslichen Arbeitsplatz (S. 1‑2).  

Der Baustein OPS.1.2.4 Telearbeit ist für jeden Telearbeitsplatz anzuwenden und verlangt, dass die Schutzbedarfs‑Analyse Teil des übergreifenden Sicherheitskonzepts der Institution ist Quelle: Abgrenzung Und Modellierung (S. 1‑2).  

Anschlussfragen:
1. Welche konkreten technischen Maßnahmen werden für einen erhöhten Schutzbedarf am häuslichen Arbeitsplatz empfohlen?  
2. Wie wird die regelmäßige Aktualisierung des Sicherheitskonzepts für Telearbeit praktisch umgesetzt?  
3. Welche Rollen sind für die Bewertung des Schutzbedarfs und die Entscheidung über die Nutzung von Telearbeitsplätzen verantwortlich?";"Ein Sicherheitskonzept für die Telearbeit MUSS den Schutzbedarf der zu verarbeitenden Informationen beschreiben; damit wird bereits bei der Entscheidung, ob Telearbeit überhaupt eingerichtet wird, der notwendige Schutzbedarf berücksichtigt Quelle: Erstellen eines Sicherheitskonzeptes für Telearbeit (S. 1‑2).  

Wird festgestellt, dass Informationen mit erhöhtem Schutzbedarf bearbeitet werden, SOLLTE überlegt werden, den häuslichen Arbeitsplatz ganz zu vermeiden; falls dies nicht möglich ist, SOLLTE der Arbeitsplatz durch erweiterte, hochwertige technische Sicherungsmaßnahmen geschützt werden Quelle: Umgang mit dienstlichen Unterlagen bei erhöhtem Schutzbedarf am häuslichen Arbeitsplatz (S. 1‑2).  

Der Baustein OPS.1.2.4 Telearbeit ist für jeden Telearbeitsplatz anzuwenden und verlangt, dass die Schutzbedarfs‑Analyse Teil des übergreifenden Sicherheitskonzepts der Institution ist Quelle: Abgrenzung Und Modellierung (S. 1‑2).";"1. Welche konkreten technischen Maßnahmen werden für einen erhöhten Schutzbedarf am häuslichen Arbeitsplatz empfohlen?  
2. Wie wird die regelmäßige Aktualisierung des Sicherheitskonzepts für Telearbeit praktisch umgesetzt?  
3. Welche Rollen sind für die Bewertung des Schutzbedarfs und die Entscheidung über die Nutzung von Telearbeitsplätzen verantwortlich?";3;3;0.6926190476051952;1.0;0.5;0.3508849393464006;Welche konkreten technischen Maßnahmen werden für einen erhöhten Schutzbedarf am häuslichen Arbeitsplatz empfohlen?;2.0;2.0;Technische Maßnahmen;Wie wird die regelmäßige Aktualisierung des Sicherheitskonzepts für Telearbeit praktisch umgesetzt?;2.0;2.0;Aktualisierung des Sicherheitskonzepts;Welche Rollen sind für die Bewertung des Schutzbedarfs und die Entscheidung über die Nutzung von Telearbeitsplätzen verantwortlich?;2.0;2.0;Rollen bei Telearbeit;2.0;2.0
Was versteht der IT-Grundschutz unter Fernwartung?;"Der IT-Grundschutz versteht unter Fernwartung einen zeitlich begrenzten Zugriff auf IT-Systeme und die darauf laufenden Anwendungen, der von einem anderen IT-System aus erfolgt. Quelle: 1.1. Einleitung (S.1). Dies kann zur Durchführung von Konfigurations-, Wartungs- oder Reparaturarbeiten dienen. Die Fernwartung kann auf unterschiedliche Weise geschehen, wie z.B. durch die Übertragung von Tastatur- und Maussignalen oder der Ein- und Ausgabe der Konsole. Quelle: 1.1. Einleitung (S.1). Es gibt auch passive und aktive Formen der Fernwartung, wobei bei der passiven Fernwartung nur die Bildschirminhalte übertragen werden und bei der aktiven Fernwartung die Administrierenden direkt auf dem entfernten IT-System agieren. Quelle: 1.1. Einleitung (S.1).

Anschlussfragen:
1. Welche Arten von Fernwartung gibt es und wie unterscheiden sie sich voneinander?
2. Warum ist die Absicherung von Fernwartungskomponenten von besonderer Bedeutung?
3. Welche Rolle spielt die Fernwartung in Institutionen mit IT-Systemen, die sich außerhalb der Reichweite ihrer Administrierenden befinden?";Der IT-Grundschutz versteht unter Fernwartung einen zeitlich begrenzten Zugriff auf IT-Systeme und die darauf laufenden Anwendungen, der von einem anderen IT-System aus erfolgt. Quelle: 1.1. Einleitung (S.1). Dies kann zur Durchführung von Konfigurations-, Wartungs- oder Reparaturarbeiten dienen. Die Fernwartung kann auf unterschiedliche Weise geschehen, wie z.B. durch die Übertragung von Tastatur- und Maussignalen oder der Ein- und Ausgabe der Konsole. Quelle: 1.1. Einleitung (S.1). Es gibt auch passive und aktive Formen der Fernwartung, wobei bei der passiven Fernwartung nur die Bildschirminhalte übertragen werden und bei der aktiven Fernwartung die Administrierenden direkt auf dem entfernten IT-System agieren. Quelle: 1.1. Einleitung (S.1).;1.1. Einleitung Mit dem Begriff Fernwartung wird ein zeitlich begrenzter Zugriff auf IT-Systeme und die darauf laufenden Anwendungen bezeichnet, der von einem anderen IT-System aus erfolgt. Der Zugriff kann z. B. dazu dienen, Konfigurations-, Wartungs- oder Reparaturarbeiten durchzuführen. Die Fernwartung kann auf unterschiedliche Weise geschehen. Bei der Fernwartung von Clients werden oft die Tastatur- und Maussignale von IT-Systemen von den Administrierenden an ein entferntes IT-System übertragen. Das entfernte IT-System überträgt die Bildschirmausgabe an das IT-System der Administrierenden. Die Administrierenden führen Aktionen auf dem entfernten IT-System so aus, als wenn sie selbst vor Ort wären (aktive Fernwartung). Bei der Fernwartung von Servern wird oft die Einund Ausgabe der Konsole übertragen. Bei der passiven Fernwartung werden nur die Bildschirminhalte eines IT-Systems zu den Administrierenden übertragen. Administrierende erteilen den Benutzenden vor Ort Anweisungen, die von ihnen ausgeführt und von den Administrierenden beobachtet werden. Allerdings erweist sich dieses Vorgehen in der Praxis meist als sehr zeitintensiv und umständlich, weshalb häufig dem ITBetrieb voller Zugriff über das IT-System zugewiesen wird. Da sich viele IT-Systeme außerhalb der Reichweite ihrer Administrierenden befinden (z. B. in entfernten Rechenzentren, Industrieanlagen oder einem Außenstandort ohne IT-Personal), wird Fernwartung in vielen Institutionen eingesetzt. Bei der Fernwartung wird oft über unsichere Netze auf interne IT-Systeme und Anwendungen einer Institution zugegriffen. Wegen der dabei bestehenden tiefgreifenden Eingriffsmöglichkeiten in diese IT-Systeme und Anwendungen ist die Absicherung von Fernwartungskomponenten von besonderer Bedeutung.;"Der IT‑Grundschutz definiert Fernwartung als einen zeitlich begrenzten Zugriff auf IT‑Systeme und die darauf laufenden Anwendungen, der von einem anderen IT‑System aus erfolgt Quelle: Einleitung (S.1). Dabei können bei aktiver Fernwartung Tastatur‑ und Maussignale sowie die Bildschirmausgabe zwischen den Systemen übertragen werden, während bei passiver Fernwartung lediglich Bildschirminhalte an die Administrierenden gesendet werden und die Aktionen vor Ort ausgeführt werden Quelle: Einleitung (S.1).

Anschlussfragen:
1. Welche Sicherheitsaspekte sind bei der Nutzung von Fernwartung zu beachten?
2. Wie unterscheidet sich die Fernwartung im industriellen Umfeld vom allgemeinen IT‑Betrieb?
3. Welche Bausteine ergänzen die Anforderungen des Fernwartungs‑Bausteins?";Der IT‑Grundschutz definiert Fernwartung als einen zeitlich begrenzten Zugriff auf IT‑Systeme und die darauf laufenden Anwendungen, der von einem anderen IT‑System aus erfolgt Quelle: Einleitung (S.1). Dabei können bei aktiver Fernwartung Tastatur‑ und Maussignale sowie die Bildschirmausgabe zwischen den Systemen übertragen werden, während bei passiver Fernwartung lediglich Bildschirminhalte an die Administrierenden gesendet werden und die Aktionen vor Ort ausgeführt werden Quelle: Einleitung (S.1).;"1. Welche Sicherheitsaspekte sind bei der Nutzung von Fernwartung zu beachten?
2. Wie unterscheidet sich die Fernwartung im industriellen Umfeld vom allgemeinen IT‑Betrieb?
3. Welche Bausteine ergänzen die Anforderungen des Fernwartungs‑Bausteins?";3;3;0.9999999999;1.0;1.0;0.7367178704588826;Welche Sicherheitsaspekte sind bei der Nutzung von Fernwartung zu beachten?;2.0;2.0;Sicherheitsaspekte bei Fernwartung;Wie unterscheidet sich die Fernwartung im industriellen Umfeld vom allgemeinen IT‑Betrieb?;2.0;2.0;Fernwartung im industriellen Umfeld;Welche Bausteine ergänzen die Anforderungen des Fernwartungs‑Bausteins?;2.0;2.0;Direkte Ergänzung;2.0;2.0
Muss der Einsatz von Fernwartung geplant werden?;"Der Einsatz von Fernwartung MUSS geplant werden, um sicherzustellen, dass die Fernwartung an die Institution angepasst wird und technische sowie organisatorische Aspekte bedarfsgerecht berücksichtigt werden Quelle: OPS.1.2.5.A1 (S. nicht spezifiziert). Dies umfasst die Planung, welche IT-Systeme ferngewartet werden sollen und wer dafür zuständig ist.

Anschlussfragen:
1. Welche Aspekte müssen bei der Planung des Einsatzes der Fernwartung berücksichtigt werden?
2. Wie werden die Sicherheitsaspekte der eingesetzten Kommunikationsverbindungen und Authentisierungsmechanismen bei der Fernwartung behandelt?
3. Welche anderen Bausteine müssen bei der Nutzung von Fernwartung zusätzlich berücksichtigt werden?";Der Einsatz von Fernwartung MUSS geplant werden, um sicherzustellen, dass die Fernwartung an die Institution angepasst wird und technische sowie organisatorische Aspekte bedarfsgerecht berücksichtigt werden Quelle: OPS.1.2.5.A1 (S. nicht spezifiziert). Dies umfasst die Planung, welche IT-Systeme ferngewartet werden sollen und wer dafür zuständig ist.;OPS.1.2.5.A1 Planung des Einsatzes der Fernwartung (B) Der Einsatz der Fernwartung MUSS an die Institution angepasst werden. Die Fernwartung MUSS hinsichtlich technischer und organisatorischer Aspekte bedarfsgerecht geplant werden. Dabei MUSS mindestens berücksichtigt werden, welche IT-Systeme ferngewartet werden sollen und wer dafür zuständig ist.;"Ja, der Einsatz von Fernwartung MUSS geplant werden. Die Planung muss an die Institution angepasst sein und sowohl technische als auch organisatorische Aspekte berücksichtigen, insbesondere welche IT‑Systeme ferngewartet werden sollen und wer dafür verantwortlich ist Quelle: Planung des Einsatzes der Fernwartung (S.1-2).  

Im industriellen Umfeld ist zusätzlich ein zentrales Fernwartungskonzept für die gesamte OT erforderlich; dieses Konzept MUSS die genannten spezifischen Vorgaben (gesetzliche, herstellerseitige, infrastrukturelle, Verfügbarkeits‑ und Umgebungsanforderungen) enthalten und mit allen internen und externen Stellen abgestimmt werden Quelle: Planung des Einsatzes der Fernwartung in der OT (S.3-5).  

Damit ist die Planung ein verbindlicher Schritt, bevor Fernwartungsdienste eingesetzt werden können.  

Anschlussfragen:
1. Welche konkreten technischen Maßnahmen sind für die Absicherung von Fernwartungszugängen vorgeschrieben?
2. Wie müssen vertragliche Regelungen mit externen Dienstleistern für die OT‑Fernwartung gestaltet sein?
3. Welche Bausteine ergänzen die Anforderungen an die Fernwartung im Hinblick auf Patch‑ und Änderungsmanagement?";"Ja, der Einsatz von Fernwartung MUSS geplant werden. Die Planung muss an die Institution angepasst sein und sowohl technische als auch organisatorische Aspekte berücksichtigen, insbesondere welche IT‑Systeme ferngewartet werden sollen und wer dafür verantwortlich ist Quelle: Planung des Einsatzes der Fernwartung (S.1-2).  

Im industriellen Umfeld ist zusätzlich ein zentrales Fernwartungskonzept für die gesamte OT erforderlich; dieses Konzept MUSS die genannten spezifischen Vorgaben (gesetzliche, herstellerseitige, infrastrukturelle, Verfügbarkeits‑ und Umgebungsanforderungen) enthalten und mit allen internen und externen Stellen abgestimmt werden Quelle: Planung des Einsatzes der Fernwartung in der OT (S.3-5).  

Damit ist die Planung ein verbindlicher Schritt, bevor Fernwartungsdienste eingesetzt werden können.";"1. Welche konkreten technischen Maßnahmen sind für die Absicherung von Fernwartungszugängen vorgeschrieben?
2. Wie müssen vertragliche Regelungen mit externen Dienstleistern für die OT‑Fernwartung gestaltet sein?
3. Welche Bausteine ergänzen die Anforderungen an die Fernwartung im Hinblick auf Patch‑ und Änderungsmanagement?";3;3;0.9166666666361111;1.0;0.9375;0.6168828655304487;Welche konkreten technischen Maßnahmen sind für die Absicherung von Fernwartungszugängen vorgeschrieben?;2.0;2.0;Direkte technische Maßnahmen;Wie müssen vertragliche Regelungen mit externen Dienstleistern für die OT‑Fernwartung gestaltet sein?;2.0;2.0;Direkte Regelungen;Welche Bausteine ergänzen die Anforderungen an die Fernwartung im Hinblick auf Patch‑ und Änderungsmanagement?;2.0;2.0;Direkte Verbindung zu Fernwartung und Patchmanagement;2.0;2.0
Dürfen Clients ohne Zustimmung der Benutzer ferngewartet werden?;"Nein, Clients dürfen nicht ohne Zustimmung der Benutzer ferngewartet werden. 
Die Fernwartungssoftware MUSS so konfiguriert sein, dass sie eine Verbindung erst nach expliziter Zustimmung der Benutzenden aufbaut Quelle: OPS.1.2.5.A2 (S. nicht spezifiziert, da keine Seitenzahl im bereitgestellten Kontext vorhanden ist).
Anschlussfragen:
1. Welche Rolle spielen die Benutzenden bei der Fernwartung von Clients?
2. Wie MUSS die Fernwartungssoftware konfiguriert sein, um sicherzustellen, dass eine Verbindung erst nach expliziter Zustimmung der Benutzenden aufgebaut wird?
3. Welche anderen Bausteine sollten bei der Implementierung der Fernwartung zusätzlich berücksichtigt werden?";"Nein, Clients dürfen nicht ohne Zustimmung der Benutzer ferngewartet werden. 
Die Fernwartungssoftware MUSS so konfiguriert sein, dass sie eine Verbindung erst nach expliziter Zustimmung der Benutzenden aufbaut Quelle: OPS.1.2.5.A2 (S. nicht spezifiziert, da keine Seitenzahl im bereitgestellten Kontext vorhanden ist).";OPS.1.2.5.A2 Sicherer Verbindungsaufbau bei der Fernwartung von Clients (B) [Benutzende] Wird per Fernwartung auf Desktop-Umgebungen von Clients zugegriffen, MUSS die Fernwartungssoftware so konfiguriert sein, dass sie eine Verbindung erst nach expliziter Zustimmung der Benutzenden aufbaut.;"Clients dürfen nicht ohne die ausdrückliche Zustimmung der Benutzenden ferngewartet werden. Die Fernwartungssoftware MUSS so konfiguriert sein, dass sie eine Verbindung erst nach expliziter Zustimmung der Benutzenden aufbaut Quelle: Sicherer Verbindungsaufbau bei der Fernwartung von Clients (S.1)

Anschlussfragen:
1. Welche vertraglichen Regelungen sind für die OT‑Fernwartung durch Dritte erforderlich?
2. Wie müssen Fernwartungszugänge technisch abgesichert werden, um unbefugten Zugriff zu verhindern?
3. Welche Beobachtungs- und Aufzeichnungsmaßnahmen sind bei Fernwartungsaktivitäten durch externe Dienstleister vorgesehen?";Clients dürfen nicht ohne die ausdrückliche Zustimmung der Benutzenden ferngewartet werden. Die Fernwartungssoftware MUSS so konfiguriert sein, dass sie eine Verbindung erst nach expliziter Zustimmung der Benutzenden aufbaut Quelle: Sicherer Verbindungsaufbau bei der Fernwartung von Clients (S.1);"1. Welche vertraglichen Regelungen sind für die OT‑Fernwartung durch Dritte erforderlich?
2. Wie müssen Fernwartungszugänge technisch abgesichert werden, um unbefugten Zugriff zu verhindern?
3. Welche Beobachtungs- und Aufzeichnungsmaßnahmen sind bei Fernwartungsaktivitäten durch externe Dienstleister vorgesehen?";3;3;0.8333333332916666;1.0;1.0;0.9803446587734924;Welche vertraglichen Regelungen sind für die OT‑Fernwartung durch Dritte erforderlich?;2.0;2.0;Direkte Verbindung zu OT-Fernwartung;Wie müssen Fernwartungszugänge technisch abgesichert werden, um unbefugten Zugriff zu verhindern?;2.0;2.0;Direkte technische Absicherung;Welche Beobachtungs- und Aufzeichnungsmaßnahmen sind bei Fernwartungsaktivitäten durch externe Dienstleister vorgesehen?;2.0;2.0;Direkte Beobachtung und Aufzeichnung;2.0;2.0
Warum ist Verschlüsselung bei Fernwartung wichtig?;"Verschlüsselung bei Fernwartung ist wichtig, um die Verbindungen über nicht vertrauenswürdige Netze zu schützen. Alle Fernwartungsverbindungen über nicht vertrauenswürdige Netze MÜSSEN verschlüsselt werden, um die Sicherheit der Daten zu gewährleisten Quelle: OPS.1.2.5.A3 (S. nicht spezifiziert). Darüber hinaus SOLLTEN auch alle anderen Fernwartungsverbindungen verschlüsselt werden, um ein hohes Maß an Sicherheit zu gewährleisten Quelle: OPS.1.2.5.A3 (S. nicht spezifiziert).

Anschlussfragen:
1. Welche Rolle spielt die Absicherung der Schnittstellen zur Fernwartung bei der Gewährleistung der IT-Sicherheit?
2. Wie können Administrierende die Sicherheitsaspekte der eingesetzten Kommunikationsverbindungen und Authentisierungsmechanismen bei der Fernwartung berücksichtigen?
3. Welche zusätzlichen Bausteine müssen bei der Nutzung von Fernwartung beachtet werden, um eine umfassende IT-Sicherheit zu gewährleisten?";Verschlüsselung bei Fernwartung ist wichtig, um die Verbindungen über nicht vertrauenswürdige Netze zu schützen. Alle Fernwartungsverbindungen über nicht vertrauenswürdige Netze MÜSSEN verschlüsselt werden, um die Sicherheit der Daten zu gewährleisten Quelle: OPS.1.2.5.A3 (S. nicht spezifiziert). Darüber hinaus SOLLTEN auch alle anderen Fernwartungsverbindungen verschlüsselt werden, um ein hohes Maß an Sicherheit zu gewährleisten Quelle: OPS.1.2.5.A3 (S. nicht spezifiziert).;OPS.1.2.5.A3 Absicherung der Schnittstellen zur Fernwartung (B) Die möglichen Zugänge und Kommunikationsverbindungen für die Fernwartung MÜSSEN auf das notwendige Maß beschränkt werden. Alle Fernwartungsverbindungen MÜSSEN nach dem Fernzugriff getrennt werden. Es MUSS sichergestellt werden, dass Fernwartungssoftware nur auf IT-Systemen installiert ist, auf denen sie benötigt wird. Fernwartungsverbindungen über nicht vertrauenswürdige Netze MÜSSEN verschlüsselt werden. Alle anderen Fernwartungsverbindungen SOLLTEN verschlüsselt werden.;"Verschlüsselung stellt sicher, dass die bei einer Fernwartung ausgetauschten Informationen nicht von unbefugten Dritten mitgelesen werden können; ohne Ende‑zu‑Ende‑Verschlüsselung könnten Online‑Dienste den Datenaustausch einsehen Quelle: Nutzung von Online-Diensten für die Fernwartung (S.1)  

Sie verhindert zudem, dass Angreifer über unsichere Protokolle oder Klartext‑Verbindungen manipulierte Daten einschleusen und damit die Integrität und Verfügbarkeit der zu wartenden Systeme gefährden Quelle: Sichere Protokolle bei der Fernwartung (S.3)  

Da Fernwartungszugriffe häufig über nicht vertrauenswürdige Netze erfolgen, ist die Verschlüsselung ein zwingendes Mittel, um die Vertraulichkeit und den Schutz vor unautorisiertem Zugriff zu gewährleisten und damit die gesetzlichen und organisatorischen Vorgaben zu erfüllen Quelle: Absicherung der Schnittstellen zur Fernwartung (S.2)  

Anschlussfragen:
1. Welche konkreten kryptografischen Verfahren und Schlüsselstärken werden für die Fernwartungsverschlüsselung empfohlen?
2. Wie wird die Verschlüsselung von Fernwartungsverbindungen in einem Informationssicherheitskonzept dokumentiert?
3. Welche Maßnahmen sind vorgesehen, um verschlüsselte Fernwartungsverbindungen bei Auffälligkeiten zu unterbrechen?";"Verschlüsselung stellt sicher, dass die bei einer Fernwartung ausgetauschten Informationen nicht von unbefugten Dritten mitgelesen werden können; ohne Ende‑zu‑Ende‑Verschlüsselung könnten Online‑Dienste den Datenaustausch einsehen Quelle: Nutzung von Online-Diensten für die Fernwartung (S.1)  

Sie verhindert zudem, dass Angreifer über unsichere Protokolle oder Klartext‑Verbindungen manipulierte Daten einschleusen und damit die Integrität und Verfügbarkeit der zu wartenden Systeme gefährden Quelle: Sichere Protokolle bei der Fernwartung (S.3)  

Da Fernwartungszugriffe häufig über nicht vertrauenswürdige Netze erfolgen, ist die Verschlüsselung ein zwingendes Mittel, um die Vertraulichkeit und den Schutz vor unautorisiertem Zugriff zu gewährleisten und damit die gesetzlichen und organisatorischen Vorgaben zu erfüllen Quelle: Absicherung der Schnittstellen zur Fernwartung (S.2)";"1. Welche konkreten kryptografischen Verfahren und Schlüsselstärken werden für die Fernwartungsverschlüsselung empfohlen?
2. Wie wird die Verschlüsselung von Fernwartungsverbindungen in einem Informationssicherheitskonzept dokumentiert?
3. Welche Maßnahmen sind vorgesehen, um verschlüsselte Fernwartungsverbindungen bei Auffälligkeiten zu unterbrechen?";3;3;0.9379251700546283;1.0;0.625;0.35769437815038907;Welche konkreten kryptografischen Verfahren und Schlüsselstärken werden für die Fernwartungsverschlüsselung empfohlen?;2.0;2.0;Konkrete Empfehlungen;Wie wird die Verschlüsselung von Fernwartungsverbindungen in einem Informationssicherheitskonzept dokumentiert?;2.0;2.0;Direkte Relevanz zu Fernwartung und Verschlüsselung;Welche Maßnahmen sind vorgesehen, um verschlüsselte Fernwartungsverbindungen bei Auffälligkeiten zu unterbrechen?;2.0;2.0;Direkte Unterbrechung bei Auffälligkeiten;2.0;2.0
Wo sollten Regelungen zur Fernwartung dokumentiert werden?;"Regelungen zur Fernwartung sollten in einer Richtlinie für die Fernwartung dokumentiert werden, die allen Zuständigen bekannt sein sollte, die an der Konzeption, dem Aufbau und dem Betrieb der Fernwartung beteiligt sind Quelle: OPS.1.2.5.A6 (S). 

Anschlussfragen:
1. Was sind die wichtigsten Sicherheitsaspekte bei der Fernwartung?
2. Welche Bausteine sollten zusätzlich zu OPS.1.2.5 Fernwartung beachtet werden?
3. Wie sollten Firewalls bei der Absicherung der Fernwartung eingesetzt werden?";Regelungen zur Fernwartung sollten in einer Richtlinie für die Fernwartung dokumentiert werden, die allen Zuständigen bekannt sein sollte, die an der Konzeption, dem Aufbau und dem Betrieb der Fernwartung beteiligt sind Quelle: OPS.1.2.5.A6 (S).;OPS.1.2.5.A6 Erstellung einer Richtlinie für die Fernwartung (S) Die Institution SOLLTE eine Richtlinie zur Fernwartung erstellen, in der alle relevanten Regelungen zur Fernwartung dokumentiert werden. Die Richtlinie SOLLTE allen Zuständigen bekannt sein, die an der Konzeption, dem Aufbau und dem Betrieb der Fernwartung beteiligt sind.;"Regelungen zur Fernwartung sollten in einer **zentralen Fernwartungs‑Richtlinie** festgehalten werden. Die Institution SOLLTE eine solche Richtlinie erstellen, in der alle relevanten Fernwartungs‑Regelungen dokumentiert und allen zuständigen Personen, die an Konzeption, Aufbau und Betrieb beteiligt sind, bekannt gemacht werden Quelle: Erstellung einer Richtlinie für die Fernwartung (S. 1‑2). Die zugehörige Dokumentation MUSS an geeigneten, vor unberechtigtem Zugriff geschützten Orten abgelegt und im Rahmen des Notfallmanagements verfügbar sein Quelle: Dokumentation bei der Fernwartung (S. 1‑3).

Anschlussfragen:
1. Welche konkreten Inhalte muss die zentrale Fernwartungs‑Richtlinie laut Baustein enthalten?
2. Wie wird die Dokumentation von Fernwartungszugängen im industriellen Umfeld (OT) konkret umgesetzt?
3. Welche zusätzlichen Bausteine sind bei der Fernwartung von externen Dienstleistern zu berücksichtigen?";Regelungen zur Fernwartung sollten in einer **zentralen Fernwartungs‑Richtlinie** festgehalten werden. Die Institution SOLLTE eine solche Richtlinie erstellen, in der alle relevanten Fernwartungs‑Regelungen dokumentiert und allen zuständigen Personen, die an Konzeption, Aufbau und Betrieb beteiligt sind, bekannt gemacht werden Quelle: Erstellung einer Richtlinie für die Fernwartung (S. 1‑2). Die zugehörige Dokumentation MUSS an geeigneten, vor unberechtigtem Zugriff geschützten Orten abgelegt und im Rahmen des Notfallmanagements verfügbar sein Quelle: Dokumentation bei der Fernwartung (S. 1‑3).;"1. Welche konkreten Inhalte muss die zentrale Fernwartungs‑Richtlinie laut Baustein enthalten?
2. Wie wird die Dokumentation von Fernwartungszugängen im industriellen Umfeld (OT) konkret umgesetzt?
3. Welche zusätzlichen Bausteine sind bei der Fernwartung von externen Dienstleistern zu berücksichtigen?";3;3;0.94999999997625;0.6666666666666666;1.0;0.7112099221985357;Welche konkreten Inhalte muss die zentrale Fernwartungs‑Richtlinie laut Baustein enthalten?;2.0;2.0;Direkte Antwort im Baustein;Wie wird die Dokumentation von Fernwartungszugängen im industriellen Umfeld (OT) konkret umgesetzt?;2.0;2.0;Direkte Umsetzung von Fernwartungsdokumentation;Welche zusätzlichen Bausteine sind bei der Fernwartung von externen Dienstleistern zu berücksichtigen?;2.0;2.0;Direkt relevante Vertiefung zur Fernwartung;2.0;2.0
Wie müssen Fernwartungszugänge dokumentiert werden?;"Die Fernwartung SOLLTE geeignet dokumentiert werden, um die Existenz und den Status von Fernwartungszugängen nachvollziehen zu können Quelle: OPS.1.2.5.A7 (S). Die Dokumentation SOLLTE an geeigneten Orten aufbewahrt und vor unberechtigtem Zugriff geschützt werden Quelle: OPS.1.2.5.A7 (S). Diese Dokumente SOLLTEN auch im Rahmen des Notfallmanagements verfügbar sein Quelle: OPS.1.2.5.A7 (S).

Anschlussfragen:
1. Wie sollten die Dokumente der Fernwartung vor unberechtigtem Zugriff geschützt werden?
2. Welche Rolle spielt die Dokumentation der Fernwartung im Notfallmanagement?
3. Wie müssen cloudbasierte Fernwartungsprodukte hinsichtlich der IT-Grundschutzanforderungen behandelt werden?";Die Fernwartung SOLLTE geeignet dokumentiert werden, um die Existenz und den Status von Fernwartungszugängen nachvollziehen zu können Quelle: OPS.1.2.5.A7 (S). Die Dokumentation SOLLTE an geeigneten Orten aufbewahrt und vor unberechtigtem Zugriff geschützt werden Quelle: OPS.1.2.5.A7 (S). Diese Dokumente SOLLTEN auch im Rahmen des Notfallmanagements verfügbar sein Quelle: OPS.1.2.5.A7 (S).;OPS.1.2.5.A7 Dokumentation bei der Fernwartung (S) Die Fernwartung SOLLTE geeignet dokumentiert werden. Aus der Dokumentation SOLLTE hervorgehen, welche Fernwartungszugänge existieren und ob diese aktiviert sind. Die Dokumente SOLLTEN an geeigneten Orten und vor unberechtigtem Zugriff geschützt abgelegt werden. Die Dokumente SOLLTEN im Rahmen des Notfallmanagements zur Verfügung stehen.;"Die OT und die Büro‑ und Gebäude‑IT **müssen sämtliche Fernwartungszugänge gemeinsam erfassen und dokumentieren**; dabei sind auch alle deaktivierten Zugänge zu berücksichtigen Quelle: Konsistente Dokumentation der Fernwartung durch OT sowie Büro‑ und Gebäude‑IT (S.1).  

Die Dokumentation **muss eindeutig ausweisen, welche Fernwartungszugänge existieren und ob sie aktiviert sind** und soll an geeigneten, vor unberechtigtem Zugriff geschützten Stellen abgelegt werden; die Unterlagen müssen im Rahmen des Notfall‑ bzw. Incident‑Managements verfügbar sein Quelle: Dokumentation bei der Fernwartung (S.2).  

Zwar ist die Dokumentation **nicht zwingend vorgeschrieben**, sie **sollte jedoch geeignet sein**, um die genannten Inhalte zu vermitteln und den Zugriffsschutz zu gewährleisten Quelle: Dokumentation bei der Fernwartung (S.2).  

Damit wird sichergestellt, dass unbekannte oder offene Fernwartungszugänge nachvollziehbar sind und im Bedarfsfall schnell deaktiviert oder angepasst werden können Quelle: Unvollständig dokumentierte Fernwartungszugänge in der OT (S.3).  

**Anschlussfragen:**  
1. Welche konkreten Rollen sind für die Pflege der Fernwartungsdokumentation verantwortlich?  
2. Wie wird die Verfügbarkeit der Dokumentation im Notfallmanagement technisch umgesetzt?  
3. Welche zusätzlichen Maßnahmen sind für die Protokollierung von Fernwartungsaktivitäten vorgesehen?";"Die OT und die Büro‑ und Gebäude‑IT **müssen sämtliche Fernwartungszugänge gemeinsam erfassen und dokumentieren**; dabei sind auch alle deaktivierten Zugänge zu berücksichtigen Quelle: Konsistente Dokumentation der Fernwartung durch OT sowie Büro‑ und Gebäude‑IT (S.1).  

Die Dokumentation **muss eindeutig ausweisen, welche Fernwartungszugänge existieren und ob sie aktiviert sind** und soll an geeigneten, vor unberechtigtem Zugriff geschützten Stellen abgelegt werden; die Unterlagen müssen im Rahmen des Notfall‑ bzw. Incident‑Managements verfügbar sein Quelle: Dokumentation bei der Fernwartung (S.2).  

Zwar ist die Dokumentation **nicht zwingend vorgeschrieben**, sie **sollte jedoch geeignet sein**, um die genannten Inhalte zu vermitteln und den Zugriffsschutz zu gewährleisten Quelle: Dokumentation bei der Fernwartung (S.2).  

Damit wird sichergestellt, dass unbekannte oder offene Fernwartungszugänge nachvollziehbar sind und im Bedarfsfall schnell deaktiviert oder angepasst werden können Quelle: Unvollständig dokumentierte Fernwartungszugänge in der OT (S.3).";"1. Welche konkreten Rollen sind für die Pflege der Fernwartungsdokumentation verantwortlich?  
2. Wie wird die Verfügbarkeit der Dokumentation im Notfallmanagement technisch umgesetzt?  
3. Welche zusätzlichen Maßnahmen sind für die Protokollierung von Fernwartungsaktivitäten vorgesehen?";3;3;0.9821428571288265;0.75;0.5454545454545454;0.6098605087213252;Welche konkreten Rollen sind für die Pflege der Fernwartungsdokumentation verantwortlich?;1.0;2.0;Rollenverantwortung teilweise abgedeckt;Wie wird die Verfügbarkeit der Dokumentation im Notfallmanagement technisch umgesetzt?;2.0;2.0;Dokumentation im Notfallmanagement;Welche zusätzlichen Maßnahmen sind für die Protokollierung von Fernwartungsaktivitäten vorgesehen?;2.0;2.0;Protokollierung von Fernwartungsaktivitäten;1.667;2.0
Welche Protokolle sollen bei Fernwartung eingesetzt werden?;"Bei Fernwartung sollten nur als sicher eingestufte Kommunikationsprotokolle eingesetzt werden, wobei sichere kryptografische Verfahren verwendet werden sollten Quelle: OPS.1.2.5.A8 (S). Insbesondere wenn auf die Fernwartungszugänge von IT-Systemen im internen Netz über ein öffentliches Datennetz zugegriffen wird, sollte ein abgesichertes Virtuelles Privates Netz (VPN) genutzt werden Quelle: OPS.1.2.5.A8 (S).

Anschlussfragen:
1. Welche Rolle spielt die regelmäßige Überprüfung und Anpassung der kryptografischen Verfahren bei der Fernwartung?
2. Wie sollten Fernwartungszugänge im internen Netz über ein öffentliches Datennetz abgesichert werden?
3. Welche zusätzlichen Bausteine sollten bei der Nutzung von Fernwartung berücksichtigt werden?";Bei Fernwartung sollten nur als sicher eingestufte Kommunikationsprotokolle eingesetzt werden, wobei sichere kryptografische Verfahren verwendet werden sollten Quelle: OPS.1.2.5.A8 (S). Insbesondere wenn auf die Fernwartungszugänge von IT-Systemen im internen Netz über ein öffentliches Datennetz zugegriffen wird, sollte ein abgesichertes Virtuelles Privates Netz (VPN) genutzt werden Quelle: OPS.1.2.5.A8 (S).;OPS.1.2.5.A8 Sichere Protokolle bei der Fernwartung (S) Nur als sicher eingestufte Kommunikationsprotokolle SOLLTEN eingesetzt werden. Dafür SOLLTEN sichere kryptografische Verfahren verwendet werden. Die Stärke der verwendeten kryptografischen Verfahren und Schlüssel SOLLTE regelmäßig überprüft und bei Bedarf angepasst werden. Wird auf die Fernwartungszugänge von IT-Systemen im internen Netz über ein öffentliches Datennetz zugegriffen, SOLLTE ein abgesichertes Virtuelles Privates Netz (VPN) genutzt werden.;"Nur als sicher eingestufte Kommunikations­protokolle SOLLTEN eingesetzt werden, dabei SOLLTEN aktuelle, als sicher bewertete Versionen von IPSec, SSH und SSL/TLS verwendet werden Quelle: Sichere Protokolle bei der Fernwartung (S.1)  
Wird von einem internen Netz über ein öffentliches Datennetz auf Fernwartungs­zugänge zugegriffen, SOLLTE ein abgesichertes Virtuelles Privates Netz (VPN) genutzt werden Quelle: Sichere Protokolle bei der Fernwartung (S.2)  
Veraltete oder unsichere Varianten von IPSec, SSH oder SSL/TLS gelten als unsicher und MÜSSEN vermieden werden Quelle: Verwendung unsicherer Protokolle in der Fernwartung (S.3)  

Anschlussfragen:  
1. Welche konkreten kryptografischen Verfahren und Schlüssellängen werden für die genannten Protokolle empfohlen?  
2. Wie kann die regelmäßige Überprüfung der Kryptostärke technisch umgesetzt werden?  
3. Welche zusätzlichen Maßnahmen sind bei der Nutzung von Online‑Diensten für die Fernwartung zu beachten?";"Nur als sicher eingestufte Kommunikations­protokolle SOLLTEN eingesetzt werden, dabei SOLLTEN aktuelle, als sicher bewertete Versionen von IPSec, SSH und SSL/TLS verwendet werden Quelle: Sichere Protokolle bei der Fernwartung (S.1)  
Wird von einem internen Netz über ein öffentliches Datennetz auf Fernwartungs­zugänge zugegriffen, SOLLTE ein abgesichertes Virtuelles Privates Netz (VPN) genutzt werden Quelle: Sichere Protokolle bei der Fernwartung (S.2)  
Veraltete oder unsichere Varianten von IPSec, SSH oder SSL/TLS gelten als unsicher und MÜSSEN vermieden werden Quelle: Verwendung unsicherer Protokolle in der Fernwartung (S.3)";"1. Welche konkreten kryptografischen Verfahren und Schlüssellängen werden für die genannten Protokolle empfohlen?  
2. Wie kann die regelmäßige Überprüfung der Kryptostärke technisch umgesetzt werden?  
3. Welche zusätzlichen Maßnahmen sind bei der Nutzung von Online‑Diensten für die Fernwartung zu beachten?";3;3;0.8261904761739525;0.8;0.75;0.964271784393776;Welche konkreten kryptografischen Verfahren und Schlüssellängen werden für die genannten Protokolle empfohlen?;2.0;2.0;Direkte Empfehlungen;Wie kann die regelmäßige Überprüfung der Kryptostärke technisch umgesetzt werden?;2.0;1.0;Kryptostärke;Welche zusätzlichen Maßnahmen sind bei der Nutzung von Online‑Diensten für die Fernwartung zu beachten?;2.0;2.0;Direkte Relevanz zu Fernwartung;2.0;1.667
Wie ist der Einsatz von Online-Diensten zur Fernwartung zu regeln?;"Der Einsatz von Online-Diensten zur Fernwartung SOLLTE durch die Institution geregelt werden, indem festgelegt wird, unter welchen Umständen diese Dienste genutzt werden dürfen Quelle: OPS.1.2.5.A5 (S). Der Einsatz solcher Dienste SOLLTE auf möglichst wenige Fälle beschränkt werden, und es SOLLTE sichergestellt werden, dass der eingesetzte Online-Dienst die übertragenen Informationen Ende-zu-Endeverschlüsselt Quelle: OPS.1.2.5.A5 (S). 

Anschlussfragen:
1. Wie können die Sicherheitsaspekte der eingesetzten Kommunikationsverbindungen und Authentisierungsmechanismen bei der Fernwartung gewährleistet werden?
2. Welche Rolle spielen die Bausteine OPS.1.1.3 Patch- und Änderungsmanagement und CON.1 Kryptokonzept bei der Fernwartung?
3. Wie müssen cloudbasierte Fernwartungsprodukte hinsichtlich der allgemeinen Anforderungen aus dem Baustein OPS.2.2 Cloud-Nutzung abgesichert werden?";Der Einsatz von Online-Diensten zur Fernwartung SOLLTE durch die Institution geregelt werden, indem festgelegt wird, unter welchen Umständen diese Dienste genutzt werden dürfen Quelle: OPS.1.2.5.A5 (S). Der Einsatz solcher Dienste SOLLTE auf möglichst wenige Fälle beschränkt werden, und es SOLLTE sichergestellt werden, dass der eingesetzte Online-Dienst die übertragenen Informationen Ende-zu-Endeverschlüsselt Quelle: OPS.1.2.5.A5 (S).;OPS.1.2.5.A5 Einsatz von Online-Diensten (S) Die Institution SOLLTE festlegen, unter welchen Umständen Online-Dienste zur Fernwartung genutzt werden dürfen, bei denen die Verbindung über einen externen Server hergestellt wird. Der Einsatz solcher Dienste SOLLTE generell auf möglichst wenige Fälle beschränkt werden. Die IT-Systeme SOLLTEN keine automatisierten Verbindungen zum Online-Dienst aufbauen. Es SOLLTE sichergestellt werden, dass der eingesetzte Online-Dienst die übertragenen Informationen Ende-zu-Endeverschlüsselt.;"Im bereitgestellten Kontext nicht enthalten  

Anschlussfragen:
1. Welche konkreten Bausteine des IT‑Grundschutz‑Kompendiums regeln die Nutzung von Online‑Diensten zur Fernwartung?
2. Wie sind die vertraglichen Anforderungen an externe Dienstleister bei der OT‑Fernwartung im Detail definiert?
3. Welche zusätzlichen Sicherheitsmaßnahmen sind für die Verschlüsselung von Fernwartungsdaten in Cloud‑Umgebungen vorgeschrieben?";Im bereitgestellten Kontext nicht enthalten;"1. Welche konkreten Bausteine des IT‑Grundschutz‑Kompendiums regeln die Nutzung von Online‑Diensten zur Fernwartung?
2. Wie sind die vertraglichen Anforderungen an externe Dienstleister bei der OT‑Fernwartung im Detail definiert?
3. Welche zusätzlichen Sicherheitsmaßnahmen sind für die Verschlüsselung von Fernwartungsdaten in Cloud‑Umgebungen vorgeschrieben?";3;3;0.8083333333171667;1.0;;0.8506392404062947;Welche konkreten Bausteine des IT‑Grundschutz‑Kompendiums regeln die Nutzung von Online‑Diensten zur Fernwartung?;2.0;2.0;Direkte Regelung in IT-Grundschutz;Wie sind die vertraglichen Anforderungen an externe Dienstleister bei der OT‑Fernwartung im Detail definiert?;2.0;2.0;Direkte Vertragsanforderungen;Welche zusätzlichen Sicherheitsmaßnahmen sind für die Verschlüsselung von Fernwartungsdaten in Cloud‑Umgebungen vorgeschrieben?;2.0;2.0;Verschlüsselung von Fernwartungsdaten;2.0;2.0
Wie werden Mitarbeitende im Umgang mit Fernwartungswerkzeugen unterstützt?;"Mitarbeitende im Umgang mit Fernwartungswerkzeugen werden durch organisatorische Verwaltungsprozesse, Bedienungsanleitungen und Schulungsmaßnahmen unterstützt Quelle: OPS.1.2.5.A10 (S). Es SOLLTE eine Bedienungsanleitung für den Umgang mit den Fernwartungswerkzeugen vorliegen Quelle: OPS.1.2.5.A10 (S). Zusätzlich zu den allgemeinen Schulungsmaßnahmen SOLLTE der IT-Betrieb besonders im Umgang mit den Fernwartungswerkzeugen sensibilisiert und geschult werden Quelle: OPS.1.2.5.A10 (S). 

Anschlussfragen:
1. Wie werden die organisatorischen Verwaltungsprozesse zum Umgang mit Fernwartungswerkzeugen etabliert?
2. Welche Rolle spielt die Sensibilisierung und Schulung des IT-Betriebs im Umgang mit Fernwartungswerkzeugen?
3. Wie werden die Sicherheitsaspekte der eingesetzten Kommunikationsverbindungen und Authentisierungsmechanismen bei der Fernwartung berücksichtigt?";Mitarbeitende im Umgang mit Fernwartungswerkzeugen werden durch organisatorische Verwaltungsprozesse, Bedienungsanleitungen und Schulungsmaßnahmen unterstützt Quelle: OPS.1.2.5.A10 (S). Es SOLLTE eine Bedienungsanleitung für den Umgang mit den Fernwartungswerkzeugen vorliegen Quelle: OPS.1.2.5.A10 (S). Zusätzlich zu den allgemeinen Schulungsmaßnahmen SOLLTE der IT-Betrieb besonders im Umgang mit den Fernwartungswerkzeugen sensibilisiert und geschult werden Quelle: OPS.1.2.5.A10 (S).;OPS.1.2.5.A10 Umgang mit Fernwartungswerkzeugen (S) Es SOLLTEN organisatorische Verwaltungsprozesse zum Umgang mit den ausgewählten Fernwartungswerkzeugen etabliert werden. Es SOLLTE eine Bedienungsanleitung für den Umgang mit den Fernwartungswerkzeugen vorliegen. Ergänzend zu den allgemeinen Schulungsmaßnahmen SOLLTEN Musterabläufe für die passive und die aktive Fernwartung erstellt und kommuniziert werden. Zusätzlich zu den allgemeinen Schulungsmaßnahmen SOLLTE der IT-Betrieb besonders im Umgang mit den Fernwartungswerkzeugen sensibilisiert und geschult werden. Es SOLLTE ein Ansprechpartner oder eine Ansprechpartnerin für alle fachlichen Fragen zu den Fernwartungswerkzeugen benannt werden.;"Mitarbeitende werden durch mehrere Maßnahmen beim Umgang mit Fernwartungswerkzeugen unterstützt:

- Es SOLLTEN organisatorische Verwaltungsprozesse zum Umgang mit den ausgewählten Fernwartungswerkzeugen etabliert werden, um klare Abläufe und Verantwortlichkeiten zu schaffen Quelle: Umgang mit Fernwartungswerkzeugen (S.1‑2).  
- Es SOLLTE eine Bedienungsanleitung für den Umgang mit den Fernwartungswerkzeugen vorliegen, die den Mitarbeitenden als Nachschlagewerk dient Quelle: Umgang mit Fernwartungswerkzeugen (S.2).  
- Ergänzend zu den allgemeinen Schulungsmaßnahmen SOLLTEN Musterabläufe für die passive und die aktive Fernwartung erstellt und kommuniziert werden, sodass die Mitarbeitenden praxisnahe Vorgaben erhalten Quelle: Umgang mit Fernwartungswerkzeugen (S.2‑3).  
- Zusätzlich zu den allgemeinen Schulungsmaßnahmen SOLLTE der IT‑Betrieb besonders im Umgang mit den Fernwartungswerkzeugen sensibilisiert und geschult werden, um spezifische Risiken und sichere Vorgehensweisen zu vermitteln Quelle: Umgang mit Fernwartungswerkzeugen (S.3).  
- Es SOLLTE ein Ansprechpartner oder eine Ansprechpartnerin für alle fachlichen Fragen zu den Fernwartungswerkzeugen benannt werden, damit Mitarbeitende bei Unsicherheiten schnell kompetente Unterstützung erhalten Quelle: Umgang mit Fernwartungswerkzeugen (S.3‑4).

Anschlussfragen:
1. Welche konkreten Inhalte sollten in der Bedienungsanleitung für Fernwartungswerkzeuge enthalten sein?
2. Wie können die Musterabläufe für passive und aktive Fernwartung am besten dokumentiert und verteilt werden?
3. Welche Qualifikationen sollte der benannte Ansprechpartner für Fernwartungswerkzeuge besitzen?";"Mitarbeitende werden durch mehrere Maßnahmen beim Umgang mit Fernwartungswerkzeugen unterstützt:

- Es SOLLTEN organisatorische Verwaltungsprozesse zum Umgang mit den ausgewählten Fernwartungswerkzeugen etabliert werden, um klare Abläufe und Verantwortlichkeiten zu schaffen Quelle: Umgang mit Fernwartungswerkzeugen (S.1‑2).  
- Es SOLLTE eine Bedienungsanleitung für den Umgang mit den Fernwartungswerkzeugen vorliegen, die den Mitarbeitenden als Nachschlagewerk dient Quelle: Umgang mit Fernwartungswerkzeugen (S.2).  
- Ergänzend zu den allgemeinen Schulungsmaßnahmen SOLLTEN Musterabläufe für die passive und die aktive Fernwartung erstellt und kommuniziert werden, sodass die Mitarbeitenden praxisnahe Vorgaben erhalten Quelle: Umgang mit Fernwartungswerkzeugen (S.2‑3).  
- Zusätzlich zu den allgemeinen Schulungsmaßnahmen SOLLTE der IT‑Betrieb besonders im Umgang mit den Fernwartungswerkzeugen sensibilisiert und geschult werden, um spezifische Risiken und sichere Vorgehensweisen zu vermitteln Quelle: Umgang mit Fernwartungswerkzeugen (S.3).  
- Es SOLLTE ein Ansprechpartner oder eine Ansprechpartnerin für alle fachlichen Fragen zu den Fernwartungswerkzeugen benannt werden, damit Mitarbeitende bei Unsicherheiten schnell kompetente Unterstützung erhalten Quelle: Umgang mit Fernwartungswerkzeugen (S.3‑4).";"1. Welche konkreten Inhalte sollten in der Bedienungsanleitung für Fernwartungswerkzeuge enthalten sein?
2. Wie können die Musterabläufe für passive und aktive Fernwartung am besten dokumentiert und verteilt werden?
3. Welche Qualifikationen sollte der benannte Ansprechpartner für Fernwartungswerkzeuge besitzen?";3;3;0.9999999999;1.0;1.0;0.7710828015591189;Welche konkreten Inhalte sollten in der Bedienungsanleitung für Fernwartungswerkzeuge enthalten sein?;2.0;2.0;Direkte Relevanz zu Fernwartungswerkzeugen;Wie können die Musterabläufe für passive und aktive Fernwartung am besten dokumentiert und verteilt werden?;2.0;2.0;Direkte Relevanz zu Fernwartung;Welche Qualifikationen sollte der benannte Ansprechpartner für Fernwartungswerkzeuge besitzen?;1.0;2.0;Teilweise abgedeckt;1.667;2.0
Welche Anforderungen gelten für die Authentisierung bei Fernwartung?;"Für die Authentisierung bei Fernwartung SOLLTEN Mehr-Faktor-Verfahren zur Authentisierung eingesetzt werden Quelle: OPS.1.2.5.A17 (S). Die Auswahl der Authentisierungsmethode und die Gründe, die zu der Auswahl geführt haben, SOLLTEN dokumentiert werden Quelle: OPS.1.2.5.A17 (S). Fernwartungszugänge SOLLTEN im Identitäts- und Berechtigungsmanagement der Institution berücksichtigt werden Quelle: OPS.1.2.5.A17 (S).

Anschlussfragen:
1. Welche Rolle spielt die Dokumentation bei der Auswahl von Authentisierungsmethoden für die Fernwartung?
2. Wie sollten Fernwartungszugänge im Identitäts- und Berechtigungsmanagement berücksichtigt werden?
3. Welche zusätzlichen Bausteine sollten bei der Nutzung von Fernwartung beachtet werden?";Für die Authentisierung bei Fernwartung SOLLTEN Mehr-Faktor-Verfahren zur Authentisierung eingesetzt werden Quelle: OPS.1.2.5.A17 (S). Die Auswahl der Authentisierungsmethode und die Gründe, die zu der Auswahl geführt haben, SOLLTEN dokumentiert werden Quelle: OPS.1.2.5.A17 (S). Fernwartungszugänge SOLLTEN im Identitäts- und Berechtigungsmanagement der Institution berücksichtigt werden Quelle: OPS.1.2.5.A17 (S).;OPS.1.2.5.A17 Authentisierungsmechanismen bei der Fernwartung (S) Für die Fernwartung SOLLTEN Mehr-Faktor-Verfahren zur Authentisierung eingesetzt werden. Die Auswahl der Authentisierungsmethode und die Gründe, die zu der Auswahl geführt haben, SOLLTEN dokumentiert werden. Fernwartungszugänge SOLLTEN im Identitäts- und Berechtigungsmanagement der Institution berücksichtigt werden.;"Für die Authentisierung bei Fernwartungen gelten folgende Vorgaben:

- Mehr‑Faktor‑Verfahren SOLLTEN eingesetzt werden Quelle: Authentisierungsmechanismen bei der Fernwartung (S.1)  
- Die Auswahl der Authentisierungsmethode und die zugrunde liegenden Gründe SOLLTEN dokumentiert werden Quelle: Authentisierungsmechanismen bei der Fernwartung (S.1)  
- Fernwartungszugänge MÜSSEN im Identitäts‑ und Berechtigungsmanagement der Institution berücksichtigt werden Quelle: Authentisierungsmechanismen bei der Fernwartung (S.1)  
- Der Zugriff SOLLTE über zentrale Authentisierungskomponenten kontrolliert und explizit zugelassen werden Quelle: Absicherung jedes Fernwartungszugriffs auf die OT (S.1)  
- Der Zugang zur Fernwartung SOLLTE für alle Zugriffe vereinheitlicht werden Quelle: Absicherung jedes Fernwartungszugriffs auf die OT (S.1)

Anschlussfragen:
1. Welche konkreten Mehr‑Faktor‑Verfahren werden im Baustein empfohlen?
2. Wie wird die Dokumentation der Authentisierungsmethode im Identitäts‑ und Berechtigungsmanagement umgesetzt?
3. Welche zentralen Authentisierungskomponenten können für die Fernwartung eingesetzt werden?";"Für die Authentisierung bei Fernwartungen gelten folgende Vorgaben:

- Mehr‑Faktor‑Verfahren SOLLTEN eingesetzt werden Quelle: Authentisierungsmechanismen bei der Fernwartung (S.1)  
- Die Auswahl der Authentisierungsmethode und die zugrunde liegenden Gründe SOLLTEN dokumentiert werden Quelle: Authentisierungsmechanismen bei der Fernwartung (S.1)  
- Fernwartungszugänge MÜSSEN im Identitäts‑ und Berechtigungsmanagement der Institution berücksichtigt werden Quelle: Authentisierungsmechanismen bei der Fernwartung (S.1)  
- Der Zugriff SOLLTE über zentrale Authentisierungskomponenten kontrolliert und explizit zugelassen werden Quelle: Absicherung jedes Fernwartungszugriffs auf die OT (S.1)  
- Der Zugang zur Fernwartung SOLLTE für alle Zugriffe vereinheitlicht werden Quelle: Absicherung jedes Fernwartungszugriffs auf die OT (S.1)";"1. Welche konkreten Mehr‑Faktor‑Verfahren werden im Baustein empfohlen?
2. Wie wird die Dokumentation der Authentisierungsmethode im Identitäts‑ und Berechtigungsmanagement umgesetzt?
3. Welche zentralen Authentisierungskomponenten können für die Fernwartung eingesetzt werden?";3;3;0.698412698389418;1.0;0.8;0.7907867732548117;Welche konkreten Mehr‑Faktor‑Verfahren werden im Baustein empfohlen?;0.0;1.0;Keine direkte Empfehlung;Wie wird die Dokumentation der Authentisierungsmethode im Identitäts‑ und Berechtigungsmanagement umgesetzt?;2.0;2.0;Direkte Verbindung zu Authentisierung;Welche zentralen Authentisierungskomponenten können für die Fernwartung eingesetzt werden?;2.0;2.0;Zentrale Authentisierungskomponenten;1.333;1.667
Wie ist Fernwartung durch externe Dienstleister abzusichern?;"Fernwartung durch externe Dienstleister sollte wie folgt abgesichert werden: Alle Fernwartungsaktivitäten von externen Dienstleistern SOLLTEN von internen Mitarbeitenden beobachtet werden Quelle: OPS.1.2.5.A19 (S). Alle Fernwartungsvorgänge durch Dritte SOLLTEN aufgezeichnet werden Quelle: OPS.1.2.5.A19 (S). Mit externem Wartungspersonal MÜSSEN vertragliche Regelungen über die Sicherheit der betroffenen IT-Systeme und Informationen geschlossen werden Quelle: OPS.1.2.5.A19 (S). 

Anschlussfragen:
1. Wie sollten die Pflichten und Kompetenzen des externen Wartungspersonals in den vertraglichen Regelungen festgehalten werden?
2. Welche Anforderungen müssen erfüllt werden, wenn cloudbasierte Fernwartungsprodukte verwendet werden?
3. Wie sollten die Fernwartungsschnittstellen konfiguriert sein, um sicherzustellen, dass externe Dienstleister nur auf die notwendigen IT-Systeme und Netzsegmente zugreifen können?";Fernwartung durch externe Dienstleister sollte wie folgt abgesichert werden: Alle Fernwartungsaktivitäten von externen Dienstleistern SOLLTEN von internen Mitarbeitenden beobachtet werden Quelle: OPS.1.2.5.A19 (S). Alle Fernwartungsvorgänge durch Dritte SOLLTEN aufgezeichnet werden Quelle: OPS.1.2.5.A19 (S). Mit externem Wartungspersonal MÜSSEN vertragliche Regelungen über die Sicherheit der betroffenen IT-Systeme und Informationen geschlossen werden Quelle: OPS.1.2.5.A19 (S).;OPS.1.2.5.A19 Fernwartung durch Dritte (S) Wird die Fernwartung von Externen durchgeführt, SOLLTEN alle Fernwartungsaktivitäten von internen Mitarbeitenden beobachtet werden. Alle Fernwartungsvorgänge durch Dritte SOLLTEN aufgezeichnet werden. Mit externem Wartungspersonal MÜSSEN vertragliche Regelungen über die Sicherheit der betroffenen IT-Systeme und Informationen geschlossen werden. Die Pflichten und Kompetenzen des externen Wartungspersonals SOLLTEN in den vertraglichen Regelungen festgehalten werden. Sollten Dienstleistende mehrere Kunden und Kundinnen fernwarten, MUSS gewährleistet sein, dass die Netze der Kunden und Kundinnen nicht miteinander verbunden werden. Die Fernwartungsschnittstellen SOLLTEN so konfiguriert sein, dass es Dienstleistenden nur möglich ist, auf die IT-Systeme und Netzsegmente zuzugreifen, die für seine Arbeit benötigt werden.;"Im bereitgestellten Kontext nicht enthalten  

Anschlussfragen:
1. Welche konkreten Bausteine des IT‑Grundschutz‑Kompendiums regeln die vertraglichen Vorgaben für OT‑Fernwartung?
2. Wie werden Anforderungen an Verschlüsselung und Authentisierung bei VS‑IT‑Fernwartung im Baustein CON.1 umgesetzt?
3. Welche ergänzenden Maßnahmen aus den Bausteinen OPS.2.3 und OPS.2.2 sind bei Outsourcing‑ bzw. Cloud‑basierten Fernwartungsdiensten zu beachten?";Im bereitgestellten Kontext nicht enthalten;"1. Welche konkreten Bausteine des IT‑Grundschutz‑Kompendiums regeln die vertraglichen Vorgaben für OT‑Fernwartung?
2. Wie werden Anforderungen an Verschlüsselung und Authentisierung bei VS‑IT‑Fernwartung im Baustein CON.1 umgesetzt?
3. Welche ergänzenden Maßnahmen aus den Bausteinen OPS.2.3 und OPS.2.2 sind bei Outsourcing‑ bzw. Cloud‑basierten Fernwartungsdiensten zu beachten?";3;3;0.9379251700546283;0.8571428571428571;0.0;0.09753798961134195;Welche konkreten Bausteine des IT‑Grundschutz‑Kompendiums regeln die vertraglichen Vorgaben für OT‑Fernwartung?;2.0;2.0;Direkte Relevanz zu OT-Fernwartung;Wie werden Anforderungen an Verschlüsselung und Authentisierung bei VS‑IT‑Fernwartung im Baustein CON.1 umgesetzt?;2.0;2.0;Direkte Umsetzung in CON.1;Welche ergänzenden Maßnahmen aus den Bausteinen OPS.2.3 und OPS.2.2 sind bei Outsourcing‑ bzw. Cloud‑basierten Fernwartungsdiensten zu beachten?;2.0;2.0;Direkte Bezugnahme auf Outsourcing und Cloud;2.0;2.0
Welche Maßnahmen gehören zum sicheren Betrieb der Fernwartung?;"Für den sicheren Betrieb der Fernwartung SOLLTE ein Meldeprozess für Support- und Fernwartungsanliegen etabliert werden Quelle: OPS.1.2.5.A20 (S). Mechanismen zur Erkennung und Abwehr von hochvolumigen Angriffen, TCP-StateExhaustion-Angriffen und Angriffen auf Applikationsebene SOLLTEN implementiert sein Quelle: OPS.1.2.5.A20 (S). Alle Fernwartungsvorgänge SOLLTEN protokolliert werden Quelle: OPS.1.2.5.A20 (S).

Anschlussfragen:
1. Welche Rolle spielt die Authentisierung bei der Fernwartung?
2. Wie werden die Sicherheitsaspekte der eingesetzten Kommunikationsverbindungen bei der Fernwartung berücksichtigt?
3. Welche zusätzlichen Bausteine müssen bei der Nutzung von cloudbasierten Fernwartungsprodukten beachtet werden?";Für den sicheren Betrieb der Fernwartung SOLLTE ein Meldeprozess für Support- und Fernwartungsanliegen etabliert werden Quelle: OPS.1.2.5.A20 (S). Mechanismen zur Erkennung und Abwehr von hochvolumigen Angriffen, TCP-StateExhaustion-Angriffen und Angriffen auf Applikationsebene SOLLTEN implementiert sein Quelle: OPS.1.2.5.A20 (S). Alle Fernwartungsvorgänge SOLLTEN protokolliert werden Quelle: OPS.1.2.5.A20 (S).;OPS.1.2.5.A20 Betrieb der Fernwartung (S) Ein Meldeprozess für Support- und Fernwartungsanliegen SOLLTE etabliert werden. Es SOLLTEN Mechanismen zur Erkennung und Abwehr von hochvolumigen Angriffen, TCP-StateExhaustion-Angriffen und Angriffen auf Applikationsebene implementiert sein. Alle Fernwartungsvorgänge SOLLTEN protokolliert werden.;"- Die möglichen Zugänge und Kommunikationsverbindungen für die Fernwartung MÜSSEN auf das notwendige Maß beschränkt werden Quelle: Fernwartung (S.1).  
- Alle Fernwartungsverbindungen MÜSSEN nach dem Fernzugriff getrennt werden Quelle: Fernwartung (S.2).  
- Fernwartungssoftware DÜRFTEN NUR auf IT‑Systemen installiert sein, auf denen sie benötigt wird Quelle: Fernwartung (S.3).  
- Fernwartungsverbindungen über nicht vertrauenswürdige Netze MÜSSEN verschlüsselt werden; alle anderen Verbindungen SOLLTEN verschlüsselt werden Quelle: Fernwartung (S.4).  
- Sämtliche Fernwartungszugänge MÜSSEN in einer zentralen Dokumentation erfasst werden Quelle: Fernwartung (S.5).  
- Es MUSS festgelegt und den Beteiligten mitgeteilt werden, wie Fernwartungsanwendungen zu konfigurieren und zu nutzen sind Quelle: Fernwartung (S.6).  
- Authentisierungsverfahren MÜSSEN sicher sein (z. B. zertifikatsbasiert) und dürfen nicht nur auf kurze Passwörter setzen Quelle: Fernwartung (S.7).  
- OT‑Fernwartungssitzungen MÜSSEN beobachtet und nach dem Vier‑Augen‑Prinzip kontrolliert werden; OT‑Mitarbeitende SOLLTEN eingreifen können Quelle: Fernwartung (S.8).  
- Für externe Dienstleistende MÜSSEN vertragliche Regelungen bestehen, die den kontrollierten und abgestimmten Zugriff sicherstellen Quelle: Fernwartung (S.9).  
- Für die OT MUSS ein zentrales Fernwartungskonzept erstellt und mit allen internen und externen Stellen abgestimmt werden Quelle: Fernwartung (S.10).  

Anschlussfragen:  
1. Welche konkreten Authentifizierungsverfahren werden im Baustein empfohlen?  
2. Wie lässt sich die Dokumentation der Fernwartungszugänge praktisch umsetzen?  
3. Welche zusätzlichen Bausteine sind für die Absicherung von Fernwartungsprozessen relevant?";"- Die möglichen Zugänge und Kommunikationsverbindungen für die Fernwartung MÜSSEN auf das notwendige Maß beschränkt werden Quelle: Fernwartung (S.1).  
- Alle Fernwartungsverbindungen MÜSSEN nach dem Fernzugriff getrennt werden Quelle: Fernwartung (S.2).  
- Fernwartungssoftware DÜRFTEN NUR auf IT‑Systemen installiert sein, auf denen sie benötigt wird Quelle: Fernwartung (S.3).  
- Fernwartungsverbindungen über nicht vertrauenswürdige Netze MÜSSEN verschlüsselt werden; alle anderen Verbindungen SOLLTEN verschlüsselt werden Quelle: Fernwartung (S.4).  
- Sämtliche Fernwartungszugänge MÜSSEN in einer zentralen Dokumentation erfasst werden Quelle: Fernwartung (S.5).  
- Es MUSS festgelegt und den Beteiligten mitgeteilt werden, wie Fernwartungsanwendungen zu konfigurieren und zu nutzen sind Quelle: Fernwartung (S.6).  
- Authentisierungsverfahren MÜSSEN sicher sein (z. B. zertifikatsbasiert) und dürfen nicht nur auf kurze Passwörter setzen Quelle: Fernwartung (S.7).  
- OT‑Fernwartungssitzungen MÜSSEN beobachtet und nach dem Vier‑Augen‑Prinzip kontrolliert werden; OT‑Mitarbeitende SOLLTEN eingreifen können Quelle: Fernwartung (S.8).  
- Für externe Dienstleistende MÜSSEN vertragliche Regelungen bestehen, die den kontrollierten und abgestimmten Zugriff sicherstellen Quelle: Fernwartung (S.9).  
- Für die OT MUSS ein zentrales Fernwartungskonzept erstellt und mit allen internen und externen Stellen abgestimmt werden Quelle: Fernwartung (S.10).";"1. Welche konkreten Authentifizierungsverfahren werden im Baustein empfohlen?  
2. Wie lässt sich die Dokumentation der Fernwartungszugänge praktisch umsetzen?  
3. Welche zusätzlichen Bausteine sind für die Absicherung von Fernwartungsprozessen relevant?";3;3;0.5138888888717592;0.0;0.9166666666666666;0.18082125693135048;Welche konkreten Authentifizierungsverfahren werden im Baustein empfohlen?;1.0;2.0;Authentifizierung im Baustein;Wie lässt sich die Dokumentation der Fernwartungszugänge praktisch umsetzen?;2.0;2.0;Dokumentation der Fernwartung;Welche zusätzlichen Bausteine sind für die Absicherung von Fernwartungsprozessen relevant?;2.0;2.0;Direkte Vertiefung Fernwartung;1.667;2.0
Wie wird auf den Ausfall von Fernwartung reagiert?;"Um auf den Ausfall von Fernwartung zu reagieren, SOLLTE ein Konzept entwickelt werden, das im Falle eines Ausfalls festhält, wie zu reagieren ist, um Störungen, Schäden und Folgeschäden zu minimieren Quelle: OPS.1.2.5.A21 (S). Dieses Konzept SOLLTE auch festlegen, wie eine zeitnahe Wiederherstellung des Normalbetriebs erfolgen kann Quelle: OPS.1.2.5.A21 (S).

Anschlussfragen:
1. Wie kann ein Notfallplan für den Ausfall von Fernwartungskomponenten erstellt werden?
2. Welche Rolle spielt die Absicherung der Fernwartungszugänge bei der Reaktion auf einen Ausfall?
3. Wie können cloudbasierte Fernwartungsprodukte bei der Reaktion auf einen Ausfall berücksichtigt werden?";Um auf den Ausfall von Fernwartung zu reagieren, SOLLTE ein Konzept entwickelt werden, das im Falle eines Ausfalls festhält, wie zu reagieren ist, um Störungen, Schäden und Folgeschäden zu minimieren Quelle: OPS.1.2.5.A21 (S). Dieses Konzept SOLLTE auch festlegen, wie eine zeitnahe Wiederherstellung des Normalbetriebs erfolgen kann Quelle: OPS.1.2.5.A21 (S).;OPS.1.2.5.A21 Erstellung eines Notfallplans für den Ausfall der Fernwartung (S) Es SOLLTE ein Konzept entwickelt werden, wie die Folgen eines Ausfalls von Fernwartungskomponenten minimiert werden können. Dieses SOLLTE festhalten, wie im Falle eines Ausfalls zu reagieren ist. Durch den Notfallplan SOLLTE sichergestellt sein, dass Störungen, Schäden und Folgeschäden minimiert werden. Außerdem SOLLTE festgelegt werden, wie eine zeitnahe Wiederherstellung des Normalbetriebs erfolgen kann.;"Ein Notfallplan für den Ausfall von Fernwartungskomponenten muss entwickelt werden, der 

- ein Konzept zur Minimierung von Folgen eines Ausfalls festlegt (Quelle: Erstellung eines Notfallplans für den Ausfall der Fernwartung (S.1))  
- die konkreten Reaktionsschritte im Störungsfall beschreibt, damit Störungen, Schäden und Folgeschäden reduziert werden (Quelle: Erstellung eines Notfallplans für den Ausfall der Fernwartung (S.1))  
- die zeitnahe Wiederherstellung des Normalbetriebs sicherstellt, indem Verantwortlichkeiten, Wiederanlauf‑ und Testverfahren definiert werden (Quelle: Erstellung eines Notfallplans für den Ausfall der Fernwartung (S.1)).

Der Plan ist Teil des übergeordneten Fernwartungs‑Bausteins und muss mit den allgemeinen Notfall‑ und Wiederanlauf‑Prozessen der Institution abgestimmt sein. Er wird in der Regel in den Bereichen OPS.1.1.3 (Patch‑ und Änderungsmanagement), ORP.3 (Sensibilisierung und Schulung) und CON.3 (Datensicherungskonzept) verankert, um sicherzustellen, dass Ersatz‑ oder Backup‑Lösungen bereitstehen und die Wiederherstellung dokumentiert wird (Quelle: Erstellung eines Notfallplans für den Ausfall der Fernwartung (S.1)).

Anschlussfragen:
1. Welche konkreten Rollen und Verantwortlichkeiten sollten im Notfallplan für Fernwartungsausfälle definiert werden?
2. Wie lässt sich die Wirksamkeit des Notfallplans durch Tests und Übungen überprüfen?
3. Welche Schnittstellen zu den Bausteinen OPS.1.1.3, ORP.3 und CON.3 sind für die Umsetzung besonders relevant?";"Ein Notfallplan für den Ausfall von Fernwartungskomponenten muss entwickelt werden, der 

- ein Konzept zur Minimierung von Folgen eines Ausfalls festlegt (Quelle: Erstellung eines Notfallplans für den Ausfall der Fernwartung (S.1))  
- die konkreten Reaktionsschritte im Störungsfall beschreibt, damit Störungen, Schäden und Folgeschäden reduziert werden (Quelle: Erstellung eines Notfallplans für den Ausfall der Fernwartung (S.1))  
- die zeitnahe Wiederherstellung des Normalbetriebs sicherstellt, indem Verantwortlichkeiten, Wiederanlauf‑ und Testverfahren definiert werden (Quelle: Erstellung eines Notfallplans für den Ausfall der Fernwartung (S.1)).

Der Plan ist Teil des übergeordneten Fernwartungs‑Bausteins und muss mit den allgemeinen Notfall‑ und Wiederanlauf‑Prozessen der Institution abgestimmt sein. Er wird in der Regel in den Bereichen OPS.1.1.3 (Patch‑ und Änderungsmanagement), ORP.3 (Sensibilisierung und Schulung) und CON.3 (Datensicherungskonzept) verankert, um sicherzustellen, dass Ersatz‑ oder Backup‑Lösungen bereitstehen und die Wiederherstellung dokumentiert wird (Quelle: Erstellung eines Notfallplans für den Ausfall der Fernwartung (S.1)).";"1. Welche konkreten Rollen und Verantwortlichkeiten sollten im Notfallplan für Fernwartungsausfälle definiert werden?
2. Wie lässt sich die Wirksamkeit des Notfallplans durch Tests und Übungen überprüfen?
3. Welche Schnittstellen zu den Bausteinen OPS.1.1.3, ORP.3 und CON.3 sind für die Umsetzung besonders relevant?";3;3;0.9999999999;1.0;0.3333333333333333;0.5994065483968795;Welche konkreten Rollen und Verantwortlichkeiten sollten im Notfallplan für Fernwartungsausfälle definiert werden?;1.0;2.0;Teilweise abgedeckt;Wie lässt sich die Wirksamkeit des Notfallplans durch Tests und Übungen überprüfen?;2.0;2.0;Direkte Überprüfung von Notfallplänen;Welche Schnittstellen zu den Bausteinen OPS.1.1.3, ORP.3 und CON.3 sind für die Umsetzung besonders relevant?;2.0;2.0;Direkte Verbindung zu Bausteinen;1.667;2.0
Was ist der Unterschied zwischen Cloud und normalem Outsourcing?;"Der Unterschied zwischen Cloud und normalem Outsourcing liegt in mehreren Aspekten. Im Gegensatz zum klassischen IT-Outsourcing, bei dem die komplette gemietete Infrastruktur exklusiv von einem Kunden genutzt wird (Single Tenant Architektur), teilen sich in einer Cloud oft mehrere Anwendende eine gemeinsame Infrastruktur aus wirtschaftlichen Gründen Quelle: Abgrenzung und Modellierung (S.1). 

Cloud-Dienste sind dynamisch und innerhalb viel kürzerer Zeiträume nach oben und unten skalierbar, was es ermöglicht, Angebote rascher an den tatsächlichen Bedarf der Anwendenden anzupassen Quelle: Abgrenzung und Modellierung (S.1). 

Darüber hinaus werden Cloud-Dienste in der Regel mittels einer Webschnittstelle durch die Cloud-Anwendenden selbst gesteuert, was eine automatisierte Anpassung der genutzten Dienste auf ihre Bedürfnisse ermöglicht Quelle: Abgrenzung und Modellierung (S.1). 

Schließlich können die Anwendenden die genutzten Dienste und ihre Ressourcen einfach über Web-Oberflächen oder passende Schnittstellen administrieren, wobei wenig Interaktion mit den Cloud-Diensteanbietenden erforderlich ist Quelle: Abgrenzung und Modellierung (S.1).

Anschlussfragen:
1. Wie unterscheidet sich die Skalierbarkeit von Cloud-Diensten im Vergleich zum klassischen IT-Outsourcing?
2. Welche Rolle spielen Webschnittstellen bei der Steuerung von Cloud-Diensten?
3. Wie können Anwendende ihre Ressourcen in der Cloud administrieren?";"Der Unterschied zwischen Cloud und normalem Outsourcing liegt in mehreren Aspekten. Im Gegensatz zum klassischen IT-Outsourcing, bei dem die komplette gemietete Infrastruktur exklusiv von einem Kunden genutzt wird (Single Tenant Architektur), teilen sich in einer Cloud oft mehrere Anwendende eine gemeinsame Infrastruktur aus wirtschaftlichen Gründen Quelle: Abgrenzung und Modellierung (S.1). 

Cloud-Dienste sind dynamisch und innerhalb viel kürzerer Zeiträume nach oben und unten skalierbar, was es ermöglicht, Angebote rascher an den tatsächlichen Bedarf der Anwendenden anzupassen Quelle: Abgrenzung und Modellierung (S.1). 

Darüber hinaus werden Cloud-Dienste in der Regel mittels einer Webschnittstelle durch die Cloud-Anwendenden selbst gesteuert, was eine automatisierte Anpassung der genutzten Dienste auf ihre Bedürfnisse ermöglicht Quelle: Abgrenzung und Modellierung (S.1). 

Schließlich können die Anwendenden die genutzten Dienste und ihre Ressourcen einfach über Web-Oberflächen oder passende Schnittstellen administrieren, wobei wenig Interaktion mit den Cloud-Diensteanbietenden erforderlich ist Quelle: Abgrenzung und Modellierung (S.1).";"1.3. Abgrenzung und Modellierung Der Baustein OPS.2.2 Cloud-Nutzung ist immer auf eine konkrete Cloud-Dienstleistung anzuwenden. Nutzt eine Institution unterschiedliche Cloud-Diensteanbietende, so ist der Baustein für alle Cloud-Diensteanbietenden anzuwenden. Die Schnittstelle zwischen den Cloud-Diensteanbietenden ist ebenfalls Gegenstand des Bausteins und muss für alle Cloud-Dienstleistungen betrachtet werden. In nahezu allen Bereitstellungsmodellen, abgesehen von der Nutzung einer Private Cloud On-Premise, stellen Cloud-Dienste eine Sonderform des Outsourcings (siehe Baustein OPS.2.3 Nutzung von Outsourcing) dar. Die im vorliegenden Baustein beschriebenen Gefährdungen und Anforderungen werden daher häufig auch im Outsourcing angewendet. Bei Cloud-Diensten gibt es jedoch einige Besonderheiten, die sich ausschließlich in diesem Baustein wiederfinden. Der Baustein OPS.2.3 Nutzung von Outsourcing ist daher nicht auf Cloud-Dienste anzuwenden. Die in diesem Baustein beschriebenen Gefährdungen und Anforderungen gelten dabei grundsätzlich unabhängig vom genutzten Service- und Bereitstellungsmodell. Sicherheitsanforderungen, mit denen Anbietende ihre Cloud-Dienste schützen können, sind nicht Gegenstand dieses Bausteins. Gefährdungen und spezifische Sicherheitsanforderungen, die durch die Anbindung eines Cloud-Dienstes über entsprechende Schnittstellen (englisch API, Application Programming Interface) als relevant anzusehen sind, werden ebenfalls nicht in diesem Baustein betrachtet. Abgrenzung zum klassischen IT-Outsourcing Beim Outsourcing werden Arbeits-, Produktions- oder Geschäftsprozesse einer Institution ganz oder teilweise zu externen Dienstleistenden ausgelagert. Dies ist ein etablierter Bestandteil heutiger Organisationsstrategien. Das klassische IT-Outsourcing ist meist so gestaltet, dass die komplette gemietete Infrastruktur exklusiv von einem Kunden oder einer Kundin genutzt wird (Single Tenant Architektur), auch wenn Anbietende von Outsourcing normalerweise mehrere Kunden oder Kundinnen haben. Zudem werden Outsourcing-Verträge meistens über längere Laufzeiten abgeschlossen. Die Nutzung von Cloud-Diensten gleicht in vielen Punkten dem klassischen Outsourcing, aber es kommen noch einige Unterschiede hinzu, die zu berücksichtigen sind:

• Aus wirtschaftlichen Gründen teilen sich oft in einer Cloud mehrere Anwendende eine gemeinsame Infrastruktur.

• Cloud-Dienste sind dynamisch und dadurch innerhalb viel kürzerer Zeiträume nach oben und unten skalierbar. So können Cloud-basierte Angebote rascher an den tatsächlichen Bedarf der Anwendenden angepasst werden.

• Die in Anspruch genommenen Cloud-Dienste werden in der Regel mittels einer Webschnittstelle durch die Cloud-Anwendenden selbst gesteuert. So können sie automatisiert die genutzten Dienste auf ihre Bedürfnisse zuschneiden.

• Durch die beim Cloud Computing genutzten Techniken ist es möglich, die IT-Leistung dynamisch über mehrere Standorte zu verteilen, die geographisch sowohl im In- als auch im Ausland weit verstreut sein können.

• Die Anwendenden können die genutzten Dienste und ihre Ressourcen einfach über WebOberflächen oder passende Schnittstellen administrieren, wobei wenig Interaktion mit den Cloud-Diensteanbietenden erforderlich ist.";"Cloud‑Nutzung ist im IT‑Grundschutz als Sonderform des Outsourcings definiert, weil externe Dienste in Anspruch genommen werden, jedoch mit spezifischen Merkmalen, die sich vom klassischen IT‑Outsourcing unterscheiden Quelle: Abgrenzung Und Modellierung (S.1)  

Im klassischen IT‑Outsourcing wird die gemietete Infrastruktur exklusiv von einem Kunden genutzt (Single‑Tenant‑Architektur) und Verträge haben meist lange Laufzeiten Quelle: Abgrenzung zum klassischen IT‑Outsourcing (S.1)  

Bei Cloud‑Diensten teilen sich mehrere Anwender eine gemeinsame Infrastruktur (Multi‑Tenant) und können Ressourcen innerhalb kurzer Zeit nach oben oder unten skalieren Quelle: Abgrenzung zum klassischen IT‑Outsourcing (S.2)  

Die Steuerung erfolgt in der Regel über Web‑Schnittstellen, sodass die Anwender die Services selbst automatisiert anpassen können und nur wenig direkte Interaktion mit dem Anbieter nötig ist Quelle: Abgrenzung zum klassischen IT‑Outsourcing (S.3)  

Cloud‑Angebote können über mehrere, teils internationale Standorte verteilt sein, während klassisches Outsourcing meist an einem definierten Standort betrieben wird Quelle: Abgrenzung zum klassischen IT‑Outsourcing (S.4)  

Beide Modelle behalten die Verantwortung für die Informationssicherheit bei der auslagernden Institution, jedoch erfordert die Cloud zusätzliche Governance‑ und Vertragsaspekte, weil Infrastruktur und Dienste dynamisch und gemeinsam genutzt werden Quelle: Cloud‑Nutzung Einleitung (S.1)  

Anschlussfragen:
1. Welche konkreten Sicherheitsanforderungen gelten für die Cloud‑Nutzung nach OPS.2.2?  
2. Wie sollten Verträge für klassisches IT‑Outsourcing strukturiert sein, um die Informationssicherheit zu gewährleisten?  
3. Welche Rolle spielt die Mandantenfähigkeit bei der Auswahl von Cloud‑Dienstleistern?";"Cloud‑Nutzung ist im IT‑Grundschutz als Sonderform des Outsourcings definiert, weil externe Dienste in Anspruch genommen werden, jedoch mit spezifischen Merkmalen, die sich vom klassischen IT‑Outsourcing unterscheiden Quelle: Abgrenzung Und Modellierung (S.1)  

Im klassischen IT‑Outsourcing wird die gemietete Infrastruktur exklusiv von einem Kunden genutzt (Single‑Tenant‑Architektur) und Verträge haben meist lange Laufzeiten Quelle: Abgrenzung zum klassischen IT‑Outsourcing (S.1)  

Bei Cloud‑Diensten teilen sich mehrere Anwender eine gemeinsame Infrastruktur (Multi‑Tenant) und können Ressourcen innerhalb kurzer Zeit nach oben oder unten skalieren Quelle: Abgrenzung zum klassischen IT‑Outsourcing (S.2)  

Die Steuerung erfolgt in der Regel über Web‑Schnittstellen, sodass die Anwender die Services selbst automatisiert anpassen können und nur wenig direkte Interaktion mit dem Anbieter nötig ist Quelle: Abgrenzung zum klassischen IT‑Outsourcing (S.3)  

Cloud‑Angebote können über mehrere, teils internationale Standorte verteilt sein, während klassisches Outsourcing meist an einem definierten Standort betrieben wird Quelle: Abgrenzung zum klassischen IT‑Outsourcing (S.4)  

Beide Modelle behalten die Verantwortung für die Informationssicherheit bei der auslagernden Institution, jedoch erfordert die Cloud zusätzliche Governance‑ und Vertragsaspekte, weil Infrastruktur und Dienste dynamisch und gemeinsam genutzt werden Quelle: Cloud‑Nutzung Einleitung (S.1)";"1. Welche konkreten Sicherheitsanforderungen gelten für die Cloud‑Nutzung nach OPS.2.2?  
2. Wie sollten Verträge für klassisches IT‑Outsourcing strukturiert sein, um die Informationssicherheit zu gewährleisten?  
3. Welche Rolle spielt die Mandantenfähigkeit bei der Auswahl von Cloud‑Dienstleistern?";3;3;0.8551587301444776;1.0;0.7894736842105263;0.6750614535803443;Welche konkreten Sicherheitsanforderungen gelten für die Cloud‑Nutzung nach OPS.2.2?;2.0;2.0;Direkte Bezugnahme auf OPS.2.2;Wie sollten Verträge für klassisches IT‑Outsourcing strukturiert sein, um die Informationssicherheit zu gewährleisten?;2.0;2.0;Direkte Relevanz zu Outsourcing-Verträgen;Welche Rolle spielt die Mandantenfähigkeit bei der Auswahl von Cloud‑Dienstleistern?;2.0;2.0;Mandantenfähigkeit bei Cloud-Dienstleistern;2.0;2.0
Wie finde ich den richtigen Cloud-Anbieter für unsere Bedürfnisse?;"Um den richtigen Cloud-Anbieter für Ihre Bedürfnisse zu finden, sollten Sie basierend auf der Service-Definition für den Cloud-Dienst ein detailliertes Anforderungsprofil für Cloud-Diensteanbietende erstellen. Quelle: OPS.2.2.A8 Sorgfältige Auswahl von Cloud-Diensteanbietenden (S) [Institutionsleitung]. Eine Leistungsbeschreibung und ein Lastenheft sollten erstellt werden, um die Anforderungen zu spezifizieren. Quelle: OPS.2.2.A8 Sorgfältige Auswahl von Cloud-Diensteanbietenden (S) [Institutionsleitung]. Für die Bewertung von Cloud-Diensteanbietenden sollten auch ergänzende Informationsquellen herangezogen werden. Quelle: OPS.2.2.A8 Sorgfältige Auswahl von Cloud-Diensteanbietenden (S) [Institutionsleitung].

Anschlussfragen:
1. Wie können Sie die Sicherheitsanforderungen für die Nutzung von Cloud-Diensten in Ihrem Unternehmen bewerten?
2. Welche Rolle spielt die Skalierbarkeit bei der Auswahl eines Cloud-Anbieters?
3. Wie können Sie die Schnittstellen zwischen verschiedenen Cloud-Diensteanbietenden sicher gestalten?";Um den richtigen Cloud-Anbieter für Ihre Bedürfnisse zu finden, sollten Sie basierend auf der Service-Definition für den Cloud-Dienst ein detailliertes Anforderungsprofil für Cloud-Diensteanbietende erstellen. Quelle: OPS.2.2.A8 Sorgfältige Auswahl von Cloud-Diensteanbietenden (S) [Institutionsleitung]. Eine Leistungsbeschreibung und ein Lastenheft sollten erstellt werden, um die Anforderungen zu spezifizieren. Quelle: OPS.2.2.A8 Sorgfältige Auswahl von Cloud-Diensteanbietenden (S) [Institutionsleitung]. Für die Bewertung von Cloud-Diensteanbietenden sollten auch ergänzende Informationsquellen herangezogen werden. Quelle: OPS.2.2.A8 Sorgfältige Auswahl von Cloud-Diensteanbietenden (S) [Institutionsleitung].;OPS.2.2.A8 Sorgfältige Auswahl von Cloud-Diensteanbietenden (S) [Institutionsleitung] Basierend auf der Service-Definition für den Cloud-Dienst SOLLTE ein detailliertes Anforderungsprofil für Cloud-Diensteanbietende erstellt werden. Eine Leistungsbeschreibung und ein Lastenheft SOLLTEN erstellt werden. Für die Bewertung von Cloud-Diensteanbietenden SOLLTEN auch ergänzende Informationsquellen herangezogen werden. Ebenso SOLLTEN verfügbare ServiceBeschreibungen der Cloud-Diensteanbietenden sorgfältig geprüft und hinterfragt werden.;"- **Strategie festlegen** – Zunächst muss die Institution eine generelle Cloud‑Nutzungs‑Strategie definieren, die Ziele, erlaubte Dienste und private Nutzung regelt Quelle: Festlegung einer Strategie für die Cloud-Nutzung (S.1)  
- **Anforderungsprofil erstellen** – Auf Basis der Service‑Definition ein detailliertes Anforderungs‑ und Lastenheft für Cloud‑Diensteanbietende erarbeiten, dabei rechtliche, sicherheits‑ und mandantenfähige Aspekte berücksichtigen Quelle: Sorgfältige Auswahl von Cloud-Diensteanbietenden (S.2)  
- **Informationsquellen prüfen** – Ergänzende Quellen (z. B. Zertifizierungen, Audits, Erfahrungsberichte) heranziehen und die veröffentlichten Service‑Beschreibungen der Anbieter kritisch hinterfragen Quelle: Sorgfältige Auswahl von Cloud-Diensteanbietenden (S.3)  
- **Vertragliche Rahmenbedingungen** – Vertragsinhalte an den Schutzbedarf anpassen (Standort, Eskalationsstufen, Datenlöschung, Kündigung, Subunternehmer‑Offenlegung) Quelle: Vertragsgestaltung mit den Cloud-Diensteanbietenden (S.4)  
- **Abhängigkeit und Portabilität bewerten** – Risiken der Anbieter‑Abhängigkeit (Kontrollverlust, Know‑how‑Verlust, Wechsel‑Kosten) analysieren und Portabilitäts‑ bzw. Exit‑Strategien festlegen Quelle: Abhängigkeit von Cloud-Diensteanbietenden (S.5)  
- **Integration und Betrieb** – Sicherstellen, dass Cloud‑Dienste in die interne IT‑Architektur eingebunden, das Administrations‑ und Notfallmodell angepasst und Test‑/Pilot‑Phasen geplant werden Quelle: Unzureichende Einbindung von Cloud-Diensten in die eigene IT (S.6)  
- **Rechtliche Prüfung** – Datenschutz‑ und länderspezifische Vorgaben prüfen, um Verstöße zu vermeiden Quelle: Verstoß gegen rechtliche Vorgaben (S.7)  

Anschlussfragen:
1. Welche konkreten Kriterien sollten im Anforderungsprofil für Ihren Schutzbedarf enthalten sein?
2. Wie kann ein effektives Exit‑Management für Cloud‑Verträge gestaltet werden?
3. Welche Methoden eignen sich, um die Mandantenfähigkeit von Cloud‑Anbietern zu prüfen?";"- **Strategie festlegen** – Zunächst muss die Institution eine generelle Cloud‑Nutzungs‑Strategie definieren, die Ziele, erlaubte Dienste und private Nutzung regelt Quelle: Festlegung einer Strategie für die Cloud-Nutzung (S.1)  
- **Anforderungsprofil erstellen** – Auf Basis der Service‑Definition ein detailliertes Anforderungs‑ und Lastenheft für Cloud‑Diensteanbietende erarbeiten, dabei rechtliche, sicherheits‑ und mandantenfähige Aspekte berücksichtigen Quelle: Sorgfältige Auswahl von Cloud-Diensteanbietenden (S.2)  
- **Informationsquellen prüfen** – Ergänzende Quellen (z. B. Zertifizierungen, Audits, Erfahrungsberichte) heranziehen und die veröffentlichten Service‑Beschreibungen der Anbieter kritisch hinterfragen Quelle: Sorgfältige Auswahl von Cloud-Diensteanbietenden (S.3)  
- **Vertragliche Rahmenbedingungen** – Vertragsinhalte an den Schutzbedarf anpassen (Standort, Eskalationsstufen, Datenlöschung, Kündigung, Subunternehmer‑Offenlegung) Quelle: Vertragsgestaltung mit den Cloud-Diensteanbietenden (S.4)  
- **Abhängigkeit und Portabilität bewerten** – Risiken der Anbieter‑Abhängigkeit (Kontrollverlust, Know‑how‑Verlust, Wechsel‑Kosten) analysieren und Portabilitäts‑ bzw. Exit‑Strategien festlegen Quelle: Abhängigkeit von Cloud-Diensteanbietenden (S.5)  
- **Integration und Betrieb** – Sicherstellen, dass Cloud‑Dienste in die interne IT‑Architektur eingebunden, das Administrations‑ und Notfallmodell angepasst und Test‑/Pilot‑Phasen geplant werden Quelle: Unzureichende Einbindung von Cloud-Diensten in die eigene IT (S.6)  
- **Rechtliche Prüfung** – Datenschutz‑ und länderspezifische Vorgaben prüfen, um Verstöße zu vermeiden Quelle: Verstoß gegen rechtliche Vorgaben (S.7)";"1. Welche konkreten Kriterien sollten im Anforderungsprofil für Ihren Schutzbedarf enthalten sein?
2. Wie kann ein effektives Exit‑Management für Cloud‑Verträge gestaltet werden?
3. Welche Methoden eignen sich, um die Mandantenfähigkeit von Cloud‑Anbietern zu prüfen?";3;3;0.74999999998125;1.0;0.625;0.3768201691595736;Welche konkreten Kriterien sollten im Anforderungsprofil für Ihren Schutzbedarf enthalten sein?;2.0;2.0;Direkt relevante Kriterien;Wie kann ein effektives Exit‑Management für Cloud‑Verträge gestaltet werden?;2.0;2.0;Direkt relevant zu Cloud-Verträgen;Welche Methoden eignen sich, um die Mandantenfähigkeit von Cloud‑Anbietern zu prüfen?;1.0;2.0;Teilweise abgedeckt;1.667;2.0
Wie detailliert müssen unsere vertraglichen Regelungen bezüglich der Cloud-Nutzung sein?;"Die vertraglichen Regelungen bezüglich der Cloud-Nutzung sollten in Art, Umfang und Detaillierungsgrad dem Schutzbedarf der Informationen angepasst sein, die im Zusammenhang mit der Cloud-Nutzung stehen Quelle: OPS.2.2.A9 (S). Es sollte geregelt werden, an welchem Standort die Cloud-Diensteanbietenden ihre Leistung erbringen, Eskalationsstufen und Kommunikationswege zwischen der Institution und den Cloud-Diensteanbietenden definiert werden, sowie wie die Daten der Institution sicher zu löschen sind und Kündigungsregelungen schriftlich fixiert werden Quelle: OPS.2.2.A9 (S). 

Anschlussfragen:
1. Wie können wir sicherstellen, dass unsere Cloud-Diensteanbietenden alle Subunternehmen offenlegen, die sie für den Cloud-Dienst benötigen?
2. Welche Rolle spielt die Abgrenzung zum klassischen IT-Outsourcing bei der Gestaltung unserer Cloud-Nutzung?
3. Wie können wir die Schnittstelle zwischen den Cloud-Diensteanbietenden sicher gestalten, um eine reibungslose Kommunikation und Datenübertragung zu gewährleisten?";Die vertraglichen Regelungen bezüglich der Cloud-Nutzung sollten in Art, Umfang und Detaillierungsgrad dem Schutzbedarf der Informationen angepasst sein, die im Zusammenhang mit der Cloud-Nutzung stehen Quelle: OPS.2.2.A9 (S). Es sollte geregelt werden, an welchem Standort die Cloud-Diensteanbietenden ihre Leistung erbringen, Eskalationsstufen und Kommunikationswege zwischen der Institution und den Cloud-Diensteanbietenden definiert werden, sowie wie die Daten der Institution sicher zu löschen sind und Kündigungsregelungen schriftlich fixiert werden Quelle: OPS.2.2.A9 (S).;OPS.2.2.A9 Vertragsgestaltung mit den Cloud-Diensteanbietenden (S) [Institutionsleitung] Die vertraglichen Regelungen zwischen der auftraggebenden Institution und den CloudDiensteanbietenden SOLLTEN in Art, Umfang und Detaillierungsgrad dem Schutzbedarf der Informationen angepasst sein, die im Zusammenhang mit der Cloud-Nutzung stehen. Es SOLLTE geregelt werden, an welchem Standort die Cloud-Diensteanbietenden ihre Leistung erbringen. Zusätzlich SOLLTEN Eskalationsstufen und Kommunikationswege zwischen der Institution und den Cloud-Diensteanbietenden definiert werden. Auch SOLLTE vereinbart werden, wie die Daten der Institution sicher zu löschen sind. Ebenso SOLLTEN Kündigungsregelungen schriftlich fixiert werden. Die Cloud-Diensteanbietenden SOLLTEN alle Subunternehmen offenlegen, die sie für den CloudDienst benötigen.;"Die vertraglichen Regelungen müssen dem Schutzbedarf der zu verarbeitenden Informationen entsprechen und in Art, Umfang und Detaillierungsgrad angepasst sein Quelle: Vertragsgestaltung mit den Cloud-Diensteanbietenden (S.1). Der physische Standort, an dem die Cloud‑Dienste erbracht werden, ist ausdrücklich zu vereinbaren Quelle: Vertragsgestaltung mit den Cloud-Diensteanbietenden (S.2). Eskalationsstufen und Kommunikationswege zwischen Institution und Anbieter müssen definiert werden Quelle: Vertragsgestaltung mit den Cloud-Diensteanbietenden (S.3). Die sichere Löschung institutioneller Daten nach Vertragsende ist vertraglich festzulegen Quelle: Vertragsgestaltung mit den Cloud-Diensteanbietenden (S.4). Kündigungsmodalitäten sind schriftlich zu fixieren Quelle: Vertragsgestaltung mit den Cloud-Diensteanbietenden (S.5). Alle Subunternehmer, die der Anbieter einsetzt, müssen offengelegt werden Quelle: Vertragsgestaltung mit den Cloud-Diensteanbietenden (S.6). Wird die Datenverschlüsselung durch den Anbieter durchgeführt, sind die zulässigen Verschlüsselungsmechanismen und Schlüssellängen vertraglich zu regeln Quelle: Einsatz von Verschlüsselung bei Cloud-Nutzung (S.1). Bei eigener Verschlüsselung ist ein geeignetes Schlüsselmanagement sicherzustellen Quelle: Einsatz von Verschlüsselung bei Cloud-Nutzung (S.2). Der Vertrag muss zudem Regelungen enthalten, die eine geordnete Auflösung des Dienstverhältnisses ohne Beeinträchtigung der Geschäftsprozesse garantieren Quelle: Geordnete Beendigung eines Cloud-Nutzungs-Verhältnisses (S.1).  

Anschlussfragen:  
1. Welche konkreten Kriterien sollten im Anforderungsprofil für Cloud‑Diensteanbietende enthalten sein?  
2. Wie lässt sich die Verantwortungsabgrenzung zwischen Anbieter und Institution in der Modellierung darstellen?  
3. Welche Maßnahmen sind bei der Nutzung internationaler Cloud‑Anbieter besonders zu beachten?";Die vertraglichen Regelungen müssen dem Schutzbedarf der zu verarbeitenden Informationen entsprechen und in Art, Umfang und Detaillierungsgrad angepasst sein Quelle: Vertragsgestaltung mit den Cloud-Diensteanbietenden (S.1). Der physische Standort, an dem die Cloud‑Dienste erbracht werden, ist ausdrücklich zu vereinbaren Quelle: Vertragsgestaltung mit den Cloud-Diensteanbietenden (S.2). Eskalationsstufen und Kommunikationswege zwischen Institution und Anbieter müssen definiert werden Quelle: Vertragsgestaltung mit den Cloud-Diensteanbietenden (S.3). Die sichere Löschung institutioneller Daten nach Vertragsende ist vertraglich festzulegen Quelle: Vertragsgestaltung mit den Cloud-Diensteanbietenden (S.4). Kündigungsmodalitäten sind schriftlich zu fixieren Quelle: Vertragsgestaltung mit den Cloud-Diensteanbietenden (S.5). Alle Subunternehmer, die der Anbieter einsetzt, müssen offengelegt werden Quelle: Vertragsgestaltung mit den Cloud-Diensteanbietenden (S.6). Wird die Datenverschlüsselung durch den Anbieter durchgeführt, sind die zulässigen Verschlüsselungsmechanismen und Schlüssellängen vertraglich zu regeln Quelle: Einsatz von Verschlüsselung bei Cloud-Nutzung (S.1). Bei eigener Verschlüsselung ist ein geeignetes Schlüsselmanagement sicherzustellen Quelle: Einsatz von Verschlüsselung bei Cloud-Nutzung (S.2). Der Vertrag muss zudem Regelungen enthalten, die eine geordnete Auflösung des Dienstverhältnisses ohne Beeinträchtigung der Geschäftsprozesse garantieren Quelle: Geordnete Beendigung eines Cloud-Nutzungs-Verhältnisses (S.1).;"1. Welche konkreten Kriterien sollten im Anforderungsprofil für Cloud‑Diensteanbietende enthalten sein?  
2. Wie lässt sich die Verantwortungsabgrenzung zwischen Anbieter und Institution in der Modellierung darstellen?  
3. Welche Maßnahmen sind bei der Nutzung internationaler Cloud‑Anbieter besonders zu beachten?";3;3;0.642857142825;0.8571428571428571;0.0;0.7188193469695863;Welche konkreten Kriterien sollten im Anforderungsprofil für Cloud‑Diensteanbietende enthalten sein?;2.0;2.0;Direkte Relevanz zu Cloud-Diensteanbietern;Wie lässt sich die Verantwortungsabgrenzung zwischen Anbieter und Institution in der Modellierung darstellen?;2.0;2.0;Verantwortungsabgrenzung direkt abgedeckt;Welche Maßnahmen sind bei der Nutzung internationaler Cloud‑Anbieter besonders zu beachten?;2.0;2.0;Direkte Beachtung internationaler Cloud-Anbieter;2.0;2.0
Wie stellen wir Portabilität sicher, um Lock-in zu vermeiden?;"Um Portabilität sicherzustellen und Lock-in zu vermeiden, SOLLTE die Institution alle Anforderungen definieren, die es ermöglichen, Cloud-Diensteanbietende zu wechseln oder den Cloud-Dienst bzw. die Daten in die eigene IT-Infrastruktur zurückzuholen Quelle: OPS.2.2.A15 (S. nicht spezifiziert). Zudem SOLLTE die Institution regelmäßig Portabilitätstests durchführen. In den Verträgen mit den Cloud-Diensteanbietenden SOLLTEN Vorgaben festgehalten werden, mit denen sich die notwendige Portabilität gewährleisten lässt Quelle: OPS.2.2.A15 (S. nicht spezifiziert).

Anschlussfragen:
1. Wie können wir die Anforderungen für die Portabilität von Cloud-Diensten am besten definieren?
2. Welche Rolle spielen regelmäßige Portabilitätstests bei der Sicherstellung der Portabilität?
3. Wie können wir sicherstellen, dass die Verträge mit Cloud-Diensteanbietenden die notwendigen Vorgaben für die Portabilität enthalten?";Um Portabilität sicherzustellen und Lock-in zu vermeiden, SOLLTE die Institution alle Anforderungen definieren, die es ermöglichen, Cloud-Diensteanbietende zu wechseln oder den Cloud-Dienst bzw. die Daten in die eigene IT-Infrastruktur zurückzuholen Quelle: OPS.2.2.A15 (S. nicht spezifiziert). Zudem SOLLTE die Institution regelmäßig Portabilitätstests durchführen. In den Verträgen mit den Cloud-Diensteanbietenden SOLLTEN Vorgaben festgehalten werden, mit denen sich die notwendige Portabilität gewährleisten lässt Quelle: OPS.2.2.A15 (S. nicht spezifiziert).;OPS.2.2.A15 Sicherstellung der Portabilität von Cloud-Diensten (H) [Fachverantwortliche] Die Institution SOLLTE alle Anforderungen definieren, die es ermöglichen, Cloud-Diensteanbietende zu wechseln oder den Cloud-Dienst bzw. die Daten in die eigene IT-Infrastruktur zurückzuholen. Zudem SOLLTE die Institution regelmäßig Portabilitätstests durchführen. In den Verträgen mit den Cloud-Diensteanbietenden SOLLTEN Vorgaben festgehalten werden, mit denen sich die notwendige Portabilität gewährleisten lässt.;"Um Lock‑in zu vermeiden, muss die Institution :

- alle Anforderungen festlegen, die einen Wechsel des Cloud‑Diensteanbieters oder die Rückführung von Daten in die eigene IT‑Infrastruktur ermöglichen Quelle: Sicherstellung der Portabilität von Cloud-Diensten (S.1)  
- regelmäßig Portabilitätstests durchführen, um die Wirksamkeit der definierten Anforderungen zu prüfen Quelle: Sicherstellung der Portabilität von Cloud-Diensten (S.1)  
- in den Verträgen mit den Cloud‑Diensteanbietern Vorgaben festhalten, die die notwendige Portabilität sicherstellen Quelle: Sicherstellung der Portabilität von Cloud-Diensten (S.1)  

Durch diese drei Maßnahmen wird sichergestellt, dass Daten und Dienste jederzeit ohne unzumutbare Hürden zu einem anderen Anbieter migriert oder intern weitergenutzt werden können.  

Anschlussfragen:
1. Welche konkreten technischen Standards sollten in den Portabilitätsanforderungen berücksichtigt werden?
2. Wie kann die Wirksamkeit von Portabilitätstests dokumentiert und nachverfolgt werden?
3. Welche vertraglichen Klauseln sind besonders wichtig, um eine sichere Datenrückführung zu garantieren?";"Um Lock‑in zu vermeiden, muss die Institution :

- alle Anforderungen festlegen, die einen Wechsel des Cloud‑Diensteanbieters oder die Rückführung von Daten in die eigene IT‑Infrastruktur ermöglichen Quelle: Sicherstellung der Portabilität von Cloud-Diensten (S.1)  
- regelmäßig Portabilitätstests durchführen, um die Wirksamkeit der definierten Anforderungen zu prüfen Quelle: Sicherstellung der Portabilität von Cloud-Diensten (S.1)  
- in den Verträgen mit den Cloud‑Diensteanbietern Vorgaben festhalten, die die notwendige Portabilität sicherstellen Quelle: Sicherstellung der Portabilität von Cloud-Diensten (S.1)  

Durch diese drei Maßnahmen wird sichergestellt, dass Daten und Dienste jederzeit ohne unzumutbare Hürden zu einem anderen Anbieter migriert oder intern weitergenutzt werden können.";"1. Welche konkreten technischen Standards sollten in den Portabilitätsanforderungen berücksichtigt werden?
2. Wie kann die Wirksamkeit von Portabilitätstests dokumentiert und nachverfolgt werden?
3. Welche vertraglichen Klauseln sind besonders wichtig, um eine sichere Datenrückführung zu garantieren?";3;3;0.14285714284285714;1.0;0.0;0.8188696586246049;Welche konkreten technischen Standards sollten in den Portabilitätsanforderungen berücksichtigt werden?;1.0;2.0;Teilweise abgedeckt;Wie kann die Wirksamkeit von Portabilitätstests dokumentiert und nachverfolgt werden?;1.0;2.0;Teilweise abgedeckt durch Portabilitätstests;Welche vertraglichen Klauseln sind besonders wichtig, um eine sichere Datenrückführung zu garantieren?;2.0;2.0;Vertragliche Klauseln für Datenrückführung;1.333;2.0
Wie integrieren wir Federation Services sicher in unsere Cloud-Strategie?;"Um Federation Services sicher in die Cloud-Strategie zu integrieren, SOLLTE geprüft werden, ob bei einem Cloud-Nutzungs-Vorhaben Verbunddienste eingesetzt werden, wie im Baustein OPS.2.2.A18 beschrieben Quelle: OPS.2.2.A18 Einsatz von Verbunddiensten (H) [Fachverantwortliche] (S. unbekannt, da keine Seitenzahl angegeben). Es SOLLTE sichergestellt sein, dass in einem SAML-Ticket nur die erforderlichen Informationen an die Cloud-Diensteanbietenden übertragen werden. Die Berechtigungen SOLLTEN regelmäßig überprüft werden, sodass nur berechtigten Benutzenden ein SAML-Ticket ausgestellt wird.

Anschlussfragen:
1. Wie können wir sicherstellen, dass die Übertragung von Informationen in SAML-Tickets auf das Minimum reduziert wird?
2. Welche Rolle spielen regelmäßige Überprüfungen der Berechtigungen bei der Sicherstellung der Federation Services in der Cloud?
3. Wie unterscheidet sich die Integration von Federation Services in einer Private Cloud On-Premise von anderen Cloud-Bereitstellungsmodellen?";Um Federation Services sicher in die Cloud-Strategie zu integrieren, SOLLTE geprüft werden, ob bei einem Cloud-Nutzungs-Vorhaben Verbunddienste eingesetzt werden, wie im Baustein OPS.2.2.A18 beschrieben Quelle: OPS.2.2.A18 Einsatz von Verbunddiensten (H) [Fachverantwortliche] (S. unbekannt, da keine Seitenzahl angegeben). Es SOLLTE sichergestellt sein, dass in einem SAML-Ticket nur die erforderlichen Informationen an die Cloud-Diensteanbietenden übertragen werden. Die Berechtigungen SOLLTEN regelmäßig überprüft werden, sodass nur berechtigten Benutzenden ein SAML-Ticket ausgestellt wird.;OPS.2.2.A18 Einsatz von Verbunddiensten (H) [Fachverantwortliche] Es SOLLTE geprüft werden, ob bei einem Cloud-Nutzungs-Vorhaben Verbunddienste (Federation Services) eingesetzt werden. Es SOLLTE sichergestellt sein, dass in einem SAML (Security Assertion Markup Language)-Ticket nur die erforderlichen Informationen an die Cloud-Diensteanbietenden übertragen werden. Die Berechtigungen SOLLTEN regelmäßig überprüft werden, sodass nur berechtigten Benutzenden ein SAML-Ticket ausgestellt wird.;"**Sichere Integration von Federation Services in die Cloud‑Strategie**

1. **Prüfung des Einsatzes** – Vor dem Cloud‑Vorhaben SOLLTE geprüft werden, ob Verbund‑ bzw. Federation Services eingesetzt werden Quelle: Einsatz von Verbunddiensten (S.1).  
2. **Minimal‑Datentransfer** – Es SOLLTE sichergestellt sein, dass in einem SAML‑Ticket nur die für den Cloud‑Dienst erforderlichen Informationen übertragen werden Quelle: Einsatz von Verbunddiensten (S.2).  
3. **Berechtigungs‑Management** – Die Berechtigungen SOLLTEN regelmäßig überprüft werden, sodass nur berechtigten Benutzenden ein SAML‑Ticket ausgestellt wird Quelle: Einsatz von Verbunddiensten (S.3).  
4. **Einbindung in die Cloud‑Strategie** – Eine übergeordnete Cloud‑Strategie MUSS erstellt werden; darin MÜSSEN Ziele, Chancen, Risiken und die technischen sowie organisatorischen Sicherheitsaspekte, einschließlich der Federation Services, definiert werden Quelle: Erstellung einer Strategie für die Cloud‑Nutzung (S.4).  
5. **Sicherheitsanalyse** – Für den geplanten Cloud‑Dienst SOLLTE eine grobe individuelle Sicherheitsanalyse durchgeführt werden; bei Änderungen SOLLTE sie wiederholt werden Quelle: Planung der sicheren Einbindung von Cloud‑Diensten (S.5).  
6. **Dokumentation & Roadmap** – Die Ergebnisse der Prüfung, der SAML‑Konfiguration und des Berechtigungs‑Managements SOLLTEN dokumentiert und in einer Roadmap festgehalten werden, die den Zeitpunkt und das Vorgehen für die Einführung der Federation Services beschreibt Quelle: Planung der sicheren Einbindung von Cloud‑Diensten (S.5).  

Durch diese Schritte wird gewährleistet, dass Federation Services nur mit notwendigem Datenumfang und kontrollierten Berechtigungen in die Cloud‑Umgebung eingebunden werden und gleichzeitig in die institutionelle Cloud‑Strategie integriert sind.  

**Anschlussfragen:**  
1. Welche konkreten Rollen sind für das Berechtigungs‑Management von SAML‑Tickets verantwortlich?  
2. Wie kann die regelmäßige Überprüfung der Berechtigungen automatisiert werden?  
3. Welche vertraglichen Regelungen sollten mit dem Cloud‑Dienstanbieter bezüglich Federation Services getroffen werden?";"**Sichere Integration von Federation Services in die Cloud‑Strategie**

1. **Prüfung des Einsatzes** – Vor dem Cloud‑Vorhaben SOLLTE geprüft werden, ob Verbund‑ bzw. Federation Services eingesetzt werden Quelle: Einsatz von Verbunddiensten (S.1).  
2. **Minimal‑Datentransfer** – Es SOLLTE sichergestellt sein, dass in einem SAML‑Ticket nur die für den Cloud‑Dienst erforderlichen Informationen übertragen werden Quelle: Einsatz von Verbunddiensten (S.2).  
3. **Berechtigungs‑Management** – Die Berechtigungen SOLLTEN regelmäßig überprüft werden, sodass nur berechtigten Benutzenden ein SAML‑Ticket ausgestellt wird Quelle: Einsatz von Verbunddiensten (S.3).  
4. **Einbindung in die Cloud‑Strategie** – Eine übergeordnete Cloud‑Strategie MUSS erstellt werden; darin MÜSSEN Ziele, Chancen, Risiken und die technischen sowie organisatorischen Sicherheitsaspekte, einschließlich der Federation Services, definiert werden Quelle: Erstellung einer Strategie für die Cloud‑Nutzung (S.4).  
5. **Sicherheitsanalyse** – Für den geplanten Cloud‑Dienst SOLLTE eine grobe individuelle Sicherheitsanalyse durchgeführt werden; bei Änderungen SOLLTE sie wiederholt werden Quelle: Planung der sicheren Einbindung von Cloud‑Diensten (S.5).  
6. **Dokumentation & Roadmap** – Die Ergebnisse der Prüfung, der SAML‑Konfiguration und des Berechtigungs‑Managements SOLLTEN dokumentiert und in einer Roadmap festgehalten werden, die den Zeitpunkt und das Vorgehen für die Einführung der Federation Services beschreibt Quelle: Planung der sicheren Einbindung von Cloud‑Diensten (S.5).  

Durch diese Schritte wird gewährleistet, dass Federation Services nur mit notwendigem Datenumfang und kontrollierten Berechtigungen in die Cloud‑Umgebung eingebunden werden und gleichzeitig in die institutionelle Cloud‑Strategie integriert sind.";"1. Welche konkreten Rollen sind für das Berechtigungs‑Management von SAML‑Tickets verantwortlich?  
2. Wie kann die regelmäßige Überprüfung der Berechtigungen automatisiert werden?  
3. Welche vertraglichen Regelungen sollten mit dem Cloud‑Dienstanbieter bezüglich Federation Services getroffen werden?";3;3;0.9999999999;0.75;0.15384615384615385;0.5703182811764058;Welche konkreten Rollen sind für das Berechtigungs‑Management von SAML‑Tickets verantwortlich?;1.0;2.0;Teilweise abgedeckt durch IT-Grundschutz;Wie kann die regelmäßige Überprüfung der Berechtigungen automatisiert werden?;2.0;2.0;Direkte Relevanz zu Berechtigungsüberprüfung;Welche vertraglichen Regelungen sollten mit dem Cloud‑Dienstanbieter bezüglich Federation Services getroffen werden?;2.0;2.0;Vertragsgestaltung;1.667;2.0
Sollten wir trotz Provider-Backups eigene Datensicherungen durchführen?;"Die Institution SOLLTE prüfen, ob, zusätzlich zu den vertraglich festgelegten Datensicherungen der Cloud-Diensteanbietenden, eigene Datensicherungen erstellt werden sollen Quelle: OPS.2.2.A16 (S.?). Zudem SOLLTE sie detaillierte Anforderungen an einen Backup-Service erstellen Quelle: OPS.2.2.A16 (S.?).

Anschlussfragen:
1. Wie können die Anforderungen an einen Backup-Service im Detail definiert werden?
2. Welche Rolle spielen die vertraglich festgelegten Datensicherungen der Cloud-Diensteanbietenden bei der Entscheidung für eigene Datensicherungen?
3. Wie können die spezifischen Sicherheitsanforderungen für die Anbindung eines Cloud-Dienstes über entsprechende Schnittstellen berücksichtigt werden?";Die Institution SOLLTE prüfen, ob, zusätzlich zu den vertraglich festgelegten Datensicherungen der Cloud-Diensteanbietenden, eigene Datensicherungen erstellt werden sollen Quelle: OPS.2.2.A16 (S.?). Zudem SOLLTE sie detaillierte Anforderungen an einen Backup-Service erstellen Quelle: OPS.2.2.A16 (S.?).;OPS.2.2.A16 Durchführung eigener Datensicherungen (H) [Fachverantwortliche] Die Institution SOLLTE prüfen, ob, zusätzlich zu den vertraglich festgelegten Datensicherungen der Cloud-Diensteanbietenden, eigene Datensicherungen erstellt werden sollen. Zudem SOLLTE sie detaillierte Anforderungen an einen Backup-Service erstellen.;"Die IT‑Grundschutz‑Richtlinie verlangt, dass die Institution **zusätzlich zu den vertraglich festgelegten Datensicherungen des Cloud‑Dienstleisters eigene Datensicherungen prüfen und ggf. einführen** sollte Quelle: Durchführung eigener Datensicherungen (S.1).  

Der IT‑Betrieb **MUSS Verfahren festlegen**, in denen Art, Häufigkeit, Zeitpunkte, genutzte Speichermedien und Transport‑ sowie Aufbewahrungsmodalitäten definiert werden Quelle: Festlegung der Verfahrensweisen für die Datensicherung (S.2).  

Damit wird sichergestellt, dass bei Ausfall, Fehlkonfiguration oder Angriffen auf den Provider‑Backup‑Dienst (z. B. Ransomware) weiterhin ein unabhängiger Wiederherstellungsweg besteht Quelle: Ransomware (S.3).  

Ein eigenständiges Backup‑Konzept muss zudem **regelmäßig getestet, dokumentiert und auf separaten, gesicherten Medien abgelegt** werden, um die Verfügbarkeit und Integrität der Daten zu gewährleisten Quelle: Datensicherungskonzept (S.4).  

Kurz gesagt: Ja, die Institution sollte eigene Datensicherungen einführen und ein entsprechendes Verfahren etablieren, um die Risiken von reinen Provider‑Backups zu reduzieren.  

Anschlussfragen:
1. Welche konkreten Einflussfaktoren sollten bei der Bestimmung von Art, Häufigkeit und Zeitpunkt der eigenen Datensicherungen berücksichtigt werden?
2. Wie kann ein effektives Testverfahren für die Wiederherstellbarkeit von eigenen Backups gestaltet werden?
3. Welche Anforderungen gelten für die Verschlüsselung und Schlüsselverwaltung von eigenen Sicherungsmedien?";"Die IT‑Grundschutz‑Richtlinie verlangt, dass die Institution **zusätzlich zu den vertraglich festgelegten Datensicherungen des Cloud‑Dienstleisters eigene Datensicherungen prüfen und ggf. einführen** sollte Quelle: Durchführung eigener Datensicherungen (S.1).  

Der IT‑Betrieb **MUSS Verfahren festlegen**, in denen Art, Häufigkeit, Zeitpunkte, genutzte Speichermedien und Transport‑ sowie Aufbewahrungsmodalitäten definiert werden Quelle: Festlegung der Verfahrensweisen für die Datensicherung (S.2).  

Damit wird sichergestellt, dass bei Ausfall, Fehlkonfiguration oder Angriffen auf den Provider‑Backup‑Dienst (z. B. Ransomware) weiterhin ein unabhängiger Wiederherstellungsweg besteht Quelle: Ransomware (S.3).  

Ein eigenständiges Backup‑Konzept muss zudem **regelmäßig getestet, dokumentiert und auf separaten, gesicherten Medien abgelegt** werden, um die Verfügbarkeit und Integrität der Daten zu gewährleisten Quelle: Datensicherungskonzept (S.4).  

Kurz gesagt: Ja, die Institution sollte eigene Datensicherungen einführen und ein entsprechendes Verfahren etablieren, um die Risiken von reinen Provider‑Backups zu reduzieren.";"1. Welche konkreten Einflussfaktoren sollten bei der Bestimmung von Art, Häufigkeit und Zeitpunkt der eigenen Datensicherungen berücksichtigt werden?
2. Wie kann ein effektives Testverfahren für die Wiederherstellbarkeit von eigenen Backups gestaltet werden?
3. Welche Anforderungen gelten für die Verschlüsselung und Schlüsselverwaltung von eigenen Sicherungsmedien?";3;3;0.9379251700546283;0.6666666666666666;0.15384615384615385;0.28688735804029597;Welche konkreten Einflussfaktoren sollten bei der Bestimmung von Art, Häufigkeit und Zeitpunkt der eigenen Datensicherungen berücksichtigt werden?;2.0;2.0;Direkte Abdeckung durch IT-Grundschutz;Wie kann ein effektives Testverfahren für die Wiederherstellbarkeit von eigenen Backups gestaltet werden?;2.0;2.0;Direkte Relevanz zu Backup-Testverfahren;Welche Anforderungen gelten für die Verschlüsselung und Schlüsselverwaltung von eigenen Sicherungsmedien?;2.0;2.0;Direkte Relevanz zu Verschlüsselung und Schlüsselverwaltung;2.0;2.0
Müssen Verantwortlichkeiten für Informationssicherheit festgelegt werden?;"Ja, Verantwortlichkeiten für Informationssicherheit MÜSSEN festgelegt werden. Laut ORP.1.A1 Festlegung von Verantwortlichkeiten und Regelungen (B) [Institutionsleitung] MÜSSEN innerhalb einer Institution alle relevanten Aufgaben und Funktionen klar definiert und voneinander abgegrenzt sein Quelle: ORP.1.A1 (S. nicht spezifiziert, da keine Seitenzahl im Kontext angegeben ist). 

Anschlussfragen:
1. Wie MÜSSEN die Organisationsstrukturen und verbindlichen Regelungen für die Informationssicherheit überarbeitet werden?
2. Welche Rolle spielt der Baustein ORP.1 Organisation bei der Umsetzung von Informationssicherheit in einer Institution?
3. Wie werden Aspekte wie Personal, Schulung von Mitarbeitenden und Identitäts- und Berechtigungsmanagement im Kontext der Informationssicherheit behandelt?";Ja, Verantwortlichkeiten für Informationssicherheit MÜSSEN festgelegt werden. Laut ORP.1.A1 Festlegung von Verantwortlichkeiten und Regelungen (B) [Institutionsleitung] MÜSSEN innerhalb einer Institution alle relevanten Aufgaben und Funktionen klar definiert und voneinander abgegrenzt sein Quelle: ORP.1.A1 (S. nicht spezifiziert, da keine Seitenzahl im Kontext angegeben ist).;ORP.1.A1 Festlegung von Verantwortlichkeiten und Regelungen (B) [Institutionsleitung] Innerhalb einer Institution MÜSSEN alle relevanten Aufgaben und Funktionen klar definiert und voneinander abgegrenzt sein. Es MÜSSEN verbindliche Regelungen für die Informationssicherheit für die verschiedenen betrieblichen Aspekte übergreifend festgelegt werden. Die Organisationsstrukturen sowie verbindliche Regelungen MÜSSEN anlassbezogen überarbeitet werden. Die Änderungen MÜSSEN allen Mitarbeitenden bekannt gegeben werden.;"Ja, im IT‑Grundschutz ist festgeschrieben, dass Verantwortlichkeiten für die Informationssicherheit eindeutig zu definieren sind. ORP.1.A1 Festlegung von Verantwortlichkeiten und Regelungen (B) [Institutionsleitung] verlangt, dass Rollen und Zuständigkeiten dokumentiert und kommuniziert werden Quelle: IT‑Grundschutz‑Kompendium (S.45‑46). Weiterhin muss mindestens eine Person als Informationssicherheitsbeauftragter benannt werden, die den Sicherheitsprozess koordiniert; dies ist in ORP.1.A2 Benennung eines Informationssicherheitsbeauftragten (B) [Institutionsleitung] geregelt Quelle: IT‑Grundschutz‑Kompendium (S.47). Die Gesamtverantwortung bleibt bei der obersten Leitungsebene, die den Sicherheitsprozess initiieren, steuern und überwachen muss Quelle: Kontext (S.1). Durch diese Vorgaben wird verhindert, dass Informationssicherheit zu einem „Problem anderer Leute“ wird und sorgt für klare Zuständigkeiten Quelle: Kontext (S.2).

Anschlussfragen:
1. Wie sollte die organisatorische Verankerung des Informationssicherheitsbeauftragten konkret aussehen?
2. Welche Ressourcen müssen der Leitungsebene für die Umsetzung der Sicherheitsziele bereitgestellt werden?
3. Welche Maßnahmen sind zur Sensibilisierung aller Mitarbeitenden hinsichtlich ihrer Sicherheitsverantwortung empfehlenswert?";"Ja, im IT‑Grundschutz ist festgeschrieben, dass Verantwortlichkeiten für die Informationssicherheit eindeutig zu definieren sind. ORP.1.A1 Festlegung von Verantwortlichkeiten und Regelungen (B) [Institutionsleitung] verlangt, dass Rollen und Zuständigkeiten dokumentiert und kommuniziert werden Quelle: IT‑Grundschutz‑Kompendium (S.45‑46). Weiterhin muss mindestens eine Person als Informationssicherheitsbeauftragter benannt werden, die den Sicherheitsprozess koordiniert; dies ist in ORP.1.A2 Benennung eines Informationssicherheitsbeauftragten (B) [Institutionsleitung] geregelt Quelle: IT‑Grundschutz‑Kompendium (S.47). Die Gesamtverantwortung bleibt bei der obersten Leitungsebene, die den Sicherheitsprozess initiieren, steuern und überwachen muss Quelle: Kontext (S.1). Durch diese Vorgaben wird verhindert, dass Informationssicherheit zu einem „Problem anderer Leute“ wird und sorgt für klare Zuständigkeiten Quelle: Kontext (S.2).";"1. Wie sollte die organisatorische Verankerung des Informationssicherheitsbeauftragten konkret aussehen?
2. Welche Ressourcen müssen der Leitungsebene für die Umsetzung der Sicherheitsziele bereitgestellt werden?
3. Welche Maßnahmen sind zur Sensibilisierung aller Mitarbeitenden hinsichtlich ihrer Sicherheitsverantwortung empfehlenswert?";3;3;0.9999999999875;0.8;0.6666666666666666;0.36392246639950665;Wie sollte die organisatorische Verankerung des Informationssicherheitsbeauftragten konkret aussehen?;2.0;2.0;Direkte organisatorische Einbindung;Welche Ressourcen müssen der Leitungsebene für die Umsetzung der Sicherheitsziele bereitgestellt werden?;2.0;2.0;Direkte Verbindung zu Ressourcenbereitstellung;Welche Maßnahmen sind zur Sensibilisierung aller Mitarbeitenden hinsichtlich ihrer Sicherheitsverantwortung empfehlenswert?;2.0;2.0;Direkte Empfehlungen;2.0;2.0
Wer ist für Geschäftsprozesse und IT-Systeme zuständig?;"Für alle Geschäftsprozesse, Anwendungen, IT-Systeme, Räume und Gebäude sowie Kommunikationsverbindungen MUSS festgelegt werden, wer für diese und deren Sicherheit zuständig ist Quelle: ORP.1.A2 Zuweisung der Zuständigkeiten (B) [Institutionsleitung] (S. nicht spezifiziert). Die Institutionsleitung ist für die Zuweisung dieser Zuständigkeiten verantwortlich.

Anschlussfragen:
1. Wie werden die Zuständigkeiten für die Sicherheit von IT-Systemen und Geschäftsprozessen dokumentiert?
2. Welche Rolle spielt die Institutionsleitung bei der Zuweisung von Zuständigkeiten für Informationssicherheit?
3. Wie werden Mitarbeitende über ihre Zuständigkeiten und Aufgaben im Rahmen der Informationssicherheit informiert?";Für alle Geschäftsprozesse, Anwendungen, IT-Systeme, Räume und Gebäude sowie Kommunikationsverbindungen MUSS festgelegt werden, wer für diese und deren Sicherheit zuständig ist Quelle: ORP.1.A2 Zuweisung der Zuständigkeiten (B) [Institutionsleitung] (S. nicht spezifiziert). Die Institutionsleitung ist für die Zuweisung dieser Zuständigkeiten verantwortlich.;ORP.1.A2 Zuweisung der Zuständigkeiten (B) [Institutionsleitung] Für alle Geschäftsprozesse, Anwendungen, IT-Systeme, Räume und Gebäude sowie Kommunikationsverbindungen MUSS festgelegt werden, wer für diese und deren Sicherheit zuständig ist. Alle Mitarbeitenden MÜSSEN darüber informiert sein, insbesondere wofür sie zuständig sind und welche damit verbundenen Aufgaben sie wahrnehmen.;"- Die **IT‑Abteilung** ist für die Geschäftsprozesse IT‑Strategie und IT‑Ressourcen‑management zuständig Quelle: Zuweisung der Zuständigkeiten (S.1‑2)  
- Der **IT‑Betrieb** führt den Unterstützungsprozess IT Incident Management aus Quelle: Zuweisung der Zuständigkeiten (S.1‑2)  
- Die **oberste Leitungsebene** (Leitung/Behörden‑ bzw. Unternehmensleitung) trägt die Gesamtverantwortung dafür, dass alle Geschäftsbereiche ordnungsgemäß funktionieren, Risiken frühzeitig erkannt und die Informationssicherheit gewährleistet wird Quelle: Die oberste Leitungsebene (S.3‑4)  
- Die operative Aufgabe der Informationssicherheit wird typischerweise an den **Informationssicherheitsbeauftragten (ISB)** delegiert Quelle: Die oberste Leitungsebene (S.3‑4)  
- Für jeden Geschäftsprozess muss ein **Informationseigentümer** benannt werden, der als Ansprechpartner für alle Fragen der Informationsverarbeitung verantwortlich ist Quelle: Zu jedem Geschäftsprozess … Informationseigentümer (S.5‑6)  

Anschlussfragen:
1. Welche konkreten Aufgaben hat der Informationssicherheitsbeauftragte im Rahmen der Geschäftsprozesse?
2. Wie wird die Schnittstelle zwischen IT‑Betrieb und IT‑Abteilung formal geregelt?
3. Welche Dokumente sollten zur Nachweisführung der Zuständigkeiten erstellt werden?";"- Die **IT‑Abteilung** ist für die Geschäftsprozesse IT‑Strategie und IT‑Ressourcen‑management zuständig Quelle: Zuweisung der Zuständigkeiten (S.1‑2)  
- Der **IT‑Betrieb** führt den Unterstützungsprozess IT Incident Management aus Quelle: Zuweisung der Zuständigkeiten (S.1‑2)  
- Die **oberste Leitungsebene** (Leitung/Behörden‑ bzw. Unternehmensleitung) trägt die Gesamtverantwortung dafür, dass alle Geschäftsbereiche ordnungsgemäß funktionieren, Risiken frühzeitig erkannt und die Informationssicherheit gewährleistet wird Quelle: Die oberste Leitungsebene (S.3‑4)  
- Die operative Aufgabe der Informationssicherheit wird typischerweise an den **Informationssicherheitsbeauftragten (ISB)** delegiert Quelle: Die oberste Leitungsebene (S.3‑4)  
- Für jeden Geschäftsprozess muss ein **Informationseigentümer** benannt werden, der als Ansprechpartner für alle Fragen der Informationsverarbeitung verantwortlich ist Quelle: Zu jedem Geschäftsprozess … Informationseigentümer (S.5‑6)";"1. Welche konkreten Aufgaben hat der Informationssicherheitsbeauftragte im Rahmen der Geschäftsprozesse?
2. Wie wird die Schnittstelle zwischen IT‑Betrieb und IT‑Abteilung formal geregelt?
3. Welche Dokumente sollten zur Nachweisführung der Zuständigkeiten erstellt werden?";3;3;0.30357142856130953;1.0;1.0;0.3096690875518153;Welche konkreten Aufgaben hat der Informationssicherheitsbeauftragte im Rahmen der Geschäftsprozesse?;2.0;2.0;ISB-Aufgaben;Wie wird die Schnittstelle zwischen IT‑Betrieb und IT‑Abteilung formal geregelt?;2.0;2.0;Direkte Regelung von Schnittstellen;Welche Dokumente sollten zur Nachweisführung der Zuständigkeiten erstellt werden?;2.0;2.0;Dokumentation von Zuständigkeiten;2.0;2.0
Warum müssen fremde Personen von externen Dienstleistern innerhalb der Institution begleitet werden?;"Institutionsfremde Personen MÜSSEN von Mitarbeitenden zu den Räumen begleitet werden, um sicherzustellen, dass sie nicht unbeaufsichtigt in den Räumen der Institution bleiben Quelle: ORP.1.A3 (S. nicht spezifiziert). Dies ist notwendig, um die Informationssicherheit innerhalb der Institution zu gewährleisten und unbefugten Zugriff auf sensible Bereiche oder Daten zu verhindern. Die Begleitung durch Mitarbeitende ermöglicht es, die Aktivitäten von Fremdpersonen zu überwachen und sicherzustellen, dass sie die Regeln und Richtlinien der Institution einhalten Quelle: ORP.1.A3 (S. nicht spezifiziert).

Anschlussfragen:
1. Wie sollten Mitarbeitende institutionsfremde Personen in sensiblen Bereichen beaufsichtigen?
2. Warum ist es wichtig, dass institutionsfremde Personen nicht unbeaufsichtigt in den Räumen der Institution bleiben?
3. Welche Rolle spielen die Bausteine ORP.2 bis ORP.5 im Kontext der Informationssicherheit in einer Institution?";Institutionsfremde Personen MÜSSEN von Mitarbeitenden zu den Räumen begleitet werden, um sicherzustellen, dass sie nicht unbeaufsichtigt in den Räumen der Institution bleiben Quelle: ORP.1.A3 (S. nicht spezifiziert). Dies ist notwendig, um die Informationssicherheit innerhalb der Institution zu gewährleisten und unbefugten Zugriff auf sensible Bereiche oder Daten zu verhindern. Die Begleitung durch Mitarbeitende ermöglicht es, die Aktivitäten von Fremdpersonen zu überwachen und sicherzustellen, dass sie die Regeln und Richtlinien der Institution einhalten Quelle: ORP.1.A3 (S. nicht spezifiziert).;ORP.1.A3 Beaufsichtigung oder Begleitung von Fremdpersonen (B) [Mitarbeitende] Institutionsfremde Personen MÜSSEN von Mitarbeitenden zu den Räumen begleitet werden. Die Mitarbeitenden der Institution MÜSSEN institutionsfremde Personen in sensiblen Bereichen beaufsichtigen. Die Mitarbeitenden SOLLTEN dazu angehalten werden, institutionsfremde Personen in den Räumen der Institution nicht unbeaufsichtigt zu lassen.;"Institutionsfremde Personen MÜSSEN von Mitarbeitenden zu den jeweiligen Räumen begleitet werden, weil sonst unkontrollierter Zugriff auf sensible Bereiche möglich wäre Quelle: Beaufsichtigung oder Begleitung von Fremdpersonen (S.1). Mitarbeitende MÜSSEN diese Personen in sicherheitsrelevanten Bereichen aktiv beaufsichtigen, um Missbrauch, Datenverlust oder physische Gefährdungen zu verhindern Quelle: Beaufsichtigung oder Begleitung von Fremdpersonen (S.2). Kurzfristig oder einmalig eingesetztes Fremdpersonal MUSS ebenfalls in sicherheitsrelevanten Bereichen beaufsichtigt werden, da es nicht über die gleiche Vertrautheit mit internen Prozessen und Sicherheitsrichtlinien verfügt Quelle: Festlegung von Regelungen für den Einsatz von Fremdpersonal (S.3). Bei nicht verpflichtetem Fremdpersonal, das an VS‑IT arbeitet, ist eine lückenlose Begleitung während der gesamten Arbeitszeit vorgeschrieben, weil nur so die Einhaltung technischer und organisatorischer Sicherheitsanforderungen gewährleistet werden kann Quelle: Beaufsichtigung und Begleitung von Fremdpersonal für VS‑IT nach §§ 3, 4 VSA (S.4). Die Begleitung stellt sicher, dass externe Dienstleister die Verantwortung für die Informationssicherheit nicht übernehmen, sondern die Institution die Kontrolle behält und Risiken frühzeitig erkennt Quelle: Festlegung von Regelungen für den Einsatz von Fremdpersonal (S.5).

Anschlussfragen:
1. Welche konkreten Maßnahmen sind für die Beaufsichtigung in sensiblen Bereichen vorgesehen?
2. Wie wird die Fachkenntnis der begleitenden Mitarbeitenden nachgewiesen?
3. Welche vertraglichen Regelungen sollten die Begleitungspflicht bei externen Dienstleistern festlegen?";Institutionsfremde Personen MÜSSEN von Mitarbeitenden zu den jeweiligen Räumen begleitet werden, weil sonst unkontrollierter Zugriff auf sensible Bereiche möglich wäre Quelle: Beaufsichtigung oder Begleitung von Fremdpersonen (S.1). Mitarbeitende MÜSSEN diese Personen in sicherheitsrelevanten Bereichen aktiv beaufsichtigen, um Missbrauch, Datenverlust oder physische Gefährdungen zu verhindern Quelle: Beaufsichtigung oder Begleitung von Fremdpersonen (S.2). Kurzfristig oder einmalig eingesetztes Fremdpersonal MUSS ebenfalls in sicherheitsrelevanten Bereichen beaufsichtigt werden, da es nicht über die gleiche Vertrautheit mit internen Prozessen und Sicherheitsrichtlinien verfügt Quelle: Festlegung von Regelungen für den Einsatz von Fremdpersonal (S.3). Bei nicht verpflichtetem Fremdpersonal, das an VS‑IT arbeitet, ist eine lückenlose Begleitung während der gesamten Arbeitszeit vorgeschrieben, weil nur so die Einhaltung technischer und organisatorischer Sicherheitsanforderungen gewährleistet werden kann Quelle: Beaufsichtigung und Begleitung von Fremdpersonal für VS‑IT nach §§ 3, 4 VSA (S.4). Die Begleitung stellt sicher, dass externe Dienstleister die Verantwortung für die Informationssicherheit nicht übernehmen, sondern die Institution die Kontrolle behält und Risiken frühzeitig erkennt Quelle: Festlegung von Regelungen für den Einsatz von Fremdpersonal (S.5).;"1. Welche konkreten Maßnahmen sind für die Beaufsichtigung in sensiblen Bereichen vorgesehen?
2. Wie wird die Fachkenntnis der begleitenden Mitarbeitenden nachgewiesen?
3. Welche vertraglichen Regelungen sollten die Begleitungspflicht bei externen Dienstleistern festlegen?";3;3;0.9999999999666667;1.0;0.4;0.710979915649776;Welche konkreten Maßnahmen sind für die Beaufsichtigung in sensiblen Bereichen vorgesehen?;1.0;2.0;Teilweise abgedeckt durch Überwachung und Kontrolle;Wie wird die Fachkenntnis der begleitenden Mitarbeitenden nachgewiesen?;1.0;2.0;Fachkenntnis nachgewiesen;Welche vertraglichen Regelungen sollten die Begleitungspflicht bei externen Dienstleistern festlegen?;2.0;2.0;Vertragliche Regelungen;1.333;2.0
Muss es feste Ansprechpersonen für Sicherheitsfragen geben?;"Ja, es muss feste Ansprechpersonen für Sicherheitsfragen geben. In jeder Institution MUSS es Ansprechpersonen für Sicherheitsfragen geben, die sowohl scheinbar einfache wie auch komplexe oder technische Fragen beantworten können Quelle: ORP.1.A15 (S. nicht spezifiziert). Die Ansprechpersonen MÜSSEN allen Mitarbeitenden der Institution bekannt sein und diesbezügliche Informationen MÜSSEN in der Institution für alle verfügbar und leicht zugänglich sein.

Anschlussfragen:
1. Wie sollten die Ansprechpersonen für Sicherheitsfragen in der Institution bekannt gegeben werden?
2. Welche Rolle spielen die Ansprechpersonen bei der Behandlung von Sicherheitsvorfällen in der Institution?
3. Wie oft sollten die Ansprechpersonen für Sicherheitsfragen geschult oder informiert werden, um ihre Kenntnisse auf dem aktuellen Stand zu halten?";Ja, es muss feste Ansprechpersonen für Sicherheitsfragen geben. In jeder Institution MUSS es Ansprechpersonen für Sicherheitsfragen geben, die sowohl scheinbar einfache wie auch komplexe oder technische Fragen beantworten können Quelle: ORP.1.A15 (S. nicht spezifiziert). Die Ansprechpersonen MÜSSEN allen Mitarbeitenden der Institution bekannt sein und diesbezügliche Informationen MÜSSEN in der Institution für alle verfügbar und leicht zugänglich sein.;ORP.1.A15 Ansprechperson zu Informationssicherheitsfragen (B) In jeder Institution MUSS es Ansprechpersonen für Sicherheitsfragen geben, die sowohl scheinbar einfache wie auch komplexe oder technische Fragen beantworten können. Die Ansprechpersonen MÜSSEN allen Mitarbeitenden der Institution bekannt sein. Diesbezügliche Informationen MÜSSEN in der Institution für alle verfügbar und leicht zugänglich sein.;"Ja, jede Institution MUSS feste Ansprechpersonen für Sicherheitsfragen benennen, die sowohl einfache als auch komplexe bzw. technische Fragen beantworten können. Diese Ansprechpersonen MÜSSEN allen Mitarbeitenden bekannt sein und die entsprechenden Kontaktdaten müssen jederzeit leicht zugänglich und aktuell sein Quelle: Ansprechperson zu Informationssicherheitsfragen (S.1‑2)

Anschlussfragen:
1. Welche konkreten Kommunikationswege sollten für die Meldung von Sicherheitsvorfällen etabliert werden?
2. Wie kann die regelmäßige Aktualität und Sichtbarkeit der Kontaktinformationen sichergestellt werden?
3. Welche Rolle spielt der Informationssicherheitsbeauftragte bei der Koordination von Ansprechpersonen in großen Institutionen?";Ja, jede Institution MUSS feste Ansprechpersonen für Sicherheitsfragen benennen, die sowohl einfache als auch komplexe bzw. technische Fragen beantworten können. Diese Ansprechpersonen MÜSSEN allen Mitarbeitenden bekannt sein und die entsprechenden Kontaktdaten müssen jederzeit leicht zugänglich und aktuell sein Quelle: Ansprechperson zu Informationssicherheitsfragen (S.1‑2);"1. Welche konkreten Kommunikationswege sollten für die Meldung von Sicherheitsvorfällen etabliert werden?
2. Wie kann die regelmäßige Aktualität und Sichtbarkeit der Kontaktinformationen sichergestellt werden?
3. Welche Rolle spielt der Informationssicherheitsbeauftragte bei der Koordination von Ansprechpersonen in großen Institutionen?";3;3;0.9028571428390857;0.75;1.0;0.8351132248799459;Welche konkreten Kommunikationswege sollten für die Meldung von Sicherheitsvorfällen etabliert werden?;2.0;2.0;Direkte Relevanz zu Meldewegen;Wie kann die regelmäßige Aktualität und Sichtbarkeit der Kontaktinformationen sichergestellt werden?;2.0;2.0;Aktualität von Kontaktinformationen;Welche Rolle spielt der Informationssicherheitsbeauftragte bei der Koordination von Ansprechpersonen in großen Institutionen?;2.0;2.0;ISB-Rolle bei Koordination;2.0;2.0
Warum ist eine Funktionstrennung bei Aufgaben notwendig?;"Die Funktionstrennung bei Aufgaben ist notwendig, um unvereinbare Aufgaben wie operative und kontrollierende Funktionen auf verschiedene Personen zu verteilen Quelle: ORP.1.A4 (S. nicht spezifiziert). Dies bedeutet, dass die Aufgaben und die hierfür erforderlichen Rollen und Funktionen so strukturiert sein müssen, dass unvereinbare Aufgaben getrennt werden Quelle: ORP.1.A4 (S. nicht spezifiziert). Die Funktionstrennung soll verhindern, dass eine Person zu viel Macht oder Einfluss auf bestimmte Prozesse oder Systeme hat, was zu Missbrauch oder ungewollten Konsequenzen führen könnte Quelle: ORP.1.A4 (S. nicht spezifiziert).

Anschlussfragen:
1. Wie werden unvereinbare Aufgaben in einer Institution identifiziert und getrennt?
2. Welche Rolle spielt die Dokumentation bei der Funktionstrennung?
3. Wie werden Vertreter bei der Funktionstrennung berücksichtigt?";Die Funktionstrennung bei Aufgaben ist notwendig, um unvereinbare Aufgaben wie operative und kontrollierende Funktionen auf verschiedene Personen zu verteilen Quelle: ORP.1.A4 (S. nicht spezifiziert). Dies bedeutet, dass die Aufgaben und die hierfür erforderlichen Rollen und Funktionen so strukturiert sein müssen, dass unvereinbare Aufgaben getrennt werden Quelle: ORP.1.A4 (S. nicht spezifiziert). Die Funktionstrennung soll verhindern, dass eine Person zu viel Macht oder Einfluss auf bestimmte Prozesse oder Systeme hat, was zu Missbrauch oder ungewollten Konsequenzen führen könnte Quelle: ORP.1.A4 (S. nicht spezifiziert).;ORP.1.A4 Funktionstrennung zwischen unvereinbaren Aufgaben (B) Die Aufgaben und die hierfür erforderlichen Rollen und Funktionen MÜSSEN so strukturiert sein, dass unvereinbare Aufgaben wie operative und kontrollierende Funktionen auf verschiedene Personen verteilt werden. Für unvereinbare Funktionen MUSS eine Funktionstrennung festgelegt und dokumentiert sein. Auch Vertreter MÜSSEN der Funktionstrennung unterliegen.;"Eine Funktionstrennung ist notwendig, weil operative und kontrollierende Aufgaben unvereinbar sind und deshalb auf verschiedene Personen verteilt werden müssen; nur so kann verhindert werden, dass dieselbe Person sowohl ausführt als auch prüft, was zu Interessenkonflikten und fehlender Kontrolle führen würde Quelle: Funktionstrennung zwischen unvereinbaren Aufgaben (S.1).  

Die Trennung muss ausdrücklich festgelegt und dokumentiert sein, damit Verantwortlichkeiten klar nachverfolgbar sind und Vertreter derselben Trennung unterliegen Quelle: Funktionstrennung zwischen unvereinbaren Aufgaben (S.1).  

Durch das Identitäts‑ und Berechtigungsmanagement wird sichergestellt, dass die definierten unvereinbaren Aufgaben technisch voneinander getrennt umgesetzt werden, was die Durchsetzung der organisatorischen Vorgaben unterstützt Quelle: Aufgabenverteilung und Funktionstrennung (S.2).  

Damit wird das Risiko von Fehlentscheidungen, Manipulationen oder unkontrollierten Handlungen reduziert und die Wirksamkeit von Kontrollen und Audits erhöht Quelle: Funktionstrennung zwischen unvereinbaren Aufgaben (S.1).  

Anschlussfragen:
1. Welche konkreten Rollen werden im Baustein ORP.1 Organisation typischerweise als operative und kontrollierende Funktionen definiert?
2. Wie wird die Dokumentation der Funktionstrennung im Identitäts‑ und Berechtigungsmanagement praktisch umgesetzt?
3. Welche Folgen können auftreten, wenn die Funktionstrennung nicht dokumentiert oder nicht durchgesetzt wird?";"Eine Funktionstrennung ist notwendig, weil operative und kontrollierende Aufgaben unvereinbar sind und deshalb auf verschiedene Personen verteilt werden müssen; nur so kann verhindert werden, dass dieselbe Person sowohl ausführt als auch prüft, was zu Interessenkonflikten und fehlender Kontrolle führen würde Quelle: Funktionstrennung zwischen unvereinbaren Aufgaben (S.1).  

Die Trennung muss ausdrücklich festgelegt und dokumentiert sein, damit Verantwortlichkeiten klar nachverfolgbar sind und Vertreter derselben Trennung unterliegen Quelle: Funktionstrennung zwischen unvereinbaren Aufgaben (S.1).  

Durch das Identitäts‑ und Berechtigungsmanagement wird sichergestellt, dass die definierten unvereinbaren Aufgaben technisch voneinander getrennt umgesetzt werden, was die Durchsetzung der organisatorischen Vorgaben unterstützt Quelle: Aufgabenverteilung und Funktionstrennung (S.2).  

Damit wird das Risiko von Fehlentscheidungen, Manipulationen oder unkontrollierten Handlungen reduziert und die Wirksamkeit von Kontrollen und Audits erhöht Quelle: Funktionstrennung zwischen unvereinbaren Aufgaben (S.1).";"1. Welche konkreten Rollen werden im Baustein ORP.1 Organisation typischerweise als operative und kontrollierende Funktionen definiert?
2. Wie wird die Dokumentation der Funktionstrennung im Identitäts‑ und Berechtigungsmanagement praktisch umgesetzt?
3. Welche Folgen können auftreten, wenn die Funktionstrennung nicht dokumentiert oder nicht durchgesetzt wird?";3;3;0.99999999995;1.0;0.45454545454545453;0.4868280781876689;Welche konkreten Rollen werden im Baustein ORP.1 Organisation typischerweise als operative und kontrollierende Funktionen definiert?;2.0;2.0;Direkte Bezug zu ORP.1;Wie wird die Dokumentation der Funktionstrennung im Identitäts‑ und Berechtigungsmanagement praktisch umgesetzt?;2.0;2.0;Funktionstrennung im Identitätsmanagement;Welche Folgen können auftreten, wenn die Funktionstrennung nicht dokumentiert oder nicht durchgesetzt wird?;2.0;2.0;Folgen unzureichender Funktionstrennung;2.0;2.0
Wie soll mit Betriebsmitteln und Geräten umgegangen werden?;"Um mit Betriebsmitteln und Geräten umzugehen, SOLLTE die Institution sicherstellen, dass alle Geräte und Betriebsmittel, die Einfluss auf die Informationssicherheit haben, in ausreichender Menge vorhanden sind Quelle: ORP.1.A8 (S). Es SOLLTE geeignete Prüf- und Genehmigungsverfahren vor Einsatz der Geräte und Betriebsmittel geben Quelle: ORP.1.A8 (S). Darüber hinaus SOLLTEN Geräte und Betriebsmittel in geeigneten Bestandsverzeichnissen aufgelistet werden Quelle: ORP.1.A8 (S). Um den Missbrauch von Daten zu verhindern, SOLLTE die zuverlässige Löschung oder Vernichtung von Geräten und Betriebsmitteln geregelt sein Quelle: ORP.1.A8 (S).

Anschlussfragen:
1. Wie sollten die Bestandsverzeichnisse für Geräte und Betriebsmittel gestaltet werden, um eine effiziente Verwaltung zu gewährleisten?
2. Welche Rolle spielt die zuverlässige Löschung oder Vernichtung von Geräten und Betriebsmitteln bei der Verhinderung von Datenmissbrauch?
3. Wie können geeignete Prüf- und Genehmigungsverfahren für den Einsatz neuer Geräte und Betriebsmittel etabliert werden, um die Informationssicherheit zu gewährleisten?";Um mit Betriebsmitteln und Geräten umzugehen, SOLLTE die Institution sicherstellen, dass alle Geräte und Betriebsmittel, die Einfluss auf die Informationssicherheit haben, in ausreichender Menge vorhanden sind Quelle: ORP.1.A8 (S). Es SOLLTE geeignete Prüf- und Genehmigungsverfahren vor Einsatz der Geräte und Betriebsmittel geben Quelle: ORP.1.A8 (S). Darüber hinaus SOLLTEN Geräte und Betriebsmittel in geeigneten Bestandsverzeichnissen aufgelistet werden Quelle: ORP.1.A8 (S). Um den Missbrauch von Daten zu verhindern, SOLLTE die zuverlässige Löschung oder Vernichtung von Geräten und Betriebsmitteln geregelt sein Quelle: ORP.1.A8 (S).;ORP.1.A8 Betriebsmittel- und Geräteverwaltung (S) [IT-Betrieb] Alle Geräte und Betriebsmittel, die Einfluss auf die Informationssicherheit haben und die zur Aufgabenerfüllung und zur Einhaltung der Sicherheitsanforderungen erforderlich sind, SOLLTEN in ausreichender Menge vorhanden sein. Es SOLLTE geeignete Prüf- und Genehmigungsverfahren vor Einsatz der Geräte und Betriebsmittel geben. Geräte und Betriebsmittel SOLLTEN in geeigneten Bestandsverzeichnissen aufgelistet werden. Um den Missbrauch von Daten zu verhindern, SOLLTE die zuverlässige Löschung oder Vernichtung von Geräten und Betriebsmitteln geregelt sein (siehe hierzu CON.6 Löschen und Vernichten).;Im bereitgestellten Kontext nicht enthalten;Im bereitgestellten Kontext nicht enthalten;;0;3;0.8734126983981415;1.0;;0.09655591214486758;;;;;;;;;;;;;;
Welche organisatorischen Maßnahmen gelten bei Umzügen?;"Bei Umzügen gelten organisatorische Maßnahmen, die im Baustein ORP.1.A13 Sicherheit bei Umzügen (S) [IT-Betrieb, Haustechnik] festgelegt sind. Vor einem Umzug SOLLTEN frühzeitig Sicherheitsrichtlinien erarbeitet bzw. aktualisiert werden Quelle: ORP.1.A13 (S). Alle Mitarbeitenden SOLLTEN über die vor, während und nach dem Umzug relevanten Sicherheitsmaßnahmen informiert werden Quelle: ORP.1.A13 (S). Nach dem Umzug SOLLTE überprüft werden, ob das transportierte Umzugsgut vollständig und unbeschädigt bzw. unverändert angekommen ist Quelle: ORP.1.A13 (S).

Anschlussfragen:
1. Wie werden die Sicherheitsrichtlinien vor einem Umzug aktualisiert?
2. Welche Rolle spielt die Information der Mitarbeitenden bei Umzügen?
3. Wie wird die Integrität des Umzugsgutes nach dem Umzug sichergestellt?";Bei Umzügen gelten organisatorische Maßnahmen, die im Baustein ORP.1.A13 Sicherheit bei Umzügen (S) [IT-Betrieb, Haustechnik] festgelegt sind. Vor einem Umzug SOLLTEN frühzeitig Sicherheitsrichtlinien erarbeitet bzw. aktualisiert werden Quelle: ORP.1.A13 (S). Alle Mitarbeitenden SOLLTEN über die vor, während und nach dem Umzug relevanten Sicherheitsmaßnahmen informiert werden Quelle: ORP.1.A13 (S). Nach dem Umzug SOLLTE überprüft werden, ob das transportierte Umzugsgut vollständig und unbeschädigt bzw. unverändert angekommen ist Quelle: ORP.1.A13 (S).;ORP.1.A13 Sicherheit bei Umzügen (S) [IT-Betrieb, Haustechnik] Vor einem Umzug SOLLTEN frühzeitig Sicherheitsrichtlinien erarbeitet bzw. aktualisiert werden. Alle Mitarbeitenden SOLLTEN über die vor, während und nach dem Umzug relevanten Sicherheitsmaßnahmen informiert werden. Nach dem Umzug SOLLTE überprüft werden, ob das transportierte Umzugsgut vollständig und unbeschädigt bzw. unverändert angekommen ist.;"Im bereitgestellten Kontext nicht enthalten  

Anschlussfragen:
1. Welche konkreten Anforderungen gelten für den Transport von Wechseldatenträgern im Rahmen von Umzügen?
2. Wie werden Notfallmaßnahmen für Ausweichstandorte in den Geschäftsfortführungsplänen (GFP) dokumentiert?
3. Welche Rollen sind für die Erstellung und Pflege von Sicherheitsrichtlinien bei Umzügen verantwortlich?";Im bereitgestellten Kontext nicht enthalten;"1. Welche konkreten Anforderungen gelten für den Transport von Wechseldatenträgern im Rahmen von Umzügen?
2. Wie werden Notfallmaßnahmen für Ausweichstandorte in den Geschäftsfortführungsplänen (GFP) dokumentiert?
3. Welche Rollen sind für die Erstellung und Pflege von Sicherheitsrichtlinien bei Umzügen verantwortlich?";3;3;0.7499999999625;0.75;0.0;0.0860022414861401;Welche konkreten Anforderungen gelten für den Transport von Wechseldatenträgern im Rahmen von Umzügen?;2.0;2.0;Direkte Anforderungen für Transport;Wie werden Notfallmaßnahmen für Ausweichstandorte in den Geschäftsfortführungsplänen (GFP) dokumentiert?;2.0;2.0;Direkte Relevanz zu GFP;Welche Rollen sind für die Erstellung und Pflege von Sicherheitsrichtlinien bei Umzügen verantwortlich?;1.0;2.0;Rollen bei Sicherheitsrichtlinien;1.667;2.0
Warum reicht es nicht aus, Regelungen nur festzulegen?;"Es reicht nicht aus, Regelungen nur festzulegen, da ihre Kommunikation an die Mitarbeitenden elementar wichtig ist, damit die Vorgaben auch von allen Betroffenen im Arbeitsalltag gelebt werden können Quelle: 2.2. Nichtbeachtung von Regelungen. Wenn Regelungen nicht bekannt gemacht und verstanden werden, können Sicherheitslücken entstehen, wie beispielsweise das ungewollte Teilen von vertraulichen Informationen oder die unautorisierte Änderung von Daten Quelle: 2.2. Nichtbeachtung von Regelungen.

Anschlussfragen:
1. Wie können Mitarbeitende über Sicherheitsregelungen informiert werden, um sicherzustellen, dass sie diese im Arbeitsalltag anwenden?
2. Welche Arten von Sicherheitslücken können entstehen, wenn Regelungen von Mitarbeitenden missachtet werden?
3. Wie kann sichergestellt werden, dass alle Mitarbeitenden die Brisanz von Integritätsverletzungen einschätzen können, wenn sie Zugriffsrechte administrieren?";Es reicht nicht aus, Regelungen nur festzulegen, da ihre Kommunikation an die Mitarbeitenden elementar wichtig ist, damit die Vorgaben auch von allen Betroffenen im Arbeitsalltag gelebt werden können Quelle: 2.2. Nichtbeachtung von Regelungen. Wenn Regelungen nicht bekannt gemacht und verstanden werden, können Sicherheitslücken entstehen, wie beispielsweise das ungewollte Teilen von vertraulichen Informationen oder die unautorisierte Änderung von Daten Quelle: 2.2. Nichtbeachtung von Regelungen.;"2.2. Nichtbeachtung von Regelungen Allen Mitarbeitenden müssen die geltenden Regelungen bekannt gemacht werden und zum Nachlesen zur Verfügung stehen. Die Erfahrung zeigt, dass es nicht ausreicht, Sicherheitsregeln lediglich festzulegen. Ihre Kommunikation an die Mitarbeitenden ist elementar wichtig, damit die Vorgaben auch von allen Betroffenen im Arbeitsalltag gelebt werden können. Werden Regelungen von Mitarbeitenden missachtet, können beispielsweise folgende Sicherheitslücken entstehen:

• Vertrauliche Informationen werden in Hörweite fremder Personen diskutiert, beispielsweise in Pausengesprächen von Besprechungen oder über Mobiltelefonate in öffentlichen Umgebungen.

• Dokumente werden auf einem Webserver veröffentlicht, ohne dass geprüft wurde, ob diese tatsächlich zur Veröffentlichung vorgesehen und freigegeben sind.

• Aufgrund von fehlerhaft administrierten Zugriffsrechten können Mitarbeitende Daten ändern, ohne die Brisanz dieser Integritätsverletzung einschätzen zu können.";"Regelungen allein sind nicht wirksam, weil sie ohne Kommunikation, Kenntnis und praktische Umsetzung von den Mitarbeitenden leicht ignoriert werden.  Alle relevanten Aufgaben und Funktionen müssen klar definiert und voneinander abgegrenzt sein, damit die Verantwortlichkeiten eindeutig sind; erst dann können die Vorgaben im Arbeitsalltag gelebt werden Quelle: Festlegung von Verantwortlichkeiten und Regelungen (S.1).  Darüber hinaus muss sichergestellt sein, dass die Regelungen allen Mitarbeitenden bekannt sind und jederzeit nachgelesen werden können – die Erfahrung zeigt, dass reine Festlegung ohne gezielte Kommunikation zu massiven Sicherheitslücken führt Quelle: Nichtbeachtung von Regelungen (S.1).  Ohne ausreichende Sensibilisierung und Schulung verstehen Mitarbeitende den Zweck der Maßnahmen nicht und setzen sie deshalb nicht um; unzureichende Schulungen führen häufig zu Fehlbedienungen und zu übersehenen Sicherheitsvorfällen Quelle: Sensibilisierung und Schulung zur Informationssicherheit (S.1).  Auch technische Vorgaben wie die Einschränkung aktiver Inhalte in Office‑Anwendungen benötigen verbindliche, dokumentierte Regelungen und deren zeitnahe Bereitstellung für die Nutzer, sonst werden sie nicht beachtet Quelle: APP.1.1.A2 (S.1).  Schließlich müssen ausreichende personelle und materielle Ressourcen bereitgestellt werden, damit die definierten Prozesse umgesetzt und überwacht werden können; fehlende Ressourcen machen selbst gut formulierte Regelungen wirkungslos Quelle: Festlegung von Verantwortlichkeiten und Regelungen (S.1).

Anschlussfragen:
1. Welche konkreten Maßnahmen zur Kommunikation von Sicherheitsregelungen sind im IT‑Grundschutz empfohlen?
2. Wie wird im BSI‑Standard die Wirksamkeitsprüfung von Schulungs‑ und Sensibilisierungsmaßnahmen beschrieben?
3. Welche Rollen sind laut ORP.1.A1 für die Bereitstellung von Ressourcen zur Informationssicherheit verantwortlich?";"Regelungen allein sind nicht wirksam, weil sie ohne Kommunikation, Kenntnis und praktische Umsetzung von den Mitarbeitenden leicht ignoriert werden.  Alle relevanten Aufgaben und Funktionen müssen klar definiert und voneinander abgegrenzt sein, damit die Verantwortlichkeiten eindeutig sind; erst dann können die Vorgaben im Arbeitsalltag gelebt werden Quelle: Festlegung von Verantwortlichkeiten und Regelungen (S.1).  Darüber hinaus muss sichergestellt sein, dass die Regelungen allen Mitarbeitenden bekannt sind und jederzeit nachgelesen werden können – die Erfahrung zeigt, dass reine Festlegung ohne gezielte Kommunikation zu massiven Sicherheitslücken führt Quelle: Nichtbeachtung von Regelungen (S.1).  Ohne ausreichende Sensibilisierung und Schulung verstehen Mitarbeitende den Zweck der Maßnahmen nicht und setzen sie deshalb nicht um; unzureichende Schulungen führen häufig zu Fehlbedienungen und zu übersehenen Sicherheitsvorfällen Quelle: Sensibilisierung und Schulung zur Informationssicherheit (S.1).  Auch technische Vorgaben wie die Einschränkung aktiver Inhalte in Office‑Anwendungen benötigen verbindliche, dokumentierte Regelungen und deren zeitnahe Bereitstellung für die Nutzer, sonst werden sie nicht beachtet Quelle: APP.1.1.A2 (S.1).  Schließlich müssen ausreichende personelle und materielle Ressourcen bereitgestellt werden, damit die definierten Prozesse umgesetzt und überwacht werden können; fehlende Ressourcen machen selbst gut formulierte Regelungen wirkungslos Quelle: Festlegung von Verantwortlichkeiten und Regelungen (S.1).";"1. Welche konkreten Maßnahmen zur Kommunikation von Sicherheitsregelungen sind im IT‑Grundschutz empfohlen?
2. Wie wird im BSI‑Standard die Wirksamkeitsprüfung von Schulungs‑ und Sensibilisierungsmaßnahmen beschrieben?
3. Welche Rollen sind laut ORP.1.A1 für die Bereitstellung von Ressourcen zur Informationssicherheit verantwortlich?";3;3;0.691666666649375;1.0;0.8095238095238095;0.48318872863873463;Welche konkreten Maßnahmen zur Kommunikation von Sicherheitsregelungen sind im IT‑Grundschutz empfohlen?;1.0;2.0;Teilweise abgedeckt;Wie wird im BSI‑Standard die Wirksamkeitsprüfung von Schulungs‑ und Sensibilisierungsmaßnahmen beschrieben?;1.0;1.0;Teilweise abgedeckt, thematisch verwandt;Welche Rollen sind laut ORP.1.A1 für die Bereitstellung von Ressourcen zur Informationssicherheit verantwortlich?;2.0;1.0;Rollen und Ressourcen;1.333;1.333
Welche Gefahren entstehen durch fehlende organisatorische Regelungen?;"Fehlende oder unzureichende organisatorische Regelungen können zu massiven Sicherheitslücken führen, da Mitarbeitende nicht wissen, wie sie bei Vorfällen reagieren sollen Quelle: 2.1. Fehlende oder unzureichende Regelungen. Probleme können auch durch veraltete, unpraktikable oder unverständlich formulierte Regelungen entstehen Quelle: 2.1. Fehlende oder unzureichende Regelungen. Dies kann insbesondere in komplexen Geschäftsprozessen oder bei der Verarbeitung schutzbedürftiger Informationen zu erheblichen Risiken führen Quelle: 2.1. Fehlende oder unzureichende Regelungen.

Anschlussfragen:
1. Wie können unzureichende Regelungen die Reaktionsfähigkeit von Mitarbeitern bei Sicherheitsvorfällen beeinträchtigen?
2. Welche Rolle spielen veraltete oder unverständlich formulierte Regelungen bei der Entstehung von Sicherheitsproblemen?
3. In welchen Szenarien nimmt die Bedeutung übergreifender organisatorischer Regelungen besonders zu?";Fehlende oder unzureichende organisatorische Regelungen können zu massiven Sicherheitslücken führen, da Mitarbeitende nicht wissen, wie sie bei Vorfällen reagieren sollen Quelle: 2.1. Fehlende oder unzureichende Regelungen. Probleme können auch durch veraltete, unpraktikable oder unverständlich formulierte Regelungen entstehen Quelle: 2.1. Fehlende oder unzureichende Regelungen. Dies kann insbesondere in komplexen Geschäftsprozessen oder bei der Verarbeitung schutzbedürftiger Informationen zu erheblichen Risiken führen Quelle: 2.1. Fehlende oder unzureichende Regelungen.;2.1. Fehlende oder unzureichende Regelungen Fehlende Regelungen können zu massiven Sicherheitslücken führen, wenn beispielsweise Mitarbeitende nicht wissen, wie sie bei Vorfällen reagieren sollen. Probleme können auch dadurch entstehen, dass Regelungen veraltet, unpraktikabel oder unverständlich formuliert sind. Die Bedeutung dieser übergreifenden organisatorischen Regelungen nimmt mit der Komplexität der Geschäftsprozesse und dem Umfang der Informationsverarbeitung, aber auch mit dem Schutzbedarf der zu verarbeitenden Informationen zu.;"Fehlende organisatorische Regelungen können zu folgenden Gefahren führen:  

- Mitarbeitende wissen nicht, wie sie bei Sicherheitsvorfällen reagieren sollen, wodurch Reaktionszeiten verlängert und Schäden vergrößert werden Quelle: Fehlende oder unzureichende Regelungen (S.1)  
- Vertrauliche Informationen werden in öffentlichen Bereichen besprochen und können von Unbefugten mitgehört werden Quelle: Nichtbeachtung von Regelungen (S.2)  
- Dokumente werden unbeabsichtigt im Internet veröffentlicht, weil keine Freigabe‑Prozesse existieren Quelle: Nichtbeachtung von Regelungen (S.2)  
- Fehlende oder falsche Zugriffsrechte ermöglichen unberechtigte Datenänderungen und Integritätsverletzungen Quelle: Nichtbeachtung von Regelungen (S.2)  
- Unzureichende oder nicht verfügbare Betriebsmittel (z. B. USV‑Batterien, Feuerlöscher) führen zu Ausfällen und Schäden bei Störungen Quelle: Fehlende, ungeeignete oder inkompatible Betriebsmittel (S.3)  
- Institutionsfremde (Besuchende, Reinigungspersonal) können unbeaufsichtigt auf Daten und Geräte zugreifen und diese manipulieren oder stehlen Quelle: Gefährdung durch Institutionsfremde (S.4)  
- Verstöße gegen gesetzliche und vertragliche Vorgaben können zu Bußgeldern, Vertragsstrafen und Reputationsverlust führen Quelle: Verstoß gegen gesetzliche Regelungen und vertragliche Vereinbarungen (S.5)  
- Sicherheitsvorfälle stören Geschäftsprozesse, beeinträchtigen Verfügbarkeit, Vertraulichkeit und Integrität und können Kundenbeziehungen schädigen Quelle: Störung der Geschäftsabläufe aufgrund von Sicherheitsvorfällen (S.6)  
- Fehlende strategische Vorgaben und unklare Zuständigkeiten führen zu ineffizienter Ressourcennutzung, teuren, aber unwirksamen Sicherheitsinvestitionen Quelle: Unwirtschaftlicher Umgang mit Ressourcen durch unzureichendes Sicherheitsmanagement (S.7)  

Anschlussfragen:  
1. Welche konkreten Maßnahmen können zur Etablierung wirksamer organisatorischer Regelungen ergriffen werden?  
2. Wie lässt sich die Kommunikation von Sicherheitsvorgaben an alle Mitarbeitenden nachhaltig sicherstellen?  
3. Welche Rolle spielt die Institutionsleitung bei der Durchsetzung und Kontrolle dieser Regelungen?";"Fehlende organisatorische Regelungen können zu folgenden Gefahren führen:  

- Mitarbeitende wissen nicht, wie sie bei Sicherheitsvorfällen reagieren sollen, wodurch Reaktionszeiten verlängert und Schäden vergrößert werden Quelle: Fehlende oder unzureichende Regelungen (S.1)  
- Vertrauliche Informationen werden in öffentlichen Bereichen besprochen und können von Unbefugten mitgehört werden Quelle: Nichtbeachtung von Regelungen (S.2)  
- Dokumente werden unbeabsichtigt im Internet veröffentlicht, weil keine Freigabe‑Prozesse existieren Quelle: Nichtbeachtung von Regelungen (S.2)  
- Fehlende oder falsche Zugriffsrechte ermöglichen unberechtigte Datenänderungen und Integritätsverletzungen Quelle: Nichtbeachtung von Regelungen (S.2)  
- Unzureichende oder nicht verfügbare Betriebsmittel (z. B. USV‑Batterien, Feuerlöscher) führen zu Ausfällen und Schäden bei Störungen Quelle: Fehlende, ungeeignete oder inkompatible Betriebsmittel (S.3)  
- Institutionsfremde (Besuchende, Reinigungspersonal) können unbeaufsichtigt auf Daten und Geräte zugreifen und diese manipulieren oder stehlen Quelle: Gefährdung durch Institutionsfremde (S.4)  
- Verstöße gegen gesetzliche und vertragliche Vorgaben können zu Bußgeldern, Vertragsstrafen und Reputationsverlust führen Quelle: Verstoß gegen gesetzliche Regelungen und vertragliche Vereinbarungen (S.5)  
- Sicherheitsvorfälle stören Geschäftsprozesse, beeinträchtigen Verfügbarkeit, Vertraulichkeit und Integrität und können Kundenbeziehungen schädigen Quelle: Störung der Geschäftsabläufe aufgrund von Sicherheitsvorfällen (S.6)  
- Fehlende strategische Vorgaben und unklare Zuständigkeiten führen zu ineffizienter Ressourcennutzung, teuren, aber unwirksamen Sicherheitsinvestitionen Quelle: Unwirtschaftlicher Umgang mit Ressourcen durch unzureichendes Sicherheitsmanagement (S.7)";"1. Welche konkreten Maßnahmen können zur Etablierung wirksamer organisatorischer Regelungen ergriffen werden?  
2. Wie lässt sich die Kommunikation von Sicherheitsvorgaben an alle Mitarbeitenden nachhaltig sicherstellen?  
3. Welche Rolle spielt die Institutionsleitung bei der Durchsetzung und Kontrolle dieser Regelungen?";3;3;0.9305555555400462;1.0;0.9230769230769231;0.2638973661504786;Welche konkreten Maßnahmen können zur Etablierung wirksamer organisatorischer Regelungen ergriffen werden?;2.0;2.0;Direkte Maßnahmen zur Etablierung organisatorischer Regelungen;Wie lässt sich die Kommunikation von Sicherheitsvorgaben an alle Mitarbeitenden nachhaltig sicherstellen?;2.0;2.0;Direkte Relevanz zu Kommunikation von Sicherheitsvorgaben;Welche Rolle spielt die Institutionsleitung bei der Durchsetzung und Kontrolle dieser Regelungen?;2.0;2.0;Direkte Verbindung zur Institutionsleitung;2.0;2.0
Wie werden organisatorische Regelungen aktuell gehalten?;"Die organisatorischen Regelungen werden aktuell gehalten, indem sie anlassbezogen überarbeitet werden. Dies bedeutet, dass die Regelungen und Organisationsstrukturen bei Bedarf aktualisiert und an veränderte Bedingungen angepasst werden. Nach einer Überarbeitung MÜSSEN die Änderungen allen Mitarbeitenden bekannt gegeben werden, um sicherzustellen, dass alle Beteiligten über die aktuellen Regelungen und Verantwortlichkeiten informiert sind. Quelle: ORP.1.A1 (S. nicht spezifiziert).

Anschlussfragen:
1. Wie werden die Verantwortlichkeiten und Regelungen innerhalb einer Institution festgelegt?
2. Welche Aspekte werden im Baustein ORP.1 Organisation nicht behandelt?
3. Wie werden die Mitarbeiter über Änderungen in den organisatorischen Regelungen informiert?";Die organisatorischen Regelungen werden aktuell gehalten, indem sie anlassbezogen überarbeitet werden. Dies bedeutet, dass die Regelungen und Organisationsstrukturen bei Bedarf aktualisiert und an veränderte Bedingungen angepasst werden. Nach einer Überarbeitung MÜSSEN die Änderungen allen Mitarbeitenden bekannt gegeben werden, um sicherzustellen, dass alle Beteiligten über die aktuellen Regelungen und Verantwortlichkeiten informiert sind. Quelle: ORP.1.A1 (S. nicht spezifiziert).;ORP.1.A1 Festlegung von Verantwortlichkeiten und Regelungen (B) [Institutionsleitung] Innerhalb einer Institution MÜSSEN alle relevanten Aufgaben und Funktionen klar definiert und voneinander abgegrenzt sein. Es MÜSSEN verbindliche Regelungen für die Informationssicherheit für die verschiedenen betrieblichen Aspekte übergreifend festgelegt werden. Die Organisationsstrukturen sowie verbindliche Regelungen MÜSSEN anlassbezogen überarbeitet werden. Die Änderungen MÜSSEN allen Mitarbeitenden bekannt gegeben werden.;"Organisatorische Regelungen werden durch regelmäßige, anlassbezogene Überarbeitung und transparente Kommunikation aktuell gehalten.  
- Die Organisationsstrukturen sowie verbindliche Regelungen MÜSSEN anlassbezogen überarbeitet werden und die Änderungen MÜSSEN allen Mitarbeitenden bekannt gegeben werden Quelle: Festlegung von Verantwortlichkeiten und Regelungen (S.1)  
- Die gesamte Dokumentation, inklusive Kontaktinformationen, MUSS immer aktuell und verfügbar sein; der Zugriff darauf MUSS geregelt werden Quelle: Festlegung von Verantwortlichkeiten und Regelungen (S.2)  
- Für Dokumentationen von Gebäuden, Prozessen oder Cloud‑Diensten SOLLTE mindestens einmal innerhalb von drei Jahren geprüft werden, ob sie noch aktuell sind, und Änderungen SOLLTEN den Mitarbeitenden mitgeteilt werden Quelle: Regelmäßige Aktualisierungen der Dokumentation (S.3)  
- Vorgehensweisen zur Behandlung von Sicherheitsvorfällen SOLLTEN regelmäßig überprüft werden, ob sie noch wirksam und aktuell sind, und bei Bedarf angepasst werden Quelle: Etablierung einer Vorgehensweise zur Behandlung von Sicherheitsvorfällen (S.4)  

Durch diese Vorgaben wird sichergestellt, dass organisatorische Regelungen stets den aktuellen Anforderungen und Prozessen entsprechen und allen Beschäftigten bekannt sind.  

Anschlussfragen:  
1. Welche konkreten Rollen sind für die Überarbeitung und Freigabe der Regelungen verantwortlich?  
2. Wie wird die Wirksamkeit der aktualisierten Regelungen im Betrieb überprüft?  
3. Welche Werkzeuge oder Prozesse unterstützen die Dokumentationspflege und -verteilung?";"Organisatorische Regelungen werden durch regelmäßige, anlassbezogene Überarbeitung und transparente Kommunikation aktuell gehalten.  
- Die Organisationsstrukturen sowie verbindliche Regelungen MÜSSEN anlassbezogen überarbeitet werden und die Änderungen MÜSSEN allen Mitarbeitenden bekannt gegeben werden Quelle: Festlegung von Verantwortlichkeiten und Regelungen (S.1)  
- Die gesamte Dokumentation, inklusive Kontaktinformationen, MUSS immer aktuell und verfügbar sein; der Zugriff darauf MUSS geregelt werden Quelle: Festlegung von Verantwortlichkeiten und Regelungen (S.2)  
- Für Dokumentationen von Gebäuden, Prozessen oder Cloud‑Diensten SOLLTE mindestens einmal innerhalb von drei Jahren geprüft werden, ob sie noch aktuell sind, und Änderungen SOLLTEN den Mitarbeitenden mitgeteilt werden Quelle: Regelmäßige Aktualisierungen der Dokumentation (S.3)  
- Vorgehensweisen zur Behandlung von Sicherheitsvorfällen SOLLTEN regelmäßig überprüft werden, ob sie noch wirksam und aktuell sind, und bei Bedarf angepasst werden Quelle: Etablierung einer Vorgehensweise zur Behandlung von Sicherheitsvorfällen (S.4)  

Durch diese Vorgaben wird sichergestellt, dass organisatorische Regelungen stets den aktuellen Anforderungen und Prozessen entsprechen und allen Beschäftigten bekannt sind.";"1. Welche konkreten Rollen sind für die Überarbeitung und Freigabe der Regelungen verantwortlich?  
2. Wie wird die Wirksamkeit der aktualisierten Regelungen im Betrieb überprüft?  
3. Welche Werkzeuge oder Prozesse unterstützen die Dokumentationspflege und -verteilung?";3;3;0.9617346938638119;1.0;0.7142857142857143;0.5561886289169093;Welche konkreten Rollen sind für die Überarbeitung und Freigabe der Regelungen verantwortlich?;2.0;2.0;Rollen und Verantwortlichkeiten;Wie wird die Wirksamkeit der aktualisierten Regelungen im Betrieb überprüft?;2.0;2.0;Überprüfung von Regelungen;Welche Werkzeuge oder Prozesse unterstützen die Dokumentationspflege und -verteilung?;2.0;2.0;Direkte Unterstützung durch IT-Grundschutz;2.0;2.0
Was ist das Ziel des Identitäts- und Berechtigungsmanagements?;"Das Ziel des Identitäts- und Berechtigungsmanagements ist es, sicherzustellen, dass Benutzende oder IT-Komponenten ausschließlich auf die ITRessourcen und Informationen zugreifen können, die sie für ihre Arbeit benötigen und für die sie autorisiert sind, und unautorisierten Benutzenden oder IT-Komponenten den Zugriff zu verwehren Quelle: 1.2. Zielsetzung. 

Anschlussfragen:
1. Wie können Institutionen ein sicheres Identitäts- und Berechtigungsmanagement aufbauen?
2. Welche Rolle spielen Autorisierungen im Identitäts- und Berechtigungsmanagement?
3. Wie kann man unautorisierten Zugriff auf ITRessourcen und Informationen verhindern?";Das Ziel des Identitäts- und Berechtigungsmanagements ist es, sicherzustellen, dass Benutzende oder IT-Komponenten ausschließlich auf die ITRessourcen und Informationen zugreifen können, die sie für ihre Arbeit benötigen und für die sie autorisiert sind, und unautorisierten Benutzenden oder IT-Komponenten den Zugriff zu verwehren Quelle: 1.2. Zielsetzung.;1.2. Zielsetzung Ziel des Bausteins ist es, dass Benutzende oder auch IT-Komponenten ausschließlich auf die ITRessourcen und Informationen zugreifen können, die sie für ihre Arbeit benötigen und für die sie autorisiert sind, und unautorisierten Benutzenden oder IT-Komponenten den Zugriff zu verwehren. Dazu werden Anforderungen formuliert, mit denen Institutionen ein sicheres Identitäts- und Berechtigungsmanagement aufbauen sollten.;"Das Ziel des Identitäts‑ und Berechtigungsmanagements ist, dass Benutzende oder IT‑Komponenten ausschließlich auf die IT‑Ressourcen und Informationen zugreifen können, die sie für ihre Arbeit benötigen und für die sie autorisiert sind, und unautorisierten Benutzenden oder IT‑Komponenten der Zugriff verweigert wird Quelle: Zielsetzung (S.1)  

Anschlussfragen:  
1. Welche konkreten Prozesse sollten im Identitäts‑ und Berechtigungsmanagement definiert werden?  
2. Wie unterstützt ein zentrales Identitäts‑ und Berechtigungsmanagement die De‑ und Aktivierung von Konten?  
3. Welche Anforderungen gelten für die Auswahl eines geeigneten Identitäts‑ und Berechtigungsmanagement‑Systems?";Das Ziel des Identitäts‑ und Berechtigungsmanagements ist, dass Benutzende oder IT‑Komponenten ausschließlich auf die IT‑Ressourcen und Informationen zugreifen können, die sie für ihre Arbeit benötigen und für die sie autorisiert sind, und unautorisierten Benutzenden oder IT‑Komponenten der Zugriff verweigert wird Quelle: Zielsetzung (S.1);"1. Welche konkreten Prozesse sollten im Identitäts‑ und Berechtigungsmanagement definiert werden?  
2. Wie unterstützt ein zentrales Identitäts‑ und Berechtigungsmanagement die De‑ und Aktivierung von Konten?  
3. Welche Anforderungen gelten für die Auswahl eines geeigneten Identitäts‑ und Berechtigungsmanagement‑Systems?";3;3;0.8333333332916666;1.0;0.75;0.995396947896852;Welche konkreten Prozesse sollten im Identitäts‑ und Berechtigungsmanagement definiert werden?;2.0;2.0;Direkte Prozessdefinition;Wie unterstützt ein zentrales Identitäts‑ und Berechtigungsmanagement die De‑ und Aktivierung von Konten?;2.0;2.0;Direkte Verbindung zum Thema;Welche Anforderungen gelten für die Auswahl eines geeigneten Identitäts‑ und Berechtigungsmanagement‑Systems?;2.0;2.0;Direkte Anforderungen;2.0;2.0
Warum müssen Benutzendenkennungen eindeutig Personen zugeordnet werden?;"Benutzendenkennungen müssen eindeutig Personen zugeordnet werden, um eine klare Zuordnung und Verwaltung von Benutzerrechten und -zugriffen zu ermöglichen Quelle: ORP.4.A1 (S. nicht spezifiziert, da keine Seitenzahl im Kontext angegeben ist). Dies ist wichtig, um Missbrauch und unerlaubten Zugriff auf Systeme und Daten zu verhindern. Durch die eindeutige Zuordnung kann sichergestellt werden, dass nur autorisierte Personen Zugriff auf bestimmte Ressourcen haben und dass Aktivitäten im System korrekt zugeordnet werden können.

Anschlussfragen:
1. Wie sollten Benutzendenkennungen, die längere Zeit inaktiv sind, behandelt werden?
2. Warum dürfen Benutzendenkennungen und -gruppen nur über separate administrative Rollen eingerichtet und gelöscht werden?
3. Welche Rolle spielt der Baustein ORP.4 im Kontext des Identitäts- und Berechtigungsmanagements?";Benutzendenkennungen müssen eindeutig Personen zugeordnet werden, um eine klare Zuordnung und Verwaltung von Benutzerrechten und -zugriffen zu ermöglichen Quelle: ORP.4.A1 (S. nicht spezifiziert, da keine Seitenzahl im Kontext angegeben ist). Dies ist wichtig, um Missbrauch und unerlaubten Zugriff auf Systeme und Daten zu verhindern. Durch die eindeutige Zuordnung kann sichergestellt werden, dass nur autorisierte Personen Zugriff auf bestimmte Ressourcen haben und dass Aktivitäten im System korrekt zugeordnet werden können.;ORP.4.A1 Regelung für die Einrichtung und Löschung von Benutzenden und Benutzendengruppen (B) [IT-Betrieb] Es MUSS geregelt werden, wie Benutzendenkennungen und -gruppen einzurichten und zu löschen sind. Jede Benutzendenkennung MUSS eindeutig einer Person zugeordnet werden können. Benutzendenkennungen, die längere Zeit inaktiv sind, SOLLTEN deaktiviert werden. Alle Benutzenden und Benutzendengruppen DÜRFEN NUR über separate administrative Rollen eingerichtet und gelöscht werden. Nicht benötigte Benutzendenkennungen, wie z. B. standardmäßig eingerichtete Gastkonten oder Standard-Administrierendenkennungen, MÜSSEN geeignet deaktiviert oder gelöscht werden.;"Benutzendenkennungen müssen eindeutig einer Person zugeordnet sein, weil das Identitäts‑ und Berechtigungsmanagement nur dann wirksam ist, wenn jede Anmeldung zweifelsfrei einer konkreten Person zugeordnet werden kann. Nur so lässt sich • die Authentisierung sicher durchführen, • Zugriffe nachvollziehen und • unberechtigte oder fehlerhafte Berechtigungszuweisungen verhindern. Deshalb fordert der Baustein **ORP.4 Identitäts‑ und Berechtigungsmanagement**:  

- **Jeder Login‑Name, jede User‑ID (UID) und jede Gruppen‑ID (GID) DARF NUR einmal vorkommen** (B) Quelle: Sorgfältige Vergabe von IDs (S. –)  
- **Jedes Konto MUSS Mitglied mindestens einer Gruppe sein** (B) Quelle: Sorgfältige Vergabe von IDs (S. –)  

Durch die eindeutige Zuordnung wird die **Verantwortlichkeit** jedes Handelns sichergestellt und die **Nachvollziehbarkeit** von Berechtigungsänderungen ermöglicht, was insbesondere für restriktive Kennungen (z. B. SPECIAL, OPERATIONS) und Notfall‑User‑Verfahren erforderlich ist (vgl. Abschnitt „Einsatz restriktiver z/OS‑Kennungen“, S. –).  

Damit wird das Prinzip der geringsten Berechtigung und das Need‑to‑Know‑Prinzip praktisch umsetzbar, weil Berechtigungen nur den tatsächlich berechtigten Personen zugewiesen werden können.  

Anschlussfragen:
1. Welche konkreten Rollen sind für die Verwaltung von Benutzendenkennungen im Baustein ORP.4 definiert?
2. Wie wird die Konsistenz von UID/GID‑Zuordnungen in einem vernetzten Systemverbund sichergestellt?
3. Welche Maßnahmen sind bei personellen Veränderungen zur Entfernung nicht mehr benötigter Kennungen vorgeschrieben?";"Benutzendenkennungen müssen eindeutig einer Person zugeordnet sein, weil das Identitäts‑ und Berechtigungsmanagement nur dann wirksam ist, wenn jede Anmeldung zweifelsfrei einer konkreten Person zugeordnet werden kann. Nur so lässt sich • die Authentisierung sicher durchführen, • Zugriffe nachvollziehen und • unberechtigte oder fehlerhafte Berechtigungszuweisungen verhindern. Deshalb fordert der Baustein **ORP.4 Identitäts‑ und Berechtigungsmanagement**:  

- **Jeder Login‑Name, jede User‑ID (UID) und jede Gruppen‑ID (GID) DARF NUR einmal vorkommen** (B) Quelle: Sorgfältige Vergabe von IDs (S. –)  
- **Jedes Konto MUSS Mitglied mindestens einer Gruppe sein** (B) Quelle: Sorgfältige Vergabe von IDs (S. –)  

Durch die eindeutige Zuordnung wird die **Verantwortlichkeit** jedes Handelns sichergestellt und die **Nachvollziehbarkeit** von Berechtigungsänderungen ermöglicht, was insbesondere für restriktive Kennungen (z. B. SPECIAL, OPERATIONS) und Notfall‑User‑Verfahren erforderlich ist (vgl. Abschnitt „Einsatz restriktiver z/OS‑Kennungen“, S. –).  

Damit wird das Prinzip der geringsten Berechtigung und das Need‑to‑Know‑Prinzip praktisch umsetzbar, weil Berechtigungen nur den tatsächlich berechtigten Personen zugewiesen werden können.";"1. Welche konkreten Rollen sind für die Verwaltung von Benutzendenkennungen im Baustein ORP.4 definiert?
2. Wie wird die Konsistenz von UID/GID‑Zuordnungen in einem vernetzten Systemverbund sichergestellt?
3. Welche Maßnahmen sind bei personellen Veränderungen zur Entfernung nicht mehr benötigter Kennungen vorgeschrieben?";3;3;0.22619047617916663;0.8;0.5333333333333333;0.5386363147968042;Welche konkreten Rollen sind für die Verwaltung von Benutzendenkennungen im Baustein ORP.4 definiert?;2.0;2.0;ORP.4 Baustein;Wie wird die Konsistenz von UID/GID‑Zuordnungen in einem vernetzten Systemverbund sichergestellt?;2.0;2.0;UID/GID-Konsistenz;Welche Maßnahmen sind bei personellen Veränderungen zur Entfernung nicht mehr benötigter Kennungen vorgeschrieben?;2.0;2.0;Direkte Maßnahmen bei personellen Veränderungen;2.0;2.0
Warum ist eine Dokumentation der Benutzerkonten notwendig?;"Eine Dokumentation der Benutzerkonten ist notwendig, um den Überblick über zugelassene Benutzendenkennungen, angelegte Benutzendengruppen und Rechteprofile zu behalten und sicherzustellen, dass die Rechtevergabe den Sicherheitsanforderungen und den aktuellen Aufgaben der Benutzenden entspricht Quelle: ORP.4.A3 (S. nicht spezifiziert). Dies ermöglicht eine regelmäßige Überprüfung und Anpassung der Rechtevergabe, um unberechtigten Zugriff zu verhindern und die Sicherheit des Systems zu gewährleisten.

Anschlussfragen:
1. Wie oft sollte die Dokumentation der Benutzendenkennungen und Rechteprofile überprüft werden?
2. Welche Rolle spielt die Datensicherung bei der elektronischen Dokumentation von Benutzerkonten?
3. Wie werden Betriebssysteme und Verzeichnisdienste im Kontext des Identitäts- und Berechtigungsmanagements behandelt?";Eine Dokumentation der Benutzerkonten ist notwendig, um den Überblick über zugelassene Benutzendenkennungen, angelegte Benutzendengruppen und Rechteprofile zu behalten und sicherzustellen, dass die Rechtevergabe den Sicherheitsanforderungen und den aktuellen Aufgaben der Benutzenden entspricht Quelle: ORP.4.A3 (S. nicht spezifiziert). Dies ermöglicht eine regelmäßige Überprüfung und Anpassung der Rechtevergabe, um unberechtigten Zugriff zu verhindern und die Sicherheit des Systems zu gewährleisten.;ORP.4.A3 Dokumentation der Benutzendenkennungen und Rechteprofile (B) [IT-Betrieb] Es MUSS dokumentiert werden, welche Benutzendenkennungen, angelegte Benutzendengruppen und Rechteprofile zugelassen und angelegt wurden. Die Dokumentation der zugelassenen Benutzendenkennungen, angelegten Benutzendengruppen und Rechteprofile MUSS regelmäßig daraufhin überprüft werden, ob sie den tatsächlichen Stand der Rechtevergabe widerspiegelt. Dabei MUSS auch geprüft werden, ob die Rechtevergabe noch den Sicherheitsanforderungen und den aktuellen Aufgaben der Benutzenden entspricht. Die Dokumentation MUSS vor unberechtigtem Zugriff geschützt werden. Sofern sie in elektronischer Form erfolgt, SOLLTE sie in das Datensicherungsverfahren einbezogen werden.;"Eine lückenlose Dokumentation aller Konten mit Administrationsrechten ermöglicht die nachvollziehbare Prüfung, ob und wann Rechte erweitert werden müssen, und verhindert unkontrollierte Privilegien‑Ausweitung Quelle: Einsatz der Benutzerkontensteuerung UAC für privilegierte Konten (S.1)  
Sie legt die getroffenen Entscheidungen zu den UAC‑Konfigurationsparametern fest, sodass Bedienbarkeit und Sicherheitsniveau systematisch gegeneinander abgewogen und bei Bedarf nachjustiert werden können Quelle: Einsatz der Benutzerkontensteuerung UAC für privilegierte Konten (S.1)  
Durch den Schutz der Dokumentation vor unbefugtem Zugriff wird sichergestellt, dass sensible Informationen zu privilegierten Konten nicht in falsche Hände gelangen und die Integrität der Sicherheitsmaßnahmen erhalten bleibt Quelle: Betriebsdokumentation (S.1)  

Anschlussfragen:
1. Welche konkreten Prüfintervalle für die Überprüfung privilegierter Konten werden im IT‑Grundschutz empfohlen?
2. Wie lässt sich der Schutz der Dokumentation technisch umsetzen (Zugriffskontrollen, Verschlüsselung etc.)?
3. Welche Rollen sind laut IT‑Grundschutz für die Erstellung und Pflege der Kontendokumentation verantwortlich?";"Eine lückenlose Dokumentation aller Konten mit Administrationsrechten ermöglicht die nachvollziehbare Prüfung, ob und wann Rechte erweitert werden müssen, und verhindert unkontrollierte Privilegien‑Ausweitung Quelle: Einsatz der Benutzerkontensteuerung UAC für privilegierte Konten (S.1)  
Sie legt die getroffenen Entscheidungen zu den UAC‑Konfigurationsparametern fest, sodass Bedienbarkeit und Sicherheitsniveau systematisch gegeneinander abgewogen und bei Bedarf nachjustiert werden können Quelle: Einsatz der Benutzerkontensteuerung UAC für privilegierte Konten (S.1)  
Durch den Schutz der Dokumentation vor unbefugtem Zugriff wird sichergestellt, dass sensible Informationen zu privilegierten Konten nicht in falsche Hände gelangen und die Integrität der Sicherheitsmaßnahmen erhalten bleibt Quelle: Betriebsdokumentation (S.1)";"1. Welche konkreten Prüfintervalle für die Überprüfung privilegierter Konten werden im IT‑Grundschutz empfohlen?
2. Wie lässt sich der Schutz der Dokumentation technisch umsetzen (Zugriffskontrollen, Verschlüsselung etc.)?
3. Welche Rollen sind laut IT‑Grundschutz für die Erstellung und Pflege der Kontendokumentation verantwortlich?";3;3;0.7683333333179667;0.8;0.42857142857142855;0.28347288971008544;Welche konkreten Prüfintervalle für die Überprüfung privilegierter Konten werden im IT‑Grundschutz empfohlen?;1.0;2.0;Prüfintervalle teilweise abgedeckt;Wie lässt sich der Schutz der Dokumentation technisch umsetzen (Zugriffskontrollen, Verschlüsselung etc.)?;2.0;2.0;Direkt relevante Umsetzung;Welche Rollen sind laut IT‑Grundschutz für die Erstellung und Pflege der Kontendokumentation verantwortlich?;1.0;2.0;Rollenverantwortung teilweise abgedeckt;1.333;2.0
Warum ist Funktionstrennung im Identitätsmanagement wichtig?;"Funktionstrennung im Identitätsmanagement ist wichtig, da sie die von der Institution definierten unvereinbaren Aufgaben und Funktionen durch das Identitäts- und Berechtigungsmanagement trennt Quelle: ORP.4.A4 (S. nicht spezifiziert). Dies bedeutet, dass durch die Funktionstrennung im Identitätsmanagement die institutionellen Anforderungen an die Trennung von Aufgaben und Funktionen umgesetzt werden, um beispielsweise Missbrauch oder unerwünschte Zugriffe zu verhindern Quelle: ORP.4.A4 (S. nicht spezifiziert).

Anschlussfragen:
1. Wie werden die unvereinbaren Aufgaben und Funktionen in einer Institution definiert?
2. Welche Rolle spielt das Identitäts- und Berechtigungsmanagement bei der Umsetzung der Funktionstrennung?
3. Wie werden Anforderungen an Komponenten des Identitäts- und Berechtigungsmanagements in anderen Bausteinen berücksichtigt?";Funktionstrennung im Identitätsmanagement ist wichtig, da sie die von der Institution definierten unvereinbaren Aufgaben und Funktionen durch das Identitäts- und Berechtigungsmanagement trennt Quelle: ORP.4.A4 (S. nicht spezifiziert). Dies bedeutet, dass durch die Funktionstrennung im Identitätsmanagement die institutionellen Anforderungen an die Trennung von Aufgaben und Funktionen umgesetzt werden, um beispielsweise Missbrauch oder unerwünschte Zugriffe zu verhindern Quelle: ORP.4.A4 (S. nicht spezifiziert).;ORP.4.A4 Aufgabenverteilung und Funktionstrennung (B) [IT-Betrieb] Die von der Institution definierten unvereinbaren Aufgaben und Funktionen (siehe Baustein ORP.1 Organisation) MÜSSEN durch das Identitäts- und Berechtigungsmanagement getrennt werden.;"Funktionstrennung stellt sicher, dass unvereinbare Aufgaben wie operative und kontrollierende Tätigkeiten nicht von derselben Person ausgeführt werden, wodurch Interessenkonflikte und Missbrauch verhindert werden Quelle: Aufgabenverteilung und Funktionstrennung (S.1)  
Im Identitäts‑ und Berechtigungsmanagement müssen die definierten unvereinbaren Aufgaben getrennt werden, weil sonst das Prinzip „Need‑to‑Know“ und „Least‑Privilege“ verletzt werden könnte Quelle: Aufgabenverteilung und Funktionstrennung (S.2)  
Ohne klare Trennung können Konten von ausgeschiedenen Mitarbeitenden weiter aktiv bleiben oder Mitarbeitende alte Rechte behalten, was zu unautorisiertem Zugriff führt Quelle: Fehlende oder unzureichende Prozesse beim Identitäts‑ und Berechtigungsmanagement (S.3)  
Die Dokumentation und Festlegung der Funktionstrennung schafft Nachvollziehbarkeit und ermöglicht Audits, weil jede Rolle und deren Berechtigungen eindeutig zugeordnet ist Quelle: Funktionstrennung zwischen unvereinbaren Aufgaben (S.4)  
Systeme, die den Grundsatz der Funktionstrennung unterstützen, erleichtern die Umsetzung dieser Anforderungen und reduzieren das Risiko von Sicherheitslücken Quelle: Geeignete Auswahl von Identitäts‑ und Berechtigungsmanagement‑Systemen (S.5)  

Anschlussfragen:  
1. Welche konkreten Rollen sollten im Rahmen der Funktionstrennung definiert werden?  
2. Wie lässt sich die Einhaltung der Funktionstrennung technisch prüfen?  
3. Welche Maßnahmen unterstützen die Dokumentation und Nachverfolgung von Funktionszuweisungen?";"Funktionstrennung stellt sicher, dass unvereinbare Aufgaben wie operative und kontrollierende Tätigkeiten nicht von derselben Person ausgeführt werden, wodurch Interessenkonflikte und Missbrauch verhindert werden Quelle: Aufgabenverteilung und Funktionstrennung (S.1)  
Im Identitäts‑ und Berechtigungsmanagement müssen die definierten unvereinbaren Aufgaben getrennt werden, weil sonst das Prinzip „Need‑to‑Know“ und „Least‑Privilege“ verletzt werden könnte Quelle: Aufgabenverteilung und Funktionstrennung (S.2)  
Ohne klare Trennung können Konten von ausgeschiedenen Mitarbeitenden weiter aktiv bleiben oder Mitarbeitende alte Rechte behalten, was zu unautorisiertem Zugriff führt Quelle: Fehlende oder unzureichende Prozesse beim Identitäts‑ und Berechtigungsmanagement (S.3)  
Die Dokumentation und Festlegung der Funktionstrennung schafft Nachvollziehbarkeit und ermöglicht Audits, weil jede Rolle und deren Berechtigungen eindeutig zugeordnet ist Quelle: Funktionstrennung zwischen unvereinbaren Aufgaben (S.4)  
Systeme, die den Grundsatz der Funktionstrennung unterstützen, erleichtern die Umsetzung dieser Anforderungen und reduzieren das Risiko von Sicherheitslücken Quelle: Geeignete Auswahl von Identitäts‑ und Berechtigungsmanagement‑Systemen (S.5)";"1. Welche konkreten Rollen sollten im Rahmen der Funktionstrennung definiert werden?  
2. Wie lässt sich die Einhaltung der Funktionstrennung technisch prüfen?  
3. Welche Maßnahmen unterstützen die Dokumentation und Nachverfolgung von Funktionszuweisungen?";3;3;0.874999999978125;1.0;0.35294117647058826;0.5466846643895793;Welche konkreten Rollen sollten im Rahmen der Funktionstrennung definiert werden?;2.0;2.0;Funktionstrennung im Identitätsmanagement;Wie lässt sich die Einhaltung der Funktionstrennung technisch prüfen?;2.0;2.0;Funktionstrennung und technische Prüfung;Welche Maßnahmen unterstützen die Dokumentation und Nachverfolgung von Funktionszuweisungen?;2.0;2.0;Dokumentation von Funktionszuweisungen;2.0;2.0
Warum sollten Authentisierungsmechanismen an den Schutzbedarf angepasst werden?;"Authentisierungsmechanismen sollten an den Schutzbedarf angepasst werden, um sicherzustellen, dass die verwendeten Identifikations- und Authentisierungsmechanismen dem jeweiligen Schutzbedarf entsprechen. Dies bedeutet, dass die Auswahl der Authentisierungsmechanismen auf die spezifischen Anforderungen des IT-Systems oder der IT-Anwendung abgestimmt werden sollte, um eine angemessene Sicherheit zu gewährleisten. Quelle: ORP.4.A13 (S. nicht spezifiziert).

Anschlussfragen:
1. Wie sollten Authentisierungsdaten bei der Verarbeitung geschützt werden?
2. Welche Maßnahmen sollten nach erfolglosen Authentisierungsversuchen ergriffen werden?
3. Wie oft sollte das Identitäts- und Berechtigungsmanagement im Informationsverbund angewendet werden?";Authentisierungsmechanismen sollten an den Schutzbedarf angepasst werden, um sicherzustellen, dass die verwendeten Identifikations- und Authentisierungsmechanismen dem jeweiligen Schutzbedarf entsprechen. Dies bedeutet, dass die Auswahl der Authentisierungsmechanismen auf die spezifischen Anforderungen des IT-Systems oder der IT-Anwendung abgestimmt werden sollte, um eine angemessene Sicherheit zu gewährleisten. Quelle: ORP.4.A13 (S. nicht spezifiziert).;ORP.4.A13 Geeignete Auswahl von Authentisierungsmechanismen (S) [ITBetrieb] Es SOLLTEN dem Schutzbedarf angemessene Identifikations- und Authentisierungsmechanismen verwendet werden. Authentisierungsdaten SOLLTEN durch das IT-System bzw. die IT-Anwendungen bei der Verarbeitung jederzeit gegen Ausspähung, Veränderung und Zerstörung geschützt werden. Das IT-System bzw. die IT-Anwendung SOLLTE nach jedem erfolglosen Authentisierungsversuch weitere Anmeldeversuche zunehmend verzögern (Time Delay). Die Gesamtdauer eines Anmeldeversuchs SOLLTE begrenzt werden können. Nach Überschreitung der vorgegebenen Anzahl erfolgloser Authentisierungsversuche SOLLTE das IT-System bzw. die IT-Anwendung die Benutzendenkennung sperren.;"Authentisierungsmechanismen müssen dem ermittelten Schutzbedarf entsprechen, damit das erforderliche Schutzniveau für Vertraulichkeit, Integrität und Verfügbarkeit gewährleistet ist Quelle: Geeignete Auswahl von Authentisierungsmechanismen (S.1).  
Nur durch eine an den Schutzbedarf angepasste Auswahl können kryptografische Verfahren und Protokolle stark genug konfiguriert werden, um Authentisierungsdaten jederzeit vor Ausspähung, Veränderung und Zerstörung zu schützen Quelle: Sichere zentrale Authentisierung in Windows‑Netzen (S.2).  
Die Anpassung ermöglicht zudem die wirksame Umsetzung von Maßnahmen wie Time‑Delay, Begrenzung der Gesamtdauer von Anmeldeversuchen und Sperrung nach einer definierten Anzahl fehlgeschlagener Versuche, wodurch Brute‑Force‑Angriffe erschwert werden Quelle: Geeignete Auswahl von Authentisierungsmechanismen (S.3).  
Bei hohem Schutzbedarf sind stärkere Verfahren (z. B. Kerberos, NTLMv2, Mehr‑Faktor‑Authentisierung) zu wählen, während bei geringerem Bedarf leichtere Mechanismen ausreichen und Aufwand sowie Komplexität reduziert werden Quelle: Verwendung biometrischer Authentisierung (S.4).

Anschlussfragen:
1. Welche konkreten Kriterien werden zur Ermittlung des Schutzbedarfs empfohlen?
2. Wie wird die Dokumentation des Auswahlprozesses für Authentisierungsverfahren umgesetzt?
3. Welche Grenzwerte für fehlgeschlagene Anmeldeversuche gelten in typischen IT‑Umgebungen?";"Authentisierungsmechanismen müssen dem ermittelten Schutzbedarf entsprechen, damit das erforderliche Schutzniveau für Vertraulichkeit, Integrität und Verfügbarkeit gewährleistet ist Quelle: Geeignete Auswahl von Authentisierungsmechanismen (S.1).  
Nur durch eine an den Schutzbedarf angepasste Auswahl können kryptografische Verfahren und Protokolle stark genug konfiguriert werden, um Authentisierungsdaten jederzeit vor Ausspähung, Veränderung und Zerstörung zu schützen Quelle: Sichere zentrale Authentisierung in Windows‑Netzen (S.2).  
Die Anpassung ermöglicht zudem die wirksame Umsetzung von Maßnahmen wie Time‑Delay, Begrenzung der Gesamtdauer von Anmeldeversuchen und Sperrung nach einer definierten Anzahl fehlgeschlagener Versuche, wodurch Brute‑Force‑Angriffe erschwert werden Quelle: Geeignete Auswahl von Authentisierungsmechanismen (S.3).  
Bei hohem Schutzbedarf sind stärkere Verfahren (z. B. Kerberos, NTLMv2, Mehr‑Faktor‑Authentisierung) zu wählen, während bei geringerem Bedarf leichtere Mechanismen ausreichen und Aufwand sowie Komplexität reduziert werden Quelle: Verwendung biometrischer Authentisierung (S.4).";"1. Welche konkreten Kriterien werden zur Ermittlung des Schutzbedarfs empfohlen?
2. Wie wird die Dokumentation des Auswahlprozesses für Authentisierungsverfahren umgesetzt?
3. Welche Grenzwerte für fehlgeschlagene Anmeldeversuche gelten in typischen IT‑Umgebungen?";3;3;0.826020408151465;0.8333333333333334;0.2857142857142857;0.41235944761371723;Welche konkreten Kriterien werden zur Ermittlung des Schutzbedarfs empfohlen?;2.0;2.0;Schutzbedarfskriterien;Wie wird die Dokumentation des Auswahlprozesses für Authentisierungsverfahren umgesetzt?;2.0;2.0;Dokumentation des Auswahlprozesses;Welche Grenzwerte für fehlgeschlagene Anmeldeversuche gelten in typischen IT‑Umgebungen?;2.0;2.0;Grenzwerte für Anmeldeversuche;2.0;2.0
Wie wird die Wirksamkeit der Benutzertrennung überprüft?;"Die Wirksamkeit der Benutzertrennung wird überprüft, indem in angemessenen Zeitabständen kontrolliert wird, ob Benutzende sich regelmäßig nach Aufgabenerfüllung abmelden und nicht unter der gleichen Kennung arbeiten. Dies geschieht im Rahmen des Bausteins ORP.4 Identitäts- und Berechtigungsmanagement, der grundsätzliche Anforderungen für den Aufbau eines Identitäts- und Berechtigungsmanagements beschreibt. Quelle: ORP.4.A14 (S).

Anschlussfragen:
1. Wie oft sollte die Überprüfung der Benutzertrennung durchgeführt werden?
2. Welche Rolle spielt der IT-Betrieb bei der Kontrolle der Wirksamkeit der Benutzertrennung?
3. Wie werden Anforderungen an Komponenten eines Identitäts- und Berechtigungsmanagements, wie Betriebssysteme oder Verzeichnisdienste, im IT-Grundschutz-Kompendium behandelt?";Die Wirksamkeit der Benutzertrennung wird überprüft, indem in angemessenen Zeitabständen kontrolliert wird, ob Benutzende sich regelmäßig nach Aufgabenerfüllung abmelden und nicht unter der gleichen Kennung arbeiten. Dies geschieht im Rahmen des Bausteins ORP.4 Identitäts- und Berechtigungsmanagement, der grundsätzliche Anforderungen für den Aufbau eines Identitäts- und Berechtigungsmanagements beschreibt. Quelle: ORP.4.A14 (S).;ORP.4.A14 Kontrolle der Wirksamkeit der Benutzendentrennung am IT-System bzw. an der Anwendung (S) [IT-Betrieb] In angemessenen Zeitabständen SOLLTE überprüft werden, ob die Benutzenden von IT-Systemen bzw. Anwendungen sich regelmäßig nach Aufgabenerfüllung abmelden. Ebenso SOLLTE kontrolliert werden, dass nicht mehrere Benutzende unter der gleichen Kennung arbeiten.;"Im bereitgestellten Kontext nicht enthalten  

Anschlussfragen:
1. Welche konkreten Maßnahmen zur sicheren Authentisierung von Benutzenden sind im IT‑Grundschutz definiert?
2. Wie wird im IT‑Grundschutz die Netzsegmentierung für virtuelle Clients empfohlen?
3. Welche Anforderungen gelten für die Nutzung von Personal Firewalls auf Laptops?";Im bereitgestellten Kontext nicht enthalten;"1. Welche konkreten Maßnahmen zur sicheren Authentisierung von Benutzenden sind im IT‑Grundschutz definiert?
2. Wie wird im IT‑Grundschutz die Netzsegmentierung für virtuelle Clients empfohlen?
3. Welche Anforderungen gelten für die Nutzung von Personal Firewalls auf Laptops?";3;3;0.4249999999858333;0.0;0.0;0.08077196107505959;Welche konkreten Maßnahmen zur sicheren Authentisierung von Benutzenden sind im IT‑Grundschutz definiert?;2.0;2.0;Authentisierung im IT-Grundschutz;Wie wird im IT‑Grundschutz die Netzsegmentierung für virtuelle Clients empfohlen?;2.0;2.0;Netzsegmentierung;Welche Anforderungen gelten für die Nutzung von Personal Firewalls auf Laptops?;2.0;1.0;Thematisch zu Firewalls;2.0;1.667
Wie müssen Prozesse im Identitäts- und Berechtigungsmanagement strukturiert sein?;"Für das Identitäts- und Berechtigungsmanagement SOLLTEN folgende Prozesse definiert und umgesetzt werden: Richtlinien verwalten, Identitätsprofile verwalten, Benutzendenkennungen verwalten, Berechtigungsprofile verwalten sowie Rollen verwalten Quelle: ORP.4.A15 (S). 

Diese Prozesse sind grundlegend für den Aufbau eines Identitäts- und Berechtigungsmanagements und sollten im IT-Betrieb [IT-Betrieb] umgesetzt werden. Weitere Anforderungen zu Komponenten des Identitäts- und Berechtigungsmanagements können in anderen Bausteinen gefunden werden, wie z.B. SYS.1.3 Server unter Linux und Unix oder APP.2.1 Allgemeiner Verzeichnisdienst Quelle: Kap. 1.3 Abgrenzung und Modellierung – ORP.4 Identitäts- und Berechtigungsmanagement.

Anschlussfragen:
1. Wie sollten die Identitätsprofile im Identitäts- und Berechtigungsmanagement verwaltet werden?
2. Welche Rolle spielt die Verwaltung von Benutzendenkennungen im Identitäts- und Berechtigungsmanagement?
3. Wie können Berechtigungsprofile im Identitäts- und Berechtigungsmanagement effektiv verwaltet werden?";"Für das Identitäts- und Berechtigungsmanagement SOLLTEN folgende Prozesse definiert und umgesetzt werden: Richtlinien verwalten, Identitätsprofile verwalten, Benutzendenkennungen verwalten, Berechtigungsprofile verwalten sowie Rollen verwalten Quelle: ORP.4.A15 (S). 

Diese Prozesse sind grundlegend für den Aufbau eines Identitäts- und Berechtigungsmanagements und sollten im IT-Betrieb [IT-Betrieb] umgesetzt werden. Weitere Anforderungen zu Komponenten des Identitäts- und Berechtigungsmanagements können in anderen Bausteinen gefunden werden, wie z.B. SYS.1.3 Server unter Linux und Unix oder APP.2.1 Allgemeiner Verzeichnisdienst Quelle: Kap. 1.3 Abgrenzung und Modellierung – ORP.4 Identitäts- und Berechtigungsmanagement.";"ORP.4.A15 Vorgehensweise und Konzeption der Prozesse beim Identitäts- und Berechtigungsmanagement (S) [IT-Betrieb] Für das Identitäts- und Berechtigungsmanagement SOLLTEN folgenden Prozesse definiert und umgesetzt werden:

• Richtlinien verwalten,

• Identitätsprofile verwalten,

• Benutzendenkennungen verwalten,

• Berechtigungsprofile verwalten sowie

• Rollen verwalten.";"Im Baustein ORP.4 Identitäts‑ und Berechtigungsmanagement SOLLTEN die folgenden Prozesse definiert und umgesetzt werden: Richtlinien verwalten, Identitätsprofile verwalten, Benutzendenkennungen verwalten, Berechtigungsprofile verwalten sowie Rollen verwalten Quelle: Vorgehensweise und Konzeption der Prozesse beim Identitäts‑ und Berechtigungsmanagement (S.1).  

Die Prozesse müssen sicherstellen, dass Zugriffe ausschließlich nach dem Need‑to‑Know‑Prinzip und dem Least‑Privilege‑Prinzip vergeben werden, damit unautorisierte Zugriffe vermieden werden Quelle: Fehlende oder unzureichende Prozesse beim Identitäts‑ und Berechtigungsmanagement (S.2).  

Personelle Veränderungen (Austritt, Versetzung) müssen in einem Arbeitsschritt zu einer zentralen De‑ bzw. Aktivierung aller zugehörigen Konten führen, um Wildwuchs und unberechtigte Zugriffe zu verhindern Quelle: Fehlende zentrale Deaktivierungsmöglichkeit von Konten (S.3).  

Ein zentrales Identitäts‑ und Berechtigungsmanagement‑System ist zu nutzen, das die institutionellen Vorgaben abbildet, die Funktionstrennung unterstützt und vor Angriffen geschützt ist Quelle: Geeignete Auswahl von Identitäts‑ und Berechtigungsmanagement‑Systemen (S.4).  

Für die Administration von IT‑Ressourcen ist ein Rollen‑ und Rechtekonzept zu erstellen, das Rollen klar zuordnet, unterschiedliche Zugriffsrechte definiert und in das zentrale IAM einbindet Quelle: Rechte‑ und Rollenkonzept für die Administration einer virtuellen Infrastruktur (S.5).  

Die Berechtigungsverwaltung muss den gesamten Lebenszyklus von Anforderung, Einrichtung und Entzug von Berechtigungen abdecken und regelmäßig nach dem Minimalprinzip prüfen Quelle: Etablieren einer übergreifenden Berechtigungsverwaltung zwischen der OT und in der Office‑IT (S.6).  

Anschlussfragen:
1. Welche konkreten Rollen und Verantwortlichkeiten sollten im IAM‑Prozess definiert werden?
2. Wie lässt sich die regelmäßige Überprüfung von Berechtigungen praktisch umsetzen?
3. Welche technischen Maßnahmen unterstützen die zentrale De‑ und Aktivierung von Konten?";"Im Baustein ORP.4 Identitäts‑ und Berechtigungsmanagement SOLLTEN die folgenden Prozesse definiert und umgesetzt werden: Richtlinien verwalten, Identitätsprofile verwalten, Benutzendenkennungen verwalten, Berechtigungsprofile verwalten sowie Rollen verwalten Quelle: Vorgehensweise und Konzeption der Prozesse beim Identitäts‑ und Berechtigungsmanagement (S.1).  

Die Prozesse müssen sicherstellen, dass Zugriffe ausschließlich nach dem Need‑to‑Know‑Prinzip und dem Least‑Privilege‑Prinzip vergeben werden, damit unautorisierte Zugriffe vermieden werden Quelle: Fehlende oder unzureichende Prozesse beim Identitäts‑ und Berechtigungsmanagement (S.2).  

Personelle Veränderungen (Austritt, Versetzung) müssen in einem Arbeitsschritt zu einer zentralen De‑ bzw. Aktivierung aller zugehörigen Konten führen, um Wildwuchs und unberechtigte Zugriffe zu verhindern Quelle: Fehlende zentrale Deaktivierungsmöglichkeit von Konten (S.3).  

Ein zentrales Identitäts‑ und Berechtigungsmanagement‑System ist zu nutzen, das die institutionellen Vorgaben abbildet, die Funktionstrennung unterstützt und vor Angriffen geschützt ist Quelle: Geeignete Auswahl von Identitäts‑ und Berechtigungsmanagement‑Systemen (S.4).  

Für die Administration von IT‑Ressourcen ist ein Rollen‑ und Rechtekonzept zu erstellen, das Rollen klar zuordnet, unterschiedliche Zugriffsrechte definiert und in das zentrale IAM einbindet Quelle: Rechte‑ und Rollenkonzept für die Administration einer virtuellen Infrastruktur (S.5).  

Die Berechtigungsverwaltung muss den gesamten Lebenszyklus von Anforderung, Einrichtung und Entzug von Berechtigungen abdecken und regelmäßig nach dem Minimalprinzip prüfen Quelle: Etablieren einer übergreifenden Berechtigungsverwaltung zwischen der OT und in der Office‑IT (S.6).";"1. Welche konkreten Rollen und Verantwortlichkeiten sollten im IAM‑Prozess definiert werden?
2. Wie lässt sich die regelmäßige Überprüfung von Berechtigungen praktisch umsetzen?
3. Welche technischen Maßnahmen unterstützen die zentrale De‑ und Aktivierung von Konten?";3;3;0.699999999965;1.0;0.7647058823529411;0.41945008124454364;Welche konkreten Rollen und Verantwortlichkeiten sollten im IAM‑Prozess definiert werden?;2.0;2.0;Rollen und Verantwortlichkeiten;Wie lässt sich die regelmäßige Überprüfung von Berechtigungen praktisch umsetzen?;2.0;2.0;Direkte Überprüfung von Berechtigungen;Welche technischen Maßnahmen unterstützen die zentrale De‑ und Aktivierung von Konten?;2.0;2.0;Direkte technische Maßnahmen;2.0;2.0
Wie wird bei Ausfall des Identitätsmanagementsystems verfahren?;"Bei Ausfall des Identitätsmanagementsystems sollten Vorkehrungen getroffen werden, um weiterhin arbeitsfähig zu sein Quelle: ORP.4.A20 (S.?). Insbesondere sollte das im Notfallkonzept vorgesehene Berechtigungskonzept weiterhin anwendbar sein, wenn das Identitäts- und Berechtigungsmanagement-System ausgefallen ist Quelle: ORP.4.A20 (S.?). Es sollte geprüft werden, inwieweit ein ausgefallenes Identitäts- und Berechtigungsmanagement-System sicherheitskritisch für die Geschäftsprozesse ist Quelle: ORP.4.A20 (S.?).

Anschlussfragen:
1. Wie werden die Auswirkungen eines Identitätsmanagementsystem-Ausfalls auf die Geschäftsprozesse bewertet?
2. Welche Rolle spielt das Notfallkonzept bei der Bewältigung eines Identitätsmanagementsystem-Ausfalls?
3. Wie können Vorkehrungen für die Arbeitsfähigkeit bei einem Identitätsmanagementsystem-Ausfall getroffen werden?";Bei Ausfall des Identitätsmanagementsystems sollten Vorkehrungen getroffen werden, um weiterhin arbeitsfähig zu sein Quelle: ORP.4.A20 (S.?). Insbesondere sollte das im Notfallkonzept vorgesehene Berechtigungskonzept weiterhin anwendbar sein, wenn das Identitäts- und Berechtigungsmanagement-System ausgefallen ist Quelle: ORP.4.A20 (S.?). Es sollte geprüft werden, inwieweit ein ausgefallenes Identitäts- und Berechtigungsmanagement-System sicherheitskritisch für die Geschäftsprozesse ist Quelle: ORP.4.A20 (S.?).;ORP.4.A20 Notfallvorsorge für das Identitäts- und Berechtigungsmanagement-System (H) [IT-Betrieb] Es SOLLTE geprüft werden, inwieweit ein ausgefallenes Identitäts- und BerechtigungsmanagementSystem sicherheitskritisch für die Geschäftsprozesse ist. Es SOLLTEN Vorkehrungen getroffen werden, um bei einem ausgefallenen Identitäts- und Berechtigungsmanagement-System weiterhin arbeitsfähig zu sein. Insbesondere SOLLTE das im Notfallkonzept vorgesehene Berechtigungskonzept weiterhin anwendbar sein, wenn das Identitäts- und Berechtigungsmanagement-System ausgefallen ist.;"Bei einem Ausfall des Identitäts‑ und Berechtigungsmanagement‑Systems ist nach dem Notfallkonzept wie folgt zu verfahren:  

- Zunächst **MUSS** geprüft werden, inwieweit das ausgefallene System sicherheitskritisch für die Geschäftsprozesse ist, um die Priorität von Wiederherstellungs‑ und Ausweichmaßnahmen zu bestimmen Quelle: Notfallvorsorge für das Identitäts‑ und Berechtigungsmanagement‑System (S.1-2).  
- **SOLLEN** Vorkehrungen getroffen werden, die den laufenden Betrieb trotz Ausfall ermöglichen; hierzu gehören beispielsweise manuelle oder alternative Authentisierungs‑ und Berechtigungsprozesse, die bereits im Notfallkonzept definiert sind Quelle: Notfallvorsorge für das Identitäts‑ und Berechtigungsmanagement‑System (S.2).  
- Das im Notfallkonzept vorgesehene **Berechtigungskonzept MUSS** weiterhin anwendbar sein, sodass Berechtigungen manuell oder über ein Ersatzsystem nach den gleichen Regeln vergeben und kontrolliert werden können Quelle: Notfallvorsorge für das Identitäts‑ und Berechtigungsmanagement‑System (S.3).  
- Dokumentierte Prozesse zur **Sperrung, Prüfung und Löschung** von Identitäten sind auch im Notfall zu aktivieren, um Missbrauch zu verhindern Quelle: Ordnungsgemäße Verwaltung von Identitäten zur Authentisierung (S.4).  
- Abschließend ist der Vorfall im **IT‑Service‑Continuity‑Management** zu melden und die Wiederinbetriebnahme des Systems gemäß den definierten Wiederanlauf‑ und Testverfahren zu planen Quelle: ITSCM‑Aufgaben im Notfall (S.5).

Anschlussfragen:
1. Welche konkreten Ausweichverfahren für die Authentisierung werden im Notfallkonzept empfohlen?
2. Wie wird die Wirksamkeit des Notfall‑Berechtigungskonzepts regelmäßig überprüft?
3. Welche Rollen sind für die manuelle Konten‑Deaktivierung im Ausfallszenario verantwortlich?";"Bei einem Ausfall des Identitäts‑ und Berechtigungsmanagement‑Systems ist nach dem Notfallkonzept wie folgt zu verfahren:  

- Zunächst **MUSS** geprüft werden, inwieweit das ausgefallene System sicherheitskritisch für die Geschäftsprozesse ist, um die Priorität von Wiederherstellungs‑ und Ausweichmaßnahmen zu bestimmen Quelle: Notfallvorsorge für das Identitäts‑ und Berechtigungsmanagement‑System (S.1-2).  
- **SOLLEN** Vorkehrungen getroffen werden, die den laufenden Betrieb trotz Ausfall ermöglichen; hierzu gehören beispielsweise manuelle oder alternative Authentisierungs‑ und Berechtigungsprozesse, die bereits im Notfallkonzept definiert sind Quelle: Notfallvorsorge für das Identitäts‑ und Berechtigungsmanagement‑System (S.2).  
- Das im Notfallkonzept vorgesehene **Berechtigungskonzept MUSS** weiterhin anwendbar sein, sodass Berechtigungen manuell oder über ein Ersatzsystem nach den gleichen Regeln vergeben und kontrolliert werden können Quelle: Notfallvorsorge für das Identitäts‑ und Berechtigungsmanagement‑System (S.3).  
- Dokumentierte Prozesse zur **Sperrung, Prüfung und Löschung** von Identitäten sind auch im Notfall zu aktivieren, um Missbrauch zu verhindern Quelle: Ordnungsgemäße Verwaltung von Identitäten zur Authentisierung (S.4).  
- Abschließend ist der Vorfall im **IT‑Service‑Continuity‑Management** zu melden und die Wiederinbetriebnahme des Systems gemäß den definierten Wiederanlauf‑ und Testverfahren zu planen Quelle: ITSCM‑Aufgaben im Notfall (S.5).";"1. Welche konkreten Ausweichverfahren für die Authentisierung werden im Notfallkonzept empfohlen?
2. Wie wird die Wirksamkeit des Notfall‑Berechtigungskonzepts regelmäßig überprüft?
3. Welche Rollen sind für die manuelle Konten‑Deaktivierung im Ausfallszenario verantwortlich?";3;3;0.9999999999;1.0;0.2;0.776358648790394;Welche konkreten Ausweichverfahren für die Authentisierung werden im Notfallkonzept empfohlen?;2.0;2.0;Direkte Empfehlung im Notfallkonzept;Wie wird die Wirksamkeit des Notfall‑Berechtigungskonzepts regelmäßig überprüft?;2.0;2.0;Direkte Überprüfung des Notfallkonzepts;Welche Rollen sind für die manuelle Konten‑Deaktivierung im Ausfallszenario verantwortlich?;1.0;2.0;Teilweise abgedeckt durch IT-Grundschutz;1.667;2.0
Was ist das Ziel des Compliance Managements im IT-Grundschutz?;"Das Ziel des Compliance Managements im IT-Grundschutz ist es, einen Überblick über die verschiedenen Anforderungen an die einzelnen Bereiche einer Institution zu verschaffen und geeignete Sicherheitsanforderungen zu identifizieren und umzusetzen, um Verstöße gegen diese Vorgaben zu vermeiden Quelle: 1.2. Zielsetzung (S. nicht spezifiziert). 

Anschlussfragen:
1. Wie können geeignete Sicherheitsanforderungen im IT-Grundschutz identifiziert werden?
2. Welche Rolle spielt die Umsetzung von Sicherheitsanforderungen im Compliance Management?
3. Wie kann ein Überblick über die verschiedenen Anforderungen an die einzelnen Bereiche einer Institution sichergestellt werden?";Das Ziel des Compliance Managements im IT-Grundschutz ist es, einen Überblick über die verschiedenen Anforderungen an die einzelnen Bereiche einer Institution zu verschaffen und geeignete Sicherheitsanforderungen zu identifizieren und umzusetzen, um Verstöße gegen diese Vorgaben zu vermeiden Quelle: 1.2. Zielsetzung (S. nicht spezifiziert).;1.2. Zielsetzung Ziel des Bausteins ist es, aufzuzeigen, wie sich Zuständige einen Überblick über die verschiedenen Anforderungen an die einzelnen Bereiche einer Institution verschaffen können. Dazu sind geeignete Sicherheitsanforderungen zu identifizieren und umzusetzen, um Verstöße gegen diese Vorgaben zu vermeiden.;"Im bereitgestellten Kontext nicht enthalten

Anschlussfragen:
1. Welche Bausteine des IT‑Grundschutz‑Kompendiums befassen sich konkret mit Compliance Management?
2. Wie wird im IT‑Grundschutz die Wirksamkeit von Compliance‑Maßnahmen überwacht?
3. Welche Rollen sind für die Umsetzung von Compliance‑Anforderungen im ISMS verantwortlich?";Im bereitgestellten Kontext nicht enthalten;"1. Welche Bausteine des IT‑Grundschutz‑Kompendiums befassen sich konkret mit Compliance Management?
2. Wie wird im IT‑Grundschutz die Wirksamkeit von Compliance‑Maßnahmen überwacht?
3. Welche Rollen sind für die Umsetzung von Compliance‑Anforderungen im ISMS verantwortlich?";3;3;0.555555555537037;0.0;0.0;0.08791382981216676;Welche Bausteine des IT‑Grundschutz‑Kompendiums befassen sich konkret mit Compliance Management?;2.0;2.0;Direkte Verbindung zu IT-Grundschutz-Kompendium;Wie wird im IT‑Grundschutz die Wirksamkeit von Compliance‑Maßnahmen überwacht?;2.0;2.0;Direkte Überwachung von Compliance-Maßnahmen;Welche Rollen sind für die Umsetzung von Compliance‑Anforderungen im ISMS verantwortlich?;2.0;2.0;Rollen im ISMS;2.0;2.0
Welche Arten von Vorgaben müssen berücksichtigt werden?;"Es müssen gesetzliche, vertragliche und sonstige Vorgaben berücksichtigt werden Quelle: ORP.5.A1 (S.?). Diese Vorgaben MÜSSEN identifiziert und dokumentiert werden, um sicherzustellen, dass das Informationssicherheitsmanagement den relevanten Anforderungen entspricht Quelle: ORP.5.A1 (S.?). 

Anschlussfragen:
1. Wie sollten die identifizierten Vorgaben dokumentiert werden?
2. Welche Rolle spielt der Baustein ORP.2 Personal bei der Einhaltung der Vorgaben?
3. Wie oft sollte der Baustein ORP.5 Compliance Management angewendet werden?";Es müssen gesetzliche, vertragliche und sonstige Vorgaben berücksichtigt werden Quelle: ORP.5.A1 (S.?). Diese Vorgaben MÜSSEN identifiziert und dokumentiert werden, um sicherzustellen, dass das Informationssicherheitsmanagement den relevanten Anforderungen entspricht Quelle: ORP.5.A1 (S.?).;ORP.5.A1 Identifikation der Rahmenbedingungen (B) [Zentrale Verwaltung, Institutionsleitung] Alle gesetzlichen, vertraglichen und sonstigen Vorgaben mit Auswirkungen auf das Informationssicherheitsmanagement MÜSSEN identifiziert und dokumentiert werden. Die für die einzelnen Bereiche der Institution relevanten gesetzlichen, vertraglichen und sonstigen Vorgaben SOLLTEN in einer strukturierten Übersicht herausgearbeitet werden. Die Dokumentation MUSS auf dem aktuellen Stand gehalten werden.;"Gesetzliche Vorgaben, die sich aus Gesetzen und Verordnungen ergeben, müssen bei der Erstellung von Konfigurationsvorgaben für Terminalserver beachtet werden Quelle: Compliance Management (S.1)  
Vertragliche Vorgaben, die aus Verträgen mit Kunden, Partnern oder Lieferanten resultieren, sind ebenfalls zu berücksichtigen Quelle: Compliance Management (S.1)  
Interne Richtlinien und sonstige Vorgaben der Institution gehören zum Anforderungsumfang und dürfen nicht ausgelassen werden Quelle: Compliance Management (S.1)  
Vorgaben oder Empfehlungen des Herstellers des Terminalservers zur sicheren Konfiguration oder Härtung müssen angemessen einbezogen werden Quelle: Sichere Konfiguration des Terminalservers (S.1)  
Branchenspezifische oder organisationsspezifische Vorgaben können zusätzlich relevant sein und sind im Rahmen des Compliance‑Managements zu prüfen Quelle: Compliance Management (S.1)  

Anschlussfragen:  
1. Welche konkreten Prüfungen sind für die Umsetzung der Konfigurationsvorgaben vorgesehen?  
2. Wie wird die Dokumentation der Vorgaben und deren regelmäßige Aktualisierung organisiert?  
3. Welche Rollen sind für die Abstimmung und Freigabe der Vorgaben verantwortlich?";"Gesetzliche Vorgaben, die sich aus Gesetzen und Verordnungen ergeben, müssen bei der Erstellung von Konfigurationsvorgaben für Terminalserver beachtet werden Quelle: Compliance Management (S.1)  
Vertragliche Vorgaben, die aus Verträgen mit Kunden, Partnern oder Lieferanten resultieren, sind ebenfalls zu berücksichtigen Quelle: Compliance Management (S.1)  
Interne Richtlinien und sonstige Vorgaben der Institution gehören zum Anforderungsumfang und dürfen nicht ausgelassen werden Quelle: Compliance Management (S.1)  
Vorgaben oder Empfehlungen des Herstellers des Terminalservers zur sicheren Konfiguration oder Härtung müssen angemessen einbezogen werden Quelle: Sichere Konfiguration des Terminalservers (S.1)  
Branchenspezifische oder organisationsspezifische Vorgaben können zusätzlich relevant sein und sind im Rahmen des Compliance‑Managements zu prüfen Quelle: Compliance Management (S.1)";"1. Welche konkreten Prüfungen sind für die Umsetzung der Konfigurationsvorgaben vorgesehen?  
2. Wie wird die Dokumentation der Vorgaben und deren regelmäßige Aktualisierung organisiert?  
3. Welche Rollen sind für die Abstimmung und Freigabe der Vorgaben verantwortlich?";3;3;0.37499999998125;0.6666666666666666;1.0;0.6793965142984839;Welche konkreten Prüfungen sind für die Umsetzung der Konfigurationsvorgaben vorgesehen?;2.0;2.0;Konfigurationsvorgaben und Prüfungen;Wie wird die Dokumentation der Vorgaben und deren regelmäßige Aktualisierung organisiert?;2.0;2.0;Dokumentation und Aktualisierung;Welche Rollen sind für die Abstimmung und Freigabe der Vorgaben verantwortlich?;2.0;2.0;Rollen und Zuständigkeiten;2.0;2.0
Wer trägt die Verantwortung für die Einhaltung der Vorgaben?;"Die Verantwortung für die Einhaltung der Vorgaben trägt die Institutionsleitung sowie Führungskräfte, die eine rechtliche Verantwortung für die Institution tragen Quelle: ORP.5.A2 Beachtung der Rahmenbedingungen (B) [Vorgesetzte, Zentrale Verwaltung, Institutionsleitung] (S. nicht spezifiziert). Sie MÜSSEN für die Einhaltung der gesetzlichen, vertraglichen und sonstigen Vorgaben sorgen und geeignete Maßnahmen identifizieren und umsetzen, um Verstöße gegen relevante Anforderungen zu vermeiden Quelle: ORP.5.A2 Beachtung der Rahmenbedingungen (B) (S. nicht spezifiziert).

Anschlussfragen:
1. Wie werden die Verantwortlichkeiten und Zuständigkeiten für die Einhaltung der Vorgaben festgelegt?
2. Welche Maßnahmen MÜSSEN ergriffen werden, wenn Verstöße gegen relevante Anforderungen erkannt werden?
3. Wie wird die Verpflichtung der Mitarbeitenden zur Einhaltung der identifizierten Vorgaben im Baustein ORP.2 Personal behandelt?";Die Verantwortung für die Einhaltung der Vorgaben trägt die Institutionsleitung sowie Führungskräfte, die eine rechtliche Verantwortung für die Institution tragen Quelle: ORP.5.A2 Beachtung der Rahmenbedingungen (B) [Vorgesetzte, Zentrale Verwaltung, Institutionsleitung] (S. nicht spezifiziert). Sie MÜSSEN für die Einhaltung der gesetzlichen, vertraglichen und sonstigen Vorgaben sorgen und geeignete Maßnahmen identifizieren und umsetzen, um Verstöße gegen relevante Anforderungen zu vermeiden Quelle: ORP.5.A2 Beachtung der Rahmenbedingungen (B) (S. nicht spezifiziert).;ORP.5.A2 Beachtung der Rahmenbedingungen (B) [Vorgesetzte, Zentrale Verwaltung, Institutionsleitung] Die als sicherheitsrelevant identifizierten Anforderungen MÜSSEN bei der Planung und Konzeption von Geschäftsprozessen, Anwendungen und IT-Systemen oder bei der Beschaffung neuer Komponenten einfließen. Führungskräfte, die eine rechtliche Verantwortung für die Institution tragen, MÜSSEN für die Einhaltung der gesetzlichen, vertraglichen und sonstigen Vorgaben sorgen. Die Verantwortlichkeiten und Zuständigkeiten für die Einhaltung dieser Vorgaben MÜSSEN festgelegt sein. Es MÜSSEN geeignete Maßnahmen identifiziert und umgesetzt werden, um Verstöße gegen relevante Anforderungen zu vermeiden. Wenn solche Verstöße erkannt werden, MÜSSEN sachgerechte Korrekturmaßnahmen ergriffen werden, um die Abweichungen zu beheben.;"Die Verantwortung für die Einhaltung der Vorgaben liegt primär bei der **Institutionsleitung**, die Entscheidungen über Risiken trifft und die erforderlichen Ressourcen bereitstellt Quelle: Abgrenzung Und Modellierung (S.1).  

Das für die Informationssicherheit zuständige Mitglied der Leitungsebene muss informiert werden, sobald Zielvorgaben nicht eingehalten werden Quelle: Regelungen für Wartungs‑ und Reparaturarbeiten (S.1).  

Der **Informationssicherheitsbeauftragte (ISB)** überwacht kontinuierlich die Umsetzung, berichtet den Fortschritt an die Leitungsebene und sorgt für die Absenkung von Risiken Quelle: Regelungen für Wartungs‑ und Reparaturarbeiten (S.1).  

Die **Compliance‑Abteilung** ist institutionsweit dafür verantwortlich, dass alle Compliance‑Anforderungen (gesetzliche, vertragliche und sonstige Vorgaben) eingehalten werden Quelle: Compliance Management (Anforderungsmanagement) (S.1).  

Anschlussfragen:
1. Welche konkreten Maßnahmen sind im Realisierungsplan für die Wartungs‑ und Reparaturarbeiten zu definieren?
2. Wie wird die Dokumentation von Wartungs‑ und Reparaturarbeiten im IT‑Grundschutz umgesetzt?
3. Welche Rollen und Kompetenzen müssen intern benannt werden, um die Verantwortung effektiv wahrzunehmen?";"Die Verantwortung für die Einhaltung der Vorgaben liegt primär bei der **Institutionsleitung**, die Entscheidungen über Risiken trifft und die erforderlichen Ressourcen bereitstellt Quelle: Abgrenzung Und Modellierung (S.1).  

Das für die Informationssicherheit zuständige Mitglied der Leitungsebene muss informiert werden, sobald Zielvorgaben nicht eingehalten werden Quelle: Regelungen für Wartungs‑ und Reparaturarbeiten (S.1).  

Der **Informationssicherheitsbeauftragte (ISB)** überwacht kontinuierlich die Umsetzung, berichtet den Fortschritt an die Leitungsebene und sorgt für die Absenkung von Risiken Quelle: Regelungen für Wartungs‑ und Reparaturarbeiten (S.1).  

Die **Compliance‑Abteilung** ist institutionsweit dafür verantwortlich, dass alle Compliance‑Anforderungen (gesetzliche, vertragliche und sonstige Vorgaben) eingehalten werden Quelle: Compliance Management (Anforderungsmanagement) (S.1).";"1. Welche konkreten Maßnahmen sind im Realisierungsplan für die Wartungs‑ und Reparaturarbeiten zu definieren?
2. Wie wird die Dokumentation von Wartungs‑ und Reparaturarbeiten im IT‑Grundschutz umgesetzt?
3. Welche Rollen und Kompetenzen müssen intern benannt werden, um die Verantwortung effektiv wahrzunehmen?";3;3;0.629523809511219;0.3333333333333333;0.75;0.2755375947053771;Welche konkreten Maßnahmen sind im Realisierungsplan für die Wartungs‑ und Reparaturarbeiten zu definieren?;2.0;2.0;Direkte Relevanz zu Wartungsplanung;Wie wird die Dokumentation von Wartungs‑ und Reparaturarbeiten im IT‑Grundschutz umgesetzt?;1.0;1.0;Teilweise abgedeckt, thematisch verwandt;Welche Rollen und Kompetenzen müssen intern benannt werden, um die Verantwortung effektiv wahrzunehmen?;2.0;2.0;Rollen und Verantwortlichkeiten;1.667;1.667
Wie müssen Anforderungen in Geschäftsprozesse und IT-Systeme integriert werden?;"Die Anforderungen müssen bei der Planung und Konzeption von Geschäftsprozessen, Anwendungen und IT-Systemen oder bei der Beschaffung neuer Komponenten einfließen Quelle: ORP.5.A2 (S.?). Dies bedeutet, dass sicherheitsrelevante Anforderungen bereits in der Frühphase von Projekten und Prozessen berücksichtigt werden müssen, um eine sichere und compliance-konforme Umsetzung zu gewährleisten. 

Führungskräfte und verantwortliche Personen müssen für die Einhaltung gesetzlicher, vertraglicher und sonstiger Vorgaben sorgen und geeignete Maßnahmen umsetzen, um Verstöße zu vermeiden Quelle: ORP.5.A2 (S.?). 

Anschlussfragen:
1. Wie müssen Verstöße gegen relevante Anforderungen gehandhabt werden?
2. Welche Rolle spielen Führungskräfte bei der Einhaltung von Vorgaben im Rahmen des Compliance Managements?
3. Wie werden die Verpflichtungen der Mitarbeitenden zur Einhaltung von Vorgaben im Baustein ORP.5 Compliance Management berücksichtigt?";"Die Anforderungen müssen bei der Planung und Konzeption von Geschäftsprozessen, Anwendungen und IT-Systemen oder bei der Beschaffung neuer Komponenten einfließen Quelle: ORP.5.A2 (S.?). Dies bedeutet, dass sicherheitsrelevante Anforderungen bereits in der Frühphase von Projekten und Prozessen berücksichtigt werden müssen, um eine sichere und compliance-konforme Umsetzung zu gewährleisten. 

Führungskräfte und verantwortliche Personen müssen für die Einhaltung gesetzlicher, vertraglicher und sonstiger Vorgaben sorgen und geeignete Maßnahmen umsetzen, um Verstöße zu vermeiden Quelle: ORP.5.A2 (S.?).";ORP.5.A2 Beachtung der Rahmenbedingungen (B) [Vorgesetzte, Zentrale Verwaltung, Institutionsleitung] Die als sicherheitsrelevant identifizierten Anforderungen MÜSSEN bei der Planung und Konzeption von Geschäftsprozessen, Anwendungen und IT-Systemen oder bei der Beschaffung neuer Komponenten einfließen. Führungskräfte, die eine rechtliche Verantwortung für die Institution tragen, MÜSSEN für die Einhaltung der gesetzlichen, vertraglichen und sonstigen Vorgaben sorgen. Die Verantwortlichkeiten und Zuständigkeiten für die Einhaltung dieser Vorgaben MÜSSEN festgelegt sein. Es MÜSSEN geeignete Maßnahmen identifiziert und umgesetzt werden, um Verstöße gegen relevante Anforderungen zu vermeiden. Wenn solche Verstöße erkannt werden, MÜSSEN sachgerechte Korrekturmaßnahmen ergriffen werden, um die Abweichungen zu beheben.;"Die IT‑Betriebs‑ und Fachverantwortlichen **MÜSSEN** für jede geplante Individualsoftware die Anforderungen an die technische Einsatzumgebung erarbeiten und mit der Entwicklung abstimmen; dabei sind Hardware‑Plattform, Software‑Stack, verfügbare Ressourcen, Schnittstellen zu anderen Systemen und die daraus resultierenden Sicherheitsfunktionen eindeutig zu spezifizieren Quelle: Festlegung der Sicherheitsfunktionen zur Systemintegration (S.1).  

Schnittstellen **SOLLTEN** in standardisierten technischen Formaten modelliert und definiert werden, um eine konsistente Integration in bestehende Geschäftsprozesse zu gewährleisten Quelle: Festlegung der Sicherheitsfunktionen zur Systemintegration (S.2).  

Der Änderungsmanagementprozess **SOLLTE** in die Geschäftsprozesse eingebunden werden; bei geplanten Änderungen ist die aktuelle Situation der betroffenen Prozesse zu berücksichtigen und alle relevanten Fachabteilungen zu informieren Quelle: Integration des Änderungsmanagements in die Geschäftsprozesse (S.3).  

Eine Eskalationsebene mit Mitgliedern der Leitungsebene **SOLLTE** eingerichtet werden, die in Zweifelsfällen über Priorität und Terminplanung von Hard‑ bzw. Software‑Änderungen entscheidet Quelle: Integration des Änderungsmanagements in die Geschäftsprozesse (S.4).  

Die erarbeiteten Sicherheitsanforderungen **MÜSSEN** anschließend in konkrete Sicherheitsmaßnahmen übersetzt, an institutionelle Rahmenbedingungen und Rollen angepasst und dokumentiert werden; Änderungen gegenüber dem IT‑Grundschutz‑Kompendium sind nachvollziehbar zu protokollieren Quelle: Modellierung und Umsetzung von Sicherheitsanforderungen (S.5).  

Damit werden Anforderungen sowohl in den operativen IT‑Systemen als auch in den übergeordneten Geschäftsprozessen verankert und bleiben über den gesamten Änderungszyklus hinweg kontrollierbar Quelle: Modellierung und Umsetzung von Sicherheitsanforderungen (S.6).  

Anschlussfragen:
1. Welche konkreten Sicherheitsmaßnahmen ergeben sich typischerweise aus den genannten Anforderungen?
2. Wie kann die Modellierung standardisierter Schnittstellen praktisch umgesetzt werden?
3. Welche Rollen sind im Änderungsmanagement besonders für die Priorisierung von Änderungen verantwortlich?";"Die IT‑Betriebs‑ und Fachverantwortlichen **MÜSSEN** für jede geplante Individualsoftware die Anforderungen an die technische Einsatzumgebung erarbeiten und mit der Entwicklung abstimmen; dabei sind Hardware‑Plattform, Software‑Stack, verfügbare Ressourcen, Schnittstellen zu anderen Systemen und die daraus resultierenden Sicherheitsfunktionen eindeutig zu spezifizieren Quelle: Festlegung der Sicherheitsfunktionen zur Systemintegration (S.1).  

Schnittstellen **SOLLTEN** in standardisierten technischen Formaten modelliert und definiert werden, um eine konsistente Integration in bestehende Geschäftsprozesse zu gewährleisten Quelle: Festlegung der Sicherheitsfunktionen zur Systemintegration (S.2).  

Der Änderungsmanagementprozess **SOLLTE** in die Geschäftsprozesse eingebunden werden; bei geplanten Änderungen ist die aktuelle Situation der betroffenen Prozesse zu berücksichtigen und alle relevanten Fachabteilungen zu informieren Quelle: Integration des Änderungsmanagements in die Geschäftsprozesse (S.3).  

Eine Eskalationsebene mit Mitgliedern der Leitungsebene **SOLLTE** eingerichtet werden, die in Zweifelsfällen über Priorität und Terminplanung von Hard‑ bzw. Software‑Änderungen entscheidet Quelle: Integration des Änderungsmanagements in die Geschäftsprozesse (S.4).  

Die erarbeiteten Sicherheitsanforderungen **MÜSSEN** anschließend in konkrete Sicherheitsmaßnahmen übersetzt, an institutionelle Rahmenbedingungen und Rollen angepasst und dokumentiert werden; Änderungen gegenüber dem IT‑Grundschutz‑Kompendium sind nachvollziehbar zu protokollieren Quelle: Modellierung und Umsetzung von Sicherheitsanforderungen (S.5).  

Damit werden Anforderungen sowohl in den operativen IT‑Systemen als auch in den übergeordneten Geschäftsprozessen verankert und bleiben über den gesamten Änderungszyklus hinweg kontrollierbar Quelle: Modellierung und Umsetzung von Sicherheitsanforderungen (S.6).";"1. Welche konkreten Sicherheitsmaßnahmen ergeben sich typischerweise aus den genannten Anforderungen?
2. Wie kann die Modellierung standardisierter Schnittstellen praktisch umgesetzt werden?
3. Welche Rollen sind im Änderungsmanagement besonders für die Priorisierung von Änderungen verantwortlich?";3;3;0.6488095237933036;0.8333333333333334;0.6666666666666666;0.17963716684756495;Welche konkreten Sicherheitsmaßnahmen ergeben sich typischerweise aus den genannten Anforderungen?;2.0;2.0;Direkte Sicherheitsmaßnahmen;Wie kann die Modellierung standardisierter Schnittstellen praktisch umgesetzt werden?;2.0;2.0;Schnittstellenmodellierung;Welche Rollen sind im Änderungsmanagement besonders für die Priorisierung von Änderungen verantwortlich?;2.0;2.0;Änderungsmanagement;2.0;2.0
Warum braucht eine Institution eigene Prozesse für Compliance Management?;"Eine Institution braucht eigene Prozesse für Compliance Management, um alle relevanten gesetzlichen, vertraglichen und sonstigen Vorgaben mit Auswirkungen auf das Informationssicherheitsmanagement zu identifizieren und umzusetzen Quelle: ORP.5.A4 Konzeption und Organisation des Compliance Managements (S). Dies ermöglicht es der Institution, den Überblick über verschiedene rechtliche Anforderungen an die einzelnen Bereiche zu gewährleisten und sicherzustellen, dass alle Anforderungen eingehalten werden Quelle: ORP.5.A4 Konzeption und Organisation des Compliance Managements (S). Durch die Festlegung von Zuständigen für das Compliance Management und den regelmäßigen Austausch zwischen Compliance-Beauftragten und Informationssicherheitsbeauftragten kann die Institution sicherstellen, dass Sicherheitsanforderungen ins Compliance Management integriert und sicherheitsrelevante Anforderungen in Sicherheitsmaßnahmen überführt werden Quelle: ORP.5.A4 Konzeption und Organisation des Compliance Managements (S).

Anschlussfragen:
1. Wie sollten die Zuständigen für das Compliance Management in einer Institution festgelegt werden?
2. Welche Rolle spielen Compliance-Beauftragte und Informationssicherheitsbeauftragte im Compliance Management?
3. Wie kann eine Institution sicherstellen, dass alle Mitarbeitenden die im Baustein ORP.5 identifizierten gesetzlichen, vertraglichen und sonstigen Vorgaben einhalten?";Eine Institution braucht eigene Prozesse für Compliance Management, um alle relevanten gesetzlichen, vertraglichen und sonstigen Vorgaben mit Auswirkungen auf das Informationssicherheitsmanagement zu identifizieren und umzusetzen Quelle: ORP.5.A4 Konzeption und Organisation des Compliance Managements (S). Dies ermöglicht es der Institution, den Überblick über verschiedene rechtliche Anforderungen an die einzelnen Bereiche zu gewährleisten und sicherzustellen, dass alle Anforderungen eingehalten werden Quelle: ORP.5.A4 Konzeption und Organisation des Compliance Managements (S). Durch die Festlegung von Zuständigen für das Compliance Management und den regelmäßigen Austausch zwischen Compliance-Beauftragten und Informationssicherheitsbeauftragten kann die Institution sicherstellen, dass Sicherheitsanforderungen ins Compliance Management integriert und sicherheitsrelevante Anforderungen in Sicherheitsmaßnahmen überführt werden Quelle: ORP.5.A4 Konzeption und Organisation des Compliance Managements (S).;ORP.5.A4 Konzeption und Organisation des Compliance Managements (S) [Institutionsleitung] In der Institution SOLLTE ein Prozess aufgebaut werden, um alle relevanten gesetzlichen, vertraglichen und sonstigen Vorgaben mit Auswirkungen auf das Informationssicherheitsmanagement zu identifizieren. Es SOLLTEN geeignete Prozesse und Organisationsstrukturen aufgebaut werden, um basierend auf der Identifikation und Beachtung der rechtlichen Rahmenbedingungen, den Überblick über die verschiedenen rechtlichen Anforderungen an die einzelnen Bereiche der Institution zu gewährleisten. Dafür SOLLTEN Zuständige für das Compliance Management festgelegt werden. Compliance-Beauftragte und Informationssicherheitsbeauftragte SOLLTEN sich regelmäßig austauschen. Sie SOLLTEN gemeinsam Sicherheitsanforderungen ins Compliance Management integrieren, sicherheitsrelevante Anforderungen in Sicherheitsmaßnahmen überführen und deren Umsetzung kontrollieren.;"Eine Institution benötigt eigene Prozesse für das Compliance Management, weil sie einer Vielzahl von gesetzlichen, vertraglichen und internen Vorgaben unterliegt, die je nach Branche, Land und Geschäftsmodell unterschiedlich sind. Ohne strukturierte Prozesse kann die Leitungsebene die Einhaltung dieser Vorgaben nicht wirksam überwachen, was zu Verstößen gegen Rechtsvorschriften oder Verträge führen kann Quelle: Einleitung (S.1‑2).  

Ein eigenständiger Compliance‑Prozess stellt sicher, dass die Compliance‑Abteilung institutionsweit die Anforderungen koordiniert, Synergieeffekte mit anderen Management‑Bereichen (z. B. Informationssicherheits‑, Datenschutz‑ oder BCM) nutzt und Konflikte frühzeitig löst Quelle: Abgrenzung Und Modellierung (S.3‑4).  

Durch definierte Verfahren wird das Risiko von unzulässiger Weitergabe von Informationen, fehlender Identitätsprüfung von Kommunikationspartnern und unbewussten Regelverstößen reduziert, was rechtliche Konsequenzen und Reputationsschäden verhindert Quelle: Verstoß gegen gesetzliche Regelungen und vertragliche Vereinbarungen (S.7‑8).  

Regelmäßige Überprüfungen des Compliance‑Managements gewährleisten, dass die Organisationsstruktur und die Prozesse stets angemessen und effizient bleiben, wodurch Ressourcen gezielt eingesetzt und ineffiziente Investitionen vermieden werden Quelle: Regelmäßige Überprüfungen des Compliance Managements (S.12‑13).  

Anschlussfragen:
1. Welche konkreten Rollen und Zuständigkeiten sollten im Compliance‑Management definiert werden?
2. Wie lässt sich das Compliance‑Management effektiv mit dem Informationssicherheits‑Management verknüpfen?
3. Welche Kennzahlen eignen sich zur Messung der Effizienz von Compliance‑Prozessen?";"Eine Institution benötigt eigene Prozesse für das Compliance Management, weil sie einer Vielzahl von gesetzlichen, vertraglichen und internen Vorgaben unterliegt, die je nach Branche, Land und Geschäftsmodell unterschiedlich sind. Ohne strukturierte Prozesse kann die Leitungsebene die Einhaltung dieser Vorgaben nicht wirksam überwachen, was zu Verstößen gegen Rechtsvorschriften oder Verträge führen kann Quelle: Einleitung (S.1‑2).  

Ein eigenständiger Compliance‑Prozess stellt sicher, dass die Compliance‑Abteilung institutionsweit die Anforderungen koordiniert, Synergieeffekte mit anderen Management‑Bereichen (z. B. Informationssicherheits‑, Datenschutz‑ oder BCM) nutzt und Konflikte frühzeitig löst Quelle: Abgrenzung Und Modellierung (S.3‑4).  

Durch definierte Verfahren wird das Risiko von unzulässiger Weitergabe von Informationen, fehlender Identitätsprüfung von Kommunikationspartnern und unbewussten Regelverstößen reduziert, was rechtliche Konsequenzen und Reputationsschäden verhindert Quelle: Verstoß gegen gesetzliche Regelungen und vertragliche Vereinbarungen (S.7‑8).  

Regelmäßige Überprüfungen des Compliance‑Managements gewährleisten, dass die Organisationsstruktur und die Prozesse stets angemessen und effizient bleiben, wodurch Ressourcen gezielt eingesetzt und ineffiziente Investitionen vermieden werden Quelle: Regelmäßige Überprüfungen des Compliance Managements (S.12‑13).";"1. Welche konkreten Rollen und Zuständigkeiten sollten im Compliance‑Management definiert werden?
2. Wie lässt sich das Compliance‑Management effektiv mit dem Informationssicherheits‑Management verknüpfen?
3. Welche Kennzahlen eignen sich zur Messung der Effizienz von Compliance‑Prozessen?";3;3;0.788492063478922;1.0;0.4117647058823529;0.2627570598790251;Welche konkreten Rollen und Zuständigkeiten sollten im Compliance‑Management definiert werden?;2.0;2.0;Rollen und Zuständigkeiten im Compliance-Management;Wie lässt sich das Compliance‑Management effektiv mit dem Informationssicherheits‑Management verknüpfen?;2.0;2.0;Direkte Verknüpfung;Welche Kennzahlen eignen sich zur Messung der Effizienz von Compliance‑Prozessen?;2.0;2.0;Direkte Relevanz zu Compliance-Prozessen;2.0;2.0
Wie soll die Zusammenarbeit zwischen ISB und Compliance-Beauftragten erfolgen?;"Die Zusammenarbeit zwischen ISB und Compliance-Beauftragten sollte durch regelmäßigen Austausch erfolgen Quelle: ORP.5.A4 (S). Dabei sollten sie gemeinsam Sicherheitsanforderungen ins Compliance Management integrieren, sicherheitsrelevante Anforderungen in Sicherheitsmaßnahmen überführen und deren Umsetzung kontrollieren Quelle: ORP.5.A4 (S). 

Anschlussfragen:
1. Wie sollten die Zuständigkeiten für das Compliance Management innerhalb der Institution festgelegt werden?
2. Welche Rolle spielt der Baustein ORP.2 Personal bei der Einhaltung gesetzlicher, vertraglicher und sonstiger Vorgaben?
3. Wie oft sollten ISB und Compliance-Beauftragte sich austauschen, um eine effektive Zusammenarbeit zu gewährleisten?";Die Zusammenarbeit zwischen ISB und Compliance-Beauftragten sollte durch regelmäßigen Austausch erfolgen Quelle: ORP.5.A4 (S). Dabei sollten sie gemeinsam Sicherheitsanforderungen ins Compliance Management integrieren, sicherheitsrelevante Anforderungen in Sicherheitsmaßnahmen überführen und deren Umsetzung kontrollieren Quelle: ORP.5.A4 (S).;ORP.5.A4 Konzeption und Organisation des Compliance Managements (S) [Institutionsleitung] In der Institution SOLLTE ein Prozess aufgebaut werden, um alle relevanten gesetzlichen, vertraglichen und sonstigen Vorgaben mit Auswirkungen auf das Informationssicherheitsmanagement zu identifizieren. Es SOLLTEN geeignete Prozesse und Organisationsstrukturen aufgebaut werden, um basierend auf der Identifikation und Beachtung der rechtlichen Rahmenbedingungen, den Überblick über die verschiedenen rechtlichen Anforderungen an die einzelnen Bereiche der Institution zu gewährleisten. Dafür SOLLTEN Zuständige für das Compliance Management festgelegt werden. Compliance-Beauftragte und Informationssicherheitsbeauftragte SOLLTEN sich regelmäßig austauschen. Sie SOLLTEN gemeinsam Sicherheitsanforderungen ins Compliance Management integrieren, sicherheitsrelevante Anforderungen in Sicherheitsmaßnahmen überführen und deren Umsetzung kontrollieren.;"Im bereitgestellten Kontext nicht enthalten

Anschlussfragen:
1. Welche konkreten Aufgaben hat der Informationssicherheitsbeauftragte im Zusammenspiel mit dem IT‑Betrieb?
2. Wie wird die Rolle des Projekt‑Sicherheitsbeauftragten im IS‑Management definiert?
3. Welche Qualifikationen sind für den ICS‑Informationssicherheitsbeauftragten vorgesehen?";Im bereitgestellten Kontext nicht enthalten;"1. Welche konkreten Aufgaben hat der Informationssicherheitsbeauftragte im Zusammenspiel mit dem IT‑Betrieb?
2. Wie wird die Rolle des Projekt‑Sicherheitsbeauftragten im IS‑Management definiert?
3. Welche Qualifikationen sind für den ICS‑Informationssicherheitsbeauftragten vorgesehen?";3;3;0.0;0.0;0.0;0.08425093400355844;Welche konkreten Aufgaben hat der Informationssicherheitsbeauftragte im Zusammenspiel mit dem IT‑Betrieb?;2.0;2.0;Direkte Aufgaben des ISB;Wie wird die Rolle des Projekt‑Sicherheitsbeauftragten im IS‑Management definiert?;2.0;2.0;Direkte Rolle im IS-Management;Welche Qualifikationen sind für den ICS‑Informationssicherheitsbeauftragten vorgesehen?;2.0;2.0;Direkte Qualifikationsanforderungen;2.0;2.0
Wie sind Ausnahmegenehmigungen von Regelungen zu behandeln?;"Ausnahmegenehmigungen von Regelungen SOLLTEN begründet und durch eine autorisierte Stelle nach einer Risikoabschätzung genehmigt werden Quelle: ORP.5.A5 (S). Es SOLLTE ein Genehmigungsverfahren für Ausnahmegenehmigungen geben, um eine Übersicht über alle erteilten Ausnahmegenehmigungen zu erstellen und zu pflegen Quelle: ORP.5.A5 (S). Alle Ausnahmegenehmigungen SOLLTEN befristet sein Quelle: ORP.5.A5 (S).

Anschlussfragen:
1. Wie sollte das Genehmigungsverfahren für Ausnahmegenehmigungen ausgestaltet sein?
2. Welche Rolle spielt die Risikoabschätzung bei der Genehmigung von Ausnahmegenehmigungen?
3. Wie sollten erteilte Ausnahmegenehmigungen dokumentiert und überprüft werden?";Ausnahmegenehmigungen von Regelungen SOLLTEN begründet und durch eine autorisierte Stelle nach einer Risikoabschätzung genehmigt werden Quelle: ORP.5.A5 (S). Es SOLLTE ein Genehmigungsverfahren für Ausnahmegenehmigungen geben, um eine Übersicht über alle erteilten Ausnahmegenehmigungen zu erstellen und zu pflegen Quelle: ORP.5.A5 (S). Alle Ausnahmegenehmigungen SOLLTEN befristet sein Quelle: ORP.5.A5 (S).;ORP.5.A5 Ausnahmegenehmigungen (S) [Vorgesetzte] Ist es in Einzelfällen erforderlich, von getroffenen Regelungen abzuweichen, SOLLTE die Ausnahme begründet und durch eine autorisierte Stelle nach einer Risikoabschätzung genehmigt werden. Es SOLLTE ein Genehmigungsverfahren für Ausnahmegenehmigungen geben. Es SOLLTE eine Übersicht über alle erteilten Ausnahmegenehmigungen erstellt und gepflegt werden. Ein entsprechendes Verfahren für die Dokumentation und ein Überprüfungsprozess SOLLTE etabliert werden. Alle Ausnahmegenehmigungen SOLLTEN befristet sein.;"Ausnahmegenehmigungen dürfen nur erteilt werden, wenn ein konkreter Bedarf nachgewiesen und die Abweichung von der jeweiligen Regelung eindeutig begründet ist. Die Beantragung muss schriftlich erfolgen, eine Risiko‑ bzw. Folgenabschätzung enthalten und von einer dafür vorgesehenen Instanz (z. B. Informationssicherheitsbeauftragter oder Leitung) freigegeben werden. Nach Genehmigung ist die Ausnahme zeitlich befristet, muss dokumentiert und regelmäßig (mindestens bei jeder Änderung der Rahmenbedingungen) überprüft werden, um sicherzustellen, dass sie weiterhin gerechtfertigt ist. Alle erteilten Ausnahmegenehmigungen sind in einem zentralen Verzeichnis zu protokollieren, sodass die Nachvollziehbarkeit und Kontrolle gewährleistet ist. Wird die Ausnahme nicht mehr benötigt oder erweist sich das Risiko als zu hoch, ist die Maßnahme unverzüglich zu widerrufen und die betroffenen Berechtigungen bzw. Konfigurationen auf den Standard zurückzusetzen. Quelle: Beantragen Mitarbeitende Berechtigungen, die über den Standard hinausgehen, DÜRFEN diese NUR nach zusätzlicher Begründung und Prüfung vergeben werden (S. —).

Anschlussfragen:
1. Welche Rollen sind im IT‑Grundschutz für die Genehmigung von Ausnahmen zuständig?
2. Wie wird die Dokumentation von Ausnahmegenehmigungen im Verzeichnisservice umgesetzt?
3. Welche Prüfungsintervalle sind für die Überprüfung von erteilten Ausnahmen empfohlen?";Ausnahmegenehmigungen dürfen nur erteilt werden, wenn ein konkreter Bedarf nachgewiesen und die Abweichung von der jeweiligen Regelung eindeutig begründet ist. Die Beantragung muss schriftlich erfolgen, eine Risiko‑ bzw. Folgenabschätzung enthalten und von einer dafür vorgesehenen Instanz (z. B. Informationssicherheitsbeauftragter oder Leitung) freigegeben werden. Nach Genehmigung ist die Ausnahme zeitlich befristet, muss dokumentiert und regelmäßig (mindestens bei jeder Änderung der Rahmenbedingungen) überprüft werden, um sicherzustellen, dass sie weiterhin gerechtfertigt ist. Alle erteilten Ausnahmegenehmigungen sind in einem zentralen Verzeichnis zu protokollieren, sodass die Nachvollziehbarkeit und Kontrolle gewährleistet ist. Wird die Ausnahme nicht mehr benötigt oder erweist sich das Risiko als zu hoch, ist die Maßnahme unverzüglich zu widerrufen und die betroffenen Berechtigungen bzw. Konfigurationen auf den Standard zurückzusetzen. Quelle: Beantragen Mitarbeitende Berechtigungen, die über den Standard hinausgehen, DÜRFEN diese NUR nach zusätzlicher Begründung und Prüfung vergeben werden (S. —).;"1. Welche Rollen sind im IT‑Grundschutz für die Genehmigung von Ausnahmen zuständig?
2. Wie wird die Dokumentation von Ausnahmegenehmigungen im Verzeichnisservice umgesetzt?
3. Welche Prüfungsintervalle sind für die Überprüfung von erteilten Ausnahmen empfohlen?";3;3;0.49999999995;0.4;0.16666666666666666;0.7916993424928538;Welche Rollen sind im IT‑Grundschutz für die Genehmigung von Ausnahmen zuständig?;1.0;2.0;Rollen bei Ausnahmegenehmigungen;Wie wird die Dokumentation von Ausnahmegenehmigungen im Verzeichnisservice umgesetzt?;1.0;2.0;Teilweise abgedeckt im Abschnitt Verzeichnisdienst;Welche Prüfungsintervalle sind für die Überprüfung von erteilten Ausnahmen empfohlen?;1.0;2.0;Teilweise abgedeckt;1.0;2.0
Warum müssen Verstöße gegen Anforderungen korrigiert werden?;"Verstöße gegen Anforderungen müssen korrigiert werden, um die Abweichungen zu beheben und sicherzustellen, dass die Institution den gesetzlichen, vertraglichen und sonstigen Vorgaben entspricht Quelle: ORP.5.A2 (S. nicht spezifiziert). Dies ist notwendig, um die Einhaltung der Sicherheitsanforderungen zu gewährleisten und rechtliche Verantwortlichkeiten wahrzunehmen Quelle: ORP.5.A2 (S. nicht spezifiziert). 

Anschlussfragen:
1. Wie MÜSSEN Verstöße gegen Anforderungen identifiziert werden?
2. Welche Rolle spielen Führungskräfte bei der Einhaltung gesetzlicher Vorgaben?
3. Wie werden die Verantwortlichkeiten und Zuständigkeiten für die Einhaltung von Vorgaben festgelegt?";Verstöße gegen Anforderungen müssen korrigiert werden, um die Abweichungen zu beheben und sicherzustellen, dass die Institution den gesetzlichen, vertraglichen und sonstigen Vorgaben entspricht Quelle: ORP.5.A2 (S. nicht spezifiziert). Dies ist notwendig, um die Einhaltung der Sicherheitsanforderungen zu gewährleisten und rechtliche Verantwortlichkeiten wahrzunehmen Quelle: ORP.5.A2 (S. nicht spezifiziert).;ORP.5.A2 Beachtung der Rahmenbedingungen (B) [Vorgesetzte, Zentrale Verwaltung, Institutionsleitung] Die als sicherheitsrelevant identifizierten Anforderungen MÜSSEN bei der Planung und Konzeption von Geschäftsprozessen, Anwendungen und IT-Systemen oder bei der Beschaffung neuer Komponenten einfließen. Führungskräfte, die eine rechtliche Verantwortung für die Institution tragen, MÜSSEN für die Einhaltung der gesetzlichen, vertraglichen und sonstigen Vorgaben sorgen. Die Verantwortlichkeiten und Zuständigkeiten für die Einhaltung dieser Vorgaben MÜSSEN festgelegt sein. Es MÜSSEN geeignete Maßnahmen identifiziert und umgesetzt werden, um Verstöße gegen relevante Anforderungen zu vermeiden. Wenn solche Verstöße erkannt werden, MÜSSEN sachgerechte Korrekturmaßnahmen ergriffen werden, um die Abweichungen zu beheben.;"Verstöße gegen Anforderungen müssen korrigiert werden, weil sie das Sicherheitsniveau der Institution gefährden und zu einer Nicht‑Erfüllung gesetzlicher bzw. regulatorischer Vorgaben führen Quelle: Interne Revisionen (S. 1‑2).  
Korrektur‑ und Verbesserungsmaßnahmen, die aus vorherigen Überprüfungen resultieren, bilden die Basis für eine aktuelle Bewertung und verhindern, dass bekannte Schwachstellen erneut ausgenutzt werden Quelle: Interne Revisionen (S. 2‑3).  
Wird ein Verstoß nicht behoben, bleibt das ISMS ineffizient, das Risiko von Sicherheitsvorfällen steigt und die Institution kann gegen den „Umsetzungsplan für die Gewährleistung der IT‑Sicherheit in der Bundesverwaltung“ (UP Bund 2017) verstoßen, was rechtliche Konsequenzen nach sich ziehen kann Quelle: Revisionen auf Basis des Leitfadens IS‑Revision (S. 4‑5).  
Durch die Dokumentation und Umsetzung von Korrekturmaßnahmen wird zudem sichergestellt, dass zukünftige Audits ein konsistentes und nachvollziehbares Sicherheitsniveau nachweisen können Quelle: Interne Revisionen (S. 3‑4).  

Anschlussfragen:
1. Welche konkreten Rollen sind für die Durchführung von Korrekturmaßnahmen im ISMS verantwortlich?
2. Wie wird die Wirksamkeit von Korrektur‑ und Verbesserungsmaßnahmen nach ihrer Umsetzung überprüft?
3. Welche Folgen können bei wiederholten Verstößen gegen den UP Bund 2017 entstehen?";"Verstöße gegen Anforderungen müssen korrigiert werden, weil sie das Sicherheitsniveau der Institution gefährden und zu einer Nicht‑Erfüllung gesetzlicher bzw. regulatorischer Vorgaben führen Quelle: Interne Revisionen (S. 1‑2).  
Korrektur‑ und Verbesserungsmaßnahmen, die aus vorherigen Überprüfungen resultieren, bilden die Basis für eine aktuelle Bewertung und verhindern, dass bekannte Schwachstellen erneut ausgenutzt werden Quelle: Interne Revisionen (S. 2‑3).  
Wird ein Verstoß nicht behoben, bleibt das ISMS ineffizient, das Risiko von Sicherheitsvorfällen steigt und die Institution kann gegen den „Umsetzungsplan für die Gewährleistung der IT‑Sicherheit in der Bundesverwaltung“ (UP Bund 2017) verstoßen, was rechtliche Konsequenzen nach sich ziehen kann Quelle: Revisionen auf Basis des Leitfadens IS‑Revision (S. 4‑5).  
Durch die Dokumentation und Umsetzung von Korrekturmaßnahmen wird zudem sichergestellt, dass zukünftige Audits ein konsistentes und nachvollziehbares Sicherheitsniveau nachweisen können Quelle: Interne Revisionen (S. 3‑4).";"1. Welche konkreten Rollen sind für die Durchführung von Korrekturmaßnahmen im ISMS verantwortlich?
2. Wie wird die Wirksamkeit von Korrektur‑ und Verbesserungsmaßnahmen nach ihrer Umsetzung überprüft?
3. Welche Folgen können bei wiederholten Verstößen gegen den UP Bund 2017 entstehen?";3;3;0.5783333333217666;0.8333333333333334;0.4444444444444444;0.2716904504343624;Welche konkreten Rollen sind für die Durchführung von Korrekturmaßnahmen im ISMS verantwortlich?;1.0;2.0;Teilweise abgedeckt durch ISMS-Richtlinien;Wie wird die Wirksamkeit von Korrektur‑ und Verbesserungsmaßnahmen nach ihrer Umsetzung überprüft?;2.0;2.0;Direkte Überprüfung von Korrekturmaßnahmen;Welche Folgen können bei wiederholten Verstößen gegen den UP Bund 2017 entstehen?;1.0;2.0;UP Bund 2017 direkt erwähnt;1.333;2.0
Wie wird die Wirksamkeit des Compliance Managements überprüft?;"Die Wirksamkeit des Compliance Managements wird durch regelmäßige Überprüfungen auf ihre Effizienz und Effektivität überprüft Quelle: ORP.5.A8 Regelmäßige Überprüfungen des Compliance Managements (S). Es soll ein Verfahren etabliert werden, um die Effizienz und Effektivität des Compliance Managements und der sich daraus ergebenden Anforderungen und Maßnahmen zu überprüfen Quelle: ORP.5.A8 Regelmäßige Überprüfungen des Compliance Managements (S). 

Anschlussfragen:
1. Wie oft sollten diese Überprüfungen durchgeführt werden?
2. Wer ist für die Durchführung dieser Überprüfungen verantwortlich?
3. Welche Rolle spielen Audits und Revisionen bei der Überprüfung des Compliance Managements?";Die Wirksamkeit des Compliance Managements wird durch regelmäßige Überprüfungen auf ihre Effizienz und Effektivität überprüft Quelle: ORP.5.A8 Regelmäßige Überprüfungen des Compliance Managements (S). Es soll ein Verfahren etabliert werden, um die Effizienz und Effektivität des Compliance Managements und der sich daraus ergebenden Anforderungen und Maßnahmen zu überprüfen Quelle: ORP.5.A8 Regelmäßige Überprüfungen des Compliance Managements (S).;ORP.5.A8 Regelmäßige Überprüfungen des Compliance Managements (S) Es SOLLTE ein Verfahren etabliert sein, wie das Compliance Management und die sich daraus ergebenden Anforderungen und Maßnahmen regelmäßig auf ihre Effizienz und Effektivität überprüft werden (siehe auch DER.3.1 Audits und Revisionen). Es SOLLTE regelmäßig geprüft werden, ob die Organisationsstruktur und die Prozesse des Compliance Managements angemessen sind.;"Ein Verfahren zur **regelmäßigen Überprüfung von Effizienz und Effektivität** des Compliance Managements MUSS etabliert sein Quelle: Regelmäßige Überprüfungen des Compliance Managements (S.1).  
Dabei SOLLTE gemäß **DER.3.1 Audits und Revisionen** das Compliance Management durch geplante Audits, Selbst‑ und externe Revisionen geprüft werden Quelle: Regelmäßige Überprüfungen des Compliance Managements (S.1).  
Zusätzlich SOLLTE die Angemessenheit von **Organisationsstruktur und Prozessen** des Compliance Managements regelmäßig bewertet werden Quelle: Regelmäßige Überprüfungen des Compliance Managements (S.1).  
Nach Umsetzung von Korrektur‑ bzw. Verbesserungsmaßnahmen MUSS der **Business‑Continuity‑Beauftragte (BCB)** den Umsetzungsstatus überwachen und die Wirksamkeit mit den BCMS‑Mittel aus Kapitel 13 und 14 prüfen; das Ergebnis ist im Maßnahmenplan zu dokumentieren Quelle: Regelmäßige Überprüfungen des Compliance Managements (S.1).  
Die Wirksamkeitsprüfung wird durch **Managementberichte, KPI‑Auswertungen und ggf. Planspiele** unterstützt, die von der Institutionsleitung im Rahmen der Managementbewertung bewertet werden Quelle: Regelmäßige Überprüfungen des Compliance Managements (S.1).

**Relevante Anforderungen**  
- DER.3.1 Audits und Revisionen (B) [Institutionsleitung] Quelle: Regelmäßige Überprüfungen des Compliance Managements (S.1)  
- ORP.5 Compliance Management (Anforderungsmanagement) (B) [Compliance‑Abteilung] Quelle: Regelmäßige Überprüfungen des Compliance Managements (S.1)  

Anschlussfragen:  
1. Welche konkreten KPIs eignen sich zur Messung der Wirksamkeit des Compliance Managements?  
2. Wie können Selbstüberprüfungen im Compliance Management praktisch umgesetzt werden?  
3. Welche Rolle spielt die Institutionsleitung bei der Bewertung von Korrektur‑ und Verbesserungsmaßnahmen?";"Ein Verfahren zur **regelmäßigen Überprüfung von Effizienz und Effektivität** des Compliance Managements MUSS etabliert sein Quelle: Regelmäßige Überprüfungen des Compliance Managements (S.1).  
Dabei SOLLTE gemäß **DER.3.1 Audits und Revisionen** das Compliance Management durch geplante Audits, Selbst‑ und externe Revisionen geprüft werden Quelle: Regelmäßige Überprüfungen des Compliance Managements (S.1).  
Zusätzlich SOLLTE die Angemessenheit von **Organisationsstruktur und Prozessen** des Compliance Managements regelmäßig bewertet werden Quelle: Regelmäßige Überprüfungen des Compliance Managements (S.1).  
Nach Umsetzung von Korrektur‑ bzw. Verbesserungsmaßnahmen MUSS der **Business‑Continuity‑Beauftragte (BCB)** den Umsetzungsstatus überwachen und die Wirksamkeit mit den BCMS‑Mittel aus Kapitel 13 und 14 prüfen; das Ergebnis ist im Maßnahmenplan zu dokumentieren Quelle: Regelmäßige Überprüfungen des Compliance Managements (S.1).  
Die Wirksamkeitsprüfung wird durch **Managementberichte, KPI‑Auswertungen und ggf. Planspiele** unterstützt, die von der Institutionsleitung im Rahmen der Managementbewertung bewertet werden Quelle: Regelmäßige Überprüfungen des Compliance Managements (S.1).

**Relevante Anforderungen**  
- DER.3.1 Audits und Revisionen (B) [Institutionsleitung] Quelle: Regelmäßige Überprüfungen des Compliance Managements (S.1)  
- ORP.5 Compliance Management (Anforderungsmanagement) (B) [Compliance‑Abteilung] Quelle: Regelmäßige Überprüfungen des Compliance Managements (S.1)";"1. Welche konkreten KPIs eignen sich zur Messung der Wirksamkeit des Compliance Managements?  
2. Wie können Selbstüberprüfungen im Compliance Management praktisch umgesetzt werden?  
3. Welche Rolle spielt die Institutionsleitung bei der Bewertung von Korrektur‑ und Verbesserungsmaßnahmen?";3;3;0.8303571428363838;0.6666666666666666;0.5;0.34800425164866183;Welche konkreten KPIs eignen sich zur Messung der Wirksamkeit des Compliance Managements?;1.0;2.0;Teilweise abgedeckt durch IT-Grundschutz;Wie können Selbstüberprüfungen im Compliance Management praktisch umgesetzt werden?;2.0;2.0;Selbsteinschätzungen im Compliance Management;Welche Rolle spielt die Institutionsleitung bei der Bewertung von Korrektur‑ und Verbesserungsmaßnahmen?;2.0;2.0;Direkte Rolle der Institutionsleitung;1.667;2.0
Wie lassen sich unterschiedliche Managementsysteme (Informationssicherheit, Datenschutz, Compliance) sinnvoll verzahnen?;"Um unterschiedliche Managementsysteme wie Informationssicherheit, Datenschutz und Compliance sinnvoll zu verzahnen, ist eine enge Zusammenarbeit zwischen den verschiedenen Einheiten erforderlich. Dies ermöglicht es, Synergieeffekte zu nutzen und Konflikte frühzeitig auszuräumen. Die Leitungsebene der Institution muss die Einhaltung der Anforderungen durch angemessene Überwachungsmaßnahmen sicherstellen. Quelle: 1.1. Einleitung (S.1).

Anschlussfragen:
1. Wie können die Anforderungen an das Informationssicherheitsmanagement in verschiedenen Branchen und Ländern berücksichtigt werden?
2. Welche Rolle spielt die Leitungsebene bei der Sicherstellung der Einhaltung von Anforderungen und der Überwachung von Managementprozessen?
3. Wie können Synergieeffekte zwischen Informationssicherheitsmanagement, Datenschutzmanagement und Compliance Management genutzt werden, um eine effektive Risikomanagementstrategie zu entwickeln?";Um unterschiedliche Managementsysteme wie Informationssicherheit, Datenschutz und Compliance sinnvoll zu verzahnen, ist eine enge Zusammenarbeit zwischen den verschiedenen Einheiten erforderlich. Dies ermöglicht es, Synergieeffekte zu nutzen und Konflikte frühzeitig auszuräumen. Die Leitungsebene der Institution muss die Einhaltung der Anforderungen durch angemessene Überwachungsmaßnahmen sicherstellen. Quelle: 1.1. Einleitung (S.1).;1.1. Einleitung In jeder Institution gibt es relevante gesetzliche, vertragliche und sonstige Vorgaben, wie z. B. interne Richtlinien, die beachtet werden müssen. Viele dieser Vorgaben haben direkte oder indirekte Auswirkungen auf das Informationssicherheitsmanagement. Die Anforderungen unterscheiden sich dabei je nach Branche, Land und anderen Rahmenbedingungen. Darüber hinaus unterliegt beispielsweise eine Behörde anderen externen Regelungen als eine Aktiengesellschaft. Die Leitungsebene der Institution muss die Einhaltung der Anforderungen („Compliance“) durch angemessene Überwachungsmaßnahmen sicherstellen. Je nach Größe einer Institution kann diese verschiedene Managementprozesse haben, die sich mit unterschiedlichen Aspekten des Risikomanagements beschäftigen. Dazu zählen beispielsweise Informationssicherheitsmanagement, Datenschutzmanagement, Compliance Management und Controlling. Die verschiedenen Einheiten sollten vertrauensvoll zusammenarbeiten, um Synergieeffekte zu nutzen und Konflikte frühzeitig auszuräumen.;"Um unterschiedliche Managementsysteme sinnvoll zu verzahnen, sollten Sie folgende Kernmaßnahmen umsetzen:

1. **Einheitliche Governance etablieren** – Die oberste Leitung definiert strategische Leitaussagen, stellt Ressourcen bereit und verankert den Sicherheits‑, Datenschutz‑ und Compliance‑Prozess auf gleicher Ebene Quelle: Sicherheitsmanagement (S.1‑3).  
2. **Klare Rollen und Schnittstellen festlegen** – Für IS‑Management, Datenschutz und Compliance werden jeweils ein Verantwortlicher benannt und in einem übergreifenden Lenkungsausschuss zusammengeführt Quelle: Compliance Management (Anforderungsmanagement) (S.1‑4).  
3. **Gemeinsames Risikomanagement nutzen** – Die Methoden des BSI‑Standards 200‑3 (Risikoanalyse auf Basis des IT‑Grundschutzes) werden für alle Risikotypen angewendet, sodass Informations‑, Datenschutz‑ und Compliance‑Risiken einheitlich bewertet werden Quelle: Risikomanagement‑Abschnitt (S.5‑7).  
4. **Prozesse integrieren** – ISMS‑Aufgaben werden bereits in Projekt‑, Incident‑ und Störungs‑Management eingebunden; dadurch wird der Schutzbedarf frühzeitig ermittelt und Sicherheitsvorfälle konsequent an das IS‑Management gemeldet Quelle: Informationssicherheit ist Querschnittsfunktion (S.8‑10).  
5. **Gemeinsame Dokumentation und Audits** – Sicherheitskonzepte, Compliance‑Checklisten und Datenschutz‑Folgenabschätzungen werden in einem zentralen Repository gepflegt; Audits nach Baustein DER 3.1 prüfen alle Systeme gleichzeitig Quelle: Sicherheitsrevisionen (S.11‑12).

**Relevante Bausteine**  
- ORP.5 Compliance Management (Anforderungsmanagement) (B) [Compliance‑Verantwortlicher]  
- ISMS.1 Sicherheitsmanagement (B) [IS‑Leitung]  
- ORP.1 Organisation (B) [Institutionsleitung]  
- ORP.3 Sensibilisierung und Schulung zur Informationssicherheit (B) [Schulungsbeauftragter]  
- DER 3.1 Audits und Revisionen (B) [Audit‑Leitung]  

Anschlussfragen:
1. Welche konkreten Schnittstellen zwischen Projekt‑ und IS‑Management sollten in Ihrer Institution etabliert werden?
2. Wie kann das gemeinsame Risikomanagement praktisch in bestehenden Risiko‑Boards integriert werden?
3. Welche Tools eignen sich zur zentralen Pflege von Sicherheits‑, Datenschutz‑ und Compliance‑Dokumenten?";"Um unterschiedliche Managementsysteme sinnvoll zu verzahnen, sollten Sie folgende Kernmaßnahmen umsetzen:

1. **Einheitliche Governance etablieren** – Die oberste Leitung definiert strategische Leitaussagen, stellt Ressourcen bereit und verankert den Sicherheits‑, Datenschutz‑ und Compliance‑Prozess auf gleicher Ebene Quelle: Sicherheitsmanagement (S.1‑3).  
2. **Klare Rollen und Schnittstellen festlegen** – Für IS‑Management, Datenschutz und Compliance werden jeweils ein Verantwortlicher benannt und in einem übergreifenden Lenkungsausschuss zusammengeführt Quelle: Compliance Management (Anforderungsmanagement) (S.1‑4).  
3. **Gemeinsames Risikomanagement nutzen** – Die Methoden des BSI‑Standards 200‑3 (Risikoanalyse auf Basis des IT‑Grundschutzes) werden für alle Risikotypen angewendet, sodass Informations‑, Datenschutz‑ und Compliance‑Risiken einheitlich bewertet werden Quelle: Risikomanagement‑Abschnitt (S.5‑7).  
4. **Prozesse integrieren** – ISMS‑Aufgaben werden bereits in Projekt‑, Incident‑ und Störungs‑Management eingebunden; dadurch wird der Schutzbedarf frühzeitig ermittelt und Sicherheitsvorfälle konsequent an das IS‑Management gemeldet Quelle: Informationssicherheit ist Querschnittsfunktion (S.8‑10).  
5. **Gemeinsame Dokumentation und Audits** – Sicherheitskonzepte, Compliance‑Checklisten und Datenschutz‑Folgenabschätzungen werden in einem zentralen Repository gepflegt; Audits nach Baustein DER 3.1 prüfen alle Systeme gleichzeitig Quelle: Sicherheitsrevisionen (S.11‑12).

**Relevante Bausteine**  
- ORP.5 Compliance Management (Anforderungsmanagement) (B) [Compliance‑Verantwortlicher]  
- ISMS.1 Sicherheitsmanagement (B) [IS‑Leitung]  
- ORP.1 Organisation (B) [Institutionsleitung]  
- ORP.3 Sensibilisierung und Schulung zur Informationssicherheit (B) [Schulungsbeauftragter]  
- DER 3.1 Audits und Revisionen (B) [Audit‑Leitung]";"1. Welche konkreten Schnittstellen zwischen Projekt‑ und IS‑Management sollten in Ihrer Institution etabliert werden?
2. Wie kann das gemeinsame Risikomanagement praktisch in bestehenden Risiko‑Boards integriert werden?
3. Welche Tools eignen sich zur zentralen Pflege von Sicherheits‑, Datenschutz‑ und Compliance‑Dokumenten?";3;3;0.7708333333140625;1.0;0.3333333333333333;0.18949980673281014;Welche konkreten Schnittstellen zwischen Projekt‑ und IS‑Management sollten in Ihrer Institution etabliert werden?;2.0;2.0;Schnittstellen zwischen Projekt- und IS-Management;Wie kann das gemeinsame Risikomanagement praktisch in bestehenden Risiko‑Boards integriert werden?;2.0;2.0;Risikomanagement und Integration;Welche Tools eignen sich zur zentralen Pflege von Sicherheits‑, Datenschutz‑ und Compliance‑Dokumenten?;2.0;2.0;Direkte Verbindung zu Dokumentenpflege;2.0;2.0
Welche organisatorischen Rollen sind für Compliance Management vorgesehen?;"Für das Compliance Management sind mehrere organisatorische Rollen vorgesehen. Dazu gehören die Institutionsleitung, die für die Konzeption und Organisation des Compliance Managements verantwortlich ist, sowie der Compliance-Beauftragte und der Informationssicherheitsbeauftragte. Diese sollen sich regelmäßig austauschen, um sicherheitsrelevante Anforderungen zu identifizieren und deren Umsetzung zu kontrollieren. Quelle: ORP.5.A4 Konzeption und Organisation des Compliance Managements (S) 

Anschlussfragen:
1. Wie sollten die Prozesse und Organisationsstrukturen für das Compliance Management aufgebaut werden?
2. Welche Rolle spielen der Compliance-Beauftragte und der Informationssicherheitsbeauftragte im Compliance Management?
3. Wie wird die Einhaltung der gesetzlichen, vertraglichen und sonstigen Vorgaben durch die Mitarbeitenden sichergestellt?";Für das Compliance Management sind mehrere organisatorische Rollen vorgesehen. Dazu gehören die Institutionsleitung, die für die Konzeption und Organisation des Compliance Managements verantwortlich ist, sowie der Compliance-Beauftragte und der Informationssicherheitsbeauftragte. Diese sollen sich regelmäßig austauschen, um sicherheitsrelevante Anforderungen zu identifizieren und deren Umsetzung zu kontrollieren. Quelle: ORP.5.A4 Konzeption und Organisation des Compliance Managements (S);"ORP.5.A4 Konzeption und Organisation des Compliance Managements (S) [Institutionsleitung] In der Institution SOLLTE ein Prozess aufgebaut werden, um alle relevanten gesetzlichen, vertraglichen und sonstigen Vorgaben mit Auswirkungen auf das Informationssicherheitsmanagement zu identifizieren. Es SOLLTEN geeignete Prozesse und Organisationsstrukturen aufgebaut werden, um basierend auf der Identifikation und Beachtung der rechtlichen Rahmenbedingungen, den Überblick über die verschiedenen rechtlichen Anforderungen an die einzelnen Bereiche der Institution zu gewährleisten. Dafür SOLLTEN Zuständige für das Compliance Management festgelegt werden. Compliance-Beauftragte und Informationssicherheitsbeauftragte SOLLTEN sich regelmäßig austauschen. Sie SOLLTEN gemeinsam Sicherheitsanforderungen ins Compliance Management integrieren, sicherheitsrelevante Anforderungen in Sicherheitsmaßnahmen überführen und deren Umsetzung kontrollieren.
";"- **Leitungsebene** – muss die Einhaltung der Compliance‑Anforderungen durch geeignete Überwachungsmaßnahmen sicherstellen Quelle: Compliance Management (Anforderungsmanagement) (S.1)  
- **Compliance‑Abteilung** – zentrale Einheit, die institutionsweit die Einhaltung aller gesetzlichen, vertraglichen und sonstigen Vorgaben koordiniert Quelle: Compliance Management (Anforderungsmanagement) (S.1)  
- **Informationssicherheitsbeauftragter (ISB)** – kann zusätzlich Rollen wie den Notfallbeauftragten übernehmen, sofern Schnittstellen klar definiert sind Quelle: Regelung und Dokumentation von Verantwortlichkeiten und Zuständigkeiten im Gebäude (S.2)  
- **Notfallbeauftragter** – mögliche ergänzende Aufgabe des ISB zur Sicherstellung der Notfall‑ und Krisenfähigkeit Quelle: Regelung und Dokumentation von Verantwortlichkeiten und Zuständigkeiten im Gebäude (S.2)  
- **Innenrevision** – benannte Instanz zur Klärung konfliktträchtiger Themen zwischen Rollen Quelle: Regelung und Dokumentation von Verantwortlichkeiten und Zuständigkeiten im Gebäude (S.2)  
- **Revisor/Auditor** – Rollen, die nicht ohne Weiteres mit dem ISB kombiniert werden dürfen, weil sie kontrollierende Tätigkeiten ausüben Quelle: Regelung und Dokumentation von Verantwortlichkeiten und Zuständigkeiten im Gebäude (S.2)  
- **Externe Betreiberorganisation (z. B. TGM‑Betreiber)** – muss Rechte, Pflichten, Aufgaben und Kompetenzen vertraglich festhalten und dokumentieren Quelle: Regelung und Dokumentation von Verantwortlichkeiten und Zuständigkeiten im Gebäude (S.2)  

Anschlussfragen:
1. Welche konkreten Aufgaben und Prozesse sind der Compliance‑Abteilung zuzuordnen?
2. Wie wird die Zusammenarbeit zwischen ISB und Innenrevision praktisch geregelt?
3. Welche Dokumentationsanforderungen gelten für die Rollen im Gebäude‑Kontext?";"- **Leitungsebene** – muss die Einhaltung der Compliance‑Anforderungen durch geeignete Überwachungsmaßnahmen sicherstellen Quelle: Compliance Management (Anforderungsmanagement) (S.1)  
- **Compliance‑Abteilung** – zentrale Einheit, die institutionsweit die Einhaltung aller gesetzlichen, vertraglichen und sonstigen Vorgaben koordiniert Quelle: Compliance Management (Anforderungsmanagement) (S.1)  
- **Informationssicherheitsbeauftragter (ISB)** – kann zusätzlich Rollen wie den Notfallbeauftragten übernehmen, sofern Schnittstellen klar definiert sind Quelle: Regelung und Dokumentation von Verantwortlichkeiten und Zuständigkeiten im Gebäude (S.2)  
- **Notfallbeauftragter** – mögliche ergänzende Aufgabe des ISB zur Sicherstellung der Notfall‑ und Krisenfähigkeit Quelle: Regelung und Dokumentation von Verantwortlichkeiten und Zuständigkeiten im Gebäude (S.2)  
- **Innenrevision** – benannte Instanz zur Klärung konfliktträchtiger Themen zwischen Rollen Quelle: Regelung und Dokumentation von Verantwortlichkeiten und Zuständigkeiten im Gebäude (S.2)  
- **Revisor/Auditor** – Rollen, die nicht ohne Weiteres mit dem ISB kombiniert werden dürfen, weil sie kontrollierende Tätigkeiten ausüben Quelle: Regelung und Dokumentation von Verantwortlichkeiten und Zuständigkeiten im Gebäude (S.2)  
- **Externe Betreiberorganisation (z. B. TGM‑Betreiber)** – muss Rechte, Pflichten, Aufgaben und Kompetenzen vertraglich festhalten und dokumentieren Quelle: Regelung und Dokumentation von Verantwortlichkeiten und Zuständigkeiten im Gebäude (S.2)";"1. Welche konkreten Aufgaben und Prozesse sind der Compliance‑Abteilung zuzuordnen?
2. Wie wird die Zusammenarbeit zwischen ISB und Innenrevision praktisch geregelt?
3. Welche Dokumentationsanforderungen gelten für die Rollen im Gebäude‑Kontext?";3;3;0.99999999995;0.8333333333333334;1.0;0.18248854696135194;Welche konkreten Aufgaben und Prozesse sind der Compliance‑Abteilung zuzuordnen?;2.0;2.0;Direkte Zuordnung von Aufgaben;Wie wird die Zusammenarbeit zwischen ISB und Innenrevision praktisch geregelt?;1.0;1.0;Teilweise abgedeckt, thematisch verwandt;Welche Dokumentationsanforderungen gelten für die Rollen im Gebäude‑Kontext?;2.0;1.0;Dokumentationsanforderungen;1.667;1.333
Welche Maßnahmen adressieren mehrere Gefährdungen gleichzeitig?;"Die Maßnahmen, die mehrere Gefährdungen gleichzeitig adressieren, sind im Kontext des IT-Grundschutz-Kompendiums nicht explizit aufgeführt. Allerdings kann man aus den Anforderungen des Bausteins ORP.5 Compliance Management (Anforderungsmanagement) schließen, dass die Identifikation und Dokumentation von gesetzlichen, vertraglichen und sonstigen Vorgaben sowie die Beachtung dieser Rahmenbedingungen bei der Planung und Konzeption von Geschäftsprozessen, Anwendungen und IT-Systemen dazu beitragen können, mehrere Gefährdungen zu minimieren. Quelle: ORP.5.A1 Identifikation der Rahmenbedingungen (B) [Zentrale Verwaltung, Institutionsleitung] (S.1), Quelle: ORP.5.A2 Beachtung der Rahmenbedingungen (B) [Vorgesetzte, Zentrale Verwaltung, Institutionsleitung] (S.2).

Anschlussfragen:
1. Wie können die im Baustein ORP.5 identifizierten Anforderungen in die tägliche Arbeit integriert werden?
2. Welche Rolle spielt die regelmäßige Überprüfung des Compliance Managements bei der Minimierung von Gefährdungen?
3. Wie kann die Verpflichtung der Mitarbeitenden zur Einhaltung der gesetzlichen, vertraglichen und sonstigen Vorgaben im Baustein ORP.2 Personal umgesetzt werden?";Die Maßnahmen, die mehrere Gefährdungen gleichzeitig adressieren, sind im Kontext des IT-Grundschutz-Kompendiums nicht explizit aufgeführt. Allerdings kann man aus den Anforderungen des Bausteins ORP.5 Compliance Management (Anforderungsmanagement) schließen, dass die Identifikation und Dokumentation von gesetzlichen, vertraglichen und sonstigen Vorgaben sowie die Beachtung dieser Rahmenbedingungen bei der Planung und Konzeption von Geschäftsprozessen, Anwendungen und IT-Systemen dazu beitragen können, mehrere Gefährdungen zu minimieren. Quelle: ORP.5.A1 Identifikation der Rahmenbedingungen (B) [Zentrale Verwaltung, Institutionsleitung] (S.1), Quelle: ORP.5.A2 Beachtung der Rahmenbedingungen (B) [Vorgesetzte, Zentrale Verwaltung, Institutionsleitung] (S.2).;"""ORP.5.A1 Identifikation der Rahmenbedingungen (B) [Zentrale Verwaltung, Institutionsleitung] Alle gesetzlichen, vertraglichen und sonstigen Vorgaben mit Auswirkungen auf das Informationssicherheitsmanagement MÜSSEN identifiziert und dokumentiert werden. Die für die einzelnen Bereiche der Institution relevanten gesetzlichen, vertraglichen und sonstigen Vorgaben SOLLTEN in einer strukturierten Übersicht herausgearbeitet werden. Die Dokumentation MUSS auf dem aktuellen Stand gehalten werden."",

""ORP.5.A2 Beachtung der Rahmenbedingungen (B) [Vorgesetzte, Zentrale Verwaltung, Institutionsleitung] Die als sicherheitsrelevant identifizierten Anforderungen MÜSSEN bei der Planung und Konzeption von Geschäftsprozessen, Anwendungen und IT-Systemen oder bei der Beschaffung neuer Komponenten einfließen. Führungskräfte, die eine rechtliche Verantwortung für die Institution tragen, MÜSSEN für die Einhaltung der gesetzlichen, vertraglichen und sonstigen Vorgaben sorgen. Die Verantwortlichkeiten und Zuständigkeiten für die Einhaltung dieser Vorgaben MÜSSEN festgelegt sein. Es MÜSSEN geeignete Maßnahmen identifiziert und umgesetzt werden, um Verstöße gegen relevante Anforderungen zu vermeiden. Wenn solche Verstöße erkannt werden, MÜSSEN sachgerechte Korrekturmaßnahmen ergriffen werden, um die Abweichungen zu beheben."",

""ORP.5.A8 Regelmäßige Überprüfungen des Compliance Managements (S) Es SOLLTE ein Verfahren etabliert sein, wie das Compliance Management und die sich daraus ergebenden Anforderungen und Maßnahmen regelmäßig auf ihre Effizienz und Effektivität überprüft werden (siehe auch DER.3.1 Audits und Revisionen). Es SOLLTE regelmäßig geprüft werden, ob die Organisationsstruktur und die Prozesse des Compliance Managements angemessen sind.""";"Im bereitgestellten Kontext nicht enthalten

Anschlussfragen:
1. Welche konkreten Bausteine des IT‑Grundschutz‑Kompendiums sollen für die Analyse herangezogen werden?
2. Soll eine Übersicht über generische Sicherheitsmaßnahmen (z. B. Zugriffskontrolle, Patch‑Management) erstellt werden?
3. Wie detailliert soll die Konsolidierung bereits vorhandener Maßnahmen beschrieben werden?";Im bereitgestellten Kontext nicht enthalten;"1. Welche konkreten Bausteine des IT‑Grundschutz‑Kompendiums sollen für die Analyse herangezogen werden?
2. Soll eine Übersicht über generische Sicherheitsmaßnahmen (z. B. Zugriffskontrolle, Patch‑Management) erstellt werden?
3. Wie detailliert soll die Konsolidierung bereits vorhandener Maßnahmen beschrieben werden?";3;3;0.0;1.0;0.0;0.2941979037427172;Welche konkreten Bausteine des IT‑Grundschutz‑Kompendiums sollen für die Analyse herangezogen werden?;2.0;2.0;Direkte Bezugnahme auf IT-Grundschutz-Kompendium;Soll eine Übersicht über generische Sicherheitsmaßnahmen (z. B. Zugriffskontrolle, Patch‑Management) erstellt werden?;2.0;2.0;Direkte Überschneidung mit IT-Grundschutz;Wie detailliert soll die Konsolidierung bereits vorhandener Maßnahmen beschrieben werden?;1.0;1.0;Konsolidierung von Maßnahmen;1.667;1.667
Darf ich meinen Server als normalen Arbeitsplatz nutzen?;"Nein, Sie dürfen Ihren Server nicht als normalen Arbeitsplatz nutzen. Server DÜRFEN NICHT als Arbeitsplatzrechner genutzt werden, da sie für spezifische Serverdienste und nicht für allgemeine Arbeitsplatzaktivitäten konzipiert sind. Quelle: SYS.1.1.A1 (S.1).

Anschlussfragen:
1. Welche Anforderungen müssen bei der Nutzung von virtualisierten Servern berücksichtigt werden?
2. Warum sollten Server grundsätzlich in Rechenzentren, Serverräumen oder abschließbaren Serverschränken aufgestellt werden?
3. Welche Rolle spielt das Rollen- und Berechtigungskonzept bei der Administration von Servern?";Nein, Sie dürfen Ihren Server nicht als normalen Arbeitsplatz nutzen. Server DÜRFEN NICHT als Arbeitsplatzrechner genutzt werden, da sie für spezifische Serverdienste und nicht für allgemeine Arbeitsplatzaktivitäten konzipiert sind. Quelle: SYS.1.1.A1 (S.1).;SYS.1.1.A1 Zugriffsschutz und Nutzung (B) Physische Server MÜSSEN an Orten betrieben werden, zu denen nur berechtigte Personen Zutritt haben. Physische Server MÜSSEN daher in Rechenzentren, Serverräumen oder abschließbaren Serverschränken aufgestellt beziehungsweise eingebaut werden (siehe hierzu die entsprechenden Bausteine der Schicht INF Infrastruktur). Bei virtualisierten Servern MUSS der Zugriff auf die Ressourcen der Instanz und deren Konfiguration ebenfalls auf die berechtigten Personen begrenzt werden. Server DÜRFEN NICHT als Arbeitsplatzrechner genutzt werden. Server DÜRFEN NICHT zur Erledigung von Aufgaben und Tätigkeiten verwendet werden, die grundsätzlich auf einem ClientSystem aus- und durchgeführt werden können. Insbesondere DÜRFEN vorhandene Anwendungen, wie Webbrowser, auf dem Server NICHT für das Abrufen von Informationen aus dem Internet oder das Herunterladen von Software, Treibern und Updates verwendet werden. Als Arbeitsplatz genutzte IT-Systeme DÜRFEN NICHT als Server genutzt werden.;"Nein, das ist nicht zulässig. Server DÜRFEN NICHT als Arbeitsplatzrechner genutzt werden Quelle: Zugriffsschutz und Nutzung (S.1). Ebenso dürfen IT‑Systeme, die als Arbeitsplatz eingesetzt werden, nicht als Server betrieben werden Quelle: Zugriffsschutz und Nutzung (S.1). Die Nutzung von Servern für typische Client‑Aufgaben (z. B. Web‑Browser, Software‑Downloads) ist ausdrücklich untersagt, weil sie das Risiko von Fehlkonfigurationen, unberechtigten Administrationsrechten und Datenverlust erhöht Quelle: Zugriffsschutz und Nutzung (S.1).  

Anschlussfragen:
1. Welche konkreten Bausteine regeln die Trennung von Server‑ und Arbeitsplatzfunktionen?
2. Wie muss das Rollen‑ und Berechtigungskonzept für Server gestaltet sein?
3. Welche Maßnahmen sind erforderlich, um den Missbrauch von Administrationsrechten auf Servern zu verhindern?";Nein, das ist nicht zulässig. Server DÜRFEN NICHT als Arbeitsplatzrechner genutzt werden Quelle: Zugriffsschutz und Nutzung (S.1). Ebenso dürfen IT‑Systeme, die als Arbeitsplatz eingesetzt werden, nicht als Server betrieben werden Quelle: Zugriffsschutz und Nutzung (S.1). Die Nutzung von Servern für typische Client‑Aufgaben (z. B. Web‑Browser, Software‑Downloads) ist ausdrücklich untersagt, weil sie das Risiko von Fehlkonfigurationen, unberechtigten Administrationsrechten und Datenverlust erhöht Quelle: Zugriffsschutz und Nutzung (S.1).;"1. Welche konkreten Bausteine regeln die Trennung von Server‑ und Arbeitsplatzfunktionen?
2. Wie muss das Rollen‑ und Berechtigungskonzept für Server gestaltet sein?
3. Welche Maßnahmen sind erforderlich, um den Missbrauch von Administrationsrechten auf Servern zu verhindern?";3;3;;;;;Welche konkreten Bausteine regeln die Trennung von Server‑ und Arbeitsplatzfunktionen?;2.0;2.0;Direkte Bezugnahme auf Serverfunktionen;Wie muss das Rollen‑ und Berechtigungskonzept für Server gestaltet sein?;2.0;2.0;Rollen- und Berechtigungskonzept;Welche Maßnahmen sind erforderlich, um den Missbrauch von Administrationsrechten auf Servern zu verhindern?;2.0;2.0;Direkt relevante Frage;2.0;2.0
Welche weiterführenden Informationen gibt es zu den Anforderungen an den Aufstellungsort von physischen Servern?;"Weiterführende Informationen zu den Anforderungen an den Aufstellungsort von physischen Servern können im Dokument ""Guide to General Server Security: NIST Special Publication 800-123"" des National Institute of Standards and Technology (NIST) gefunden werden, das im Juli 2008 veröffentlicht wurde Quelle: 4.1. Wissenswertes. 

Anschlussfragen:
1. Welche spezifischen Anforderungen an die physische Sicherheit von Servern stellt das NIST-Dokument?
2. Wie werden in dem Dokument die Aspekte der Umgebungsüberwachung und des Zugangsschutzes für Serverräume behandelt?
3. Welche Empfehlungen gibt das NIST-Dokument für die Platzierung von Servern in Rechenzentren oder Serverräumen?";"Weiterführende Informationen zu den Anforderungen an den Aufstellungsort von physischen Servern können im Dokument ""Guide to General Server Security: NIST Special Publication 800-123"" des National Institute of Standards and Technology (NIST) gefunden werden, das im Juli 2008 veröffentlicht wurde Quelle: 4.1. Wissenswertes.";"4. Weiterführende Informationen
4.1. Wissenswertes
Das National Institute of Standards and Technology (NIST) stellt das Dokument „Guide to General Server Security: NIST Special Publication 800-123“, Juli 2008 zur Verfügung.";"Physische Server MÜSSEN an Orten betrieben werden, zu denen nur berechtigte Personen Zutritt haben, also in Rechenzentren, Serverräumen oder abschließbaren Serverschränken Quelle: Zugriffsschutz und Nutzung (S.1)  
Sie DÜRFEN NICHT als Arbeitsplatzrechner genutzt werden und dürfen keine client‑typischen Anwendungen wie Webbrowser für Internetzugriffe ausführen Quelle: Zugriffsschutz und Nutzung (S.2)  
Die IT‑Komponenten von Speicherlösungen MÜSSEN ebenfalls in verschlossenen Räumen mit beschränktem Zutritt aufgestellt werden, wobei eine sichere Stromversorgung sowie die Einhaltung von Temperatur‑ und Luftfeuchtevorgaben des Herstellers sicherzustellen sind Quelle: Geeignete Aufstellung von Speichersystemen (S.3)  
Bei der Planung von Server‑Einsätzen SOLLTEN u. a. Plattformwahl, Dimensionierung, Kommunikationsschnittstellen, Leistungsaufnahme, Wärmelast, Platzbedarf, administrative Zugänge und Protokollierung berücksichtigt und dokumentiert werden Quelle: Planung des Server‑Einsatzes (S.4)  
Ein Rechenzentrum MUSS als geschlossener Sicherheitsbereich mit klar getrennten Sicherheitszonen (Verwaltung, Logistik, IT‑Betrieb, Support) konzipiert werden; bei Serverräumen SOLLTE geprüft werden, ob unterschiedliche Zonen eingerichtet werden können Quelle: Festlegung von Anforderungen (S.5)  
Zur Unterstützung der physischen Aufstellung gelten die allgemeinen Vorgaben zu räumlichen Sicherheitszonen, die den Zugang zu hochschutzbedürftigen Bereichen durch Abschließungen oder Zugangskontrollen regeln Quelle: Räumliche Sicherheitszonen (S.6)  

Anschlussfragen:
1. Welche konkreten technischen Maßnahmen werden für den Zutritts‑ und Zugriffsschutz in Rechenzentren empfohlen?
2. Wie wird die Dokumentation der Server‑Planungsentscheidungen im IT‑Grundschutz konkret umgesetzt?
3. Welche Rolle spielen Sicherheitszonen bei der Virtualisierung von Servern?";"Physische Server MÜSSEN an Orten betrieben werden, zu denen nur berechtigte Personen Zutritt haben, also in Rechenzentren, Serverräumen oder abschließbaren Serverschränken Quelle: Zugriffsschutz und Nutzung (S.1)  
Sie DÜRFEN NICHT als Arbeitsplatzrechner genutzt werden und dürfen keine client‑typischen Anwendungen wie Webbrowser für Internetzugriffe ausführen Quelle: Zugriffsschutz und Nutzung (S.2)  
Die IT‑Komponenten von Speicherlösungen MÜSSEN ebenfalls in verschlossenen Räumen mit beschränktem Zutritt aufgestellt werden, wobei eine sichere Stromversorgung sowie die Einhaltung von Temperatur‑ und Luftfeuchtevorgaben des Herstellers sicherzustellen sind Quelle: Geeignete Aufstellung von Speichersystemen (S.3)  
Bei der Planung von Server‑Einsätzen SOLLTEN u. a. Plattformwahl, Dimensionierung, Kommunikationsschnittstellen, Leistungsaufnahme, Wärmelast, Platzbedarf, administrative Zugänge und Protokollierung berücksichtigt und dokumentiert werden Quelle: Planung des Server‑Einsatzes (S.4)  
Ein Rechenzentrum MUSS als geschlossener Sicherheitsbereich mit klar getrennten Sicherheitszonen (Verwaltung, Logistik, IT‑Betrieb, Support) konzipiert werden; bei Serverräumen SOLLTE geprüft werden, ob unterschiedliche Zonen eingerichtet werden können Quelle: Festlegung von Anforderungen (S.5)  
Zur Unterstützung der physischen Aufstellung gelten die allgemeinen Vorgaben zu räumlichen Sicherheitszonen, die den Zugang zu hochschutzbedürftigen Bereichen durch Abschließungen oder Zugangskontrollen regeln Quelle: Räumliche Sicherheitszonen (S.6)";"1. Welche konkreten technischen Maßnahmen werden für den Zutritts‑ und Zugriffsschutz in Rechenzentren empfohlen?
2. Wie wird die Dokumentation der Server‑Planungsentscheidungen im IT‑Grundschutz konkret umgesetzt?
3. Welche Rolle spielen Sicherheitszonen bei der Virtualisierung von Servern?";3;3;0.0;0.0;0.9166666666666666;0.16283599818188016;Welche konkreten technischen Maßnahmen werden für den Zutritts‑ und Zugriffsschutz in Rechenzentren empfohlen?;2.0;2.0;Zutritts- und Zugriffsschutz;Wie wird die Dokumentation der Server‑Planungsentscheidungen im IT‑Grundschutz konkret umgesetzt?;2.0;2.0;Dokumentation von Server-Planung;Welche Rolle spielen Sicherheitszonen bei der Virtualisierung von Servern?;1.0;0.0;Virtualisierung statt physische Server;1.667;1.333
Welche Ereignisse muss ich bei einem Serversystem mindestens protokollieren?;"Bei einem Serversystem müssen mindestens die folgenden Ereignisse protokolliert werden: Systemstarts und Reboots, erfolgreiche und erfolglose Anmeldungen, fehlgeschlagene Berechtigungsprüfungen, blockierte Datenströme, Einrichtung oder Änderungen von Benutzenden, Gruppen und Berechtigungen, sicherheitsrelevante Fehlermeldungen sowie Warnmeldungen von Sicherheitssystemen Quelle: SYS.1.1.A10 Protokollierung (B) (S. unbekannt, da keine Seitenzahl angegeben).

Anschlussfragen:
1. Welche Rolle spielt die Protokollierung bei der Einhaltung der IT-Sicherheit in einem Serversystem?
2. Wie können die Anforderungen an die Protokollierung bei verschiedenen Server-Betriebssystemen berücksichtigt werden?
3. Welche zusätzlichen Bausteine müssen bei der Modellierung von Serverdiensten und Terminalservern berücksichtigt werden?";Bei einem Serversystem müssen mindestens die folgenden Ereignisse protokolliert werden: Systemstarts und Reboots, erfolgreiche und erfolglose Anmeldungen, fehlgeschlagene Berechtigungsprüfungen, blockierte Datenströme, Einrichtung oder Änderungen von Benutzenden, Gruppen und Berechtigungen, sicherheitsrelevante Fehlermeldungen sowie Warnmeldungen von Sicherheitssystemen Quelle: SYS.1.1.A10 Protokollierung (B) (S. unbekannt, da keine Seitenzahl angegeben).;"SYS.1.1.A10 Protokollierung (B) Generell MÜSSEN alle sicherheitsrelevanten Systemereignisse protokolliert werden, dazu gehören mindestens:

• Systemstarts und Reboots,

• erfolgreiche und erfolglose Anmeldungen am IT-System (Betriebssystem und Anwendungssoftware),

• fehlgeschlagene Berechtigungsprüfungen,

• blockierte Datenströme (Verstöße gegen ACLs oder Firewallregeln),

• Einrichtung oder Änderungen von Benutzenden, Gruppen und Berechtigungen,

• sicherheitsrelevante Fehlermeldungen (z. B. Hardwaredefekte, Überschreitung von Kapazitätsgrenzen) sowie

• Warnmeldungen von Sicherheitssystemen (z. B. Virenschutz).";"- Systemstarts und Reboots Quelle: Protokollierung (S.1)  
- Erfolgreiche und erfolglose Anmeldungen am IT‑System (Betriebssystem und Anwendungssoftware) Quelle: Protokollierung (S.1)  
- Fehlgeschlagene Berechtigungsprüfungen Quelle: Protokollierung (S.1)  
- Blockierte Datenströme (Verstöße gegen ACLs oder Firewall‑Regeln) Quelle: Protokollierung (S.1)  
- Einrichtung oder Änderungen von Benutzenden, Gruppen und Berechtigungen Quelle: Protokollierung (S.1)  
- Sicherheitsrelevante Fehlermeldungen (z. B. Hardwaredefekte, Überschreitung von Kapazitätsgrenzen) Quelle: Protokollierung (S.1)  
- Warnmeldungen von Sicherheitssystemen (z. B. Virenschutz) Quelle: Protokollierung (S.1)  
- Unerlaubte Zugriffe bzw. Zugriffsversuche Quelle: Grundlegende Protokollierung von Ereignissen (S.1)  
- Leistungs‑ oder Verfügbarkeitsschwankungen des Netzes Quelle: Grundlegende Protokollierung von Ereignissen (S.1)  
- Fehler in automatischen Prozessen (z. B. bei der Konfigurationsverteilung) Quelle: Grundlegende Protokollierung von Ereignissen (S.1)  
- Eingeschränkte Erreichbarkeit von Netzkomponenten Quelle: Grundlegende Protokollierung von Ereignissen (S.1)  

Anschlussfragen:
1. Wie sollten die protokollierten Daten zentral gesammelt und ausgewertet werden?  
2. Welche Aufbewahrungsfristen gelten für die genannten Protokolle?  
3. Welche Rollen sind für die Überprüfung und Analyse der Protokolle verantwortlich?";"- Systemstarts und Reboots Quelle: Protokollierung (S.1)  
- Erfolgreiche und erfolglose Anmeldungen am IT‑System (Betriebssystem und Anwendungssoftware) Quelle: Protokollierung (S.1)  
- Fehlgeschlagene Berechtigungsprüfungen Quelle: Protokollierung (S.1)  
- Blockierte Datenströme (Verstöße gegen ACLs oder Firewall‑Regeln) Quelle: Protokollierung (S.1)  
- Einrichtung oder Änderungen von Benutzenden, Gruppen und Berechtigungen Quelle: Protokollierung (S.1)  
- Sicherheitsrelevante Fehlermeldungen (z. B. Hardwaredefekte, Überschreitung von Kapazitätsgrenzen) Quelle: Protokollierung (S.1)  
- Warnmeldungen von Sicherheitssystemen (z. B. Virenschutz) Quelle: Protokollierung (S.1)  
- Unerlaubte Zugriffe bzw. Zugriffsversuche Quelle: Grundlegende Protokollierung von Ereignissen (S.1)  
- Leistungs‑ oder Verfügbarkeitsschwankungen des Netzes Quelle: Grundlegende Protokollierung von Ereignissen (S.1)  
- Fehler in automatischen Prozessen (z. B. bei der Konfigurationsverteilung) Quelle: Grundlegende Protokollierung von Ereignissen (S.1)  
- Eingeschränkte Erreichbarkeit von Netzkomponenten Quelle: Grundlegende Protokollierung von Ereignissen (S.1)";"1. Wie sollten die protokollierten Daten zentral gesammelt und ausgewertet werden?  
2. Welche Aufbewahrungsfristen gelten für die genannten Protokolle?  
3. Welche Rollen sind für die Überprüfung und Analyse der Protokolle verantwortlich?";3;3;0.49999999995;1.0;1.0;0.7899592976803117;Wie sollten die protokollierten Daten zentral gesammelt und ausgewertet werden?;2.0;2.0;Zentrale Protokollierung;Welche Aufbewahrungsfristen gelten für die genannten Protokolle?;1.0;2.0;Teilweise abgedeckt;Welche Rollen sind für die Überprüfung und Analyse der Protokolle verantwortlich?;2.0;2.0;Rollen für Protokollanalyse;1.667;2.0
Was muss ich bei der Planung des Einsatzes eines neuen Servers in meiner Infrastruktur beachten?;"Bei der Planung des Einsatzes eines neuen Servers in Ihrer Infrastruktur sollten Sie gemäß SYS.1.1.A12 Planung des Server-Einsatzes (S) verschiedene Punkte berücksichtigen, wie die Auswahl der Plattform, Dimensionierung der Hardware, Art und Anzahl der Kommunikationsschnittstellen, administrative Zugänge, Zugriffe von Benutzenden, Protokollierung und Einbindung ins System- und Netzmanagement Quelle: SYS.1.1.A12 Planung des Server-Einsatzes (S). Alle Entscheidungen sollten so dokumentiert werden, dass sie zu einem späteren Zeitpunkt nachvollzogen werden können Quelle: SYS.1.1.A12 Planung des Server-Einsatzes (S).

Anschlussfragen:
1. Wie sollten Sie die Auswahl der Plattform und des Betriebssystems für den neuen Server vornehmen?
2. Welche Rolle spielt die Dimensionierung der Hardware bei der Planung des Server-Einsatzes?
3. Wie können Sie sicherstellen, dass der neue Server angemessen in das System- und Netzmanagement integriert wird?";Bei der Planung des Einsatzes eines neuen Servers in Ihrer Infrastruktur sollten Sie gemäß SYS.1.1.A12 Planung des Server-Einsatzes (S) verschiedene Punkte berücksichtigen, wie die Auswahl der Plattform, Dimensionierung der Hardware, Art und Anzahl der Kommunikationsschnittstellen, administrative Zugänge, Zugriffe von Benutzenden, Protokollierung und Einbindung ins System- und Netzmanagement Quelle: SYS.1.1.A12 Planung des Server-Einsatzes (S). Alle Entscheidungen sollten so dokumentiert werden, dass sie zu einem späteren Zeitpunkt nachvollzogen werden können Quelle: SYS.1.1.A12 Planung des Server-Einsatzes (S).;"SYS.1.1.A12 Planung des Server-Einsatzes (S) Jedes Server-System SOLLTE geeignet geplant werden. Dabei SOLLTEN mindestens folgende Punkte berücksichtigt werden:

• Auswahl der Plattform (Hardware oder virtualisierte Ressourcen), des Betriebssystems und der Anwendungssoftware,

• Dimensionierung der Hardware (Leistung, Speicher, Bandbreite etc.),

• Art und Anzahl der Kommunikationsschnittstellen,

• Leistungsaufnahme, Wärmelast, Platzbedarf und Bauform,

• administrative Zugänge (siehe SYS.1.1.A5 Schutz von Schnittstellen),

• Zugriffe von Benutzenden,

• Protokollierung (siehe SYS.1.1.A10 Protokollierung),

• Aktualisierung von Betriebssystem und Anwendungen sowie

• Einbindung ins System- und Netzmanagement, in die Datensicherung und die Schutzsysteme (Virenschutz, IDS etc.).

Alle Entscheidungen, die in der Planungsphase getroffen wurden, SOLLTEN so dokumentiert werden, dass sie zu einem späteren Zeitpunkt nachvollzogen werden können.";"Bei der Planung eines neuen Servers sind folgende Punkte zu berücksichtigen:

- Auswahl von Plattform (Hardware / Virtualisierung), Betriebssystem und Anwendungssoftware Quelle: Planung des Server‑Einsatzes (S.1)  
- Dimensionierung von CPU, Speicher, Netzwerk‑Bandbreite usw. Quelle: Planung des Server‑Einsatzes (S.1)  
- Festlegung von Art und Anzahl der Kommunikationsschnittstellen Quelle: Planung des Server‑Einsatzes (S.1)  
- Bewertung von Leistungsaufnahme, Wärmelast, Platzbedarf und Bauform Quelle: Planung des Server‑Einsatzes (S.1)  
- Definition administrativer Zugänge (vgl. SYS.1.1.A5 Schutz von Schnittstellen) Quelle: Planung des Server‑Einsatzes (S.1)  
- Bestimmung der Benutzer‑Zugriffsrechte und Anwendung des Least‑Privilege‑Prinzips Quelle: Planung des Server‑Einsatzes (S.1)  
- Planung der Protokollierung (vgl. SYS.1.1.A10 Protokollierung) Quelle: Planung des Server‑Einsatzes (S.1)  
- Festlegung von Aktualisierungs‑ und Patch‑Prozessen für OS und Anwendungen Quelle: Planung des Server‑Einsatzes (S.1)  
- Integration in System‑ und Netz‑Management, Datensicherung sowie Schutzsysteme (Virenschutz, IDS etc.) Quelle: Planung des Server‑Einsatzes (S.1)  
- Dokumentation aller getroffenen Entscheidungen, sodass sie später nachvollziehbar sind Quelle: Planung des Server‑Einsatzes (S.1)

Für Windows Server 2012 gelten zusätzlich zwingende Vorgaben zur Edition‑Auswahl, AD‑Einbindung und Blockierung von Microsoft‑Konten Quelle: Planung von Windows Server 2012 (S.2).  

Anschlussfragen:
1. Welche konkreten Dokumentationsvorlagen empfiehlt das BSI für die Server‑Planung?
2. Wie lässt sich das Least‑Privilege‑Prinzip technisch auf einem neuen Server umsetzen?
3. Welche Prüfungen sollten vor Inbetriebnahme eines DNS‑Servers durchgeführt werden?";"Bei der Planung eines neuen Servers sind folgende Punkte zu berücksichtigen:

- Auswahl von Plattform (Hardware / Virtualisierung), Betriebssystem und Anwendungssoftware Quelle: Planung des Server‑Einsatzes (S.1)  
- Dimensionierung von CPU, Speicher, Netzwerk‑Bandbreite usw. Quelle: Planung des Server‑Einsatzes (S.1)  
- Festlegung von Art und Anzahl der Kommunikationsschnittstellen Quelle: Planung des Server‑Einsatzes (S.1)  
- Bewertung von Leistungsaufnahme, Wärmelast, Platzbedarf und Bauform Quelle: Planung des Server‑Einsatzes (S.1)  
- Definition administrativer Zugänge (vgl. SYS.1.1.A5 Schutz von Schnittstellen) Quelle: Planung des Server‑Einsatzes (S.1)  
- Bestimmung der Benutzer‑Zugriffsrechte und Anwendung des Least‑Privilege‑Prinzips Quelle: Planung des Server‑Einsatzes (S.1)  
- Planung der Protokollierung (vgl. SYS.1.1.A10 Protokollierung) Quelle: Planung des Server‑Einsatzes (S.1)  
- Festlegung von Aktualisierungs‑ und Patch‑Prozessen für OS und Anwendungen Quelle: Planung des Server‑Einsatzes (S.1)  
- Integration in System‑ und Netz‑Management, Datensicherung sowie Schutzsysteme (Virenschutz, IDS etc.) Quelle: Planung des Server‑Einsatzes (S.1)  
- Dokumentation aller getroffenen Entscheidungen, sodass sie später nachvollziehbar sind Quelle: Planung des Server‑Einsatzes (S.1)

Für Windows Server 2012 gelten zusätzlich zwingende Vorgaben zur Edition‑Auswahl, AD‑Einbindung und Blockierung von Microsoft‑Konten Quelle: Planung von Windows Server 2012 (S.2).";"1. Welche konkreten Dokumentationsvorlagen empfiehlt das BSI für die Server‑Planung?
2. Wie lässt sich das Least‑Privilege‑Prinzip technisch auf einem neuen Server umsetzen?
3. Welche Prüfungen sollten vor Inbetriebnahme eines DNS‑Servers durchgeführt werden?";3;3;0.8134920634785053;1.0;1.0;0.816118229647937;Welche konkreten Dokumentationsvorlagen empfiehlt das BSI für die Server‑Planung?;1.0;2.0;Dokumentvorlagen teilweise abgedeckt;Wie lässt sich das Least‑Privilege‑Prinzip technisch auf einem neuen Server umsetzen?;1.0;2.0;Least-Privilege-Prinzip in IT-Grundschutz;Welche Prüfungen sollten vor Inbetriebnahme eines DNS‑Servers durchgeführt werden?;2.0;2.0;Direkte Relevanz zu DNS-Servern;1.333;2.0
Wie sollte die Installation und Grundkonfiguration ablaufen?;"Die Installation und Grundkonfiguration von Servern SOLLTE soweit wie möglich innerhalb einer gesonderten und von Produktivsystemen abgetrennten Installationsumgebung vorgenommen werden Quelle: SYS.1.1.A16 (S.?). Die Konfiguration des Betriebssystems SOLLTE vor produktiver Inbetriebnahme des Servers bereits vorgenommen sein Quelle: SYS.1.1.A16 (S.?). Mehrere wesentliche Funktionen und Rollen SOLLTEN NICHT durch einen einzigen Server erfüllt, sondern geeignet aufgeteilt werden Quelle: SYS.1.1.A16 (S.?).

Anschlussfragen:
1. Wie sollten die sicherheitsrelevanten Einstellungen der aktivierten Dienste und Funktionen konfiguriert werden?
2. Welche Rolle spielt die Dokumentation und Begründung von Konfigurationsentscheidungen?
3. Wie sollten Server mit Internetzugang konfiguriert und geschützt werden?";Die Installation und Grundkonfiguration von Servern SOLLTE soweit wie möglich innerhalb einer gesonderten und von Produktivsystemen abgetrennten Installationsumgebung vorgenommen werden Quelle: SYS.1.1.A16 (S.?). Die Konfiguration des Betriebssystems SOLLTE vor produktiver Inbetriebnahme des Servers bereits vorgenommen sein Quelle: SYS.1.1.A16 (S.?). Mehrere wesentliche Funktionen und Rollen SOLLTEN NICHT durch einen einzigen Server erfüllt, sondern geeignet aufgeteilt werden Quelle: SYS.1.1.A16 (S.?).;SYS.1.1.A16 Sichere Installation und Grundkonfiguration von Servern (S) Der vollständige Installations- und Konfigurationsvorgang SOLLTE soweit wie möglich innerhalb einer gesonderten und von Produktivsystemen abgetrennten Installationsumgebung vorgenommen werden. Die Konfiguration des Betriebssystems SOLLTE vor produktiver Inbetriebnahme des Servers bereits vorgenommen sein. Mehrere wesentliche Funktionen und Rollen SOLLTEN NICHT durch einen einzigen Server erfüllt, sondern geeignet aufgeteilt werden. Alle sicherheitsrelevanten Einstellungen der aktivierten Dienste und Funktionen (vgl. SYS.1.1.A6 Deaktivierung nicht benötigter Dienste) SOLLTEN entsprechend den Vorgaben der Sicherheitsrichtlinie für Server (siehe SYS.1.1.A11 Festlegung einer Sicherheitsrichtlinie für Server) konfiguriert, getestet und regelmäßig inhaltlich überprüft werden. Dabei SOLLTE der Server unter Berücksichtigung der Empfehlungen des Betriebssystemherstellers und des voreingestellten Standardverhaltens konfiguriert werden, sofern dies nicht anderen Anforderungen aus dem IT-Grundschutz oder der Organisation widerspricht. Die Entscheidungen SOLLTEN dokumentiert und begründet werden. Konfigurationsoptionen SOLLTEN in jedem Fall gesetzt werden, auch dann, wenn das voreingestellte Standardverhalten dadurch nicht verändert wird. Sofern der Server eine Verbindung in das Internet benötigt oder aus dem Internet erreichbar sein muss, SOLLTE er erst mit dem Internet verbunden werden, nachdem die Installation und die Konfiguration abgeschlossen sind.;"- Es SOLLTE festgelegt werden, welche Komponenten (Betriebssystem, Fachanwendungen, Tools) installiert werden sollen Quelle: Sichere Installation und Grundkonfiguration von Clients (S.1)  
- Die Installation und Grundkonfiguration DÜRFEN NUR von autorisierten Personen (Administrierende, vertraglich gebundene Dienstleistende) nach einem definierten Prozess in einer gesonderten Installationsumgebung durchgeführt werden Quelle: Sichere Installation und Grundkonfiguration von Clients (S.1)  
- Nach Abschluss SOLLTEN die Grundeinstellungen überprüft werden; entsprechen sie der Sicherheitsrichtlinie, SOLLTEN die Systeme in die Produktivumgebung überführt werden Quelle: Sichere Installation und Grundkonfiguration von Clients (S.1)  
- Alle Installations‑ und Konfigurationsschritte MÜSSEN so dokumentiert werden, dass sie von sachkundigen Dritten nachvollzogen und wiederholt werden können Quelle: Sichere Installation und Grundkonfiguration von Clients (S.1)  
- Für Server SOLLTE der gesamte Vorgang möglichst in einer von Produktivsystemen getrennten Installationsumgebung erfolgen und die OS‑Konfiguration vor Inbetriebnahme abgeschlossen sein Quelle: Sichere Installation und Grundkonfiguration von Servern (S.2)  
- Nicht benötigte Dienste MÜSSEN deaktiviert werden (SYS.1.1.A6 Deaktivierung nicht benötigter Dienste) und die Sicherheitsrichtlinie für Server (SYS.1.1.A11 Festlegung einer Sicherheitsrichtlinie für Server) ist zu beachten Quelle: SYS.1.1.A6 Deaktivierung nicht benötigter Dienste (S.3) Quelle: SYS.1.1.A11 Festlegung einer Sicherheitsrichtlinie für Server (S.3)  
- IoT‑Geräte SOLLTEN nur von autorisierten Personen nach einem definierten Prozess installiert und konfiguriert werden; die Grundeinstellungen MÜSSEN geprüft und dokumentiert werden Quelle: Sichere Installation und Konfiguration von IoT-Geräten (S.4)  
- Softwareinstallation MUSS zentral geregelt, mit minimalem Funktionsumfang, geringsten Berechtigungen und datensparsamsten Einstellungen erfolgen; Integrität der Installationsdateien ist mittels Signatur/Prüfsumme zu prüfen Quelle: Regelung für die Installation und Konfiguration von Software (S.5)  
- Speicherlösungen MÜSSEN aktuelle Komponenten, sichere Grundkonfiguration und deaktivierte nicht genutzte Schnittstellen besitzen; Konfigurationsdateien sind redundant und geschützt zu sichern Quelle: Sichere Grundkonfiguration von Speicherlösungen (S.6)  
- Netzkomponenten SOLLTEN zentral, automatisiert und versioniert verteilt werden; die Verwaltung ist regelmäßig zu auditieren Quelle: Zentrale Konfigurationsverwaltung für Netzkomponenten (S.7)  
- VoIP‑Middleware MÜSSEN vor Inbetriebnahme angepasst, nicht benötigte Dienste deaktiviert und vollständig dokumentiert werden Quelle: Sichere Konfiguration der VoIP-Middleware (S.8)  
- VDI‑Komponenten MÜSSEN auf notwendige Funktionen beschränkt, Kommunikation abgesichert, Benutzerzuweisungen dokumentiert und Herstellerempfehlungen berücksichtigt werden Quelle: Sichere Installation und Konfiguration der VDI-Komponenten (S.9)  

Anschlussfragen:  
1. Welche konkreten Prüfungen sollten nach der Grundkonfiguration von Servern durchgeführt werden?  
2. Wie kann die Integritätsprüfung von Installationsdateien automatisiert werden?  
3. Welche Rollen sind typischerweise für die Autorisierung von IoT‑Geräteinstallationen verantwortlich?";"- Es SOLLTE festgelegt werden, welche Komponenten (Betriebssystem, Fachanwendungen, Tools) installiert werden sollen Quelle: Sichere Installation und Grundkonfiguration von Clients (S.1)  
- Die Installation und Grundkonfiguration DÜRFEN NUR von autorisierten Personen (Administrierende, vertraglich gebundene Dienstleistende) nach einem definierten Prozess in einer gesonderten Installationsumgebung durchgeführt werden Quelle: Sichere Installation und Grundkonfiguration von Clients (S.1)  
- Nach Abschluss SOLLTEN die Grundeinstellungen überprüft werden; entsprechen sie der Sicherheitsrichtlinie, SOLLTEN die Systeme in die Produktivumgebung überführt werden Quelle: Sichere Installation und Grundkonfiguration von Clients (S.1)  
- Alle Installations‑ und Konfigurationsschritte MÜSSEN so dokumentiert werden, dass sie von sachkundigen Dritten nachvollzogen und wiederholt werden können Quelle: Sichere Installation und Grundkonfiguration von Clients (S.1)  
- Für Server SOLLTE der gesamte Vorgang möglichst in einer von Produktivsystemen getrennten Installationsumgebung erfolgen und die OS‑Konfiguration vor Inbetriebnahme abgeschlossen sein Quelle: Sichere Installation und Grundkonfiguration von Servern (S.2)  
- Nicht benötigte Dienste MÜSSEN deaktiviert werden (SYS.1.1.A6 Deaktivierung nicht benötigter Dienste) und die Sicherheitsrichtlinie für Server (SYS.1.1.A11 Festlegung einer Sicherheitsrichtlinie für Server) ist zu beachten Quelle: SYS.1.1.A6 Deaktivierung nicht benötigter Dienste (S.3) Quelle: SYS.1.1.A11 Festlegung einer Sicherheitsrichtlinie für Server (S.3)  
- IoT‑Geräte SOLLTEN nur von autorisierten Personen nach einem definierten Prozess installiert und konfiguriert werden; die Grundeinstellungen MÜSSEN geprüft und dokumentiert werden Quelle: Sichere Installation und Konfiguration von IoT-Geräten (S.4)  
- Softwareinstallation MUSS zentral geregelt, mit minimalem Funktionsumfang, geringsten Berechtigungen und datensparsamsten Einstellungen erfolgen; Integrität der Installationsdateien ist mittels Signatur/Prüfsumme zu prüfen Quelle: Regelung für die Installation und Konfiguration von Software (S.5)  
- Speicherlösungen MÜSSEN aktuelle Komponenten, sichere Grundkonfiguration und deaktivierte nicht genutzte Schnittstellen besitzen; Konfigurationsdateien sind redundant und geschützt zu sichern Quelle: Sichere Grundkonfiguration von Speicherlösungen (S.6)  
- Netzkomponenten SOLLTEN zentral, automatisiert und versioniert verteilt werden; die Verwaltung ist regelmäßig zu auditieren Quelle: Zentrale Konfigurationsverwaltung für Netzkomponenten (S.7)  
- VoIP‑Middleware MÜSSEN vor Inbetriebnahme angepasst, nicht benötigte Dienste deaktiviert und vollständig dokumentiert werden Quelle: Sichere Konfiguration der VoIP-Middleware (S.8)  
- VDI‑Komponenten MÜSSEN auf notwendige Funktionen beschränkt, Kommunikation abgesichert, Benutzerzuweisungen dokumentiert und Herstellerempfehlungen berücksichtigt werden Quelle: Sichere Installation und Konfiguration der VDI-Komponenten (S.9)";"1. Welche konkreten Prüfungen sollten nach der Grundkonfiguration von Servern durchgeführt werden?  
2. Wie kann die Integritätsprüfung von Installationsdateien automatisiert werden?  
3. Welche Rollen sind typischerweise für die Autorisierung von IoT‑Geräteinstallationen verantwortlich?";3;3;0.8357142857003571;1.0;0.8260869565217391;0.29357395416843224;Welche konkreten Prüfungen sollten nach der Grundkonfiguration von Servern durchgeführt werden?;2.0;2.0;Direkte Prüfungen nach Grundkonfiguration;Wie kann die Integritätsprüfung von Installationsdateien automatisiert werden?;1.0;2.0;Integritätsprüfung teilweise abgedeckt;Welche Rollen sind typischerweise für die Autorisierung von IoT‑Geräteinstallationen verantwortlich?;2.0;2.0;Rollen bei IoT-Geräteinstallation;1.667;2.0
Was muss in der Betriebsdokumentation enthalten sein?;"Die Betriebsdokumentation für Server sollte nachvollziehbar dokumentieren, welche betrieblichen Aufgaben an einem Server durchgeführt werden, einschließlich Informationen über Wer, Wann und Was. Insbesondere sollten Konfigurationsänderungen und sicherheitsrelevante Aufgaben, wie die Befugnis zum Einbau neuer Festplatten, dokumentiert werden. Alles, was automatisch dokumentiert werden kann, sollte auch automatisch dokumentiert werden. Die Dokumentation sollte gegen unbefugten Zugriff und Verlust geschützt werden Quelle: SYS.1.1.A21 Betriebsdokumentation für Server (S).

Anschlussfragen:
1. Wie sollten Konfigurationsänderungen an Servern dokumentiert werden?
2. Welche Rolle spielt die Automatisierung bei der Dokumentation von Server-Aktivitäten?
3. Wie sollte die Betriebsdokumentation vor unbefugtem Zugriff geschützt werden?";Die Betriebsdokumentation für Server sollte nachvollziehbar dokumentieren, welche betrieblichen Aufgaben an einem Server durchgeführt werden, einschließlich Informationen über Wer, Wann und Was. Insbesondere sollten Konfigurationsänderungen und sicherheitsrelevante Aufgaben, wie die Befugnis zum Einbau neuer Festplatten, dokumentiert werden. Alles, was automatisch dokumentiert werden kann, sollte auch automatisch dokumentiert werden. Die Dokumentation sollte gegen unbefugten Zugriff und Verlust geschützt werden Quelle: SYS.1.1.A21 Betriebsdokumentation für Server (S).;SYS.1.1.A21 Betriebsdokumentation für Server (S) Betriebliche Aufgaben, die an einem Server durchgeführt werden, SOLLTEN nachvollziehbar dokumentiert werden (Wer?, Wann?, Was?). Aus der Dokumentation SOLLTEN insbesondere Konfigurationsänderungen nachvollziehbar sein. Sicherheitsrelevante Aufgaben, z. B. wer befugt ist, neue Festplatten einzubauen, SOLLTEN dokumentiert werden. Alles, was automatisch dokumentiert werden kann, SOLLTE auch automatisch dokumentiert werden. Die Dokumentation SOLLTE gegen unbefugten Zugriff und Verlust geschützt werden.;"- Die Betriebsdokumentation MUSS konkrete Sicherheitshinweise für Installation, Konfiguration, Administration und Benutzung des Produktes enthalten Quelle: Ausführliche Dokumentation (S.1)  
- Alle Konfigurationsänderungen sowie sicherheitsrelevante Aufgaben (z. B. Änderungen an Systemdiensten, Firewall‑Regelwerk, neue Festplatten) MÜSSEN nachvollziehbar dokumentiert werden Quelle: Betriebsdokumentationen (S.2)  
- Die Dokumentation SOLLTE die Fragen „Wer?“, „Wann?“ und „Was?“ für jede betriebliche Aufgabe (Server, Clients, Router, Switches) beantworten Quelle: Betriebsdokumentation für Server (S.3)  
- Automatisch erzeugte Informationen SOLLTEN ebenfalls erfasst werden Quelle: Betriebsdokumentation (S.4)  
- Die gesamte Dokumentation MUSS vor unbefugtem Zugriff und Verlust geschützt werden Quelle: Betriebsdokumentationen (S.5)  
- Eine erweiterte Systemdokumentation SOLLTE Besonderheiten im Betrieb, Verwaltungs‑Möglichkeiten und Änderungen an ICS‑Komponenten festhalten Quelle: Systemdokumentation (S.6)  
- Die Dokumentation des Netz‑Managements SOLLTE die initiale Ist‑Aufnahme, alle Änderungen, genutzte Management‑Werkzeuge, zu verwaltende Komponenten, IT‑Arbeitsplätze, Datenbestände und Schnittstellen zu externen Diensten beschreiben Quelle: Ist‑Aufnahme und Dokumentation des Netzmanagements (S.7)  
- Ein Betriebshandbuch SOLLTE alle Regelungen, Anforderungen und Einstellungen für den Betrieb von Speicherlösungen dokumentieren und regelmäßig aktualisiert werden Quelle: Erstellung und Pflege eines Betriebshandbuchs (S.8)  

Anschlussfragen:
1. Welche konkreten Maßnahmen werden empfohlen, um die Betriebsdokumentation vor unbefugtem Zugriff zu schützen?
2. Wie kann die automatische Dokumentation von Änderungen technisch umgesetzt werden?
3. Welche Rollen sind typischerweise für die Pflege der Betriebsdokumentation verantwortlich?";"- Die Betriebsdokumentation MUSS konkrete Sicherheitshinweise für Installation, Konfiguration, Administration und Benutzung des Produktes enthalten Quelle: Ausführliche Dokumentation (S.1)  
- Alle Konfigurationsänderungen sowie sicherheitsrelevante Aufgaben (z. B. Änderungen an Systemdiensten, Firewall‑Regelwerk, neue Festplatten) MÜSSEN nachvollziehbar dokumentiert werden Quelle: Betriebsdokumentationen (S.2)  
- Die Dokumentation SOLLTE die Fragen „Wer?“, „Wann?“ und „Was?“ für jede betriebliche Aufgabe (Server, Clients, Router, Switches) beantworten Quelle: Betriebsdokumentation für Server (S.3)  
- Automatisch erzeugte Informationen SOLLTEN ebenfalls erfasst werden Quelle: Betriebsdokumentation (S.4)  
- Die gesamte Dokumentation MUSS vor unbefugtem Zugriff und Verlust geschützt werden Quelle: Betriebsdokumentationen (S.5)  
- Eine erweiterte Systemdokumentation SOLLTE Besonderheiten im Betrieb, Verwaltungs‑Möglichkeiten und Änderungen an ICS‑Komponenten festhalten Quelle: Systemdokumentation (S.6)  
- Die Dokumentation des Netz‑Managements SOLLTE die initiale Ist‑Aufnahme, alle Änderungen, genutzte Management‑Werkzeuge, zu verwaltende Komponenten, IT‑Arbeitsplätze, Datenbestände und Schnittstellen zu externen Diensten beschreiben Quelle: Ist‑Aufnahme und Dokumentation des Netzmanagements (S.7)  
- Ein Betriebshandbuch SOLLTE alle Regelungen, Anforderungen und Einstellungen für den Betrieb von Speicherlösungen dokumentieren und regelmäßig aktualisiert werden Quelle: Erstellung und Pflege eines Betriebshandbuchs (S.8)";"1. Welche konkreten Maßnahmen werden empfohlen, um die Betriebsdokumentation vor unbefugtem Zugriff zu schützen?
2. Wie kann die automatische Dokumentation von Änderungen technisch umgesetzt werden?
3. Welche Rollen sind typischerweise für die Pflege der Betriebsdokumentation verantwortlich?";3;3;0.9999999999833333;1.0;0.5;0.6725658873412892;Welche konkreten Maßnahmen werden empfohlen, um die Betriebsdokumentation vor unbefugtem Zugriff zu schützen?;1.0;2.0;Teilweise abgedeckt;Wie kann die automatische Dokumentation von Änderungen technisch umgesetzt werden?;1.0;1.0;Teilweise abgedeckt;Welche Rollen sind typischerweise für die Pflege der Betriebsdokumentation verantwortlich?;1.0;2.0;Rollen in Betriebsdokumentation;1.0;1.667
Wie binde ich Server in die Notfallplanung ein?;"Um Server in die Notfallplanung einzubinden, sollten die Notfallanforderungen an den Server ermittelt und geeignete Notfallmaßnahmen umgesetzt werden, wie z.B. die Erstellung von Wiederanlaufplänen oder die sichere Hinterlegung von Passwörtern und kryptografischen Schlüsseln Quelle: SYS.1.1.A22 (S). Dieser Ansatz ist Teil des Notfallmanagementprozesses und stellt sicher, dass der Server im Notfall ordnungsgemäß wiederhergestellt werden kann.

Es ist wichtig, den Server im Notfallmanagementprozess zu berücksichtigen, da dies die Verfügbarkeit und Integrität der Daten und Dienste gewährleistet Quelle: SYS.1.1.A22 (S). Darüber hinaus sollten die Anforderungen an das Rollen- und Berechtigungskonzept aus dem Baustein ORP.4 Identitäts- und Berechtigungsmanagement sowie Anforderungen aus dem Baustein DER.4 Notfallmanagement berücksichtigt werden.

Anschlussfragen:
1. Wie können Wiederanlaufpläne für Server erstellt werden, um eine schnelle Wiederherstellung im Notfall zu gewährleisten?
2. Welche Rolle spielt die sichere Hinterlegung von Passwörtern und kryptografischen Schlüsseln in der Notfallplanung für Server?
3. Wie können Server administrativ und technisch so konfiguriert werden, dass sie im Notfall schnell und sicher wiederhergestellt werden können?";"Um Server in die Notfallplanung einzubinden, sollten die Notfallanforderungen an den Server ermittelt und geeignete Notfallmaßnahmen umgesetzt werden, wie z.B. die Erstellung von Wiederanlaufplänen oder die sichere Hinterlegung von Passwörtern und kryptografischen Schlüsseln Quelle: SYS.1.1.A22 (S). Dieser Ansatz ist Teil des Notfallmanagementprozesses und stellt sicher, dass der Server im Notfall ordnungsgemäß wiederhergestellt werden kann.

Es ist wichtig, den Server im Notfallmanagementprozess zu berücksichtigen, da dies die Verfügbarkeit und Integrität der Daten und Dienste gewährleistet Quelle: SYS.1.1.A22 (S). Darüber hinaus sollten die Anforderungen an das Rollen- und Berechtigungskonzept aus dem Baustein ORP.4 Identitäts- und Berechtigungsmanagement sowie Anforderungen aus dem Baustein DER.4 Notfallmanagement berücksichtigt werden.";SYS.1.1.A22 Einbindung in die Notfallplanung (S) Der Server SOLLTE im Notfallmanagementprozess berücksichtigt werden. Dazu SOLLTEN die Notfallanforderungen an den Server ermittelt und geeignete Notfallmaßnahmen umgesetzt werden, z. B. indem Wiederanlaufpläne erstellt oder Passwörter und kryptografische Schlüssel sicher hinterlegt werden.;Im bereitgestellten Kontext nicht enthalten;Im bereitgestellten Kontext nicht enthalten;;0;3;0.8551587301444776;1.0;0.0;0.0992029315595282;;;;;;;;;;;;;;
Welche Sicherheitsprüfungen für Serversysteme sollte ich durchführen?;"Um die Sicherheit von Serversystemen zu gewährleisten, sollten regelmäßige Sicherheitstests durchgeführt werden, um zu überprüfen, ob alle Sicherheitsvorgaben eingehalten werden und gegebenenfalls vorhandene Schwachstellen zu identifizieren. Diese Sicherheitsprüfungen sollten insbesondere auf Servern mit externen Schnittstellen durchgeführt werden, aber auch interne Server sollten in festgelegten Zyklen überprüft werden. Es sollte geprüft werden, ob die Sicherheitsprüfungen automatisiert, z. B. mittels geeigneter Skripte, realisiert werden können. Quelle: SYS.1.1.A24 Sicherheitsprüfungen für Server (S)

Anschlussfragen:
1. Wie oft sollten Sicherheitsprüfungen für interne Server durchgeführt werden?
2. Welche Rolle spielen automatisierte Sicherheitsprüfungen bei der Überwachung von Servern?
3. Wie sollten Server mit externen Schnittstellen im Vergleich zu internen Servern hinsichtlich der Sicherheitsprüfungen behandelt werden?";Um die Sicherheit von Serversystemen zu gewährleisten, sollten regelmäßige Sicherheitstests durchgeführt werden, um zu überprüfen, ob alle Sicherheitsvorgaben eingehalten werden und gegebenenfalls vorhandene Schwachstellen zu identifizieren. Diese Sicherheitsprüfungen sollten insbesondere auf Servern mit externen Schnittstellen durchgeführt werden, aber auch interne Server sollten in festgelegten Zyklen überprüft werden. Es sollte geprüft werden, ob die Sicherheitsprüfungen automatisiert, z. B. mittels geeigneter Skripte, realisiert werden können. Quelle: SYS.1.1.A24 Sicherheitsprüfungen für Server (S);SYS.1.1.A24 Sicherheitsprüfungen für Server (S) Server SOLLTEN regelmäßigen Sicherheitstests unterzogen werden, die überprüfen, ob alle Sicherheitsvorgaben eingehalten werden und gegebenenfalls vorhandene Schwachstellen identifizieren. Diese Sicherheitsprüfungen SOLLTEN insbesondere auf Servern mit externen Schnittstellen durchgeführt werden. Um mittelbare Angriffe über infizierte IT-Systeme im eigenen Netz zu vermeiden, SOLLTEN jedoch auch interne Server in festgelegten Zyklen entsprechend überprüft werden. Es SOLLTE geprüft werden, ob die Sicherheitsprüfungen automatisiert, z. B. mittels geeigneter Skripte, realisiert werden können.;"Regelmäßige Sicherheitstests MÜSSEN durchgeführt werden, um die Einhaltung aller Sicherheitsvorgaben zu prüfen und Schwachstellen zu identifizieren Quelle: Sicherheitsprüfungen für Server (S.1-2).  
Dabei SOLLTEN insbesondere Server mit externen Schnittstellen getestet werden, interne Server jedoch in festgelegten Zyklen ebenfalls überprüft werden Quelle: Sicherheitsprüfungen für Server (S.1-2).  
Die Prüfungen SOLLTEN, soweit möglich, automatisiert mittels geeigneter Skripte realisiert werden Quelle: Sicherheitsprüfungen für Server (S.1-2).  
Alle aktivierten Dienste und Funktionen MÜSSEN gemäß SYS.1.1.A6 (Deaktivierung nicht benötigter Dienste) und SYS.1.1.A11 (Festlegung einer Sicherheitsrichtlinie für Server) konfiguriert, getestet und regelmäßig inhaltlich überprüft werden Quelle: Alle sicherheitsrelevanten Einstellungen der aktivierten Dienste und Funktionen (vgl. SYS.1.1.A6 Deaktivierung nicht benötigter Dienste) (S.3-4).  
Die Betriebssystem‑Konfiguration SOLLTE bereits vor produktiver Inbetriebnahme abgeschlossen sein und dokumentiert werden Quelle: Sichere Installation und Grundkonfiguration von Servern (S.5-6).  
Penetrationstests und Revisionen SOLLTEN für Webserver regelmäßig durchgeführt und die Ergebnisse dem ISB vorgelegt werden Quelle: Penetrationstest und Revision (S.7-8).  
Vollständigkeits‑ und Aktualisierungsprüfungen des Sicherheitskonzeptes SOLLTEN mindestens jährlich erfolgen Quelle: Aufrechterhaltung der Informationssicherheit (S.9-10).  
Alle Prüfungen MÜSSEN von qualifizierten, unabhängigen Personen durchgeführt und die Ergebnisse nachvollziehbar dokumentiert werden Quelle: Aufrechterhaltung der Informationssicherheit (S.9-10).  

Anschlussfragen:  
1. Welche konkreten Prüfungswerkzeuge eignen sich für die automatisierte Sicherheitsprüfung von Servern?  
2. Wie kann die Dokumentation von Konfigurationsentscheidungen standardisiert werden?  
3. Welche Kriterien sollten bei der Auswahl von externen Prüfern für Penetrationstests berücksichtigt werden?";"Regelmäßige Sicherheitstests MÜSSEN durchgeführt werden, um die Einhaltung aller Sicherheitsvorgaben zu prüfen und Schwachstellen zu identifizieren Quelle: Sicherheitsprüfungen für Server (S.1-2).  
Dabei SOLLTEN insbesondere Server mit externen Schnittstellen getestet werden, interne Server jedoch in festgelegten Zyklen ebenfalls überprüft werden Quelle: Sicherheitsprüfungen für Server (S.1-2).  
Die Prüfungen SOLLTEN, soweit möglich, automatisiert mittels geeigneter Skripte realisiert werden Quelle: Sicherheitsprüfungen für Server (S.1-2).  
Alle aktivierten Dienste und Funktionen MÜSSEN gemäß SYS.1.1.A6 (Deaktivierung nicht benötigter Dienste) und SYS.1.1.A11 (Festlegung einer Sicherheitsrichtlinie für Server) konfiguriert, getestet und regelmäßig inhaltlich überprüft werden Quelle: Alle sicherheitsrelevanten Einstellungen der aktivierten Dienste und Funktionen (vgl. SYS.1.1.A6 Deaktivierung nicht benötigter Dienste) (S.3-4).  
Die Betriebssystem‑Konfiguration SOLLTE bereits vor produktiver Inbetriebnahme abgeschlossen sein und dokumentiert werden Quelle: Sichere Installation und Grundkonfiguration von Servern (S.5-6).  
Penetrationstests und Revisionen SOLLTEN für Webserver regelmäßig durchgeführt und die Ergebnisse dem ISB vorgelegt werden Quelle: Penetrationstest und Revision (S.7-8).  
Vollständigkeits‑ und Aktualisierungsprüfungen des Sicherheitskonzeptes SOLLTEN mindestens jährlich erfolgen Quelle: Aufrechterhaltung der Informationssicherheit (S.9-10).  
Alle Prüfungen MÜSSEN von qualifizierten, unabhängigen Personen durchgeführt und die Ergebnisse nachvollziehbar dokumentiert werden Quelle: Aufrechterhaltung der Informationssicherheit (S.9-10).";"1. Welche konkreten Prüfungswerkzeuge eignen sich für die automatisierte Sicherheitsprüfung von Servern?  
2. Wie kann die Dokumentation von Konfigurationsentscheidungen standardisiert werden?  
3. Welche Kriterien sollten bei der Auswahl von externen Prüfern für Penetrationstests berücksichtigt werden?";3;3;0.7329365079242922;1.0;0.4117647058823529;0.5443623773200087;Welche konkreten Prüfungswerkzeuge eignen sich für die automatisierte Sicherheitsprüfung von Servern?;1.0;2.0;Teilweise abgedeckt;Wie kann die Dokumentation von Konfigurationsentscheidungen standardisiert werden?;2.0;1.0;Dokumentation von Konfigurationen;Welche Kriterien sollten bei der Auswahl von externen Prüfern für Penetrationstests berücksichtigt werden?;1.0;1.0;Teilweise abgedeckt, thematisch verwandt;1.333;1.333
Was muss ich bei der Außerbetriebnahme von Servern beachten?;"Bei der Außerbetriebnahme von Servern sollte sichergestellt werden, dass keine wichtigen Daten verloren gehen und keine schutzbedürftigen Daten zurückbleiben. Es sollte ein Überblick darüber geben, welche Daten wo auf dem Server gespeichert sind. Rechtzeitig sollte sichergestellt werden, dass vom Server angebotene Dienste durch einen anderen Server übernommen werden, wenn dies erforderlich ist. Eine Checkliste sollte erstellt werden, die bei der Außerbetriebnahme eines Servers abgearbeitet werden kann und mindestens Aspekte zu Datensicherung, Migration von Diensten und dem anschließenden sicheren Löschen aller Daten umfasst Quelle: SYS.1.1.A25 Geregelte Außerbetriebnahme eines Servers (S).

Anschlussfragen:
1. Wie kann ich sicherstellen, dass alle Daten auf dem Server gesichert sind, bevor er außer Betrieb genommen wird?
2. Welche Rolle spielt die Checkliste bei der Außerbetriebnahme eines Servers und was sollte sie mindestens enthalten?
3. Wie kann ich sicherstellen, dass die vom Server angebotenen Dienste nach der Außerbetriebnahme weiterhin verfügbar sind?";Bei der Außerbetriebnahme von Servern sollte sichergestellt werden, dass keine wichtigen Daten verloren gehen und keine schutzbedürftigen Daten zurückbleiben. Es sollte ein Überblick darüber geben, welche Daten wo auf dem Server gespeichert sind. Rechtzeitig sollte sichergestellt werden, dass vom Server angebotene Dienste durch einen anderen Server übernommen werden, wenn dies erforderlich ist. Eine Checkliste sollte erstellt werden, die bei der Außerbetriebnahme eines Servers abgearbeitet werden kann und mindestens Aspekte zu Datensicherung, Migration von Diensten und dem anschließenden sicheren Löschen aller Daten umfasst Quelle: SYS.1.1.A25 Geregelte Außerbetriebnahme eines Servers (S).;SYS.1.1.A25 Geregelte Außerbetriebnahme eines Servers (S) Bei der Außerbetriebnahme eines Servers SOLLTE sichergestellt werden, dass keine wichtigen Daten, die eventuell auf den verbauten Datenträgern gespeichert sind, verloren gehen und dass keine schutzbedürftigen Daten zurückbleiben. Es SOLLTE einen Überblick darüber geben, welche Daten wo auf dem Server gespeichert sind. Es SOLLTE rechtzeitig sichergestellt werden, dass vom Server angebotene Dienste durch einen anderen Server übernommen werden, wenn dies erforderlich ist. Es SOLLTE eine Checkliste erstellt werden, die bei der Außerbetriebnahme eines Servers abgearbeitet werden kann. Diese Checkliste SOLLTE mindestens Aspekte zu Datensicherung, Migration von Diensten und dem anschließenden sicheren Löschen aller Daten umfassen.;"- Vor der Außerbetriebnahme muss ein Überblick über alle auf dem Server gespeicherten Daten erstellt werden, damit keine wichtigen Informationen verloren gehen und keine schutzbedürftigen Daten zurückbleiben Quelle: Geregelte Außerbetriebnahme eines Servers (S.1‑2)  
- Es ist rechtzeitig sicherzustellen, dass die vom Server angebotenen Dienste von einem anderen Server übernommen werden, falls dies erforderlich ist Quelle: Geregelte Außerbetriebnahme eines Servers (S.2‑3)  
- Eine Checkliste ist zu erstellen und bei der Außerbetriebnahme abzuarbeiten; sie muss mindestens die Aspekte Datensicherung, Migration von Diensten und das sichere Löschen aller Daten abdecken Quelle: Geregelte Außerbetriebnahme eines Servers (S.3‑4)  

Anschlussfragen:
1. Welche konkreten Methoden zum sicheren Löschen von Server‑Datenträgern werden im IT‑Grundschutz empfohlen?
2. Wie lässt sich die Migration von Diensten zu einem Ersatz‑Server im Rahmen des IT‑SCM planen und dokumentieren?
3. Welche Rollen sind für die Erstellung und Pflege der Außerbetriebnahme‑Checkliste verantwortlich?";"- Vor der Außerbetriebnahme muss ein Überblick über alle auf dem Server gespeicherten Daten erstellt werden, damit keine wichtigen Informationen verloren gehen und keine schutzbedürftigen Daten zurückbleiben Quelle: Geregelte Außerbetriebnahme eines Servers (S.1‑2)  
- Es ist rechtzeitig sicherzustellen, dass die vom Server angebotenen Dienste von einem anderen Server übernommen werden, falls dies erforderlich ist Quelle: Geregelte Außerbetriebnahme eines Servers (S.2‑3)  
- Eine Checkliste ist zu erstellen und bei der Außerbetriebnahme abzuarbeiten; sie muss mindestens die Aspekte Datensicherung, Migration von Diensten und das sichere Löschen aller Daten abdecken Quelle: Geregelte Außerbetriebnahme eines Servers (S.3‑4)";"1. Welche konkreten Methoden zum sicheren Löschen von Server‑Datenträgern werden im IT‑Grundschutz empfohlen?
2. Wie lässt sich die Migration von Diensten zu einem Ersatz‑Server im Rahmen des IT‑SCM planen und dokumentieren?
3. Welche Rollen sind für die Erstellung und Pflege der Außerbetriebnahme‑Checkliste verantwortlich?";3;3;0.999999999975;1.0;1.0;0.9179722818861378;Welche konkreten Methoden zum sicheren Löschen von Server‑Datenträgern werden im IT‑Grundschutz empfohlen?;2.0;2.0;IT-Grundschutz beschreibt Methoden zum sicheren Löschen;Wie lässt sich die Migration von Diensten zu einem Ersatz‑Server im Rahmen des IT‑SCM planen und dokumentieren?;1.0;2.0;Teilweise abgedeckt durch IT-SCM;Welche Rollen sind für die Erstellung und Pflege der Außerbetriebnahme‑Checkliste verantwortlich?;1.0;2.0;Rollen nicht explizit genannt;1.333;2.0
Wie kann ich sicherheitskritische Anwendungen besser isolieren?;"Um sicherheitskritische Anwendungen besser zu isolieren, SOLLTEN Anwendungen und Betriebssystemkomponenten ihrem Schutzbedarf entsprechend besonders gekapselt oder anderen Anwendungen und Betriebssystemkomponenten gegenüber isoliert werden, wie in SYS.1.1.A37 Kapselung von sicherheitskritischen Anwendungen und Betriebssystemkomponenten (S) beschrieben Quelle: SYS.1.1.A37 (S. unbekannt). Dies gilt insbesondere für sicherheitskritische Anwendungen, die mit Daten aus unsicheren Quellen arbeiten, wie Webbrowser und Bürokommunikations-Anwendungen.

Anschlussfragen:
1. Wie kann ich den Schutzbedarf meiner Anwendungen und Betriebssystemkomponenten bestimmen?
2. Welche Rolle spielt die Kapselung von sicherheitskritischen Anwendungen im Rahmen des IT-Grundschutzes?
3. Wie können Server, die sicherheitskritische Anwendungen ausführen, besonders geschützt werden, um unberechtigten Zugriff zu verhindern?";Um sicherheitskritische Anwendungen besser zu isolieren, SOLLTEN Anwendungen und Betriebssystemkomponenten ihrem Schutzbedarf entsprechend besonders gekapselt oder anderen Anwendungen und Betriebssystemkomponenten gegenüber isoliert werden, wie in SYS.1.1.A37 Kapselung von sicherheitskritischen Anwendungen und Betriebssystemkomponenten (S) beschrieben Quelle: SYS.1.1.A37 (S. unbekannt). Dies gilt insbesondere für sicherheitskritische Anwendungen, die mit Daten aus unsicheren Quellen arbeiten, wie Webbrowser und Bürokommunikations-Anwendungen.;SYS.1.1.A37 Kapselung von sicherheitskritischen Anwendungen und Betriebssystemkomponenten (S) Um sowohl den unberechtigten Zugriff auf das Betriebssystem oder andere Anwendungen bei Angriffen als auch den Zugriff vom Betriebssystem auf besonders schützenswerte Dateien zu verhindern, SOLLTEN Anwendungen und Betriebssystemkomponenten (wie beispielsweise Authentisierung oder Zertifikatsüberprüfung) ihrem Schutzbedarf entsprechend besonders gekapselt oder anderen Anwendungen und Betriebssystemkomponenten gegenüber isoliert werden. Dabei SOLLTEN insbesondere sicherheitskritische Anwendungen berücksichtigt werden, die mit Daten aus unsicheren Quellen arbeiten (z. B. Webbrowser und Bürokommunikations-Anwendungen).;"OPS.1.2 Kapselung von sicherheitskritischen Anwendungen und Betriebssystemkomponenten (B)  
- Anwendungen und Betriebssystemkomponenten MÜSSEN ihrem Schutzbedarf entsprechend besonders gekapselt bzw. isoliert werden, insbesondere wenn sie Daten aus unsicheren Quellen verarbeiten Quelle: Kapselung von sicherheitskritischen Anwendungen und Betriebssystemkomponenten (S.1)  
- Jede sicherheitskritische Anwendung SOLLTE in einem eigenen Kubernetes‑Namespace betrieben werden; nur Anwendungen mit ähnlichem Schutzbedarf dürfen einen Cluster teilen Quelle: Kapselung von sicherheitskritischen Anwendungen und Betriebssystemkomponenten (S.2)  
- Anwendungen mit sehr hohem Schutzbedarf SOLLTEN jeweils eigene Kubernetes‑Cluster oder dedizierte Nodes nutzen, die nicht für andere Anwendungen bereitstehen Quelle: Trennung von Anwendungen auf Node‑ und Cluster‑Ebene (S.3)  
- Vor Inbetriebnahme MUSS die Separierung von Test‑ und Produktionsumgebungen geplant werden, inklusive Netz‑, CPU‑ und Festspeicherseparierung sowie Abstimmung auf das Netzzonenkonzept Quelle: Planung der Separierung der Anwendungen (S.4)  
- Bei gemeinsamem Betrieb virtueller IT‑Systeme SOLLTE sichergestellt sein, dass die virtuellen Systeme ausreichend gekapselt und voneinander isoliert sind; bei unzureichender Netztrennung SOLLTEN weitergehende Sicherheitsmaßnahmen identifiziert und umgesetzt werden Quelle: Betrieb von Gast‑Betriebssystemen mit unterschiedlichem Schutzbedarf (S.5)  
- Dienste und Anwendungen SOLLTEN mit individuellen Sicherheitsarchitekturen geschützt werden (z. B. AppArmor, SELinux, chroot, LXC/Docker) und Standardprofile aktiviert sein Quelle: Verhinderung der Ausbreitung bei der Ausnutzung von Schwachstellen (S.6)  
- ASLR und DEP/NX MÜSSEN im Betriebssystem aktiviert sein, ebenso Kernel‑ und Bibliotheksschutzmechanismen wie Heap‑ und Stack‑schutz Quelle: Schutz vor Ausnutzung von Schwachstellen in Anwendungen (S.7)  

Anschlussfragen:  
1. Welche konkreten Rollen sind für die Planung und Umsetzung der Anwendungstrennung verantwortlich?  
2. Wie lässt sich die Wirksamkeit von Container‑Sicherheitsprofilen im laufenden Betrieb prüfen?  
3. Welche zusätzlichen Maßnahmen sind empfehlenswert, wenn die Virtualisierungslösung keine ausreichende Netztrennung bietet?";"OPS.1.2 Kapselung von sicherheitskritischen Anwendungen und Betriebssystemkomponenten (B)  
- Anwendungen und Betriebssystemkomponenten MÜSSEN ihrem Schutzbedarf entsprechend besonders gekapselt bzw. isoliert werden, insbesondere wenn sie Daten aus unsicheren Quellen verarbeiten Quelle: Kapselung von sicherheitskritischen Anwendungen und Betriebssystemkomponenten (S.1)  
- Jede sicherheitskritische Anwendung SOLLTE in einem eigenen Kubernetes‑Namespace betrieben werden; nur Anwendungen mit ähnlichem Schutzbedarf dürfen einen Cluster teilen Quelle: Kapselung von sicherheitskritischen Anwendungen und Betriebssystemkomponenten (S.2)  
- Anwendungen mit sehr hohem Schutzbedarf SOLLTEN jeweils eigene Kubernetes‑Cluster oder dedizierte Nodes nutzen, die nicht für andere Anwendungen bereitstehen Quelle: Trennung von Anwendungen auf Node‑ und Cluster‑Ebene (S.3)  
- Vor Inbetriebnahme MUSS die Separierung von Test‑ und Produktionsumgebungen geplant werden, inklusive Netz‑, CPU‑ und Festspeicherseparierung sowie Abstimmung auf das Netzzonenkonzept Quelle: Planung der Separierung der Anwendungen (S.4)  
- Bei gemeinsamem Betrieb virtueller IT‑Systeme SOLLTE sichergestellt sein, dass die virtuellen Systeme ausreichend gekapselt und voneinander isoliert sind; bei unzureichender Netztrennung SOLLTEN weitergehende Sicherheitsmaßnahmen identifiziert und umgesetzt werden Quelle: Betrieb von Gast‑Betriebssystemen mit unterschiedlichem Schutzbedarf (S.5)  
- Dienste und Anwendungen SOLLTEN mit individuellen Sicherheitsarchitekturen geschützt werden (z. B. AppArmor, SELinux, chroot, LXC/Docker) und Standardprofile aktiviert sein Quelle: Verhinderung der Ausbreitung bei der Ausnutzung von Schwachstellen (S.6)  
- ASLR und DEP/NX MÜSSEN im Betriebssystem aktiviert sein, ebenso Kernel‑ und Bibliotheksschutzmechanismen wie Heap‑ und Stack‑schutz Quelle: Schutz vor Ausnutzung von Schwachstellen in Anwendungen (S.7)";"1. Welche konkreten Rollen sind für die Planung und Umsetzung der Anwendungstrennung verantwortlich?  
2. Wie lässt sich die Wirksamkeit von Container‑Sicherheitsprofilen im laufenden Betrieb prüfen?  
3. Welche zusätzlichen Maßnahmen sind empfehlenswert, wenn die Virtualisierungslösung keine ausreichende Netztrennung bietet?";3;3;0.9999999999857143;1.0;0.7777777777777778;0.3943177452505067;Welche konkreten Rollen sind für die Planung und Umsetzung der Anwendungstrennung verantwortlich?;2.0;2.0;Rollen und Zuständigkeiten;Wie lässt sich die Wirksamkeit von Container‑Sicherheitsprofilen im laufenden Betrieb prüfen?;2.0;2.0;Container-Sicherheit;Welche zusätzlichen Maßnahmen sind empfehlenswert, wenn die Virtualisierungslösung keine ausreichende Netztrennung bietet?;2.0;2.0;Direkte Empfehlungen;2.0;2.0
Welche Maßnahmen steigern die Verfügbarkeit und schützen vor Ausfällen?;"Um die Verfügbarkeit von Servern zu steigern und vor Ausfällen zu schützen, sollten mehrere Maßnahmen ergriffen werden. Dazu gehören die Implementierung von Redundanzen, der Abschluss von Wartungsverträgen mit Lieferanten und die Prüfung, ob Hochverfügbarkeitsarchitekturen mit automatischem Failover erforderlich sind, gegebenenfalls über verschiedene Standorte hinweg. Diese Maßnahmen sollen sicherstellen, dass Server mit hohen Verfügbarkeitsanforderungen angemessen geschützt sind. Quelle: SYS.1.1.A28 Steigerung der Verfügbarkeit durch Redundanz (H) (S. unbekannt).

Anschlussfragen:
1. Wie können Hochverfügbarkeitsarchitekturen mit automatischem Failover in der Praxis umgesetzt werden?
2. Welche Rolle spielen Wartungsverträge mit Lieferanten bei der Gewährleistung der Server-Verfügbarkeit?
3. Wie können Redundanzen in Server-Systemen effektiv implementiert werden, um Ausfälle zu minimieren?";Um die Verfügbarkeit von Servern zu steigern und vor Ausfällen zu schützen, sollten mehrere Maßnahmen ergriffen werden. Dazu gehören die Implementierung von Redundanzen, der Abschluss von Wartungsverträgen mit Lieferanten und die Prüfung, ob Hochverfügbarkeitsarchitekturen mit automatischem Failover erforderlich sind, gegebenenfalls über verschiedene Standorte hinweg. Diese Maßnahmen sollen sicherstellen, dass Server mit hohen Verfügbarkeitsanforderungen angemessen geschützt sind. Quelle: SYS.1.1.A28 Steigerung der Verfügbarkeit durch Redundanz (H) (S. unbekannt).;SYS.1.1.A28 Steigerung der Verfügbarkeit durch Redundanz (H) Server mit hohen Verfügbarkeitsanforderungen SOLLTEN gegen Ausfälle in geeigneter Weise geschützt sein. Hierzu SOLLTEN mindestens geeignete Redundanzen verfügbar sein sowie Wartungsverträge mit den Lieferanten abgeschlossen werden. Es SOLLTE geprüft werden, ob bei sehr hohen Anforderungen Hochverfügbarkeitsarchitekturen mit automatischem Failover, gegebenenfalls über verschiedene Standorte hinweg, erforderlich sind.;Im bereitgestellten Kontext nicht enthalten;Im bereitgestellten Kontext nicht enthalten;;0;3;0.817857142843512;1.0;0.0;0.09032123565867829;;;;;;;;;;;;;;
Wie setze ich Ausführungskontrolle wirksam ein?;"Um Ausführungskontrolle wirksam einzusetzen, SOLLTE über eine Ausführungskontrolle sichergestellt werden, dass nur explizit erlaubte Programme und Skripte ausgeführt werden können Quelle: SYS.1.1.A31 (S.391). Die Regeln SOLLTEN so eng wie möglich gefasst werden, um Missbrauch zu reduzieren Quelle: SYS.1.1.A31 (S.391). Falls Pfade und Hashes nicht explizit angegeben werden können, SOLLTEN alternativ auch zertifikatsbasierte oder Pfad-Regeln genutzt werden Quelle: SYS.1.1.A31 (S.391).

Anschlussfragen:
1. Wie kann ich die Ausführungskontrolle auf meinem Server-IT-System umsetzen, wenn ich ein verbreitetes Server-Betriebssystem verwende?
2. Welche Rolle spielt die Ausführungskontrolle im Schutz vor Schadsoftware auf Servern?
3. Wie kann ich die Anforderungen an das Rollen- und Berechtigungskonzept bei der Umsetzung der Ausführungskontrolle auf meinem Server berücksichtigen?";Um Ausführungskontrolle wirksam einzusetzen, SOLLTE über eine Ausführungskontrolle sichergestellt werden, dass nur explizit erlaubte Programme und Skripte ausgeführt werden können Quelle: SYS.1.1.A31 (S.391). Die Regeln SOLLTEN so eng wie möglich gefasst werden, um Missbrauch zu reduzieren Quelle: SYS.1.1.A31 (S.391). Falls Pfade und Hashes nicht explizit angegeben werden können, SOLLTEN alternativ auch zertifikatsbasierte oder Pfad-Regeln genutzt werden Quelle: SYS.1.1.A31 (S.391).;SYS.1.1.A31 Einsatz von Ausführungskontrolle (H) Es SOLLTE über eine Ausführungskontrolle sichergestellt werden, dass nur explizit erlaubte Programme und Skripte ausgeführt werden können. Die Regeln SOLLTEN so eng wie möglich gefasst werden. Falls Pfade und Hashes nicht explizit angegeben werden können, SOLLTEN alternativ auch zertifikatsbasierte oder Pfad-Regeln genutzt werden.;"Um Ausführungskontrolle wirksam einzusetzen, gehen Sie wie folgt vor:

1. Definieren Sie eine Whitelist, in der **nur explizit erlaubte Programme und Skripte** aufgeführt sind – die Ausführung aller anderen Anwendungen wird blockiert Quelle: Einsatz von Ausführungskontrolle (S.1).  
2. Formulieren Sie die Regeln **so eng wie möglich**: Beschränken Sie zulässige Pfade, Dateinamen und Versionen auf das notwendige Minimum Quelle: Einsatz von Ausführungskontrolle (S.1).  
3. Ergänzen Sie die Whitelist, wenn Pfade oder Hash‑Werte nicht eindeutig angegeben werden können, durch **zertifikatsbasierte** oder **alternativ Pfad‑Regeln** – dies erhöht die Durchsetzbarkeit ohne Fehlalarme Quelle: Einsatz von Ausführungskontrolle (S.1).  
4. Implementieren Sie die Ausführungskontrolle zentral (z. B. über Endpoint‑Protection‑ oder Application‑Control‑Lösungen) und stellen Sie sicher, dass die Konfiguration regelmäßig **überprüft und aktualisiert** wird, um neue Programme oder Änderungen zu berücksichtigen Quelle: Einsatz von Ausführungskontrolle (S.1).  
5. Dokumentieren Sie die festgelegten Regeln, die zugehörigen Ausnahmen und den Genehmigungs‑Workflow, damit die Maßnahme nachvollziehbar und auditierbar bleibt Quelle: Einsatz von Ausführungskontrolle (S.1).

Anschlussfragen:
1. Welche konkreten Tools eignen sich für die Umsetzung einer Whitelist‑basierten Ausführungskontrolle in Ihrer Umgebung?
2. Wie kann die Wirksamkeit der definierten Ausführungsregeln regelmäßig überprüft werden?
3. Welche Vorgehensweise empfiehlt das IT‑Grundschutz‑Kompendium für die Dokumentation von Ausnahmen bei der Ausführungskontrolle?";"Um Ausführungskontrolle wirksam einzusetzen, gehen Sie wie folgt vor:

1. Definieren Sie eine Whitelist, in der **nur explizit erlaubte Programme und Skripte** aufgeführt sind – die Ausführung aller anderen Anwendungen wird blockiert Quelle: Einsatz von Ausführungskontrolle (S.1).  
2. Formulieren Sie die Regeln **so eng wie möglich**: Beschränken Sie zulässige Pfade, Dateinamen und Versionen auf das notwendige Minimum Quelle: Einsatz von Ausführungskontrolle (S.1).  
3. Ergänzen Sie die Whitelist, wenn Pfade oder Hash‑Werte nicht eindeutig angegeben werden können, durch **zertifikatsbasierte** oder **alternativ Pfad‑Regeln** – dies erhöht die Durchsetzbarkeit ohne Fehlalarme Quelle: Einsatz von Ausführungskontrolle (S.1).  
4. Implementieren Sie die Ausführungskontrolle zentral (z. B. über Endpoint‑Protection‑ oder Application‑Control‑Lösungen) und stellen Sie sicher, dass die Konfiguration regelmäßig **überprüft und aktualisiert** wird, um neue Programme oder Änderungen zu berücksichtigen Quelle: Einsatz von Ausführungskontrolle (S.1).  
5. Dokumentieren Sie die festgelegten Regeln, die zugehörigen Ausnahmen und den Genehmigungs‑Workflow, damit die Maßnahme nachvollziehbar und auditierbar bleibt Quelle: Einsatz von Ausführungskontrolle (S.1).";"1. Welche konkreten Tools eignen sich für die Umsetzung einer Whitelist‑basierten Ausführungskontrolle in Ihrer Umgebung?
2. Wie kann die Wirksamkeit der definierten Ausführungsregeln regelmäßig überprüft werden?
3. Welche Vorgehensweise empfiehlt das IT‑Grundschutz‑Kompendium für die Dokumentation von Ausnahmen bei der Ausführungskontrolle?";3;3;0.99999999995;0.75;0.7;0.615352261859238;Welche konkreten Tools eignen sich für die Umsetzung einer Whitelist‑basierten Ausführungskontrolle in Ihrer Umgebung?;1.0;2.0;Teilweise abgedeckt durch IT-Grundschutz-Tools;Wie kann die Wirksamkeit der definierten Ausführungsregeln regelmäßig überprüft werden?;2.0;2.0;Regelmäßige Überprüfung von Sicherheitsmaßnahmen;Welche Vorgehensweise empfiehlt das IT‑Grundschutz‑Kompendium für die Dokumentation von Ausnahmen bei der Ausführungskontrolle?;1.0;2.0;Dokumentation von Ausnahmen;1.333;2.0
Wie manage ich Wurzelzertifikate im Zuge der Beschaffung und Installation von Servern ?;"Um Wurzelzertifikate im Zuge der Beschaffung und Installation von Servern zu managen, sollte dokumentiert werden, welche Wurzelzertifikate für den Betrieb des Servers notwendig sind Quelle: SYS.1.1.A33 (S.?). Auf dem Server sollten lediglich die für den Betrieb notwendigen und vorab dokumentierten Wurzelzertifikate enthalten sein Quelle: SYS.1.1.A33 (S.?). Es sollte regelmäßig überprüft werden, ob die vorhandenen Wurzelzertifikate noch den Vorgaben der Institution entsprechen Quelle: SYS.1.1.A33 (S.?).

Anschlussfragen:
1. Wie können die notwendigen Wurzelzertifikate für den Server identifiziert werden?
2. Welche Rolle spielt die regelmäßige Überprüfung der Wurzelzertifikate im Rahmen des IT-Grundschutzes?
3. Wie können die Wurzelzertifikate auf dem Server verwaltet und aktualisiert werden, um die Sicherheit zu gewährleisten?";Um Wurzelzertifikate im Zuge der Beschaffung und Installation von Servern zu managen, sollte dokumentiert werden, welche Wurzelzertifikate für den Betrieb des Servers notwendig sind Quelle: SYS.1.1.A33 (S.?). Auf dem Server sollten lediglich die für den Betrieb notwendigen und vorab dokumentierten Wurzelzertifikate enthalten sein Quelle: SYS.1.1.A33 (S.?). Es sollte regelmäßig überprüft werden, ob die vorhandenen Wurzelzertifikate noch den Vorgaben der Institution entsprechen Quelle: SYS.1.1.A33 (S.?).;SYS.1.1.A33 Aktive Verwaltung der Wurzelzertifikate (H) Im Zuge der Beschaffung und Installation des Servers SOLLTE dokumentiert werden, welche Wurzelzertifikate für den Betrieb des Servers notwendig sind. Auf dem Server SOLLTEN lediglich die für den Betrieb notwendigen und vorab dokumentierten Wurzelzertifikate enthalten sein. Es SOLLTE regelmäßig überprüft werden, ob die vorhandenen Wurzelzertifikate noch den Vorgaben der Institution entsprechen. Es SOLLTEN alle auf dem IT-System vorhandenen Zertifikatsspeicher in die Prüfung einbezogen werden.;"Im Zuge der Beschaffung und Installation eines Servers SOLLTE dokumentiert werden, welche Wurzelzertifikate für den Betrieb des Servers notwendig sind Quelle: Aktive Verwaltung der Wurzelzertifikate (S.1).  
Auf dem Server SOLLTEN ausschließlich die vorab dokumentierten, für den Betrieb notwendigen Wurzelzertifikate enthalten sein Quelle: Aktive Verwaltung der Wurzelzertifikate (S.1).  
Es SOLLTE regelmäßig überprüft werden, ob die vorhandenen Wurzelzertifikate noch den Vorgaben der Institution entsprechen Quelle: Aktive Verwaltung der Wurzelzertifikate (S.1).  
Bei dieser Prüfung SOLLTEN alle auf dem IT‑System vorhandenen Zertifikatsspeicher einbezogen werden, also z. B. UEFI‑Zertifikatsspeicher, Browser‑Zertifikatsspeicher etc. Quelle: Aktive Verwaltung der Wurzelzertifikate (S.1).  

Damit ist das Management der Wurzelzertifikate im Beschaffungs‑ und Installationsprozess vollständig abgedeckt.  

Anschlussfragen:
1. Welche konkreten Verfahren eignen sich, um die regelmäßige Überprüfung der Wurzelzertifikate zu automatisieren?  
2. Wie wird die Dokumentation der benötigten Wurzelzertifikate im Change‑Management integriert?  
3. Welche Maßnahmen sind erforderlich, wenn ein Wurzelzertifikat nicht mehr den institutionellen Vorgaben entspricht?";"Im Zuge der Beschaffung und Installation eines Servers SOLLTE dokumentiert werden, welche Wurzelzertifikate für den Betrieb des Servers notwendig sind Quelle: Aktive Verwaltung der Wurzelzertifikate (S.1).  
Auf dem Server SOLLTEN ausschließlich die vorab dokumentierten, für den Betrieb notwendigen Wurzelzertifikate enthalten sein Quelle: Aktive Verwaltung der Wurzelzertifikate (S.1).  
Es SOLLTE regelmäßig überprüft werden, ob die vorhandenen Wurzelzertifikate noch den Vorgaben der Institution entsprechen Quelle: Aktive Verwaltung der Wurzelzertifikate (S.1).  
Bei dieser Prüfung SOLLTEN alle auf dem IT‑System vorhandenen Zertifikatsspeicher einbezogen werden, also z. B. UEFI‑Zertifikatsspeicher, Browser‑Zertifikatsspeicher etc. Quelle: Aktive Verwaltung der Wurzelzertifikate (S.1).  

Damit ist das Management der Wurzelzertifikate im Beschaffungs‑ und Installationsprozess vollständig abgedeckt.";"1. Welche konkreten Verfahren eignen sich, um die regelmäßige Überprüfung der Wurzelzertifikate zu automatisieren?  
2. Wie wird die Dokumentation der benötigten Wurzelzertifikate im Change‑Management integriert?  
3. Welche Maßnahmen sind erforderlich, wenn ein Wurzelzertifikat nicht mehr den institutionellen Vorgaben entspricht?";3;3;0.9166666666361111;0.8;0.6;0.7869275154065175;Welche konkreten Verfahren eignen sich, um die regelmäßige Überprüfung der Wurzelzertifikate zu automatisieren?;1.0;2.0;Teilweise abgedeckt;Wie wird die Dokumentation der benötigten Wurzelzertifikate im Change‑Management integriert?;2.0;2.0;Direkte Verbindung zu Wurzelzertifikaten;Welche Maßnahmen sind erforderlich, wenn ein Wurzelzertifikat nicht mehr den institutionellen Vorgaben entspricht?;2.0;2.0;Direkte Relevanz zu Wurzelzertifikaten;1.667;2.0
Wie sichere ich den Bootvorgang ab?;"Um den Bootvorgang abzusichern, SOLLTE der Bootloader und der Betriebssystem-Kern durch selbstkontrolliertes Schlüsselmaterial signiert und in einer vertrauenswürdigen Kette geprüft werden, was als Secure Boot bezeichnet wird Quelle: SYS.1.1.A36 (S. nicht spezifiziert). Darüber hinaus SOLLTE nicht benötigtes Schlüsselmaterial entfernt werden, um die Sicherheit zu erhöhen Quelle: SYS.1.1.A36 (S. nicht spezifiziert).

Anschlussfragen:
1. Wie kann ich sicherstellen, dass nur autorisierte Software während des Bootvorgangs geladen wird?
2. Welche Rolle spielt die Verwaltung von Schlüsselmaterial bei der Absicherung des Bootvorgangs?
3. Wie kann ich den Bootvorgang in meinem bestehenden Server-Setup anpassen, um Secure Boot zu implementieren?";Um den Bootvorgang abzusichern, SOLLTE der Bootloader und der Betriebssystem-Kern durch selbstkontrolliertes Schlüsselmaterial signiert und in einer vertrauenswürdigen Kette geprüft werden, was als Secure Boot bezeichnet wird Quelle: SYS.1.1.A36 (S. nicht spezifiziert). Darüber hinaus SOLLTE nicht benötigtes Schlüsselmaterial entfernt werden, um die Sicherheit zu erhöhen Quelle: SYS.1.1.A36 (S. nicht spezifiziert).;SYS.1.1.A36 Absicherung des Bootvorgangs (H) Bootloader und Betriebssystem-Kern SOLLTEN durch selbstkontrolliertes Schlüsselmaterial signiert beim Systemstart in einer vertrauenswürdigen Kette geprüft werden (Secure Boot). Nicht benötigtes Schlüsselmaterial SOLLTE entfernt werden.;Im bereitgestellten Kontext nicht enthalten;Im bereitgestellten Kontext nicht enthalten;;0;3;0.9666666666473333;1.0;0.0;0.09566590120144196;;;;;;;;;;;;;;
Welche Windows Server Version soll ich einsetzen?;"Für die Auswahl einer geeigneten Windows Server-Version MUSS eine begründete und dokumentierte Entscheidung getroffen werden, wobei der Einsatzzweck des Servers sowie die Einbindung ins Active Directory spezifiziert werden MÜSSEN Quelle: SYS.1.2.3.A1. Der Baustein SYS.1.2.3 Windows Server ist auf alle Server-Systeme anzuwenden, auf denen das Betriebssystem Microsoft Windows Server in den Versionen 2016, 2019 oder 2022 eingesetzt wird Quelle: Kap. 1.3 Abgrenzung und Modellierung – SYS.1.2.3 Windows Server. 

Anschlussfragen:
1. Welche Rolle spielt die Einbindung ins Active Directory bei der Auswahl einer Windows Server-Version?
2. Wie unterscheiden sich die Sicherheitsanforderungen für Windows Server 2012 im Vergleich zu den Versionen 2016, 2019 und 2022?
3. Welche weiteren Bausteine MÜSSEN bei der Nutzung von Cloud-Diensten mit Windows Server berücksichtigt werden?";Für die Auswahl einer geeigneten Windows Server-Version MUSS eine begründete und dokumentierte Entscheidung getroffen werden, wobei der Einsatzzweck des Servers sowie die Einbindung ins Active Directory spezifiziert werden MÜSSEN Quelle: SYS.1.2.3.A1. Der Baustein SYS.1.2.3 Windows Server ist auf alle Server-Systeme anzuwenden, auf denen das Betriebssystem Microsoft Windows Server in den Versionen 2016, 2019 oder 2022 eingesetzt wird Quelle: Kap. 1.3 Abgrenzung und Modellierung – SYS.1.2.3 Windows Server.;SYS.1.2.3.A1 Planung von Windows Server (B) Es MUSS eine begründete und dokumentierte Entscheidung für eine geeignete Edition von Windows Server getroffen werden. Der Einsatzzweck des Servers sowie die Einbindung ins Active Directory MÜSSEN dabei spezifiziert werden. Die Nutzung von mitgelieferten Cloud-Diensten im Betriebssystem MUSS grundsätzlich abgewogen und gründlich geplant werden. Wenn nicht benötigt, MUSS die Einrichtung von Microsoft-Konten auf dem Server blockiert werden.;"Windows Server 2016, 2019 und 2022 sind die aktuellen LTSC‑Versionen, die im Baustein SYS.1.2.3 modelliert werden und für neue Installationen empfohlen werden Quelle: Einleitung (S.1‑2)  
Windows Server 2012 befindet sich seit dem 09.10.2018 bzw. 10.10.2023 im End‑of‑Life und wird im Baustein SYS.1.2.2 nur noch für Bestandssysteme behandelt, sodass dessen Einsatz für neue Systeme nicht zulässig ist Quelle: Windows Server 2012 (S.3‑4)  
Für neue Server sollte, sofern die Hardware es zulässt, die Server‑Core‑Variante der jeweils neuesten LTSC‑Version (idealerweise 2022) verwendet werden, weil sie bei gleicher Funktionalität weniger Angriffsfläche bietet und bereits während der Installation auf aktuellen Patch‑Stand gebracht werden muss Quelle: Sichere Installation von Windows Server (S.5‑6)  

Anschlussfragen:  
1. Welche Kriterien sind bei der Auswahl zwischen Windows Server 2019 und 2022 zu berücksichtigen?  
2. Wie wird die Server‑Core‑Variante konkret konfiguriert und dokumentiert?  
3. Welche zusätzlichen Maßnahmen sind für die Nutzung von Cloud‑Diensten auf Windows Server nötig?";"Windows Server 2016, 2019 und 2022 sind die aktuellen LTSC‑Versionen, die im Baustein SYS.1.2.3 modelliert werden und für neue Installationen empfohlen werden Quelle: Einleitung (S.1‑2)  
Windows Server 2012 befindet sich seit dem 09.10.2018 bzw. 10.10.2023 im End‑of‑Life und wird im Baustein SYS.1.2.2 nur noch für Bestandssysteme behandelt, sodass dessen Einsatz für neue Systeme nicht zulässig ist Quelle: Windows Server 2012 (S.3‑4)  
Für neue Server sollte, sofern die Hardware es zulässt, die Server‑Core‑Variante der jeweils neuesten LTSC‑Version (idealerweise 2022) verwendet werden, weil sie bei gleicher Funktionalität weniger Angriffsfläche bietet und bereits während der Installation auf aktuellen Patch‑Stand gebracht werden muss Quelle: Sichere Installation von Windows Server (S.5‑6)";"1. Welche Kriterien sind bei der Auswahl zwischen Windows Server 2019 und 2022 zu berücksichtigen?  
2. Wie wird die Server‑Core‑Variante konkret konfiguriert und dokumentiert?  
3. Welche zusätzlichen Maßnahmen sind für die Nutzung von Cloud‑Diensten auf Windows Server nötig?";3;3;0.8099999999838;1.0;0.3;0.2846106262366473;Welche Kriterien sind bei der Auswahl zwischen Windows Server 2019 und 2022 zu berücksichtigen?;2.0;2.0;Direkte Relevanz zu Windows Server;Wie wird die Server‑Core‑Variante konkret konfiguriert und dokumentiert?;1.0;2.0;Konfiguration von Server-Core;Welche zusätzlichen Maßnahmen sind für die Nutzung von Cloud‑Diensten auf Windows Server nötig?;2.0;2.0;Direkt relevante Cloud-Dienste auf Windows Server;1.667;2.0
Muss ich immer die Server-Core-Variante von Windows installieren?;"Die Installation der Server-Core-Variante von Windows ist nicht immer zwingend erforderlich, aber wenn vom Funktionsumfang her ausreichend, MUSS die Server-Core-Variante installiert werden Quelle: SYS.1.2.3.A2 (S. nicht spezifiziert). Andernfalls MUSS begründet werden, warum die Server-Core-Variante nicht genügt Quelle: SYS.1.2.3.A2 (S. nicht spezifiziert). 

Anschlussfragen:
1. Welche Versionen von Windows Server werden im Baustein SYS.1.2.3 Windows Server behandelt?
2. Was sind die grundlegenden Sicherheitsaspekte, die im Baustein SYS.1.2.3 Windows Server behandelt werden?
3. Welche Rolle spielt die Active-Directory-Domäne im Rahmen des Bausteins SYS.1.2.3 Windows Server?";Die Installation der Server-Core-Variante von Windows ist nicht immer zwingend erforderlich, aber wenn vom Funktionsumfang her ausreichend, MUSS die Server-Core-Variante installiert werden Quelle: SYS.1.2.3.A2 (S. nicht spezifiziert). Andernfalls MUSS begründet werden, warum die Server-Core-Variante nicht genügt Quelle: SYS.1.2.3.A2 (S. nicht spezifiziert).;SYS.1.2.3.A2 Sichere Installation von Windows Server (B) Wenn vom Funktionsumfang her ausreichend, MUSS die Server-Core-Variante installiert werden. Andernfalls MUSS begründet werden, warum die Server-Core-Variante nicht genügt.;"Nein, die Server‑Core‑Variante muss nicht zwingend für jeden Windows‑Server eingesetzt werden. Sie ist nur dann verpflichtend, wenn ihr Funktionsumfang für die geplanten Serverrollen und -features ausreicht; ist das nicht der Fall, muss die Entscheidung, die Core‑Variante nicht zu nutzen, begründet und dokumentiert werden Quelle: Sichere Installation von Windows Server 2012 (S.1).  

Damit ist also ein differenziierter Ansatz gefordert: Zunächst prüfen, ob alle benötigten Rollen und Features in der Core‑Installation verfügbar sind. Falls ja, ist die Core‑Variante zu installieren; falls nein, ist eine nachvollziehbare Begründung zu erstellen und zu archivieren Quelle: Planung von Windows Server 2012 (S.2).  

Kurz zusammengefasst:
- **Prüfung des Funktionsumfangs** → Core‑Variante nur bei ausreichender Abdeckung.  
- **Dokumentationspflicht** bei Abweichung von der Core‑Variante.  

Anschlussfragen:
1. Welche konkreten Rollen und Features gelten als „nur in der Vollinstallation verfügbar“?
2. Wie sollte die Begründungs‑ und Dokumentations‑Doku im Rahmen des IT‑Grundschutzes aussehen?
3. Welche zusätzlichen Sicherheitsmaßnahmen sind für eine Vollinstallation im Vergleich zur Core‑Variante zu berücksichtigen?";"Nein, die Server‑Core‑Variante muss nicht zwingend für jeden Windows‑Server eingesetzt werden. Sie ist nur dann verpflichtend, wenn ihr Funktionsumfang für die geplanten Serverrollen und -features ausreicht; ist das nicht der Fall, muss die Entscheidung, die Core‑Variante nicht zu nutzen, begründet und dokumentiert werden Quelle: Sichere Installation von Windows Server 2012 (S.1).  

Damit ist also ein differenziierter Ansatz gefordert: Zunächst prüfen, ob alle benötigten Rollen und Features in der Core‑Installation verfügbar sind. Falls ja, ist die Core‑Variante zu installieren; falls nein, ist eine nachvollziehbare Begründung zu erstellen und zu archivieren Quelle: Planung von Windows Server 2012 (S.2).  

Kurz zusammengefasst:
- **Prüfung des Funktionsumfangs** → Core‑Variante nur bei ausreichender Abdeckung.  
- **Dokumentationspflicht** bei Abweichung von der Core‑Variante.";"1. Welche konkreten Rollen und Features gelten als „nur in der Vollinstallation verfügbar“?
2. Wie sollte die Begründungs‑ und Dokumentations‑Doku im Rahmen des IT‑Grundschutzes aussehen?
3. Welche zusätzlichen Sicherheitsmaßnahmen sind für eine Vollinstallation im Vergleich zur Core‑Variante zu berücksichtigen?";3;3;0.99999999995;0.6666666666666666;0.5555555555555556;0.8174863018060907;Welche konkreten Rollen und Features gelten als „nur in der Vollinstallation verfügbar“?;1.0;2.0;Teilweise abgedeckt;Wie sollte die Begründungs‑ und Dokumentations‑Doku im Rahmen des IT‑Grundschutzes aussehen?;2.0;1.0;Dokumentation im IT-Grundschutz;Welche zusätzlichen Sicherheitsmaßnahmen sind für eine Vollinstallation im Vergleich zur Core‑Variante zu berücksichtigen?;2.0;2.0;Direkte Sicherheitsmaßnahmen;1.667;1.667
Was muss ich wegen Telemetrie und Datenübertragung an Microsoft beachten?;"Um die Übertragung von Diagnose- und Nutzungsdaten an Microsoft stark zu reduzieren, MUSS das Telemetrie-Level 0 (Security) auf dem Windows Server konfiguriert werden Quelle: SYS.1.2.3.A3 (S. unbekannt, da keine Seitenzahl angegeben). Wenn diese Einstellung nicht wirksam umgesetzt wird, dann MUSS durch geeignete Maßnahmen, etwa auf Netzebene, sichergestellt werden, dass die Daten nicht an den Hersteller übertragen werden Quelle: SYS.1.2.3.A3 (S. unbekannt, da keine Seitenzahl angegeben).

Anschlussfragen:
1. Wie kann ich das Telemetrie-Level 0 (Security) auf meinem Windows Server konfigurieren?
2. Welche Maßnahmen kann ich ergreifen, um die Übertragung von Diagnose- und Nutzungsdaten an Microsoft zu verhindern, wenn die Einstellung des Telemetrie-Levels nicht wirksam umgesetzt wird?
3. Gibt es weitere Anforderungen oder Empfehlungen für die Konfiguration von Windows Server in Bezug auf Telemetrie und Datenübertragung, die ich beachten sollte?";Um die Übertragung von Diagnose- und Nutzungsdaten an Microsoft stark zu reduzieren, MUSS das Telemetrie-Level 0 (Security) auf dem Windows Server konfiguriert werden Quelle: SYS.1.2.3.A3 (S. unbekannt, da keine Seitenzahl angegeben). Wenn diese Einstellung nicht wirksam umgesetzt wird, dann MUSS durch geeignete Maßnahmen, etwa auf Netzebene, sichergestellt werden, dass die Daten nicht an den Hersteller übertragen werden Quelle: SYS.1.2.3.A3 (S. unbekannt, da keine Seitenzahl angegeben).;SYS.1.2.3.A3 Telemetrie- und Nutzungsdaten unter Windows Server (B) Um die Übertragung von Diagnose- und Nutzungsdaten an Microsoft stark zu reduzieren, MUSS das Telemetrie-Level 0 (Security) auf dem Windows Server konfiguriert werden. Wenn diese Einstellung nicht wirksam umgesetzt wird, dann MUSS durch geeignete Maßnahmen, etwa auf Netzebene, sichergestellt werden, dass die Daten nicht an den Hersteller übertragen werden.;"- Das Telemetrie‑Level **0 (Security)** MUSS in der Enterprise‑Edition von Windows konfiguriert werden, um die Übertragung von Diagnose‑ und Nutzungsdaten an Microsoft stark zu reduzieren Quelle: Telemetrie und Datenschutzeinstellungen unter Windows (S.1)  
- Auf Windows‑Servern MUSS ebenfalls das Telemetrie‑Level **0 (Security)** eingestellt werden; kann die Einstellung nicht wirksam umgesetzt werden, MUSS durch geeignete Maßnahmen auf Netzebene sichergestellt werden, dass keine Daten an den Hersteller übertragen werden Quelle: Telemetrie‑ und Datenübertragung an Microsoft (S.2)  
- Die Komponente **„Connected User Experience and Telemetry“ (CUET)** enthält eine Fernzugriffsmöglichkeit für Microsoft. Es SOLLTE netzseitig geloggt und, falls erforderlich, geblockt werden Quelle: Umgang mit Fernzugriffsfunktionen der „Connected User Experience and Telemetry“ (S.3)  
- Integrierte Cloud‑Funktionen von Windows DÜRFEN nicht unbeabsichtigt für institutionskritische oder personenbezogene Daten genutzt werden; insbesondere das automatische Sichern von BitLocker‑Wiederherstellungsschlüsseln im Microsoft‑Account SOLLTE deaktiviert werden Quelle: Integrierte Cloud‑Funktionen (S.4)  
- Bei Nutzung von Windows‑Server‑Cloud‑Diensten (z. B. Azure Online Backup, BitLocker‑Key‑Speicherung) MUSS die Vertraulichkeit geprüft und die Abhängigkeit von Drittanbietern dokumentiert werden Quelle: Unbedachte Cloud‑Nutzung (S.5)  

Anschlussfragen:
1. Welche konkreten Netzwerk‑Kontrollen können zur Blockierung von Telemetrie‑Daten eingesetzt werden?
2. Wie lässt sich das Logging von CUET‑Fernzugriffen technisch umsetzen?
3. Welche Richtlinien sollten für die Nutzung von Microsoft‑Cloud‑Diensten in einer Institution definiert werden?";"- Das Telemetrie‑Level **0 (Security)** MUSS in der Enterprise‑Edition von Windows konfiguriert werden, um die Übertragung von Diagnose‑ und Nutzungsdaten an Microsoft stark zu reduzieren Quelle: Telemetrie und Datenschutzeinstellungen unter Windows (S.1)  
- Auf Windows‑Servern MUSS ebenfalls das Telemetrie‑Level **0 (Security)** eingestellt werden; kann die Einstellung nicht wirksam umgesetzt werden, MUSS durch geeignete Maßnahmen auf Netzebene sichergestellt werden, dass keine Daten an den Hersteller übertragen werden Quelle: Telemetrie‑ und Datenübertragung an Microsoft (S.2)  
- Die Komponente **„Connected User Experience and Telemetry“ (CUET)** enthält eine Fernzugriffsmöglichkeit für Microsoft. Es SOLLTE netzseitig geloggt und, falls erforderlich, geblockt werden Quelle: Umgang mit Fernzugriffsfunktionen der „Connected User Experience and Telemetry“ (S.3)  
- Integrierte Cloud‑Funktionen von Windows DÜRFEN nicht unbeabsichtigt für institutionskritische oder personenbezogene Daten genutzt werden; insbesondere das automatische Sichern von BitLocker‑Wiederherstellungsschlüsseln im Microsoft‑Account SOLLTE deaktiviert werden Quelle: Integrierte Cloud‑Funktionen (S.4)  
- Bei Nutzung von Windows‑Server‑Cloud‑Diensten (z. B. Azure Online Backup, BitLocker‑Key‑Speicherung) MUSS die Vertraulichkeit geprüft und die Abhängigkeit von Drittanbietern dokumentiert werden Quelle: Unbedachte Cloud‑Nutzung (S.5)";"1. Welche konkreten Netzwerk‑Kontrollen können zur Blockierung von Telemetrie‑Daten eingesetzt werden?
2. Wie lässt sich das Logging von CUET‑Fernzugriffen technisch umsetzen?
3. Welche Richtlinien sollten für die Nutzung von Microsoft‑Cloud‑Diensten in einer Institution definiert werden?";3;3;0.99999999998;1.0;0.5833333333333334;0.5048569996367972;Welche konkreten Netzwerk‑Kontrollen können zur Blockierung von Telemetrie‑Daten eingesetzt werden?;2.0;2.0;Netzwerk-Kontrollen;Wie lässt sich das Logging von CUET‑Fernzugriffen technisch umsetzen?;1.0;1.0;Teilweise abgedeckt, thematisch verwandt;Welche Richtlinien sollten für die Nutzung von Microsoft‑Cloud‑Diensten in einer Institution definiert werden?;2.0;2.0;Direkt relevante Vertiefung;1.667;1.667
Wie sichere ich die Authentisierung in Windows Server ab?;"Um die Authentisierung in Windows Server abzusichern, SOLLTEN alle Konten von Benutzenden Mitglied der Sicherheitsgruppe „Protected Users“ sein Quelle: SYS.1.2.3.A5 (S). Konten für Dienste und Computer SOLLTEN NICHT Mitglied von „Protected Users“ sein Quelle: SYS.1.2.3.A5 (S). Darüber hinaus SOLLTEN Dienste-Konten in Windows Server Mitglied der Gruppe „Managed Service Account“ sein Quelle: SYS.1.2.3.A5 (S).

Anschlussfragen:
1. Wie werden die Sicherheitsaspekte für Server mit dem Baustein SYS.1.1 Allgemeiner Server ergänzt?
2. Welche Rolle spielt die Mitgliedschaft in der Gruppe „Protected Users“ für die Authentisierung?
3. Wie werden Sicherheitsanforderungen für Serverrollen und -funktionen wie Fileserver oder Webserver im IT-Grundschutz-Kompendium behandelt?";Um die Authentisierung in Windows Server abzusichern, SOLLTEN alle Konten von Benutzenden Mitglied der Sicherheitsgruppe „Protected Users“ sein Quelle: SYS.1.2.3.A5 (S). Konten für Dienste und Computer SOLLTEN NICHT Mitglied von „Protected Users“ sein Quelle: SYS.1.2.3.A5 (S). Darüber hinaus SOLLTEN Dienste-Konten in Windows Server Mitglied der Gruppe „Managed Service Account“ sein Quelle: SYS.1.2.3.A5 (S).;SYS.1.2.3.A5 Sichere Authentisierung und Autorisierung in Windows Server (S) In Windows Server SOLLTEN alle Konten von Benutzenden Mitglied der Sicherheitsgruppe „Protected Users“ sein. Konten für Dienste und Computer SOLLTEN NICHT Mitglied von „Protected Users“ sein. Dienste-Konten in Windows Server SOLLTEN Mitglied der Gruppe „Managed Service Account“ sein.;"Im bereitgestellten Kontext nicht enthalten  

Anschlussfragen:
1. Welche konkreten Bausteine des IT‑Grundschutz‑Kompendiums behandeln die Absicherung von Authentisierungsmechanismen in Windows Server?
2. Wie lässt sich der Einsatz von Kerberos und NTLMv2 in einer Gruppenrichtlinie technisch umsetzen?
3. Welche Rollen sind für die Dokumentation und Genehmigung von Ausnahmen bei Authentisierungsverfahren verantwortlich?";Im bereitgestellten Kontext nicht enthalten;"1. Welche konkreten Bausteine des IT‑Grundschutz‑Kompendiums behandeln die Absicherung von Authentisierungsmechanismen in Windows Server?
2. Wie lässt sich der Einsatz von Kerberos und NTLMv2 in einer Gruppenrichtlinie technisch umsetzen?
3. Welche Rollen sind für die Dokumentation und Genehmigung von Ausnahmen bei Authentisierungsverfahren verantwortlich?";3;3;0.7499999999625;0.75;;0.8555565214772716;Welche konkreten Bausteine des IT‑Grundschutz‑Kompendiums behandeln die Absicherung von Authentisierungsmechanismen in Windows Server?;2.0;2.0;Direkte Relevanz zu Authentisierung;Wie lässt sich der Einsatz von Kerberos und NTLMv2 in einer Gruppenrichtlinie technisch umsetzen?;2.0;2.0;Kerberos und NTLMv2 in Gruppenrichtlinie;Welche Rollen sind für die Dokumentation und Genehmigung von Ausnahmen bei Authentisierungsverfahren verantwortlich?;1.0;1.0;Teilweise abgedeckt;1.667;1.667
Welche Sicherheitsmaßnahmen sollte ich für RDP-Fernzugriff bei der Nutzung von Windows Servern umsetzen?;"Für die Umsetzung von Sicherheitsmaßnahmen bei der Nutzung von RDP-Fernzugriff auf Windows Servern sollten mehrere Aspekte berücksichtigt werden. Zunächst sollte die Gruppe der Berechtigten und IT-Systeme für den RemoteDesktopzugriff (RDP) durch die Zuweisung entsprechender Berechtigungen festgelegt werden, um den Zugriff zu beschränken Quelle: SYS.1.2.3.A6 (S). 

Es sollten Mechanismen des Betriebssystems berücksichtigt werden, um die übertragenen Anmeldeinformationen zu schützen, wie z.B. Remote Credential Guard oder RestrictedAdmin Quelle: SYS.1.2.3.A6 (S). 

In komplexen Infrastrukturen sollte das RDP-Zielsystem nur durch ein dazwischengeschaltetes RDP-Gateway erreicht werden können, um die Sicherheit zu erhöhen Quelle: SYS.1.2.3.A6 (S). 

Darüber hinaus sollten die eingesetzten kryptografischen Protokolle und Algorithmen den internen Vorgaben der Institution entsprechen, um eine einheitliche Sicherheitspolitik zu gewährleisten Quelle: SYS.1.2.3.A6 (S). 

Sofern der Einsatz von Remote-Desktopzugriffen nicht vorgesehen ist, sollten diese vollständig deaktiviert werden, um unnötige Angriffspunkte zu eliminieren Quelle: SYS.1.2.3.A6 (S).

Anschlussfragen:
1. Wie kann man die Sicherheit von RDP-Verbindungen durch die Konfiguration der lokalen Firewall erhöhen?
2. Welche Rolle spielt die Zuweisung von Berechtigungen bei der Sicherung von RDP-Zugriffen?
3. Wie können kryptografische Protokolle und Algorithmen zur Sicherung von RDP-Verbindungen beitragen?";"Für die Umsetzung von Sicherheitsmaßnahmen bei der Nutzung von RDP-Fernzugriff auf Windows Servern sollten mehrere Aspekte berücksichtigt werden. Zunächst sollte die Gruppe der Berechtigten und IT-Systeme für den RemoteDesktopzugriff (RDP) durch die Zuweisung entsprechender Berechtigungen festgelegt werden, um den Zugriff zu beschränken Quelle: SYS.1.2.3.A6 (S). 

Es sollten Mechanismen des Betriebssystems berücksichtigt werden, um die übertragenen Anmeldeinformationen zu schützen, wie z.B. Remote Credential Guard oder RestrictedAdmin Quelle: SYS.1.2.3.A6 (S). 

In komplexen Infrastrukturen sollte das RDP-Zielsystem nur durch ein dazwischengeschaltetes RDP-Gateway erreicht werden können, um die Sicherheit zu erhöhen Quelle: SYS.1.2.3.A6 (S). 

Darüber hinaus sollten die eingesetzten kryptografischen Protokolle und Algorithmen den internen Vorgaben der Institution entsprechen, um eine einheitliche Sicherheitspolitik zu gewährleisten Quelle: SYS.1.2.3.A6 (S). 

Sofern der Einsatz von Remote-Desktopzugriffen nicht vorgesehen ist, sollten diese vollständig deaktiviert werden, um unnötige Angriffspunkte zu eliminieren Quelle: SYS.1.2.3.A6 (S).";"SYS.1.2.3.A6 Sicherheit beim Fernzugriff über RDP (S) Die Auswirkungen auf die Konfiguration der lokalen Firewall SOLLTEN bei der Planung des Fernzugriffs berücksichtigt werden. Die Gruppe der Berechtigten und IT-Systeme für den RemoteDesktopzugriff (RDP) SOLLTE durch die Zuweisung entsprechender Berechtigungen festgelegt werden. Es SOLLTEN Mechanismen des Betriebssystems berücksichtigt werden, um die übertragenen Anmeldeinformationen zu schützen (z. B. Remote Credential Guard oder RestrictedAdmin). In komplexen Infrastrukturen SOLLTE das RDP-Zielsystem nur durch ein dazwischengeschaltetes RDPGateway erreicht werden können. Für die Verwendung von RDP SOLLTE eine Prüfung und deren Umsetzung sicherstellen, dass die nachfolgend aufgeführten Komfortfunktionen im Einklang mit dem Schutzbedarf des Zielsystems stehen:

• die Verwendung der Zwischenablage,

• die Einbindung von Wechselmedien und Netzlaufwerken sowie

• die Nutzung der Dateiablagen, von weiteren Geräten und Ressourcen, wie z. B. SmartcardLesegeräten.

Die eingesetzten kryptografischen Protokolle und Algorithmen SOLLTEN den internen Vorgaben der Institution entsprechen. Sofern der Einsatz von Remote-Desktopzugriffen nicht vorgesehen ist, SOLLTEN diese vollständig deaktiviert werden.";Im bereitgestellten Kontext nicht enthalten;Im bereitgestellten Kontext nicht enthalten;;0;3;0.9166666666361111;1.0;0.0;0.09098413534258153;;;;;;;;;;;;;;
Welche Sicherheitsmaßnahmen werden zur Einrichtung eines RDP Zugriff auf Windows Server benötigt?;"Um einen RDP-Zugriff auf Windows Server einzurichten, sollten mehrere Sicherheitsmaßnahmen berücksichtigt werden. Zunächst sollte die Gruppe der Berechtigten und IT-Systeme für den RemoteDesktopzugriff (RDP) durch die Zuweisung entsprechender Berechtigungen festgelegt werden, um den Zugriff zu beschränken Quelle: SYS.1.2.3.A6 (S). 

Es sollten Mechanismen des Betriebssystems berücksichtigt werden, um die übertragenen Anmeldeinformationen zu schützen, wie z.B. Remote Credential Guard oder RestrictedAdmin Quelle: SYS.1.2.3.A6 (S). 

In komplexen Infrastrukturen sollte das RDP-Zielsystem nur durch ein dazwischengeschaltetes RDP-Gateway erreicht werden können Quelle: SYS.1.2.3.A6 (S). 

Für die Verwendung von RDP sollte eine Prüfung und deren Umsetzung sicherstellen, dass die nachfolgend aufgeführten Komfortfunktionen im Einklang mit dem Schutzbedarf des Zielsystems stehen, wie z.B. die Verwendung der Zwischenablage, die Einbindung von Wechselmedien und Netzlaufwerken sowie die Nutzung der Dateiablagen, von weiteren Geräten und Ressourcen Quelle: SYS.1.2.3.A6 (S). 

Die eingesetzten kryptografischen Protokolle und Algorithmen sollten den internen Vorgaben der Institution entsprechen Quelle: SYS.1.2.3.A6 (S). 

Anschlussfragen:
1. Welche Rolle spielt die lokale Firewall bei der Planung des Fernzugriffs über RDP?
2. Wie können die übertragenen Anmeldeinformationen bei der Verwendung von RDP geschützt werden?
3. Welche Bedeutung hat die Verwendung eines RDP-Gateways in komplexen Infrastrukturen?";"Um einen RDP-Zugriff auf Windows Server einzurichten, sollten mehrere Sicherheitsmaßnahmen berücksichtigt werden. Zunächst sollte die Gruppe der Berechtigten und IT-Systeme für den RemoteDesktopzugriff (RDP) durch die Zuweisung entsprechender Berechtigungen festgelegt werden, um den Zugriff zu beschränken Quelle: SYS.1.2.3.A6 (S). 

Es sollten Mechanismen des Betriebssystems berücksichtigt werden, um die übertragenen Anmeldeinformationen zu schützen, wie z.B. Remote Credential Guard oder RestrictedAdmin Quelle: SYS.1.2.3.A6 (S). 

In komplexen Infrastrukturen sollte das RDP-Zielsystem nur durch ein dazwischengeschaltetes RDP-Gateway erreicht werden können Quelle: SYS.1.2.3.A6 (S). 

Für die Verwendung von RDP sollte eine Prüfung und deren Umsetzung sicherstellen, dass die nachfolgend aufgeführten Komfortfunktionen im Einklang mit dem Schutzbedarf des Zielsystems stehen, wie z.B. die Verwendung der Zwischenablage, die Einbindung von Wechselmedien und Netzlaufwerken sowie die Nutzung der Dateiablagen, von weiteren Geräten und Ressourcen Quelle: SYS.1.2.3.A6 (S). 

Die eingesetzten kryptografischen Protokolle und Algorithmen sollten den internen Vorgaben der Institution entsprechen Quelle: SYS.1.2.3.A6 (S).";"SYS.1.2.3.A6 Sicherheit beim Fernzugriff über RDP (S) Die Auswirkungen auf die Konfiguration der lokalen Firewall SOLLTEN bei der Planung des Fernzugriffs berücksichtigt werden. Die Gruppe der Berechtigten und IT-Systeme für den RemoteDesktopzugriff (RDP) SOLLTE durch die Zuweisung entsprechender Berechtigungen festgelegt werden. Es SOLLTEN Mechanismen des Betriebssystems berücksichtigt werden, um die übertragenen Anmeldeinformationen zu schützen (z. B. Remote Credential Guard oder RestrictedAdmin). In komplexen Infrastrukturen SOLLTE das RDP-Zielsystem nur durch ein dazwischengeschaltetes RDPGateway erreicht werden können. Für die Verwendung von RDP SOLLTE eine Prüfung und deren Umsetzung sicherstellen, dass die nachfolgend aufgeführten Komfortfunktionen im Einklang mit dem Schutzbedarf des Zielsystems stehen:

• die Verwendung der Zwischenablage,

• die Einbindung von Wechselmedien und Netzlaufwerken sowie

• die Nutzung der Dateiablagen, von weiteren Geräten und Ressourcen, wie z. B. SmartcardLesegeräten.

Die eingesetzten kryptografischen Protokolle und Algorithmen SOLLTEN den internen Vorgaben der Institution entsprechen. Sofern der Einsatz von Remote-Desktopzugriffen nicht vorgesehen ist, SOLLTEN diese vollständig deaktiviert werden.";"- Die lokale Firewall muss so konfiguriert werden, dass nur die für RDP zulässigen Verbindungen erlaubt sind Quelle: Sicherheit beim Fernzugriff über RDP (S.1)  
- Die Gruppe der berechtigten Benutzer / Systeme für den Remote‑Desktopzugriff ist durch entsprechende Berechtigungen festzulegen Quelle: Sicherheit beim Fernzugriff über RDP (S.1)  
- Betriebssystem‑Mechanismen zum Schutz übertragener Anmeldeinformationen (z. B. Remote Credential Guard, RestrictedAdmin) sind zu nutzen Quelle: Sicherheit beim Fernzugriff über RDP (S.1)  
- In komplexen Infrastrukturen darf das RDP‑Zielsystem nur über ein dazwischengeschaltetes RDP‑Gateway erreichbar sein Quelle: Sicherheit beim Fernzugriff über RDP (S.1)  
- Komfortfunktionen (Zwischenablage, Einbindung von Wechselmedien, Netzlaufwerken, Dateiablagen, Smart‑Card‑Lesegeräten) dürfen nur aktiviert werden, wenn sie dem Schutzbedarf des Zielsystems entsprechen Quelle: Sicherheit beim Fernzugriff über RDP (S.1)  
- Eingesetzte kryptografische Protokolle und Algorithmen müssen den internen Vorgaben der Institution entsprechen Quelle: Sicherheit beim Fernzugriff über RDP (S.1)  
- Wird RDP nicht benötigt, ist es vollständig zu deaktivieren Quelle: Sicherheit beim Fernzugriff über RDP (S.1)  
- Auf UEFI‑basierten Systemen ist Secure Boot zu verwenden und der Status des geschützten Modus für den Local Credential Store (LSA) beim Systemstart zu überwachen Quelle: Erweiterter Schutz der Anmeldeinformationen unter Windows (S.2)  
- Bei Domänen mit Funktionslevel 2012 R2 ist die Option „restrictedAdmin“ für RDP zu aktivieren Quelle: Erweiterter Schutz der Anmeldeinformationen unter Windows (S.2)  

Anschlussfragen:  
1. Wie können die genannten Firewall‑Regeln automatisiert geprüft werden?  
2. Welche GPO‑Einstellungen unterstützen die Aktivierung von RestrictedAdmin?  
3. Welche Verfahren zur regelmäßigen Überprüfung der kryptografischen Vorgaben sind empfehlenswert?";"- Die lokale Firewall muss so konfiguriert werden, dass nur die für RDP zulässigen Verbindungen erlaubt sind Quelle: Sicherheit beim Fernzugriff über RDP (S.1)  
- Die Gruppe der berechtigten Benutzer / Systeme für den Remote‑Desktopzugriff ist durch entsprechende Berechtigungen festzulegen Quelle: Sicherheit beim Fernzugriff über RDP (S.1)  
- Betriebssystem‑Mechanismen zum Schutz übertragener Anmeldeinformationen (z. B. Remote Credential Guard, RestrictedAdmin) sind zu nutzen Quelle: Sicherheit beim Fernzugriff über RDP (S.1)  
- In komplexen Infrastrukturen darf das RDP‑Zielsystem nur über ein dazwischengeschaltetes RDP‑Gateway erreichbar sein Quelle: Sicherheit beim Fernzugriff über RDP (S.1)  
- Komfortfunktionen (Zwischenablage, Einbindung von Wechselmedien, Netzlaufwerken, Dateiablagen, Smart‑Card‑Lesegeräten) dürfen nur aktiviert werden, wenn sie dem Schutzbedarf des Zielsystems entsprechen Quelle: Sicherheit beim Fernzugriff über RDP (S.1)  
- Eingesetzte kryptografische Protokolle und Algorithmen müssen den internen Vorgaben der Institution entsprechen Quelle: Sicherheit beim Fernzugriff über RDP (S.1)  
- Wird RDP nicht benötigt, ist es vollständig zu deaktivieren Quelle: Sicherheit beim Fernzugriff über RDP (S.1)  
- Auf UEFI‑basierten Systemen ist Secure Boot zu verwenden und der Status des geschützten Modus für den Local Credential Store (LSA) beim Systemstart zu überwachen Quelle: Erweiterter Schutz der Anmeldeinformationen unter Windows (S.2)  
- Bei Domänen mit Funktionslevel 2012 R2 ist die Option „restrictedAdmin“ für RDP zu aktivieren Quelle: Erweiterter Schutz der Anmeldeinformationen unter Windows (S.2)";"1. Wie können die genannten Firewall‑Regeln automatisiert geprüft werden?  
2. Welche GPO‑Einstellungen unterstützen die Aktivierung von RestrictedAdmin?  
3. Welche Verfahren zur regelmäßigen Überprüfung der kryptografischen Vorgaben sind empfehlenswert?";3;3;0.9999999999666667;0.9090909090909091;0.7777777777777778;0.7192376700271705;Wie können die genannten Firewall‑Regeln automatisiert geprüft werden?;1.0;2.0;Teilweise abgedeckt durch Systemüberwachung;Welche GPO‑Einstellungen unterstützen die Aktivierung von RestrictedAdmin?;1.0;2.0;GPO-Einstellungen für RestrictedAdmin;Welche Verfahren zur regelmäßigen Überprüfung der kryptografischen Vorgaben sind empfehlenswert?;2.0;1.0;Kryptografische Vorgaben;1.333;1.667
Was muss bei der Nutzung von Windows Servern zum Schutz von Schwachstellen beachtet werden?;"Bei der Nutzung von Windows Servern zum Schutz von Schwachstellen sollte beachtet werden, dass Maßnahmen zum Schutz vor Exploits für alle Programme und Dienste aktiviert werden sollten, die den Exploit-Schutz von Windows unterstützen, wie in SYS.1.2.3.A4 Schutz vor Ausnutzung von Schwachstellen in Anwendungen (S) beschrieben Quelle: SYS.1.2.3.A4 (S). 

Anschlussfragen:
1. Welche Versionen von Microsoft Windows Server werden im Baustein SYS.1.2.3 Windows Server behandelt?
2. Wie werden Sicherheitsanforderungen für Serverrollen und -funktionen wie Fileserver oder Webserver im Baustein SYS.1.2.3 Windows Server berücksichtigt?
3. Welche Rolle spielt der Baustein APP.2.2 Active Directory Domain Services bei der Nutzung von Windows Servern in einer Active-Directory-Domäne?";Bei der Nutzung von Windows Servern zum Schutz von Schwachstellen sollte beachtet werden, dass Maßnahmen zum Schutz vor Exploits für alle Programme und Dienste aktiviert werden sollten, die den Exploit-Schutz von Windows unterstützen, wie in SYS.1.2.3.A4 Schutz vor Ausnutzung von Schwachstellen in Anwendungen (S) beschrieben Quelle: SYS.1.2.3.A4 (S).;SYS.1.2.3.A4 Schutz vor Ausnutzung von Schwachstellen in Anwendungen (S) Maßnahmen zum Schutz vor Exploits SOLLTEN für alle Programme und Dienste aktiviert werden, die den Exploit-Schutz von Windows (vgl. Verweis in Kapitel 4.1 Wissenswertes) unterstützen.;"- **ASLR und DEP/NX aktivieren** – ASLR und DEP/NX MÜSSEN im Kernel aktiviert und von den Anwendungen genutzt werden; Kernel‑ und Bibliotheks‑Sicherheitsfunktionen (Heap‑ und Stackschutz) DÜRFEN NICHT deaktiviert werden Quelle: Schutz vor Ausnutzung von Schwachstellen in Anwendungen (S.1‑2)  
- **Telemetrie‑Level 0 konfigurieren** – Das Telemetrie‑Level MUSS auf „Security“ (Level 0) gesetzt werden; wird dies nicht umgesetzt, MÜSSEN geeignete Maßnahmen (z. B. Netzwerk‑Filter) ergriffen werden, um die Übertragung von Diagnose‑ und Nutzungsdaten zu verhindern Quelle: Telemetrie‑ und Nutzungsdaten unter Windows Server (S.1‑3)  
- **Fernzugänge sicher betreiben** – Remote‑Zugangs‑Protokolle (RDP, WinRM) dürfen nur mit sicheren Authentisierungs‑ und Verschlüsselungsmechanismen verwendet werden; schwache Passwörter, unsichere Protokolle oder fehlerhafte Konfigurationen DÜRFEN nicht zum Zugriff Dritter führen Quelle: Kompromittierung von Fernzugängen (S.4‑5)  

Anschlussfragen:
1. Welche konkreten GPO‑Einstellungen unterstützen die sichere Konfiguration von RDP und WinRM?
2. Wie lässt sich das Telemetrie‑Level automatisiert über Gruppenrichtlinien durchsetzen?
3. Welche zusätzlichen Hardening‑Maßnahmen (z. B. VSM, Container‑Isolation) werden für Windows Server empfohlen?";"- **ASLR und DEP/NX aktivieren** – ASLR und DEP/NX MÜSSEN im Kernel aktiviert und von den Anwendungen genutzt werden; Kernel‑ und Bibliotheks‑Sicherheitsfunktionen (Heap‑ und Stackschutz) DÜRFEN NICHT deaktiviert werden Quelle: Schutz vor Ausnutzung von Schwachstellen in Anwendungen (S.1‑2)  
- **Telemetrie‑Level 0 konfigurieren** – Das Telemetrie‑Level MUSS auf „Security“ (Level 0) gesetzt werden; wird dies nicht umgesetzt, MÜSSEN geeignete Maßnahmen (z. B. Netzwerk‑Filter) ergriffen werden, um die Übertragung von Diagnose‑ und Nutzungsdaten zu verhindern Quelle: Telemetrie‑ und Nutzungsdaten unter Windows Server (S.1‑3)  
- **Fernzugänge sicher betreiben** – Remote‑Zugangs‑Protokolle (RDP, WinRM) dürfen nur mit sicheren Authentisierungs‑ und Verschlüsselungsmechanismen verwendet werden; schwache Passwörter, unsichere Protokolle oder fehlerhafte Konfigurationen DÜRFEN nicht zum Zugriff Dritter führen Quelle: Kompromittierung von Fernzugängen (S.4‑5)";"1. Welche konkreten GPO‑Einstellungen unterstützen die sichere Konfiguration von RDP und WinRM?
2. Wie lässt sich das Telemetrie‑Level automatisiert über Gruppenrichtlinien durchsetzen?
3. Welche zusätzlichen Hardening‑Maßnahmen (z. B. VSM, Container‑Isolation) werden für Windows Server empfohlen?";3;3;0.8333333332916666;1.0;0.7142857142857143;0.14584489939007256;Welche konkreten GPO‑Einstellungen unterstützen die sichere Konfiguration von RDP und WinRM?;1.0;2.0;GPO-Einstellungen teilweise abgedeckt;Wie lässt sich das Telemetrie‑Level automatisiert über Gruppenrichtlinien durchsetzen?;2.0;2.0;Direkte Konfiguration;Welche zusätzlichen Hardening‑Maßnahmen (z. B. VSM, Container‑Isolation) werden für Windows Server empfohlen?;2.0;2.0;Direkte Empfehlungen;1.667;2.0
Wie wird Windows PowerShell verwendet?;"Die Windows PowerShell wird verwendet, indem ihre Ausführung zentral protokolliert und die erzeugten Protokolle überwacht werden. Die Ausführung von PowerShell-Skripten sollte mit dem Befehl SetExecutionPolicy AllSigned eingeschränkt werden, um zu verhindern, dass unsignierte Skripte ausgeführt werden. Ältere Windows PowerShell-Versionen sollten deaktiviert werden. Der Einsatz des PowerShell Constrained Language Mode sollte geprüft werden. Zur Einschränkung der Windows PowerShell sollte bei Windows Server mithilfe von Just Enough Administration (JEA) eine rollenbasierte Administration implementiert werden Quelle: SYS.1.2.3.A7 (S. unbekannt, da keine Seitenzahl angegeben).

Anschlussfragen:
1. Wie kann die Ausführung von PowerShell-Skripten eingeschränkt werden?
2. Welche Rolle spielt Just Enough Administration (JEA) bei der Einschränkung der Windows PowerShell?
3. Wie sollten ältere Windows PowerShell-Versionen behandelt werden?";Die Windows PowerShell wird verwendet, indem ihre Ausführung zentral protokolliert und die erzeugten Protokolle überwacht werden. Die Ausführung von PowerShell-Skripten sollte mit dem Befehl SetExecutionPolicy AllSigned eingeschränkt werden, um zu verhindern, dass unsignierte Skripte ausgeführt werden. Ältere Windows PowerShell-Versionen sollten deaktiviert werden. Der Einsatz des PowerShell Constrained Language Mode sollte geprüft werden. Zur Einschränkung der Windows PowerShell sollte bei Windows Server mithilfe von Just Enough Administration (JEA) eine rollenbasierte Administration implementiert werden Quelle: SYS.1.2.3.A7 (S. unbekannt, da keine Seitenzahl angegeben).;SYS.1.2.3.A7 Verwendung der Windows PowerShell (H) Die PowerShell-Ausführung SOLLTE zentral protokolliert werden. Die erzeugten Protokolle SOLLTEN geeignet überwacht werden. Die Ausführung von PowerShell-Skripten SOLLTE mit dem Befehl SetExecutionPolicy AllSigned eingeschränkt werden, um zu verhindern, dass unsignierte Skripte (versehentlich) ausgeführt werden. Ältere Windows PowerShell-Versionen SOLLTEN deaktiviert werden. Der Einsatz des PowerShell Constrained Language Mode SOLLTE geprüft werden. Zur Einschränkung der Windows PowerShell SOLLTE bei Windows Server mithilfe von Just Enough Administration (JEA) eine rollenbasierte Administration implementiert werden.;"Windows PowerShell wird gemäß den Vorgaben des Bausteins nur administrativ eingesetzt und streng kontrolliert:  

- Die PowerShell‑Ausführung MUSS zentral protokolliert und die erzeugten Protokolle SOLLTEN überwacht werden Quelle: Verwendung der Windows PowerShell (S.1)  
- Die Ausführung von PowerShell‑Skripten SOLLTE mit dem Befehl **Set‑ExecutionPolicy AllSigned** eingeschränkt werden, um unsignierte Skripte zu verhindern Quelle: Verwendung der Windows PowerShell (S.1)  
- Ältere PowerShell‑Versionen SOLLTEN deaktiviert werden Quelle: Verwendung der Windows PowerShell (S.1)  
- Der Einsatz des **Constrained Language Mode** SOLLTE geprüft werden, um die Skriptausführung weiter zu beschränken Quelle: Verwendung der Windows PowerShell (S.1)  
- Auf Windows Servern SOLLTE mittels **Just Enough Administration (JEA)** eine rollenbasierte Administration implementiert werden Quelle: Verwendung der Windows PowerShell (S.1)  
- PowerShell und *.ps1‑Dateien DÜRFEN NUR von Administrierenden ausgeführt werden Quelle: Verwendung der Windows PowerShell (S.1)  

Anschlussfragen:  
1. Welche konkreten Maßnahmen sind für die zentrale Protokollierung von PowerShell‑Ereignissen vorgesehen?  
2. Wie lässt sich der Constrained Language Mode technisch aktivieren und konfigurieren?  
3. Welche Schritte sind nötig, um JEA‑Rollen auf einem Windows Server einzurichten?";"Windows PowerShell wird gemäß den Vorgaben des Bausteins nur administrativ eingesetzt und streng kontrolliert:  

- Die PowerShell‑Ausführung MUSS zentral protokolliert und die erzeugten Protokolle SOLLTEN überwacht werden Quelle: Verwendung der Windows PowerShell (S.1)  
- Die Ausführung von PowerShell‑Skripten SOLLTE mit dem Befehl **Set‑ExecutionPolicy AllSigned** eingeschränkt werden, um unsignierte Skripte zu verhindern Quelle: Verwendung der Windows PowerShell (S.1)  
- Ältere PowerShell‑Versionen SOLLTEN deaktiviert werden Quelle: Verwendung der Windows PowerShell (S.1)  
- Der Einsatz des **Constrained Language Mode** SOLLTE geprüft werden, um die Skriptausführung weiter zu beschränken Quelle: Verwendung der Windows PowerShell (S.1)  
- Auf Windows Servern SOLLTE mittels **Just Enough Administration (JEA)** eine rollenbasierte Administration implementiert werden Quelle: Verwendung der Windows PowerShell (S.1)  
- PowerShell und *.ps1‑Dateien DÜRFEN NUR von Administrierenden ausgeführt werden Quelle: Verwendung der Windows PowerShell (S.1)";"1. Welche konkreten Maßnahmen sind für die zentrale Protokollierung von PowerShell‑Ereignissen vorgesehen?  
2. Wie lässt sich der Constrained Language Mode technisch aktivieren und konfigurieren?  
3. Welche Schritte sind nötig, um JEA‑Rollen auf einem Windows Server einzurichten?";3;3;0.99999999995;1.0;1.0;0.9073242683533556;Welche konkreten Maßnahmen sind für die zentrale Protokollierung von PowerShell‑Ereignissen vorgesehen?;2.0;2.0;Zentrale Protokollierung;Wie lässt sich der Constrained Language Mode technisch aktivieren und konfigurieren?;2.0;2.0;Direkte technische Konfiguration;Welche Schritte sind nötig, um JEA‑Rollen auf einem Windows Server einzurichten?;2.0;2.0;JEA-Rollen in Windows Server;2.0;2.0
Was ist  bei der Aufstellung zentraler Speichersysteme zu beachten?;"Bei der Aufstellung zentraler Speichersysteme ist zu beachten, dass die IT-Komponenten in verschlossenen Räumen aufgestellt werden müssen, zu denen nur Berechtigte Zutritt haben dürfen. Zudem muss eine sichere Stromversorgung sichergestellt sein und die Vorgaben des Herstellers zur Umgebungstemperatur und Luftfeuchte müssen eingehalten werden Quelle: SYS.1.8.A1 (S.391). 

Anschlussfragen:
1. Welche Arten von Speicherlösungen werden im Baustein SYS.1.8 Speicherlösungen behandelt?
2. Wie sollten Speicherlösungen im Rollen- und Rechtekonzept berücksichtigt werden?
3. Welche Anforderungen müssen bei der Nutzung von externen Dienstleistungen zur Betreibung von Speicherlösungen berücksichtigt werden?";Bei der Aufstellung zentraler Speichersysteme ist zu beachten, dass die IT-Komponenten in verschlossenen Räumen aufgestellt werden müssen, zu denen nur Berechtigte Zutritt haben dürfen. Zudem muss eine sichere Stromversorgung sichergestellt sein und die Vorgaben des Herstellers zur Umgebungstemperatur und Luftfeuchte müssen eingehalten werden Quelle: SYS.1.8.A1 (S.391).;SYS.1.8.A1 Geeignete Aufstellung von Speichersystemen (B) [Haustechnik] Die IT-Komponenten von Speicherlösungen MÜSSEN in verschlossenen Räumen aufgestellt werden. Zu diesen Räumen DÜRFEN NUR Berechtigte Zutritt haben. Zudem MUSS eine sichere Stromversorgung sichergestellt sein. Die Vorgaben des herstellenden Unternehmens zur empfohlenen Umgebungstemperatur und Luftfeuchte MÜSSEN eingehalten werden.;"- IT‑Komponenten von Speicherlösungen MÜSSEN in verschlossenen Räumen aufgestellt werden; nur berechtigte Personen dürfen Zutritt haben Quelle: Geeignete Aufstellung von Speichersystemen (S.1)  
- Eine sichere Stromversorgung MUSS gewährleistet sein Quelle: Geeignete Aufstellung von Speichersystemen (S.1)  
- Die vom Hersteller vorgegebenen Umgebungstemperatur‑ und Luftfeuchte‑Grenzwerte MÜSSEN eingehalten werden Quelle: Geeignete Aufstellung von Speichersystemen (S.1)  

Anschlussfragen:
1. Welche Maßnahmen sind für die sichere Grundkonfiguration von Speichersystemen vorgesehen?
2. Wie wird die Verfügbarkeit und Überwachung von zentralen Speichersystemen im laufenden Betrieb geregelt?
3. Welche Besonderheiten gelten bei der Aufstellung von Hybrid‑ oder Cloud‑Storage‑Lösungen?";"- IT‑Komponenten von Speicherlösungen MÜSSEN in verschlossenen Räumen aufgestellt werden; nur berechtigte Personen dürfen Zutritt haben Quelle: Geeignete Aufstellung von Speichersystemen (S.1)  
- Eine sichere Stromversorgung MUSS gewährleistet sein Quelle: Geeignete Aufstellung von Speichersystemen (S.1)  
- Die vom Hersteller vorgegebenen Umgebungstemperatur‑ und Luftfeuchte‑Grenzwerte MÜSSEN eingehalten werden Quelle: Geeignete Aufstellung von Speichersystemen (S.1)";"1. Welche Maßnahmen sind für die sichere Grundkonfiguration von Speichersystemen vorgesehen?
2. Wie wird die Verfügbarkeit und Überwachung von zentralen Speichersystemen im laufenden Betrieb geregelt?
3. Welche Besonderheiten gelten bei der Aufstellung von Hybrid‑ oder Cloud‑Storage‑Lösungen?";3;3;0.6666666666333333;1.0;1.0;0.9831739191459495;Welche Maßnahmen sind für die sichere Grundkonfiguration von Speichersystemen vorgesehen?;2.0;2.0;Direkte Maßnahmen;Wie wird die Verfügbarkeit und Überwachung von zentralen Speichersystemen im laufenden Betrieb geregelt?;2.0;2.0;Direkte Verfügbarkeits- und Überwachungsregelung;Welche Besonderheiten gelten bei der Aufstellung von Hybrid‑ oder Cloud‑Storage‑Lösungen?;2.0;2.0;Direkt relevant zu Speicherlösungen;2.0;2.0
Was muss ich bei der Grundkonfiguration von Speicherlösungen beachten?;"Bei der Grundkonfiguration von Speicherlösungen muss sichergestellt werden, dass alle eingesetzten Softwarekomponenten und die Firmware aktuell sind. Danach muss eine sichere Grundkonfiguration hergestellt werden, wobei nicht genutzte Schnittstellen des Speichersystems deaktiviert werden müssen. Die Dateien zur Default-Konfiguration, zur vorgenommenen Grundkonfiguration und zur aktuellen Konfiguration sollten redundant und geschützt aufbewahrt werden. Quelle: SYS.1.8.A2 Sichere Grundkonfiguration von Speicherlösungen (B) 

Anschlussfragen:
1. Welche Rolle spielt die Aktualität der Softwarekomponenten und Firmware bei der Grundkonfiguration von Speicherlösungen?
2. Wie sollten nicht genutzte Schnittstellen des Speichersystems behandelt werden?
3. Welche Bedeutung haben die Dateien zur Default-Konfiguration, zur vorgenommenen Grundkonfiguration und zur aktuellen Konfiguration für die Sicherheit der Speicherlösung?";Bei der Grundkonfiguration von Speicherlösungen muss sichergestellt werden, dass alle eingesetzten Softwarekomponenten und die Firmware aktuell sind. Danach muss eine sichere Grundkonfiguration hergestellt werden, wobei nicht genutzte Schnittstellen des Speichersystems deaktiviert werden müssen. Die Dateien zur Default-Konfiguration, zur vorgenommenen Grundkonfiguration und zur aktuellen Konfiguration sollten redundant und geschützt aufbewahrt werden. Quelle: SYS.1.8.A2 Sichere Grundkonfiguration von Speicherlösungen (B);SYS.1.8.A2 Sichere Grundkonfiguration von Speicherlösungen (B) Bevor eine Speicherlösung produktiv eingesetzt wird, MUSS sichergestellt sein, dass alle eingesetzten Softwarekomponenten und die Firmware aktuell sind. Danach MUSS eine sichere Grundkonfiguration hergestellt werden. Nicht genutzte Schnittstellen des Speichersystems MÜSSEN deaktiviert werden. Die Dateien zur Default-Konfiguration, zur vorgenommenen Grundkonfiguration und zur aktuellen Konfiguration SOLLTEN redundant und geschützt aufbewahrt werden.;"- Vor dem produktiven Einsatz MUSS sichergestellt sein, dass alle eingesetzten Software‑Komponenten und die Firmware aktuell sind Quelle: Sichere Grundkonfiguration von Speicherlösungen (S.1-2)  
- Anschließend MUSS eine sichere Grundkonfiguration hergestellt werden Quelle: Sichere Grundkonfiguration von Speicherlösungen (S.2)  
- Nicht genutzte Schnittstellen des Speichersystems MÜSSEN deaktiviert werden Quelle: Sichere Grundkonfiguration von Speicherlösungen (S.3)  
- Die Dateien zur Default‑Konfiguration, zur vorgenommenen Grundkonfiguration und zur aktuellen Konfiguration SOLLTEN redundant und geschützt aufbewahrt werden Quelle: Sichere Grundkonfiguration von Speicherlösungen (S.4-5)  
- IT‑Komponenten von Speicherlösungen MÜSSEN in verschlossenen Räumen aufgestellt werden; Zutritt DÜRFEN NUR Berechtigte haben Quelle: Geeignete Aufstellung von Speichersystemen (S.6-7)  
- Eine sichere Stromversorgung MUSS gewährleistet sein und die herstellerseitigen Vorgaben zu Temperatur und Luftfeuchte MÜSSEN eingehalten werden Quelle: Geeignete Aufstellung von Speichersystemen (S.8-9)  
- Vor dem Einsatz SOLLTE eine Anforderungsanalyse (z. B. Performance, Kapazität) durchgeführt werden Quelle: Planung von Speicherlösungen (S.10-11)  
- Auf Basis der Analyse SOLLTE eine detaillierte Planung erstellt werden, die Auswahl des Herstellers, Entscheidung für zentrale Management‑Systeme, Netzanschluss, Infrastruktur und Integration in bestehende Prozesse berücksichtigt Quelle: Planung von Speicherlösungen (S.12-14)  

Anschlussfragen:
1. Welche Maßnahmen sind für den sicheren Betrieb und die Überwachung einer bereits konfigurierten Speicherlösung vorgesehen?
2. Wie sollten Änderungen an der Sicherheitsrichtlinie für Speicherlösungen dokumentiert und abgestimmt werden?
3. Welche spezifischen Risiken ergeben sich bei unsicheren Default‑Einstellungen von Speicherkomponenten?";"- Vor dem produktiven Einsatz MUSS sichergestellt sein, dass alle eingesetzten Software‑Komponenten und die Firmware aktuell sind Quelle: Sichere Grundkonfiguration von Speicherlösungen (S.1-2)  
- Anschließend MUSS eine sichere Grundkonfiguration hergestellt werden Quelle: Sichere Grundkonfiguration von Speicherlösungen (S.2)  
- Nicht genutzte Schnittstellen des Speichersystems MÜSSEN deaktiviert werden Quelle: Sichere Grundkonfiguration von Speicherlösungen (S.3)  
- Die Dateien zur Default‑Konfiguration, zur vorgenommenen Grundkonfiguration und zur aktuellen Konfiguration SOLLTEN redundant und geschützt aufbewahrt werden Quelle: Sichere Grundkonfiguration von Speicherlösungen (S.4-5)  
- IT‑Komponenten von Speicherlösungen MÜSSEN in verschlossenen Räumen aufgestellt werden; Zutritt DÜRFEN NUR Berechtigte haben Quelle: Geeignete Aufstellung von Speichersystemen (S.6-7)  
- Eine sichere Stromversorgung MUSS gewährleistet sein und die herstellerseitigen Vorgaben zu Temperatur und Luftfeuchte MÜSSEN eingehalten werden Quelle: Geeignete Aufstellung von Speichersystemen (S.8-9)  
- Vor dem Einsatz SOLLTE eine Anforderungsanalyse (z. B. Performance, Kapazität) durchgeführt werden Quelle: Planung von Speicherlösungen (S.10-11)  
- Auf Basis der Analyse SOLLTE eine detaillierte Planung erstellt werden, die Auswahl des Herstellers, Entscheidung für zentrale Management‑Systeme, Netzanschluss, Infrastruktur und Integration in bestehende Prozesse berücksichtigt Quelle: Planung von Speicherlösungen (S.12-14)";"1. Welche Maßnahmen sind für den sicheren Betrieb und die Überwachung einer bereits konfigurierten Speicherlösung vorgesehen?
2. Wie sollten Änderungen an der Sicherheitsrichtlinie für Speicherlösungen dokumentiert und abgestimmt werden?
3. Welche spezifischen Risiken ergeben sich bei unsicheren Default‑Einstellungen von Speicherkomponenten?";3;3;0.5916666666469445;1.0;1.0;0.6207668675474084;Welche Maßnahmen sind für den sicheren Betrieb und die Überwachung einer bereits konfigurierten Speicherlösung vorgesehen?;2.0;2.0;Direkt relevant und abgedeckt;Wie sollten Änderungen an der Sicherheitsrichtlinie für Speicherlösungen dokumentiert und abgestimmt werden?;2.0;2.0;Dokumentation und Abstimmung;Welche spezifischen Risiken ergeben sich bei unsicheren Default‑Einstellungen von Speicherkomponenten?;2.0;2.0;Direkt zu Speicherlösungen und Risiken;2.0;2.0
Wie plane ich eine Speicherlösung systematisch?;"Um eine Speicherlösung systematisch zu planen, SOLLTE eine Anforderungsanalyse durchgeführt werden, in der unter anderem die Themen Performance und Kapazität betrachtet werden Quelle: SYS.1.8.A7 (S.?). Auf Basis der ermittelten Anforderungen SOLLTE dann eine detaillierte Planung für Speicherlösungen erstellt werden, die folgende Punkte berücksichtigt: Auswahl von herstellenden Unternehmen und Liefernden, Entscheidung für oder gegen zentrale Verwaltungssysteme, Planung des Netzanschlusses, Planung der Infrastruktur sowie Integration in bestehende Prozesse Quelle: SYS.1.8.A7 (S.?).

Anschlussfragen:
1. Wie können die Anforderungen an eine Speicherlösung systematisch ermittelt werden?
2. Welche Rolle spielt die Auswahl von herstellenden Unternehmen und Liefernden bei der Planung einer Speicherlösung?
3. Wie können Speicherlösungen im Rollen- und Rechtekonzept berücksichtigt werden?";Um eine Speicherlösung systematisch zu planen, SOLLTE eine Anforderungsanalyse durchgeführt werden, in der unter anderem die Themen Performance und Kapazität betrachtet werden Quelle: SYS.1.8.A7 (S.?). Auf Basis der ermittelten Anforderungen SOLLTE dann eine detaillierte Planung für Speicherlösungen erstellt werden, die folgende Punkte berücksichtigt: Auswahl von herstellenden Unternehmen und Liefernden, Entscheidung für oder gegen zentrale Verwaltungssysteme, Planung des Netzanschlusses, Planung der Infrastruktur sowie Integration in bestehende Prozesse Quelle: SYS.1.8.A7 (S.?).;"SYS.1.8.A7 Planung von Speicherlösungen (S) Bevor Speicherlösungen in einer Institution eingesetzt werden, SOLLTE eine Anforderungsanalyse durchgeführt werden. In der Anforderungsanalyse SOLLTEN unter anderem die Themen Performance und Kapazität betrachtet werden. Auf Basis der ermittelten Anforderungen SOLLTE dann eine detaillierte Planung für Speicherlösungen erstellt werden. Darin SOLLTEN folgende Punkte berücksichtigt werden:

• Auswahl von herstellenden Unternehmen und Liefernden,

• Entscheidung für oder gegen zentrale Verwaltungssysteme (Management-Systeme),

• Planung des Netzanschlusses,

• Planung der Infrastruktur sowie

• Integration in bestehende Prozesse.";"**Systematische Planung einer Speicherlösung (Baustein SYS.1.8 Speicherlösungen)**  

1. **Anforderungsanalyse** – Vor der Einführung SOLLTE eine Analyse der Performance‑ und Kapazitätsanforderungen erfolgen Quelle: Planung von Speicherlösungen (S.1-2)  
2. **Detaillierte Planung** – Auf Basis der Analyse SOLLTEN folgende Punkte berücksichtigt werden:  
   - Auswahl von Herstellern und Liefernden  
   - Entscheidung für bzw. gegen zentrale Management‑Systeme  
   - Planung des Netzanschlusses  
   - Planung der Infrastruktur  
   - Integration in bestehende Prozesse Quelle: Planung von Speicherlösungen (S.3-5)  
3. **Sichere Grundkonfiguration** – Vor dem produktiven Einsatz MUSS die aktuelle Software/Firmware installiert, nicht genutzte Schnittstellen deaktiviert und Konfigurationsdateien redundant sowie geschützt gespeichert werden Quelle: Sichere Grundkonfiguration von Speicherlösungen (S.1-2)  
4. **Sicherheitsrichtlinie** – Ausgehend von der allgemeinen Sicherheitsrichtlinie SOLLTE eine spezifische Richtlinie für Speicherlösungen erstellt werden, die Vorgaben für Planung, Administration, Installation, Betrieb und Änderungen enthält und deren Änderungen mit dem ISB abgestimmt werden Quelle: Erstellung einer Sicherheitsrichtlinie für Speicherlösungen (S.1-3)  
5. **Auswahl der Liefernden** – Auf Basis der spezifizierten Anforderungen SOLLTEN geeignete Liefernde ausgewählt, Auswahlkriterien dokumentiert und Service‑Level‑Agreements (SLAs) eindeutig und quantifizierbar festgelegt werden Quelle: Auswahl von Liefernden für eine Speicherlösung (S.1-3)  
6. **Notfallvorsorge** – Ein Notfallplan SOLLTE erstellt, Handlungsanweisungen und Werkzeuge definiert und regelmäßige Übungen sowie Tests durchgeführt werden; nach jedem Einsatz sind die erzeugten Daten sicher zu löschen Quelle: Notfallvorsorge und Notfallreaktion für Speicherlösungen (S.1-4)  
7. **Überwachung & Verwaltung** – Speicherlösungen SOLLTEN überwacht, Nachrichten gefiltert und zentral verwaltet werden, um die Einhaltung des Betriebshandbuchs sicherzustellen Quelle: Überwachung und Verwaltung von Speicherlösungen (S.1-2)  

Anschlussfragen:  
1. Welche konkreten Kriterien sollten bei der Auswahl von Liefernden für Speicherlösungen berücksichtigt werden?  
2. Wie lässt sich die Integration einer Speicherlösung in bestehende Prozesse praktisch umsetzen?  
3. Welche Methoden eignen sich zur regelmäßigen Überprüfung der Sicherheitsrichtlinie für Speicherlösungen?";"**Systematische Planung einer Speicherlösung (Baustein SYS.1.8 Speicherlösungen)**  

1. **Anforderungsanalyse** – Vor der Einführung SOLLTE eine Analyse der Performance‑ und Kapazitätsanforderungen erfolgen Quelle: Planung von Speicherlösungen (S.1-2)  
2. **Detaillierte Planung** – Auf Basis der Analyse SOLLTEN folgende Punkte berücksichtigt werden:  
   - Auswahl von Herstellern und Liefernden  
   - Entscheidung für bzw. gegen zentrale Management‑Systeme  
   - Planung des Netzanschlusses  
   - Planung der Infrastruktur  
   - Integration in bestehende Prozesse Quelle: Planung von Speicherlösungen (S.3-5)  
3. **Sichere Grundkonfiguration** – Vor dem produktiven Einsatz MUSS die aktuelle Software/Firmware installiert, nicht genutzte Schnittstellen deaktiviert und Konfigurationsdateien redundant sowie geschützt gespeichert werden Quelle: Sichere Grundkonfiguration von Speicherlösungen (S.1-2)  
4. **Sicherheitsrichtlinie** – Ausgehend von der allgemeinen Sicherheitsrichtlinie SOLLTE eine spezifische Richtlinie für Speicherlösungen erstellt werden, die Vorgaben für Planung, Administration, Installation, Betrieb und Änderungen enthält und deren Änderungen mit dem ISB abgestimmt werden Quelle: Erstellung einer Sicherheitsrichtlinie für Speicherlösungen (S.1-3)  
5. **Auswahl der Liefernden** – Auf Basis der spezifizierten Anforderungen SOLLTEN geeignete Liefernde ausgewählt, Auswahlkriterien dokumentiert und Service‑Level‑Agreements (SLAs) eindeutig und quantifizierbar festgelegt werden Quelle: Auswahl von Liefernden für eine Speicherlösung (S.1-3)  
6. **Notfallvorsorge** – Ein Notfallplan SOLLTE erstellt, Handlungsanweisungen und Werkzeuge definiert und regelmäßige Übungen sowie Tests durchgeführt werden; nach jedem Einsatz sind die erzeugten Daten sicher zu löschen Quelle: Notfallvorsorge und Notfallreaktion für Speicherlösungen (S.1-4)  
7. **Überwachung & Verwaltung** – Speicherlösungen SOLLTEN überwacht, Nachrichten gefiltert und zentral verwaltet werden, um die Einhaltung des Betriebshandbuchs sicherzustellen Quelle: Überwachung und Verwaltung von Speicherlösungen (S.1-2)";"1. Welche konkreten Kriterien sollten bei der Auswahl von Liefernden für Speicherlösungen berücksichtigt werden?  
2. Wie lässt sich die Integration einer Speicherlösung in bestehende Prozesse praktisch umsetzen?  
3. Welche Methoden eignen sich zur regelmäßigen Überprüfung der Sicherheitsrichtlinie für Speicherlösungen?";3;3;0.7749999999806251;1.0;1.0;0.5556334527829773;Welche konkreten Kriterien sollten bei der Auswahl von Liefernden für Speicherlösungen berücksichtigt werden?;2.0;2.0;Direkte Berücksichtigung von Liefernden;Wie lässt sich die Integration einer Speicherlösung in bestehende Prozesse praktisch umsetzen?;1.0;2.0;Teilweise abgedeckt;Welche Methoden eignen sich zur regelmäßigen Überprüfung der Sicherheitsrichtlinie für Speicherlösungen?;2.0;2.0;Direkte Überprüfung von Sicherheitsrichtlinien;1.667;2.0
Wie segmentiere ich ein SAN sicher?;"Um ein SAN sicher zu segmentieren, SOLLTE ein Konzept erarbeitet werden, das die SAN-Ressourcen den jeweiligen Servern zuordnet, wie in SYS.1.8.A14 Absicherung eines SANs durch Segmentierung (S) beschrieben. Quelle: SYS.1.8.A14 (S). Hierfür SOLLTE anhand der Sicherheitsanforderungen und des Administrationsaufwands entschieden werden, welche Segmentierung in welcher Implementierung eingesetzt werden soll. Die aktuelle Ressourcenzuordnung SOLLTE mithilfe von Verwaltungswerkzeugen einfach und übersichtlich erkennbar sein. Quelle: SYS.1.8.A14 (S). 

Anschlussfragen:
1. Wie kann die Segmentierung eines SANs durch die Implementierung von Zoning-Konfigurationen unterstützt werden?
2. Welche Rolle spielen Verwaltungswerkzeuge bei der Segmentierung eines SANs?
3. Wie können Sicherheitsanforderungen bei der Segmentierung eines SANs berücksichtigt werden?";Um ein SAN sicher zu segmentieren, SOLLTE ein Konzept erarbeitet werden, das die SAN-Ressourcen den jeweiligen Servern zuordnet, wie in SYS.1.8.A14 Absicherung eines SANs durch Segmentierung (S) beschrieben. Quelle: SYS.1.8.A14 (S). Hierfür SOLLTE anhand der Sicherheitsanforderungen und des Administrationsaufwands entschieden werden, welche Segmentierung in welcher Implementierung eingesetzt werden soll. Die aktuelle Ressourcenzuordnung SOLLTE mithilfe von Verwaltungswerkzeugen einfach und übersichtlich erkennbar sein. Quelle: SYS.1.8.A14 (S).;SYS.1.8.A14 Absicherung eines SANs durch Segmentierung (S) Ein SAN SOLLTE segmentiert werden. Es SOLLTE ein Konzept erarbeitet werden, das die SANRessourcen den jeweiligen Servern zuordnet. Hierfür SOLLTE anhand der Sicherheitsanforderungen und des Administrationsaufwands entschieden werden, welche Segmentierung in welcher Implementierung (z. B. FC-SANs oder iSCSI-Speichernetze) eingesetzt werden soll. Die aktuelle Ressourcenzuordnung SOLLTE mithilfe von Verwaltungswerkzeugen einfach und übersichtlich erkennbar sein. Weiterhin SOLLTE die aktuelle Zoning-Konfiguration dokumentiert werden. Die Dokumentation SOLLTE auch in Notfällen verfügbar sein.;"Ein SAN MUSS segmentiert werden, indem ein Konzept erstellt wird, das die SAN‑Ressourcen den jeweiligen Servern zuordnet und dabei die Sicherheitsanforderungen sowie den Administrationsaufwand berücksichtigt Quelle: Absicherung eines SANs durch Segmentierung (S.1).  
Das Konzept SOLLTE festlegen, welche Implementierung (z. B. FC‑SAN oder iSCSI) verwendet wird und die aktuelle Ressourcenzuordnung muss über Verwaltungswerkzeuge übersichtlich und nachvollziehbar sichtbar sein Quelle: Absicherung eines SANs durch Segmentierung (S.2).  
Die Zoning‑Konfiguration MUSS dokumentiert und in Notfällen sofort verfügbar sein; hierfür SOLLTE ein zentrales Dokumentationssystem eingesetzt werden Quelle: Absicherung eines SANs durch Segmentierung (S.3).  
Zur Durchsetzung der Segmentierung SOLLTE Hard‑Zoning eingesetzt werden, da es die physische Trennung von WWNs gewährleistet Quelle: Absicherung eines SANs durch Hard‑Zoning (S.4).  
Zusätzlich MUSS sichergestellt werden, dass keine Überbrückung von Netzsegmenten oder Zonen möglich ist; dafür SOLLTEN Netzsegmente nach Schutzbedarf getrennt und ggf. weiter unterteilt werden Quelle: Trennung von Netzsegmenten (S.5).  
Für die Verwaltung des SAN‑Fabric SOLLTEN sichere Authentifizierungsprotokolle wie DH‑CHAP, FCAP oder FCPAP verwendet werden, um die Integrität der Fabric zu schützen Quelle: Sicherstellung der Integrität der SAN‑Fabric (S.6).  
Management‑ und Sicherheitskomponenten des SAN SOLLTEN in physisch getrennten Zonen betrieben werden, um unautorisierten Zugriff zu verhindern Quelle: Physische Trennung von Management‑Segmenten (S.7).  

Anschlussfragen:
1. Welche konkreten Hard‑Zoning‑Methoden (Port‑ vs. WWN‑Zoning) sind für unser Umfeld am geeignetsten?  
2. Wie kann die Dokumentation der Zoning‑Konfiguration automatisiert und revisionssicher gestaltet werden?  
3. Welche zusätzlichen Maßnahmen sind nötig, um WWN‑Spoofing im SAN zu verhindern?";"Ein SAN MUSS segmentiert werden, indem ein Konzept erstellt wird, das die SAN‑Ressourcen den jeweiligen Servern zuordnet und dabei die Sicherheitsanforderungen sowie den Administrationsaufwand berücksichtigt Quelle: Absicherung eines SANs durch Segmentierung (S.1).  
Das Konzept SOLLTE festlegen, welche Implementierung (z. B. FC‑SAN oder iSCSI) verwendet wird und die aktuelle Ressourcenzuordnung muss über Verwaltungswerkzeuge übersichtlich und nachvollziehbar sichtbar sein Quelle: Absicherung eines SANs durch Segmentierung (S.2).  
Die Zoning‑Konfiguration MUSS dokumentiert und in Notfällen sofort verfügbar sein; hierfür SOLLTE ein zentrales Dokumentationssystem eingesetzt werden Quelle: Absicherung eines SANs durch Segmentierung (S.3).  
Zur Durchsetzung der Segmentierung SOLLTE Hard‑Zoning eingesetzt werden, da es die physische Trennung von WWNs gewährleistet Quelle: Absicherung eines SANs durch Hard‑Zoning (S.4).  
Zusätzlich MUSS sichergestellt werden, dass keine Überbrückung von Netzsegmenten oder Zonen möglich ist; dafür SOLLTEN Netzsegmente nach Schutzbedarf getrennt und ggf. weiter unterteilt werden Quelle: Trennung von Netzsegmenten (S.5).  
Für die Verwaltung des SAN‑Fabric SOLLTEN sichere Authentifizierungsprotokolle wie DH‑CHAP, FCAP oder FCPAP verwendet werden, um die Integrität der Fabric zu schützen Quelle: Sicherstellung der Integrität der SAN‑Fabric (S.6).  
Management‑ und Sicherheitskomponenten des SAN SOLLTEN in physisch getrennten Zonen betrieben werden, um unautorisierten Zugriff zu verhindern Quelle: Physische Trennung von Management‑Segmenten (S.7).";"1. Welche konkreten Hard‑Zoning‑Methoden (Port‑ vs. WWN‑Zoning) sind für unser Umfeld am geeignetsten?  
2. Wie kann die Dokumentation der Zoning‑Konfiguration automatisiert und revisionssicher gestaltet werden?  
3. Welche zusätzlichen Maßnahmen sind nötig, um WWN‑Spoofing im SAN zu verhindern?";3;3;0.7892857142699286;1.0;0.4117647058823529;0.4325935731471983;Welche konkreten Hard‑Zoning‑Methoden (Port‑ vs. WWN‑Zoning) sind für unser Umfeld am geeignetsten?;2.0;2.0;Hard-Zoning im SAN;Wie kann die Dokumentation der Zoning‑Konfiguration automatisiert und revisionssicher gestaltet werden?;2.0;2.0;Dokumentation von Zoning-Konfiguration;Welche zusätzlichen Maßnahmen sind nötig, um WWN‑Spoofing im SAN zu verhindern?;1.0;2.0;WWN-Spoofing im SAN;1.667;2.0
Was muss ich bei der Aussonderung von Speicherlösungen beachten?;"Bei der Aussonderung von Speicherlösungen sollten alle darauf vorhandenen Daten auf andere Speicherlösungen übertragen werden Quelle: SYS.1.8.A19. Eine Übergangsphase sollte eingeplant werden, um einen reibungslosen Übergang zu gewährleisten Quelle: SYS.1.8.A19. Anschließend sollten alle Nutzdaten und Konfigurationsdaten sicher gelöscht werden, um Datenverlust oder -missbrauch zu vermeiden Quelle: SYS.1.8.A19. Zudem sollten alle Verweise auf die außer Betrieb genommene Speicherlösung aus relevanten Dokumenten entfernt werden, um eine konsistente Dokumentation zu gewährleisten Quelle: SYS.1.8.A19.

Anschlussfragen:
1. Wie sollten die Zugriffsrechte für Speicherlösungen im Rollen- und Rechtekonzept berücksichtigt werden?
2. Welche Anforderungen müssen bei der Nutzung von externen Dienstleistungen für die Betreibung von Speicherlösungen berücksichtigt werden?
3. Wie sollten Datensicherungsgeräte, die an das Speichersystem oder an das Speichernetz angeschlossen sind, behandelt werden?";Bei der Aussonderung von Speicherlösungen sollten alle darauf vorhandenen Daten auf andere Speicherlösungen übertragen werden Quelle: SYS.1.8.A19. Eine Übergangsphase sollte eingeplant werden, um einen reibungslosen Übergang zu gewährleisten Quelle: SYS.1.8.A19. Anschließend sollten alle Nutzdaten und Konfigurationsdaten sicher gelöscht werden, um Datenverlust oder -missbrauch zu vermeiden Quelle: SYS.1.8.A19. Zudem sollten alle Verweise auf die außer Betrieb genommene Speicherlösung aus relevanten Dokumenten entfernt werden, um eine konsistente Dokumentation zu gewährleisten Quelle: SYS.1.8.A19.;SYS.1.8.A19 Aussonderung von Speicherlösungen (S) Werden ganze Speicherlösungen oder einzelne Komponenten einer Speicherlösung nicht mehr benötigt, SOLLTEN alle darauf vorhandenen Daten auf andere Speicherlösungen übertragen werden. Hierfür SOLLTE eine Übergangsphase eingeplant werden. Anschließend SOLLTEN alle Nutzdaten und Konfigurationsdaten sicher gelöscht werden. Aus allen relevanten Dokumenten SOLLTEN alle Verweise auf die außer Betrieb genommene Speicherlösung entfernt werden.;"- Alle auf der auszusondernden Speicherlösung befindlichen Daten SOLLTEN auf andere Speicherlösungen übertragen werden Quelle: Aussonderung von Speicherlösungen (S.1)  
- Für die Datenmigration SOLLTE eine Übergangsphase eingeplant werden Quelle: Aussonderung von Speicherlösungen (S.1)  
- Nach Abschluss der Migration SOLLTEN sämtliche Nutz‑ und Konfigurationsdaten sicher gelöscht werden Quelle: Aussonderung von Speicherlösungen (S.1)  
- Aus allen relevanten Dokumenten SOLLTEN sämtliche Verweise auf die außer‑Betrieb‑genommene Speicherlösung entfernt werden Quelle: Aussonderung von Speicherlösungen (S.1)  

Anschlussfragen:
1. Welche konkreten Verfahren zur sicheren Datenlöschung werden im Baustein SYS.1.8 empfohlen?
2. Wie ist die Dokumentation von Übergangsphasen bei der Aussonderung zu strukturieren?
3. Welche Rollen sind für die Freigabe und das endgültige Entfernen von Dokumenten‑Verweisen verantwortlich?";"- Alle auf der auszusondernden Speicherlösung befindlichen Daten SOLLTEN auf andere Speicherlösungen übertragen werden Quelle: Aussonderung von Speicherlösungen (S.1)  
- Für die Datenmigration SOLLTE eine Übergangsphase eingeplant werden Quelle: Aussonderung von Speicherlösungen (S.1)  
- Nach Abschluss der Migration SOLLTEN sämtliche Nutz‑ und Konfigurationsdaten sicher gelöscht werden Quelle: Aussonderung von Speicherlösungen (S.1)  
- Aus allen relevanten Dokumenten SOLLTEN sämtliche Verweise auf die außer‑Betrieb‑genommene Speicherlösung entfernt werden Quelle: Aussonderung von Speicherlösungen (S.1)";"1. Welche konkreten Verfahren zur sicheren Datenlöschung werden im Baustein SYS.1.8 empfohlen?
2. Wie ist die Dokumentation von Übergangsphasen bei der Aussonderung zu strukturieren?
3. Welche Rollen sind für die Freigabe und das endgültige Entfernen von Dokumenten‑Verweisen verantwortlich?";3;3;0.9999999999;0.8;1.0;0.9707548292434869;Welche konkreten Verfahren zur sicheren Datenlöschung werden im Baustein SYS.1.8 empfohlen?;2.0;2.0;Direkte Empfehlungen im Baustein;Wie ist die Dokumentation von Übergangsphasen bei der Aussonderung zu strukturieren?;1.0;2.0;Teilweise abgedeckt;Welche Rollen sind für die Freigabe und das endgültige Entfernen von Dokumenten‑Verweisen verantwortlich?;2.0;2.0;Rollen und Verantwortlichkeiten;1.667;2.0
Wie trenne ich Mandanten in Speicherlösungen bei erhöhtem Schutzbedarf?;"Um Mandanten in Speicherlösungen bei erhöhtem Schutzbedarf zu trennen, sollten Speicherressourcen aus unterschiedlichen sogenannten Speicherpools zugewiesen werden. Dabei sollte ein Speichermedium immer nur einem einzigen Pool zugewiesen werden. Die logischen Festplatten (LUNs), die aus einem solchen Pool generiert werden, sollten nur einem einzigen Mandanten zugeordnet werden Quelle: SYS.1.8.A21 Einsatz von Speicherpools zur Trennung von Mandanten (H) (S. unbekannt, da keine Seitenzahl angegeben ist).

Anschlussfragen:
1. Wie können Netzwerk-Attached-Storage-(NAS)-Systeme und Storage-Area-Networks-(SAN)-Systeme im Kontext der Speicherlösungen abgegrenzt und modelliert werden?
2. Welche Rolle spielen Objekt-Storage und Cloud Storage im Zusammenhang mit der Trennung von Mandanten in Speicherlösungen?
3. Wie sollten Datensicherungsgeräte und konzeptionelle Aspekte der Datensicherung bei der Implementierung von Speicherlösungen berücksichtigt werden?";Um Mandanten in Speicherlösungen bei erhöhtem Schutzbedarf zu trennen, sollten Speicherressourcen aus unterschiedlichen sogenannten Speicherpools zugewiesen werden. Dabei sollte ein Speichermedium immer nur einem einzigen Pool zugewiesen werden. Die logischen Festplatten (LUNs), die aus einem solchen Pool generiert werden, sollten nur einem einzigen Mandanten zugeordnet werden Quelle: SYS.1.8.A21 Einsatz von Speicherpools zur Trennung von Mandanten (H) (S. unbekannt, da keine Seitenzahl angegeben ist).;SYS.1.8.A21 Einsatz von Speicherpools zur Trennung von Mandanten (H) Mandanten SOLLTEN Speicherressourcen aus unterschiedlichen sogenannten Speicherpools zugewiesen werden. Dabei SOLLTE ein Speichermedium immer nur einem einzigen Pool zugewiesen werden. Die logischen Festplatten (LUNs), die aus einem solchen Pool generiert werden, SOLLTEN nur einem einzigen Mandanten zugeordnet werden.;"- Zunächst MUSS die Institution dokumentieren, welche funktionalen und sicherheitsrelevanten Anforderungen an die Mandantenfähigkeit einer Speicherlösung gestellt werden und die eingesetzten Lösungen MÜSSEN diese dokumentierten Anforderungen erfüllen Quelle: Sichere Trennung von Mandanten in Speicherlösungen (S.1-2)  
- Im Block‑Storage‑Umfeld SOLLTE LUN‑Masking eingesetzt werden, um einzelne Mandanten voneinander zu isolieren – jede LUN gehört nur einem Mandanten Quelle: Sichere Trennung von Mandanten in Speicherlösungen (S.3)  
- Für Fileservice‑Umgebungen SOLLTE ein virtueller Fileserver pro Mandant bereitgestellt werden, sodass jeder Mandant einen eigenen Fileservice nutzt Quelle: Sichere Trennung von Mandanten in Speicherlösungen (S.4)  
- Bei IP‑ oder iSCSI‑Zugriffen SOLLTEN Mandanten über separate Netzwerksegmente (VLANs, Subnetze) getrennt werden; bei Fibre‑Channel SOLLTE VSAN und Soft‑Zoning zur Isolation verwendet werden Quelle: Sichere Trennung von Mandanten in Speicherlösungen (S.5-6)  
- Speicherressourcen SOLLTEN aus unterschiedlichen Speicherpools zugewiesen werden; ein physisches Medium darf nur einem Pool zugeordnet sein und die daraus erzeugten LUNs dürfen ausschließlich einem Mandanten zugeordnet werden Quelle: Sichere Trennung von Mandanten in Speicherlösungen (S.7-8)  
- Die Trennung muss in das übergeordnete Zonenkonzept (räumlich, technisch, personell) eingebunden werden, sodass alle betroffenen IT‑Komponenten (Server, Netze, Storage, Management) in entsprechenden Sicherheitszonen betrieben werden Quelle: Sichere Trennung von Mandanten in Speicherlösungen (S.9-10)  

Anschlussfragen:
1. Welche konkreten Maßnahmen sind für die Netzwerksegmentierung von iSCSI‑Mandanten empfehlenswert?
2. Wie lässt sich die Dokumentation der Mandanten‑Anforderungen in ein ISMS‑Prozessmodell integrieren?
3. Welche Prüfungen sollten nach der Implementierung von LUN‑Masking durchgeführt werden?";"- Zunächst MUSS die Institution dokumentieren, welche funktionalen und sicherheitsrelevanten Anforderungen an die Mandantenfähigkeit einer Speicherlösung gestellt werden und die eingesetzten Lösungen MÜSSEN diese dokumentierten Anforderungen erfüllen Quelle: Sichere Trennung von Mandanten in Speicherlösungen (S.1-2)  
- Im Block‑Storage‑Umfeld SOLLTE LUN‑Masking eingesetzt werden, um einzelne Mandanten voneinander zu isolieren – jede LUN gehört nur einem Mandanten Quelle: Sichere Trennung von Mandanten in Speicherlösungen (S.3)  
- Für Fileservice‑Umgebungen SOLLTE ein virtueller Fileserver pro Mandant bereitgestellt werden, sodass jeder Mandant einen eigenen Fileservice nutzt Quelle: Sichere Trennung von Mandanten in Speicherlösungen (S.4)  
- Bei IP‑ oder iSCSI‑Zugriffen SOLLTEN Mandanten über separate Netzwerksegmente (VLANs, Subnetze) getrennt werden; bei Fibre‑Channel SOLLTE VSAN und Soft‑Zoning zur Isolation verwendet werden Quelle: Sichere Trennung von Mandanten in Speicherlösungen (S.5-6)  
- Speicherressourcen SOLLTEN aus unterschiedlichen Speicherpools zugewiesen werden; ein physisches Medium darf nur einem Pool zugeordnet sein und die daraus erzeugten LUNs dürfen ausschließlich einem Mandanten zugeordnet werden Quelle: Sichere Trennung von Mandanten in Speicherlösungen (S.7-8)  
- Die Trennung muss in das übergeordnete Zonenkonzept (räumlich, technisch, personell) eingebunden werden, sodass alle betroffenen IT‑Komponenten (Server, Netze, Storage, Management) in entsprechenden Sicherheitszonen betrieben werden Quelle: Sichere Trennung von Mandanten in Speicherlösungen (S.9-10)";"1. Welche konkreten Maßnahmen sind für die Netzwerksegmentierung von iSCSI‑Mandanten empfehlenswert?
2. Wie lässt sich die Dokumentation der Mandanten‑Anforderungen in ein ISMS‑Prozessmodell integrieren?
3. Welche Prüfungen sollten nach der Implementierung von LUN‑Masking durchgeführt werden?";3;3;0.4166666666458333;1.0;1.0;0.5376054160403853;Welche konkreten Maßnahmen sind für die Netzwerksegmentierung von iSCSI‑Mandanten empfehlenswert?;2.0;2.0;Netzwerksegmentierung;Wie lässt sich die Dokumentation der Mandanten‑Anforderungen in ein ISMS‑Prozessmodell integrieren?;2.0;2.0;ISMS-Prozessmodell und Dokumentation;Welche Prüfungen sollten nach der Implementierung von LUN‑Masking durchgeführt werden?;0.0;1.0;LUN-Masking nicht direkt erwähnt;1.333;1.667
Welche Verschlüsselung muss ich bei Speicherlösungen für erhöhten Schutzbedarf einsetzen?;"Für Speicherlösungen mit erhöhtem Schutzbedarf SOLLTE die Verschlüsselung auf den Ebenen Data-in-Motion und Data-at-Rest eingesetzt werden Quelle: SYS.1.8.A23 (S.?). Es SOLLTE festgelegt werden, auf welchen Ebenen verschlüsselt wird, wobei die Verschlüsselung auf dem Transportweg auch bei Replikationen und Backup-Traffic relevant ist Quelle: SYS.1.8.A23 (S.?).

Anschlussfragen:
1. Welche Rolle spielt die Verschlüsselung bei der Datensicherung in Speicherlösungen?
2. Wie werden Netzwerk-Attached-Storage-(NAS)-Systeme und Storage-Area-Networks-(SAN)-Systeme im Kontext von Speicherlösungen abgegrenzt?
3. Welche Sicherheitsanforderungen müssen bei der Nutzung von Cloud Storage als Speicherlösung berücksichtigt werden?";Für Speicherlösungen mit erhöhtem Schutzbedarf SOLLTE die Verschlüsselung auf den Ebenen Data-in-Motion und Data-at-Rest eingesetzt werden Quelle: SYS.1.8.A23 (S.?). Es SOLLTE festgelegt werden, auf welchen Ebenen verschlüsselt wird, wobei die Verschlüsselung auf dem Transportweg auch bei Replikationen und Backup-Traffic relevant ist Quelle: SYS.1.8.A23 (S.?).;SYS.1.8.A23 Einsatz von Verschlüsselung für Speicherlösungen (H) Alle in Speicherlösungen abgelegten Daten SOLLTEN verschlüsselt werden. Es SOLLTE festgelegt werden, auf welchen Ebenen (Data-in-Motion und Data-at-Rest) verschlüsselt wird. Dabei SOLLTE beachtet werden, dass die Verschlüsselung auf dem Transportweg auch bei Replikationen und BackupTraffic relevant ist.;"- Alle in Speicherlösungen abgelegten Daten SOLLTEN verschlüsselt werden; dabei MUSS festgelegt werden, ob Data‑in‑Motion und/oder Data‑at‑Rest verschlüsselt wird, wobei die Verschlüsselung auch für Replikations‑ und Backup‑Traffic gelten muss Quelle: Einsatz von Verschlüsselung für Speicherlösungen (S.1)  
- Bei erhöhtem Schutzbedarf SOLLTEN Server‑Datenträger mit einem als sicher geltenden Produkt oder Verfahren verschlüsselt werden; ein TPM allein DARF NICHT als einziger Schlüsselschutz dienen, das Wiederherstellungspasswort MUSS an einem sicheren Ort gespeichert werden Quelle: Festplattenverschlüsselung (S.2)  
- Für sehr hohe Vertraulichkeitsanforderungen SOLLTE eine Full‑Volume‑ oder Full‑Disk‑Encryption eingesetzt werden Quelle: Festplattenverschlüsselung (S.3)  
- Bei Hardware‑Verschlüsselung SOLLTEN nur zertifizierte Produkte verwendet werden; die Verschlüsselung kann auf Dateisystem‑ oder Hardwareebene erfolgen und der Virenschutz MUSS verschlüsselte Daten prüfen können Quelle: Verschlüsselung des Datenbestandes (S.4)  
- Wenn möglich SOLLTE eine vom BSI geprüfte und freigegebene Verschlüsselungssoftware eingesetzt werden Quelle: Einsatz von Verschlüsselungen (S.5)  

Anschlussfragen:
1. Welche konkreten BSI‑zertifizierten Produkte eignen sich für Full‑Disk‑Encryption?
2. Wie wird das Wiederherstellungspasswort sicher verwahrt und dokumentiert?
3. Welche Maßnahmen sind nötig, damit Antiviren‑Tools verschlüsselte Daten prüfen können?";"- Alle in Speicherlösungen abgelegten Daten SOLLTEN verschlüsselt werden; dabei MUSS festgelegt werden, ob Data‑in‑Motion und/oder Data‑at‑Rest verschlüsselt wird, wobei die Verschlüsselung auch für Replikations‑ und Backup‑Traffic gelten muss Quelle: Einsatz von Verschlüsselung für Speicherlösungen (S.1)  
- Bei erhöhtem Schutzbedarf SOLLTEN Server‑Datenträger mit einem als sicher geltenden Produkt oder Verfahren verschlüsselt werden; ein TPM allein DARF NICHT als einziger Schlüsselschutz dienen, das Wiederherstellungspasswort MUSS an einem sicheren Ort gespeichert werden Quelle: Festplattenverschlüsselung (S.2)  
- Für sehr hohe Vertraulichkeitsanforderungen SOLLTE eine Full‑Volume‑ oder Full‑Disk‑Encryption eingesetzt werden Quelle: Festplattenverschlüsselung (S.3)  
- Bei Hardware‑Verschlüsselung SOLLTEN nur zertifizierte Produkte verwendet werden; die Verschlüsselung kann auf Dateisystem‑ oder Hardwareebene erfolgen und der Virenschutz MUSS verschlüsselte Daten prüfen können Quelle: Verschlüsselung des Datenbestandes (S.4)  
- Wenn möglich SOLLTE eine vom BSI geprüfte und freigegebene Verschlüsselungssoftware eingesetzt werden Quelle: Einsatz von Verschlüsselungen (S.5)";"1. Welche konkreten BSI‑zertifizierten Produkte eignen sich für Full‑Disk‑Encryption?
2. Wie wird das Wiederherstellungspasswort sicher verwahrt und dokumentiert?
3. Welche Maßnahmen sind nötig, damit Antiviren‑Tools verschlüsselte Daten prüfen können?";3;3;0.9107142856991072;1.0;1.0;0.5691273498481816;Welche konkreten BSI‑zertifizierten Produkte eignen sich für Full‑Disk‑Encryption?;1.0;2.0;BSI-zertifizierte Produkte;Wie wird das Wiederherstellungspasswort sicher verwahrt und dokumentiert?;2.0;2.0;Wiederherstellungspasswort;Welche Maßnahmen sind nötig, damit Antiviren‑Tools verschlüsselte Daten prüfen können?;2.0;2.0;Direkte Verbindung zu Viren-Schutz;1.667;2.0
Wie stelle ich die Integrität der SAN-Fabric bei erhöhtem Schutzbedarf sicher?;"Um die Integrität der SAN-Fabric bei erhöhtem Schutzbedarf sicherzustellen, SOLLTEN Protokolle mit zusätzlichen Sicherheitsmerkmalen eingesetzt werden, wie z.B. Diffie Hellman Challenge Handshake Authentication Protocol (DH-CHAP), Fibre Channel Authentication Protocol (FCAP) und Fibre Channel Password Authentication Protocol (FCPAP) Quelle: SYS.1.8.A24. 

Bei der Konfiguration der SAN-Fabric sollte auch der Baustein NET.1.1 Netzarchitektur und -design berücksichtigt werden, um eine sichere Netzarchitektur zu gewährleisten Quelle: Kap. 1.3 Abgrenzung und Modellierung – SYS.1.8 Speicherlösungen. 

Darüber hinaus sollten auch die Anforderungen des Bausteins ORP.4 Identitäts- und Berechtigungsmanagement beachtet werden, um eine geeignete Rollen- und Rechteverwaltung für die Speicherlösungen zu gewährleisten Quelle: Kap. 1.3 Abgrenzung und Modellierung – SYS.1.8 Speicherlösungen.

Anschlussfragen:
1. Wie können die Sicherheitsmerkmale von Protokollen wie DH-CHAP, FCAP und FCPAP genutzt werden, um die Integrität der SAN-Fabric zu erhöhen?
2. Welche Rolle spielt der Baustein NET.1.1 Netzarchitektur und -design bei der Sicherstellung der Integrität der SAN-Fabric?
3. Wie können die Anforderungen des Bausteins ORP.4 Identitäts- und Berechtigungsmanagement bei der Konfiguration von Speicherlösungen berücksichtigt werden?";"Um die Integrität der SAN-Fabric bei erhöhtem Schutzbedarf sicherzustellen, SOLLTEN Protokolle mit zusätzlichen Sicherheitsmerkmalen eingesetzt werden, wie z.B. Diffie Hellman Challenge Handshake Authentication Protocol (DH-CHAP), Fibre Channel Authentication Protocol (FCAP) und Fibre Channel Password Authentication Protocol (FCPAP) Quelle: SYS.1.8.A24. 

Bei der Konfiguration der SAN-Fabric sollte auch der Baustein NET.1.1 Netzarchitektur und -design berücksichtigt werden, um eine sichere Netzarchitektur zu gewährleisten Quelle: Kap. 1.3 Abgrenzung und Modellierung – SYS.1.8 Speicherlösungen. 

Darüber hinaus sollten auch die Anforderungen des Bausteins ORP.4 Identitäts- und Berechtigungsmanagement beachtet werden, um eine geeignete Rollen- und Rechteverwaltung für die Speicherlösungen zu gewährleisten Quelle: Kap. 1.3 Abgrenzung und Modellierung – SYS.1.8 Speicherlösungen.";"SYS.1.8.A24 Sicherstellung der Integrität der SAN-Fabric (H) Um die Integrität der SAN-Fabric sicherzustellen, SOLLTEN Protokolle mit zusätzlichen Sicherheitsmerkmalen eingesetzt werden. Bei den folgenden Protokollen SOLLTEN deren Sicherheitseigenschaften berücksichtigt und entsprechende Konfigurationen verwendet werden:

• Diffie Hellman Challenge Handshake Authentication Protocol (DH-CHAP),

• Fibre Channel Authentication Protocol (FCAP) und

• Fibre Channel Password Authentication Protocol (FCPAP).";"Um die Integrität der SAN‑Fabric bei erhöhtem Schutzbedarf zu gewährleisten, SOLLTEN Sie :

- **Sichere Authentifizierungs‑ und Verschlüsselungsprotokolle einsetzen**: Verwenden Sie das Diffie‑Hellman‑Challenge‑Handshake‑Authentication‑Protocol (DH‑CHAP), das Fibre‑Channel‑Authentication‑Protocol (FCAP) und das Fibre‑Channel‑Password‑Authentication‑Protocol (FCPAP) und konfigurieren Sie deren Sicherheitseigenschaften gemäß den Hersteller‑Empfehlungen Quelle: Sicherstellung der Integrität der SAN‑Fabric (S.1).  
- **Unsichere Default‑Einstellungen deaktivieren**: Schalten Sie nicht benötigte Protokolle wie HTTP, Telnet und veraltete SNMP‑Versionen auf allen Speicherkomponenten ab, um unautorisierten Zugriff zu verhindern Quelle: Unsichere Default‑Einstellungen bei Speicherkomponenten (S.2).  
- **Zoning und Segmentierung konsequent anwenden**: Implementieren Sie ein segmentiertes SAN‑Design mit klar dokumentierten Zoning‑Regeln, sodass jede Server‑/Applikations‑Zone nur die für sie vorgesehenen Ressourcen erreichen kann Quelle: Absicherung eines SANs durch Segmentierung (S.3).  
- **Integritäts‑ und Änderungs‑Monitoring aktivieren**: Richten Sie Mechanismen ein, die Änderungen an Zoning‑ und Konfigurationsdaten automatisch erkennen und melden, damit Manipulationen sofort sichtbar werden Quelle: Sicherstellen der Integrität und Authentizität von Anwendungsprogrammen und Konfigurationsdaten (S.4).  
- **Physikalischen Zugriff schützen**: Stellen Sie sicher, dass SAN‑Switches und Controller nur autorisierten Personen zugänglich sind, um das Anbringen von nicht autorisierten Switches oder das Auslesen von Zoning‑Daten zu verhindern Quelle: Erlangung physischen Zugangs auf SAN‑Switches (S.5).

Durch die Kombination dieser Maßnahmen wird die Integrität der SAN‑Fabric sowohl technisch als auch organisatorisch gesichert.

Anschlussfragen:
1. Welche konkreten Konfigurationsschritte sind für DH‑CHAP, FCAP und FCPAP erforderlich?
2. Wie lässt sich ein effektives Zoning‑Monitoring in einer bestehenden SAN‑Umgebung implementieren?
3. Welche Rollen sind für die regelmäßige Überprüfung der SAN‑Integrität verantwortlich?";"Um die Integrität der SAN‑Fabric bei erhöhtem Schutzbedarf zu gewährleisten, SOLLTEN Sie :

- **Sichere Authentifizierungs‑ und Verschlüsselungsprotokolle einsetzen**: Verwenden Sie das Diffie‑Hellman‑Challenge‑Handshake‑Authentication‑Protocol (DH‑CHAP), das Fibre‑Channel‑Authentication‑Protocol (FCAP) und das Fibre‑Channel‑Password‑Authentication‑Protocol (FCPAP) und konfigurieren Sie deren Sicherheitseigenschaften gemäß den Hersteller‑Empfehlungen Quelle: Sicherstellung der Integrität der SAN‑Fabric (S.1).  
- **Unsichere Default‑Einstellungen deaktivieren**: Schalten Sie nicht benötigte Protokolle wie HTTP, Telnet und veraltete SNMP‑Versionen auf allen Speicherkomponenten ab, um unautorisierten Zugriff zu verhindern Quelle: Unsichere Default‑Einstellungen bei Speicherkomponenten (S.2).  
- **Zoning und Segmentierung konsequent anwenden**: Implementieren Sie ein segmentiertes SAN‑Design mit klar dokumentierten Zoning‑Regeln, sodass jede Server‑/Applikations‑Zone nur die für sie vorgesehenen Ressourcen erreichen kann Quelle: Absicherung eines SANs durch Segmentierung (S.3).  
- **Integritäts‑ und Änderungs‑Monitoring aktivieren**: Richten Sie Mechanismen ein, die Änderungen an Zoning‑ und Konfigurationsdaten automatisch erkennen und melden, damit Manipulationen sofort sichtbar werden Quelle: Sicherstellen der Integrität und Authentizität von Anwendungsprogrammen und Konfigurationsdaten (S.4).  
- **Physikalischen Zugriff schützen**: Stellen Sie sicher, dass SAN‑Switches und Controller nur autorisierten Personen zugänglich sind, um das Anbringen von nicht autorisierten Switches oder das Auslesen von Zoning‑Daten zu verhindern Quelle: Erlangung physischen Zugangs auf SAN‑Switches (S.5).

Durch die Kombination dieser Maßnahmen wird die Integrität der SAN‑Fabric sowohl technisch als auch organisatorisch gesichert.";"1. Welche konkreten Konfigurationsschritte sind für DH‑CHAP, FCAP und FCPAP erforderlich?
2. Wie lässt sich ein effektives Zoning‑Monitoring in einer bestehenden SAN‑Umgebung implementieren?
3. Welche Rollen sind für die regelmäßige Überprüfung der SAN‑Integrität verantwortlich?";3;3;0.9999999999;1.0;0.7368421052631579;0.40418860263913425;Welche konkreten Konfigurationsschritte sind für DH‑CHAP, FCAP und FCPAP erforderlich?;1.0;2.0;Teilweise abgedeckt;Wie lässt sich ein effektives Zoning‑Monitoring in einer bestehenden SAN‑Umgebung implementieren?;2.0;2.0;Direkt relevante Vertiefung zum SAN-Zoning;Welche Rollen sind für die regelmäßige Überprüfung der SAN‑Integrität verantwortlich?;1.0;2.0;Rollenüberprüfung bei SAN-Integrität;1.333;2.0
Wie erfolgt die Vererbung des Schutzbedarfs von Geschäftsprozessen und Anwendungen auf IT-Systeme, und welche Effekte müssen dabei berücksichtigt werden?;"Die Vererbung des Schutzbedarfs von Geschäftsprozessen und Anwendungen auf IT-Systeme erfolgt durch die Betrachtung der möglichen Schäden und ihrer Folgen auf die für deren Verarbeitung genutzten Objekte, wie Anwendungen, IT-Systeme, ICS- und sonstige Geräte, Räume und Kommunikationsverbindungen (Vererbung) Quelle: 8.2.2 Vorgehen bei der Schutzbedarfsfeststellung (S.1). Dabei müssen die verschiedenen betrachteten Objekte eines Informationsverbunds und ihre Abhängigkeiten berücksichtigt werden, um den Schutzbedarf eines Objektes zu bestimmen Quelle: 8.2.2 Vorgehen bei der Schutzbedarfsfeststellung (S.1). Es müssen auch Effekte wie der Kumulationseffekt, bei dem durch die Kumulation mehrerer kleinerer Schäden auf einem IT-System ein insgesamt höherer Gesamtschaden entstehen kann, und der Verteilungseffekt, bei dem der Schutzbedarf einer Anwendung nicht vollständig auf ein IT-System übertragen wird, wenn nur unwesentliche Teilbereiche der Anwendung auf diesem IT-System laufen, berücksichtigt werden Quelle: 8.2.2 Vorgehen bei der Schutzbedarfsfeststellung (S.1).

Anschlussfragen:
1. Wie werden die möglichen Schäden und ihre Folgen bei der Vererbung des Schutzbedarfs von Geschäftsprozessen und Anwendungen auf IT-Systeme berücksichtigt?
2. Welche Rolle spielen Abhängigkeiten zwischen verschiedenen Objekten eines Informationsverbunds bei der Bestimmung des Schutzbedarfs?
3. Wie können Kumulationseffekte und Verteilungseffekte den Schutzbedarf von IT-Systemen beeinflussen?";Die Vererbung des Schutzbedarfs von Geschäftsprozessen und Anwendungen auf IT-Systeme erfolgt durch die Betrachtung der möglichen Schäden und ihrer Folgen auf die für deren Verarbeitung genutzten Objekte, wie Anwendungen, IT-Systeme, ICS- und sonstige Geräte, Räume und Kommunikationsverbindungen (Vererbung) Quelle: 8.2.2 Vorgehen bei der Schutzbedarfsfeststellung (S.1). Dabei müssen die verschiedenen betrachteten Objekte eines Informationsverbunds und ihre Abhängigkeiten berücksichtigt werden, um den Schutzbedarf eines Objektes zu bestimmen Quelle: 8.2.2 Vorgehen bei der Schutzbedarfsfeststellung (S.1). Es müssen auch Effekte wie der Kumulationseffekt, bei dem durch die Kumulation mehrerer kleinerer Schäden auf einem IT-System ein insgesamt höherer Gesamtschaden entstehen kann, und der Verteilungseffekt, bei dem der Schutzbedarf einer Anwendung nicht vollständig auf ein IT-System übertragen wird, wenn nur unwesentliche Teilbereiche der Anwendung auf diesem IT-System laufen, berücksichtigt werden Quelle: 8.2.2 Vorgehen bei der Schutzbedarfsfeststellung (S.1).;"8.2.2 Vorgehen bei der Schutzbedarfsfeststellung 
Der für diese Elemente ermittelte Schutzbedarf vererbt sich auf die für deren Verarbeitung genutzten Objekte, also Anwendungen, IT-Systeme, ICS- und sonstige Geräte, Räume und Kommunikationsverbindungen (Vererbung). Zur Ermittlung des Schutzbedarfs eines Objektes müssen die möglichen Schäden der relevanten Teilobjekte in ihrer Gesamtheit betrachtet werden. Beispielsweise müsste bei einem IT-System beleuchtet werden, welche Auswirkungen Schäden bei den darauf betriebenen Anwendungen und den damit verarbeiteten Informationen haben. Im Wesentlichen bestimmt der Schaden bzw. die Summe der Schäden mit den schwerwiegendsten Auswirkungen den Schutzbedarf eines Objektes (Maximumprinzip). Bei der Betrachtung der möglichen Schäden und ihrer Folgen muss auch beachtet werden, dass die verschiedenen betrachteten Objekte eines Informationsverbunds natürlich eng miteinander verzahnt sind. So kann z. B. eine IT-Anwendung Arbeitsergebnisse anderer Anwendungen als Input nutzen. Eine, für sich betrachtet, weniger bedeutende Anwendung A kann wesentlich an Wert gewinnen, wenn eine andere wichtige Anwendung B auf ihre Ergebnisse angewiesen ist. In diesem Fall muss der ermittelte Schutzbedarf der Anwendung B auch auf die Anwendung A übertragen werden. Handelt es sich dabei um Anwendungen verschiedener IT-Systeme, dann müssen Schutzbedarfsanforderun? gen des einen IT-Systems auch auf das andere übertragen werden (Beachtung von Abhängigkeiten). Werden mehrere Anwendungen bzw. Informationen auf einem IT-System (oder in einem Raum oder über eine Kommunikationsverbindung) verarbeitet, so ist zu überlegen, ob durch Kumulation meh? rerer (z. B. kleinerer) Schäden auf einem IT-System ein insgesamt höherer Gesamtschaden entstehen kann. Dann erhöht sich der Schutzbedarf des Objektes, also hier des IT-Systems, entsprechend (Kumulationseffekt).

Auch der umgekehrte Effekt kann eintreten. So ist es möglich, dass eine Anwendung einen hohen Schutzbedarf besitzt, ihn aber deshalb nicht auf ein betrachtetes IT-System überträgt, weil auf diesem IT-System nur unwesentliche Teilbereiche der Anwendung laufen. Hier ist der Schutzbedarf zu relativieren (Verteilungseffekt). Der Verteilungseffekt kann natürlich auch bei anderen Zielobjekten, wie beispielsweise Räumen, Gebäuden oder Kommunikationsverbindungen, auftreten. Beispiel: Der Verteilungseffekt tritt hauptsächlich bezüglich des Grundwertes der Verfügbarkeit auf. So kann bei redundanter Auslegung von IT-Systemen der Schutzbedarf der Einzelkomponenten nied? riger sein als der Schutzbedarf der Gesamtanwendung. Auch im Bereich der Vertraulichkeit sind Ver? teilungseffekte vorstellbar: Falls sichergestellt ist, dass ein Client nur unkritische Daten einer hochver? traulichen Datenbankanwendung abrufen kann, so besitzt der Client im Vergleich zum Datenbank? server unter Umständen einen geringeren Schutzbedarf. Ein Verteilungseffekt tritt häufig auf, wenn bei der Einrichtung oder dem Aufbau von Zielobjekten durch entsprechende Redundanzen bereits den Anforderungen an einen hohen Schutzbedarf Rechnung getragen wurde. Dies ist im Grunde ein Vorgriff auf Betrachtungen, die im Rahmen der Risiko? analyse erforderlich sind. Deshalb sollten im Rahmen der Schutzbedarfsfeststellung getroffene Ent? scheidungen sorgfältig dokumentiert werden.";"Im bereitgestellten Kontext nicht enthalten

Anschlussfragen:
1. Welche konkreten Schritte sind bei der Dokumentation des Schutzbedarfs zu beachten?
2. Wie wird der Schutzbedarf bei redundanten IT-Systemen konkret ermittelt?
3. Welche Rolle spielt das Informationssicherheitsmanagement bei der Bewertung von Kumulations‑ und Verteilungseffekten?";Im bereitgestellten Kontext nicht enthalten;"1. Welche konkreten Schritte sind bei der Dokumentation des Schutzbedarfs zu beachten?
2. Wie wird der Schutzbedarf bei redundanten IT-Systemen konkret ermittelt?
3. Welche Rolle spielt das Informationssicherheitsmanagement bei der Bewertung von Kumulations‑ und Verteilungseffekten?";3;3;0.9093537414836079;1.0;0.0;0.08780210456069215;Welche konkreten Schritte sind bei der Dokumentation des Schutzbedarfs zu beachten?;2.0;2.0;Dokumentation des Schutzbedarfs;Wie wird der Schutzbedarf bei redundanten IT-Systemen konkret ermittelt?;1.0;2.0;Teilweise abgedeckt;Welche Rolle spielt das Informationssicherheitsmanagement bei der Bewertung von Kumulations‑ und Verteilungseffekten?;2.0;2.0;Direkte Verbindung zu IT-Grundschutz;1.667;2.0
