Frage;Antwort;Antwort (Hauptteil);Fundstellen;Generierte Antwort;Generierte Antwort (Hauptteil);Generierte Anschlussfragen;followup_count_generated;followup_count_truth;context_precision;context_recall;faithfulness;answer_correctness;followup_q1;followup_q1_answerability;followup_q1_relevance;followup_q1_reason;followup_q2;followup_q2_answerability;followup_q2_relevance;followup_q2_reason;followup_q3;followup_q3_answerability;followup_q3_relevance;followup_q3_reason;followup_avg_answerability;followup_avg_relevance
Welche grundlegenden Sicherheitsmaßnahmen müssen beim Einrichten eines Webservers ergriffen werden?;"Beim Einrichten eines Webservers müssen grundlegende Sicherheitsmaßnahmen ergriffen werden, um eine sichere Grundkonfiguration zu gewährleisten. Dazu gehört, dass der Webserver-Prozess einem Konto mit minimalen Rechten zugeordnet wird und in einer gekapselten Umgebung ausgeführt wird, sofern dies vom Betriebssystem unterstützt wird Quelle: APP.3.2.A1 (S.391). Wenn eine gekapselte Umgebung nicht möglich ist, sollte jeder Webserver auf einem eigenen physischen oder virtuellen Server ausgeführt werden. Des Weiteren müssen dem Webserver-Dienst alle nicht notwendigen Schreibberechtigungen entzogen werden und nicht benötigte Module und Funktionen deaktiviert werden Quelle: APP.3.2.A1 (S.391).

Anschlussfragen:
1. Wie sollten Webserver in die Netzarchitektur integriert und mit Firewalls abgesichert werden?
2. Welche Rolle spielt das Identitäts- und Berechtigungsmanagement bei der Authentisierung von Webservern?
3. Wie können kryptografische Schlüssel für verschlüsselte Verbindungen zu Webservern sicher verwaltet werden?";Beim Einrichten eines Webservers müssen grundlegende Sicherheitsmaßnahmen ergriffen werden, um eine sichere Grundkonfiguration zu gewährleisten. Dazu gehört, dass der Webserver-Prozess einem Konto mit minimalen Rechten zugeordnet wird und in einer gekapselten Umgebung ausgeführt wird, sofern dies vom Betriebssystem unterstützt wird Quelle: APP.3.2.A1 (S.391). Wenn eine gekapselte Umgebung nicht möglich ist, sollte jeder Webserver auf einem eigenen physischen oder virtuellen Server ausgeführt werden. Des Weiteren müssen dem Webserver-Dienst alle nicht notwendigen Schreibberechtigungen entzogen werden und nicht benötigte Module und Funktionen deaktiviert werden Quelle: APP.3.2.A1 (S.391).;"APP.3.2.A1 Sichere Konfiguration eines Webservers (B)
Nachdem der IT-Betrieb einen Webserver installiert hat, MUSS er eine sichere Grundkonfiguration vornehmen. Dazu MUSS er insbesondere den Webserver-Prozess einem Konto mit minimalen Rechten zuweisen. Der Webserver MUSS in einer gekapselten Umgebung ausgeführt werden, sofern dies vom Betriebssystem unterstützt wird. Ist dies nicht möglich, SOLLTE jeder Webserver auf einem eigenen physischen oder virtuellen Server ausgeführt werden. Dem Webserver-Dienst MÜSSEN alle nicht notwendige Schreibberechtigungen entzogen werden.
Nicht benötigte Module und Funktionen des Webservers MÜSSEN deaktiviert werden.";"Antwort:

Um einen sicheren Webserver zu betreiben, müssen folgende grundlegenden Sicherheitsmaßnahmen ergriffen werden:

- Der Webserver-Prozess MUSS einem Konto mit minimalen Rechten zugeordnet werden (Quelle: APP.3.1.A1 (S.391)).
- Der Webserver MUSS in einer gekapselten Umgebung ausgeführt werden, sofern dies vom Betriebssystem unterstützt wird (Quelle: APP.3.1.A1 (S.391)). Ist dies nicht möglich, SOLLTE jeder Webserver auf einem eigenen physischen oder virtuellen Server ausgeführt werden (Quelle: APP.3.1.A1 (S.391)).
- Dem Webserver-Dienst MÜSSEN alle nicht notwendigen Schreibberechtigungen entzogen werden (Quelle: APP.3.1.A1 (S.391)).
- Nicht benötigte Module und Funktionen des Webservers MÜSSEN deaktiviert werden (Quelle: APP.3.1.A1 (S.391)).

Diese Maßnahmen helfen, den Webserver vor Missbrauch und Sicherheitsbedrohungen zu schützen.

Anschlussfragen:

1. Wie kann ich sicherstellen, dass mein Webserver korrekt konfiguriert ist?
2. Welche Rolle spielen kryptografische Verfahren bei der Sicherheit eines Webservers?
3. Wie kann ich die Sicherheit meines Webservers durch regelmäßige Updates und Wartung verbessern?";"Antwort:

Um einen sicheren Webserver zu betreiben, müssen folgende grundlegenden Sicherheitsmaßnahmen ergriffen werden:

- Der Webserver-Prozess MUSS einem Konto mit minimalen Rechten zugeordnet werden (Quelle: APP.3.1.A1 (S.391)).
- Der Webserver MUSS in einer gekapselten Umgebung ausgeführt werden, sofern dies vom Betriebssystem unterstützt wird (Quelle: APP.3.1.A1 (S.391)). Ist dies nicht möglich, SOLLTE jeder Webserver auf einem eigenen physischen oder virtuellen Server ausgeführt werden (Quelle: APP.3.1.A1 (S.391)).
- Dem Webserver-Dienst MÜSSEN alle nicht notwendigen Schreibberechtigungen entzogen werden (Quelle: APP.3.1.A1 (S.391)).
- Nicht benötigte Module und Funktionen des Webservers MÜSSEN deaktiviert werden (Quelle: APP.3.1.A1 (S.391)).

Diese Maßnahmen helfen, den Webserver vor Missbrauch und Sicherheitsbedrohungen zu schützen.";"1. Wie kann ich sicherstellen, dass mein Webserver korrekt konfiguriert ist?
2. Welche Rolle spielen kryptografische Verfahren bei der Sicherheit eines Webservers?
3. Wie kann ich die Sicherheit meines Webservers durch regelmäßige Updates und Wartung verbessern?";3;3;0.874999999978125;1.0;1.0;0.6033710205958053;Wie kann ich sicherstellen, dass mein Webserver korrekt konfiguriert ist?;2;2;Direkte Konfiguration eines Webservers;Welche Rolle spielen kryptografische Verfahren bei der Sicherheit eines Webservers?;2;2;Kryptografie bei Webserver-Sicherheit;Wie kann ich die Sicherheit meines Webservers durch regelmäßige Updates und Wartung verbessern?;2;2;Regelmäßige Updates;2.0;2.0
Wie müssen Webserver-Dateien geschützt werden?;"Der IT-Betrieb MUSS alle Dateien auf dem Webserver, insbesondere Skripte und Konfigurationsdateien, so schützen, dass sie nicht unbefugt gelesen und geändert werden können Quelle: APP.3.2.A2 (S.391). Es MUSS sichergestellt werden, dass Webanwendungen nur auf einen definierten Verzeichnisbaum zugreifen können, dem WWW-Wurzelverzeichnis Quelle: APP.3.2.A2 (S.391). Der Webserver MUSS so konfiguriert sein, dass er nur Dateien ausliefert, die sich innerhalb des WWW-Wurzelverzeichnisses befinden Quelle: APP.3.2.A2 (S.391). Vertrauliche Daten MÜSSEN vor unberechtigtem Zugriff geschützt werden Quelle: APP.3.2.A2 (S.391).

Anschlussfragen:
1. Wie müssen Webserver-Dateien vor unbefugtem Zugriff geschützt werden, wenn sie vertrauliche Informationen enthalten?
2. Welche Rolle spielt die Konfiguration des Webservers bei der Sicherstellung, dass nur autorisierte Dateien ausgeliefert werden?
3. Wie oft sollte der IT-Betrieb überprüfen, ob vertrauliche Dateien in öffentlichen Verzeichnissen des Webservers gespeichert wurden?";Der IT-Betrieb MUSS alle Dateien auf dem Webserver, insbesondere Skripte und Konfigurationsdateien, so schützen, dass sie nicht unbefugt gelesen und geändert werden können Quelle: APP.3.2.A2 (S.391). Es MUSS sichergestellt werden, dass Webanwendungen nur auf einen definierten Verzeichnisbaum zugreifen können, dem WWW-Wurzelverzeichnis Quelle: APP.3.2.A2 (S.391). Der Webserver MUSS so konfiguriert sein, dass er nur Dateien ausliefert, die sich innerhalb des WWW-Wurzelverzeichnisses befinden Quelle: APP.3.2.A2 (S.391). Vertrauliche Daten MÜSSEN vor unberechtigtem Zugriff geschützt werden Quelle: APP.3.2.A2 (S.391).;"APP.3.2.A2 Schutz der Webserver-Dateien (B)
Der IT-Betrieb MUSS alle Dateien auf dem Webserver, insbesondere Skripte und Konfigurationsdateien, so schützen, dass sie nicht unbefugt gelesen und geändert werden können. Es MUSS sichergestellt werden, dass Webanwendungen nur auf einen definierten Verzeichnisbaum
zugreifen können (WWW-Wurzelverzeichnis). Der Webserver MUSS so konfiguriert sein, dass er nur Dateien ausliefert, die sich innerhalb des WWW-Wurzelverzeichnisses befinden.Der IT-Betrieb MUSS alle nicht benötigten Funktionen, die Verzeichnisse auflisten, deaktivieren.
Vertrauliche Daten MÜSSEN vor unberechtigtem Zugriff geschützt werden. Insbesondere MUSS der IT-Betrieb sicherstellen, dass vertrauliche Dateien nicht in öffentlichen Verzeichnissen des Webservers liegen. Der IT-Betrieb MUSS regelmäßig überprüfen, ob vertrauliche Dateien in öffentlichen Verzeichnissen gespeichert wurden.";"Antwort:

Der IT-Betrieb MUSS alle Dateien auf dem Webserver, insbesondere Skripte und Konfigurationsdateien, so schützen, dass sie nicht unbefugt gelesen und geändert werden können. Dies MUSS durch die Verwendung von Zugriffsrechten und Berechtigungen erreicht werden, die sicherstellen, dass nur autorisierte Benutzer auf bestimmte Dateien zugreifen können.

Quelle: APP.3.1.A1 (S.391)

Der Webserver MUSS so konfiguriert sein, dass er nur Dateien ausliefert, die sich innerhalb des WWW-Wurzelverzeichnisses befinden. Dies MUSS durch die Verwendung von Verzeichnisberechtigungen und -zugriffen erreicht werden, die sicherstellen, dass der Webserver nur auf bestimmte Verzeichnisse zugreifen kann.

Quelle: ORP.1.A1 (S.73)

Der IT-Betrieb MUSS alle nicht benötigten Funktionen, die Verzeichnisse auflisten, deaktivieren. Vertrauliche Daten MÜSSEN vor unberechtigtem Zugriff geschützt werden. Insbesondere MUSS der IT-Betrieb sicherstellen, dass vertrauliche Dateien nicht in öffentlichen Verzeichnissen des Webservers liegen.

Quelle: APP.3.1.A1 (S.391)

Der IT-Betrieb MUSS regelmäßig überprüfen, ob vertrauliche Dateien in öffentlichen Verzeichnissen gespeichert wurden.

Quelle: ORP.1.A1 (S.73)

Anschlussfragen:

1. Wie MÜSSEN Webserver-Dateien geschützt werden, um unbefugten Zugriff zu verhindern?
2. Welche Maßnahmen MÜSSEN ergriffen werden, um vertrauliche Daten vor unberechtigtem Zugriff zu schützen?
3. Wie MÜSSEN Webserver konfiguriert werden, um sicherzustellen, dass nur autorisierte Benutzer auf bestimmte Dateien zugreifen können?";"Antwort:

Der IT-Betrieb MUSS alle Dateien auf dem Webserver, insbesondere Skripte und Konfigurationsdateien, so schützen, dass sie nicht unbefugt gelesen und geändert werden können. Dies MUSS durch die Verwendung von Zugriffsrechten und Berechtigungen erreicht werden, die sicherstellen, dass nur autorisierte Benutzer auf bestimmte Dateien zugreifen können.

Quelle: APP.3.1.A1 (S.391)

Der Webserver MUSS so konfiguriert sein, dass er nur Dateien ausliefert, die sich innerhalb des WWW-Wurzelverzeichnisses befinden. Dies MUSS durch die Verwendung von Verzeichnisberechtigungen und -zugriffen erreicht werden, die sicherstellen, dass der Webserver nur auf bestimmte Verzeichnisse zugreifen kann.

Quelle: ORP.1.A1 (S.73)

Der IT-Betrieb MUSS alle nicht benötigten Funktionen, die Verzeichnisse auflisten, deaktivieren. Vertrauliche Daten MÜSSEN vor unberechtigtem Zugriff geschützt werden. Insbesondere MUSS der IT-Betrieb sicherstellen, dass vertrauliche Dateien nicht in öffentlichen Verzeichnissen des Webservers liegen.

Quelle: APP.3.1.A1 (S.391)

Der IT-Betrieb MUSS regelmäßig überprüfen, ob vertrauliche Dateien in öffentlichen Verzeichnissen gespeichert wurden.

Quelle: ORP.1.A1 (S.73)";"1. Wie MÜSSEN Webserver-Dateien geschützt werden, um unbefugten Zugriff zu verhindern?
2. Welche Maßnahmen MÜSSEN ergriffen werden, um vertrauliche Daten vor unberechtigtem Zugriff zu schützen?
3. Wie MÜSSEN Webserver konfiguriert werden, um sicherzustellen, dass nur autorisierte Benutzer auf bestimmte Dateien zugreifen können?";3;3;0.9821428571288265;1.0;0.75;0.6606319616756129;Wie MÜSSEN Webserver-Dateien geschützt werden, um unbefugten Zugriff zu verhindern?;2;2;Direkte Antwort in IT-Grundschutz gefunden;Welche Maßnahmen MÜSSEN ergriffen werden, um vertrauliche Daten vor unberechtigtem Zugriff zu schützen?;2;2;Schutz vertraulicher Daten;Wie MÜSSEN Webserver konfiguriert werden, um sicherzustellen, dass nur autorisierte Benutzer auf bestimmte Dateien zugreifen können?;2;2;Direkte Konfiguration von Webservers;2.0;2.0
Welche Sicherheitsanforderungen gelten für Datei-Uploads und -Downloads über einen Webserver?;"Für Datei-Uploads und -Downloads über einen Webserver gelten folgende Sicherheitsanforderungen: Alle veröffentlichten Dateien MÜSSEN vorher auf Schadprogramme geprüft werden Quelle: APP.3.2.A3 (S.391). Es MUSS eine Maximalgröße für Datei-Uploads spezifiziert sein Quelle: APP.3.2.A3 (S.391). Für Uploads MUSS genügend Speicherplatz reserviert werden Quelle: APP.3.2.A3 (S.391).

Anschlussfragen:
1. Wie sollten Webserver in die Netzarchitektur integriert werden, um eine angemessene Absicherung zu gewährleisten?
2. Welche Rolle spielt das Identitäts- und Berechtigungsmanagement bei der Absicherung von Webservern?
3. Wie können kryptografische Schlüssel für verschlüsselte Verbindungen zu Webservern sicher verwaltet werden?";Für Datei-Uploads und -Downloads über einen Webserver gelten folgende Sicherheitsanforderungen: Alle veröffentlichten Dateien MÜSSEN vorher auf Schadprogramme geprüft werden Quelle: APP.3.2.A3 (S.391). Es MUSS eine Maximalgröße für Datei-Uploads spezifiziert sein Quelle: APP.3.2.A3 (S.391). Für Uploads MUSS genügend Speicherplatz reserviert werden Quelle: APP.3.2.A3 (S.391).;"APP.3.2.A3 Absicherung von Datei-Uploads und -Downloads (B)
Alle mithilfe des Webservers veröffentlichten Dateien MÜSSEN vorher auf Schadprogramme geprüft werden. Es MUSS eine Maximalgröße für Datei-Uploads spezifiziert sein. Für Uploads MUSS genügend Speicherplatz reserviert werden.";"Antwort:

Die Sicherheitsanforderungen für Datei-Uploads und -Downloads über einen Webserver sind im Baustein APP.3.1 Webanwendungen und Webservices beschrieben.

Für Datei-Uploads MUSS eine Maximalgröße spezifiziert sein (Quelle: APP.3.1.A1 (S.391)). Die erlaubte Dateigröße MUSS festgelegt werden (Quelle: APP.3.1.A1 (S.391)). Die erlaubten Dateitypen MUSS festgelegt werden (Quelle: APP.3.1.A1 (S.391)). Der erlaubte Speicherort MUSS festgelegt werden (Quelle: APP.3.1.A1 (S.391)). Die Zugriffs- und Ausführungsrechte MUSS restriktiv gesetzt werden (Quelle: APP.3.1.A1 (S.391)).

Für Datei-Downloads MUSS sichergestellt werden, dass Clients Dateien nur im vorgegebenen erlaubten Speicherort speichern können (Quelle: APP.3.1.A1 (S.391)).

Der IT-Betrieb MUSS alle Dateien auf dem Webserver, insbesondere Skripte und Konfigurationsdateien, so schützen, dass sie nicht unbefugt gelesen und geändert werden können (Quelle: APP.3.2 (S.73)).

Anschlussfragen:

1. Wie können die Sicherheitsanforderungen für Datei-Uploads und -Downloads über einen Webserver umgesetzt werden?
2. Welche Rolle spielt die Authentisierung bei der Sicherheit von Datei-Uploads und -Downloads?
3. Wie können die Zugriffs- und Ausführungsrechte für Datei-Uploads und -Downloads über einen Webserver gesteuert werden?";"Antwort:

Die Sicherheitsanforderungen für Datei-Uploads und -Downloads über einen Webserver sind im Baustein APP.3.1 Webanwendungen und Webservices beschrieben.

Für Datei-Uploads MUSS eine Maximalgröße spezifiziert sein (Quelle: APP.3.1.A1 (S.391)). Die erlaubte Dateigröße MUSS festgelegt werden (Quelle: APP.3.1.A1 (S.391)). Die erlaubten Dateitypen MUSS festgelegt werden (Quelle: APP.3.1.A1 (S.391)). Der erlaubte Speicherort MUSS festgelegt werden (Quelle: APP.3.1.A1 (S.391)). Die Zugriffs- und Ausführungsrechte MUSS restriktiv gesetzt werden (Quelle: APP.3.1.A1 (S.391)).

Für Datei-Downloads MUSS sichergestellt werden, dass Clients Dateien nur im vorgegebenen erlaubten Speicherort speichern können (Quelle: APP.3.1.A1 (S.391)).

Der IT-Betrieb MUSS alle Dateien auf dem Webserver, insbesondere Skripte und Konfigurationsdateien, so schützen, dass sie nicht unbefugt gelesen und geändert werden können (Quelle: APP.3.2 (S.73)).";"1. Wie können die Sicherheitsanforderungen für Datei-Uploads und -Downloads über einen Webserver umgesetzt werden?
2. Welche Rolle spielt die Authentisierung bei der Sicherheit von Datei-Uploads und -Downloads?
3. Wie können die Zugriffs- und Ausführungsrechte für Datei-Uploads und -Downloads über einen Webserver gesteuert werden?";3;3;0.62499999996875;1.0;0.0;0.45160628376362827;Wie können die Sicherheitsanforderungen für Datei-Uploads und -Downloads über einen Webserver umgesetzt werden?;2;2;Direkte Umsetzung von Sicherheitsanforderungen;Welche Rolle spielt die Authentisierung bei der Sicherheit von Datei-Uploads und -Downloads?;2;2;Authentisierung bei Datei-Uploads;Wie können die Zugriffs- und Ausführungsrechte für Datei-Uploads und -Downloads über einen Webserver gesteuert werden?;2;2;Direkte Steuerung von Zugriffsrechten;2.0;2.0
Welche Ereignisse müssen auf einem Webserver protokolliert werden?;"Auf einem Webserver müssen mindestens folgende Ereignisse protokolliert werden: 
- erfolgreiche Zugriffe auf Ressourcen, 
- fehlgeschlagene Zugriffe auf Ressourcen aufgrund von mangelnder Berechtigung, nicht vorhandenen Ressourcen und Server-Fehlern sowie 
- allgemeine Fehlermeldungen Quelle: APP.3.2.A4 (S.391). 
Die Protokollierungsdaten sollten regelmäßig ausgewertet werden, um potenzielle Sicherheitsprobleme frühzeitig zu erkennen.

Anschlussfragen:
1. Wie sollten die Protokollierungsdaten eines Webservers ausgewertet werden, um Sicherheitsprobleme zu erkennen?
2. Welche Rolle spielt die Webserver-Software bei der Sicherheit des gesamten IT-Systems?
3. Wie können Webserver in die Netzarchitektur integriert und mit Firewalls abgesichert werden?";"Auf einem Webserver müssen mindestens folgende Ereignisse protokolliert werden: 
- erfolgreiche Zugriffe auf Ressourcen, 
- fehlgeschlagene Zugriffe auf Ressourcen aufgrund von mangelnder Berechtigung, nicht vorhandenen Ressourcen und Server-Fehlern sowie 
- allgemeine Fehlermeldungen Quelle: APP.3.2.A4 (S.391). 
Die Protokollierungsdaten sollten regelmäßig ausgewertet werden, um potenzielle Sicherheitsprobleme frühzeitig zu erkennen.";"APP.3.2.A4 Protokollierung von Ereignissen (B)
Der Webserver MUSS mindestens folgende Ereignisse protokollieren:
•erfolgreiche Zugriffe auf Ressourcen,
•fehlgeschlagene Zugriffe auf Ressourcen aufgrund von mangelnder Berechtigung, nicht vorhandenen Ressourcen und Server-Fehlern sowie
•allgemeine Fehlermeldungen.
Die Protokollierungsdaten SOLLTEN regelmäßig ausgewertet werden.";"Antwort:

Die folgenden Ereignisse MÜSSEN auf einem Webserver protokolliert werden:

- erfolgreiche Zugriffe auf Ressourcen (ORP.4.A1 (S.73)),
- fehlgeschlagene Zugriffe auf Ressourcen aufgrund von mangelnder Berechtigung, nicht vorhandenen Ressourcen und Server-Fehlern (ORP.4.A1 (S.73)),
- allgemeine Fehlermeldungen (ORP.4.A1 (S.73)).

Die Protokollierungsdaten SOLLTEN regelmäßig ausgewertet werden (ORP.4.A1 (S.73)).

Anschlussfragen:

1. Welche Ereignisse MÜSSEN auf einem Terminalserver protokolliert werden?
2. Wie MÜSSEN die Protokollierungsdaten ausgewertet werden?
3. Welche Ereignisse MÜSSEN auf einem DNS-Server protokolliert werden?";"Antwort:

Die folgenden Ereignisse MÜSSEN auf einem Webserver protokolliert werden:

- erfolgreiche Zugriffe auf Ressourcen (ORP.4.A1 (S.73)),
- fehlgeschlagene Zugriffe auf Ressourcen aufgrund von mangelnder Berechtigung, nicht vorhandenen Ressourcen und Server-Fehlern (ORP.4.A1 (S.73)),
- allgemeine Fehlermeldungen (ORP.4.A1 (S.73)).

Die Protokollierungsdaten SOLLTEN regelmäßig ausgewertet werden (ORP.4.A1 (S.73)).";"1. Welche Ereignisse MÜSSEN auf einem Terminalserver protokolliert werden?
2. Wie MÜSSEN die Protokollierungsdaten ausgewertet werden?
3. Welche Ereignisse MÜSSEN auf einem DNS-Server protokolliert werden?";3;3;0.6333333333122222;0.8333333333333334;0.75;0.8296706237345464;Welche Ereignisse MÜSSEN auf einem Terminalserver protokolliert werden?;1;2;Teilweise abgedeckt;Wie MÜSSEN die Protokollierungsdaten ausgewertet werden?;1;2;Teilweise abgedeckt;Welche Ereignisse MÜSSEN auf einem DNS-Server protokolliert werden?;2;1;DNS-Server Ereignisse;1.333;1.667
Wie müssen Passwörter bei der Authentisierung am Webserver gesichert werden?;"Wenn sich Clients mit Hilfe von Passwörtern am Webserver authentisieren, MÜSSEN diese kryptografisch gesichert und vor unbefugtem Zugriff geschützt gespeichert werden Quelle: APP.3.2.A5 (S.391). 

Anschlussfragen:
1. Wie sollten Webserver in die Netzarchitektur integriert werden, um eine sichere Umgebung zu gewährleisten?
2. Welche Rolle spielt das Kryptokonzept bei der sicheren Verwaltung von kryptografischen Schlüsseln für Webserver?
3. Wie sollten Authentisierungsmechanismen für Webserver ergänzt werden, um ein umfassendes Identitäts- und Berechtigungsmanagement zu gewährleisten?";Wenn sich Clients mit Hilfe von Passwörtern am Webserver authentisieren, MÜSSEN diese kryptografisch gesichert und vor unbefugtem Zugriff geschützt gespeichert werden Quelle: APP.3.2.A5 (S.391).;"APP.3.2.A5 Authentisierung (B)
Wenn sich Clients mit Hilfe von Passwörtern am Webserver authentisieren, MÜSSEN diese kryptografisch gesichert und vor unbefugtem Zugriff geschützt gespeichert werden.";"Antwort:

Um Passwörter bei der Authentisierung am Webserver zu sichern, MÜSSEN sie kryptografisch gesichert und vor unbefugtem Zugriff geschützt gespeichert werden. Dies ist im Baustein ORP.4 Identitäts- und Berechtigungsmanagement beschrieben.

Die Webanwendung MUSS die Möglichkeit bieten, Grenzwerte für fehlgeschlagene Anmeldeversuche festzulegen. Die Webanwendung MUSS Benutzende sofort informieren, wenn deren Passwort zurückgesetzt wurde. Dies ist im Baustein APP.3.1 Webanwendungen und Webservices beschrieben.

Wenn sich Clients mit Hilfe von Passwörtern am Webserver authentisieren, MÜSSEN diese kryptografisch gesichert und vor unbefugtem Zugriff geschützt gespeichert werden. Dies ist im Baustein ORP.4 Identitäts- und Berechtigungsmanagement beschrieben.

Quelle: ORP.4.A8 (S.73)

Anschlussfragen:

1. Wie MÜSSEN Passwörter kryptografisch gesichert werden?
2. Welche Rolle spielt die Webanwendung bei der Authentisierung?
3. Wie MÜSSEN Benutzende informiert werden, wenn ihr Passwort zurückgesetzt wurde?";"Antwort:

Um Passwörter bei der Authentisierung am Webserver zu sichern, MÜSSEN sie kryptografisch gesichert und vor unbefugtem Zugriff geschützt gespeichert werden. Dies ist im Baustein ORP.4 Identitäts- und Berechtigungsmanagement beschrieben.

Die Webanwendung MUSS die Möglichkeit bieten, Grenzwerte für fehlgeschlagene Anmeldeversuche festzulegen. Die Webanwendung MUSS Benutzende sofort informieren, wenn deren Passwort zurückgesetzt wurde. Dies ist im Baustein APP.3.1 Webanwendungen und Webservices beschrieben.

Wenn sich Clients mit Hilfe von Passwörtern am Webserver authentisieren, MÜSSEN diese kryptografisch gesichert und vor unbefugtem Zugriff geschützt gespeichert werden. Dies ist im Baustein ORP.4 Identitäts- und Berechtigungsmanagement beschrieben.

Quelle: ORP.4.A8 (S.73)";"1. Wie MÜSSEN Passwörter kryptografisch gesichert werden?
2. Welche Rolle spielt die Webanwendung bei der Authentisierung?
3. Wie MÜSSEN Benutzende informiert werden, wenn ihr Passwort zurückgesetzt wurde?";3;3;0.8736394557698324;1.0;0.6666666666666666;0.5892739454451622;Wie MÜSSEN Passwörter kryptografisch gesichert werden?;2;2;Direkte kryptografische Sicherung;Welche Rolle spielt die Webanwendung bei der Authentisierung?;2;2;Direkt relevant zur Authentisierung;Wie MÜSSEN Benutzende informiert werden, wenn ihr Passwort zurückgesetzt wurde?;1;2;Teilweise abgedeckt;1.667;2.0
Welche Anforderungen gelten an die Verschlüsselung von Verbindungen zu Webservern?;"Für die Verschlüsselung von Verbindungen zu Webservern gelten folgende Anforderungen: Der Webserver MUSS für alle Verbindungen durch nicht vertrauenswürdige Netze eine sichere Verschlüsselung über TLS anbieten (HTTPS) Quelle: APP.3.2.A11 (S.391). Wenn eine HTTPS-Verbindung genutzt wird, MÜSSEN alle Inhalte über HTTPS ausgeliefert werden Quelle: APP.3.2.A11 (S.391). Sogenannter Mixed Content DARF NICHT verwendet werden Quelle: APP.3.2.A11 (S.391).

Anschlussfragen:
1. Wie sollten veraltete Verschlüsselungsverfahren bei der Kommunikation mit Webservern behandelt werden?
2. Welche Rolle spielt die Verwaltung kryptografischer Schlüssel bei der Verschlüsselung von Webserver-Verbindungen?
3. Gibt es besondere Anforderungen an die Authentisierung bei der Nutzung von Webservern, und wenn ja, wo finden sich diese?";Für die Verschlüsselung von Verbindungen zu Webservern gelten folgende Anforderungen: Der Webserver MUSS für alle Verbindungen durch nicht vertrauenswürdige Netze eine sichere Verschlüsselung über TLS anbieten (HTTPS) Quelle: APP.3.2.A11 (S.391). Wenn eine HTTPS-Verbindung genutzt wird, MÜSSEN alle Inhalte über HTTPS ausgeliefert werden Quelle: APP.3.2.A11 (S.391). Sogenannter Mixed Content DARF NICHT verwendet werden Quelle: APP.3.2.A11 (S.391).;"APP.3.2.A11 Verschlüsselung über TLS (B)
Der Webserver MUSS für alle Verbindungen durch nicht vertrauenswürdige Netze eine sichere Verschlüsselung über TLS anbieten (HTTPS). Falls es aus Kompatibilitätsgründen erforderlich ist, veraltete Verfahren zu verwenden, SOLLTEN diese auf so wenige Fälle wie möglich beschränkt werden. Wenn eine HTTPS-Verbindung genutzt wird, MÜSSEN alle Inhalte über HTTPS ausgeliefert werden. Sogenannter Mixed Content DARF NICHT verwendet werden.";"Antwort:

Der Webserver MUSS für alle Verbindungen durch nicht vertrauenswürdige Netze eine sichere Verschlüsselung über TLS anbieten (HTTPS). Falls es aus Kompatibilitätsgründen erforderlich ist, veraltete Verfahren zu verwenden, SOLLTEN diese auf so wenige Fälle wie möglich beschränkt werden.

Wenn eine HTTPS-Verbindung genutzt wird, MÜSSEN alle Inhalte über HTTPS ausgeliefert werden. Sogenannter Mixed Content DARF NICHT verwendet werden.

Quelle: APP.3.1 Webanwendungen (S. 391)

Anschlussfragen:

1. Wie müssen Webserver für Verbindungen durch nicht vertrauenswürdige Netze konfiguriert werden?
2. Welche Rolle spielt die Verwendung von veralteten Verfahren bei der Verschlüsselung von Webservern?
3. Wie können Webserver sicherstellen, dass alle Inhalte über HTTPS ausgeliefert werden?";"Antwort:

Der Webserver MUSS für alle Verbindungen durch nicht vertrauenswürdige Netze eine sichere Verschlüsselung über TLS anbieten (HTTPS). Falls es aus Kompatibilitätsgründen erforderlich ist, veraltete Verfahren zu verwenden, SOLLTEN diese auf so wenige Fälle wie möglich beschränkt werden.

Wenn eine HTTPS-Verbindung genutzt wird, MÜSSEN alle Inhalte über HTTPS ausgeliefert werden. Sogenannter Mixed Content DARF NICHT verwendet werden.

Quelle: APP.3.1 Webanwendungen (S. 391)";"1. Wie müssen Webserver für Verbindungen durch nicht vertrauenswürdige Netze konfiguriert werden?
2. Welche Rolle spielt die Verwendung von veralteten Verfahren bei der Verschlüsselung von Webservern?
3. Wie können Webserver sicherstellen, dass alle Inhalte über HTTPS ausgeliefert werden?";3;3;0.9821428571288265;0.4;0.75;0.8786725085912584;Wie müssen Webserver für Verbindungen durch nicht vertrauenswürdige Netze konfiguriert werden?;2;2;Direkte Konfiguration von Webservern;Welche Rolle spielt die Verwendung von veralteten Verfahren bei der Verschlüsselung von Webservern?;2;2;Veraltete Verfahren bei TLS;Wie können Webserver sicherstellen, dass alle Inhalte über HTTPS ausgeliefert werden?;2;2;Direkte Anleitung zur HTTPS-Nutzung;2.0;2.0
Welche Maßnahmen sollten bei der Planung des Einsatzes eines Webservers berücksichtigt werden?;"Bei der Planung des Einsatzes eines Webservers sollten mehrere Maßnahmen berücksichtigt werden. Es SOLLTE geplant und dokumentiert werden, für welchen Zweck der Webserver eingesetzt und welche Inhalte er bereitstellen soll Quelle: APP.3.2.A8 (S). In der Dokumentation SOLLTEN auch die Informationen oder Dienstleistungen des Webangebots und die jeweiligen Zielgruppen beschrieben werden Quelle: APP.3.2.A8 (S). Für den technischen Betrieb und die Webinhalte SOLLTEN geeignete Zuständige festgelegt werden Quelle: APP.3.2.A8 (S).

Anschlussfragen:
1. Wie sollten die Verbindungen zu Webservern abgesichert werden?
2. Welche Rolle spielt die Netzarchitektur bei der Integration von Webservern?
3. Wie sollten Authentisierungsmechanismen für Webserver umgesetzt werden?";Bei der Planung des Einsatzes eines Webservers sollten mehrere Maßnahmen berücksichtigt werden. Es SOLLTE geplant und dokumentiert werden, für welchen Zweck der Webserver eingesetzt und welche Inhalte er bereitstellen soll Quelle: APP.3.2.A8 (S). In der Dokumentation SOLLTEN auch die Informationen oder Dienstleistungen des Webangebots und die jeweiligen Zielgruppen beschrieben werden Quelle: APP.3.2.A8 (S). Für den technischen Betrieb und die Webinhalte SOLLTEN geeignete Zuständige festgelegt werden Quelle: APP.3.2.A8 (S).;"APP.3.2.A8 Planung des Einsatzes eines Webservers (S)
Es SOLLTE geplant und dokumentiert werden, für welchen Zweck der Webserver eingesetzt und welche Inhalte er bereitstellen soll. In der Dokumentation SOLLTEN auch die Informationen oder Dienstleistungen des Webangebots und die jeweiligen Zielgruppen beschrieben werden. Für den technischen Betrieb und die Webinhalte SOLLTEN geeignete Zuständige festgelegt werden.";"Anforderungen an die Planung des Einsatzes eines Webservers:

- Die Institution SOLLTE geplant und dokumentiert werden, für welchen Zweck der Webserver eingesetzt und welche Inhalte er bereitstellen soll (Quelle: Planung des Einsatzes eines Webservers).
- In der Dokumentation SOLLTEN auch die Informationen oder Dienstleistungen des Webangebots und die jeweiligen Zielgruppen beschrieben werden (Quelle: Planung des Einsatzes eines Webservers).
- Für den technischen Betrieb und die Webinhalte SOLLTEN geeignete Zuständige festgelegt werden (Quelle: Planung des Einsatzes eines Webservers).

Anforderungen an die technische Planung:

- Die Hardware SOLLTE geeignet dimensioniert sein, um die Anforderungen des Webserver-Betriebs zu erfüllen (Quelle: Planung des Server-Einsatzes).
- Die Kommunikationsschnittstellen SOLLTEN geeignet ausgewählt und konfiguriert werden, um die Sicherheit und Leistung des Webserver-Betriebs zu gewährleisten (Quelle: Planung des Server-Einsatzes).
- Die Protokollierung SOLLTE geeignet konfiguriert werden, um die Sicherheit und Leistung des Webserver-Betriebs zu überwachen (Quelle: Planung des Server-Einsatzes).

Anforderungen an die Sicherheit:

- Der Webserver SOLLTE geeignet geschützt werden, um die Sicherheit der Daten und Anwendungen zu gewährleisten (Quelle: Planung des Server-Einsatzes).
- Die administrative Zugänge SOLLTEN geeignet geschützt werden, um die Sicherheit des Webserver-Betriebs zu gewährleisten (Quelle: Planung des Server-Einsatzes).

Anschlussfragen:

1. Wie sollten die technischen Anforderungen des Webserver-Betriebs ermittelt werden?
2. Welche Sicherheitsmaßnahmen sollten bei der Planung des Webserver-Einsatzes berücksichtigt werden?
3. Wie sollten die Zuständigen für den technischen Betrieb und die Webinhalte festgelegt werden?";"Anforderungen an die Planung des Einsatzes eines Webservers:

- Die Institution SOLLTE geplant und dokumentiert werden, für welchen Zweck der Webserver eingesetzt und welche Inhalte er bereitstellen soll (Quelle: Planung des Einsatzes eines Webservers).
- In der Dokumentation SOLLTEN auch die Informationen oder Dienstleistungen des Webangebots und die jeweiligen Zielgruppen beschrieben werden (Quelle: Planung des Einsatzes eines Webservers).
- Für den technischen Betrieb und die Webinhalte SOLLTEN geeignete Zuständige festgelegt werden (Quelle: Planung des Einsatzes eines Webservers).

Anforderungen an die technische Planung:

- Die Hardware SOLLTE geeignet dimensioniert sein, um die Anforderungen des Webserver-Betriebs zu erfüllen (Quelle: Planung des Server-Einsatzes).
- Die Kommunikationsschnittstellen SOLLTEN geeignet ausgewählt und konfiguriert werden, um die Sicherheit und Leistung des Webserver-Betriebs zu gewährleisten (Quelle: Planung des Server-Einsatzes).
- Die Protokollierung SOLLTE geeignet konfiguriert werden, um die Sicherheit und Leistung des Webserver-Betriebs zu überwachen (Quelle: Planung des Server-Einsatzes).

Anforderungen an die Sicherheit:

- Der Webserver SOLLTE geeignet geschützt werden, um die Sicherheit der Daten und Anwendungen zu gewährleisten (Quelle: Planung des Server-Einsatzes).
- Die administrative Zugänge SOLLTEN geeignet geschützt werden, um die Sicherheit des Webserver-Betriebs zu gewährleisten (Quelle: Planung des Server-Einsatzes).";"1. Wie sollten die technischen Anforderungen des Webserver-Betriebs ermittelt werden?
2. Welche Sicherheitsmaßnahmen sollten bei der Planung des Webserver-Einsatzes berücksichtigt werden?
3. Wie sollten die Zuständigen für den technischen Betrieb und die Webinhalte festgelegt werden?";3;3;0.6666666666444444;1.0;0.25;0.5212074097787223;Wie sollten die technischen Anforderungen des Webserver-Betriebs ermittelt werden?;1;2;Teilweise abgedeckt;Welche Sicherheitsmaßnahmen sollten bei der Planung des Webserver-Einsatzes berücksichtigt werden?;2;2;Direkte Sicherheitsmaßnahmen;Wie sollten die Zuständigen für den technischen Betrieb und die Webinhalte festgelegt werden?;2;2;Direkte Zuständigkeitsfestlegung;1.667;2.0
Was ist bei der Auswahl eines externen Webhosters zu beachten?;"Bei der Auswahl eines externen Webhosters SOLLTE die Institution auf folgende Punkte achten: 
- Es SOLLTE vertraglich geregelt werden, wie die Dienste zu erbringen sind, wobei Sicherheitsaspekte innerhalb des Vertrags schriftlich in einem Service Level Agreement (SLA) festgehalten werden SOLLTEN Quelle: APP.3.2.A10 (S).
- Die eingesetzten IT-Systeme SOLLTEN vom Webhoster regelmäßig kontrolliert und gewartet werden Quelle: APP.3.2.A10 (S).
- Der Webhoster SOLLTE grundlegende technische und organisatorische Maßnahmen umsetzen, um seinen Informationsverbund zu schützen Quelle: APP.3.2.A10 (S).

Anschlussfragen:
1. Wie sollten die Sicherheitsaspekte innerhalb des Vertrags mit dem Webhoster festgehalten werden?
2. Welche Rolle spielt die regelmäßige Kontrolle und Wartung der IT-Systeme durch den Webhoster?
3. Welche grundlegenden technischen und organisatorischen Maßnahmen sollte der Webhoster umsetzen, um seinen Informationsverbund zu schützen?";"Bei der Auswahl eines externen Webhosters SOLLTE die Institution auf folgende Punkte achten: 
- Es SOLLTE vertraglich geregelt werden, wie die Dienste zu erbringen sind, wobei Sicherheitsaspekte innerhalb des Vertrags schriftlich in einem Service Level Agreement (SLA) festgehalten werden SOLLTEN Quelle: APP.3.2.A10 (S).
- Die eingesetzten IT-Systeme SOLLTEN vom Webhoster regelmäßig kontrolliert und gewartet werden Quelle: APP.3.2.A10 (S).
- Der Webhoster SOLLTE grundlegende technische und organisatorische Maßnahmen umsetzen, um seinen Informationsverbund zu schützen Quelle: APP.3.2.A10 (S).";"APP.3.2 Webserver
APP.3.2.A10 Auswahl eines geeigneten Webhosters (S)
Betreibt die Institution den Webserver nicht selbst, sondern nutzt Angebote externer Unternehmen im Rahmen von Webhosting, SOLLTE die Institution bei der Auswahl eines geeigneten Webhosters auf folgende Punkte achten:
•Es SOLLTE vertraglich geregelt werden, wie die Dienste zu erbringen sind. Dabei SOLLTEN Sicherheitsaspekte innerhalb des Vertrags schriftlich in einem Service Level Agreement (SLA) festgehalten werden.
•Die eingesetzten IT-Systeme SOLLTEN vom Webhoster regelmäßig kontrolliert und gewartet werden. Der Webhoster SOLLTE dazu verpflichtet werden, bei technischen Problemen oder einer Kompromittierung von Kundschaftssystemen zeitnah zu reagieren.
•Der Webhoster SOLLTE grundlegende technische und organisatorische Maßnahmen umsetzen, um seinen Informationsverbund zu schützen.";"Antwort:

Bei der Auswahl eines externen Webhosters SOLLTE die Institution auf folgende Punkte achten:

- Es SOLLTE vertraglich geregelt werden, wie die Dienste zu erbringen sind. Dabei SOLLTEN Sicherheitsaspekte innerhalb des Vertrags schriftlich in einem Service Level Agreement (SLA) festgehalten werden.
- Die eingesetzten IT-Systeme SOLLTEN vom Webhoster regelmäßig kontrolliert und gewartet werden. Der Webhoster SOLLTE dazu verpflichtet werden, bei technischen Problemen oder einer Kompromittierung von Kundschaftssystemen zeitnah zu reagieren.
- Der Webhoster SOLLTE grundlegende technische und organisatorische Maßnahmen umsetzen, um seinen Informationsverbund zu schützen.

Quelle: APP.3.1.A1 (S.391)

Anschlussfragen:

1. Wie kann die Institution sicherstellen, dass der Webhoster die Sicherheitsanforderungen erfüllt?
2. Welche Rolle spielt die regelmäßige Überwachung der Einhaltung der Sicherheitsanforderungen in den Verträgen?
3. Wie kann die Institution die Risiken im Bereich der Informationssicherheit identifizieren und kontrollieren, wenn externe Dienstleister eingesetzt werden?";"Antwort:

Bei der Auswahl eines externen Webhosters SOLLTE die Institution auf folgende Punkte achten:

- Es SOLLTE vertraglich geregelt werden, wie die Dienste zu erbringen sind. Dabei SOLLTEN Sicherheitsaspekte innerhalb des Vertrags schriftlich in einem Service Level Agreement (SLA) festgehalten werden.
- Die eingesetzten IT-Systeme SOLLTEN vom Webhoster regelmäßig kontrolliert und gewartet werden. Der Webhoster SOLLTE dazu verpflichtet werden, bei technischen Problemen oder einer Kompromittierung von Kundschaftssystemen zeitnah zu reagieren.
- Der Webhoster SOLLTE grundlegende technische und organisatorische Maßnahmen umsetzen, um seinen Informationsverbund zu schützen.

Quelle: APP.3.1.A1 (S.391)";"1. Wie kann die Institution sicherstellen, dass der Webhoster die Sicherheitsanforderungen erfüllt?
2. Welche Rolle spielt die regelmäßige Überwachung der Einhaltung der Sicherheitsanforderungen in den Verträgen?
3. Wie kann die Institution die Risiken im Bereich der Informationssicherheit identifizieren und kontrollieren, wenn externe Dienstleister eingesetzt werden?";3;3;0.7166666666547222;1.0;0.8333333333333334;0.641810248631134;Wie kann die Institution sicherstellen, dass der Webhoster die Sicherheitsanforderungen erfüllt?;2;2;Direkte Sicherheitsanforderungen;Welche Rolle spielt die regelmäßige Überwachung der Einhaltung der Sicherheitsanforderungen in den Verträgen?;2;2;Direkte Relevanz zu Sicherheitsanforderungen;Wie kann die Institution die Risiken im Bereich der Informationssicherheit identifizieren und kontrollieren, wenn externe Dienstleister eingesetzt werden?;2;2;Direkte Relevanz zur Risikokontrolle;2.0;2.0
Wie sollten Fehlermeldungen auf einem Webserver gestaltet sein?;"Fehlermeldungen auf einem Webserver sollten so gestaltet sein, dass sie weder den Produktnamen noch die verwendete Version des Webservers preisgeben. Sie sollten auch keine Details zu Systeminformationen oder Konfigurationen ausgeben. Stattdessen sollten allgemeine Fehlermeldungen ausgegeben werden, die Clients darauf hinweisen, dass ein Fehler aufgetreten ist. Diese Fehlermeldungen sollten ein eindeutiges Merkmal enthalten, das es dem IT-Betrieb ermöglicht, den Fehler nachzuvollziehen. Quelle: APP.3.2.A12 (S).

Anschlussfragen:
1. Wie sollten Webserver in die Netzarchitektur integriert werden, um sie abzusichern?
2. Welche Rolle spielt das Identitäts- und Berechtigungsmanagement bei der Authentisierung von Webservern?
3. Wie können kryptografische Schlüssel für verschlüsselte Verbindungen zu Webservern sicher verwaltet werden?";Fehlermeldungen auf einem Webserver sollten so gestaltet sein, dass sie weder den Produktnamen noch die verwendete Version des Webservers preisgeben. Sie sollten auch keine Details zu Systeminformationen oder Konfigurationen ausgeben. Stattdessen sollten allgemeine Fehlermeldungen ausgegeben werden, die Clients darauf hinweisen, dass ein Fehler aufgetreten ist. Diese Fehlermeldungen sollten ein eindeutiges Merkmal enthalten, das es dem IT-Betrieb ermöglicht, den Fehler nachzuvollziehen. Quelle: APP.3.2.A12 (S).;"APP.3.2 Webserver
APP.3.2.A12 Geeigneter Umgang mit Fehlern und Fehlermeldungen (S)
Aus den HTTP-Informationen und den angezeigten Fehlermeldungen SOLLTEN weder der Produktname noch die verwendete Version des Webservers ersichtlich sein. Fehlermeldungen SOLLTEN keine Details zu Systeminformationen oder Konfigurationen ausgeben. Der IT-Betrieb SOLLTE sicherstellen, dass der Webserver ausschließlich allgemeine Fehlermeldungen ausgibt, die Clients darauf hinweisen, dass ein Fehler aufgetreten ist. Die Fehlermeldung SOLLTE ein eindeutiges Merkmal enthalten, das es dem IT-Betrieb ermöglicht, den Fehler nachzuvollziehen. Bei unerwarteten Fehlern SOLLTE sichergestellt sein, dass der Webserver nicht in einem Zustand verbleibt, in dem er anfällig für Angriffe ist.";"Antwort:

Um Fehlermeldungen auf einem Webserver zu gestalten, SOLLTEN die folgenden Anforderungen beachtet werden:

- Fehlermeldungen SOLLTEN keine Details zu Systeminformationen oder Konfigurationen ausgeben.
- Der Webserver SOLLTE ausschließlich allgemeine Fehlermeldungen ausgeben, die Clients darauf hinweisen, dass ein Fehler aufgetreten ist.
- Die Fehlermeldung SOLLTE ein eindeutiges Merkmal enthalten, das es dem IT-Betrieb ermöglicht, den Fehler nachzuvollziehen.
- Bei unerwarteten Fehlern SOLLTE sichergestellt sein, dass der Webserver nicht in einem Zustand verbleibt, in dem er anfällig für Angriffe ist.

Um diese Anforderungen zu erfüllen, SOLLTEN die folgenden Maßnahmen getroffen werden:

- Der Webserver SOLLTE so konfiguriert werden, dass er keine sensiblen Informationen über System und Konfiguration ausgibt.
- Der Webserver SOLLTE so programmiert werden, dass er allgemeine Fehlermeldungen ausgibt, die Clients darauf hinweisen, dass ein Fehler aufgetreten ist.
- Der Webserver SOLLTE so programmiert werden, dass er ein eindeutiges Merkmal in die Fehlermeldung einfügt, das es dem IT-Betrieb ermöglicht, den Fehler nachzuvollziehen.
- Der Webserver SOLLTE so programmiert werden, dass er bei unerwarteten Fehlern nicht in einem Zustand verbleibt, in dem er anfällig für Angriffe ist.

Quelle: APP.3.1 Fehlerbehandlung (S. 123), APP.3.2 Fehlerbehandlung (S. 145), APP.3.3 Fehlerbehandlung (S. 167)

Anschlussfragen:

1. Wie können Webserver so programmiert werden, dass sie keine sensiblen Informationen über System und Konfiguration ausgeben?
2. Wie können Webserver so programmiert werden, dass sie allgemeine Fehlermeldungen ausgeben, die Clients darauf hinweisen, dass ein Fehler aufgetreten ist?
3. Wie können Webserver so programmiert werden, dass sie ein eindeutiges Merkmal in die Fehlermeldung einfügen, das es dem IT-Betrieb ermöglicht, den Fehler nachzuvollziehen?";"Antwort:

Um Fehlermeldungen auf einem Webserver zu gestalten, SOLLTEN die folgenden Anforderungen beachtet werden:

- Fehlermeldungen SOLLTEN keine Details zu Systeminformationen oder Konfigurationen ausgeben.
- Der Webserver SOLLTE ausschließlich allgemeine Fehlermeldungen ausgeben, die Clients darauf hinweisen, dass ein Fehler aufgetreten ist.
- Die Fehlermeldung SOLLTE ein eindeutiges Merkmal enthalten, das es dem IT-Betrieb ermöglicht, den Fehler nachzuvollziehen.
- Bei unerwarteten Fehlern SOLLTE sichergestellt sein, dass der Webserver nicht in einem Zustand verbleibt, in dem er anfällig für Angriffe ist.

Um diese Anforderungen zu erfüllen, SOLLTEN die folgenden Maßnahmen getroffen werden:

- Der Webserver SOLLTE so konfiguriert werden, dass er keine sensiblen Informationen über System und Konfiguration ausgibt.
- Der Webserver SOLLTE so programmiert werden, dass er allgemeine Fehlermeldungen ausgibt, die Clients darauf hinweisen, dass ein Fehler aufgetreten ist.
- Der Webserver SOLLTE so programmiert werden, dass er ein eindeutiges Merkmal in die Fehlermeldung einfügt, das es dem IT-Betrieb ermöglicht, den Fehler nachzuvollziehen.
- Der Webserver SOLLTE so programmiert werden, dass er bei unerwarteten Fehlern nicht in einem Zustand verbleibt, in dem er anfällig für Angriffe ist.

Quelle: APP.3.1 Fehlerbehandlung (S. 123), APP.3.2 Fehlerbehandlung (S. 145), APP.3.3 Fehlerbehandlung (S. 167)";"1. Wie können Webserver so programmiert werden, dass sie keine sensiblen Informationen über System und Konfiguration ausgeben?
2. Wie können Webserver so programmiert werden, dass sie allgemeine Fehlermeldungen ausgeben, die Clients darauf hinweisen, dass ein Fehler aufgetreten ist?
3. Wie können Webserver so programmiert werden, dass sie ein eindeutiges Merkmal in die Fehlermeldung einfügen, das es dem IT-Betrieb ermöglicht, den Fehler nachzuvollziehen?";3;3;0.7545918367239141;0.5714285714285714;1.0;0.5408004033303988;Wie können Webserver so programmiert werden, dass sie keine sensiblen Informationen über System und Konfiguration ausgeben?;2;2;Direkt relevante Vertiefung;Wie können Webserver so programmiert werden, dass sie allgemeine Fehlermeldungen ausgeben, die Clients darauf hinweisen, dass ein Fehler aufgetreten ist?;2;2;Direkt relevante Vertiefung;Wie können Webserver so programmiert werden, dass sie ein eindeutiges Merkmal in die Fehlermeldung einfügen, das es dem IT-Betrieb ermöglicht, den Fehler nachzuvollziehen?;2;2;Direkte Beantwortung durch IT-Grundschutz;2.0;2.0
Wer trägt die Verantwortung für Informationssicherheit beim Outsourcing?;"Die Verantwortung für Informationssicherheit beim Outsourcing verbleibt stets bei der auslagernden Institution Quelle: OPS.2.3, Kap. 1.1. Dies bedeutet, dass die Institution, die Geschäftsprozesse oder Tätigkeiten auslagert, die Verantwortung für die Informationssicherheit trägt, auch wenn die tatsächliche Ausführung durch externe Dienstleistungsunternehmen erfolgt.

Anschlussfragen:
1. Wie werden die Sicherheitsanforderungen für die auslagernden Institutionen und die Anbieter von Outsourcing-Leistungen im Baustein OPS.2.3 behandelt?
2. Welche Arten von Outsourcing-Szenarien können mit dem Baustein OPS.2.3 nicht abschließend abgebildet werden und benötigen eine separate Risikoanalyse?
3. Wie unterscheidet sich der Baustein OPS.2.3 von dem Baustein OPS.3.2 in Bezug auf die Perspektive auf das Outsourcing-Verhältnis?";Die Verantwortung für Informationssicherheit beim Outsourcing verbleibt stets bei der auslagernden Institution Quelle: OPS.2.3, Kap. 1.1. Dies bedeutet, dass die Institution, die Geschäftsprozesse oder Tätigkeiten auslagert, die Verantwortung für die Informationssicherheit trägt, auch wenn die tatsächliche Ausführung durch externe Dienstleistungsunternehmen erfolgt.;"OPS.2.3, Kap. 1.1
1.1. Einleitung
Beim Outsourcing lagern Institutionen (Nutzende von Outsourcing) Geschäftsprozesse oder Tätigkeiten ganz oder teilweise zu einem oder mehreren externen  Dienstleistungsunternehmen (Anbietende von Outsourcing) aus. Diese sogenannten Anbietenden von Outsourcing betreiben im Rahmen des vereinbarten Outsourcing-Verhältnisses die Geschäftsprozesse oder Tätigkeiten nach festgelegten Kriterien. Allerdings verbleibt die Verantwortung aus Sicht der Informationssicherheit stets bei der auslagernden Institution.";"Antwort:

Die Verantwortung für Informationssicherheit beim Outsourcing verbleibt bei der auslagernden Institution. Dies wird im Baustein OPS.2.3 Nutzung von Outsourcing (S. 73) und im Baustein OPS.3.2 Anbieten von Outsourcing (S. 391) festgelegt.

Die auslagernde Institution ist für die Sicherstellung der Informationssicherheit in allen Phasen des Outsourcing-Lebenszyklus verantwortlich. Dies umfasst die Sicherstellung, dass die Anforderungen an die Informationssicherheit von den Anbietenden von Outsourcing eingehalten werden und dass die Nutzenden von Outsourcing über den gesamten Outsourcing-Prozess hinweg die erforderliche Transparenz und Kontrolle haben.

Die Verantwortung für die Informationssicherheit kann durch die Benennung eines Informationssicherheitsbeauftragten (ISB) oder eines Chief Information Security Officer (CISO) umgesetzt werden. Der ISB oder CISO ist für die Koordination und Führung des Informationssicherheitsprozesses verantwortlich und sollte direkt der obersten Leitungsebene zugeordnet sein.

Quelle: OPS.2.3 Nutzung von Outsourcing (S. 73), OPS.3.2 Anbieten von Outsourcing (S. 391)

Anschlussfragen:

1. Wie kann die Verantwortung für die Informationssicherheit beim Outsourcing in einer Institution umgesetzt werden?
2. Welche Rolle spielt der Informationssicherheitsbeauftragte (ISB) oder der Chief Information Security Officer (CISO) bei der Sicherstellung der Informationssicherheit beim Outsourcing?
3. Wie kann die Transparenz und Kontrolle der Nutzenden von Outsourcing über den gesamten Outsourcing-Prozess hinweg gewährleistet werden?";"Antwort:

Die Verantwortung für Informationssicherheit beim Outsourcing verbleibt bei der auslagernden Institution. Dies wird im Baustein OPS.2.3 Nutzung von Outsourcing (S. 73) und im Baustein OPS.3.2 Anbieten von Outsourcing (S. 391) festgelegt.

Die auslagernde Institution ist für die Sicherstellung der Informationssicherheit in allen Phasen des Outsourcing-Lebenszyklus verantwortlich. Dies umfasst die Sicherstellung, dass die Anforderungen an die Informationssicherheit von den Anbietenden von Outsourcing eingehalten werden und dass die Nutzenden von Outsourcing über den gesamten Outsourcing-Prozess hinweg die erforderliche Transparenz und Kontrolle haben.

Die Verantwortung für die Informationssicherheit kann durch die Benennung eines Informationssicherheitsbeauftragten (ISB) oder eines Chief Information Security Officer (CISO) umgesetzt werden. Der ISB oder CISO ist für die Koordination und Führung des Informationssicherheitsprozesses verantwortlich und sollte direkt der obersten Leitungsebene zugeordnet sein.

Quelle: OPS.2.3 Nutzung von Outsourcing (S. 73), OPS.3.2 Anbieten von Outsourcing (S. 391)";"1. Wie kann die Verantwortung für die Informationssicherheit beim Outsourcing in einer Institution umgesetzt werden?
2. Welche Rolle spielt der Informationssicherheitsbeauftragte (ISB) oder der Chief Information Security Officer (CISO) bei der Sicherstellung der Informationssicherheit beim Outsourcing?
3. Wie kann die Transparenz und Kontrolle der Nutzenden von Outsourcing über den gesamten Outsourcing-Prozess hinweg gewährleistet werden?";3;3;0.6726190476055952;1.0;0.75;0.6494576898943077;Wie kann die Verantwortung für die Informationssicherheit beim Outsourcing in einer Institution umgesetzt werden?;2;2;Direkte Umsetzung von Verantwortung;Welche Rolle spielt der Informationssicherheitsbeauftragte (ISB) oder der Chief Information Security Officer (CISO) bei der Sicherstellung der Informationssicherheit beim Outsourcing?;2;2;ISB-Rolle beim Outsourcing;Wie kann die Transparenz und Kontrolle der Nutzenden von Outsourcing über den gesamten Outsourcing-Prozess hinweg gewährleistet werden?;2;2;Direkte Relevanz zu Outsourcing-Prozess;2.0;2.0
Welche Mindestanforderungen gelten für Outsourcing-Verträge?;"Die Mindestanforderungen für Outsourcing-Verträge umfassen die Entwicklung einheitlicher Grundanforderungen, die Aspekte der Informationssicherheit, einen Zustimmungsvorbehalt bei Weiterverlagerungen sowie ein Recht auf Prüfung, Revision und Audit beinhalten Quelle: OPS.2.3.A4 (S. nicht spezifiziert). Diese Grundanforderungen MÜSSEN in Vereinbarungen und Verträgen einheitlich umgesetzt werden Quelle: OPS.2.3.A4 (S. nicht spezifiziert). 

Anschlussfragen:
1. Wie MÜSSEN die Resultate der risikoorientierten Betrachtung bei der Entwicklung der Grundanforderungen für Outsourcing-Verträge berücksichtigt werden?
2. Welche Rolle spielt die Verschwiegenheitserklärung zum Schutz von sensiblen Daten in Outsourcing-Verträgen?
3. Wie unterscheidet sich der Baustein OPS.2.3 Nutzung von Outsourcing von anderen Bausteinen wie OPS.2.2 Cloud-Nutzung?";Die Mindestanforderungen für Outsourcing-Verträge umfassen die Entwicklung einheitlicher Grundanforderungen, die Aspekte der Informationssicherheit, einen Zustimmungsvorbehalt bei Weiterverlagerungen sowie ein Recht auf Prüfung, Revision und Audit beinhalten Quelle: OPS.2.3.A4 (S. nicht spezifiziert). Diese Grundanforderungen MÜSSEN in Vereinbarungen und Verträgen einheitlich umgesetzt werden Quelle: OPS.2.3.A4 (S. nicht spezifiziert).;"OPS.2.3.A4 Grundanforderungen an Verträge mit Anbietenden von
Outsourcing (B)
Einheitliche Grundanforderungen an Outsourcing-Verträge MÜSSEN entwickelt werden. Diese Grundanforderungen MÜSSEN Aspekte der Informationssicherheit, einen Zustimmungsvorbehalt bei Weiterverlagerungen sowie ein Recht auf Prüfung, Revision und Audit beinhalten. Bei der Entwicklung der Grundanforderungen SOLLTEN die Resultate der risikoorientierten Betrachtung sowie Eignungsanforderungen an Anbietende von Outsourcing mit einfließen. Mit den Anbietenden von Outsourcing SOLLTE eine Verschwiegenheitserklärung zum Schutz von sensiblen Daten vereinbart werden. Die Grundanforderungen MÜSSEN in Vereinbarungen und Verträgen einheitlich umgesetzt werden. Auf Basis der Grundanforderungen SOLLTE eine einheitliche Vertragsvorlage erstellt und für alle Outsourcing-Vorhaben genutzt werden.";"Antwort:

Die Mindestanforderungen für Outsourcing-Verträge sind im Baustein OPS.3.2 Anbieten von Outsourcing festgelegt. Diese Anforderungen MÜSSEN Aspekte der Informationssicherheit und Sicherheitsanforderungen der Nutzenden von Outsourcing beinhalten. Die Grundanforderungen MÜSSEN beinhalten, dass die Nutzenden das Recht haben, Prüfungen, Revisionen und Auditierungen durchzuführen, um sicherzustellen, dass die vertraglich geregelten Anforderungen an die Informationssicherheit eingehalten werden.

Die Anforderungen des Bausteins OPS.3.2 Anbieten von Outsourcing SOLLTEN dazu beitragen, dass potenzielle Gefährdungen aus der Dienstleistung der Anbietenden von Outsourcing nicht die Nutzenden von Outsourcing gefährden. Dementsprechend sind diese Risiken zu mindern und vorzubeugen.

Die Grundanforderungen MÜSSEN in Vereinbarungen und Verträgen einheitlich umgesetzt werden. Auf Basis der Grundanforderungen SOLLTE eine einheitliche Vertragsvorlage erstellt und für alle Outsourcing-Vorhaben genutzt werden.

Die Anforderungen des Bausteins OPS.3.2 Anbieten von Outsourcing beinhalten:

- Einheitliche Grundanforderungen an Outsourcing-Verträge MÜSSEN entwickelt werden.
- Diese Grundanforderungen MÜSSEN Aspekte der Informationssicherheit, einen Zustimmungsvorbehalt bei Weiterverlagerungen sowie ein Recht auf Prüfung, Revision und Audit beinhalten.
- Mit den Anbietenden von Outsourcing SOLLTE eine Verschwiegenheitserklärung zum Schutz von sensiblen Daten vereinbart werden.
- Die Grundanforderungen MÜSSEN in Vereinbarungen und Verträgen einheitlich umgesetzt werden.

Quelle: OPS.3.2 Anbieten von Outsourcing (S. 1-2)

Anschlussfragen:

1. Wie müssen die Grundanforderungen in Vereinbarungen und Verträgen umgesetzt werden?
2. Welche Rolle spielen Verschwiegenheitserklärungen bei Outsourcing-Verträgen?
3. Wie können die Anforderungen des Bausteins OPS.3.2 Anbieten von Outsourcing in die tägliche Arbeit integriert werden?";"Antwort:

Die Mindestanforderungen für Outsourcing-Verträge sind im Baustein OPS.3.2 Anbieten von Outsourcing festgelegt. Diese Anforderungen MÜSSEN Aspekte der Informationssicherheit und Sicherheitsanforderungen der Nutzenden von Outsourcing beinhalten. Die Grundanforderungen MÜSSEN beinhalten, dass die Nutzenden das Recht haben, Prüfungen, Revisionen und Auditierungen durchzuführen, um sicherzustellen, dass die vertraglich geregelten Anforderungen an die Informationssicherheit eingehalten werden.

Die Anforderungen des Bausteins OPS.3.2 Anbieten von Outsourcing SOLLTEN dazu beitragen, dass potenzielle Gefährdungen aus der Dienstleistung der Anbietenden von Outsourcing nicht die Nutzenden von Outsourcing gefährden. Dementsprechend sind diese Risiken zu mindern und vorzubeugen.

Die Grundanforderungen MÜSSEN in Vereinbarungen und Verträgen einheitlich umgesetzt werden. Auf Basis der Grundanforderungen SOLLTE eine einheitliche Vertragsvorlage erstellt und für alle Outsourcing-Vorhaben genutzt werden.

Die Anforderungen des Bausteins OPS.3.2 Anbieten von Outsourcing beinhalten:

- Einheitliche Grundanforderungen an Outsourcing-Verträge MÜSSEN entwickelt werden.
- Diese Grundanforderungen MÜSSEN Aspekte der Informationssicherheit, einen Zustimmungsvorbehalt bei Weiterverlagerungen sowie ein Recht auf Prüfung, Revision und Audit beinhalten.
- Mit den Anbietenden von Outsourcing SOLLTE eine Verschwiegenheitserklärung zum Schutz von sensiblen Daten vereinbart werden.
- Die Grundanforderungen MÜSSEN in Vereinbarungen und Verträgen einheitlich umgesetzt werden.

Quelle: OPS.3.2 Anbieten von Outsourcing (S. 1-2)";"1. Wie müssen die Grundanforderungen in Vereinbarungen und Verträgen umgesetzt werden?
2. Welche Rolle spielen Verschwiegenheitserklärungen bei Outsourcing-Verträgen?
3. Wie können die Anforderungen des Bausteins OPS.3.2 Anbieten von Outsourcing in die tägliche Arbeit integriert werden?";3;3;0.8736394557698324;0.8571428571428571;0.08333333333333333;0.522997322291677;Wie müssen die Grundanforderungen in Vereinbarungen und Verträgen umgesetzt werden?;2;2;Direkte Umsetzung von Grundanforderungen;Welche Rolle spielen Verschwiegenheitserklärungen bei Outsourcing-Verträgen?;2;2;Verschwiegenheitserklärungen bei Outsourcing;Wie können die Anforderungen des Bausteins OPS.3.2 Anbieten von Outsourcing in die tägliche Arbeit integriert werden?;2;2;Direkte Verbindung zu OPS.3.2;2.0;2.0
Muss ich ein Sicherheitskonzept für jedes Outsourcing-Vorhaben erstellen?;"Ja, für jedes Outsourcing-Vorhaben MUSS ein Sicherheitskonzept erstellt werden, das auf den sich aus dem IT-Grundschutz ergebenen Sicherheitsanforderungen basiert Quelle: OPS.2.3.A6 (S. nicht spezifiziert). Dieses Sicherheitskonzept MUSS mit den Anbietenden von Outsourcing abgestimmt werden Quelle: OPS.2.3.A6 (S. nicht spezifiziert). 

Anschlussfragen:
1. Wie sollten die Sicherheitsanforderungen für ein Outsourcing-Vorhaben festgelegt werden?
2. Was sollte mit den Anbietenden von Outsourcing hinsichtlich der Umsetzung von IT-Grundschutz oder der Erfüllung von Anforderungen aus relevanten Bausteinen vereinbart werden?
3. Wie oft sollten die Nutzenden von Outsourcing oder unabhängige Dritte überprüfen, ob das Sicherheitskonzept wirksam ist?";Ja, für jedes Outsourcing-Vorhaben MUSS ein Sicherheitskonzept erstellt werden, das auf den sich aus dem IT-Grundschutz ergebenen Sicherheitsanforderungen basiert Quelle: OPS.2.3.A6 (S. nicht spezifiziert). Dieses Sicherheitskonzept MUSS mit den Anbietenden von Outsourcing abgestimmt werden Quelle: OPS.2.3.A6 (S. nicht spezifiziert).;"OPS.2.3.A6 Festlegung von Sicherheitsanforderungen und Erstellung eines Sicherheitskonzeptes für das Outsourcing-Vorhaben (B)
Mit den Anbietenden von Outsourcing MUSS vertraglich vereinbart werden, dass IT-Grundschutz umgesetzt oder mindestens die Anforderungen aus den relevanten Bausteinen geeignet erfüllt werden. Darüber hinaus SOLLTE mit den Anbietenden von Outsourcing vereinbart werden, dass sie ein Managementsystem für Informationssicherheit (ISMS) etablieren. Die Nutzenden von Outsourcing MÜSSEN für jedes Outsourcing-Vorhaben ein Sicherheitskonzept basierend auf den sich aus dem IT- Grundschutz ergebenen Sicherheitsanforderungen erstellen. Dabei MUSS das Sicherheitskonzept der Nutzenden mit den Anbietenden von Outsourcing abgestimmt werden. Ebenso SOLLTE jeder Anbietende ein individuelles Sicherheitskonzept für das jeweilige Outsourcing-Vorhaben vorlegen. Das Sicherheitskonzept der Anbietenden von Outsourcing und dessen Umsetzung SOLLTE zu einem gesamten Sicherheitskonzept zusammengeführt werden. Wenn Risikoanalysen notwendig sind, MÜSSEN Vereinbarungen getroffen werden, wie die Risikoanalyse geprüft und gegebenenfalls in das eigene Risikomanagement überführt werden kann. Die Nutzenden von Outsourcing oder unabhängige Dritte MÜSSEN regelmäßig überprüfen, ob das Sicherheitskonzept wirksam ist.";"Antwort:

Ja, Sie MÜSSEN ein Sicherheitskonzept für jedes Outsourcing-Vorhaben erstellen. Dies ist ein wichtiger Schritt, um sicherzustellen, dass die Informationssicherheit während des Outsourcing-Prozesses gewährleistet ist.

Die Anforderungen des Bausteins OPS.2.3 Nutzung von Outsourcing sollen dazu beitragen, dass potenzielle Gefährdungen für den Geschäftsbetrieb erkannt, vorgebeugt und vermindert werden. Risiken für eine Institution sollen hierdurch in einem für die Institution kontrollierbaren Rahmen bleiben.

Ein Sicherheitskonzept für jedes Outsourcing-Vorhaben SOLLTE die folgenden Aspekte umfassen:

- Eine Risikoanalyse, um potenzielle Gefährdungen zu identifizieren und zu bewerten
- Die Festlegung von Sicherheitsanforderungen, um die Informationssicherheit während des Outsourcing-Prozesses zu gewährleisten
- Die Überprüfung der Vereinbarungen mit den Anbietenden von Outsourcing, um sicherzustellen, dass die Sicherheitsanforderungen eingehalten werden
- Die regelmäßige Überprüfung der Sicherheitsanforderungen und -maßnahmen, um sicherzustellen, dass sie noch aktuell und wirksam sind

Quelle: OPS.2.3 Nutzung von Outsourcing (S. 1)

Anschlussfragen:

1. Wie können Sie sicherstellen, dass die Anbietenden von Outsourcing die Sicherheitsanforderungen einhalten?
2. Welche Rolle spielen die Nutzenden von Outsourcing bei der Überprüfung der Sicherheitsanforderungen und -maßnahmen?
3. Wie können Sie die Transparenz und Steuerungsinstrumente verbessern, um die Informationssicherheit während des Outsourcing-Prozesses zu gewährleisten?";"Antwort:

Ja, Sie MÜSSEN ein Sicherheitskonzept für jedes Outsourcing-Vorhaben erstellen. Dies ist ein wichtiger Schritt, um sicherzustellen, dass die Informationssicherheit während des Outsourcing-Prozesses gewährleistet ist.

Die Anforderungen des Bausteins OPS.2.3 Nutzung von Outsourcing sollen dazu beitragen, dass potenzielle Gefährdungen für den Geschäftsbetrieb erkannt, vorgebeugt und vermindert werden. Risiken für eine Institution sollen hierdurch in einem für die Institution kontrollierbaren Rahmen bleiben.

Ein Sicherheitskonzept für jedes Outsourcing-Vorhaben SOLLTE die folgenden Aspekte umfassen:

- Eine Risikoanalyse, um potenzielle Gefährdungen zu identifizieren und zu bewerten
- Die Festlegung von Sicherheitsanforderungen, um die Informationssicherheit während des Outsourcing-Prozesses zu gewährleisten
- Die Überprüfung der Vereinbarungen mit den Anbietenden von Outsourcing, um sicherzustellen, dass die Sicherheitsanforderungen eingehalten werden
- Die regelmäßige Überprüfung der Sicherheitsanforderungen und -maßnahmen, um sicherzustellen, dass sie noch aktuell und wirksam sind

Quelle: OPS.2.3 Nutzung von Outsourcing (S. 1)";"1. Wie können Sie sicherstellen, dass die Anbietenden von Outsourcing die Sicherheitsanforderungen einhalten?
2. Welche Rolle spielen die Nutzenden von Outsourcing bei der Überprüfung der Sicherheitsanforderungen und -maßnahmen?
3. Wie können Sie die Transparenz und Steuerungsinstrumente verbessern, um die Informationssicherheit während des Outsourcing-Prozesses zu gewährleisten?";3;3;0.8357142857003571;1.0;0.0;0.4113387375511142;Wie können Sie sicherstellen, dass die Anbietenden von Outsourcing die Sicherheitsanforderungen einhalten?;2;2;Direkt relevante Vertiefung;Welche Rolle spielen die Nutzenden von Outsourcing bei der Überprüfung der Sicherheitsanforderungen und -maßnahmen?;2;2;Direkte Relevanz zu Sicherheitsanforderungen;Wie können Sie die Transparenz und Steuerungsinstrumente verbessern, um die Informationssicherheit während des Outsourcing-Prozesses zu gewährleisten?;2;2;Direkt relevant zu Outsourcing und Informationssicherheit;2.0;2.0
Wie gehe ich mit Sub-Dienstleistern um?;"Um mit Sub-Dienstleistern umzugehen, MÜSSEN einheitliche Grundanforderungen an Outsourcing-Verträge entwickelt werden, die Aspekte der Informationssicherheit und einen Zustimmungsvorbehalt bei Weiterverlagerungen beinhalten Quelle: OPS.2.3.A4 (S. nicht spezifiziert). Diese Grundanforderungen SOLLTEN auch bei der Entwicklung von Verträgen mit Sub-Dienstleistern berücksichtigt werden, um sicherzustellen, dass die Informationssicherheit gewährleistet ist. 

Anschlussfragen:
1. Wie können die Risiken bei der Nutzung von Sub-Dienstleistern minimiert werden?
2. Welche Rolle spielen Verschwiegenheitserklärungen bei der Zusammenarbeit mit Sub-Dienstleistern?
3. Wie können die Anforderungen an die Informationssicherheit bei der Vertragsgestaltung mit Sub-Dienstleistern umgesetzt werden?";Um mit Sub-Dienstleistern umzugehen, MÜSSEN einheitliche Grundanforderungen an Outsourcing-Verträge entwickelt werden, die Aspekte der Informationssicherheit und einen Zustimmungsvorbehalt bei Weiterverlagerungen beinhalten Quelle: OPS.2.3.A4 (S. nicht spezifiziert). Diese Grundanforderungen SOLLTEN auch bei der Entwicklung von Verträgen mit Sub-Dienstleistern berücksichtigt werden, um sicherzustellen, dass die Informationssicherheit gewährleistet ist.;"OPS.2.3.A4 Grundanforderungen an Verträge mit Anbietenden von Outsourcing (B)
Einheitliche Grundanforderungen an Outsourcing-Verträge MÜSSEN entwickelt werden. Diese Grundanforderungen MÜSSEN Aspekte der Informationssicherheit, einen Zustimmungsvorbehalt bei Weiterverlagerungen sowie ein Recht auf Prüfung, Revision und Audit beinhalten. Bei der Entwicklung der Grundanforderungen SOLLTEN die Resultate der risikoorientierten Betrachtung sowie Eignungsanforderungen an Anbietende von Outsourcing mit einfließen. Mit den Anbietenden von Outsourcing SOLLTE eine Verschwiegenheitserklärung zum Schutz von sensiblen Daten vereinbart werden. Die Grundanforderungen MÜSSEN in Vereinbarungen und Verträgen einheitlich umgesetzt werden. Auf Basis der Grundanforderungen SOLLTE eine einheitliche Vertragsvorlage erstellt und für alle Outsourcing-Vorhaben genutzt werden.";"Um mit Sub-Dienstleistern umzugehen, müssen die folgenden Anforderungen erfüllt werden:

- Das Personal der Anbietenden von Outsourcing sowie der Sub-Dienstleistenden SOLLTE in ihre Aufgaben eingewiesen und über bestehende Regelungen zur Informationssicherheit der Anbietenden von Outsourcing unterrichtet werden (ORP.4.A8 (S.73)).
- Soweit es gefordert ist, SOLLTEN das Personal der Anbietenden von Outsourcing sowie der Sub-Dienstleistenden nach Vorgaben der Nutzenden von Outsourcing überprüft werden, z. B. durch ein Führungszeugnis (ORP.4.A8 (S.73)).
- Das Personal der Anbietenden von Outsourcing sowie der Sub-Dienstleistenden SOLLTEN schriftlich dazu verpflichtet werden, einschlägige Gesetze und Vorschriften, Vertraulichkeitsvereinbarungen sowie interne Regelungen einzuhalten (ORP.4.A8 (S.73)).

Es ist auch wichtig, dass die Verträge mit den Cloud-Diensteanbietenden regeln, wie das jeweilige Dienstleistungsverhältnis geordnet aufgelöst werden kann (APP.3.2 (S. 204-205)).

Anschlussfragen:

1. Wie können die Risiken im Bereich der Informationssicherheit bei der Einbindung externer Dienstleister identifiziert und kontrolliert werden?
2. Wie können die Verträge mit den Cloud-Diensteanbietenden so gestaltet werden, dass sie den Schutzbedarf der Informationen angepasst sind?
3. Wie können die Sub-Dienstleistenden so überwacht werden, dass die vereinbarten SLAs eingehalten werden?";"Um mit Sub-Dienstleistern umzugehen, müssen die folgenden Anforderungen erfüllt werden:

- Das Personal der Anbietenden von Outsourcing sowie der Sub-Dienstleistenden SOLLTE in ihre Aufgaben eingewiesen und über bestehende Regelungen zur Informationssicherheit der Anbietenden von Outsourcing unterrichtet werden (ORP.4.A8 (S.73)).
- Soweit es gefordert ist, SOLLTEN das Personal der Anbietenden von Outsourcing sowie der Sub-Dienstleistenden nach Vorgaben der Nutzenden von Outsourcing überprüft werden, z. B. durch ein Führungszeugnis (ORP.4.A8 (S.73)).
- Das Personal der Anbietenden von Outsourcing sowie der Sub-Dienstleistenden SOLLTEN schriftlich dazu verpflichtet werden, einschlägige Gesetze und Vorschriften, Vertraulichkeitsvereinbarungen sowie interne Regelungen einzuhalten (ORP.4.A8 (S.73)).

Es ist auch wichtig, dass die Verträge mit den Cloud-Diensteanbietenden regeln, wie das jeweilige Dienstleistungsverhältnis geordnet aufgelöst werden kann (APP.3.2 (S. 204-205)).";"1. Wie können die Risiken im Bereich der Informationssicherheit bei der Einbindung externer Dienstleister identifiziert und kontrolliert werden?
2. Wie können die Verträge mit den Cloud-Diensteanbietenden so gestaltet werden, dass sie den Schutzbedarf der Informationen angepasst sind?
3. Wie können die Sub-Dienstleistenden so überwacht werden, dass die vereinbarten SLAs eingehalten werden?";3;3;0.0;0.8571428571428571;0.6;0.6964235325547647;Wie können die Risiken im Bereich der Informationssicherheit bei der Einbindung externer Dienstleister identifiziert und kontrolliert werden?;2;2;Direkte Abdeckung durch IT-Grundschutz;Wie können die Verträge mit den Cloud-Diensteanbietenden so gestaltet werden, dass sie den Schutzbedarf der Informationen angepasst sind?;2;2;Direkt relevant und abgedeckt;Wie können die Sub-Dienstleistenden so überwacht werden, dass die vereinbarten SLAs eingehalten werden?;2;2;SLA-Überwachung direkt abgedeckt;2.0;2.0
Was soll in Bezug auf Mandanten bedacht werden?;"In Bezug auf Mandanten sollte sichergestellt werden, dass die Daten und Verarbeitungskontexte durch den Anbietenden von Outsourcing ausreichend sicher getrennt sind Quelle: OPS.2.3.A5 (S.?). Ein Mandantentrennungskonzept sollte von den Anbietenden von Outsourcing gefordert werden, das zwischen mandantenabhängigen und mandantenübergreifenden Daten und Objekten unterscheidet Quelle: OPS.2.3.A5 (S.?).

Anschlussfragen:
1. Wie sollte das Mandantentrennungskonzept die Trennung von mandantenabhängigen und mandantenübergreifenden Daten und Objekten darlegen?
2. Welche Mechanismen sollten die Anbietenden von Outsourcing verwenden, um die Trennung zwischen Mandanten sicherzustellen?
3. Wie sollten die Nutzenden von Outsourcing-Leistungen die Einhaltung des Mandantentrennungskonzepts durch die Anbietenden von Outsourcing überwachen?";In Bezug auf Mandanten sollte sichergestellt werden, dass die Daten und Verarbeitungskontexte durch den Anbietenden von Outsourcing ausreichend sicher getrennt sind Quelle: OPS.2.3.A5 (S.?). Ein Mandantentrennungskonzept sollte von den Anbietenden von Outsourcing gefordert werden, das zwischen mandantenabhängigen und mandantenübergreifenden Daten und Objekten unterscheidet Quelle: OPS.2.3.A5 (S.?).;"OPS.2.3.A5 Vereinbarung der Mandantenfähigkeit (B)
In einer Vereinbarung zur Mandantenfähigkeit mit den Anbietenden von Outsourcing MUSS sichergestellt werden, dass die Daten und Verarbeitungskontexte durch den Anbietenden von Outsourcing ausreichend sicher getrennt sind. In dieser Vereinbarung SOLLTE ein Mandantentrennungskonzept von den Anbietenden von Outsourcing gefordert werden. Das Mandantentrennungskonzept SOLLTE zwischen mandantenabhängigen und mandantenübergreifenden Daten und Objekten unterscheiden und darlegen, mit welchen Mechanismen die Anbietenden von Outsourcing trennen.";"Antwort:

In Bezug auf Mandanten SOLLTE sichergestellt werden, dass die Daten und Verarbeitungskontexte durch den Anbietenden von Outsourcing ausreichend sicher getrennt sind. Dies SOLLTE in einer Vereinbarung zur Mandantenfähigkeit mit den Anbietenden von Outsourcing festgelegt werden. Das Mandantentrennungskonzept SOLLTE zwischen mandantenabhängigen und mandantenübergreifenden Daten und Objekten unterscheiden und darlegen, mit welchen Mechanismen die Anbietenden von Outsourcing trennen.

Im speziellen SOLLTE bei der Nutzung von z/OS-Systemen ein RACF-Konzept zur Mandantentrennung erstellt werden. Die Daten und Anwendungen der Mandanten MÜSSEN durch RACF-Profile getrennt werden. Hohe Berechtigungen im RACF (SPECIAL, OPERATIONS, AUDITOR) und ändernden Zugriff auf Dateien des z/OS-Betriebssystems DÜRFEN NUR Mitarbeitende der Betreibenden haben.

In Speicherlösungen SOLLTE definiert und nachvollziehbar dokumentiert werden, welche Anforderungen die Institution an die Mandantenfähigkeit stellt. Die eingesetzten Speicherlösungen SOLLTEN diese dokumentierten Anforderungen erfüllen. Im Block-Storage-Umfeld SOLLTE LUN Maskingeingesetzt werden, um Mandanten voneinander zu trennen.

Quelle: APP.3.1.A1 (S.391), ORP.4.A8 (S.73)

Anschlussfragen:
1. Wie kann das Mandantentrennungskonzept zwischen mandantenabhängigen und mandantenübergreifenden Daten und Objekten unterscheiden?
2. Welche Sicherheitsmaßnahmen SOLLTEN ergriffen werden, wenn ABAP-Programme mandantenabhängig programmiert werden?
3. Wie kann die virtuelle Client-Härtung durchgeführt werden, um die Datenübertragung zwischen zugreifenden und virtuellen Clients zu beschränken?";"Antwort:

In Bezug auf Mandanten SOLLTE sichergestellt werden, dass die Daten und Verarbeitungskontexte durch den Anbietenden von Outsourcing ausreichend sicher getrennt sind. Dies SOLLTE in einer Vereinbarung zur Mandantenfähigkeit mit den Anbietenden von Outsourcing festgelegt werden. Das Mandantentrennungskonzept SOLLTE zwischen mandantenabhängigen und mandantenübergreifenden Daten und Objekten unterscheiden und darlegen, mit welchen Mechanismen die Anbietenden von Outsourcing trennen.

Im speziellen SOLLTE bei der Nutzung von z/OS-Systemen ein RACF-Konzept zur Mandantentrennung erstellt werden. Die Daten und Anwendungen der Mandanten MÜSSEN durch RACF-Profile getrennt werden. Hohe Berechtigungen im RACF (SPECIAL, OPERATIONS, AUDITOR) und ändernden Zugriff auf Dateien des z/OS-Betriebssystems DÜRFEN NUR Mitarbeitende der Betreibenden haben.

In Speicherlösungen SOLLTE definiert und nachvollziehbar dokumentiert werden, welche Anforderungen die Institution an die Mandantenfähigkeit stellt. Die eingesetzten Speicherlösungen SOLLTEN diese dokumentierten Anforderungen erfüllen. Im Block-Storage-Umfeld SOLLTE LUN Maskingeingesetzt werden, um Mandanten voneinander zu trennen.

Quelle: APP.3.1.A1 (S.391), ORP.4.A8 (S.73)";"1. Wie kann das Mandantentrennungskonzept zwischen mandantenabhängigen und mandantenübergreifenden Daten und Objekten unterscheiden?
2. Welche Sicherheitsmaßnahmen SOLLTEN ergriffen werden, wenn ABAP-Programme mandantenabhängig programmiert werden?
3. Wie kann die virtuelle Client-Härtung durchgeführt werden, um die Datenübertragung zwischen zugreifenden und virtuellen Clients zu beschränken?";3;3;0.8972222222072685;1.0;0.6491228070175439;0.5265977174677534;Wie kann das Mandantentrennungskonzept zwischen mandantenabhängigen und mandantenübergreifenden Daten und Objekten unterscheiden?;2;2;Direkte Bezugnahme auf Mandantentrennungskonzept;Welche Sicherheitsmaßnahmen SOLLTEN ergriffen werden, wenn ABAP-Programme mandantenabhängig programmiert werden?;2;2;Direkte Sicherheitsmaßnahmen;Wie kann die virtuelle Client-Härtung durchgeführt werden, um die Datenübertragung zwischen zugreifenden und virtuellen Clients zu beschränken?;2;2;Direkte Relevanz zur virtuellen Client-Härtung;2.0;2.0
Was ist bei der Beendigung eines Outsourcing-Verhältnisses zu regeln?;"Bei der Beendigung eines Outsourcing-Verhältnisses MÜSSEN Regelungen getroffen werden, um sicherzustellen, dass alle Informationen, Daten und Hardware der Nutzenden vom Anbietenden von Outsourcing zurückgegeben werden Quelle: OPS.2.3.A7 (S. nicht spezifiziert). Hierbei MÜSSEN gesetzliche Vorgaben zur Aufbewahrung von Daten beachtet werden. Ferner SOLLTE überprüft werden, ob die Zugangs-, Zutritts- und Zugriffsrechte für die Anbietenden von Outsourcing mit der Beendigung des Outsourcing-Verhältnisses aufgehoben wurden Quelle: OPS.2.3.A7 (S. nicht spezifiziert).

Anschlussfragen:
1. Wie sollten die Regelungen für die Beendigung eines Outsourcing-Verhältnisses dokumentiert werden?
2. Welche Rolle spielen gesetzliche Vorgaben zur Aufbewahrung von Daten bei der Beendigung eines Outsourcing-Verhältnisses?
3. Wie kann sichergestellt werden, dass die Zugangs-, Zutritts- und Zugriffsrechte für die Anbietenden von Outsourcing nach der Beendigung des Verhältnisses aufgehoben werden?";Bei der Beendigung eines Outsourcing-Verhältnisses MÜSSEN Regelungen getroffen werden, um sicherzustellen, dass alle Informationen, Daten und Hardware der Nutzenden vom Anbietenden von Outsourcing zurückgegeben werden Quelle: OPS.2.3.A7 (S. nicht spezifiziert). Hierbei MÜSSEN gesetzliche Vorgaben zur Aufbewahrung von Daten beachtet werden. Ferner SOLLTE überprüft werden, ob die Zugangs-, Zutritts- und Zugriffsrechte für die Anbietenden von Outsourcing mit der Beendigung des Outsourcing-Verhältnisses aufgehoben wurden Quelle: OPS.2.3.A7 (S. nicht spezifiziert).;"OPS.2.3.A7 Regelungen für eine geplante oder ungeplante Beendigung eines Outsourcing-Verhältnisses (B) [Fachverantwortliche, Institutionsleitung]
Für geplante sowie ungeplante Beendigungen des Outsourcing-Verhältnisses MÜSSEN Regelungen getroffen werden. Es MUSS festgelegt werden, wie alle Informationen, Daten und Hardware der Nutzenden vom Anbietenden von Outsourcing zurückgegeben werden. Hierbei MÜSSEN gesetzliche Vorgaben zur Aufbewahrung von Daten beachtet werden. Ferner SOLLTE überprüft werden, ob die Zugangs-, Zutritts- und Zugriffsrechte für die Anbietenden von Outsourcing mit der Beendigung des Outsourcing-Verhältnisses aufgehoben wurden.";"Antwort:

Die Beendigung eines Outsourcing-Verhältnisses muss sorgfältig geplant und durchgeführt werden, um sicherzustellen, dass alle notwendigen Schritte erledigt werden. Die Anbietenden von Outsourcing müssen sicherstellen, dass alle Informationen, Daten und Hardware der Nutzenden zurückgegeben werden, und dass gesetzliche Vorgaben zur Aufbewahrung von Daten beachtet werden.

Die Anforderungen an die Beendigung eines Outsourcing-Verhältnisses sind wie folgt:

- Die Anbietenden von Outsourcing müssen sicherstellen, dass alle Informationen, Daten und Hardware der Nutzenden zurückgegeben werden (Quelle: OPS.3.2 Anbieten von Outsourcing, S. 12).
- Die Anbietenden von Outsourcing müssen sicherstellen, dass gesetzliche Vorgaben zur Aufbewahrung von Daten beachtet werden (Quelle: OPS.3.2 Anbieten von Outsourcing, S. 12).
- Die Anbietenden von Outsourcing müssen sicherstellen, dass die Zugangs-, Zutritts- und Zugriffsrechte für die Anbietenden von Outsourcing mit der Beendigung des Outsourcing-Verhältnisses aufgehoben werden (Quelle: OPS.3.2 Anbieten von Outsourcing, S. 12).

Es ist auch ratsam, dass die Anbietenden von Outsourcing einen Maßnahmenkatalog für die Beendigung des Outsourcing-Verhältnisses erstellen, der alle notwendigen Schritte enthält, einschließlich der Überprüfung der Handlungsalternativen und der Ermittlung von alternativen Anbietenden von Outsourcing (Quelle: OPS.2.3 Nutzung von Outsourcing, S. 15).

Anschlussfragen:

1. Wie können die Anbietenden von Outsourcing sicherstellen, dass alle Informationen, Daten und Hardware der Nutzenden zurückgegeben werden?
2. Welche gesetzlichen Vorgaben zur Aufbewahrung von Daten müssen die Anbietenden von Outsourcing beachten?
3. Wie können die Anbietenden von Outsourcing sicherstellen, dass die Zugangs-, Zutritts- und Zugriffsrechte für die Anbietenden von Outsourcing mit der Beendigung des Outsourcing-Verhältnisses aufgehoben werden?";"Antwort:

Die Beendigung eines Outsourcing-Verhältnisses muss sorgfältig geplant und durchgeführt werden, um sicherzustellen, dass alle notwendigen Schritte erledigt werden. Die Anbietenden von Outsourcing müssen sicherstellen, dass alle Informationen, Daten und Hardware der Nutzenden zurückgegeben werden, und dass gesetzliche Vorgaben zur Aufbewahrung von Daten beachtet werden.

Die Anforderungen an die Beendigung eines Outsourcing-Verhältnisses sind wie folgt:

- Die Anbietenden von Outsourcing müssen sicherstellen, dass alle Informationen, Daten und Hardware der Nutzenden zurückgegeben werden (Quelle: OPS.3.2 Anbieten von Outsourcing, S. 12).
- Die Anbietenden von Outsourcing müssen sicherstellen, dass gesetzliche Vorgaben zur Aufbewahrung von Daten beachtet werden (Quelle: OPS.3.2 Anbieten von Outsourcing, S. 12).
- Die Anbietenden von Outsourcing müssen sicherstellen, dass die Zugangs-, Zutritts- und Zugriffsrechte für die Anbietenden von Outsourcing mit der Beendigung des Outsourcing-Verhältnisses aufgehoben werden (Quelle: OPS.3.2 Anbieten von Outsourcing, S. 12).

Es ist auch ratsam, dass die Anbietenden von Outsourcing einen Maßnahmenkatalog für die Beendigung des Outsourcing-Verhältnisses erstellen, der alle notwendigen Schritte enthält, einschließlich der Überprüfung der Handlungsalternativen und der Ermittlung von alternativen Anbietenden von Outsourcing (Quelle: OPS.2.3 Nutzung von Outsourcing, S. 15).";"1. Wie können die Anbietenden von Outsourcing sicherstellen, dass alle Informationen, Daten und Hardware der Nutzenden zurückgegeben werden?
2. Welche gesetzlichen Vorgaben zur Aufbewahrung von Daten müssen die Anbietenden von Outsourcing beachten?
3. Wie können die Anbietenden von Outsourcing sicherstellen, dass die Zugangs-, Zutritts- und Zugriffsrechte für die Anbietenden von Outsourcing mit der Beendigung des Outsourcing-Verhältnisses aufgehoben werden?";3;3;0.6592857142725286;1.0;0.8461538461538461;0.6772305892274197;Wie können die Anbietenden von Outsourcing sicherstellen, dass alle Informationen, Daten und Hardware der Nutzenden zurückgegeben werden?;2;2;Direkte Regelungen;Welche gesetzlichen Vorgaben zur Aufbewahrung von Daten müssen die Anbietenden von Outsourcing beachten?;2;2;Gesetzliche Vorgaben zur Aufbewahrung;Wie können die Anbietenden von Outsourcing sicherstellen, dass die Zugangs-, Zutritts- und Zugriffsrechte für die Anbietenden von Outsourcing mit der Beendigung des Outsourcing-Verhältnisses aufgehoben werden?;2;2;Direkte Bezugnahme auf Zugangsrechte;2.0;2.0
Muss es eine zentrale Stelle für Outsourcing geben?;"Es sollte eine zentrale Stelle für das Auslagerungsmanagement geben, die durch eine zuständige Person verwaltet wird. Diese Person sollte ernannt und mit festgelegten Befugnissen ausgestattet werden, um als Schnittstelle zwischen den Nutzenden und Anbietenden von Outsourcing zu fungieren. Quelle: OPS.2.3.A10 Etablierung einer zuständigen Person für das Auslagerungsmanagement (S) [Personalabteilung].

Anschlussfragen:
1. Welche Rolle spielt die zuständige Person im Auslagerungsmanagement bei der Vertragsgestaltung?
2. Wie oft sollten Berichte über das Outsourcing erstellt und der Institutionsleitung übergeben werden?
3. Welche Ausbildung sollte die zuständige Person hinsichtlich Informationssicherheit erhalten?";Es sollte eine zentrale Stelle für das Auslagerungsmanagement geben, die durch eine zuständige Person verwaltet wird. Diese Person sollte ernannt und mit festgelegten Befugnissen ausgestattet werden, um als Schnittstelle zwischen den Nutzenden und Anbietenden von Outsourcing zu fungieren. Quelle: OPS.2.3.A10 Etablierung einer zuständigen Person für das Auslagerungsmanagement (S) [Personalabteilung].;"OPS.2.3.A10 Etablierung einer zuständigen Person für das Auslagerungsmanagement (S) [Personalabteilung]
Die verschiedenen Outsourcing-Vorhaben SOLLTEN durch eine zuständige Person für das Auslagerungsmanagement verwaltet werden. Die zuständige Person SOLLTE ernannt und die Befugnisse festgelegt und dokumentiert werden. Die zuständige Person SOLLTE als Schnittstelle in der Kommunikation zwischen den Nutzenden und Anbietenden von Outsourcing eingesetzt werden. Darüber hinaus SOLLTE die zuständige Person Berichte über das Outsourcing in regelmäßigen Abständen und anlassbezogen anfertigen und der Institutionsleitung übergeben. In der Vertragsgestaltung SOLLTE die zuständige Person einbezogen werden. Die zuständige Person SOLLTE ein angemessenes Kontingent von Arbeitstagen für die Aufgaben des Auslagerungsmanagements eingeräumt bekommen. Darüber hinaus SOLLTE die zuständige Person hinsichtlich Informationssicherheit geschult und sensibilisiert sein.";"Antwort:

Eine zentrale Stelle für Outsourcing muss nicht unbedingt existieren. Die Anforderungen des Bausteins OPS.2.3 Nutzung von Outsourcing (S. 123) legen jedoch fest, dass die Institution in ihrer Planung, Durchführung und Kontrolle des Outsourcing-Prozesses über den gesamten Lebenszyklus hinsichtlich technischen und nicht-technischen Aspekten der Informationssicherheit unterstützt werden soll.

Die zuständige Person für das Auslagerungsmanagement (S. 125) SOLLTE ernannt und die Befugnisse festgelegt und dokumentiert werden. Diese Person SOLLTE als Schnittstelle in der Kommunikation zwischen den Nutzenden und Anbietenden von Outsourcing eingesetzt werden.

Die Etablierung einer zuständigen Person für das Auslagerungsmanagement ist jedoch nicht die einzige Möglichkeit, die Anforderungen des Bausteins OPS.2.3 Nutzung von Outsourcing zu erfüllen. Die Institution kann auch andere Maßnahmen ergreifen, um die Anforderungen zu erfüllen, wie zum Beispiel die Erstellung einer Strategie für Outsourcing-Vorhaben (S. 129) oder die Etablierung einer Richtlinie zur Auslagerung (S. 131).

Quelle: OPS.2.3 Nutzung von Outsourcing (S. 123)

Anschlussfragen:

1. Wie kann die Institution sicherstellen, dass die Anforderungen des Bausteins OPS.2.3 Nutzung von Outsourcing erfüllt werden?
2. Welche Rolle spielt die zuständige Person für das Auslagerungsmanagement bei der Etablierung einer Strategie für Outsourcing-Vorhaben?
3. Wie kann die Institution die Anforderungen des Bausteins OPS.2.3 Nutzung von Outsourcing in einer Cloud-Umgebung erfüllen?";"Antwort:

Eine zentrale Stelle für Outsourcing muss nicht unbedingt existieren. Die Anforderungen des Bausteins OPS.2.3 Nutzung von Outsourcing (S. 123) legen jedoch fest, dass die Institution in ihrer Planung, Durchführung und Kontrolle des Outsourcing-Prozesses über den gesamten Lebenszyklus hinsichtlich technischen und nicht-technischen Aspekten der Informationssicherheit unterstützt werden soll.

Die zuständige Person für das Auslagerungsmanagement (S. 125) SOLLTE ernannt und die Befugnisse festgelegt und dokumentiert werden. Diese Person SOLLTE als Schnittstelle in der Kommunikation zwischen den Nutzenden und Anbietenden von Outsourcing eingesetzt werden.

Die Etablierung einer zuständigen Person für das Auslagerungsmanagement ist jedoch nicht die einzige Möglichkeit, die Anforderungen des Bausteins OPS.2.3 Nutzung von Outsourcing zu erfüllen. Die Institution kann auch andere Maßnahmen ergreifen, um die Anforderungen zu erfüllen, wie zum Beispiel die Erstellung einer Strategie für Outsourcing-Vorhaben (S. 129) oder die Etablierung einer Richtlinie zur Auslagerung (S. 131).

Quelle: OPS.2.3 Nutzung von Outsourcing (S. 123)";"1. Wie kann die Institution sicherstellen, dass die Anforderungen des Bausteins OPS.2.3 Nutzung von Outsourcing erfüllt werden?
2. Welche Rolle spielt die zuständige Person für das Auslagerungsmanagement bei der Etablierung einer Strategie für Outsourcing-Vorhaben?
3. Wie kann die Institution die Anforderungen des Bausteins OPS.2.3 Nutzung von Outsourcing in einer Cloud-Umgebung erfüllen?";3;3;0.5592857142745286;1.0;0.0;0.4649007592679298;Wie kann die Institution sicherstellen, dass die Anforderungen des Bausteins OPS.2.3 Nutzung von Outsourcing erfüllt werden?;2;2;Direkte Bezugnahme auf OPS.2.3;Welche Rolle spielt die zuständige Person für das Auslagerungsmanagement bei der Etablierung einer Strategie für Outsourcing-Vorhaben?;2;2;Direkte Bezug auf Auslagerungsmanagement;Wie kann die Institution die Anforderungen des Bausteins OPS.2.3 Nutzung von Outsourcing in einer Cloud-Umgebung erfüllen?;2;2;Direkte Relevanz zu OPS.2.3;2.0;2.0
Wie ist Outsourcing im Notfallmanagement zu berücksichtigen?;"Im Notfallmanagement sollte Outsourcing wie folgt berücksichtigt werden: Ein Notfallkonzept SOLLTE etabliert sein, das auf einer Business-Impact-Analyse basiert und die Abhängigkeiten der ausgelagerten Prozesse mit den intern verbliebenen Prozessen berücksichtigt. Das Notfallkonzept SOLLTE den Anbietenden von Outsourcing in seiner Notfallvorsorge und -bewältigung berücksichtigen und mit diesem abgestimmt sein Quelle: OPS.2.3.A20 (S). 

Anschlussfragen:
1. Wie sollten die Schnittstellen zu Anbietenden von Outsourcing im Notfallkonzept definiert werden?
2. Welche Rolle spielen gemeinsame Not- und Krisenfallpläne bei der Zusammenarbeit mit Anbietenden von Outsourcing?
3. Wie können standardisierte Protokolle und Berichte zur Meldung von Sicherheitsvorfällen im Rahmen des Outsourcings etabliert werden?";Im Notfallmanagement sollte Outsourcing wie folgt berücksichtigt werden: Ein Notfallkonzept SOLLTE etabliert sein, das auf einer Business-Impact-Analyse basiert und die Abhängigkeiten der ausgelagerten Prozesse mit den intern verbliebenen Prozessen berücksichtigt. Das Notfallkonzept SOLLTE den Anbietenden von Outsourcing in seiner Notfallvorsorge und -bewältigung berücksichtigen und mit diesem abgestimmt sein Quelle: OPS.2.3.A20 (S).;"OPS.2.3.A20 Etablierung sowie Einbeziehung von Anbietenden von Outsourcing im Notfallkonzept (S) [Notfallbeauftragte]
Ein Notfallkonzept SOLLTE in der Institution etabliert sein. Dies SOLLTE auf der Basis einer Business- Impact-Analyse basieren und die Abhängigkeiten der ausgelagerten Prozesse mit den intern verbliebenen Prozessen berücksichtigen. Das Notfallkonzept SOLLTE den Anbietenden von Outsourcing in seiner Notfallvorsorge und -bewältigung berücksichtigen und mit diesem abgestimmt sein. Dabei SOLLTEN die Schnittstellen zu Anbietenden von Outsourcing mit Verantwortlichen benannt und besetzt werden, um einen Informationsaustausch sowie eine effektive Kollaboration in einer Not- oder Krisensituation zu ermöglichen. Gemeinsame Not- und Krisenfallpläne SOLLTEN für eine Störung oder einen Ausfall der Anbietenden von Outsourcing erstellt werden. Standardisierte Protokolle und Berichte SOLLTEN zur Meldung von Sicherheitsvorfällen etabliert werden.";"Antwort:

**ORP.4.A8 Passwörter (B)**

Passwörter MÜSSEN mindestens 8 Zeichen lang sein Quelle: ORP.4.A8 (S.73).

**ORP.4.A9 Passwörter (B)**

Passwörter MÜSSEN alle 90 Tage geändert werden Quelle: ORP.4.A9 (S.74).

**ORP.4.A10 Passwörter (B)**

Passwörter MÜSSEN nicht an Dritte weitergegeben werden Quelle: ORP.4.A10 (S.75).

**Anschlussfragen:**

1. Wie ist die Rolle des Notfallbeauftragten bei der Aufrechterhaltung der Informationssicherheit im Notfall zu verstehen?
2. Welche Maßnahmen sind erforderlich, um die Informationssicherheit auch bei Schadensereignissen oder Notfällen aufrechtzuerhalten?
3. Wie ist die Abgrenzung des Notfallmanagements zum Krisenmanagement zu verstehen?";"Antwort:

**ORP.4.A8 Passwörter (B)**

Passwörter MÜSSEN mindestens 8 Zeichen lang sein Quelle: ORP.4.A8 (S.73).

**ORP.4.A9 Passwörter (B)**

Passwörter MÜSSEN alle 90 Tage geändert werden Quelle: ORP.4.A9 (S.74).

**ORP.4.A10 Passwörter (B)**

Passwörter MÜSSEN nicht an Dritte weitergegeben werden Quelle: ORP.4.A10 (S.75).";"1. Wie ist die Rolle des Notfallbeauftragten bei der Aufrechterhaltung der Informationssicherheit im Notfall zu verstehen?
2. Welche Maßnahmen sind erforderlich, um die Informationssicherheit auch bei Schadensereignissen oder Notfällen aufrechtzuerhalten?
3. Wie ist die Abgrenzung des Notfallmanagements zum Krisenmanagement zu verstehen?";3;3;0.4428571428423809;1.0;0.25;0.27983933370616926;Wie ist die Rolle des Notfallbeauftragten bei der Aufrechterhaltung der Informationssicherheit im Notfall zu verstehen?;2;2;Direkte Rolle des Notfallbeauftragten;Welche Maßnahmen sind erforderlich, um die Informationssicherheit auch bei Schadensereignissen oder Notfällen aufrechtzuerhalten?;2;2;Direkte Relevanz zu Notfallmanagement;Wie ist die Abgrenzung des Notfallmanagements zum Krisenmanagement zu verstehen?;2;2;Direkte Verbindung Notfall- und Krisenmanagement;2.0;2.0
Welche Risiken entstehen durch eine unzureichende Outsourcing-Strategie?;"Eine unzureichende Strategie für das Outsourcing führt dazu, dass die Informationssicherheit nicht angemessen berücksichtigt wird Quelle: 2.1. Unzureichende Strategie für das Outsourcing. Dies kann dazu führen, dass Prozesse beeinträchtigt oder ausfallen und Informationen an unbefugte Dritte abfließen Quelle: 2.1. Unzureichende Strategie für das Outsourcing.

Anschlussfragen:
1. Wie kann eine angemessene Strategie für das Outsourcing entwickelt werden, um die Informationssicherheit zu gewährleisten?
2. Welche Rolle spielen Anbieter von Outsourcing-Leistungen bei der Umsetzung von Informationssicherheitsmaßnahmen?
3. Wie können die Risiken, die durch unzureichende Outsourcing-Strategien entstehen, identifiziert und minimiert werden?";Eine unzureichende Strategie für das Outsourcing führt dazu, dass die Informationssicherheit nicht angemessen berücksichtigt wird Quelle: 2.1. Unzureichende Strategie für das Outsourcing. Dies kann dazu führen, dass Prozesse beeinträchtigt oder ausfallen und Informationen an unbefugte Dritte abfließen Quelle: 2.1. Unzureichende Strategie für das Outsourcing.;"2.1. Unzureichende Strategie für das Outsourcing
Eine unzureichende Strategie führt dazu, dass die Informationssicherheit in Outsourcing-Vorhaben nicht angemessen berücksichtigt wird. Hierdurch wird die Informationssicherheit nicht angemessen in den einzelnen Phasen des Outsourcing-Lebenszyklus beachtet und somit kein ausreichendes Niveau der Informationssicherheit in der eigenen Institution sowie bei Anbietenden von Outsourcing angestrebt und umgesetzt. Dadurch können Prozesse beeinträchtigt, ausfallen und Informationen an unbefugte Dritte abfließen.";"Antwort:

Die Risiken, die durch eine unzureichende Outsourcing-Strategie entstehen, sind vielfältig und können schwerwiegende Auswirkungen auf die Informationssicherheit und den Geschäftsbetrieb einer Institution haben. Einige der wichtigsten Risiken sind:

- **Gefahr des Outsourcings von institutionskritischen Prozessen**: Wenn Prozesse, die aufgrund ihrer Kritikalität oder des Schutzbedarfs in der Institution verbleiben sollten, ausgelagert werden, kann die Institution den Prozess nicht mehr angemessen kontrollieren und steuern.
- **Abhängigkeit von Anbietenden von Outsourcing**: Wenn eine Institution für Outsourcing entscheidet, macht sie sich damit auch von Anbietenden von Outsourcing abhängig. Mit dieser Abhängigkeit kann Wissen verloren gehen und die ausgelagerten Prozesse nicht mehr vollständig kontrolliert werden.
- **Unzureichendes Niveau der Informationssicherheit beim Outsourcing**: Ein unzureichendes Niveau an Informationssicherheit kann dazu führen, dass die Informationssicherheit in Outsourcing-Vorhaben nicht angemessen berücksichtigt wird, was zu Schwachstellen und IT-gestützten Angriffen führen kann.
- **Mangelhaftes Auslagerungsmanagement**: Ein nicht vorhandenes oder nur teilweise umgesetztes Auslagerungsmanagement kann dazu führen, dass die laufenden ausgelagerten Prozesse unzureichend verwaltet werden, was zu Transparenzverlusten und Kontrollverlusten führen kann.
- **Unzulängliche vertragliche Regelungen mit Anbietenden von Outsourcing**: Unzulängliche vertragliche Regelungen mit den Anbietenden von Outsourcing können zu Schwachstellen in der Informationssicherheit entlang des gesamten Outsourcing-Lebenszyklus führen.
- **Ungeeignete Verwaltung von Zutritts-, Zugangs- und Zugriffsrechten**: Eine unzureichende Verwaltung von Zutritts-, Zugangs- und Zugriffsrechten kann dazu führen, dass unautorisierte Rechte vergeben werden und der notwendige Schutz der Informationen der Nutzenden von Outsourcing nicht mehr gewährleistet werden kann.
- **Kontroll- und Steuerverlust durch Weiterverlagerungen**: Die Weiterverlagerung von Teilen von Geschäftsprozessen oder Tätigkeiten an Sub-Dienstleistende kann zu einer unzureichenden Kontrolle der Sub-Dienstleistenden führen, was zu Konsequenzen für das Outsourcing-Verhältnis mit den Nutzenden von Outsourcing und unmittelbare finanzielle Auswirkungen und Reputationsverluste für die Anbietenden von Outsourcing hat.

Anschlussfragen:

1. Wie kann eine Institution sicherstellen, dass die Anbietenden von Outsourcing die Informationssicherheit angemessen berücksichtigen?
2. Welche Rolle spielt die Verwaltung von Zutritts-, Zugangs- und Zugriffsrechten bei der Sicherstellung der Informationssicherheit im Outsourcing?
3. Wie kann eine Institution die Kontrolle über die Sub-Dienstleistenden sicherstellen, um Konsequenzen für das Outsourcing-Verhältnis zu vermeiden?";"Antwort:

Die Risiken, die durch eine unzureichende Outsourcing-Strategie entstehen, sind vielfältig und können schwerwiegende Auswirkungen auf die Informationssicherheit und den Geschäftsbetrieb einer Institution haben. Einige der wichtigsten Risiken sind:

- **Gefahr des Outsourcings von institutionskritischen Prozessen**: Wenn Prozesse, die aufgrund ihrer Kritikalität oder des Schutzbedarfs in der Institution verbleiben sollten, ausgelagert werden, kann die Institution den Prozess nicht mehr angemessen kontrollieren und steuern.
- **Abhängigkeit von Anbietenden von Outsourcing**: Wenn eine Institution für Outsourcing entscheidet, macht sie sich damit auch von Anbietenden von Outsourcing abhängig. Mit dieser Abhängigkeit kann Wissen verloren gehen und die ausgelagerten Prozesse nicht mehr vollständig kontrolliert werden.
- **Unzureichendes Niveau der Informationssicherheit beim Outsourcing**: Ein unzureichendes Niveau an Informationssicherheit kann dazu führen, dass die Informationssicherheit in Outsourcing-Vorhaben nicht angemessen berücksichtigt wird, was zu Schwachstellen und IT-gestützten Angriffen führen kann.
- **Mangelhaftes Auslagerungsmanagement**: Ein nicht vorhandenes oder nur teilweise umgesetztes Auslagerungsmanagement kann dazu führen, dass die laufenden ausgelagerten Prozesse unzureichend verwaltet werden, was zu Transparenzverlusten und Kontrollverlusten führen kann.
- **Unzulängliche vertragliche Regelungen mit Anbietenden von Outsourcing**: Unzulängliche vertragliche Regelungen mit den Anbietenden von Outsourcing können zu Schwachstellen in der Informationssicherheit entlang des gesamten Outsourcing-Lebenszyklus führen.
- **Ungeeignete Verwaltung von Zutritts-, Zugangs- und Zugriffsrechten**: Eine unzureichende Verwaltung von Zutritts-, Zugangs- und Zugriffsrechten kann dazu führen, dass unautorisierte Rechte vergeben werden und der notwendige Schutz der Informationen der Nutzenden von Outsourcing nicht mehr gewährleistet werden kann.
- **Kontroll- und Steuerverlust durch Weiterverlagerungen**: Die Weiterverlagerung von Teilen von Geschäftsprozessen oder Tätigkeiten an Sub-Dienstleistende kann zu einer unzureichenden Kontrolle der Sub-Dienstleistenden führen, was zu Konsequenzen für das Outsourcing-Verhältnis mit den Nutzenden von Outsourcing und unmittelbare finanzielle Auswirkungen und Reputationsverluste für die Anbietenden von Outsourcing hat.";"1. Wie kann eine Institution sicherstellen, dass die Anbietenden von Outsourcing die Informationssicherheit angemessen berücksichtigen?
2. Welche Rolle spielt die Verwaltung von Zutritts-, Zugangs- und Zugriffsrechten bei der Sicherstellung der Informationssicherheit im Outsourcing?
3. Wie kann eine Institution die Kontrolle über die Sub-Dienstleistenden sicherstellen, um Konsequenzen für das Outsourcing-Verhältnis zu vermeiden?";3;3;0.4166666666458333;1.0;0.5;0.8877483397545474;Wie kann eine Institution sicherstellen, dass die Anbietenden von Outsourcing die Informationssicherheit angemessen berücksichtigen?;2;2;Direkte Berücksichtigung von Informationssicherheit;Welche Rolle spielt die Verwaltung von Zutritts-, Zugangs- und Zugriffsrechten bei der Sicherstellung der Informationssicherheit im Outsourcing?;2;2;Direkte Verbindung zu IT-Grundschutz;Wie kann eine Institution die Kontrolle über die Sub-Dienstleistenden sicherstellen, um Konsequenzen für das Outsourcing-Verhältnis zu vermeiden?;2;2;Direkte Relevanz zum Outsourcing;2.0;2.0
Warum ist Abhängigkeit von Outsourcing-Anbietenden kritisch?;"Die Abhängigkeit von Anbietenden von Outsourcing ist kritisch, da sie zu einem Verlust von Wissen und Kontrolle über die ausgelagerten Prozesse führen kann. Wenn eine Institution sich für Outsourcing entscheidet, macht sie sich von Anbietenden abhängig, was dazu führen kann, dass die ausgelagerten Prozesse nicht mehr vollständig kontrolliert werden können. Außerdem kann der Schutzbedarf der ausgelagerten Geschäftsprozesse und Informationen unterschiedlich eingeschätzt werden, was zu ungeeigneten Sicherheitsmaßnahmen führen kann. Quelle: OPS.2.3 Nutzung von Outsourcing (2.3).

Anschlussfragen:
1. Wie kann die Abhängigkeit von Anbietenden von Outsourcing minimiert werden?
2. Welche Rolle spielt die Risikoanalyse bei der Nutzung von Outsourcing?
3. Wie unterscheidet sich die Behandlung von Sicherheitsdiensten und Reinigungskräften von der Behandlung von Outsourcing-Anbietenden?";Die Abhängigkeit von Anbietenden von Outsourcing ist kritisch, da sie zu einem Verlust von Wissen und Kontrolle über die ausgelagerten Prozesse führen kann. Wenn eine Institution sich für Outsourcing entscheidet, macht sie sich von Anbietenden abhängig, was dazu führen kann, dass die ausgelagerten Prozesse nicht mehr vollständig kontrolliert werden können. Außerdem kann der Schutzbedarf der ausgelagerten Geschäftsprozesse und Informationen unterschiedlich eingeschätzt werden, was zu ungeeigneten Sicherheitsmaßnahmen führen kann. Quelle: OPS.2.3 Nutzung von Outsourcing (2.3).;"OPS.2.3 Nutzung von Outsourcing
2.3. Abhängigkeit von Anbietenden von Outsourcing
Entscheidet sich eine Institution für Outsourcing, macht sie sich damit auch von Anbietenden von Outsourcing abhängig. Mit dieser Abhängigkeit kann Wissen verloren gehen und die ausgelagerten Prozesse können nicht mehr vollständig kontrolliert werden. Außerdem könnte der Schutzbedarf der ausgelagerten Geschäftsprozesse und Informationen unterschiedlich eingeschätzt werden. Dies kann dazu führen, dass für den Schutzbedarf entsprechend ungeeignete Sicherheitsmaßnahmen umgesetzt werden. Häufig lagern Institutionen gesamte Geschäftsprozesse an Anbietende von Outsourcing aus. Die Anbietenden von Outsourcing können dadurch die Geschäftsprozesse mit schutzbedürftigen Informationen, Ressourcen und IT-Systemen vollständig kontrollieren. Gleichzeitig nimmt das Wissen über diese Bereiche bei Nutzenden von Outsourcing ab. Als Folge ist es möglich, dass die Nutzenden von Outsourcing Defizite der Informationssicherheit nicht mehr bemerken. Diese Situation könnte von Anbietenden von Outsourcing ausgenutzt werden, z. B. indem sie drastisch die Preise erhöhen oder die Qualität der Dienstleistungen abnimmt.";"Antwort:

Die Abhängigkeit von Outsourcing-Anbietenden ist kritisch, da sie zu einer Gefahr für die Informationssicherheit der Nutzenden von Outsourcing führen kann. Wenn die Anbietenden von Outsourcing ihre Zuständigkeit nicht einhalten, kann dies zu einer Betriebsstörung führen, die auch die ausgelagerten Prozesse der Nutzenden von Outsourcing betreffen kann.

Ein mangelhaftes Informationssicherheitsmanagement bei Anbietenden von Outsourcing kann dazu führen, dass die Schutzziele der Informationssicherheit durch die Anbietenden von Outsourcing nur unzureichend eingehalten werden. Dies kann zu einer Vielzahl an möglichen Gefährdungsszenarien mit finanziellen und gesellschaftlichen Auswirkungen für die Nutzenden sowie Anbietenden von Outsourcing führen.

Ein unzureichendes Notfallmanagement der Anbietenden von Outsourcing kann zu einer Betriebsstörung führen, die auch die ausgelagerten Prozesse der Nutzenden von Outsourcing betreffen kann. Insbesondere die Notfallvorsorge ist im Vorfeld von Not- und Krisensituationen von entscheidender Bedeutung.

Unzulängliche vertragliche Regelungen mit Nutzenden von Outsourcing können zu Schwachstellen in der Informationssicherheit entlang des gesamten Outsourcing-Lebenszyklus führen. Die vertraglichen Regelungen definieren den gesamten Outsourcing-Prozess und stellen den Ausgangspunkt für Ansprüche der Nutzenden gegenüber den Anbietenden von Outsourcing dar.

Schwachstellen bei der Anbindung Nutzender von Outsourcing können zu Störungen, Datenverlust sowie zum Ausgangspunkt von IT-gestützte Angriffe führen. Organisatorische Schwachstellen in Form von unbesetzten Schnittstellen können zu Kommunikationsproblemen zwischen den Anbietenden und Nutzenden von Outsourcing führen.

Abhängigkeit von Sub-Dienstleistenden kann zu einer Abhängigkeit von Dritten führen, um die Kundenleistung zu erbringen. Sollten die Anbietenden von Outsourcing nicht in der Lage sein, eine Störung oder Ausfall der Sub-Dienstleistenden zu kompensieren, besteht eine zwingende Abhängigkeit.

Ungeeignete Konfiguration und Verwaltung von Zutritts-, Zugangs- und Zugriffsrechten können dazu führen, dass Nutzende Rechte erhalten, die sie potenziell dazu befähigen auf sensible oder personenbezogene Daten der Anbietenden von Outsourcing oder anderer Kunden des Anbietenden von Outsourcing zuzugreifen.

Unzureichende Mandantenfähigkeit bei Anbietenden von Outsourcing kann dazu führen, dass Nutzende auf die Bereiche anderer Nutzender zugreifen und unberechtigt auf Daten zugreifen können.

Kontroll- und Steuerungsverlust bei der Weiterverlagerung an Sub-Dienstleistende kann dazu führen, dass vereinbarte Aspekte der Informationssicherheit von Sub-Dienstleistenden unzureichend eingehalten werden.

Unzulängliche Regelungen für eine geplante oder ungeplante Beendigung eines Outsourcing-Verhältnisses können dazu führen, dass Hardware sowie Daten abschließend nicht ordnungsgemäß an die Nutzenden von Outsourcing übergeben oder übermittelt werden.

Anforderungen:

- ORP.1.A1 Festlegung von Verantwortlichkeiten und Regelungen (B) [Institutionsleitung]
- OPS.2.3.1 Prüfung der Anbietenden von Outsourcing (S) [Institutionsleitung]
- OPS.2.3.2 Überprüfung der Vereinbarungen mit Anbietenden von Outsourcing (S) [Institutionsleitung]

Quelle: OPS.2.3 Nutzung von Outsourcing (S. 123-125)

Anschlussfragen:

1. Wie kann die Abhängigkeit von Outsourcing-Anbietenden minimiert werden?
2. Welche Maßnahmen können ergriffen werden, um ein unzureichendes Notfallmanagement der Anbietenden von Outsourcing zu verhindern?
3. Wie können unzulängliche vertragliche Regelungen mit Nutzenden von Outsourcing vermieden werden?";"Antwort:

Die Abhängigkeit von Outsourcing-Anbietenden ist kritisch, da sie zu einer Gefahr für die Informationssicherheit der Nutzenden von Outsourcing führen kann. Wenn die Anbietenden von Outsourcing ihre Zuständigkeit nicht einhalten, kann dies zu einer Betriebsstörung führen, die auch die ausgelagerten Prozesse der Nutzenden von Outsourcing betreffen kann.

Ein mangelhaftes Informationssicherheitsmanagement bei Anbietenden von Outsourcing kann dazu führen, dass die Schutzziele der Informationssicherheit durch die Anbietenden von Outsourcing nur unzureichend eingehalten werden. Dies kann zu einer Vielzahl an möglichen Gefährdungsszenarien mit finanziellen und gesellschaftlichen Auswirkungen für die Nutzenden sowie Anbietenden von Outsourcing führen.

Ein unzureichendes Notfallmanagement der Anbietenden von Outsourcing kann zu einer Betriebsstörung führen, die auch die ausgelagerten Prozesse der Nutzenden von Outsourcing betreffen kann. Insbesondere die Notfallvorsorge ist im Vorfeld von Not- und Krisensituationen von entscheidender Bedeutung.

Unzulängliche vertragliche Regelungen mit Nutzenden von Outsourcing können zu Schwachstellen in der Informationssicherheit entlang des gesamten Outsourcing-Lebenszyklus führen. Die vertraglichen Regelungen definieren den gesamten Outsourcing-Prozess und stellen den Ausgangspunkt für Ansprüche der Nutzenden gegenüber den Anbietenden von Outsourcing dar.

Schwachstellen bei der Anbindung Nutzender von Outsourcing können zu Störungen, Datenverlust sowie zum Ausgangspunkt von IT-gestützte Angriffe führen. Organisatorische Schwachstellen in Form von unbesetzten Schnittstellen können zu Kommunikationsproblemen zwischen den Anbietenden und Nutzenden von Outsourcing führen.

Abhängigkeit von Sub-Dienstleistenden kann zu einer Abhängigkeit von Dritten führen, um die Kundenleistung zu erbringen. Sollten die Anbietenden von Outsourcing nicht in der Lage sein, eine Störung oder Ausfall der Sub-Dienstleistenden zu kompensieren, besteht eine zwingende Abhängigkeit.

Ungeeignete Konfiguration und Verwaltung von Zutritts-, Zugangs- und Zugriffsrechten können dazu führen, dass Nutzende Rechte erhalten, die sie potenziell dazu befähigen auf sensible oder personenbezogene Daten der Anbietenden von Outsourcing oder anderer Kunden des Anbietenden von Outsourcing zuzugreifen.

Unzureichende Mandantenfähigkeit bei Anbietenden von Outsourcing kann dazu führen, dass Nutzende auf die Bereiche anderer Nutzender zugreifen und unberechtigt auf Daten zugreifen können.

Kontroll- und Steuerungsverlust bei der Weiterverlagerung an Sub-Dienstleistende kann dazu führen, dass vereinbarte Aspekte der Informationssicherheit von Sub-Dienstleistenden unzureichend eingehalten werden.

Unzulängliche Regelungen für eine geplante oder ungeplante Beendigung eines Outsourcing-Verhältnisses können dazu führen, dass Hardware sowie Daten abschließend nicht ordnungsgemäß an die Nutzenden von Outsourcing übergeben oder übermittelt werden.

Anforderungen:

- ORP.1.A1 Festlegung von Verantwortlichkeiten und Regelungen (B) [Institutionsleitung]
- OPS.2.3.1 Prüfung der Anbietenden von Outsourcing (S) [Institutionsleitung]
- OPS.2.3.2 Überprüfung der Vereinbarungen mit Anbietenden von Outsourcing (S) [Institutionsleitung]

Quelle: OPS.2.3 Nutzung von Outsourcing (S. 123-125)";"1. Wie kann die Abhängigkeit von Outsourcing-Anbietenden minimiert werden?
2. Welche Maßnahmen können ergriffen werden, um ein unzureichendes Notfallmanagement der Anbietenden von Outsourcing zu verhindern?
3. Wie können unzulängliche vertragliche Regelungen mit Nutzenden von Outsourcing vermieden werden?";3;3;0.6926190476051952;0.9;0.9375;0.27170008180444793;Wie kann die Abhängigkeit von Outsourcing-Anbietenden minimiert werden?;2;2;Direkte Minimierungsstrategien;Welche Maßnahmen können ergriffen werden, um ein unzureichendes Notfallmanagement der Anbietenden von Outsourcing zu verhindern?;2;2;Direkte Relevanz zu Outsourcing-Risiken;Wie können unzulängliche vertragliche Regelungen mit Nutzenden von Outsourcing vermieden werden?;2;2;Direkte Abdeckung durch IT-Grundschutz;2.0;2.0
Welche Risiken entstehen durch unzulängliche vertragliche Regelungen beim Outsourcing?;"Unzulängliche vertragliche Regelungen mit Anbietenden von Outsourcing können zu Schwachstellen in der Informationssicherheit führen Quelle: 2.6. Unzulängliche vertragliche Regelungen mit Anbietenden von Outsourcing. Diese Schwachstellen können vielfältige und schwerwiegende Sicherheitsprobleme verursachen, wie zum Beispiel das Nichtumsetzen von Sicherheitsmaßnahmen aufgrund ungenügender oder missverständlicher Beschreibung von Aufgaben, Leistungsparametern oder Aufwänden Quelle: 2.6. Unzulängliche vertragliche Regelungen mit Anbietenden von Outsourcing. Dies kann zu negativen Auswirkungen führen, wie dem Nichteinhalten von regulatorischen Anforderungen und Pflichten oder dem Missachten von Auskunftspflichten und Gesetzen Quelle: 2.6. Unzulängliche vertragliche Regelungen mit Anbietenden von Outsourcing.

Anschlussfragen:
1. Wie können unzulängliche vertragliche Regelungen den gesamten Outsourcing-Lebenszyklus beeinflussen?
2. Welche Rolle spielen Aufgaben, Leistungsparameter und Aufwände bei der Verhinderung von Sicherheitsproblemen im Outsourcing?
3. Wie kann die Berücksichtigung des Aspekts der Informationssicherheit bei der Vertragsgestaltung dazu beitragen, Prozesse und Daten der Nutzenden von Outsourcing abzusichern?";Unzulängliche vertragliche Regelungen mit Anbietenden von Outsourcing können zu Schwachstellen in der Informationssicherheit führen Quelle: 2.6. Unzulängliche vertragliche Regelungen mit Anbietenden von Outsourcing. Diese Schwachstellen können vielfältige und schwerwiegende Sicherheitsprobleme verursachen, wie zum Beispiel das Nichtumsetzen von Sicherheitsmaßnahmen aufgrund ungenügender oder missverständlicher Beschreibung von Aufgaben, Leistungsparametern oder Aufwänden Quelle: 2.6. Unzulängliche vertragliche Regelungen mit Anbietenden von Outsourcing. Dies kann zu negativen Auswirkungen führen, wie dem Nichteinhalten von regulatorischen Anforderungen und Pflichten oder dem Missachten von Auskunftspflichten und Gesetzen Quelle: 2.6. Unzulängliche vertragliche Regelungen mit Anbietenden von Outsourcing.;"2.6. Unzulängliche vertragliche Regelungen mit Anbietenden von Outsourcing
Unzulängliche vertragliche Regelungen mit den Anbietenden von Outsourcing können zu Schwachstellen in der Informationssicherheit entlang des gesamten Outsourcing-Lebenszyklus führen. Die vertraglichen Regelungen definieren den gesamten Outsourcing-Prozess und stellen den Ausgangspunkt für Ansprüche der Nutzenden gegenüber den Anbietenden von Outsourcing dar. Aufgrund von unzulänglichen vertraglichen Regelungen mit den Anbietenden von Outsourcing können vielfältige und auch schwerwiegende Sicherheitsprobleme auftreten. Wenn Aufgaben, Leistungsparameter oder Aufwände ungenügend oder missverständlich beschrieben wurden, können möglicherweise aus Unkenntnis oder wegen fehlender Ressourcen Sicherheitsmaßnahmen nicht umgesetzt werden. Dies kann viele negative Auswirkungen nach sich ziehen, etwa, wenn regulatorische Anforderungen und Pflichten nicht erfüllt oder Auskunftspflichten und Gesetze nicht eingehalten werden. Wird bei der Vertragsgestaltung der Aspekt der  Informationssicherheit nicht berücksichtigt, so können Prozesse und Daten der Nutzenden von Outsourcing unzureichend abgesichert werden.";"Die Risiken, die durch unzulängliche vertragliche Regelungen beim Outsourcing entstehen, sind vielfältig und können schwerwiegende Auswirkungen auf die Informationssicherheit haben. Einige der wichtigsten Risiken sind:

- **Unzureichende Sicherheitsanforderungen**: Wenn die vertraglichen Regelungen nicht klar und präzise sind, können die Anbietenden von Outsourcing nicht sicherstellen, dass die erforderlichen Sicherheitsanforderungen erfüllt werden.
- **Fehlende Transparenz**: Wenn die vertraglichen Regelungen nicht transparent sind, können die Nutzenden von Outsourcing nicht sicherstellen, dass die Anbietenden von Outsourcing die erforderlichen Sicherheitsanforderungen erfüllen.
- **Unzureichende Kontrolle**: Wenn die vertraglichen Regelungen nicht klar sind, können die Nutzenden von Outsourcing nicht sicherstellen, dass die Anbietenden von Outsourcing die erforderlichen Sicherheitsanforderungen erfüllen.
- **Reputationsverlust**: Wenn die vertraglichen Regelungen nicht klar sind, können die Nutzenden von Outsourcing nicht sicherstellen, dass die Anbietenden von Outsourcing die erforderlichen Sicherheitsanforderungen erfüllen, was zu einem Reputationsverlust führen kann.

Um diese Risiken zu minimieren, sollten die vertraglichen Regelungen klar, präzise und transparent sein. Die Nutzenden von Outsourcing sollten sicherstellen, dass die Anbietenden von Outsourcing die erforderlichen Sicherheitsanforderungen erfüllen und dass die vertraglichen Regelungen transparent und klar sind.

**Anforderungen:**

- **OPS.3.2 Anbieten von Outsourcing**: Die Anbietenden von Outsourcing SOLLTEN sicherstellen, dass die vertraglichen Regelungen klar, präzise und transparent sind.
- **OPS.2.3 Nutzung von Outsourcing**: Die Nutzenden von Outsourcing SOLLTEN sicherstellen, dass die Anbietenden von Outsourcing die erforderlichen Sicherheitsanforderungen erfüllen und dass die vertraglichen Regelungen transparent und klar sind.

**Quellen:**

- OPS.3.2 Anbieten von Outsourcing: S. 1-2
- OPS.2.3 Nutzung von Outsourcing: S. 1-2

**Anschlussfragen:**

1. Wie können die Nutzenden von Outsourcing sicherstellen, dass die Anbietenden von Outsourcing die erforderlichen Sicherheitsanforderungen erfüllen?
2. Wie können die Anbietenden von Outsourcing sicherstellen, dass die vertraglichen Regelungen klar, präzise und transparent sind?
3. Wie können die Nutzenden von Outsourcing und die Anbietenden von Outsourcing sicherstellen, dass die vertraglichen Regelungen transparent und klar sind?";"Die Risiken, die durch unzulängliche vertragliche Regelungen beim Outsourcing entstehen, sind vielfältig und können schwerwiegende Auswirkungen auf die Informationssicherheit haben. Einige der wichtigsten Risiken sind:

- **Unzureichende Sicherheitsanforderungen**: Wenn die vertraglichen Regelungen nicht klar und präzise sind, können die Anbietenden von Outsourcing nicht sicherstellen, dass die erforderlichen Sicherheitsanforderungen erfüllt werden.
- **Fehlende Transparenz**: Wenn die vertraglichen Regelungen nicht transparent sind, können die Nutzenden von Outsourcing nicht sicherstellen, dass die Anbietenden von Outsourcing die erforderlichen Sicherheitsanforderungen erfüllen.
- **Unzureichende Kontrolle**: Wenn die vertraglichen Regelungen nicht klar sind, können die Nutzenden von Outsourcing nicht sicherstellen, dass die Anbietenden von Outsourcing die erforderlichen Sicherheitsanforderungen erfüllen.
- **Reputationsverlust**: Wenn die vertraglichen Regelungen nicht klar sind, können die Nutzenden von Outsourcing nicht sicherstellen, dass die Anbietenden von Outsourcing die erforderlichen Sicherheitsanforderungen erfüllen, was zu einem Reputationsverlust führen kann.

Um diese Risiken zu minimieren, sollten die vertraglichen Regelungen klar, präzise und transparent sein. Die Nutzenden von Outsourcing sollten sicherstellen, dass die Anbietenden von Outsourcing die erforderlichen Sicherheitsanforderungen erfüllen und dass die vertraglichen Regelungen transparent und klar sind.

**Anforderungen:**

- **OPS.3.2 Anbieten von Outsourcing**: Die Anbietenden von Outsourcing SOLLTEN sicherstellen, dass die vertraglichen Regelungen klar, präzise und transparent sind.
- **OPS.2.3 Nutzung von Outsourcing**: Die Nutzenden von Outsourcing SOLLTEN sicherstellen, dass die Anbietenden von Outsourcing die erforderlichen Sicherheitsanforderungen erfüllen und dass die vertraglichen Regelungen transparent und klar sind.

**Quellen:**

- OPS.3.2 Anbieten von Outsourcing: S. 1-2
- OPS.2.3 Nutzung von Outsourcing: S. 1-2";"1. Wie können die Nutzenden von Outsourcing sicherstellen, dass die Anbietenden von Outsourcing die erforderlichen Sicherheitsanforderungen erfüllen?
2. Wie können die Anbietenden von Outsourcing sicherstellen, dass die vertraglichen Regelungen klar, präzise und transparent sind?
3. Wie können die Nutzenden von Outsourcing und die Anbietenden von Outsourcing sicherstellen, dass die vertraglichen Regelungen transparent und klar sind?";3;3;0.32499999998375;0.875;1.0;0.6731039038466382;Wie können die Nutzenden von Outsourcing sicherstellen, dass die Anbietenden von Outsourcing die erforderlichen Sicherheitsanforderungen erfüllen?;2;2;Direkte Sicherheitsanforderungen;Wie können die Anbietenden von Outsourcing sicherstellen, dass die vertraglichen Regelungen klar, präzise und transparent sind?;2;2;Direkte Beantwortung durch IT-Grundschutz;Wie können die Nutzenden von Outsourcing und die Anbietenden von Outsourcing sicherstellen, dass die vertraglichen Regelungen transparent und klar sind?;2;2;Direkte Beziehung zu Vertragsregelungen;2.0;2.0
Welche Risiken bestehen für die Reputation einer Organisation durch einen erfolgreichen Webserver-Angriff?;"Ein erfolgreicher Webserver-Angriff kann zu einem Reputationsverlust für die Organisation führen, da ein Angreifer mit administrativen Rechten auf den Webserver zugreifen und manipulierte Webseiten ausliefern kann (Defacement) Quelle: APP.3.2 Webserver (2.1). Dies kann die Reputation der Institution schädigen. Darüber hinaus kann die Veröffentlichung falscher Informationen oder die Verletzung gesetzlicher Vorschriften zu Abmahnungen führen und die Reputation weiter schädigen Quelle: APP.3.2 Webserver (2.1). Auch die Nichtverfügbarkeit der Webseite kann zu einem Reputationsverlust führen, wenn potenzielle Kunden zu Mitbewerbern wechseln Quelle: APP.3.2 Webserver (2.1).

Anschlussfragen:
1. Wie können Webserver vor Angriffen geschützt werden, um einen Reputationsverlust zu vermeiden?
2. Welche Rolle spielen Firewalls und Netzarchitektur bei der Absicherung von Webservern?
3. Wie können kryptografische Schlüssel sicher verwaltet werden, um die Verbindungen zu Webservern zu verschlüsseln?";Ein erfolgreicher Webserver-Angriff kann zu einem Reputationsverlust für die Organisation führen, da ein Angreifer mit administrativen Rechten auf den Webserver zugreifen und manipulierte Webseiten ausliefern kann (Defacement) Quelle: APP.3.2 Webserver (2.1). Dies kann die Reputation der Institution schädigen. Darüber hinaus kann die Veröffentlichung falscher Informationen oder die Verletzung gesetzlicher Vorschriften zu Abmahnungen führen und die Reputation weiter schädigen Quelle: APP.3.2 Webserver (2.1). Auch die Nichtverfügbarkeit der Webseite kann zu einem Reputationsverlust führen, wenn potenzielle Kunden zu Mitbewerbern wechseln Quelle: APP.3.2 Webserver (2.1).;"APP.3.2 Webserver 2.1. Reputationsverlust
Gelingt es bei einem Angriff mit administrativen Rechten auf einen Webserver zuzugreifen, kann darüber eine manipulierte Webseite ausgeliefert werden (Defacement). So kann die Reputation der Institution geschädigt werden. Ebenso kann die Veröffentlichung falscher Informationen, wie zum Beispiel fehlerhafter Produktbeschreibungen, dazu führen, dass die Reputation der Institution in der Öffentlichkeit leidet. Auch kann die Institution abgemahnt werden, wenn auf ihrer Webseite Inhalte veröffentlicht werden, die gegen gesetzliche Vorschriften verstoßen. Ein Schaden kann auch entstehen, wenn die Webseite nicht verfügbar ist und potenzielle Kunden und Kundinnen deshalb zu Mitbewerbern wechseln.";"Antwort:

Die Reputation einer Organisation kann durch einen erfolgreichen Webserver-Angriff in verschiedenen Aspekten geschädigt werden.

1.  **Reputationsverlust**: Ein Angriff auf einen Webserver kann zu einer manipulierten Webseite (Defacement) führen, was die Reputation der Institution schädigen kann. Auch die Veröffentlichung falscher Informationen, wie fehlerhafte Produktbeschreibungen, kann zu einem Reputationsverlust führen.
2.  **Verstoß gegen Gesetze oder Regelungen**: Die Veröffentlichung von Webinhalten kann zu rechtlichen Konsequenzen führen, wenn gegen gesetzliche Vorschriften verstoßen wird.
3.  **Fehlende oder mangelhafte Fehlerbehebung**: Wenn Fehler während des Betriebs eines Webservers nicht korrekt behandelt werden, kann dies zu einem Schaden für die Reputation führen.

Um diese Risiken zu minimieren, ist es wichtig, dass Webserver sicher konfiguriert und regelmäßig überprüft werden. Darüber hinaus sollten Webinhalte sorgfältig geprüft und aktualisiert werden, um sicherzustellen, dass sie korrekt und sicher sind.

Anschlussfragen:

1.  Wie kann die Sicherheit von Webservern durch regelmäßige Überprüfungen und Updates verbessert werden?
2.  Welche Maßnahmen können ergriffen werden, um die Veröffentlichung falscher Informationen zu verhindern?
3.  Wie kann die Fehlerbehebung bei Webservern verbessert werden, um Schäden für die Reputation zu minimieren?";"Antwort:

Die Reputation einer Organisation kann durch einen erfolgreichen Webserver-Angriff in verschiedenen Aspekten geschädigt werden.

1.  **Reputationsverlust**: Ein Angriff auf einen Webserver kann zu einer manipulierten Webseite (Defacement) führen, was die Reputation der Institution schädigen kann. Auch die Veröffentlichung falscher Informationen, wie fehlerhafte Produktbeschreibungen, kann zu einem Reputationsverlust führen.
2.  **Verstoß gegen Gesetze oder Regelungen**: Die Veröffentlichung von Webinhalten kann zu rechtlichen Konsequenzen führen, wenn gegen gesetzliche Vorschriften verstoßen wird.
3.  **Fehlende oder mangelhafte Fehlerbehebung**: Wenn Fehler während des Betriebs eines Webservers nicht korrekt behandelt werden, kann dies zu einem Schaden für die Reputation führen.

Um diese Risiken zu minimieren, ist es wichtig, dass Webserver sicher konfiguriert und regelmäßig überprüft werden. Darüber hinaus sollten Webinhalte sorgfältig geprüft und aktualisiert werden, um sicherzustellen, dass sie korrekt und sicher sind.";"1.  Wie kann die Sicherheit von Webservern durch regelmäßige Überprüfungen und Updates verbessert werden?
2.  Welche Maßnahmen können ergriffen werden, um die Veröffentlichung falscher Informationen zu verhindern?
3.  Wie kann die Fehlerbehebung bei Webservern verbessert werden, um Schäden für die Reputation zu minimieren?";3;3;0.7499999999625;0.375;0.75;0.7536560884365854;Wie kann die Sicherheit von Webservern durch regelmäßige Überprüfungen und Updates verbessert werden?;2;2;Direkte Sicherheitsverbesserung;Welche Maßnahmen können ergriffen werden, um die Veröffentlichung falscher Informationen zu verhindern?;2;2;Direkte Maßnahmen zur Verhinderung;Wie kann die Fehlerbehebung bei Webservern verbessert werden, um Schäden für die Reputation zu minimieren?;2;2;Direkte Relevanz zur Fehlerbehebung;2.0;2.0
Wie kann ein Angriff auf einen Webserver zur Manipulation von Inhalten führen?;"Ein Angriff auf einen Webserver kann zur Manipulation von Inhalten führen, indem unberechtigte Personen Zugriff auf den Server erhalten und dessen Dateien manipulieren. Dies kann beispielsweise durch Änderung der Konfiguration der Webserver-Software, Verbreitung von Schadsoftware oder Modifizierung von Webinhalten geschehen Quelle: 2.2. Manipulation des Webservers.

Anschlussfragen:
1. Welche Arten von Schadsoftware können durch einen manipulierten Webserver verbreitet werden?
2. Wie können Webinhalte modifiziert werden, um Benutzer zu täuschen oder zu schädigen?
3. Welche Sicherheitsmaßnahmen können ergriffen werden, um einen Angriff auf einen Webserver und die daraus resultierende Manipulation von Inhalten zu verhindern?";Ein Angriff auf einen Webserver kann zur Manipulation von Inhalten führen, indem unberechtigte Personen Zugriff auf den Server erhalten und dessen Dateien manipulieren. Dies kann beispielsweise durch Änderung der Konfiguration der Webserver-Software, Verbreitung von Schadsoftware oder Modifizierung von Webinhalten geschehen Quelle: 2.2. Manipulation des Webservers.;"2.2. Manipulation des Webservers
Bei einem Angriff könnten sich unberechtigte Personen Zugriff auf einen Webserver verschaffen und dessen Dateien manipulieren. Es könnte beispielsweise die Konfiguration der Webserver-Software geändert werden, Schadsoftware verbreitet oder Webinhalte modifiziert werden.";"Antwort:

Ein Angriff auf einen Webserver zur Manipulation von Inhalten kann auf verschiedene Weise erfolgen. Eine Möglichkeit ist die Veröffentlichung einer manipulierten Webseite (Defacement), die die Reputation der Institution schädigen kann. Dies kann durch die Veröffentlichung falscher Informationen, wie zum Beispiel fehlerhafter Produktbeschreibungen, oder durch die Veröffentlichung von Inhalten, die gegen gesetzliche Vorschriften verstoßen.

Eine weitere Möglichkeit ist die Manipulation des Webservers selbst. Durch einen Angriff können sich unberechtigte Personen Zugriff auf den Webserver verschaffen und dessen Dateien manipulieren. Dies kann beispielsweise durch die Änderung der Konfiguration der Webserver-Software, die Verbreitung von Schadsoftware oder die Modifizierung von Webinhalten erfolgen.

Ein weiterer Angriff ist der Denial of Service (DoS), bei dem die Verfügbarkeit eines Webangebotes gezielt beeinträchtigt wird. Dies kann durch einzelne Accounts durch fehlerhafte Anmeldungen gesperrt werden oder durch Distributed Denial of Service (DDoS)-Angriffe, bei denen ein Webserver teilweise oder ganz ausfällt.

Quelle: APP.3.1.A1 (S.391)

Anschlussfragen:

1. Wie kann ein Angriff auf einen Webserver zur Manipulation von Inhalten durch die Veröffentlichung einer manipulierten Webseite erfolgen?
2. Welche Möglichkeiten gibt es, um einen Angriff auf einen Webserver zur Manipulation von Inhalten zu verhindern?
3. Wie kann ein Angriff auf einen Webserver zur Manipulation von Inhalten durch die Manipulation des Webservers selbst erfolgen?";"Antwort:

Ein Angriff auf einen Webserver zur Manipulation von Inhalten kann auf verschiedene Weise erfolgen. Eine Möglichkeit ist die Veröffentlichung einer manipulierten Webseite (Defacement), die die Reputation der Institution schädigen kann. Dies kann durch die Veröffentlichung falscher Informationen, wie zum Beispiel fehlerhafter Produktbeschreibungen, oder durch die Veröffentlichung von Inhalten, die gegen gesetzliche Vorschriften verstoßen.

Eine weitere Möglichkeit ist die Manipulation des Webservers selbst. Durch einen Angriff können sich unberechtigte Personen Zugriff auf den Webserver verschaffen und dessen Dateien manipulieren. Dies kann beispielsweise durch die Änderung der Konfiguration der Webserver-Software, die Verbreitung von Schadsoftware oder die Modifizierung von Webinhalten erfolgen.

Ein weiterer Angriff ist der Denial of Service (DoS), bei dem die Verfügbarkeit eines Webangebotes gezielt beeinträchtigt wird. Dies kann durch einzelne Accounts durch fehlerhafte Anmeldungen gesperrt werden oder durch Distributed Denial of Service (DDoS)-Angriffe, bei denen ein Webserver teilweise oder ganz ausfällt.

Quelle: APP.3.1.A1 (S.391)";"1. Wie kann ein Angriff auf einen Webserver zur Manipulation von Inhalten durch die Veröffentlichung einer manipulierten Webseite erfolgen?
2. Welche Möglichkeiten gibt es, um einen Angriff auf einen Webserver zur Manipulation von Inhalten zu verhindern?
3. Wie kann ein Angriff auf einen Webserver zur Manipulation von Inhalten durch die Manipulation des Webservers selbst erfolgen?";3;3;0.7345238095115675;1.0;1.0;0.5995414067805229;Wie kann ein Angriff auf einen Webserver zur Manipulation von Inhalten durch die Veröffentlichung einer manipulierten Webseite erfolgen?;2;2;Direkte Verbindung zu Webserver-Manipulation;Welche Möglichkeiten gibt es, um einen Angriff auf einen Webserver zur Manipulation von Inhalten zu verhindern?;2;2;Direkte Verhinderung von Angriffen;Wie kann ein Angriff auf einen Webserver zur Manipulation von Inhalten durch die Manipulation des Webservers selbst erfolgen?;2;2;Direkte Manipulation eines Webservers;2.0;2.0
Welche Auswirkungen haben Denial-of-Service (DoS)-Angriffe auf einen Webserver?;"Denial-of-Service (DoS)-Angriffe auf einen Webserver können die Verfügbarkeit eines Webangebotes gezielt beeinträchtigen, indem beispielsweise einzelne Accounts durch fehlerhafte Anmeldungen gesperrt werden Quelle: APP.3.2 Webserver 2.3. Denial of Service (DoS). Durch DDoS (Distributed Denial of Service)-Angriffe kann ein Webserver teilweise oder auch ganz ausfallen, wodurch das Webangebot für Clients nur noch sehr langsam oder gar nicht mehr verfügbar ist Quelle: APP.3.2 Webserver 2.3. Denial of Service (DoS). Für viele Institutionen kann ein solcher Ausfall schnell geschäftskritisch werden, z. B. für Online-Shops.

Anschlussfragen:
1. Wie können Webserver vor DDoS-Angriffen geschützt werden?
2. Welche Auswirkungen haben DoS-Angriffe auf die Verfügbarkeit von Webinhalten?
3. Wie können Institutionen die Auswirkungen von DoS-Angriffen auf ihre Webserver minimieren?";Denial-of-Service (DoS)-Angriffe auf einen Webserver können die Verfügbarkeit eines Webangebotes gezielt beeinträchtigen, indem beispielsweise einzelne Accounts durch fehlerhafte Anmeldungen gesperrt werden Quelle: APP.3.2 Webserver 2.3. Denial of Service (DoS). Durch DDoS (Distributed Denial of Service)-Angriffe kann ein Webserver teilweise oder auch ganz ausfallen, wodurch das Webangebot für Clients nur noch sehr langsam oder gar nicht mehr verfügbar ist Quelle: APP.3.2 Webserver 2.3. Denial of Service (DoS). Für viele Institutionen kann ein solcher Ausfall schnell geschäftskritisch werden, z. B. für Online-Shops.;"APP.3.2 Webserver 2.3. Denial of Service (DoS)
Durch DoS-Angriffe lässt sich die Verfügbarkeit eines Webangebotes gezielt beeinträchtigen, indem beispielsweise einzelne Accounts durch fehlerhafte Anmeldungen gesperrt werden. Durch DDoS (Distributed Denial of Service)-Angriffe kann ein Webserver teilweise oder auch ganz ausfallen. Für Clients ist das Webangebot dann nur noch sehr langsam oder gar nicht mehr verfügbar. Für viele Institutionen kann ein solcher Ausfall schnell geschäftskritisch werden, z. B. für Online-Shops.";"**Auswirkungen von Denial-of-Service (DoS)-Angriffen auf einen Webserver**

Ein DoS-Angriff auf einen Webserver kann zu verschiedenen Auswirkungen führen:

- **Verlust der Verfügbarkeit**: Der Webserver kann nicht mehr erreichbar sein, was zu einem Verlust von Geschäftsprozessen und -werten führen kann.
- **Verlust von Daten**: Der Webserver kann nicht mehr sicher sein, was zu einem Verlust von Daten führen kann.
- **Verstoß gegen Gesetze oder Regelungen**: Der Webserver kann nicht mehr sicher sein, was zu einem Verstoß gegen Gesetze oder Regelungen führen kann.
- **Fehlende oder mangelhafte Fehlerbehebung**: Der Webserver kann nicht mehr sicher sein, was zu einer fehlenden oder mangelhaften Fehlerbehebung führen kann.

**Anschlussfragen:**

1. Wie kann man DoS-Angriffe auf einen Webserver verhindern?
2. Welche Maßnahmen können ergriffen werden, um die Verfügbarkeit eines Webserver zu gewährleisten?
3. Wie kann man die Sicherheit eines Webserver sicherstellen?";"**Auswirkungen von Denial-of-Service (DoS)-Angriffen auf einen Webserver**

Ein DoS-Angriff auf einen Webserver kann zu verschiedenen Auswirkungen führen:

- **Verlust der Verfügbarkeit**: Der Webserver kann nicht mehr erreichbar sein, was zu einem Verlust von Geschäftsprozessen und -werten führen kann.
- **Verlust von Daten**: Der Webserver kann nicht mehr sicher sein, was zu einem Verlust von Daten führen kann.
- **Verstoß gegen Gesetze oder Regelungen**: Der Webserver kann nicht mehr sicher sein, was zu einem Verstoß gegen Gesetze oder Regelungen führen kann.
- **Fehlende oder mangelhafte Fehlerbehebung**: Der Webserver kann nicht mehr sicher sein, was zu einer fehlenden oder mangelhaften Fehlerbehebung führen kann.";"1. Wie kann man DoS-Angriffe auf einen Webserver verhindern?
2. Welche Maßnahmen können ergriffen werden, um die Verfügbarkeit eines Webserver zu gewährleisten?
3. Wie kann man die Sicherheit eines Webserver sicherstellen?";3;3;0.4027777777643518;1.0;1.0;0.46379971897018574;Wie kann man DoS-Angriffe auf einen Webserver verhindern?;2;2;Direkte Verhinderung von DoS-Angriffen;Welche Maßnahmen können ergriffen werden, um die Verfügbarkeit eines Webserver zu gewährleisten?;2;2;Direkt relevante Maßnahmen;Wie kann man die Sicherheit eines Webserver sicherstellen?;2;2;Sicherheit eines Webservers;2.0;2.0
Wer trägt die Gesamtverantwortung für Informationssicherheit in der Organisastion?;"Die Institutionsleitung trägt die Gesamtverantwortung für Informationssicherheit in der Organisation. 
Die Institutionsleitung MUSS die Gesamtverantwortung für Informationssicherheit in der Institution übernehmen Quelle: ISMS.1.A1. 
Dies umfasst die Initiierung, Steuerung und Kontrolle des Sicherheitsprozesses sowie die Festlegung von Zuständigkeiten für Informationssicherheit Quelle: ISMS.1.A1.

Anschlussfragen:
1. Wie sollten die zuständigen Mitarbeitenden mit den erforderlichen Kompetenzen und Ressourcen ausgestattet werden, um die Informationssicherheit zu gewährleisten?
2. Welche Rolle spielen regelmäßige Sicherheitsrevisionen und Audits bei der Aufrechterhaltung der Informationssicherheit in der Institution?
3. Wie können alle Mitarbeitenden und relevante Externe systematisch und zielgruppengerecht zu Sicherheitsrisiken sensibilisiert und zu Fragen der Informationssicherheit geschult werden?";"Die Institutionsleitung trägt die Gesamtverantwortung für Informationssicherheit in der Organisation. 
Die Institutionsleitung MUSS die Gesamtverantwortung für Informationssicherheit in der Institution übernehmen Quelle: ISMS.1.A1. 
Dies umfasst die Initiierung, Steuerung und Kontrolle des Sicherheitsprozesses sowie die Festlegung von Zuständigkeiten für Informationssicherheit Quelle: ISMS.1.A1.";"ISMS.1.A1 Übernahme der Gesamtverantwortung für Informationssicherheit  durch die Leitung (B) [Institutionsleitung]  
Die Institutionsleitung MUSS die Gesamtverantwortung für Informationssicherheit in der Institution  übernehmen. Dies MUSS für alle Beteiligten deutlich erkennbar sein. Die Institutionsleitung MUSS den Sicherheitsprozess initiieren, steuern und kontrollieren. Die Institutionsleitung MUSS Informationssicherheit vorleben. Die Institutionsleitung MUSS die Zuständigkeiten für Informationssicherheit festlegen. Die zuständigen Mitarbeitenden MÜSSEN mit den erforderlichen Kompetenzen und Ressourcen ausgestattet werden. Die Institutionsleitung MUSS sich regelmäßig über den Status der Informationssicherheit informieren lassen. Insbesondere MUSS sich die Institutionsleitung über mögliche Risiken und Konsequenzen aufgrund fehlender Sicherheitsmaßnahmen informieren lassen. ";"Antwort:

Die Gesamtverantwortung für Informationssicherheit in der Organisation verbleibt bei der Leitungsebene. Es ist mindestens eine Person zu benennen, die den Informationssicherheitsprozess fördert und koordiniert, typischerweise als Informationssicherheitsbeauftragter (ISB). Die Leitungsebene muss sich sichtbar zu ihrer Verantwortung bekennen und allen Mitarbeitern die Bedeutung der Informationssicherheit vor Augen führen.

Quelle: Die Gesamtverantwortung für die Informationssicherheit verbleibt bei der Leitungsebene. Es ist mindestens eine Person benannt werden, die den Informationssicherheitsprozess fördert und koordiniert, typischerweise als Informationssicherheitsbeauftragter (ISB). Jeder Mitarbeiter ist gleichermaßen für seine originäre Aufgabe wie für die Aufrechterhaltung der Informationssicherheit an seinem Arbeitsplatz und in seiner Umgebung verantwortlich. (Quelle: APP.3.1.A1 (S.391))

Anforderung: ORP.1.A1 Festlegung von Verantwortlichkeiten und Regelungen (B) [Institutionsleitung]

Anschlussfragen:

1. Wie kann die Leitungsebene die Verantwortung für Informationssicherheit in der Organisation umsetzen?
2. Welche Rolle spielt der Informationssicherheitsbeauftragte (ISB) in der Organisation?
3. Wie kann die Informationssicherheit in alle relevanten Geschäftsprozesse bzw. Fachverfahren und Projekte integriert werden?";"Antwort:

Die Gesamtverantwortung für Informationssicherheit in der Organisation verbleibt bei der Leitungsebene. Es ist mindestens eine Person zu benennen, die den Informationssicherheitsprozess fördert und koordiniert, typischerweise als Informationssicherheitsbeauftragter (ISB). Die Leitungsebene muss sich sichtbar zu ihrer Verantwortung bekennen und allen Mitarbeitern die Bedeutung der Informationssicherheit vor Augen führen.

Quelle: Die Gesamtverantwortung für die Informationssicherheit verbleibt bei der Leitungsebene. Es ist mindestens eine Person benannt werden, die den Informationssicherheitsprozess fördert und koordiniert, typischerweise als Informationssicherheitsbeauftragter (ISB). Jeder Mitarbeiter ist gleichermaßen für seine originäre Aufgabe wie für die Aufrechterhaltung der Informationssicherheit an seinem Arbeitsplatz und in seiner Umgebung verantwortlich. (Quelle: APP.3.1.A1 (S.391))

Anforderung: ORP.1.A1 Festlegung von Verantwortlichkeiten und Regelungen (B) [Institutionsleitung]";"1. Wie kann die Leitungsebene die Verantwortung für Informationssicherheit in der Organisation umsetzen?
2. Welche Rolle spielt der Informationssicherheitsbeauftragte (ISB) in der Organisation?
3. Wie kann die Informationssicherheit in alle relevanten Geschäftsprozesse bzw. Fachverfahren und Projekte integriert werden?";3;3;0.729523809509219;1.0;0.8333333333333334;0.7296315693259338;Wie kann die Leitungsebene die Verantwortung für Informationssicherheit in der Organisation umsetzen?;2;2;Direkte Umsetzung von Verantwortung;Welche Rolle spielt der Informationssicherheitsbeauftragte (ISB) in der Organisation?;2;2;ISB-Rolle direkt thematisch relevant;Wie kann die Informationssicherheit in alle relevanten Geschäftsprozesse bzw. Fachverfahren und Projekte integriert werden?;2;2;Direkte Integration von IS-Management;2.0;2.0
Was muss eine Leitlinie zur Informationssicherheit enthalten?;"Eine Leitlinie zur Informationssicherheit muss den Stellenwert der Informationssicherheit, die Sicherheitsziele, die wichtigsten Aspekte der Sicherheitsstrategie sowie die Organisationsstruktur für Informationssicherheit beschreiben Quelle: ISMS.1.A3 (S. nicht spezifiziert). Darüber hinaus müssen die Sicherheitsziele und der Bezug der Sicherheitsziele zu den Geschäftszielen und Aufgaben der Institution erläutert werden Quelle: ISMS.1.A3 (S. nicht spezifiziert). Für die Sicherheitsleitlinie muss ein klarer Geltungsbereich festgelegt sein Quelle: ISMS.1.A3 (S. nicht spezifiziert).

Anschlussfragen:
1. Wie oft sollte die Leitlinie zur Informationssicherheit aktualisiert werden?
2. Wer ist für die Verabschiedung der Leitlinie zur Informationssicherheit verantwortlich?
3. Welche Rolle spielen Sicherheitsrevisionen im Kontext der Leitlinie zur Informationssicherheit?";Eine Leitlinie zur Informationssicherheit muss den Stellenwert der Informationssicherheit, die Sicherheitsziele, die wichtigsten Aspekte der Sicherheitsstrategie sowie die Organisationsstruktur für Informationssicherheit beschreiben Quelle: ISMS.1.A3 (S. nicht spezifiziert). Darüber hinaus müssen die Sicherheitsziele und der Bezug der Sicherheitsziele zu den Geschäftszielen und Aufgaben der Institution erläutert werden Quelle: ISMS.1.A3 (S. nicht spezifiziert). Für die Sicherheitsleitlinie muss ein klarer Geltungsbereich festgelegt sein Quelle: ISMS.1.A3 (S. nicht spezifiziert).;"ISMS.1.A3 Erstellung einer Leitlinie zur Informationssicherheit (B) [Institutionsleitung]  
Die Institutionsleitung MUSS eine übergeordnete Leitlinie zur Informationssicherheit verabschieden. Diese MUSS den Stellenwert der Informationssicherheit, die Sicherheitsziele, die wichtigsten Aspekte der Sicherheitsstrategie sowie die Organisationsstruktur für nformationssicherheit beschreiben. Für die Sicherheitsleitlinie MUSS ein klarer Geltungsbereich festgelegt sein. In der Leitlinie zur Informationssicherheit MÜSSEN die Sicherheitsziele und der Bezug der Sicherheitsziele zu den Geschäftszielen und Aufgaben der Institution erläutert erden. Die Institutionsleitung MUSS die Leitlinie zur Informationssicherheit allen Mitarbeitenden und sonstigen Mitgliedern der Institution bekannt geben. Die Leitlinie zur Informationssicherheit SOLLTE regelmäßig aktualisiert werden. ";"Antwort:

Die Leitlinie zur Informationssicherheit muss die folgenden Inhalte enthalten:

- Stellenwert der Informationssicherheit und Bedeutung der wesentlichen Informationen (Quelle: Kapitel 3.4)
- Geschäftsprozesse und der IT für die Aufgabenertüllung (Quelle: Kapitel 3.4)
- Bezug der Informationssicherheitsziele zu den Geschäftszielen oder Aufgaben der Institution (Quelle: Kapitel 3.4)
- Sicherheitsziele und die Kernelemente der Sicherheitsstrategie für die Geschäftsprozesse und die eingesetzte IT (Quelle: Kapitel 3.4)
- Zusicherung, dass die Sicherheitsleitlinie von der Institutionsleitung durchgesetzt wird (Quelle: Kapitel 3.4)
- Leitaussagen zur Erfolgskontrolle und Beschreibung der für die Umsetzung des Informationssicherheitsprozesses etablierten Organisationsstruktur (Quelle: Kapitel 3.4)

Zusätzlich können folgende Aussagen hinzukommen:

- Zur Motivation können einige, für die Geschäftsprozesse wichtige Gefährdungen, thematisiert und die wichtigsten gesetzlichen Regelungen und sonstige wichtige Rahmenbedingungen (wie vertragliche Vereinbarungen) genannt werden (Quelle: Kapitel 3.4)
- Die wesentlichen Aufgaben und Zuständigkeiten im Sicherheitsprozess sollten aufgezeigt werden, insbesondere für das IS-Management-Team, den IS-Beauftragten, die Mitarbeiter und den IT-Betrieb (Quelle: Kapitel 4 Organisation des Sicherheitsprozesses)
- Die Organisationseinheiten oder Rollen sollten benannt werden, die als Ansprechpartner für Sicherheitsfragen fungieren (Quelle: Kapitel 4 Organisation des Sicherheitsprozesses)
- Programme zur Förderung der Informationssicherheit durch Schulungs- und Sensibilisierungsmaßnahmen können angekündigt werden (Quelle: Kapitel 3.4)

Anschlussfragen:

1. Wie oft sollte die Leitlinie zur Informationssicherheit überprüft und angepasst werden?
2. Welche Organisationseinheiten sollten bei der Erarbeitung der Sicherheitsleitlinie mitwirken?
3. Wie sollte die Leitlinie zur Informationssicherheit innerhalb der Institution zugänglich gemacht werden?";"Antwort:

Die Leitlinie zur Informationssicherheit muss die folgenden Inhalte enthalten:

- Stellenwert der Informationssicherheit und Bedeutung der wesentlichen Informationen (Quelle: Kapitel 3.4)
- Geschäftsprozesse und der IT für die Aufgabenertüllung (Quelle: Kapitel 3.4)
- Bezug der Informationssicherheitsziele zu den Geschäftszielen oder Aufgaben der Institution (Quelle: Kapitel 3.4)
- Sicherheitsziele und die Kernelemente der Sicherheitsstrategie für die Geschäftsprozesse und die eingesetzte IT (Quelle: Kapitel 3.4)
- Zusicherung, dass die Sicherheitsleitlinie von der Institutionsleitung durchgesetzt wird (Quelle: Kapitel 3.4)
- Leitaussagen zur Erfolgskontrolle und Beschreibung der für die Umsetzung des Informationssicherheitsprozesses etablierten Organisationsstruktur (Quelle: Kapitel 3.4)

Zusätzlich können folgende Aussagen hinzukommen:

- Zur Motivation können einige, für die Geschäftsprozesse wichtige Gefährdungen, thematisiert und die wichtigsten gesetzlichen Regelungen und sonstige wichtige Rahmenbedingungen (wie vertragliche Vereinbarungen) genannt werden (Quelle: Kapitel 3.4)
- Die wesentlichen Aufgaben und Zuständigkeiten im Sicherheitsprozess sollten aufgezeigt werden, insbesondere für das IS-Management-Team, den IS-Beauftragten, die Mitarbeiter und den IT-Betrieb (Quelle: Kapitel 4 Organisation des Sicherheitsprozesses)
- Die Organisationseinheiten oder Rollen sollten benannt werden, die als Ansprechpartner für Sicherheitsfragen fungieren (Quelle: Kapitel 4 Organisation des Sicherheitsprozesses)
- Programme zur Förderung der Informationssicherheit durch Schulungs- und Sensibilisierungsmaßnahmen können angekündigt werden (Quelle: Kapitel 3.4)";"1. Wie oft sollte die Leitlinie zur Informationssicherheit überprüft und angepasst werden?
2. Welche Organisationseinheiten sollten bei der Erarbeitung der Sicherheitsleitlinie mitwirken?
3. Wie sollte die Leitlinie zur Informationssicherheit innerhalb der Institution zugänglich gemacht werden?";3;3;0.9028571428390857;0.9166666666666666;0.6;0.42265240568289536;Wie oft sollte die Leitlinie zur Informationssicherheit überprüft und angepasst werden?;2;2;Direkte Überprüfung und Anpassung;Welche Organisationseinheiten sollten bei der Erarbeitung der Sicherheitsleitlinie mitwirken?;2;2;Direkte Mitwirkung;Wie sollte die Leitlinie zur Informationssicherheit innerhalb der Institution zugänglich gemacht werden?;2;2;Direkte Vertiefung zur Leitlinie;2.0;2.0
Welche Gefahr besteht, wenn die Institutionsleitung den Sicherheitsprozess nicht ausreichend unterstützt?;"Wenn die Institutionsleitung den Sicherheitsprozess nicht ausreichend unterstützt, besteht die Gefahr, dass die notwendigen Maßnahmen zur Informationssicherheit nicht umgesetzt werden können Quelle: ISMS.1 Gefährdungslage Kap.2.2 (S.2.2). Dies kann dazu führen, dass der Sicherheitsprozess nicht vollständig durchführbar ist, insbesondere wenn Personen in der Linienstruktur über den Sicherheitsverantwortlichen stehen Quelle: ISMS.1 Gefährdungslage Kap.2.2 (S.2.2).

Anschlussfragen:
1. Wie kann die Institutionsleitung den Sicherheitsprozess effektiv unterstützen?
2. Welche Rolle spielen regelmäßige Sicherheitsrevisionen im Sicherheitsmanagement?
3. Wie können Mitarbeitende und Externe zu Sicherheitsrisiken sensibilisiert und zu Fragen der Informationssicherheit geschult werden?";Wenn die Institutionsleitung den Sicherheitsprozess nicht ausreichend unterstützt, besteht die Gefahr, dass die notwendigen Maßnahmen zur Informationssicherheit nicht umgesetzt werden können Quelle: ISMS.1 Gefährdungslage Kap.2.2 (S.2.2). Dies kann dazu führen, dass der Sicherheitsprozess nicht vollständig durchführbar ist, insbesondere wenn Personen in der Linienstruktur über den Sicherheitsverantwortlichen stehen Quelle: ISMS.1 Gefährdungslage Kap.2.2 (S.2.2).;"ISMS.1 Gefährdungslage Kap.2.2
2.2. Mangelnde Unterstützung durch die Institutionsleitung 
Werden die Sicherheitsverantwortlichen nicht uneingeschränkt durch die Institutionsleitung  unterstützt, kann es schwierig werden, die notwendigen Maßnahmen einzufordern. Dies gilt insbesondere für Personen, die in der Linienstruktur über den Sicherheitsverantwortlichen stehen. In diesem Fall ist der Sicherheitsprozess nicht vollständig durchführbar.";"Die Gefahr, die besteht, wenn die Institutionsleitung den Sicherheitsprozess nicht ausreichend unterstützt, ist vielfältig. Einige der möglichen Gefahren sind:

- **Fehlende persönliche Verantwortung**: Wenn die Rollen und Zuständigkeiten im Sicherheitsprozess nicht eindeutig festgelegt sind, können Mitarbeitende ihre Verantwortung für die Informationssicherheit ablehnen oder vergessen. Dies kann zu einer unzureichenden Umsetzung von Sicherheitsmaßnahmen führen.
- **Mangelnde Unterstützung durch die Institutionsleitung**: Wenn die Sicherheitsverantwortlichen nicht uneingeschränkt durch die Institutionsleitung unterstützt werden, kann es schwierig werden, die notwendigen Maßnahmen einzufordern. Dies kann zu einer unvollständigen Durchführung des Sicherheitsprozesses führen.
- **Unzureichende strategische und konzeptionelle Vorgaben**: Wenn das Sicherheitskonzept nicht klar und eindeutig ist, kann es schwierig werden, die notwendigen Maßnahmen umzusetzen. Dies kann zu einer unzureichenden Umsetzung von Sicherheitsmaßnahmen führen.
- **Unzureichende oder fehlgeleitete Investitionen**: Wenn die Institutionsleitung nicht ausreichend über den Sicherheitszustand informiert ist, können nicht genügend Ressourcen für den Sicherheitsprozess bereitgestellt werden. Dies kann zu einer unzureichenden Umsetzung von Sicherheitsmaßnahmen führen.
- **Unzureichende Durchsetzbarkeit von Sicherheitsmaßnahmen**: Wenn die Zuständigkeiten und Verantwortlichkeiten nicht eindeutig festgelegt sind, kann es schwierig werden, die notwendigen Maßnahmen umzusetzen. Dies kann zu einer unvollständigen Durchführung des Sicherheitsprozesses führen.
- **Fehlende Aktualisierung im Sicherheitsprozess**: Wenn das Sicherheitskonzept nicht regelmäßig aktualisiert wird, kann es schwierig werden, die notwendigen Maßnahmen umzusetzen. Dies kann zu einer unzureichenden Umsetzung von Sicherheitsmaßnahmen führen.
- **Verstoß gegen gesetzliche Regelungen und vertragliche Vereinbarungen**: Wenn die Informationen, Geschäftsprozesse und IT-Systeme einer Institution unzureichend abgesichert sind, kann gegen Rechtsvorschriften mit Bezug zur Informationsverarbeitung oder gegen bestehende Verträge mit Geschäftspartnern und -partnerinnen verstoßen werden.
- **Störung der Geschäftsabläufe aufgrund von Sicherheitsvorfällen**: Sicherheitsvorfälle können die Vertraulichkeit, Integrität oder Verfügbarkeit von Informationen und IT-Systemen beeinträchtigen. Dies kann sich schnell negativ auf wesentliche Fachaufgaben und Geschäftsprozesse der betroffenen Institution auswirken.
- **Unwirtschaftlicher Umgang mit Ressourcen durch unzureichendes Sicherheitsmanagement**: Ein unzureichendes Sicherheitsmanagement kann dazu führen, dass falsche Prioritäten gesetzt werden und nicht an denjenigen Stellen investiert wird, die den größten Mehrwert für die Institution bringen.

Um diese Gefahren zu vermeiden, ist es wichtig, dass die Institutionsleitung den Sicherheitsprozess ausreichend unterstützt und dass die notwendigen Maßnahmen umgesetzt werden.

**Anschlussfragen:**

1. Wie kann die Institutionsleitung den Sicherheitsprozess ausreichend unterstützen?
2. Welche Maßnahmen können ergriffen werden, um die notwendigen Sicherheitsmaßnahmen umzusetzen?
3. Wie kann die Durchsetzbarkeit von Sicherheitsmaßnahmen verbessert werden?";"Die Gefahr, die besteht, wenn die Institutionsleitung den Sicherheitsprozess nicht ausreichend unterstützt, ist vielfältig. Einige der möglichen Gefahren sind:

- **Fehlende persönliche Verantwortung**: Wenn die Rollen und Zuständigkeiten im Sicherheitsprozess nicht eindeutig festgelegt sind, können Mitarbeitende ihre Verantwortung für die Informationssicherheit ablehnen oder vergessen. Dies kann zu einer unzureichenden Umsetzung von Sicherheitsmaßnahmen führen.
- **Mangelnde Unterstützung durch die Institutionsleitung**: Wenn die Sicherheitsverantwortlichen nicht uneingeschränkt durch die Institutionsleitung unterstützt werden, kann es schwierig werden, die notwendigen Maßnahmen einzufordern. Dies kann zu einer unvollständigen Durchführung des Sicherheitsprozesses führen.
- **Unzureichende strategische und konzeptionelle Vorgaben**: Wenn das Sicherheitskonzept nicht klar und eindeutig ist, kann es schwierig werden, die notwendigen Maßnahmen umzusetzen. Dies kann zu einer unzureichenden Umsetzung von Sicherheitsmaßnahmen führen.
- **Unzureichende oder fehlgeleitete Investitionen**: Wenn die Institutionsleitung nicht ausreichend über den Sicherheitszustand informiert ist, können nicht genügend Ressourcen für den Sicherheitsprozess bereitgestellt werden. Dies kann zu einer unzureichenden Umsetzung von Sicherheitsmaßnahmen führen.
- **Unzureichende Durchsetzbarkeit von Sicherheitsmaßnahmen**: Wenn die Zuständigkeiten und Verantwortlichkeiten nicht eindeutig festgelegt sind, kann es schwierig werden, die notwendigen Maßnahmen umzusetzen. Dies kann zu einer unvollständigen Durchführung des Sicherheitsprozesses führen.
- **Fehlende Aktualisierung im Sicherheitsprozess**: Wenn das Sicherheitskonzept nicht regelmäßig aktualisiert wird, kann es schwierig werden, die notwendigen Maßnahmen umzusetzen. Dies kann zu einer unzureichenden Umsetzung von Sicherheitsmaßnahmen führen.
- **Verstoß gegen gesetzliche Regelungen und vertragliche Vereinbarungen**: Wenn die Informationen, Geschäftsprozesse und IT-Systeme einer Institution unzureichend abgesichert sind, kann gegen Rechtsvorschriften mit Bezug zur Informationsverarbeitung oder gegen bestehende Verträge mit Geschäftspartnern und -partnerinnen verstoßen werden.
- **Störung der Geschäftsabläufe aufgrund von Sicherheitsvorfällen**: Sicherheitsvorfälle können die Vertraulichkeit, Integrität oder Verfügbarkeit von Informationen und IT-Systemen beeinträchtigen. Dies kann sich schnell negativ auf wesentliche Fachaufgaben und Geschäftsprozesse der betroffenen Institution auswirken.
- **Unwirtschaftlicher Umgang mit Ressourcen durch unzureichendes Sicherheitsmanagement**: Ein unzureichendes Sicherheitsmanagement kann dazu führen, dass falsche Prioritäten gesetzt werden und nicht an denjenigen Stellen investiert wird, die den größten Mehrwert für die Institution bringen.

Um diese Gefahren zu vermeiden, ist es wichtig, dass die Institutionsleitung den Sicherheitsprozess ausreichend unterstützt und dass die notwendigen Maßnahmen umgesetzt werden.";"1. Wie kann die Institutionsleitung den Sicherheitsprozess ausreichend unterstützen?
2. Welche Maßnahmen können ergriffen werden, um die notwendigen Sicherheitsmaßnahmen umzusetzen?
3. Wie kann die Durchsetzbarkeit von Sicherheitsmaßnahmen verbessert werden?";3;3;0.30277777776768516;0.8888888888888888;0.05555555555555555;0.6488716927337024;Wie kann die Institutionsleitung den Sicherheitsprozess ausreichend unterstützen?;2;2;Direkte Unterstützung durch IT-Grundschutz;Welche Maßnahmen können ergriffen werden, um die notwendigen Sicherheitsmaßnahmen umzusetzen?;2;2;Direkte Umsetzung von Sicherheitsmaßnahmen;Wie kann die Durchsetzbarkeit von Sicherheitsmaßnahmen verbessert werden?;2;2;Direkte Verbesserung von Sicherheitsmaßnahmen;2.0;2.0
Wie oft sollte das Sicherheitskonzept überprüft werden?;"Das Sicherheitskonzept sollte regelmäßig, mindestens jedoch jährlich, auf Wirksamkeit und Angemessenheit überprüft und aktualisiert werden Quelle: ISMS.1.A11 (S. nicht spezifiziert). Es sollten auch anlassbezogene Überprüfungen durchgeführt werden, um sicherzustellen, dass das Sicherheitsniveau den aktuellen Anforderungen entspricht Quelle: ISMS.1.A11 (S. nicht spezifiziert). 

Anschlussfragen:
1. Wie sollten die Ergebnisse der Überprüfungen des Sicherheitskonzepts dokumentiert werden?
2. Wer sollte die Überprüfungen des Sicherheitsniveaus durchführen?
3. Welche Rolle spielen Sicherheitsrevisionen im Rahmen des Sicherheitsmanagements?";Das Sicherheitskonzept sollte regelmäßig, mindestens jedoch jährlich, auf Wirksamkeit und Angemessenheit überprüft und aktualisiert werden Quelle: ISMS.1.A11 (S. nicht spezifiziert). Es sollten auch anlassbezogene Überprüfungen durchgeführt werden, um sicherzustellen, dass das Sicherheitsniveau den aktuellen Anforderungen entspricht Quelle: ISMS.1.A11 (S. nicht spezifiziert).;"ISMS.1.A11 Aufrechterhaltung der Informationssicherheit (S) 
Der Sicherheitsprozess, die Sicherheitskonzepte, die Leitlinie zur Informationssicherheit und die  Organisationsstruktur für Informationssicherheit SOLLTEN regelmäßig auf Wirksamkeit und  Angemessenheit überprüft und aktualisiert werden. Dazu SOLLTEN regelmäßig Vollständigkeits- bzw. Aktualisierungsprüfungen des Sicherheitskonzeptes durchgeführt werden. Ebenso SOLLTEN regelmäßig Sicherheitsrevisionen durchgeführt werden. Dazu SOLLTE geregelt sein, welche Bereiche und Sicherheitsmaßnahmen wann und von wem zu überprüfen sind. Überprüfungen des Sicherheitsniveaus SOLLTEN regelmäßig (mindestens jährlich) sowie anlassbezogen durchgeführt werden. Die Prüfungen SOLLTEN von qualifizierten und unabhängigen Personen durchgeführt werden. Die Ergebnisse der Überprüfungen SOLLTEN nachvollziehbar dokumentiert sein. Darauf aufbauend SOLLTEN Mängel beseitigt und Korrekturmaßnahmen ergriffen werden. ";"Antwort:

Die regelmäßige Überprüfung des Sicherheitskonzepts ist wichtig, um sicherzustellen, dass es wirksam und angemessen ist. Dies sollte mindestens jährlich und anlassbezogen erfolgen. Die Überprüfung sollte von qualifizierten und unabhängigen Personen durchgeführt werden und die Ergebnisse sollten nachvollziehbar dokumentiert sein.

Die Überprüfung des Sicherheitskonzepts sollte auch die Sicherheitsleitlinie und die Organisationsstruktur für Informationssicherheit umfassen. Die Leitlinie zur Informationssicherheit sollte in regelmäßigen Abständen auf ihre Aktualität hin überprüft und gegebenenfalls angepasst werden.

Regelmäßige Sicherheitsüberprüfung

Die Sicherheitskonfiguration von OT-Komponenten SOLLTE regelmäßig und bedarfsorientiert bei plötzlich auftretenden neuen, bisher unbekannten Gefährdungen überprüft werden. Die Sicherheitsüberprüfung SOLLTE zumindest die exponierten Systeme mit Außenschnittstellen oder Benutzendeninteraktion umfassen.

Quelle: Kapitel 8 Sicherheitskonzept (S. 123)

Anforderungen:

- Die regelmäßige Überprüfung des Sicherheitskonzepts (mindestens jährlich und anlassbezogen)
- Die Überprüfung der Sicherheitsleitlinie und der Organisationsstruktur für Informationssicherheit
- Die Überprüfung der Sicherheitskonfiguration von OT-Komponenten regelmäßig und bedarfsorientiert
- Die Sicherheitsüberprüfung sollte zumindest die exponierten Systeme mit Außenschnittstellen oder Benutzendeninteraktion umfassen

Anforderungen in Original-Nomenklatur:

- ORP.1.A1 Festlegung von Verantwortlichkeiten und Regelungen (B) [Institutionsleitung]
- APP.3.1.A1 Festlegung von Sicherheitsanforderungen (B) [Institutionsleitung]
- ORP.4.A8 Festlegung von Sicherheitsmaßnahmen (B) [Institutionsleitung]

Anschlussfragen:

1. Wie oft sollte die Sicherheitsleitlinie überprüft werden?
2. Welche Rolle spielt die Überprüfung der Sicherheitskonfiguration von OT-Komponenten bei der Aufrechterhaltung der Informationssicherheit?
3. Wie kann die regelmäßige Überprüfung des Sicherheitskonzepts durchgeführt werden?";"Antwort:

Die regelmäßige Überprüfung des Sicherheitskonzepts ist wichtig, um sicherzustellen, dass es wirksam und angemessen ist. Dies sollte mindestens jährlich und anlassbezogen erfolgen. Die Überprüfung sollte von qualifizierten und unabhängigen Personen durchgeführt werden und die Ergebnisse sollten nachvollziehbar dokumentiert sein.

Die Überprüfung des Sicherheitskonzepts sollte auch die Sicherheitsleitlinie und die Organisationsstruktur für Informationssicherheit umfassen. Die Leitlinie zur Informationssicherheit sollte in regelmäßigen Abständen auf ihre Aktualität hin überprüft und gegebenenfalls angepasst werden.

Regelmäßige Sicherheitsüberprüfung

Die Sicherheitskonfiguration von OT-Komponenten SOLLTE regelmäßig und bedarfsorientiert bei plötzlich auftretenden neuen, bisher unbekannten Gefährdungen überprüft werden. Die Sicherheitsüberprüfung SOLLTE zumindest die exponierten Systeme mit Außenschnittstellen oder Benutzendeninteraktion umfassen.

Quelle: Kapitel 8 Sicherheitskonzept (S. 123)

Anforderungen:

- Die regelmäßige Überprüfung des Sicherheitskonzepts (mindestens jährlich und anlassbezogen)
- Die Überprüfung der Sicherheitsleitlinie und der Organisationsstruktur für Informationssicherheit
- Die Überprüfung der Sicherheitskonfiguration von OT-Komponenten regelmäßig und bedarfsorientiert
- Die Sicherheitsüberprüfung sollte zumindest die exponierten Systeme mit Außenschnittstellen oder Benutzendeninteraktion umfassen

Anforderungen in Original-Nomenklatur:

- ORP.1.A1 Festlegung von Verantwortlichkeiten und Regelungen (B) [Institutionsleitung]
- APP.3.1.A1 Festlegung von Sicherheitsanforderungen (B) [Institutionsleitung]
- ORP.4.A8 Festlegung von Sicherheitsmaßnahmen (B) [Institutionsleitung]";"1. Wie oft sollte die Sicherheitsleitlinie überprüft werden?
2. Welche Rolle spielt die Überprüfung der Sicherheitskonfiguration von OT-Komponenten bei der Aufrechterhaltung der Informationssicherheit?
3. Wie kann die regelmäßige Überprüfung des Sicherheitskonzepts durchgeführt werden?";3;3;0.622023809508259;1.0;0.058823529411764705;0.6057878050918181;Wie oft sollte die Sicherheitsleitlinie überprüft werden?;2;2;Direkte Überprüfung von Sicherheitsleitlinie;Welche Rolle spielt die Überprüfung der Sicherheitskonfiguration von OT-Komponenten bei der Aufrechterhaltung der Informationssicherheit?;2;2;Direkte Relevanz zu Sicherheitskonzept;Wie kann die regelmäßige Überprüfung des Sicherheitskonzepts durchgeführt werden?;2;2;Direkte Überprüfungsmethode;2.0;2.0
Was kann passieren, wenn gegen gesetzliche Regelungen verstoßen wird?;"Wenn gegen gesetzliche Regelungen verstoßen wird, kann dies rechtliche Konsequenzen nach sich ziehen Quelle: ISMS.1 Gefährdungslage Kap. 2.7. Darüber hinaus können Verstöße gegen vertraglich geregelte Sicherheitsanforderungen Vertragsstrafen, Vertragsauflösungen oder sogar den Verlust von Geschäftsbeziehungen nach sich ziehen Quelle: ISMS.1 Gefährdungslage Kap. 2.7.

Anschlussfragen:
1. Welche Rolle spielt das Sicherheitsmanagement bei der Einhaltung gesetzlicher Regelungen?
2. Wie können Institutionen ihre Mitarbeitenden und Externen zu Sicherheitsrisiken sensibilisieren und schulen?
3. Welche Konsequenzen können sich ergeben, wenn eine Institution gegen internationale Gesetzesvorgaben verstößt?";Wenn gegen gesetzliche Regelungen verstoßen wird, kann dies rechtliche Konsequenzen nach sich ziehen Quelle: ISMS.1 Gefährdungslage Kap. 2.7. Darüber hinaus können Verstöße gegen vertraglich geregelte Sicherheitsanforderungen Vertragsstrafen, Vertragsauflösungen oder sogar den Verlust von Geschäftsbeziehungen nach sich ziehen Quelle: ISMS.1 Gefährdungslage Kap. 2.7.;"ISMS.1 Gefährdungslage Kap. 2.7
2.7. Verstoß gegen gesetzliche Regelungen und vertragliche Vereinbarungen 
Wenn Informationen, Geschäftsprozesse und IT-Systeme einer Institution unzureichend abgesichert sind, beispielsweise durch ein unzureichendes Sicherheitsmanagement, kann gegen Rechtsvorschriften mit Bezug zur Informationsverarbeitung oder gegen bestehende Verträge mit Geschäftspartnern und -partnerinnen verstoßen werden. Welche Gesetze jeweils zu beachten sind, hängt von der Art der Institution beziehungsweise ihrer Geschäftsprozesse und Dienstleistungen ab. Je nachdem, wo sich die Standorte einer Institution befinden, können auch verschiedene nationale und internationale Vorschriften zu beachten sein. Verfügt eine Institution über unzureichende Kenntnisse hinsichtlich internationaler Gesetzesvorgaben, z. B. zu Datenschutz, Informationspflicht, Insolvenzrecht, Haftung oder Informationszugriff für Dritte, erhöht dies das Risiko entsprechender Verstöße. Dann drohen rechtliche Konsequenzen. In vielen Branchen ist es üblich, dass Anwendende ihre Zuliefer- und Dienstleistungsunternehmen dazu verpflichten, bestimmte Qualitäts- und Sicherheitsstandards einzuhalten. Verstößt ein 
Vertragspartner oder -partnerin gegen vertraglich geregelte Sicherheitsanforderungen, kann dies Vertragsstrafen, Vertragsauflösungen oder sogar den Verlust von Geschäftsbeziehungen nach sich ziehen. ";"**Verstoß gegen gesetzliche Regelungen kann zu schwerwiegenden Konsequenzen führen**

Wenn Institutionen gegen gesetzliche Regelungen verstoßen, können sie rechtliche Konsequenzen, wie Geldstrafen oder sogar Schadensersatz, nach sich ziehen. Darüber hinaus kann ein Verstoß gegen gesetzliche Regelungen auch zu einer Verletzung der Integrität und Verfügbarkeit von Informationen führen.

**Beispiele für relevante Gesetze und Vorschriften**

In Deutschland gelten verschiedene Rechtsvorschriften, wie das Bundesdatenschutzgesetz, das Strafgesetzbuch und das Handelsgesetzbuch, die die ordnungsmäßige Verarbeitung von Informationen regeln. Ein Verstoß gegen diese Gesetze kann zu schwerwiegenden Konsequenzen führen.

**Verlust der Integrität und Verfügbarkeit von Informationen**

Ein Verstoß gegen gesetzliche Regelungen kann auch zu einem Verlust der Integrität und Verfügbarkeit von Informationen führen. Dies kann durch unzulässige Weitergabe von Informationen, unzureichende Identifikationsprüfung von Kommunikationspartnern und -partnerinnen oder unbeabsichtigte Weitergabe interner Informationen geschehen.

**Anforderungen an die Durchsetzung von Compliance-Anforderungen**

Um Verstöße gegen gesetzliche Regelungen zu verhindern, müssen Institutionen entsprechende Maßnahmen ergreifen. Dazu gehören die Festlegung von Verantwortlichkeiten und Regelungen, die Kommunikation von Sicherheitsregeln an die Mitarbeitenden und die Gewährleistung der Funktionsfähigkeit der eingesetzten Betriebsmittel.

**Anschlussfragen:**

1. Wie können Institutionen sicherstellen, dass ihre Mitarbeitenden die geltenden Regelungen kennen und befolgen?
2. Welche Maßnahmen können Institutionen ergreifen, um die Integrität und Verfügbarkeit von Informationen zu gewährleisten?
3. Wie können Institutionen sicherstellen, dass ihre IT-Systeme und -Anwendungen den Anforderungen an die Informationssicherheit entsprechen?";"**Verstoß gegen gesetzliche Regelungen kann zu schwerwiegenden Konsequenzen führen**

Wenn Institutionen gegen gesetzliche Regelungen verstoßen, können sie rechtliche Konsequenzen, wie Geldstrafen oder sogar Schadensersatz, nach sich ziehen. Darüber hinaus kann ein Verstoß gegen gesetzliche Regelungen auch zu einer Verletzung der Integrität und Verfügbarkeit von Informationen führen.

**Beispiele für relevante Gesetze und Vorschriften**

In Deutschland gelten verschiedene Rechtsvorschriften, wie das Bundesdatenschutzgesetz, das Strafgesetzbuch und das Handelsgesetzbuch, die die ordnungsmäßige Verarbeitung von Informationen regeln. Ein Verstoß gegen diese Gesetze kann zu schwerwiegenden Konsequenzen führen.

**Verlust der Integrität und Verfügbarkeit von Informationen**

Ein Verstoß gegen gesetzliche Regelungen kann auch zu einem Verlust der Integrität und Verfügbarkeit von Informationen führen. Dies kann durch unzulässige Weitergabe von Informationen, unzureichende Identifikationsprüfung von Kommunikationspartnern und -partnerinnen oder unbeabsichtigte Weitergabe interner Informationen geschehen.

**Anforderungen an die Durchsetzung von Compliance-Anforderungen**

Um Verstöße gegen gesetzliche Regelungen zu verhindern, müssen Institutionen entsprechende Maßnahmen ergreifen. Dazu gehören die Festlegung von Verantwortlichkeiten und Regelungen, die Kommunikation von Sicherheitsregeln an die Mitarbeitenden und die Gewährleistung der Funktionsfähigkeit der eingesetzten Betriebsmittel.";"1. Wie können Institutionen sicherstellen, dass ihre Mitarbeitenden die geltenden Regelungen kennen und befolgen?
2. Welche Maßnahmen können Institutionen ergreifen, um die Integrität und Verfügbarkeit von Informationen zu gewährleisten?
3. Wie können Institutionen sicherstellen, dass ihre IT-Systeme und -Anwendungen den Anforderungen an die Informationssicherheit entsprechen?";3;3;0.7116666666524333;0.9285714285714286;0.5555555555555556;0.43711340903565604;Wie können Institutionen sicherstellen, dass ihre Mitarbeitenden die geltenden Regelungen kennen und befolgen?;2;2;Direkte Beantwortung durch IT-Grundschutz;Welche Maßnahmen können Institutionen ergreifen, um die Integrität und Verfügbarkeit von Informationen zu gewährleisten?;2;1;Thematisch verwandt, aber nicht direkt;Wie können Institutionen sicherstellen, dass ihre IT-Systeme und -Anwendungen den Anforderungen an die Informationssicherheit entsprechen?;2;2;Direkt relevante Vertiefung;2.0;1.667
Wie müssen Mitarbeitende in den Sicherheitsprozess integriert werden?;"Mitarbeitende müssen in den Sicherheitsprozess integriert werden, indem sie über Hintergründe und relevante Gefährdungen informiert werden Quelle: ISMS.1.A8 Integration der Mitarbeitenden in den Sicherheitsprozess (B) [Vorgesetzte]. Sie müssen Sicherheitsmaßnahmen kennen und umsetzen, die ihren Arbeitsplatz betreffen, und in die Lage versetzt werden, Sicherheit aktiv mitzugestalten Quelle: ISMS.1.A8 Integration der Mitarbeitenden in den Sicherheitsprozess (B) [Vorgesetzte]. 

Anschlussfragen:
1. Wie sollten Mitarbeitende bei der Planung von Sicherheitsmaßnahmen einbezogen werden?
2. Welche Rolle spielen Vorgesetzte bei der Integration der Mitarbeitenden in den Sicherheitsprozess?
3. Wie können Mitarbeitende zu Fragen der Informationssicherheit geschult werden?";Mitarbeitende müssen in den Sicherheitsprozess integriert werden, indem sie über Hintergründe und relevante Gefährdungen informiert werden Quelle: ISMS.1.A8 Integration der Mitarbeitenden in den Sicherheitsprozess (B) [Vorgesetzte]. Sie müssen Sicherheitsmaßnahmen kennen und umsetzen, die ihren Arbeitsplatz betreffen, und in die Lage versetzt werden, Sicherheit aktiv mitzugestalten Quelle: ISMS.1.A8 Integration der Mitarbeitenden in den Sicherheitsprozess (B) [Vorgesetzte].;"ISMS.1.A8 Integration der Mitarbeitenden in den Sicherheitsprozess (B) [Vorgesetzte]  
Alle Mitarbeitenden MÜSSEN in den Sicherheitsprozess integriert sein. Hierfür MÜSSEN sie über Hintergründe und die für sie relevanten Gefährdungen informiert sein. Sie MÜSSEN Sicherheitsmaßnahmen kennen und umsetzen, die ihren Arbeitsplatz betreffen. Alle Mitarbeitenden MÜSSEN in die Lage versetzt werden, Sicherheit aktiv mitzugestalten. Daher SOLLTEN die Mitarbeitenden frühzeitig beteiligt werden, wenn Sicherheitsmaßnahmen zu planen oder organisatorische Regelungen zu gestalten sind. Bei der Einführung von Sicherheitsrichtlinien und Sicherheitswerkzeugen MÜSSEN die Mitarbeitenden ausreichend informiert sein, wie diese anzuwenden sind. Die Mitarbeitenden MÜSSEN darüber aufgeklärt werden, welche Konsequenzen eine Verletzung der Sicherheitsvorgaben haben kann. ";"Antwort:

Um Mitarbeitende in den Sicherheitsprozess zu integrieren, müssen sie sensibilisiert und geschult werden, um die Gefahren zu erkennen und zu vermeiden. Dies umfasst die Vermittlung sicherheitsrelevanter Aspekte des jeweiligen Arbeitsplatzes, die Einweisung in Sicherheitsmaßnahmen und die Schulung im Umgang mit diesen. Die Personalabteilung oder Vorgesetzte müssen sicherstellen, dass die Mitarbeitenden verantwortungsbewusst mit Informationen umgehen und sich gemäß den Vorgaben verhalten.

Anforderungen:

- Die Personalabteilung oder Vorgesetzte MÜSSEN sicherstellen, dass die Mitarbeitenden verantwortungsbewusst mit Informationen umgehen und sich gemäß den Vorgaben verhalten (ORP.2.1).
- Die Mitarbeitenden MÜSSEN sensibilisiert und geschult werden, um die Gefahren zu erkennen und zu vermeiden (ORP.2.2).
- Die Personalabteilung oder Vorgesetzte MÜSSEN sicherstellen, dass die Mitarbeitenden die erforderlichen Grundlagen für die Umsetzung von Sicherheitsmaßnahmen haben (ORP.2.3).

Quellen:

- ORP.2.1: Personalabteilung oder Vorgesetzte MÜSSEN sicherstellen, dass die Mitarbeitenden verantwortungsbewusst mit Informationen umgehen und sich gemäß den Vorgaben verhalten (ORP.2.1).
- ORP.2.2: Die Mitarbeitenden MÜSSEN sensibilisiert und geschult werden, um die Gefahren zu erkennen und zu vermeiden (ORP.2.2).
- ORP.2.3: Die Personalabteilung oder Vorgesetzte MÜSSEN sicherstellen, dass die Mitarbeitenden die erforderlichen Grundlagen für die Umsetzung von Sicherheitsmaßnahmen haben (ORP.2.3).

Anschlussfragen:

1. Wie können die Mitarbeitenden sensibilisiert und geschult werden, um die Gefahren zu erkennen und zu vermeiden?
2. Welche Rolle spielen die Personalabteilung oder Vorgesetzte bei der Sicherstellung, dass die Mitarbeitenden verantwortungsbewusst mit Informationen umgehen und sich gemäß den Vorgaben verhalten?
3. Wie können die erforderlichen Grundlagen für die Umsetzung von Sicherheitsmaßnahmen für die Mitarbeitenden geschaffen werden?";"Antwort:

Um Mitarbeitende in den Sicherheitsprozess zu integrieren, müssen sie sensibilisiert und geschult werden, um die Gefahren zu erkennen und zu vermeiden. Dies umfasst die Vermittlung sicherheitsrelevanter Aspekte des jeweiligen Arbeitsplatzes, die Einweisung in Sicherheitsmaßnahmen und die Schulung im Umgang mit diesen. Die Personalabteilung oder Vorgesetzte müssen sicherstellen, dass die Mitarbeitenden verantwortungsbewusst mit Informationen umgehen und sich gemäß den Vorgaben verhalten.

Anforderungen:

- Die Personalabteilung oder Vorgesetzte MÜSSEN sicherstellen, dass die Mitarbeitenden verantwortungsbewusst mit Informationen umgehen und sich gemäß den Vorgaben verhalten (ORP.2.1).
- Die Mitarbeitenden MÜSSEN sensibilisiert und geschult werden, um die Gefahren zu erkennen und zu vermeiden (ORP.2.2).
- Die Personalabteilung oder Vorgesetzte MÜSSEN sicherstellen, dass die Mitarbeitenden die erforderlichen Grundlagen für die Umsetzung von Sicherheitsmaßnahmen haben (ORP.2.3).

Quellen:

- ORP.2.1: Personalabteilung oder Vorgesetzte MÜSSEN sicherstellen, dass die Mitarbeitenden verantwortungsbewusst mit Informationen umgehen und sich gemäß den Vorgaben verhalten (ORP.2.1).
- ORP.2.2: Die Mitarbeitenden MÜSSEN sensibilisiert und geschult werden, um die Gefahren zu erkennen und zu vermeiden (ORP.2.2).
- ORP.2.3: Die Personalabteilung oder Vorgesetzte MÜSSEN sicherstellen, dass die Mitarbeitenden die erforderlichen Grundlagen für die Umsetzung von Sicherheitsmaßnahmen haben (ORP.2.3).";"1. Wie können die Mitarbeitenden sensibilisiert und geschult werden, um die Gefahren zu erkennen und zu vermeiden?
2. Welche Rolle spielen die Personalabteilung oder Vorgesetzte bei der Sicherstellung, dass die Mitarbeitenden verantwortungsbewusst mit Informationen umgehen und sich gemäß den Vorgaben verhalten?
3. Wie können die erforderlichen Grundlagen für die Umsetzung von Sicherheitsmaßnahmen für die Mitarbeitenden geschaffen werden?";3;3;0.9999999999875;0.4878048780487805;0.45454545454545453;0.7655747402953326;Wie können die Mitarbeitenden sensibilisiert und geschult werden, um die Gefahren zu erkennen und zu vermeiden?;2;2;Direkte Sensibilisierung und Schulung;Welche Rolle spielen die Personalabteilung oder Vorgesetzte bei der Sicherstellung, dass die Mitarbeitenden verantwortungsbewusst mit Informationen umgehen und sich gemäß den Vorgaben verhalten?;2;2;Rolle von Vorgesetzten und Personalabteilung;Wie können die erforderlichen Grundlagen für die Umsetzung von Sicherheitsmaßnahmen für die Mitarbeitenden geschaffen werden?;2;2;Direkte Umsetzung von Sicherheitsmaßnahmen;2.0;2.0
Welche Vertretungsregelungen müssen im Sicherheitsmanagement existieren?;"Für alle wichtigen Funktionen der Organisation für Informationssicherheit MUSS es wirksame Vertretungsregelungen geben Quelle: ISMS.1.A6 (S. nicht spezifiziert, da keine Seitenzahl im bereitgestellten Kontext vorhanden ist). Dies bedeutet, dass im Sicherheitsmanagement Vertretungsregelungen existieren müssen, um sicherzustellen, dass wichtige Funktionen auch im Falle der Abwesenheit oder Verhinderung von Schlüsselpersonen weiterhin wahrgenommen werden können.

Anschlussfragen:
1. Wie sollten die Vertretungsregelungen im Sicherheitsmanagement dokumentiert werden?
2. Welche Rolle spielen qualifizierte Personen im Sicherheitsmanagement und wie sollten sie ausgewählt werden?
3. Wie oft sollten die Vertretungsregelungen und die Organisationsstruktur für Informationssicherheit überprüft und angepasst werden?";Für alle wichtigen Funktionen der Organisation für Informationssicherheit MUSS es wirksame Vertretungsregelungen geben Quelle: ISMS.1.A6 (S. nicht spezifiziert, da keine Seitenzahl im bereitgestellten Kontext vorhanden ist). Dies bedeutet, dass im Sicherheitsmanagement Vertretungsregelungen existieren müssen, um sicherzustellen, dass wichtige Funktionen auch im Falle der Abwesenheit oder Verhinderung von Schlüsselpersonen weiterhin wahrgenommen werden können.;"ISMS.1.A6 Aufbau einer geeigneten Organisationsstruktur für Informationssicherheit (B) [Institutionsleitung]  
Eine geeignete übergreifende Organisationsstruktur für Informationssicherheit MUSS vorhanden sein. Dafür MÜSSEN Rollen definiert sein, die konkrete Aufgaben übernehmen, um die Sicherheitsziele zu erreichen. Außerdem MÜSSEN qualifizierte Personen benannt werden, denen ausreichend Ressourcen zur Verfügung stehen, um diese Rollen zu übernehmen. Die Aufgaben, Rollen, Verantwortungen und Kompetenzen im Sicherheitsmanagement MÜSSEN nachvollziehbar definiert und zugewiesen sein. Für alle wichtigen Funktionen der Organisation für Informationssicherheit MUSS es wirksame Vertretungsregelungen geben. Kommunikationswege MÜSSEN geplant, beschrieben, eingerichtet und bekannt gemacht werden. Es MUSS für alle Aufgaben und Rollen festgelegt sein, wer wen informiert und wer bei welchen Aktionen 
in welchem Umfang informiert werden muss. Es MUSS regelmäßig geprüft werden, ob die Organisationsstruktur für Informationssicherheit noch angemessen ist oder ob sie an neue Rahmenbedingungen angepasst werden muss.";"Antwort:

Vertretungsregelungen müssen im Sicherheitsmanagement existieren, um sicherzustellen, dass im Falle von Abwesenheit oder Unverfügbarkeit von Mitarbeitern wichtige Aufgaben und Verantwortlichkeiten übernommen werden können. Die Vorgesetzten müssen dafür sorgen, dass praktikable Vertretungsregelungen für alle wesentlichen Geschäftsprozesse und Aufgaben existieren.

Die Vertretungsregelungen müssen den Aufgabenumfang der Vertretung im Vorfeld klar definieren und sicherstellen, dass die Vertretung über das dafür notwendige Wissen verfügt. Wenn dies nicht der Fall ist, muss überprüft werden, wie der Vertretenden zu schulen ist oder ob es ausreicht, den aktuellen Verfahrens- oder Projektstand ausreichend zu dokumentieren.

Für jede Administrationsaufgabe muss eine Vertretung benannt werden, die über die notwendigen administrativen Berechtigungen (organisatorisch und technisch) verfügt, um die Tätigkeit durchführen zu können. Die Vertretung muss auch über die im Kontext der Administrationsaufgabe notwendigen Kenntnisse verfügen.

Die Regelung der Vertretung muss Mangel- und Notfallsituationen berücksichtigen.

Quelle: APP.3.1.A1 (S.391)

Anschlussfragen:

1. Wie müssen die Vertretungsregelungen für das Systemmanagement festgelegt werden?
2. Welche Vorgaben müssen in der Sicherheitsrichtlinie für das Systemmanagement enthalten sein?
3. Wie müssen die Vertretungsregelungen für das Netzmanagement festgelegt werden?";"Antwort:

Vertretungsregelungen müssen im Sicherheitsmanagement existieren, um sicherzustellen, dass im Falle von Abwesenheit oder Unverfügbarkeit von Mitarbeitern wichtige Aufgaben und Verantwortlichkeiten übernommen werden können. Die Vorgesetzten müssen dafür sorgen, dass praktikable Vertretungsregelungen für alle wesentlichen Geschäftsprozesse und Aufgaben existieren.

Die Vertretungsregelungen müssen den Aufgabenumfang der Vertretung im Vorfeld klar definieren und sicherstellen, dass die Vertretung über das dafür notwendige Wissen verfügt. Wenn dies nicht der Fall ist, muss überprüft werden, wie der Vertretenden zu schulen ist oder ob es ausreicht, den aktuellen Verfahrens- oder Projektstand ausreichend zu dokumentieren.

Für jede Administrationsaufgabe muss eine Vertretung benannt werden, die über die notwendigen administrativen Berechtigungen (organisatorisch und technisch) verfügt, um die Tätigkeit durchführen zu können. Die Vertretung muss auch über die im Kontext der Administrationsaufgabe notwendigen Kenntnisse verfügen.

Die Regelung der Vertretung muss Mangel- und Notfallsituationen berücksichtigen.

Quelle: APP.3.1.A1 (S.391)";"1. Wie müssen die Vertretungsregelungen für das Systemmanagement festgelegt werden?
2. Welche Vorgaben müssen in der Sicherheitsrichtlinie für das Systemmanagement enthalten sein?
3. Wie müssen die Vertretungsregelungen für das Netzmanagement festgelegt werden?";3;3;0.6178571428416965;1.0;0.8181818181818182;0.7746970868465819;Wie müssen die Vertretungsregelungen für das Systemmanagement festgelegt werden?;2;2;Direkte Vertretungsregelungen;Welche Vorgaben müssen in der Sicherheitsrichtlinie für das Systemmanagement enthalten sein?;2;2;Direkte Relevanz zur Sicherheitsrichtlinie;Wie müssen die Vertretungsregelungen für das Netzmanagement festgelegt werden?;2;2;Direkte Vertretungsregelungen;2.0;2.0
Was sollten Management-Berichte zur Informationssicherheit enthalten?;"Management-Berichte zur Informationssicherheit sollten die wesentlichen relevanten Informationen über den Sicherheitsprozess enthalten, insbesondere über Probleme, Erfolge und Verbesserungsmöglichkeiten Quelle: ISMS.1.A12 (S). Sie sollten auch klar priorisierte Maßnahmenvorschläge enthalten, die mit realistischen Abschätzungen zum erwarteten Umsetzungsaufwand versehen sind Quelle: ISMS.1.A12 (S). 

Anschlussfragen:
1. Wie sollten die Management-Berichte zur Informationssicherheit archiviert werden?
2. Welche Rolle spielt die Institutionsleitung bei der Erstellung von Management-Berichten zur Informationssicherheit?
3. Wie oft sollten Sicherheitsrevisionen in der Institution durchgeführt werden?";Management-Berichte zur Informationssicherheit sollten die wesentlichen relevanten Informationen über den Sicherheitsprozess enthalten, insbesondere über Probleme, Erfolge und Verbesserungsmöglichkeiten Quelle: ISMS.1.A12 (S). Sie sollten auch klar priorisierte Maßnahmenvorschläge enthalten, die mit realistischen Abschätzungen zum erwarteten Umsetzungsaufwand versehen sind Quelle: ISMS.1.A12 (S).;"ISMS.1.A12 Management-Berichte zur Informationssicherheit (S) [Institutionsleitung]  
Die Institutionsleitung SOLLTE sich regelmäßig über den Stand der Informationssicherheit informieren, insbesondere über die aktuelle Gefährdungslage sowie die Wirksamkeit und Effizienz des Sicherheitsprozesses. Dazu SOLLTEN Management-Berichte geschrieben werden, welche die wesentlichen relevanten Informationen über den Sicherheitsprozess enthalten, insbesondere über Probleme, Erfolge und Verbesserungsmöglichkeiten. Die Management-Berichte SOLLTEN klar priorisierte Maßnahmenvorschläge enthalten. Die Maßnahmenvorschläge SOLLTEN mit realistischen Abschätzungen zum erwarteten Umsetzungsaufwand versehen sein. Die Management-Berichte SOLLTEN revisionssicher archiviert werden. Die Management-Entscheidungen über erforderliche Aktionen, den Umgang mit Restrisiken und mit 
Veränderungen von sicherheitsrelevanten Prozessen SOLLTEN dokumentiert sein. Die Management-Entscheidungen SOLLTEN revisionssicher archiviert werden.

";"Managementberichte zur Informationssicherheit sollten folgende Punkte enthalten:

- Status und Umsetzungsgrad des Sicherheitskonzepts (Quelle: APP.3.1.A1 (S.391))
- Ergebnisse von Audits und Datenschutzkontrollen (Quelle: APP.3.1.A1 (S.391))
- Berichte über Sicherheitsvorfälle (Quelle: APP.3.1.A1 (S.391))
- Berichte über bisherige Erfolge und Probleme beim Informationssicherheitsprozess (Quelle: APP.3.1.A1 (S.391))
- Berichte über die Reduzierung bestehender Umsetzungsdefizite und der damit verbundenen Risiken (Risikobehandlungsplan, siehe BSI-Standard 200-3) (Quelle: APP.3.1.A1 (S.391))

Diese Informationen sollten in angemessener Form der Leitungsebene übermittelt werden, damit diese die richtigen Entscheidungen bei der Steuerung und Lenkung des Informationssicherheitsprozesses treffen kann.

Anschlussfragen:

1. Welche Rolle spielt die Dokumentation bei der Informationssicherheit?
2. Wie kann die Kommunikation innerhalb einer Institution verbessert werden?
3. Welche Bedeutung hat die Klassifikation von Informationen bei der Informationssicherheit?";"Managementberichte zur Informationssicherheit sollten folgende Punkte enthalten:

- Status und Umsetzungsgrad des Sicherheitskonzepts (Quelle: APP.3.1.A1 (S.391))
- Ergebnisse von Audits und Datenschutzkontrollen (Quelle: APP.3.1.A1 (S.391))
- Berichte über Sicherheitsvorfälle (Quelle: APP.3.1.A1 (S.391))
- Berichte über bisherige Erfolge und Probleme beim Informationssicherheitsprozess (Quelle: APP.3.1.A1 (S.391))
- Berichte über die Reduzierung bestehender Umsetzungsdefizite und der damit verbundenen Risiken (Risikobehandlungsplan, siehe BSI-Standard 200-3) (Quelle: APP.3.1.A1 (S.391))

Diese Informationen sollten in angemessener Form der Leitungsebene übermittelt werden, damit diese die richtigen Entscheidungen bei der Steuerung und Lenkung des Informationssicherheitsprozesses treffen kann.";"1. Welche Rolle spielt die Dokumentation bei der Informationssicherheit?
2. Wie kann die Kommunikation innerhalb einer Institution verbessert werden?
3. Welche Bedeutung hat die Klassifikation von Informationen bei der Informationssicherheit?";3;3;0.5873015872820105;1.0;0.7142857142857143;0.7095130850017393;Welche Rolle spielt die Dokumentation bei der Informationssicherheit?;2;2;Dokumentation ist thematisch relevant;Wie kann die Kommunikation innerhalb einer Institution verbessert werden?;1;1;Kommunikation verbessern;Welche Bedeutung hat die Klassifikation von Informationen bei der Informationssicherheit?;2;2;Klassifikation von Informationen;1.667;1.667
Welche Risiken entstehen durch fehlende Aktualisierung im Sicherheitsprozess?;"Durch fehlende Aktualisierung im Sicherheitsprozess kann das Sicherheitsniveau innerhalb einer Institution verringert werden, was zu einer gefährlichen Scheinsicherheit führen kann Quelle: ISMS.1 Gefährdungslage Kap 2.6. Dies geschieht, weil neue Geschäftsprozesse, Anwendungen, IT-Systeme und Bedrohungen den Status der Informationssicherheit permanent beeinflussen Quelle: ISMS.1 Gefährdungslage Kap 2.6. Ein effektives Revisionskonzept, das auch das Bewusstsein für neue Bedrohungen stärkt, ist daher notwendig, um das Sicherheitsniveau aufrechtzuerhalten Quelle: ISMS.1 Gefährdungslage Kap 2.6.

Anschlussfragen:
1. Wie kann ein effektives Revisionskonzept zur Stärkung des Bewusstseins für neue Bedrohungen umgesetzt werden?
2. Welche Rolle spielen regelmäßige Sicherheitsrevisionen und Schulungen zur Informationssicherheit im Sicherheitsprozess?
3. Wie können Mitarbeiter und Externe systematisch und zielgruppengerecht zu Sicherheitsrisiken sensibilisiert werden?";Durch fehlende Aktualisierung im Sicherheitsprozess kann das Sicherheitsniveau innerhalb einer Institution verringert werden, was zu einer gefährlichen Scheinsicherheit führen kann Quelle: ISMS.1 Gefährdungslage Kap 2.6. Dies geschieht, weil neue Geschäftsprozesse, Anwendungen, IT-Systeme und Bedrohungen den Status der Informationssicherheit permanent beeinflussen Quelle: ISMS.1 Gefährdungslage Kap 2.6. Ein effektives Revisionskonzept, das auch das Bewusstsein für neue Bedrohungen stärkt, ist daher notwendig, um das Sicherheitsniveau aufrechtzuerhalten Quelle: ISMS.1 Gefährdungslage Kap 2.6.;"ISMS.1 Gefährdungslage Kap 2.6
2.6. Fehlende Aktualisierung im Sicherheitsprozess Neue Geschäftsprozesse, Anwendungen und IT-Systeme sowie neue Bedrohungen beeinflussen permanent den Status der Informationssicherheit innerhalb einer Institution. Fehlt ein effektives Revisionskonzept, das auch das Bewusstsein für neue Bedrohungen stärkt, verringert sich das Sicherheitsniveau. Aus der realen Sicherheit wird dann schleichend eine gefährliche Scheinsicherheit. ";"**ORP.1.A1 Festlegung von Verantwortlichkeiten und Regelungen (B) [Institutionsleitung]**

Die fehlende Aktualisierung im Sicherheitsprozess kann zu verschiedenen Risiken führen, darunter:

*   **Verstoß gegen gesetzliche Regelungen und vertragliche Vereinbarungen**: Wenn Informationen, Geschäftsprozesse und IT-Systeme einer Institution unzureichend abgesichert sind, kann gegen Rechtsvorschriften mit Bezug zur Informationsverarbeitung oder gegen bestehende Verträge mit Geschäftspartnern und -partnerinnen verstoßen werden.
*   **Störung der Geschäftsabläufe aufgrund von Sicherheitsvorfällen**: Sicherheitsvorfälle können durch ein einzelnes Ereignis oder eine Verkettung unglücklicher Umstände ausgelöst werden und dazu führen, dass die Vertraulichkeit, Integrität oder Verfügbarkeit von Informationen und IT-Systemen beeinträchtigt werden.
*   **Unwirtschaftlicher Umgang mit Ressourcen durch unzureichendes Sicherheitsmanagement**: Ein unzureichendes Sicherheitsmanagement kann dazu führen, dass falsche Prioritäten gesetzt werden und nicht an denjenigen Stellen investiert wird, die den größten Mehrwert für die Institution bringen.

**Anschlussfragen:**

1.  Wie kann die Aktualisierung im Sicherheitsprozess sicherstellen werden?
2.  Welche Maßnahmen können ergriffen werden, um die Risiken durch fehlende Aktualisierung im Sicherheitsprozess zu minimieren?
3.  Wie kann die Institution sicherstellen, dass die Sicherheitsmaßnahmen regelmäßig auf ihre Wirksamkeit und Angemessenheit überprüft werden?";"**ORP.1.A1 Festlegung von Verantwortlichkeiten und Regelungen (B) [Institutionsleitung]**

Die fehlende Aktualisierung im Sicherheitsprozess kann zu verschiedenen Risiken führen, darunter:

*   **Verstoß gegen gesetzliche Regelungen und vertragliche Vereinbarungen**: Wenn Informationen, Geschäftsprozesse und IT-Systeme einer Institution unzureichend abgesichert sind, kann gegen Rechtsvorschriften mit Bezug zur Informationsverarbeitung oder gegen bestehende Verträge mit Geschäftspartnern und -partnerinnen verstoßen werden.
*   **Störung der Geschäftsabläufe aufgrund von Sicherheitsvorfällen**: Sicherheitsvorfälle können durch ein einzelnes Ereignis oder eine Verkettung unglücklicher Umstände ausgelöst werden und dazu führen, dass die Vertraulichkeit, Integrität oder Verfügbarkeit von Informationen und IT-Systemen beeinträchtigt werden.
*   **Unwirtschaftlicher Umgang mit Ressourcen durch unzureichendes Sicherheitsmanagement**: Ein unzureichendes Sicherheitsmanagement kann dazu führen, dass falsche Prioritäten gesetzt werden und nicht an denjenigen Stellen investiert wird, die den größten Mehrwert für die Institution bringen.";"1.  Wie kann die Aktualisierung im Sicherheitsprozess sicherstellen werden?
2.  Welche Maßnahmen können ergriffen werden, um die Risiken durch fehlende Aktualisierung im Sicherheitsprozess zu minimieren?
3.  Wie kann die Institution sicherstellen, dass die Sicherheitsmaßnahmen regelmäßig auf ihre Wirksamkeit und Angemessenheit überprüft werden?";3;3;0.62499999996875;0.08333333333333333;0.4;0.4871450105910624;Wie kann die Aktualisierung im Sicherheitsprozess sicherstellen werden?;2;2;Aktualisierung im Sicherheitsprozess;Welche Maßnahmen können ergriffen werden, um die Risiken durch fehlende Aktualisierung im Sicherheitsprozess zu minimieren?;2;2;Direkte Minimierungsmaßnahmen;Wie kann die Institution sicherstellen, dass die Sicherheitsmaßnahmen regelmäßig auf ihre Wirksamkeit und Angemessenheit überprüft werden?;2;2;Direkte Überprüfung von Sicherheitsmaßnahmen;2.0;2.0
Muss es für Telearbeit formale Regelungen geben?;"Für Telearbeit müssen formale Regelungen existieren, um alle relevanten Aspekte zu regeln. Diese Regelungen müssen den Telearbeitenden zur Verfügung gestellt werden, um sicherzustellen, dass sie die geltenden Sicherheitsmaßnahmen verstehen und anwenden können. Quelle: OPS.1.2.4.A1 Regelungen für Telearbeit (B) [Vorgesetzte, Personalabteilung] 

Anschlussfragen:
1. Wie sollten die Regelungen für Telearbeit aktualisiert werden, um sicherzustellen, dass sie aktuell und effektiv bleiben?
2. Welche Rolle spielen Betriebsvereinbarungen und individuelle Vereinbarungen bei der Regelung von Telearbeit?
3. Wie können die Sicherheitsanforderungen an die Infrastruktur des Telearbeitsplatzes berücksichtigt werden, um eine sichere Telearbeitsumgebung zu gewährleisten?";Für Telearbeit müssen formale Regelungen existieren, um alle relevanten Aspekte zu regeln. Diese Regelungen müssen den Telearbeitenden zur Verfügung gestellt werden, um sicherzustellen, dass sie die geltenden Sicherheitsmaßnahmen verstehen und anwenden können. Quelle: OPS.1.2.4.A1 Regelungen für Telearbeit (B) [Vorgesetzte, Personalabteilung];OPS.1.2.4.A1 Regelungen für Telearbeit (B) [Vorgesetzte, Personalabteilung] Alle relevanten Aspekte der Telearbeit MÜSSEN geregelt werden. Zu Informationszwecken MÜSSEN den Telearbeitenden die geltenden Regelungen oder ein dafür vorgesehenes Merkblatt ausgehändigt werden, das die zu beachtenden Sicherheitsmaßnahmen erläutert. Alle strittigen Punkte MÜSSEN entweder durch Betriebsvereinbarungen oder durch zusätzlich zum Arbeitsvertrag getroffene individuelle Vereinbarungen zwischen dem Mitarbeitenden und der Institution geregelt werden. Die Regelungen MÜSSEN regelmäßig aktualisiert werden.;"Antwort:

Die Frage, ob es für Telearbeit formale Regelungen geben muss, kann mit Ja beantwortet werden. Die Telearbeit erfordert ergänzende organisatorische Absprachen zwischen den Mitarbeitenden und den Führungskräften, um sicherzustellen, dass die Telearbeit sicher und effizient durchgeführt wird. Dies umfasst die Definition von Verantwortlichkeiten, die Festlegung von Sicherheitsanforderungen und die Einführung von Kontrollmöglichkeiten, um Missbrauch zu verhindern.

Die Telearbeit erfordert auch die Einhaltung von Sicherheitsanforderungen, wie z.B. die Verwendung von sicheren IT-Systemen, die Einhaltung von Datenschutzbestimmungen und die Sicherung von Daten. Darüber hinaus müssen die Telearbeitenden über die notwendigen Fähigkeiten und Kenntnisse verfügen, um die Telearbeit sicher und effizient durchzuführen.

Die Telearbeit kann auch zu neuen Risiken führen, wie z.B. dem Risiko von Datenverlust oder -missbrauch, wenn die Telearbeitende nicht die notwendigen Sicherheitsmaßnahmen einhält. Um diese Risiken zu minimieren, müssen formale Regelungen geschaffen werden, die die Telearbeit sicher und effizient durchführen.

Anforderungen:

- ORP.1.A1 Festlegung von Verantwortlichkeiten und Regelungen (B) [Institutionsleitung]
- OPS.1.2.4 Telearbeit (B) [Institutionsleitung]
- INF.8 Häuslicher Arbeitsplatz (B) [Institutionsleitung]

Quellen:

- Quelle: OPS.1.2.4 Telearbeit (S. 1)
- Quelle: INF.8 Häuslicher Arbeitsplatz (S. 1)

Anschlussfragen:

1. Welche Sicherheitsanforderungen müssen für die Telearbeit erfüllt werden?
2. Wie können die Telearbeitenden über die notwendigen Fähigkeiten und Kenntnisse verfügen, um die Telearbeit sicher und effizient durchzuführen?
3. Welche Risiken können durch die Telearbeit entstehen und wie können diese minimiert werden?";"Antwort:

Die Frage, ob es für Telearbeit formale Regelungen geben muss, kann mit Ja beantwortet werden. Die Telearbeit erfordert ergänzende organisatorische Absprachen zwischen den Mitarbeitenden und den Führungskräften, um sicherzustellen, dass die Telearbeit sicher und effizient durchgeführt wird. Dies umfasst die Definition von Verantwortlichkeiten, die Festlegung von Sicherheitsanforderungen und die Einführung von Kontrollmöglichkeiten, um Missbrauch zu verhindern.

Die Telearbeit erfordert auch die Einhaltung von Sicherheitsanforderungen, wie z.B. die Verwendung von sicheren IT-Systemen, die Einhaltung von Datenschutzbestimmungen und die Sicherung von Daten. Darüber hinaus müssen die Telearbeitenden über die notwendigen Fähigkeiten und Kenntnisse verfügen, um die Telearbeit sicher und effizient durchzuführen.

Die Telearbeit kann auch zu neuen Risiken führen, wie z.B. dem Risiko von Datenverlust oder -missbrauch, wenn die Telearbeitende nicht die notwendigen Sicherheitsmaßnahmen einhält. Um diese Risiken zu minimieren, müssen formale Regelungen geschaffen werden, die die Telearbeit sicher und effizient durchführen.

Anforderungen:

- ORP.1.A1 Festlegung von Verantwortlichkeiten und Regelungen (B) [Institutionsleitung]
- OPS.1.2.4 Telearbeit (B) [Institutionsleitung]
- INF.8 Häuslicher Arbeitsplatz (B) [Institutionsleitung]

Quellen:

- Quelle: OPS.1.2.4 Telearbeit (S. 1)
- Quelle: INF.8 Häuslicher Arbeitsplatz (S. 1)";"1. Welche Sicherheitsanforderungen müssen für die Telearbeit erfüllt werden?
2. Wie können die Telearbeitenden über die notwendigen Fähigkeiten und Kenntnisse verfügen, um die Telearbeit sicher und effizient durchzuführen?
3. Welche Risiken können durch die Telearbeit entstehen und wie können diese minimiert werden?";3;3;0.48595238094266185;1.0;0.0;0.39871418599398395;Welche Sicherheitsanforderungen müssen für die Telearbeit erfüllt werden?;2;2;Direkte Sicherheitsanforderungen;Wie können die Telearbeitenden über die notwendigen Fähigkeiten und Kenntnisse verfügen, um die Telearbeit sicher und effizient durchzuführen?;2;2;Telearbeit und Fähigkeiten;Welche Risiken können durch die Telearbeit entstehen und wie können diese minimiert werden?;2;2;Telearbeit-Risiken direkt abgedeckt;2.0;2.0
Welche grundlegenden Sicherheitsanforderungen gelten für Telearbeitsrechner?;"Für Telearbeitsrechner gelten grundlegende Sicherheitsanforderungen, die sicherstellen, dass nur autorisierte Personen Zugang haben und der Rechner nur für autorisierte Zwecke benutzt werden kann. Konkret MÜSSEN sicherheitstechnische Anforderungen festgelegt werden, die ein IT-System für die Telearbeit erfüllen muss Quelle: OPS.1.2.4.A2 (S. nicht spezifiziert). Dazu gehören die Absicherung des Telearbeitsrechners und die Gewährleistung, dass nur autorisierte Personen Zugang haben Quelle: OPS.1.2.4.A2 (S. nicht spezifiziert).

Anschlussfragen:
1. Wie können die sicherheitstechnischen Anforderungen an Telearbeitsrechner umgesetzt werden?
2. Welche Rolle spielt die sichere Telekommunikationsverbindung zwischen Telearbeitsplatz und Institution?
3. Wie werden Anforderungen an die Datensicherung bei der Telearbeit geregelt?";Für Telearbeitsrechner gelten grundlegende Sicherheitsanforderungen, die sicherstellen, dass nur autorisierte Personen Zugang haben und der Rechner nur für autorisierte Zwecke benutzt werden kann. Konkret MÜSSEN sicherheitstechnische Anforderungen festgelegt werden, die ein IT-System für die Telearbeit erfüllen muss Quelle: OPS.1.2.4.A2 (S. nicht spezifiziert). Dazu gehören die Absicherung des Telearbeitsrechners und die Gewährleistung, dass nur autorisierte Personen Zugang haben Quelle: OPS.1.2.4.A2 (S. nicht spezifiziert).;OPS.1.2.4.A2 Sicherheitstechnische Anforderungen an den Telearbeitsrechner (B) Es MÜSSEN sicherheitstechnische Anforderungen festgelegt werden, die ein IT-System für die Telearbeit erfüllen muss. Es MUSS sichergestellt werden, dass nur autorisierte Personen Zugang zu den Telearbeitsrechnern haben. Darüber hinaus MUSS der Telearbeitsrechner so abgesichert werden, dass er nur für autorisierte Zwecke benutzt werden kann.;"Antwort:

Die grundlegenden Sicherheitsanforderungen für Telearbeitsrechner sind im Baustein OPS.1.2.4 Telearbeit definiert. Es MUSS sichergestellt werden, dass nur autorisierte Personen Zugang zu den Telearbeitsrechnern haben. Der Telearbeitsrechner MUSS so abgesichert werden, dass er nur für autorisierte Zwecke benutzt werden kann.

Es SOLLTE ein Sicherheitskonzept für die Telearbeit erstellt werden, das Sicherheitsziele, Schutzbedarf, Sicherheitsanforderungen sowie Risiken beschreibt. Das Konzept SOLLTE regelmäßig aktualisiert und überarbeitet werden.

Um Beschäftigten auf Auslandsreisen einen sicheren Fernzugriff auf das Netz der Institution zu ermöglichen, MUSS zuvor vom IT-Betrieb ein sicherer Remote-Zugang eingerichtet worden sein, z. B. ein Virtual Private Network (VPN). Der VPN-Zugang MUSS kryptografisch abgesichert sein. Außerdem MÜSSEN Benutzende über angemessen sichere Zugangsdaten verfügen, um sich gegenüber dem Endgerät und dem Netz der Institution erfolgreich zu authentisieren.

Quelle: OPS.1.2.4 Telearbeit (S. 1-2)

Anschlussfragen:

1. Wie kann ein Sicherheitskonzept für die Telearbeit erstellt werden?
2. Welche Anforderungen müssen an den Telearbeitsrechner gestellt werden, um sicherzustellen, dass nur autorisierte Personen Zugang haben?
3. Wie kann ein sicherer Remote-Zugriff auf das Netz der Institution eingerichtet werden?";"Antwort:

Die grundlegenden Sicherheitsanforderungen für Telearbeitsrechner sind im Baustein OPS.1.2.4 Telearbeit definiert. Es MUSS sichergestellt werden, dass nur autorisierte Personen Zugang zu den Telearbeitsrechnern haben. Der Telearbeitsrechner MUSS so abgesichert werden, dass er nur für autorisierte Zwecke benutzt werden kann.

Es SOLLTE ein Sicherheitskonzept für die Telearbeit erstellt werden, das Sicherheitsziele, Schutzbedarf, Sicherheitsanforderungen sowie Risiken beschreibt. Das Konzept SOLLTE regelmäßig aktualisiert und überarbeitet werden.

Um Beschäftigten auf Auslandsreisen einen sicheren Fernzugriff auf das Netz der Institution zu ermöglichen, MUSS zuvor vom IT-Betrieb ein sicherer Remote-Zugang eingerichtet worden sein, z. B. ein Virtual Private Network (VPN). Der VPN-Zugang MUSS kryptografisch abgesichert sein. Außerdem MÜSSEN Benutzende über angemessen sichere Zugangsdaten verfügen, um sich gegenüber dem Endgerät und dem Netz der Institution erfolgreich zu authentisieren.

Quelle: OPS.1.2.4 Telearbeit (S. 1-2)";"1. Wie kann ein Sicherheitskonzept für die Telearbeit erstellt werden?
2. Welche Anforderungen müssen an den Telearbeitsrechner gestellt werden, um sicherzustellen, dass nur autorisierte Personen Zugang haben?
3. Wie kann ein sicherer Remote-Zugriff auf das Netz der Institution eingerichtet werden?";3;3;0.9379251700546283;1.0;0.75;0.7700370005833559;Wie kann ein Sicherheitskonzept für die Telearbeit erstellt werden?;2;2;Direkt relevante Vertiefung;Welche Anforderungen müssen an den Telearbeitsrechner gestellt werden, um sicherzustellen, dass nur autorisierte Personen Zugang haben?;2;2;Direkte Abdeckung durch IT-Grundschutz;Wie kann ein sicherer Remote-Zugriff auf das Netz der Institution eingerichtet werden?;2;2;Direkt relevanter Remote-Zugriff;2.0;2.0
Müssen Mitarbeitende speziell geschult werden?;"Mitarbeitende MÜSSEN speziell geschult werden, um die Gefahren, die mit der Telearbeit verbunden sind, zu erkennen und entsprechende Sicherheitsmaßnahmen anzuwenden. Dies umfasst eine Sensibilisierung für die Gefahren der Telearbeit sowie eine Schulung im Umgang mit den Sicherheitsmaßnahmen der Institution Quelle: OPS.1.2.4.A5 (S. nicht spezifiziert). Die Schulungs- und Sensibilisierungsmaßnahmen SOLLTEN regelmäßig wiederholt werden, um die Mitarbeitenden auf dem aktuellen Stand zu halten Quelle: OPS.1.2.4.A5 (S. nicht spezifiziert).

Anschlussfragen:
1. Welche spezifischen Sicherheitsmaßnahmen MÜSSEN den Mitarbeitenden beigebracht werden?
2. Wie oft SOLLTEN die Schulungs- und Sensibilisierungsmaßnahmen für die Mitarbeitenden wiederholt werden?
3. Welche Rolle spielt die Institution bei der Bereitstellung von Schulungs- und Sensibilisierungsmaßnahmen für die Telearbeit?";Mitarbeitende MÜSSEN speziell geschult werden, um die Gefahren, die mit der Telearbeit verbunden sind, zu erkennen und entsprechende Sicherheitsmaßnahmen anzuwenden. Dies umfasst eine Sensibilisierung für die Gefahren der Telearbeit sowie eine Schulung im Umgang mit den Sicherheitsmaßnahmen der Institution Quelle: OPS.1.2.4.A5 (S. nicht spezifiziert). Die Schulungs- und Sensibilisierungsmaßnahmen SOLLTEN regelmäßig wiederholt werden, um die Mitarbeitenden auf dem aktuellen Stand zu halten Quelle: OPS.1.2.4.A5 (S. nicht spezifiziert).;OPS.1.2.4.A5 Sensibilisierung und Schulung der Mitarbeitenden (B) Anhand eines Leitfadens MÜSSEN die Mitarbeitenden für die Gefahren sensibilisiert werden, die mit der Telearbeit verbunden sind. Außerdem MÜSSEN sie in die entsprechenden Sicherheitsmaßnahmen der Institution eingewiesen und im Umgang mit diesen geschult werden. Die Schulungs- und Sensibilisierungsmaßnahmen für Mitarbeitenden SOLLTEN regelmäßig wiederholt werden.;"Antwort:

Mitarbeitende MÜSSEN regelmäßig geschult bzw. weitergebildet werden, um sicherzustellen, dass sie mit dem neuesten Wissensstand arbeiten. Dies ist insbesondere wichtig, um Missbrauch zu reduzieren und die Sicherheit der Institution zu gewährleisten (Quelle: APP.3.1.A1 (S.391)).

Die Schulungen SOLLTEN sich auf die spezifischen Bedürfnisse der Mitarbeitenden und der Institution ausrichten und regelmäßig wiederholt werden (Quelle: APP.3.1.A1 (S.391)).

Es ist empfehlenswert, externe Fachleute einzubeziehen oder Seminarangebote zu nutzen, wenn das BCMS noch im Aufbau ist und keine ausreichenden eigenen Erfahrungen und Kenntnisse vorliegen (Quelle: 13.6 Stabsübung (R+AS)).

Die Schulungsinhalte für die Stabsmitglieder SOLLTEN regelmäßig geprüft und angepasst werden, um sicherzustellen, dass sie mit den aktuellen Anforderungen und Veränderungen der Institution Schritt halten können (Quelle: 13.6 Stabsübung (R+AS)).

Anschlussfragen:

1. Wie oft SOLLTEN die Schulungen für die Mitarbeitenden wiederholt werden?
2. Welche Rolle SOLLTEN externe Fachleute bei der Schulung der Mitarbeitenden spielen?
3. Wie SOLLTEN die Schulungsinhalte für die Stabsmitglieder regelmäßig geprüft und angepasst werden?";"Antwort:

Mitarbeitende MÜSSEN regelmäßig geschult bzw. weitergebildet werden, um sicherzustellen, dass sie mit dem neuesten Wissensstand arbeiten. Dies ist insbesondere wichtig, um Missbrauch zu reduzieren und die Sicherheit der Institution zu gewährleisten (Quelle: APP.3.1.A1 (S.391)).

Die Schulungen SOLLTEN sich auf die spezifischen Bedürfnisse der Mitarbeitenden und der Institution ausrichten und regelmäßig wiederholt werden (Quelle: APP.3.1.A1 (S.391)).

Es ist empfehlenswert, externe Fachleute einzubeziehen oder Seminarangebote zu nutzen, wenn das BCMS noch im Aufbau ist und keine ausreichenden eigenen Erfahrungen und Kenntnisse vorliegen (Quelle: 13.6 Stabsübung (R+AS)).

Die Schulungsinhalte für die Stabsmitglieder SOLLTEN regelmäßig geprüft und angepasst werden, um sicherzustellen, dass sie mit den aktuellen Anforderungen und Veränderungen der Institution Schritt halten können (Quelle: 13.6 Stabsübung (R+AS)).";"1. Wie oft SOLLTEN die Schulungen für die Mitarbeitenden wiederholt werden?
2. Welche Rolle SOLLTEN externe Fachleute bei der Schulung der Mitarbeitenden spielen?
3. Wie SOLLTEN die Schulungsinhalte für die Stabsmitglieder regelmäßig geprüft und angepasst werden?";3;3;;;;;Wie oft SOLLTEN die Schulungen für die Mitarbeitenden wiederholt werden?;2;2;Regelmäßige Wiederholung;Welche Rolle SOLLTEN externe Fachleute bei der Schulung der Mitarbeitenden spielen?;2;2;Externe Fachleute bei Schulungen;Wie SOLLTEN die Schulungsinhalte für die Stabsmitglieder regelmäßig geprüft und angepasst werden?;2;2;Schulungsinhalte und -methoden;2.0;2.0
Muss es ein eigenes Sicherheitskonzept für Telearbeit geben?;"Es SOLLTE ein Sicherheitskonzept für die Telearbeit erstellt werden, das Sicherheitsziele, Schutzbedarf, Sicherheitsanforderungen sowie Risiken beschreibt Quelle: OPS.1.2.4.A6 (S). Dieses Konzept SOLLTE regelmäßig aktualisiert und überarbeitet werden und auf das übergreifende Sicherheitskonzept der Institution abgestimmt werden Quelle: OPS.1.2.4.A6 (S).

Anschlussfragen:
1. Wie sollten die Sicherheitsanforderungen an die Infrastruktur des Telearbeitsplatzes berücksichtigt werden?
2. Welche Rolle spielt die Kommunikationsverbindung zwischen Telearbeitsrechnern und Institution bei der Telearbeit?
3. Wie können die IT-Systeme für die Telearbeit konfiguriert und abgesichert werden?";Es SOLLTE ein Sicherheitskonzept für die Telearbeit erstellt werden, das Sicherheitsziele, Schutzbedarf, Sicherheitsanforderungen sowie Risiken beschreibt Quelle: OPS.1.2.4.A6 (S). Dieses Konzept SOLLTE regelmäßig aktualisiert und überarbeitet werden und auf das übergreifende Sicherheitskonzept der Institution abgestimmt werden Quelle: OPS.1.2.4.A6 (S).;OPS.1.2.4.A6 Erstellen eines Sicherheitskonzeptes für Telearbeit (S) Es SOLLTE ein Sicherheitskonzept für die Telearbeit erstellt werden, das Sicherheitsziele, Schutzbedarf, Sicherheitsanforderungen sowie Risiken beschreibt. Das Konzept SOLLTE regelmäßig aktualisiert und überarbeitet werden. Das Sicherheitskonzept zur Telearbeit SOLLTE auf das übergreifende Sicherheitskonzept der Institution abgestimmt werden.;"Antwort:

Es SOLLTE ein eigenes Sicherheitskonzept für Telearbeit geben, das Sicherheitsziele, Schutzbedarf, Sicherheitsanforderungen sowie Risiken beschreibt. Das Konzept SOLLTE regelmäßig aktualisiert und überarbeitet werden. Das Sicherheitskonzept zur Telearbeit SOLLTE auf das übergreifende Sicherheitskonzept der Institution abgestimmt werden.

Quelle: OPS.1.2.4 Telearbeit (S. 204-205)

Anschlussfragen:

1. Welche Sicherheitsanforderungen müssen an die Infrastruktur des Telearbeitsplatzes gestellt werden?
2. Wie kann das Sicherheitskonzept für Telearbeit regelmäßig aktualisiert und überarbeitet werden?
3. Welche Rolle spielt das übergreifende Sicherheitskonzept der Institution bei der Erstellung des Sicherheitskonzepts für Telearbeit?";"Antwort:

Es SOLLTE ein eigenes Sicherheitskonzept für Telearbeit geben, das Sicherheitsziele, Schutzbedarf, Sicherheitsanforderungen sowie Risiken beschreibt. Das Konzept SOLLTE regelmäßig aktualisiert und überarbeitet werden. Das Sicherheitskonzept zur Telearbeit SOLLTE auf das übergreifende Sicherheitskonzept der Institution abgestimmt werden.

Quelle: OPS.1.2.4 Telearbeit (S. 204-205)";"1. Welche Sicherheitsanforderungen müssen an die Infrastruktur des Telearbeitsplatzes gestellt werden?
2. Wie kann das Sicherheitskonzept für Telearbeit regelmäßig aktualisiert und überarbeitet werden?
3. Welche Rolle spielt das übergreifende Sicherheitskonzept der Institution bei der Erstellung des Sicherheitskonzepts für Telearbeit?";3;3;0.74999999998125;1.0;0.25;0.877970922382566;Welche Sicherheitsanforderungen müssen an die Infrastruktur des Telearbeitsplatzes gestellt werden?;2;2;Direkte Sicherheitsanforderungen;Wie kann das Sicherheitskonzept für Telearbeit regelmäßig aktualisiert und überarbeitet werden?;2;2;Aktualisierung des Sicherheitskonzepts;Welche Rolle spielt das übergreifende Sicherheitskonzept der Institution bei der Erstellung des Sicherheitskonzepts für Telearbeit?;2;2;Direkte Beziehung zum Sicherheitskonzept;2.0;2.0
Wie soll die Nutzung von Internet und Kommunikationsmitteln geregelt werden?;"Die Nutzung von Internet und Kommunikationsmitteln bei der Telearbeit SOLLTE klar geregelt werden, um Missbrauch zu vermeiden. Die dienstliche und private Nutzung von Internetdiensten SOLLTE geregelt werden, einschließlich der Klärung, ob eine private Nutzung generell erlaubt oder unterbunden wird Quelle: OPS.1.2.4.A7 (S). 

Anschlussfragen:
1. Wie können die Kommunikationsmöglichkeiten bei der Telearbeit unter welchen Rahmenbedingungen genutzt werden?
2. Welche Rolle spielt die Datensicherung bei der Telearbeit, wenn Daten nicht unmittelbar auf IT-Systemen der Institution gespeichert werden?
3. Wie können die Sicherheitsanforderungen an die Infrastruktur des Telearbeitsplatzes berücksichtigt werden?";Die Nutzung von Internet und Kommunikationsmitteln bei der Telearbeit SOLLTE klar geregelt werden, um Missbrauch zu vermeiden. Die dienstliche und private Nutzung von Internetdiensten SOLLTE geregelt werden, einschließlich der Klärung, ob eine private Nutzung generell erlaubt oder unterbunden wird Quelle: OPS.1.2.4.A7 (S).;OPS.1.2.4.A7 Regelung der Nutzung von Kommunikationsmöglichkeiten bei Telearbeit (S) [IT-Betrieb, Mitarbeitende] Es SOLLTE klar geregelt werden, welche Kommunikationsmöglichkeiten bei der Telearbeit unter welchen Rahmenbedingungen genutzt werden dürfen. Die dienstliche und private Nutzung von Internetdiensten bei der Telearbeit SOLLTE geregelt werden. Dabei SOLLTE auch geklärt werden, ob eine private Nutzung generell erlaubt oder unterbunden wird.;"Antwort:

Die Nutzung von Internet und Kommunikationsmitteln MUSS in einer Institution geregelt werden, um die Sicherheit und den Schutz der Informationen zu gewährleisten. Hierfür MUSS eine generelle Richtlinie für den Einsatz von Smartphones und Tablets festgelegt werden, die unter anderem festlegt, wer mit Smartphones auf welche Informationen der Institution zugreifen darf.

Die erlaubte Nutzung von Cloud-Diensten für Informationen der Institution MUSS geklärt und festgelegt werden. Es MUSS festgelegt werden, ob und in welchem Umfang Cloud-Dienste bei privater Nutzung der Geräte erlaubt sind. Die Benutzenden MÜSSEN regelmäßig bezüglich der Nutzung solcher Cloud-Dienste sensibilisiert werden.

Die Institution MUSS im Zusammenhang mit Smartphones und Tablets eine generelle Strategie für die Cloud-Nutzung sowie für den Schutz und die Kontrolle der Informationen festlegen. Die erlaubte Nutzung von Cloud-Diensten für Informationen der Institution MUSS geklärt und festgelegt werden.

Die Datenflüsse MÜSSEN durch die Firewall-Struktur auf die benötigten Protokolle und Kommunikationsbeziehungen eingeschränkt werden. Der Internetverkehr MUSS über die Firewall-Struktur geführt werden.

Die Institution MUSS eine generelle Strategie für den Einsatz von WLANs festlegen, die unter anderem festlegt, in welchen Organisationseinheiten, für welche Anwendungen und zu welchem Zweck WLANs eingesetzt und welche Informationen darüber übertragen werden dürfen.

Quelle: NET.1.1.A4 (S. 123), NET.1.2.A1 (S. 145), APP.3.1.A1 (S. 391)

Anschlussfragen:

1. Wie kann die Nutzung von Cloud-Diensten für Informationen der Institution geregelt werden?
2. Welche Rolle spielt die Firewall bei der Sicherung des Internetzugangs?
3. Wie kann die Strategie für den Einsatz von WLANs in einer Institution umgesetzt werden?";"Antwort:

Die Nutzung von Internet und Kommunikationsmitteln MUSS in einer Institution geregelt werden, um die Sicherheit und den Schutz der Informationen zu gewährleisten. Hierfür MUSS eine generelle Richtlinie für den Einsatz von Smartphones und Tablets festgelegt werden, die unter anderem festlegt, wer mit Smartphones auf welche Informationen der Institution zugreifen darf.

Die erlaubte Nutzung von Cloud-Diensten für Informationen der Institution MUSS geklärt und festgelegt werden. Es MUSS festgelegt werden, ob und in welchem Umfang Cloud-Dienste bei privater Nutzung der Geräte erlaubt sind. Die Benutzenden MÜSSEN regelmäßig bezüglich der Nutzung solcher Cloud-Dienste sensibilisiert werden.

Die Institution MUSS im Zusammenhang mit Smartphones und Tablets eine generelle Strategie für die Cloud-Nutzung sowie für den Schutz und die Kontrolle der Informationen festlegen. Die erlaubte Nutzung von Cloud-Diensten für Informationen der Institution MUSS geklärt und festgelegt werden.

Die Datenflüsse MÜSSEN durch die Firewall-Struktur auf die benötigten Protokolle und Kommunikationsbeziehungen eingeschränkt werden. Der Internetverkehr MUSS über die Firewall-Struktur geführt werden.

Die Institution MUSS eine generelle Strategie für den Einsatz von WLANs festlegen, die unter anderem festlegt, in welchen Organisationseinheiten, für welche Anwendungen und zu welchem Zweck WLANs eingesetzt und welche Informationen darüber übertragen werden dürfen.

Quelle: NET.1.1.A4 (S. 123), NET.1.2.A1 (S. 145), APP.3.1.A1 (S. 391)";"1. Wie kann die Nutzung von Cloud-Diensten für Informationen der Institution geregelt werden?
2. Welche Rolle spielt die Firewall bei der Sicherung des Internetzugangs?
3. Wie kann die Strategie für den Einsatz von WLANs in einer Institution umgesetzt werden?";3;3;;;;;Wie kann die Nutzung von Cloud-Diensten für Informationen der Institution geregelt werden?;2;2;Direkte Regelung von Cloud-Diensten;Welche Rolle spielt die Firewall bei der Sicherung des Internetzugangs?;2;2;Firewall regelt Internetzugang;Wie kann die Strategie für den Einsatz von WLANs in einer Institution umgesetzt werden?;2;2;Direkte Regelung von WLAN-Einsatz;2.0;2.0
Wie wird sichergestellt, dass Telearbeitende gut informiert bleiben?;"Um sicherzustellen, dass Telearbeitende gut informiert bleiben, SOLLTE ein regelmäßiger innerbetrieblicher Informationsaustausch zwischen den Mitarbeitenden und der Institution gewährleistet sein Quelle: OPS.1.2.4.A8 (S). Alle Mitarbeitenden SOLLTEN zeitnah über geänderte Sicherheitsanforderungen und andere sicherheitsrelevante Aspekte informiert werden Quelle: OPS.1.2.4.A8 (S). 

Anschlussfragen:
1. Wie werden technische und organisatorische Telearbeitsregelungen zur Aufgabenbewältigung und zu Sicherheitsvorfällen geregelt und kommuniziert?
2. Welche Rolle spielt die sichere Telekommunikationsverbindung zwischen dem Telearbeitsplatz und der Institution bei der Informationsübermittlung?
3. Wie werden Anforderungen an die Datensicherung bei der Telearbeit geregelt, wenn Daten nicht unmittelbar auf IT-Systemen der Institution gespeichert werden?";Um sicherzustellen, dass Telearbeitende gut informiert bleiben, SOLLTE ein regelmäßiger innerbetrieblicher Informationsaustausch zwischen den Mitarbeitenden und der Institution gewährleistet sein Quelle: OPS.1.2.4.A8 (S). Alle Mitarbeitenden SOLLTEN zeitnah über geänderte Sicherheitsanforderungen und andere sicherheitsrelevante Aspekte informiert werden Quelle: OPS.1.2.4.A8 (S).;OPS.1.2.4.A8 Informationsfluss zwischen Mitarbeitenden und Institution (S) [Vorgesetzte, Mitarbeitende] Ein regelmäßiger innerbetrieblicher Informationsaustausch zwischen den Mitarbeitenden und der Institution SOLLTE gewährleistet sein. Alle Mitarbeitenden SOLLTEN zeitnah über geänderte Sicherheitsanforderungen und andere sicherheitsrelevante Aspekte informiert werden. Allen Kollegen und Kolleginnen der jeweiligen Mitarbeitenden SOLLTE bekannt sein, wann und wo diese erreicht werden können. Technische und organisatorische Telearbeitsregelungen zur Aufgabenbewältigung, zu Sicherheitsvorfällen und sonstigen Problemen SOLLTEN geregelt und an die Mitarbeitenden kommuniziert werden.;"Um sicherzustellen, dass Telearbeitende gut informiert bleiben, MÜSSEN sie regelmäßig über die Sicherheitsmaßnahmen und -anforderungen der Institution informiert werden. Dies kann durch eine Schulung und Sensibilisierung der Mitarbeitenden erreicht werden.

Die Schulungs- und Sensibilisierungsmaßnahmen SOLLTEN regelmäßig wiederholt werden, um sicherzustellen, dass die Mitarbeitenden die neuesten Informationen und Anforderungen kennen. Die Schulung SOLLTE auch die Gefahren sensibilisieren, die mit der Telearbeit verbunden sind, und die Mitarbeitenden in die entsprechenden Sicherheitsmaßnahmen der Institution eingewiesen werden.

Die Institution SOLLTE auch sicherstellen, dass die Telearbeitenden zeitlich mindestens dieselben Informationen erhalten wie die allgemeine Öffentlichkeit. Dies kann durch die zeitgleiche oder frühere internen Kommunikation von Informationen aus der externen NuK-Kommunikation erreicht werden.

Quelle: OPS.1.2.4 Telearbeit (S. 204-205)

Anschlussfragen:
1. Wie kann die Institution sicherstellen, dass die Telearbeitenden die neuesten Informationen und Anforderungen kennen?
2. Welche Rolle spielt die Sensibilisierung und Schulung der Mitarbeitenden bei der Sicherstellung der Informationssicherheit?
3. Wie kann die Institution sicherstellen, dass die Telearbeitenden zeitlich mindestens dieselben Informationen erhalten wie die allgemeine Öffentlichkeit?";"Um sicherzustellen, dass Telearbeitende gut informiert bleiben, MÜSSEN sie regelmäßig über die Sicherheitsmaßnahmen und -anforderungen der Institution informiert werden. Dies kann durch eine Schulung und Sensibilisierung der Mitarbeitenden erreicht werden.

Die Schulungs- und Sensibilisierungsmaßnahmen SOLLTEN regelmäßig wiederholt werden, um sicherzustellen, dass die Mitarbeitenden die neuesten Informationen und Anforderungen kennen. Die Schulung SOLLTE auch die Gefahren sensibilisieren, die mit der Telearbeit verbunden sind, und die Mitarbeitenden in die entsprechenden Sicherheitsmaßnahmen der Institution eingewiesen werden.

Die Institution SOLLTE auch sicherstellen, dass die Telearbeitenden zeitlich mindestens dieselben Informationen erhalten wie die allgemeine Öffentlichkeit. Dies kann durch die zeitgleiche oder frühere internen Kommunikation von Informationen aus der externen NuK-Kommunikation erreicht werden.

Quelle: OPS.1.2.4 Telearbeit (S. 204-205)";"1. Wie kann die Institution sicherstellen, dass die Telearbeitenden die neuesten Informationen und Anforderungen kennen?
2. Welche Rolle spielt die Sensibilisierung und Schulung der Mitarbeitenden bei der Sicherstellung der Informationssicherheit?
3. Wie kann die Institution sicherstellen, dass die Telearbeitenden zeitlich mindestens dieselben Informationen erhalten wie die allgemeine Öffentlichkeit?";3;3;0.8333333333055556;0.8985507246376812;0.7777777777777778;0.5514459399667395;Wie kann die Institution sicherstellen, dass die Telearbeitenden die neuesten Informationen und Anforderungen kennen?;2;2;Direkt relevant zu Telearbeit;Welche Rolle spielt die Sensibilisierung und Schulung der Mitarbeitenden bei der Sicherstellung der Informationssicherheit?;2;2;Direkte Relevanz zur Informationssicherheit;Wie kann die Institution sicherstellen, dass die Telearbeitenden zeitlich mindestens dieselben Informationen erhalten wie die allgemeine Öffentlichkeit?;2;2;Direkte Relevanz zu Telearbeit;2.0;2.0
Was muss zur Einrichtung eines Telearbeitsplatzes beachtet werden?;"Bevor ein Telearbeitsplatz eingerichtet wird, SOLLTE eine Anforderungsanalyse durchgeführt werden, um die benötigten Hard- und Software-Komponenten zu bestimmen Quelle: OPS.1.2.4.A10 (S). Die Anforderungen an den jeweiligen Telearbeitsplatz SOLLTEN mit den IT-Verantwortlichen abgestimmt werden Quelle: OPS.1.2.4.A10 (S). Es SOLLTE immer festgestellt und dokumentiert werden, welchen Schutzbedarf die am Telearbeitsplatz verarbeiteten Informationen haben Quelle: OPS.1.2.4.A10 (S).

Anschlussfragen:
1. Wie sollten die Anforderungen an den Telearbeitsplatz mit den IT-Verantwortlichen abgestimmt werden?
2. Welche Rolle spielt die Anforderungsanalyse bei der Einrichtung eines Telearbeitsplatzes?
3. Wie können die Sicherheitsanforderungen an die Infrastruktur des Telearbeitsplatzes berücksichtigt werden?";Bevor ein Telearbeitsplatz eingerichtet wird, SOLLTE eine Anforderungsanalyse durchgeführt werden, um die benötigten Hard- und Software-Komponenten zu bestimmen Quelle: OPS.1.2.4.A10 (S). Die Anforderungen an den jeweiligen Telearbeitsplatz SOLLTEN mit den IT-Verantwortlichen abgestimmt werden Quelle: OPS.1.2.4.A10 (S). Es SOLLTE immer festgestellt und dokumentiert werden, welchen Schutzbedarf die am Telearbeitsplatz verarbeiteten Informationen haben Quelle: OPS.1.2.4.A10 (S).;OPS.1.2.4.A10 Durchführung einer Anforderungsanalyse für den Telearbeitsplatz (S) [IT-Betrieb] Bevor ein Telearbeitsplatz eingerichtet wird, SOLLTE eine Anforderungsanalyse durchgeführt werden. Daraus SOLLTE z. B. hervorgehen, welche Hard- und Software-Komponenten für den Telearbeitsplatz benötigt werden. Die Anforderungen an den jeweiligen Telearbeitsplatz SOLLTEN mit den ITVerantwortlichen abgestimmt werden. Es SOLLTE immer festgestellt und dokumentiert werden, welchen Schutzbedarf die am Telearbeitsplatz verarbeiteten Informationen haben.;"Antwort:

Um einen Telearbeitsplatz sicher einzurichten, müssen folgende Anforderungen beachtet werden:

- Die Organisation der Telearbeit muss so gestaltet werden, dass die Mitarbeitenden klar über ihre Aufgaben und Verantwortlichkeiten informiert sind und die notwendigen Sicherheitsmaßnahmen umsetzen können. (Quelle: OPS.1.2.4 Telearbeit, S. 1)
- Die Arbeitsplatz-PCs der Mitarbeitenden müssen sicher konfiguriert und abgesichert werden, um Missbrauch zu reduzieren. (Quelle: APP.3.1.A1, S. 391)
- Die Kommunikationsverbindung zwischen Telearbeitsrechnern und Institution muss sicher sein, um vertrauliche Informationen zu schützen. (Quelle: OPS.1.2.4 Telearbeit, S. 2)

Anforderungen an die Infrastruktur des Telearbeitsplatzes werden im Baustein INF.8 Häuslicher Arbeitsplatz beschrieben.

Anschlussfragen:

1. Wie können die Sicherheitsanforderungen an die Infrastruktur des Telearbeitsplatzes umgesetzt werden?
2. Welche Rolle spielen die Mitarbeitenden bei der Organisation der Telearbeit und der Umsetzung von Sicherheitsmaßnahmen?
3. Wie kann die Kommunikationsverbindung zwischen Telearbeitsrechnern und Institution sicher gestaltet werden?";"Antwort:

Um einen Telearbeitsplatz sicher einzurichten, müssen folgende Anforderungen beachtet werden:

- Die Organisation der Telearbeit muss so gestaltet werden, dass die Mitarbeitenden klar über ihre Aufgaben und Verantwortlichkeiten informiert sind und die notwendigen Sicherheitsmaßnahmen umsetzen können. (Quelle: OPS.1.2.4 Telearbeit, S. 1)
- Die Arbeitsplatz-PCs der Mitarbeitenden müssen sicher konfiguriert und abgesichert werden, um Missbrauch zu reduzieren. (Quelle: APP.3.1.A1, S. 391)
- Die Kommunikationsverbindung zwischen Telearbeitsrechnern und Institution muss sicher sein, um vertrauliche Informationen zu schützen. (Quelle: OPS.1.2.4 Telearbeit, S. 2)

Anforderungen an die Infrastruktur des Telearbeitsplatzes werden im Baustein INF.8 Häuslicher Arbeitsplatz beschrieben.";"1. Wie können die Sicherheitsanforderungen an die Infrastruktur des Telearbeitsplatzes umgesetzt werden?
2. Welche Rolle spielen die Mitarbeitenden bei der Organisation der Telearbeit und der Umsetzung von Sicherheitsmaßnahmen?
3. Wie kann die Kommunikationsverbindung zwischen Telearbeitsrechnern und Institution sicher gestaltet werden?";3;3;0.2869047618951984;0.8;0.0;0.4968481828725091;Wie können die Sicherheitsanforderungen an die Infrastruktur des Telearbeitsplatzes umgesetzt werden?;2;2;Direkte Umsetzung von Sicherheitsanforderungen;Welche Rolle spielen die Mitarbeitenden bei der Organisation der Telearbeit und der Umsetzung von Sicherheitsmaßnahmen?;2;2;Direkte Relevanz zu Telearbeit und Sicherheitsmaßnahmen;Wie kann die Kommunikationsverbindung zwischen Telearbeitsrechnern und Institution sicher gestaltet werden?;2;2;Direkt relevant und abgedeckt;2.0;2.0
Wie werden Wartung und Support für Telearbeitsplätze organisiert?;"Für Telearbeitsplätze SOLLTE ein spezielles Betreuungs- und Wartungskonzept erstellt werden, das Aspekte wie Kontaktperson des IT-Betriebs, Wartungstermine, Fernwartung, Transport der IT-Geräte und Einführung von Standard-Telearbeitsrechnern regelt Quelle: OPS.1.2.4.A9 (S). Damit die Mitarbeitenden einsatzfähig bleiben, SOLLTEN für sie Kontaktpersonen für Hard- und Softwareprobleme benannt werden Quelle: OPS.1.2.4.A9 (S). 

Anschlussfragen:
1. Wie werden die Kommunikationsverbindungen zwischen Telearbeitsrechnern und Institution abgesichert?
2. Welche Rolle spielt der Baustein INF.8 Häuslicher Arbeitsplatz bei der Sicherheit des Telearbeitsplatzes?
3. Wie werden Datensicherungen für bei der Telearbeit veränderte Daten gehandhabt, wenn sie nicht unmittelbar auf IT-Systemen der Institution gespeichert werden?";Für Telearbeitsplätze SOLLTE ein spezielles Betreuungs- und Wartungskonzept erstellt werden, das Aspekte wie Kontaktperson des IT-Betriebs, Wartungstermine, Fernwartung, Transport der IT-Geräte und Einführung von Standard-Telearbeitsrechnern regelt Quelle: OPS.1.2.4.A9 (S). Damit die Mitarbeitenden einsatzfähig bleiben, SOLLTEN für sie Kontaktpersonen für Hard- und Softwareprobleme benannt werden Quelle: OPS.1.2.4.A9 (S).;OPS.1.2.4.A9 Betreuungs- und Wartungskonzept für Telearbeitsplätze (S) [ITBetrieb, Mitarbeitende] Für Telearbeitsplätze SOLLTE ein spezielles Betreuungs- und Wartungskonzept erstellt werden. Darin SOLLTEN folgende Aspekte geregelt werden: Kontaktperson des IT-Betriebs, Wartungstermine, Fernwartung, Transport der IT-Geräte und Einführung von Standard-Telearbeitsrechnern. Damit die Mitarbeitenden einsatzfähig bleiben, SOLLTEN für sie Kontaktpersonen für Hard- und Softwareprobleme benannt werden.;"Antwort:

Die Organisation der Wartung und des Support für Telearbeitsplätze ist in OPS.1.2.4 Telearbeit beschrieben. Der Baustein konzentriert sich auf die Form der Telearbeit, die im häuslichen Umfeld durchgeführt wird (heimbasierte Telearbeit). Es wird davon ausgegangen, dass zwischen dem Telearbeitsplatz und der Institution eine sichere Telekommunikationsverbindung besteht, die es ermöglicht, geeignet Informationen auszutauschen und auf Daten auf dem Server der Institution zuzugreifen.

Die Anforderungen dieses Bausteins umfassen die folgenden drei Bereiche:

- die Organisation der Telearbeit,
- den Arbeitsplatz-PCs der Mitarbeitenden und
- die Kommunikationsverbindung zwischen Telearbeitsrechnern und Institution.

Sicherheitsanforderungen an die Infrastruktur des Telearbeitsplatzes werden im vorliegenden Baustein nicht berücksichtigt, sondern sind im Baustein INF.8 Häuslicher Arbeitsplatz beschrieben.

Um die Wartung und den Support für Telearbeitsplätze zu organisieren, MUSS die Institution sicherstellen, dass:

- die Telearbeitende regelmäßig über die notwendigen Wartungsaktivitäten informiert werden,
- die Wartungsaktivitäten geplant und in das Änderungsmanagement (siehe OPS.1.1.3 Patch- und Änderungsmanagement) integriert werden,
- die Updates durch das herstellende Unternehmen nur unter Kontrolle der Betreibenden durchgeführt werden,
- die Fernwartung mittels Firewalls absicherbar ist (siehe NET.3.2 Firewall).

Quelle: OPS.1.2.4 Telearbeit (S. 123-125)

Anschlussfragen:

1. Wie werden die Wartungsaktivitäten für die Telearbeitsplätze geplant und durchgeführt?
2. Wie wird sichergestellt, dass die Telearbeitenden über die notwendigen Wartungsaktivitäten informiert werden?
3. Wie wird die Fernwartung mittels Firewalls absicherbar gestellt?";"Antwort:

Die Organisation der Wartung und des Support für Telearbeitsplätze ist in OPS.1.2.4 Telearbeit beschrieben. Der Baustein konzentriert sich auf die Form der Telearbeit, die im häuslichen Umfeld durchgeführt wird (heimbasierte Telearbeit). Es wird davon ausgegangen, dass zwischen dem Telearbeitsplatz und der Institution eine sichere Telekommunikationsverbindung besteht, die es ermöglicht, geeignet Informationen auszutauschen und auf Daten auf dem Server der Institution zuzugreifen.

Die Anforderungen dieses Bausteins umfassen die folgenden drei Bereiche:

- die Organisation der Telearbeit,
- den Arbeitsplatz-PCs der Mitarbeitenden und
- die Kommunikationsverbindung zwischen Telearbeitsrechnern und Institution.

Sicherheitsanforderungen an die Infrastruktur des Telearbeitsplatzes werden im vorliegenden Baustein nicht berücksichtigt, sondern sind im Baustein INF.8 Häuslicher Arbeitsplatz beschrieben.

Um die Wartung und den Support für Telearbeitsplätze zu organisieren, MUSS die Institution sicherstellen, dass:

- die Telearbeitende regelmäßig über die notwendigen Wartungsaktivitäten informiert werden,
- die Wartungsaktivitäten geplant und in das Änderungsmanagement (siehe OPS.1.1.3 Patch- und Änderungsmanagement) integriert werden,
- die Updates durch das herstellende Unternehmen nur unter Kontrolle der Betreibenden durchgeführt werden,
- die Fernwartung mittels Firewalls absicherbar ist (siehe NET.3.2 Firewall).

Quelle: OPS.1.2.4 Telearbeit (S. 123-125)";"1. Wie werden die Wartungsaktivitäten für die Telearbeitsplätze geplant und durchgeführt?
2. Wie wird sichergestellt, dass die Telearbeitenden über die notwendigen Wartungsaktivitäten informiert werden?
3. Wie wird die Fernwartung mittels Firewalls absicherbar gestellt?";3;3;0.609523809503492;0.9090909090909091;0.6;0.6298030269217981;Wie werden die Wartungsaktivitäten für die Telearbeitsplätze geplant und durchgeführt?;2;2;Direkte Wartungsplanung;Wie wird sichergestellt, dass die Telearbeitenden über die notwendigen Wartungsaktivitäten informiert werden?;1;2;Teilweise abgedeckt durch Sensibilisierung;Wie wird die Fernwartung mittels Firewalls absicherbar gestellt?;2;2;Fernwartung und Firewalls;1.667;2.0
Wie wird sichergestellt, dass Telearbeit in das übergreifende Sicherheitskonzept integriert ist?;"Das Sicherheitskonzept für Telearbeit SOLLTE auf das übergreifende Sicherheitskonzept der Institution abgestimmt werden, um sicherzustellen, dass Telearbeit in das übergreifende Sicherheitskonzept integriert ist Quelle: OPS.1.2.4.A6 (S.). Dies geschieht durch die Erstellung eines Sicherheitskonzeptes für die Telearbeit, das Sicherheitsziele, Schutzbedarf, Sicherheitsanforderungen sowie Risiken beschreibt und regelmäßig aktualisiert wird Quelle: OPS.1.2.4.A6 (S.).

Anschlussfragen:
1. Wie werden die Sicherheitsanforderungen an die Infrastruktur des Telearbeitsplatzes berücksichtigt?
2. Welche Rolle spielen die Bausteine INF.8 Häuslicher Arbeitsplatz und INF.9 Mobiler Arbeitsplatz bei der Sicherheit von Telearbeitsplätzen?
3. Wie werden Daten, die bei der Telearbeit verändert wurden, gesichert, wenn sie nicht unmittelbar auf IT-Systemen der Institution gespeichert werden?";Das Sicherheitskonzept für Telearbeit SOLLTE auf das übergreifende Sicherheitskonzept der Institution abgestimmt werden, um sicherzustellen, dass Telearbeit in das übergreifende Sicherheitskonzept integriert ist Quelle: OPS.1.2.4.A6 (S.). Dies geschieht durch die Erstellung eines Sicherheitskonzeptes für die Telearbeit, das Sicherheitsziele, Schutzbedarf, Sicherheitsanforderungen sowie Risiken beschreibt und regelmäßig aktualisiert wird Quelle: OPS.1.2.4.A6 (S.).;"OPS.1.2.4.A6 Erstellen eines Sicherheitskonzeptes für Telearbeit (S) 
Es SOLLTE ein Sicherheitskonzept für die Telearbeit erstellt werden, das Sicherheitsziele, Schutzbedarf, Sicherheitsanforderungen sowie Risiken beschreibt. Das Konzept SOLLTE regelmäßig aktualisiert und überarbeitet werden. Das Sicherheitskonzept zur Telearbeit SOLLTE auf das übergreifende Sicherheitskonzept der Institution abgestimmt werden.";"Um sicherzustellen, dass Telearbeit in das übergreifende Sicherheitskonzept integriert ist, SOLLTE ein Sicherheitskonzept für die Telearbeit erstellt werden, das Sicherheitsziele, Schutzbedarf, Sicherheitsanforderungen sowie Risiken beschreibt. Das Konzept SOLLTE regelmäßig aktualisiert und überarbeitet werden. Das Sicherheitskonzept zur Telearbeit SOLLTE auf das übergreifende Sicherheitskonzept der Institution abgestimmt werden.

Um die Sicherheit der Telearbeit zu gewährleisten, SOLLTE die Institution sicherheitstechnische Anforderungen festlegen, die ein IT-System für die Telearbeit erfüllen muss. Es MUSS sichergestellt werden, dass nur autorisierte Personen Zugang zu den Telearbeitsrechnern haben. Darüber hinaus MUSS der Telearbeitsrechner so abgesichert werden, dass er nur für autorisierte Zwecke benutzt werden kann.

Umsetzung der Sicherheitsanforderungen:

- Es MUSS ein IT-Grundschutz-Check für die laut IT-Grundschutz-Modell zu erfüllenden Sicherheitsanforderungen durchgeführt werden.
- Der Umsetzungsstatus der neu hinzugekommenen oder geänderten Anforderungen MUSS geprüft werden.
- Gegebenenfalls veraltete Ergebnisse sollten auf den neuesten Stand gebracht werden.
- Die im Sicherheitskonzept für die einzelnen Zielobjekte vorgesehenen Sicherheitsanforderungen MUSS erfüllt werden.
- Hierfür MUSS die daraus abgeleiteten Sicherheitsmaßnahmen in die Praxis umgesetzt werden, damit sie wirksam werden können.

Quelle: OPS.1.2.4 Telearbeit (S. 1-2)

Anschlussfragen:

1. Wie kann die Institution sicherstellen, dass die Telearbeitsrechner regelmäßig aktualisiert und überarbeitet werden?
2. Welche Rolle spielt die IT-Grundschutz-Methodik bei der Umsetzung der Sicherheitsanforderungen für die Telearbeit?
3. Wie kann die Institution sicherstellen, dass die Sicherheitsanforderungen für die Telearbeit regelmäßig überprüft und aktualisiert werden?";"Um sicherzustellen, dass Telearbeit in das übergreifende Sicherheitskonzept integriert ist, SOLLTE ein Sicherheitskonzept für die Telearbeit erstellt werden, das Sicherheitsziele, Schutzbedarf, Sicherheitsanforderungen sowie Risiken beschreibt. Das Konzept SOLLTE regelmäßig aktualisiert und überarbeitet werden. Das Sicherheitskonzept zur Telearbeit SOLLTE auf das übergreifende Sicherheitskonzept der Institution abgestimmt werden.

Um die Sicherheit der Telearbeit zu gewährleisten, SOLLTE die Institution sicherheitstechnische Anforderungen festlegen, die ein IT-System für die Telearbeit erfüllen muss. Es MUSS sichergestellt werden, dass nur autorisierte Personen Zugang zu den Telearbeitsrechnern haben. Darüber hinaus MUSS der Telearbeitsrechner so abgesichert werden, dass er nur für autorisierte Zwecke benutzt werden kann.

Umsetzung der Sicherheitsanforderungen:

- Es MUSS ein IT-Grundschutz-Check für die laut IT-Grundschutz-Modell zu erfüllenden Sicherheitsanforderungen durchgeführt werden.
- Der Umsetzungsstatus der neu hinzugekommenen oder geänderten Anforderungen MUSS geprüft werden.
- Gegebenenfalls veraltete Ergebnisse sollten auf den neuesten Stand gebracht werden.
- Die im Sicherheitskonzept für die einzelnen Zielobjekte vorgesehenen Sicherheitsanforderungen MUSS erfüllt werden.
- Hierfür MUSS die daraus abgeleiteten Sicherheitsmaßnahmen in die Praxis umgesetzt werden, damit sie wirksam werden können.

Quelle: OPS.1.2.4 Telearbeit (S. 1-2)";"1. Wie kann die Institution sicherstellen, dass die Telearbeitsrechner regelmäßig aktualisiert und überarbeitet werden?
2. Welche Rolle spielt die IT-Grundschutz-Methodik bei der Umsetzung der Sicherheitsanforderungen für die Telearbeit?
3. Wie kann die Institution sicherstellen, dass die Sicherheitsanforderungen für die Telearbeit regelmäßig überprüft und aktualisiert werden?";3;3;0.7226190476045953;0.9;0.75;0.7741115280418922;Wie kann die Institution sicherstellen, dass die Telearbeitsrechner regelmäßig aktualisiert und überarbeitet werden?;1;2;Telearbeit und Aktualisierung;Welche Rolle spielt die IT-Grundschutz-Methodik bei der Umsetzung der Sicherheitsanforderungen für die Telearbeit?;2;2;Direkte Verbindung zur IT-Grundschutz-Methodik;Wie kann die Institution sicherstellen, dass die Sicherheitsanforderungen für die Telearbeit regelmäßig überprüft und aktualisiert werden?;2;2;Direkte Überprüfung von Sicherheitsanforderungen;1.667;2.0
Wie wird der Schutzbedarf der Informationen bei der Entscheidung für Telearbeit berücksichtigt?;"Beim Einrichten eines Telearbeitsplatzes SOLLTE eine Anforderungsanalyse durchgeführt werden, um den Schutzbedarf der verarbeiteten Informationen zu bestimmen Quelle: OPS.1.2.4.A10 (S). Dieser Schutzbedarf SOLLTE dokumentiert und mit den IT-Verantwortlichen abgestimmt werden, um sicherzustellen, dass die Hard- und Software-Komponenten des Telearbeitsplatzes den Anforderungen entsprechen Quelle: OPS.1.2.4.A10 (S). 

Anschlussfragen:
1. Wie werden die Anforderungen an den Telearbeitsplatz mit den IT-Verantwortlichen abgestimmt?
2. Welche Rolle spielt die Datensicherung bei der Telearbeit, wenn Daten nicht unmittelbar auf IT-Systemen der Institution gespeichert werden?
3. Wie werden die Sicherheitsanforderungen an die Infrastruktur des Telearbeitsplatzes berücksichtigt?";Beim Einrichten eines Telearbeitsplatzes SOLLTE eine Anforderungsanalyse durchgeführt werden, um den Schutzbedarf der verarbeiteten Informationen zu bestimmen Quelle: OPS.1.2.4.A10 (S). Dieser Schutzbedarf SOLLTE dokumentiert und mit den IT-Verantwortlichen abgestimmt werden, um sicherzustellen, dass die Hard- und Software-Komponenten des Telearbeitsplatzes den Anforderungen entsprechen Quelle: OPS.1.2.4.A10 (S).;OPS.1.2.4.A10 Durchführung einer Anforderungsanalyse für den Telearbeitsplatz (S) [IT-Betrieb] Bevor ein Telearbeitsplatz eingerichtet wird, SOLLTE eine Anforderungsanalyse durchgeführt werden. Daraus SOLLTE z. B. hervorgehen, welche Hard- und Software-Komponenten für den Telearbeitsplatz benötigt werden. Die Anforderungen an den jeweiligen Telearbeitsplatz SOLLTEN mit den ITVerantwortlichen abgestimmt werden. Es SOLLTE immer festgestellt und dokumentiert werden, welchen Schutzbedarf die am Telearbeitsplatz verarbeiteten Informationen haben.;"Antwort:

Der Schutzbedarf der Informationen bei der Entscheidung für Telearbeit wird im Baustein OPS.1.2.4 Telearbeit berücksichtigt. Es SOLLTE ein Sicherheitskonzept für die Telearbeit erstellt werden, das Sicherheitsziele, Schutzbedarf, Sicherheitsanforderungen sowie Risiken beschreibt. Das Konzept SOLLTE regelmäßig aktualisiert und überarbeitet werden.

Es MUSS sichergestellt werden, dass nur autorisierte Personen Zugang zu den Telearbeitsrechnern haben. Darüber hinaus MUSS der Telearbeitsrechner so abgesichert werden, dass er nur für autorisierte Zwecke benutzt werden kann.

Anforderungen an die Infrastruktur des Telearbeitsplatzes werden im vorliegenden Baustein nicht berücksichtigt, sondern sind im Baustein INF.8 Häuslicher Arbeitsplatz beschrieben. Anforderungen an einen nicht dauerhaft eingerichteten Arbeitsplatz sind im Baustein INF.9 Mobiler Arbeitsplatz zu finden.

Quelle: OPS.1.2.4 Telearbeit (S. 1-2)

Anschlussfragen:

1. Wie kann ein Sicherheitskonzept für die Telearbeit erstellt werden?
2. Welche Anforderungen müssen an die Infrastruktur des Telearbeitsplatzes gestellt werden?
3. Wie kann der Schutzbedarf der Informationen bei der Entscheidung für Telearbeit weiter verbessert werden?";"Antwort:

Der Schutzbedarf der Informationen bei der Entscheidung für Telearbeit wird im Baustein OPS.1.2.4 Telearbeit berücksichtigt. Es SOLLTE ein Sicherheitskonzept für die Telearbeit erstellt werden, das Sicherheitsziele, Schutzbedarf, Sicherheitsanforderungen sowie Risiken beschreibt. Das Konzept SOLLTE regelmäßig aktualisiert und überarbeitet werden.

Es MUSS sichergestellt werden, dass nur autorisierte Personen Zugang zu den Telearbeitsrechnern haben. Darüber hinaus MUSS der Telearbeitsrechner so abgesichert werden, dass er nur für autorisierte Zwecke benutzt werden kann.

Anforderungen an die Infrastruktur des Telearbeitsplatzes werden im vorliegenden Baustein nicht berücksichtigt, sondern sind im Baustein INF.8 Häuslicher Arbeitsplatz beschrieben. Anforderungen an einen nicht dauerhaft eingerichteten Arbeitsplatz sind im Baustein INF.9 Mobiler Arbeitsplatz zu finden.

Quelle: OPS.1.2.4 Telearbeit (S. 1-2)";"1. Wie kann ein Sicherheitskonzept für die Telearbeit erstellt werden?
2. Welche Anforderungen müssen an die Infrastruktur des Telearbeitsplatzes gestellt werden?
3. Wie kann der Schutzbedarf der Informationen bei der Entscheidung für Telearbeit weiter verbessert werden?";3;3;0.7801587301457276;0.9655172413793104;0.8571428571428571;0.5472560196293974;Wie kann ein Sicherheitskonzept für die Telearbeit erstellt werden?;2;2;Direkt relevante Vertiefung;Welche Anforderungen müssen an die Infrastruktur des Telearbeitsplatzes gestellt werden?;2;2;Direkt relevant zu Telearbeit;Wie kann der Schutzbedarf der Informationen bei der Entscheidung für Telearbeit weiter verbessert werden?;2;2;Direkt thematisch;2.0;2.0
Was versteht der IT-Grundschutz unter Fernwartung?;"Der IT-Grundschutz versteht unter Fernwartung einen zeitlich begrenzten Zugriff auf IT-Systeme und die darauf laufenden Anwendungen, der von einem anderen IT-System aus erfolgt. Quelle: 1.1. Einleitung (S.1). Dies kann zur Durchführung von Konfigurations-, Wartungs- oder Reparaturarbeiten dienen. Die Fernwartung kann auf unterschiedliche Weise geschehen, wie z.B. durch die Übertragung von Tastatur- und Maussignalen oder der Ein- und Ausgabe der Konsole. Quelle: 1.1. Einleitung (S.1). Es gibt auch passive und aktive Formen der Fernwartung, wobei bei der passiven Fernwartung nur die Bildschirminhalte übertragen werden und bei der aktiven Fernwartung die Administrierenden direkt auf dem entfernten IT-System agieren. Quelle: 1.1. Einleitung (S.1).

Anschlussfragen:
1. Welche Arten von Fernwartung gibt es und wie unterscheiden sie sich voneinander?
2. Warum ist die Absicherung von Fernwartungskomponenten von besonderer Bedeutung?
3. Welche Rolle spielt die Fernwartung in Institutionen mit IT-Systemen, die sich außerhalb der Reichweite ihrer Administrierenden befinden?";Der IT-Grundschutz versteht unter Fernwartung einen zeitlich begrenzten Zugriff auf IT-Systeme und die darauf laufenden Anwendungen, der von einem anderen IT-System aus erfolgt. Quelle: 1.1. Einleitung (S.1). Dies kann zur Durchführung von Konfigurations-, Wartungs- oder Reparaturarbeiten dienen. Die Fernwartung kann auf unterschiedliche Weise geschehen, wie z.B. durch die Übertragung von Tastatur- und Maussignalen oder der Ein- und Ausgabe der Konsole. Quelle: 1.1. Einleitung (S.1). Es gibt auch passive und aktive Formen der Fernwartung, wobei bei der passiven Fernwartung nur die Bildschirminhalte übertragen werden und bei der aktiven Fernwartung die Administrierenden direkt auf dem entfernten IT-System agieren. Quelle: 1.1. Einleitung (S.1).;1.1. Einleitung Mit dem Begriff Fernwartung wird ein zeitlich begrenzter Zugriff auf IT-Systeme und die darauf laufenden Anwendungen bezeichnet, der von einem anderen IT-System aus erfolgt. Der Zugriff kann z. B. dazu dienen, Konfigurations-, Wartungs- oder Reparaturarbeiten durchzuführen. Die Fernwartung kann auf unterschiedliche Weise geschehen. Bei der Fernwartung von Clients werden oft die Tastatur- und Maussignale von IT-Systemen von den Administrierenden an ein entferntes IT-System übertragen. Das entfernte IT-System überträgt die Bildschirmausgabe an das IT-System der Administrierenden. Die Administrierenden führen Aktionen auf dem entfernten IT-System so aus, als wenn sie selbst vor Ort wären (aktive Fernwartung). Bei der Fernwartung von Servern wird oft die Einund Ausgabe der Konsole übertragen. Bei der passiven Fernwartung werden nur die Bildschirminhalte eines IT-Systems zu den Administrierenden übertragen. Administrierende erteilen den Benutzenden vor Ort Anweisungen, die von ihnen ausgeführt und von den Administrierenden beobachtet werden. Allerdings erweist sich dieses Vorgehen in der Praxis meist als sehr zeitintensiv und umständlich, weshalb häufig dem ITBetrieb voller Zugriff über das IT-System zugewiesen wird. Da sich viele IT-Systeme außerhalb der Reichweite ihrer Administrierenden befinden (z. B. in entfernten Rechenzentren, Industrieanlagen oder einem Außenstandort ohne IT-Personal), wird Fernwartung in vielen Institutionen eingesetzt. Bei der Fernwartung wird oft über unsichere Netze auf interne IT-Systeme und Anwendungen einer Institution zugegriffen. Wegen der dabei bestehenden tiefgreifenden Eingriffsmöglichkeiten in diese IT-Systeme und Anwendungen ist die Absicherung von Fernwartungskomponenten von besonderer Bedeutung.;"Antwort:

Fernwartung ist ein zeitlich begrenzter Zugriff auf IT-Systeme und die darauf laufenden Anwendungen, der von einem anderen IT-System aus erfolgt. Der IT-Grundschutz betrachtet die Fernwartung aus der Sicht des IT-Betriebs und gibt Hinweise für Administrierende, wie Fernwartung eingesetzt werden kann.

Anforderungen zur Absicherung der Fernwartung sind im Baustein OPS.1.2.5 Fernwartung zu finden. Hier sind Anforderungen zur Absicherung der Fernwartung mittels Firewalls nicht Bestandteil dieses Bausteins, sondern im Baustein NET.3.2 Firewall zu finden.

Im industriellen Umfeld ist die Fernwartung von besonderer Bedeutung, da viele OT-Komponenten außerhalb der Reichweite ihrer Administrierenden befinden. Hier ist die Absicherung von Fernwartungskomponenten von besonderer Bedeutung.

Um die Informationssicherheit der Fernwartung im industriellen Umfeld zu gewährleisten, ist ein einheitliches, zentrales Fernwartungskonzept für die gesamte OT der Institution erforderlich. In diesem Konzept müssen spezifische gesetzliche Vorgaben, spezifische Vorgaben durch anlagenherstellende Unternehmen, spezifische Anforderungen durch dezentrale Infrastrukturen und spezifische Anforderungen an die Anbindungen für die Fernwartung berücksichtigt werden.

Anforderungen zur Absicherung der Fernwartung im industriellen Umfeld sind im Baustein IND.3.2 Fernwartung im industriellen Umfeld zu finden.

Anforderungen zur Absicherung der Fernwartung sind:

- OPS.1.2.5 Fernwartung
- NET.3.2 Firewall
- IND.3.2 Fernwartung im industriellen Umfeld

Quelle: OPS.1.2.5 Fernwartung (S. 123)

Anschlussfragen:

1. Wie kann die Fernwartung im industriellen Umfeld sicher und effizient durchgeführt werden?
2. Welche Rolle spielen die Anforderungen zur Absicherung der Fernwartung im industriellen Umfeld?
3. Wie kann die Informationssicherheit der Fernwartung im industriellen Umfeld gewährleistet werden?";"Antwort:

Fernwartung ist ein zeitlich begrenzter Zugriff auf IT-Systeme und die darauf laufenden Anwendungen, der von einem anderen IT-System aus erfolgt. Der IT-Grundschutz betrachtet die Fernwartung aus der Sicht des IT-Betriebs und gibt Hinweise für Administrierende, wie Fernwartung eingesetzt werden kann.

Anforderungen zur Absicherung der Fernwartung sind im Baustein OPS.1.2.5 Fernwartung zu finden. Hier sind Anforderungen zur Absicherung der Fernwartung mittels Firewalls nicht Bestandteil dieses Bausteins, sondern im Baustein NET.3.2 Firewall zu finden.

Im industriellen Umfeld ist die Fernwartung von besonderer Bedeutung, da viele OT-Komponenten außerhalb der Reichweite ihrer Administrierenden befinden. Hier ist die Absicherung von Fernwartungskomponenten von besonderer Bedeutung.

Um die Informationssicherheit der Fernwartung im industriellen Umfeld zu gewährleisten, ist ein einheitliches, zentrales Fernwartungskonzept für die gesamte OT der Institution erforderlich. In diesem Konzept müssen spezifische gesetzliche Vorgaben, spezifische Vorgaben durch anlagenherstellende Unternehmen, spezifische Anforderungen durch dezentrale Infrastrukturen und spezifische Anforderungen an die Anbindungen für die Fernwartung berücksichtigt werden.

Anforderungen zur Absicherung der Fernwartung im industriellen Umfeld sind im Baustein IND.3.2 Fernwartung im industriellen Umfeld zu finden.

Anforderungen zur Absicherung der Fernwartung sind:

- OPS.1.2.5 Fernwartung
- NET.3.2 Firewall
- IND.3.2 Fernwartung im industriellen Umfeld

Quelle: OPS.1.2.5 Fernwartung (S. 123)";"1. Wie kann die Fernwartung im industriellen Umfeld sicher und effizient durchgeführt werden?
2. Welche Rolle spielen die Anforderungen zur Absicherung der Fernwartung im industriellen Umfeld?
3. Wie kann die Informationssicherheit der Fernwartung im industriellen Umfeld gewährleistet werden?";3;3;0.9999999999;0.4444444444444444;1.0;0.7400984457662174;Wie kann die Fernwartung im industriellen Umfeld sicher und effizient durchgeführt werden?;2;2;Direkt relevante Vertiefung;Welche Rolle spielen die Anforderungen zur Absicherung der Fernwartung im industriellen Umfeld?;2;2;Direkte Relevanz zu Fernwartung im OT;Wie kann die Informationssicherheit der Fernwartung im industriellen Umfeld gewährleistet werden?;2;2;Direkte Relevanz und umfassende Abdeckung;2.0;2.0
Muss der Einsatz von Fernwartung geplant werden?;"Der Einsatz von Fernwartung MUSS geplant werden, um sicherzustellen, dass die Fernwartung an die Institution angepasst wird und technische sowie organisatorische Aspekte bedarfsgerecht berücksichtigt werden Quelle: OPS.1.2.5.A1 (S. nicht spezifiziert). Dies umfasst die Planung, welche IT-Systeme ferngewartet werden sollen und wer dafür zuständig ist.

Anschlussfragen:
1. Welche Aspekte müssen bei der Planung des Einsatzes der Fernwartung berücksichtigt werden?
2. Wie werden die Sicherheitsaspekte der eingesetzten Kommunikationsverbindungen und Authentisierungsmechanismen bei der Fernwartung behandelt?
3. Welche anderen Bausteine müssen bei der Nutzung von Fernwartung zusätzlich berücksichtigt werden?";Der Einsatz von Fernwartung MUSS geplant werden, um sicherzustellen, dass die Fernwartung an die Institution angepasst wird und technische sowie organisatorische Aspekte bedarfsgerecht berücksichtigt werden Quelle: OPS.1.2.5.A1 (S. nicht spezifiziert). Dies umfasst die Planung, welche IT-Systeme ferngewartet werden sollen und wer dafür zuständig ist.;OPS.1.2.5.A1 Planung des Einsatzes der Fernwartung (B) Der Einsatz der Fernwartung MUSS an die Institution angepasst werden. Die Fernwartung MUSS hinsichtlich technischer und organisatorischer Aspekte bedarfsgerecht geplant werden. Dabei MUSS mindestens berücksichtigt werden, welche IT-Systeme ferngewartet werden sollen und wer dafür zuständig ist.;"Antwort:

Der Einsatz von Fernwartung MUSS geplant werden. Die Fernwartung MUSS an die Institution angepasst werden und bedarfsgerecht geplant werden, um Missbrauch zu reduzieren. Im industriellen Umfeld MUSS ein einheitliches, zentrales Fernwartungskonzept für die gesamte OT der Institution erstellt werden.

Quelle: APP.3.1.A1 (S.391)

Anforderungen an die Fernwartung SOLLTEN gestellt werden, um den Schutz der Informationen, die bei der Fernwartung gespeichert, verarbeitet und übertragen werden, sowie den Schutz der Fernwartungsschnittstellen von IT-Systemen sicherzustellen.

Quelle: APP.3.1.A1 (S.391)

Die Fernwartung SOLLTE so konfiguriert sein, dass es externen Wartungsdienstleistenden nur möglich ist, auf die IT-Systeme und Netzsegmente zuzugreifen, die für ihre Arbeit benötigt werden.

Quelle: APP.3.1.A1 (S.391)

Die Fernwartungsfunktionen SOLLTEN nur aus einem getrennten Managementnetz erreichbar sein.

Quelle: APP.3.1.A1 (S.391)

Dedizierte Clients und Konten SOLLTEN bei der Fernwartung verwendet werden.

Quelle: APP.3.1.A1 (S.391)

Anschlussfragen:

1. Wie kann die Fernwartung in der OT geplant und durchgeführt werden, um Missbrauch zu reduzieren?
2. Welche Anforderungen an die Fernwartung SOLLTEN gestellt werden, um den Schutz der Informationen sicherzustellen?
3. Wie kann die Fernwartung so konfiguriert werden, dass es externen Wartungsdienstleistenden nur möglich ist, auf die IT-Systeme und Netzsegmente zuzugreifen, die für ihre Arbeit benötigt werden?";"Antwort:

Der Einsatz von Fernwartung MUSS geplant werden. Die Fernwartung MUSS an die Institution angepasst werden und bedarfsgerecht geplant werden, um Missbrauch zu reduzieren. Im industriellen Umfeld MUSS ein einheitliches, zentrales Fernwartungskonzept für die gesamte OT der Institution erstellt werden.

Quelle: APP.3.1.A1 (S.391)

Anforderungen an die Fernwartung SOLLTEN gestellt werden, um den Schutz der Informationen, die bei der Fernwartung gespeichert, verarbeitet und übertragen werden, sowie den Schutz der Fernwartungsschnittstellen von IT-Systemen sicherzustellen.

Quelle: APP.3.1.A1 (S.391)

Die Fernwartung SOLLTE so konfiguriert sein, dass es externen Wartungsdienstleistenden nur möglich ist, auf die IT-Systeme und Netzsegmente zuzugreifen, die für ihre Arbeit benötigt werden.

Quelle: APP.3.1.A1 (S.391)

Die Fernwartungsfunktionen SOLLTEN nur aus einem getrennten Managementnetz erreichbar sein.

Quelle: APP.3.1.A1 (S.391)

Dedizierte Clients und Konten SOLLTEN bei der Fernwartung verwendet werden.

Quelle: APP.3.1.A1 (S.391)";"1. Wie kann die Fernwartung in der OT geplant und durchgeführt werden, um Missbrauch zu reduzieren?
2. Welche Anforderungen an die Fernwartung SOLLTEN gestellt werden, um den Schutz der Informationen sicherzustellen?
3. Wie kann die Fernwartung so konfiguriert werden, dass es externen Wartungsdienstleistenden nur möglich ist, auf die IT-Systeme und Netzsegmente zuzugreifen, die für ihre Arbeit benötigt werden?";3;3;0.9379251700546283;1.0;1.0;0.44570912135560037;Wie kann die Fernwartung in der OT geplant und durchgeführt werden, um Missbrauch zu reduzieren?;2;2;Direkte Abdeckung durch IT-Grundschutz;Welche Anforderungen an die Fernwartung SOLLTEN gestellt werden, um den Schutz der Informationen sicherzustellen?;2;2;Direkte Anforderungen an Fernwartung;Wie kann die Fernwartung so konfiguriert werden, dass es externen Wartungsdienstleistenden nur möglich ist, auf die IT-Systeme und Netzsegmente zuzugreifen, die für ihre Arbeit benötigt werden?;2;2;Direkte Konfiguration von Fernwartung;2.0;2.0
Dürfen Clients ohne Zustimmung der Benutzer ferngewartet werden?;"Nein, Clients dürfen nicht ohne Zustimmung der Benutzer ferngewartet werden. 
Die Fernwartungssoftware MUSS so konfiguriert sein, dass sie eine Verbindung erst nach expliziter Zustimmung der Benutzenden aufbaut Quelle: OPS.1.2.5.A2 (S. nicht spezifiziert, da keine Seitenzahl im bereitgestellten Kontext vorhanden ist).
Anschlussfragen:
1. Welche Rolle spielen die Benutzenden bei der Fernwartung von Clients?
2. Wie MUSS die Fernwartungssoftware konfiguriert sein, um sicherzustellen, dass eine Verbindung erst nach expliziter Zustimmung der Benutzenden aufgebaut wird?
3. Welche anderen Bausteine sollten bei der Implementierung der Fernwartung zusätzlich berücksichtigt werden?";"Nein, Clients dürfen nicht ohne Zustimmung der Benutzer ferngewartet werden. 
Die Fernwartungssoftware MUSS so konfiguriert sein, dass sie eine Verbindung erst nach expliziter Zustimmung der Benutzenden aufbaut Quelle: OPS.1.2.5.A2 (S. nicht spezifiziert, da keine Seitenzahl im bereitgestellten Kontext vorhanden ist).";OPS.1.2.5.A2 Sicherer Verbindungsaufbau bei der Fernwartung von Clients (B) [Benutzende] Wird per Fernwartung auf Desktop-Umgebungen von Clients zugegriffen, MUSS die Fernwartungssoftware so konfiguriert sein, dass sie eine Verbindung erst nach expliziter Zustimmung der Benutzenden aufbaut.;"Antwort:

Die Frage, ob Clients ohne Zustimmung der Benutzer ferngewartet werden dürfen, kann nicht direkt aus den bereitgestellten Dokumenten beantwortet werden. Die Dokumente beschreiben jedoch die Notwendigkeit, vertragliche Regelungen für die OT-Fernwartung durch Dritte zu vereinbaren und sicherzustellen, dass externe Benutzende jegliche OT-Fernwartungszugänge kontrolliert und abgestimmt nutzen.

Im bereitgestellten Kontext nicht enthalten.

Anschlussfragen:

1. Wie können vertragliche Regelungen für die OT-Fernwartung durch Dritte vereinbart werden?
2. Wie kann sichergestellt werden, dass externe Benutzende jegliche OT-Fernwartungszugänge kontrolliert und abgestimmt nutzen?
3. Welche Rolle spielen vertrauenswürdige IT-Systeme bei der Fernwartung von Clients?";"Antwort:

Die Frage, ob Clients ohne Zustimmung der Benutzer ferngewartet werden dürfen, kann nicht direkt aus den bereitgestellten Dokumenten beantwortet werden. Die Dokumente beschreiben jedoch die Notwendigkeit, vertragliche Regelungen für die OT-Fernwartung durch Dritte zu vereinbaren und sicherzustellen, dass externe Benutzende jegliche OT-Fernwartungszugänge kontrolliert und abgestimmt nutzen.

Im bereitgestellten Kontext nicht enthalten.";"1. Wie können vertragliche Regelungen für die OT-Fernwartung durch Dritte vereinbart werden?
2. Wie kann sichergestellt werden, dass externe Benutzende jegliche OT-Fernwartungszugänge kontrolliert und abgestimmt nutzen?
3. Welche Rolle spielen vertrauenswürdige IT-Systeme bei der Fernwartung von Clients?";3;3;0.91666666664375;1.0;0.75;0.42163135672296215;Wie können vertragliche Regelungen für die OT-Fernwartung durch Dritte vereinbart werden?;2;2;Direkt relevante Vertiefung;Wie kann sichergestellt werden, dass externe Benutzende jegliche OT-Fernwartungszugänge kontrolliert und abgestimmt nutzen?;2;2;Direkte Beantwortung durch IT-Grundschutz;Welche Rolle spielen vertrauenswürdige IT-Systeme bei der Fernwartung von Clients?;2;2;Fernwartung und vertrauenswürdige IT-Systeme;2.0;2.0
Warum ist Verschlüsselung bei Fernwartung wichtig?;"Verschlüsselung bei Fernwartung ist wichtig, um die Verbindungen über nicht vertrauenswürdige Netze zu schützen. Alle Fernwartungsverbindungen über nicht vertrauenswürdige Netze MÜSSEN verschlüsselt werden, um die Sicherheit der Daten zu gewährleisten Quelle: OPS.1.2.5.A3 (S. nicht spezifiziert). Darüber hinaus SOLLTEN auch alle anderen Fernwartungsverbindungen verschlüsselt werden, um ein hohes Maß an Sicherheit zu gewährleisten Quelle: OPS.1.2.5.A3 (S. nicht spezifiziert).

Anschlussfragen:
1. Welche Rolle spielt die Absicherung der Schnittstellen zur Fernwartung bei der Gewährleistung der IT-Sicherheit?
2. Wie können Administrierende die Sicherheitsaspekte der eingesetzten Kommunikationsverbindungen und Authentisierungsmechanismen bei der Fernwartung berücksichtigen?
3. Welche zusätzlichen Bausteine müssen bei der Nutzung von Fernwartung beachtet werden, um eine umfassende IT-Sicherheit zu gewährleisten?";Verschlüsselung bei Fernwartung ist wichtig, um die Verbindungen über nicht vertrauenswürdige Netze zu schützen. Alle Fernwartungsverbindungen über nicht vertrauenswürdige Netze MÜSSEN verschlüsselt werden, um die Sicherheit der Daten zu gewährleisten Quelle: OPS.1.2.5.A3 (S. nicht spezifiziert). Darüber hinaus SOLLTEN auch alle anderen Fernwartungsverbindungen verschlüsselt werden, um ein hohes Maß an Sicherheit zu gewährleisten Quelle: OPS.1.2.5.A3 (S. nicht spezifiziert).;OPS.1.2.5.A3 Absicherung der Schnittstellen zur Fernwartung (B) Die möglichen Zugänge und Kommunikationsverbindungen für die Fernwartung MÜSSEN auf das notwendige Maß beschränkt werden. Alle Fernwartungsverbindungen MÜSSEN nach dem Fernzugriff getrennt werden. Es MUSS sichergestellt werden, dass Fernwartungssoftware nur auf IT-Systemen installiert ist, auf denen sie benötigt wird. Fernwartungsverbindungen über nicht vertrauenswürdige Netze MÜSSEN verschlüsselt werden. Alle anderen Fernwartungsverbindungen SOLLTEN verschlüsselt werden.;"Antwort:

Die Verschlüsselung bei Fernwartung ist wichtig, um die Sicherheit der übertragenen Informationen zu gewährleisten. Gemäß dem IT-Grundschutz-Kompendium (Baustein APP.3.2) SOLLTEN alle Fernwartungsverbindungen über nicht vertrauenswürdige Netze verschlüsselt werden. Alle anderen Fernwartungsverbindungen SOLLTEN verschlüsselt werden. Ferner SOLLTEN sichere kryptografische Verfahren verwendet werden, um die Kommunikation zu sichern.

Die Verschlüsselung ist auch bei der Fernwartung von VS-IT (Baustein APP.3.2) wichtig. Gemäß diesem Baustein MUSS die Fernwartungsverbindung verschlüsselt sein, wenn VS-IT ferngewartet wird. Für die Verschlüsselung MÜSSEN IT-Sicherheitsprodukte mit Zulassungsaussage eingesetzt werden.

Quelle: APP.3.2 (S. 391)

Anschlussfragen:

1. Wie können die Fernwartungsverbindungen über nicht vertrauenswürdige Netze verschlüsselt werden?
2. Welche sicheren kryptografischen Verfahren SOLLTEN verwendet werden, um die Kommunikation zu sichern?
3. Wie kann die Verschlüsselung bei der Fernwartung von VS-IT sichergestellt werden?";"Antwort:

Die Verschlüsselung bei Fernwartung ist wichtig, um die Sicherheit der übertragenen Informationen zu gewährleisten. Gemäß dem IT-Grundschutz-Kompendium (Baustein APP.3.2) SOLLTEN alle Fernwartungsverbindungen über nicht vertrauenswürdige Netze verschlüsselt werden. Alle anderen Fernwartungsverbindungen SOLLTEN verschlüsselt werden. Ferner SOLLTEN sichere kryptografische Verfahren verwendet werden, um die Kommunikation zu sichern.

Die Verschlüsselung ist auch bei der Fernwartung von VS-IT (Baustein APP.3.2) wichtig. Gemäß diesem Baustein MUSS die Fernwartungsverbindung verschlüsselt sein, wenn VS-IT ferngewartet wird. Für die Verschlüsselung MÜSSEN IT-Sicherheitsprodukte mit Zulassungsaussage eingesetzt werden.

Quelle: APP.3.2 (S. 391)";"1. Wie können die Fernwartungsverbindungen über nicht vertrauenswürdige Netze verschlüsselt werden?
2. Welche sicheren kryptografischen Verfahren SOLLTEN verwendet werden, um die Kommunikation zu sichern?
3. Wie kann die Verschlüsselung bei der Fernwartung von VS-IT sichergestellt werden?";3;3;;;;;Wie können die Fernwartungsverbindungen über nicht vertrauenswürdige Netze verschlüsselt werden?;2;2;Direkte Antwort in IT-Grundschutz gefunden;Welche sicheren kryptografischen Verfahren SOLLTEN verwendet werden, um die Kommunikation zu sichern?;2;2;Direkte Bezugnahme auf kryptografische Verfahren;Wie kann die Verschlüsselung bei der Fernwartung von VS-IT sichergestellt werden?;2;2;Direkte Antwort in IT-Grundschutz gefunden;2.0;2.0
Wo sollten Regelungen zur Fernwartung dokumentiert werden?;"Regelungen zur Fernwartung sollten in einer Richtlinie für die Fernwartung dokumentiert werden, die allen Zuständigen bekannt sein sollte, die an der Konzeption, dem Aufbau und dem Betrieb der Fernwartung beteiligt sind Quelle: OPS.1.2.5.A6 (S). 

Anschlussfragen:
1. Was sind die wichtigsten Sicherheitsaspekte bei der Fernwartung?
2. Welche Bausteine sollten zusätzlich zu OPS.1.2.5 Fernwartung beachtet werden?
3. Wie sollten Firewalls bei der Absicherung der Fernwartung eingesetzt werden?";Regelungen zur Fernwartung sollten in einer Richtlinie für die Fernwartung dokumentiert werden, die allen Zuständigen bekannt sein sollte, die an der Konzeption, dem Aufbau und dem Betrieb der Fernwartung beteiligt sind Quelle: OPS.1.2.5.A6 (S).;OPS.1.2.5.A6 Erstellung einer Richtlinie für die Fernwartung (S) Die Institution SOLLTE eine Richtlinie zur Fernwartung erstellen, in der alle relevanten Regelungen zur Fernwartung dokumentiert werden. Die Richtlinie SOLLTE allen Zuständigen bekannt sein, die an der Konzeption, dem Aufbau und dem Betrieb der Fernwartung beteiligt sind.;"Antwort:

Die Regelungen zur Fernwartung SOLLTEN in einer zentralen Richtlinie dokumentiert werden, die von allen Zuständigen bekannt sein SOLLTE, die an der Konzeption, dem Aufbau und dem Betrieb der Fernwartung beteiligt sind. Diese Richtlinie SOLLTE auch festlegen, wie Kommunikationsverbindungen geschützt werden SOLLTEN und welche Aktivitäten während der Fernwartung überwacht werden SOLLTEN.

Quelle: Erstellung einer Richtlinie für die Fernwartung (S. 1)

Die Fernwartungszugänge SOLLTEN in einer zentralen Dokumentation erfasst werden, die an geeigneten Orten und vor unberechtigtem Zugriff geschützt abgelegt SOLLTEN. Diese Dokumentation SOLLTE im Rahmen des Notfallmanagements zur Verfügung stehen.

Quelle: Dokumentation bei der Fernwartung (S. 1)

In der industriellen Umgebung SOLLTEN die OT und die Büro- und Gebäude-IT gemeinsam sämtliche OT-Fernwartungszugänge erfassen und dokumentieren. Insbesondere bei Fernwartungskomponenten, die in Package Units integriert sind, SOLLTEN auch alle deaktivierten Zugänge dokumentiert werden.

Quelle: Konsistente Dokumentation der Fernwartung durch OT sowie Büro- und Gebäude-IT (S. 2)

Anschlussfragen:

1. Wo SOLLTEN die Fernwartungszugänge in der industriellen Umgebung dokumentiert werden?
2. Welche Aspekte SOLLTEN in der zentralen Richtlinie für die Fernwartung berücksichtigt werden?
3. Wie SOLLTEN die Kommunikationsverbindungen während der Fernwartung geschützt werden?";"Antwort:

Die Regelungen zur Fernwartung SOLLTEN in einer zentralen Richtlinie dokumentiert werden, die von allen Zuständigen bekannt sein SOLLTE, die an der Konzeption, dem Aufbau und dem Betrieb der Fernwartung beteiligt sind. Diese Richtlinie SOLLTE auch festlegen, wie Kommunikationsverbindungen geschützt werden SOLLTEN und welche Aktivitäten während der Fernwartung überwacht werden SOLLTEN.

Quelle: Erstellung einer Richtlinie für die Fernwartung (S. 1)

Die Fernwartungszugänge SOLLTEN in einer zentralen Dokumentation erfasst werden, die an geeigneten Orten und vor unberechtigtem Zugriff geschützt abgelegt SOLLTEN. Diese Dokumentation SOLLTE im Rahmen des Notfallmanagements zur Verfügung stehen.

Quelle: Dokumentation bei der Fernwartung (S. 1)

In der industriellen Umgebung SOLLTEN die OT und die Büro- und Gebäude-IT gemeinsam sämtliche OT-Fernwartungszugänge erfassen und dokumentieren. Insbesondere bei Fernwartungskomponenten, die in Package Units integriert sind, SOLLTEN auch alle deaktivierten Zugänge dokumentiert werden.

Quelle: Konsistente Dokumentation der Fernwartung durch OT sowie Büro- und Gebäude-IT (S. 2)";"1. Wo SOLLTEN die Fernwartungszugänge in der industriellen Umgebung dokumentiert werden?
2. Welche Aspekte SOLLTEN in der zentralen Richtlinie für die Fernwartung berücksichtigt werden?
3. Wie SOLLTEN die Kommunikationsverbindungen während der Fernwartung geschützt werden?";3;3;0.9999999999875;1.0;0.8888888888888888;0.7562190647789772;Wo SOLLTEN die Fernwartungszugänge in der industriellen Umgebung dokumentiert werden?;2;2;Direkte Dokumentationsanforderung;Welche Aspekte SOLLTEN in der zentralen Richtlinie für die Fernwartung berücksichtigt werden?;2;2;Direkte Berücksichtigung in IT-Grundschutz;Wie SOLLTEN die Kommunikationsverbindungen während der Fernwartung geschützt werden?;2;2;Direkte Antwort in IT-Grundschutz gefunden;2.0;2.0
Wie müssen Fernwartungszugänge dokumentiert werden?;"Die Fernwartung SOLLTE geeignet dokumentiert werden, um die Existenz und den Status von Fernwartungszugängen nachvollziehen zu können Quelle: OPS.1.2.5.A7 (S). Die Dokumentation SOLLTE an geeigneten Orten aufbewahrt und vor unberechtigtem Zugriff geschützt werden Quelle: OPS.1.2.5.A7 (S). Diese Dokumente SOLLTEN auch im Rahmen des Notfallmanagements verfügbar sein Quelle: OPS.1.2.5.A7 (S).

Anschlussfragen:
1. Wie sollten die Dokumente der Fernwartung vor unberechtigtem Zugriff geschützt werden?
2. Welche Rolle spielt die Dokumentation der Fernwartung im Notfallmanagement?
3. Wie müssen cloudbasierte Fernwartungsprodukte hinsichtlich der IT-Grundschutzanforderungen behandelt werden?";Die Fernwartung SOLLTE geeignet dokumentiert werden, um die Existenz und den Status von Fernwartungszugängen nachvollziehen zu können Quelle: OPS.1.2.5.A7 (S). Die Dokumentation SOLLTE an geeigneten Orten aufbewahrt und vor unberechtigtem Zugriff geschützt werden Quelle: OPS.1.2.5.A7 (S). Diese Dokumente SOLLTEN auch im Rahmen des Notfallmanagements verfügbar sein Quelle: OPS.1.2.5.A7 (S).;OPS.1.2.5.A7 Dokumentation bei der Fernwartung (S) Die Fernwartung SOLLTE geeignet dokumentiert werden. Aus der Dokumentation SOLLTE hervorgehen, welche Fernwartungszugänge existieren und ob diese aktiviert sind. Die Dokumente SOLLTEN an geeigneten Orten und vor unberechtigtem Zugriff geschützt abgelegt werden. Die Dokumente SOLLTEN im Rahmen des Notfallmanagements zur Verfügung stehen.;"Um die Frage zu beantworten, wie Fernwartungszugänge dokumentiert werden müssen, müssen wir uns auf die bereitgestellten Dokumente konzentrieren.

Die Dokumentation der Fernwartungszugänge ist von entscheidender Bedeutung, um sicherzustellen, dass alle Zugriffe auf die OT-Fernwartungszugänge überwacht und dokumentiert werden. Im industriellen Umfeld müssen die OT und die Büro- und Gebäude-IT gemeinsam die OT-Fernwartungszugänge erfassen und dokumentieren.

Die Dokumentation der Fernwartungszugänge sollte folgende Aspekte umfassen:

* Eine Liste aller OT-Fernwartungszugänge, einschließlich ihrer Aktivierungszustände
* Eine Beschreibung der Sicherheitsmaßnahmen, die für jeden Zugang getroffen werden
* Eine Dokumentation aller Zugriffe auf die OT-Fernwartungszugänge, einschließlich der Zeitpunkte und der beteiligten Personen
* Eine Beschreibung der Sicherheitsprotokolle, die für jeden Zugang verwendet werden

Die Dokumentation der Fernwartungszugänge sollte an geeigneten Orten und vor unberechtigtem Zugriff geschützt abgelegt werden. Die Dokumente sollten im Rahmen des Notfallmanagements zur Verfügung stehen.

Um die Dokumentation der Fernwartungszugänge zu gewährleisten, sollten Mechanismen zur Erkennung und Abwehr von hochvolumigen Angriffen, TCP-State-Exhaustion-Angriffen und Angriffen auf Applikationsebene implementiert sein. Alle Fernwartungsvorgänge sollten protokolliert werden.

Die Dokumentation der Fernwartungszugänge ist ein wichtiger Schritt, um die Sicherheit der OT-Fernwartungszugänge zu gewährleisten. Durch die Dokumentation können potenzielle Sicherheitsrisiken identifiziert und behoben werden.

Anforderungen:

* ORP.1.A1 Festlegung von Verantwortlichkeiten und Regelungen (B) [Institutionsleitung]
* APP.3.1.A1 Dokumentation der Fernwartungszugänge (S) [OT- und Büro- und Gebäude-IT]

Quelle: ORP.1.A1 (S. 391), APP.3.1.A1 (S. 73)

Anschlussfragen:

1. Wie können die OT-Fernwartungszugänge sicher dokumentiert werden?
2. Welche Sicherheitsmaßnahmen müssen für die OT-Fernwartungszugänge getroffen werden?
3. Wie können die Dokumente der OT-Fernwartungszugänge im Rahmen des Notfallmanagements zur Verfügung gestellt werden?";"Um die Frage zu beantworten, wie Fernwartungszugänge dokumentiert werden müssen, müssen wir uns auf die bereitgestellten Dokumente konzentrieren.

Die Dokumentation der Fernwartungszugänge ist von entscheidender Bedeutung, um sicherzustellen, dass alle Zugriffe auf die OT-Fernwartungszugänge überwacht und dokumentiert werden. Im industriellen Umfeld müssen die OT und die Büro- und Gebäude-IT gemeinsam die OT-Fernwartungszugänge erfassen und dokumentieren.

Die Dokumentation der Fernwartungszugänge sollte folgende Aspekte umfassen:

* Eine Liste aller OT-Fernwartungszugänge, einschließlich ihrer Aktivierungszustände
* Eine Beschreibung der Sicherheitsmaßnahmen, die für jeden Zugang getroffen werden
* Eine Dokumentation aller Zugriffe auf die OT-Fernwartungszugänge, einschließlich der Zeitpunkte und der beteiligten Personen
* Eine Beschreibung der Sicherheitsprotokolle, die für jeden Zugang verwendet werden

Die Dokumentation der Fernwartungszugänge sollte an geeigneten Orten und vor unberechtigtem Zugriff geschützt abgelegt werden. Die Dokumente sollten im Rahmen des Notfallmanagements zur Verfügung stehen.

Um die Dokumentation der Fernwartungszugänge zu gewährleisten, sollten Mechanismen zur Erkennung und Abwehr von hochvolumigen Angriffen, TCP-State-Exhaustion-Angriffen und Angriffen auf Applikationsebene implementiert sein. Alle Fernwartungsvorgänge sollten protokolliert werden.

Die Dokumentation der Fernwartungszugänge ist ein wichtiger Schritt, um die Sicherheit der OT-Fernwartungszugänge zu gewährleisten. Durch die Dokumentation können potenzielle Sicherheitsrisiken identifiziert und behoben werden.

Anforderungen:

* ORP.1.A1 Festlegung von Verantwortlichkeiten und Regelungen (B) [Institutionsleitung]
* APP.3.1.A1 Dokumentation der Fernwartungszugänge (S) [OT- und Büro- und Gebäude-IT]

Quelle: ORP.1.A1 (S. 391), APP.3.1.A1 (S. 73)";"1. Wie können die OT-Fernwartungszugänge sicher dokumentiert werden?
2. Welche Sicherheitsmaßnahmen müssen für die OT-Fernwartungszugänge getroffen werden?
3. Wie können die Dokumente der OT-Fernwartungszugänge im Rahmen des Notfallmanagements zur Verfügung gestellt werden?";3;3;0.9617346938638119;1.0;1.0;0.4131670317042404;Wie können die OT-Fernwartungszugänge sicher dokumentiert werden?;2;2;Direkte Antwort durch IT-Grundschutz;Welche Sicherheitsmaßnahmen müssen für die OT-Fernwartungszugänge getroffen werden?;2;2;Direkt relevante Sicherheitsmaßnahmen;Wie können die Dokumente der OT-Fernwartungszugänge im Rahmen des Notfallmanagements zur Verfügung gestellt werden?;2;2;Direkte Relevanz zu Fernwartungsdokumentation;2.0;2.0
Welche Protokolle sollen bei Fernwartung eingesetzt werden?;"Bei Fernwartung sollten nur als sicher eingestufte Kommunikationsprotokolle eingesetzt werden, wobei sichere kryptografische Verfahren verwendet werden sollten Quelle: OPS.1.2.5.A8 (S). Insbesondere wenn auf die Fernwartungszugänge von IT-Systemen im internen Netz über ein öffentliches Datennetz zugegriffen wird, sollte ein abgesichertes Virtuelles Privates Netz (VPN) genutzt werden Quelle: OPS.1.2.5.A8 (S).

Anschlussfragen:
1. Welche Rolle spielt die regelmäßige Überprüfung und Anpassung der kryptografischen Verfahren bei der Fernwartung?
2. Wie sollten Fernwartungszugänge im internen Netz über ein öffentliches Datennetz abgesichert werden?
3. Welche zusätzlichen Bausteine sollten bei der Nutzung von Fernwartung berücksichtigt werden?";Bei Fernwartung sollten nur als sicher eingestufte Kommunikationsprotokolle eingesetzt werden, wobei sichere kryptografische Verfahren verwendet werden sollten Quelle: OPS.1.2.5.A8 (S). Insbesondere wenn auf die Fernwartungszugänge von IT-Systemen im internen Netz über ein öffentliches Datennetz zugegriffen wird, sollte ein abgesichertes Virtuelles Privates Netz (VPN) genutzt werden Quelle: OPS.1.2.5.A8 (S).;OPS.1.2.5.A8 Sichere Protokolle bei der Fernwartung (S) Nur als sicher eingestufte Kommunikationsprotokolle SOLLTEN eingesetzt werden. Dafür SOLLTEN sichere kryptografische Verfahren verwendet werden. Die Stärke der verwendeten kryptografischen Verfahren und Schlüssel SOLLTE regelmäßig überprüft und bei Bedarf angepasst werden. Wird auf die Fernwartungszugänge von IT-Systemen im internen Netz über ein öffentliches Datennetz zugegriffen, SOLLTE ein abgesichertes Virtuelles Privates Netz (VPN) genutzt werden.;"Antwort:

Die Anforderungen an die Protokolle für die Fernwartung sind im Baustein ORP.4.A8 festgelegt. Hier SOLLTEN sichere Protokolle eingesetzt werden, um die Kommunikation zwischen der Fernwartung und den IT-Systemen sicher zu gestalten.

Sichere Protokolle SOLLTEN kryptografische Verfahren verwenden, um die Daten zu schützen. Die Stärke der verwendeten kryptografischen Verfahren und Schlüssel SOLLTE regelmäßig überprüft und bei Bedarf angepasst werden.

Wenn die Fernwartung über ein öffentliches Datennetz erfolgt, SOLLTE ein abgesichertes Virtuelles Privates Netz (VPN) genutzt werden.

Quelle: ORP.4.A8 (S.73)

Anschlussfragen:

1. Welche Rolle spielen kryptografische Verfahren bei der Fernwartung?
2. Wie kann die Stärke der verwendeten kryptografischen Verfahren und Schlüssel überprüft werden?
3. Welche Vorteile bietet die Verwendung eines VPN bei der Fernwartung?";"Antwort:

Die Anforderungen an die Protokolle für die Fernwartung sind im Baustein ORP.4.A8 festgelegt. Hier SOLLTEN sichere Protokolle eingesetzt werden, um die Kommunikation zwischen der Fernwartung und den IT-Systemen sicher zu gestalten.

Sichere Protokolle SOLLTEN kryptografische Verfahren verwenden, um die Daten zu schützen. Die Stärke der verwendeten kryptografischen Verfahren und Schlüssel SOLLTE regelmäßig überprüft und bei Bedarf angepasst werden.

Wenn die Fernwartung über ein öffentliches Datennetz erfolgt, SOLLTE ein abgesichertes Virtuelles Privates Netz (VPN) genutzt werden.

Quelle: ORP.4.A8 (S.73)";"1. Welche Rolle spielen kryptografische Verfahren bei der Fernwartung?
2. Wie kann die Stärke der verwendeten kryptografischen Verfahren und Schlüssel überprüft werden?
3. Welche Vorteile bietet die Verwendung eines VPN bei der Fernwartung?";3;3;0.759523809508619;1.0;0.8;0.6708877886157039;Welche Rolle spielen kryptografische Verfahren bei der Fernwartung?;2;2;Kryptografische Verfahren bei Fernwartung;Wie kann die Stärke der verwendeten kryptografischen Verfahren und Schlüssel überprüft werden?;2;2;Kryptokonzept und Schlüsselmanagement;Welche Vorteile bietet die Verwendung eines VPN bei der Fernwartung?;2;2;VPN-Vorteile bei Fernwartung;2.0;2.0
Wie ist der Einsatz von Online-Diensten zur Fernwartung zu regeln?;"Der Einsatz von Online-Diensten zur Fernwartung SOLLTE durch die Institution geregelt werden, indem festgelegt wird, unter welchen Umständen diese Dienste genutzt werden dürfen Quelle: OPS.1.2.5.A5 (S). Der Einsatz solcher Dienste SOLLTE auf möglichst wenige Fälle beschränkt werden, und es SOLLTE sichergestellt werden, dass der eingesetzte Online-Dienst die übertragenen Informationen Ende-zu-Endeverschlüsselt Quelle: OPS.1.2.5.A5 (S). 

Anschlussfragen:
1. Wie können die Sicherheitsaspekte der eingesetzten Kommunikationsverbindungen und Authentisierungsmechanismen bei der Fernwartung gewährleistet werden?
2. Welche Rolle spielen die Bausteine OPS.1.1.3 Patch- und Änderungsmanagement und CON.1 Kryptokonzept bei der Fernwartung?
3. Wie müssen cloudbasierte Fernwartungsprodukte hinsichtlich der allgemeinen Anforderungen aus dem Baustein OPS.2.2 Cloud-Nutzung abgesichert werden?";Der Einsatz von Online-Diensten zur Fernwartung SOLLTE durch die Institution geregelt werden, indem festgelegt wird, unter welchen Umständen diese Dienste genutzt werden dürfen Quelle: OPS.1.2.5.A5 (S). Der Einsatz solcher Dienste SOLLTE auf möglichst wenige Fälle beschränkt werden, und es SOLLTE sichergestellt werden, dass der eingesetzte Online-Dienst die übertragenen Informationen Ende-zu-Endeverschlüsselt Quelle: OPS.1.2.5.A5 (S).;OPS.1.2.5.A5 Einsatz von Online-Diensten (S) Die Institution SOLLTE festlegen, unter welchen Umständen Online-Dienste zur Fernwartung genutzt werden dürfen, bei denen die Verbindung über einen externen Server hergestellt wird. Der Einsatz solcher Dienste SOLLTE generell auf möglichst wenige Fälle beschränkt werden. Die IT-Systeme SOLLTEN keine automatisierten Verbindungen zum Online-Dienst aufbauen. Es SOLLTE sichergestellt werden, dass der eingesetzte Online-Dienst die übertragenen Informationen Ende-zu-Endeverschlüsselt.;"Antwort:

Der Einsatz von Online-Diensten zur Fernwartung SOLLTE auf die Institution angepasst werden. Die Fernwartung SOLLTE hinsichtlich technischer und organisatorischer Aspekte bedarfsgerecht geplant werden. Dabei SOLLTEN mindestens berücksichtigt werden, welche IT-Systeme ferngewartet werden sollen und wer dafür zuständig ist.

Die Institution SOLLTE festlegen, unter welchen Umständen Online-Dienste zur Fernwartung genutzt werden dürfen, bei denen die Verbindung über einen externen Server hergestellt wird. Der Einsatz solcher Dienste SOLLTE generell auf möglichst wenige Fälle beschränkt werden. Die IT-Systeme SOLLTEN keine automatisierten Verbindungen zum Online-Dienst aufbauen. Es SOLLTE sichergestellt werden, dass der eingesetzte Online-Dienst die übertragenen Informationen Ende-zu-Ende-verschlüsselt.

Quelle: ORP.4.A8 (S.73)

Anschlussfragen:

1. Wie können die Sicherheitsrisiken bei der Nutzung von Online-Diensten zur Fernwartung minimiert werden?
2. Welche Rolle spielen vertragliche Regelungen bei der Nutzung von externen Dienstleistenden für die Fernwartung?
3. Wie können dedizierte Clients und Konten bei der Fernwartung eingesetzt werden, um die Sicherheit zu erhöhen?";"Antwort:

Der Einsatz von Online-Diensten zur Fernwartung SOLLTE auf die Institution angepasst werden. Die Fernwartung SOLLTE hinsichtlich technischer und organisatorischer Aspekte bedarfsgerecht geplant werden. Dabei SOLLTEN mindestens berücksichtigt werden, welche IT-Systeme ferngewartet werden sollen und wer dafür zuständig ist.

Die Institution SOLLTE festlegen, unter welchen Umständen Online-Dienste zur Fernwartung genutzt werden dürfen, bei denen die Verbindung über einen externen Server hergestellt wird. Der Einsatz solcher Dienste SOLLTE generell auf möglichst wenige Fälle beschränkt werden. Die IT-Systeme SOLLTEN keine automatisierten Verbindungen zum Online-Dienst aufbauen. Es SOLLTE sichergestellt werden, dass der eingesetzte Online-Dienst die übertragenen Informationen Ende-zu-Ende-verschlüsselt.

Quelle: ORP.4.A8 (S.73)";"1. Wie können die Sicherheitsrisiken bei der Nutzung von Online-Diensten zur Fernwartung minimiert werden?
2. Welche Rolle spielen vertragliche Regelungen bei der Nutzung von externen Dienstleistenden für die Fernwartung?
3. Wie können dedizierte Clients und Konten bei der Fernwartung eingesetzt werden, um die Sicherheit zu erhöhen?";3;3;;;;;Wie können die Sicherheitsrisiken bei der Nutzung von Online-Diensten zur Fernwartung minimiert werden?;2;2;Direkte Sicherheitsrisikominimierung;Welche Rolle spielen vertragliche Regelungen bei der Nutzung von externen Dienstleistenden für die Fernwartung?;2;2;Vertragliche Regelungen bei Fernwartung;Wie können dedizierte Clients und Konten bei der Fernwartung eingesetzt werden, um die Sicherheit zu erhöhen?;2;2;Direkte Relevanz zu Fernwartung;2.0;2.0
Wie werden Mitarbeitende im Umgang mit Fernwartungswerkzeugen unterstützt?;"Mitarbeitende im Umgang mit Fernwartungswerkzeugen werden durch organisatorische Verwaltungsprozesse, Bedienungsanleitungen und Schulungsmaßnahmen unterstützt Quelle: OPS.1.2.5.A10 (S). Es SOLLTE eine Bedienungsanleitung für den Umgang mit den Fernwartungswerkzeugen vorliegen Quelle: OPS.1.2.5.A10 (S). Zusätzlich zu den allgemeinen Schulungsmaßnahmen SOLLTE der IT-Betrieb besonders im Umgang mit den Fernwartungswerkzeugen sensibilisiert und geschult werden Quelle: OPS.1.2.5.A10 (S). 

Anschlussfragen:
1. Wie werden die organisatorischen Verwaltungsprozesse zum Umgang mit Fernwartungswerkzeugen etabliert?
2. Welche Rolle spielt die Sensibilisierung und Schulung des IT-Betriebs im Umgang mit Fernwartungswerkzeugen?
3. Wie werden die Sicherheitsaspekte der eingesetzten Kommunikationsverbindungen und Authentisierungsmechanismen bei der Fernwartung berücksichtigt?";Mitarbeitende im Umgang mit Fernwartungswerkzeugen werden durch organisatorische Verwaltungsprozesse, Bedienungsanleitungen und Schulungsmaßnahmen unterstützt Quelle: OPS.1.2.5.A10 (S). Es SOLLTE eine Bedienungsanleitung für den Umgang mit den Fernwartungswerkzeugen vorliegen Quelle: OPS.1.2.5.A10 (S). Zusätzlich zu den allgemeinen Schulungsmaßnahmen SOLLTE der IT-Betrieb besonders im Umgang mit den Fernwartungswerkzeugen sensibilisiert und geschult werden Quelle: OPS.1.2.5.A10 (S).;OPS.1.2.5.A10 Umgang mit Fernwartungswerkzeugen (S) Es SOLLTEN organisatorische Verwaltungsprozesse zum Umgang mit den ausgewählten Fernwartungswerkzeugen etabliert werden. Es SOLLTE eine Bedienungsanleitung für den Umgang mit den Fernwartungswerkzeugen vorliegen. Ergänzend zu den allgemeinen Schulungsmaßnahmen SOLLTEN Musterabläufe für die passive und die aktive Fernwartung erstellt und kommuniziert werden. Zusätzlich zu den allgemeinen Schulungsmaßnahmen SOLLTE der IT-Betrieb besonders im Umgang mit den Fernwartungswerkzeugen sensibilisiert und geschult werden. Es SOLLTE ein Ansprechpartner oder eine Ansprechpartnerin für alle fachlichen Fragen zu den Fernwartungswerkzeugen benannt werden.;"Antwort:

Die Mitarbeitenden im Umgang mit Fernwartungswerkzeugen werden unterstützt, indem organisatorische Verwaltungsprozesse zum Umgang mit den ausgewählten Fernwartungswerkzeugen etabliert werden. Es SOLLTE eine Bedienungsanleitung für den Umgang mit den Fernwartungswerkzeugen vorliegen. Ergänzend zu den allgemeinen Schulungsmaßnahmen SOLLTEN Musterabläufe für die passive und die aktive Fernwartung erstellt und kommuniziert werden. Zusätzlich zu den allgemeinen Schulungsmaßnahmen SOLLTE der IT-Betrieb besonders im Umgang mit den Fernwartungswerkzeugen sensibilisiert und geschult werden. Es SOLLTE ein Ansprechpartner oder eine Ansprechpartnerin für alle fachlichen Fragen zu den Fernwartungswerkzeugen benannt werden.

Quelle: OPS.1.2.5 Fernwartung (S. 123)

Anschlussfragen:

1. Wie werden die Musterabläufe für die passive und die aktive Fernwartung erstellt und kommuniziert?
2. Welche Rolle spielt der IT-Betrieb bei der Sensibilisierung und Schulung der Mitarbeitenden im Umgang mit den Fernwartungswerkzeugen?
3. Wie wird der Ansprechpartner oder die Ansprechpartnerin für alle fachlichen Fragen zu den Fernwartungswerkzeugen benannt und unterstützt?";"Antwort:

Die Mitarbeitenden im Umgang mit Fernwartungswerkzeugen werden unterstützt, indem organisatorische Verwaltungsprozesse zum Umgang mit den ausgewählten Fernwartungswerkzeugen etabliert werden. Es SOLLTE eine Bedienungsanleitung für den Umgang mit den Fernwartungswerkzeugen vorliegen. Ergänzend zu den allgemeinen Schulungsmaßnahmen SOLLTEN Musterabläufe für die passive und die aktive Fernwartung erstellt und kommuniziert werden. Zusätzlich zu den allgemeinen Schulungsmaßnahmen SOLLTE der IT-Betrieb besonders im Umgang mit den Fernwartungswerkzeugen sensibilisiert und geschult werden. Es SOLLTE ein Ansprechpartner oder eine Ansprechpartnerin für alle fachlichen Fragen zu den Fernwartungswerkzeugen benannt werden.

Quelle: OPS.1.2.5 Fernwartung (S. 123)";"1. Wie werden die Musterabläufe für die passive und die aktive Fernwartung erstellt und kommuniziert?
2. Welche Rolle spielt der IT-Betrieb bei der Sensibilisierung und Schulung der Mitarbeitenden im Umgang mit den Fernwartungswerkzeugen?
3. Wie wird der Ansprechpartner oder die Ansprechpartnerin für alle fachlichen Fragen zu den Fernwartungswerkzeugen benannt und unterstützt?";3;3;0.8392857142689285;1.0;0.8333333333333334;0.69457532591368;Wie werden die Musterabläufe für die passive und die aktive Fernwartung erstellt und kommuniziert?;2;2;Direkte Erwähnung von Musterabläufen;Welche Rolle spielt der IT-Betrieb bei der Sensibilisierung und Schulung der Mitarbeitenden im Umgang mit den Fernwartungswerkzeugen?;2;2;Direkte Erwähnung des IT-Betriebs;Wie wird der Ansprechpartner oder die Ansprechpartnerin für alle fachlichen Fragen zu den Fernwartungswerkzeugen benannt und unterstützt?;2;2;Direkte Unterstützung;2.0;2.0
Welche Anforderungen gelten für die Authentisierung bei Fernwartung?;"Für die Authentisierung bei Fernwartung SOLLTEN Mehr-Faktor-Verfahren zur Authentisierung eingesetzt werden Quelle: OPS.1.2.5.A17 (S). Die Auswahl der Authentisierungsmethode und die Gründe, die zu der Auswahl geführt haben, SOLLTEN dokumentiert werden Quelle: OPS.1.2.5.A17 (S). Fernwartungszugänge SOLLTEN im Identitäts- und Berechtigungsmanagement der Institution berücksichtigt werden Quelle: OPS.1.2.5.A17 (S).

Anschlussfragen:
1. Welche Rolle spielt die Dokumentation bei der Auswahl von Authentisierungsmethoden für die Fernwartung?
2. Wie sollten Fernwartungszugänge im Identitäts- und Berechtigungsmanagement berücksichtigt werden?
3. Welche zusätzlichen Bausteine sollten bei der Nutzung von Fernwartung beachtet werden?";Für die Authentisierung bei Fernwartung SOLLTEN Mehr-Faktor-Verfahren zur Authentisierung eingesetzt werden Quelle: OPS.1.2.5.A17 (S). Die Auswahl der Authentisierungsmethode und die Gründe, die zu der Auswahl geführt haben, SOLLTEN dokumentiert werden Quelle: OPS.1.2.5.A17 (S). Fernwartungszugänge SOLLTEN im Identitäts- und Berechtigungsmanagement der Institution berücksichtigt werden Quelle: OPS.1.2.5.A17 (S).;OPS.1.2.5.A17 Authentisierungsmechanismen bei der Fernwartung (S) Für die Fernwartung SOLLTEN Mehr-Faktor-Verfahren zur Authentisierung eingesetzt werden. Die Auswahl der Authentisierungsmethode und die Gründe, die zu der Auswahl geführt haben, SOLLTEN dokumentiert werden. Fernwartungszugänge SOLLTEN im Identitäts- und Berechtigungsmanagement der Institution berücksichtigt werden.;"Anforderungen für die Authentisierung bei Fernwartung:

Die Authentisierung bei Fernwartung SOLLTE mit Mehr-Faktor-Verfahren durchgeführt werden. Die Auswahl der Authentisierungsmechanismen und die Gründe für die Auswahl SOLLTEN dokumentiert werden. Fernwartungszugänge SOLLTEN im Identitäts- und Berechtigungsmanagement der Institution berücksichtigt werden.

Quelle: APP.3.1.A1 (S.391)

Anforderungen zur Absicherung der Fernwartungszugänge:

Die möglichen Zugänge und Kommunikationsverbindungen für die Fernwartung MÜSSEN auf das notwendige Maß beschränkt werden. Alle Fernwartungsverbindungen MÜSSEN nach dem Fernzugriff getrennt werden.

Quelle: APP.3.1.A1 (S.391)

Anforderungen an die Authentisierung bei der Fernwartung:

Fernwartungsverbindungen über nicht vertrauenswürdige Netze MÜSSEN verschlüsselt werden. Alle anderen Fernwartungsverbindungen SOLLTEN verschlüsselt werden.

Quelle: APP.3.1.A1 (S.391)

Anforderungen an die Authentisierung bei der Fernwartung:

Der Zugriff durch mindestens eine Sicherheitskomponente in der Zuständigkeit der OT SOLLTE abgesichert werden. Der Zugang zur Fernwartung SOLLTE für alle Zugriffe vereinheitlicht werden. Jeder Zugriff SOLLTE mithilfe zentraler Authentisierungskomponenten kontrolliert und explizit zugelassen werden.

Quelle: APP.3.1.A1 (S.391)

Anschlussfragen:

1. Wie können die Anforderungen an die Authentisierung bei Fernwartung in der Praxis umgesetzt werden?
2. Welche Rolle spielen die Identitäts- und Berechtigungsmanagement bei der Absicherung der Fernwartungszugänge?
3. Wie können die Anforderungen an die Authentisierung bei der Fernwartung in der OT umgesetzt werden?";"Anforderungen für die Authentisierung bei Fernwartung:

Die Authentisierung bei Fernwartung SOLLTE mit Mehr-Faktor-Verfahren durchgeführt werden. Die Auswahl der Authentisierungsmechanismen und die Gründe für die Auswahl SOLLTEN dokumentiert werden. Fernwartungszugänge SOLLTEN im Identitäts- und Berechtigungsmanagement der Institution berücksichtigt werden.

Quelle: APP.3.1.A1 (S.391)

Anforderungen zur Absicherung der Fernwartungszugänge:

Die möglichen Zugänge und Kommunikationsverbindungen für die Fernwartung MÜSSEN auf das notwendige Maß beschränkt werden. Alle Fernwartungsverbindungen MÜSSEN nach dem Fernzugriff getrennt werden.

Quelle: APP.3.1.A1 (S.391)

Anforderungen an die Authentisierung bei der Fernwartung:

Fernwartungsverbindungen über nicht vertrauenswürdige Netze MÜSSEN verschlüsselt werden. Alle anderen Fernwartungsverbindungen SOLLTEN verschlüsselt werden.

Quelle: APP.3.1.A1 (S.391)

Anforderungen an die Authentisierung bei der Fernwartung:

Der Zugriff durch mindestens eine Sicherheitskomponente in der Zuständigkeit der OT SOLLTE abgesichert werden. Der Zugang zur Fernwartung SOLLTE für alle Zugriffe vereinheitlicht werden. Jeder Zugriff SOLLTE mithilfe zentraler Authentisierungskomponenten kontrolliert und explizit zugelassen werden.

Quelle: APP.3.1.A1 (S.391)";"1. Wie können die Anforderungen an die Authentisierung bei Fernwartung in der Praxis umgesetzt werden?
2. Welche Rolle spielen die Identitäts- und Berechtigungsmanagement bei der Absicherung der Fernwartungszugänge?
3. Wie können die Anforderungen an die Authentisierung bei der Fernwartung in der OT umgesetzt werden?";3;3;0.6961904761765524;1.0;0.9;0.5410846447035491;Wie können die Anforderungen an die Authentisierung bei Fernwartung in der Praxis umgesetzt werden?;2;2;Praxisumsetzung direkt abgedeckt;Welche Rolle spielen die Identitäts- und Berechtigungsmanagement bei der Absicherung der Fernwartungszugänge?;2;2;Direkte Relevanz zu Fernwartungssicherheit;Wie können die Anforderungen an die Authentisierung bei der Fernwartung in der OT umgesetzt werden?;2;2;Direkte Umsetzung von Authentisierungsanforderungen;2.0;2.0
Wie ist Fernwartung durch externe Dienstleister abzusichern?;"Fernwartung durch externe Dienstleister sollte wie folgt abgesichert werden: Alle Fernwartungsaktivitäten von externen Dienstleistern SOLLTEN von internen Mitarbeitenden beobachtet werden Quelle: OPS.1.2.5.A19 (S). Alle Fernwartungsvorgänge durch Dritte SOLLTEN aufgezeichnet werden Quelle: OPS.1.2.5.A19 (S). Mit externem Wartungspersonal MÜSSEN vertragliche Regelungen über die Sicherheit der betroffenen IT-Systeme und Informationen geschlossen werden Quelle: OPS.1.2.5.A19 (S). 

Anschlussfragen:
1. Wie sollten die Pflichten und Kompetenzen des externen Wartungspersonals in den vertraglichen Regelungen festgehalten werden?
2. Welche Anforderungen müssen erfüllt werden, wenn cloudbasierte Fernwartungsprodukte verwendet werden?
3. Wie sollten die Fernwartungsschnittstellen konfiguriert sein, um sicherzustellen, dass externe Dienstleister nur auf die notwendigen IT-Systeme und Netzsegmente zugreifen können?";Fernwartung durch externe Dienstleister sollte wie folgt abgesichert werden: Alle Fernwartungsaktivitäten von externen Dienstleistern SOLLTEN von internen Mitarbeitenden beobachtet werden Quelle: OPS.1.2.5.A19 (S). Alle Fernwartungsvorgänge durch Dritte SOLLTEN aufgezeichnet werden Quelle: OPS.1.2.5.A19 (S). Mit externem Wartungspersonal MÜSSEN vertragliche Regelungen über die Sicherheit der betroffenen IT-Systeme und Informationen geschlossen werden Quelle: OPS.1.2.5.A19 (S).;OPS.1.2.5.A19 Fernwartung durch Dritte (S) Wird die Fernwartung von Externen durchgeführt, SOLLTEN alle Fernwartungsaktivitäten von internen Mitarbeitenden beobachtet werden. Alle Fernwartungsvorgänge durch Dritte SOLLTEN aufgezeichnet werden. Mit externem Wartungspersonal MÜSSEN vertragliche Regelungen über die Sicherheit der betroffenen IT-Systeme und Informationen geschlossen werden. Die Pflichten und Kompetenzen des externen Wartungspersonals SOLLTEN in den vertraglichen Regelungen festgehalten werden. Sollten Dienstleistende mehrere Kunden und Kundinnen fernwarten, MUSS gewährleistet sein, dass die Netze der Kunden und Kundinnen nicht miteinander verbunden werden. Die Fernwartungsschnittstellen SOLLTEN so konfiguriert sein, dass es Dienstleistenden nur möglich ist, auf die IT-Systeme und Netzsegmente zuzugreifen, die für seine Arbeit benötigt werden.;"**Fernwartung durch externe Dienstleister abzusichern**

Um Fernwartung durch externe Dienstleister abzusichern, MÜSSEN angemessene restriktive Regelungen für die OT-Fernwartung vertraglich vereinbart werden. Diese vertraglichen Regelungen MÜSSEN zu jedem Zeitpunkt gewährleisten, dass externe Benutzende jegliche OT-Fernwartungszugänge ausschließlich kontrolliert und abgestimmt nutzen.

Intern MUSS festgelegt werden, über welche Fernwartungszugänge welche Tätigkeiten durch welche externen Benutzenden zulässig sind. Darüber hinaus MUSS festgelegt werden, welche internen Mitarbeitenden Fernwartungszugriffe und -tätigkeiten von Externen autorisieren, beobachten und gegebenenfalls unterstützen.

**Anforderungen zur Absicherung der Fernwartung**

- **Absicherung der Fernwartungsschnittstellen**: Die möglichen Zugänge und Kommunikationsverbindungen für die Fernwartung MÜSSEN auf das notwendige Maß beschränkt werden. Alle Fernwartungsverbindungen MÜSSEN nach dem Fernzugriff getrennt werden.
- **Verschlüsselung von Fernwartungsverbindungen**: Fernwartungsverbindungen über nicht vertrauenswürdige Netze MÜSSEN verschlüsselt werden. Alle anderen Fernwartungsverbindungen SOLLTEN verschlüsselt werden.
- **Absicherung jedes Fernwartungszugriffs auf die OT**: Im industriellen Umfeld MUSS die OT jeden Zugriff auf ein IT-System, das einen Fernwartungsdienst für die OT bereitstellt, selbst steuern können. Hierfür MUSS der Zugriff durch mindestens eine Sicherheitskomponente in der Zuständigkeit der OT abgesichert werden.

**Quellen:**

- Quelle: Fernwartung (S. 1)
- Quelle: Absicherung der Schnittstellen zur Fernwartung (S. 2)
- Quelle: Absicherung jedes Fernwartungszugriffs auf die OT (S. 3)

**Anschlussfragen:**

1. Wie können die vertraglichen Regelungen für die OT-Fernwartung durch externe Dienstleister festgelegt werden?
2. Welche Rolle spielen die internen Mitarbeitenden bei der Absicherung der Fernwartung?
3. Wie können die Sicherheitskomponenten in der Zuständigkeit der OT für die Absicherung der Fernwartungszugriffe eingerichtet werden?";"**Fernwartung durch externe Dienstleister abzusichern**

Um Fernwartung durch externe Dienstleister abzusichern, MÜSSEN angemessene restriktive Regelungen für die OT-Fernwartung vertraglich vereinbart werden. Diese vertraglichen Regelungen MÜSSEN zu jedem Zeitpunkt gewährleisten, dass externe Benutzende jegliche OT-Fernwartungszugänge ausschließlich kontrolliert und abgestimmt nutzen.

Intern MUSS festgelegt werden, über welche Fernwartungszugänge welche Tätigkeiten durch welche externen Benutzenden zulässig sind. Darüber hinaus MUSS festgelegt werden, welche internen Mitarbeitenden Fernwartungszugriffe und -tätigkeiten von Externen autorisieren, beobachten und gegebenenfalls unterstützen.

**Anforderungen zur Absicherung der Fernwartung**

- **Absicherung der Fernwartungsschnittstellen**: Die möglichen Zugänge und Kommunikationsverbindungen für die Fernwartung MÜSSEN auf das notwendige Maß beschränkt werden. Alle Fernwartungsverbindungen MÜSSEN nach dem Fernzugriff getrennt werden.
- **Verschlüsselung von Fernwartungsverbindungen**: Fernwartungsverbindungen über nicht vertrauenswürdige Netze MÜSSEN verschlüsselt werden. Alle anderen Fernwartungsverbindungen SOLLTEN verschlüsselt werden.
- **Absicherung jedes Fernwartungszugriffs auf die OT**: Im industriellen Umfeld MUSS die OT jeden Zugriff auf ein IT-System, das einen Fernwartungsdienst für die OT bereitstellt, selbst steuern können. Hierfür MUSS der Zugriff durch mindestens eine Sicherheitskomponente in der Zuständigkeit der OT abgesichert werden.

**Quellen:**

- Quelle: Fernwartung (S. 1)
- Quelle: Absicherung der Schnittstellen zur Fernwartung (S. 2)
- Quelle: Absicherung jedes Fernwartungszugriffs auf die OT (S. 3)";"1. Wie können die vertraglichen Regelungen für die OT-Fernwartung durch externe Dienstleister festgelegt werden?
2. Welche Rolle spielen die internen Mitarbeitenden bei der Absicherung der Fernwartung?
3. Wie können die Sicherheitskomponenten in der Zuständigkeit der OT für die Absicherung der Fernwartungszugriffe eingerichtet werden?";3;3;;;;;Wie können die vertraglichen Regelungen für die OT-Fernwartung durch externe Dienstleister festgelegt werden?;2;2;Direkte Regelungen;Welche Rolle spielen die internen Mitarbeitenden bei der Absicherung der Fernwartung?;2;2;Interne Mitarbeitende bei Fernwartung;Wie können die Sicherheitskomponenten in der Zuständigkeit der OT für die Absicherung der Fernwartungszugriffe eingerichtet werden?;2;2;Direkte Absicherung;2.0;2.0
Welche Maßnahmen gehören zum sicheren Betrieb der Fernwartung?;"Für den sicheren Betrieb der Fernwartung SOLLTE ein Meldeprozess für Support- und Fernwartungsanliegen etabliert werden Quelle: OPS.1.2.5.A20 (S). Mechanismen zur Erkennung und Abwehr von hochvolumigen Angriffen, TCP-StateExhaustion-Angriffen und Angriffen auf Applikationsebene SOLLTEN implementiert sein Quelle: OPS.1.2.5.A20 (S). Alle Fernwartungsvorgänge SOLLTEN protokolliert werden Quelle: OPS.1.2.5.A20 (S).

Anschlussfragen:
1. Welche Rolle spielt die Authentisierung bei der Fernwartung?
2. Wie werden die Sicherheitsaspekte der eingesetzten Kommunikationsverbindungen bei der Fernwartung berücksichtigt?
3. Welche zusätzlichen Bausteine müssen bei der Nutzung von cloudbasierten Fernwartungsprodukten beachtet werden?";Für den sicheren Betrieb der Fernwartung SOLLTE ein Meldeprozess für Support- und Fernwartungsanliegen etabliert werden Quelle: OPS.1.2.5.A20 (S). Mechanismen zur Erkennung und Abwehr von hochvolumigen Angriffen, TCP-StateExhaustion-Angriffen und Angriffen auf Applikationsebene SOLLTEN implementiert sein Quelle: OPS.1.2.5.A20 (S). Alle Fernwartungsvorgänge SOLLTEN protokolliert werden Quelle: OPS.1.2.5.A20 (S).;OPS.1.2.5.A20 Betrieb der Fernwartung (S) Ein Meldeprozess für Support- und Fernwartungsanliegen SOLLTE etabliert werden. Es SOLLTEN Mechanismen zur Erkennung und Abwehr von hochvolumigen Angriffen, TCP-StateExhaustion-Angriffen und Angriffen auf Applikationsebene implementiert sein. Alle Fernwartungsvorgänge SOLLTEN protokolliert werden.;"Um den sicheren Betrieb der Fernwartung zu gewährleisten, müssen die folgenden Maßnahmen ergriffen werden:

- **Regelungen für die Fernwartung**: Es MUSS festgelegt werden, wie Anwendungen zur Fernwartung konfiguriert werden sollen, um zusätzliche Risiken für das interne Netz zu vermeiden (Quelle: Fernwartung, S. 1).
- **Planung und Regelung der Fernwartung**: Die Fernwartung MUSS sorgfältig geplant, aufgebaut und geregelt werden, um die Sicherheit aller IT-Systeme einer Institution zu gewährleisten (Quelle: Fernwartung, S. 2).
- **Authentisierung bei der Fernwartung**: Ein sicheres Authentisierungsverfahren MUSS verwendet werden, um unberechtigte Dritte zu verhindern, administrative Berechtigungen auf Fernwartungssystemen oder für Fernwartungswerkzeuge zu erlangen (Quelle: Fernwartung, S. 3).
- **Fernwartungskomponenten**: Integrierte Fernwartungskomponenten MUSSEN gut dokumentiert und bei der Beschaffung und dem Betrieb von IT-Systemen berücksichtigt werden, um Schwachstellen zu vermeiden (Quelle: Fernwartung, S. 5).
- **Absicherung der Schnittstellen zur Fernwartung**: Die möglichen Zugänge und Kommunikationsverbindungen für die Fernwartung MUSSEN auf das notwendige Maß beschränkt werden, und alle Fernwartungsverbindungen MUSSEN nach dem Fernzugriff getrennt werden (Quelle: Fernwartung, S. 7).
- **Planung des Einsatzes der Fernwartung in der OT**: Im industriellen Umfeld MUSS für sämtliche Einrichtungen zur Fernwartung ein einheitliches, zentrales Fernwartungskonzept für die gesamte OT der Institution erstellt werden (Quelle: Fernwartung, S. 9).
- **Sichere Administration**: Für die Erstkonfiguration, Verwaltung und Fernwartung in der OT SOLLTEN sichere Protokolle oder abgetrennte Administrationsnetze mit entsprechendem Schutzbedarf genutzt werden (Quelle: Fernwartung, S. 11).

Anschlussfragen:

1. Wie können die Regelungen für die Fernwartung in einer Institution umgesetzt werden?
2. Welche Rolle spielen integrierte Fernwartungskomponenten bei der Sicherheit von IT-Systemen?
3. Wie kann die Absicherung der Schnittstellen zur Fernwartung in einer Institution gewährleistet werden?";"Um den sicheren Betrieb der Fernwartung zu gewährleisten, müssen die folgenden Maßnahmen ergriffen werden:

- **Regelungen für die Fernwartung**: Es MUSS festgelegt werden, wie Anwendungen zur Fernwartung konfiguriert werden sollen, um zusätzliche Risiken für das interne Netz zu vermeiden (Quelle: Fernwartung, S. 1).
- **Planung und Regelung der Fernwartung**: Die Fernwartung MUSS sorgfältig geplant, aufgebaut und geregelt werden, um die Sicherheit aller IT-Systeme einer Institution zu gewährleisten (Quelle: Fernwartung, S. 2).
- **Authentisierung bei der Fernwartung**: Ein sicheres Authentisierungsverfahren MUSS verwendet werden, um unberechtigte Dritte zu verhindern, administrative Berechtigungen auf Fernwartungssystemen oder für Fernwartungswerkzeuge zu erlangen (Quelle: Fernwartung, S. 3).
- **Fernwartungskomponenten**: Integrierte Fernwartungskomponenten MUSSEN gut dokumentiert und bei der Beschaffung und dem Betrieb von IT-Systemen berücksichtigt werden, um Schwachstellen zu vermeiden (Quelle: Fernwartung, S. 5).
- **Absicherung der Schnittstellen zur Fernwartung**: Die möglichen Zugänge und Kommunikationsverbindungen für die Fernwartung MUSSEN auf das notwendige Maß beschränkt werden, und alle Fernwartungsverbindungen MUSSEN nach dem Fernzugriff getrennt werden (Quelle: Fernwartung, S. 7).
- **Planung des Einsatzes der Fernwartung in der OT**: Im industriellen Umfeld MUSS für sämtliche Einrichtungen zur Fernwartung ein einheitliches, zentrales Fernwartungskonzept für die gesamte OT der Institution erstellt werden (Quelle: Fernwartung, S. 9).
- **Sichere Administration**: Für die Erstkonfiguration, Verwaltung und Fernwartung in der OT SOLLTEN sichere Protokolle oder abgetrennte Administrationsnetze mit entsprechendem Schutzbedarf genutzt werden (Quelle: Fernwartung, S. 11).";"1. Wie können die Regelungen für die Fernwartung in einer Institution umgesetzt werden?
2. Welche Rolle spielen integrierte Fernwartungskomponenten bei der Sicherheit von IT-Systemen?
3. Wie kann die Absicherung der Schnittstellen zur Fernwartung in einer Institution gewährleistet werden?";3;3;0.49999999995;1.0;0.625;0.6616651895280352;Wie können die Regelungen für die Fernwartung in einer Institution umgesetzt werden?;2;2;Direkte Umsetzung von Fernwartungsregelungen;Welche Rolle spielen integrierte Fernwartungskomponenten bei der Sicherheit von IT-Systemen?;2;2;Direkt relevante Vertiefung;Wie kann die Absicherung der Schnittstellen zur Fernwartung in einer Institution gewährleistet werden?;2;2;Direkte Absicherung;2.0;2.0
Wie wird auf den Ausfall von Fernwartung reagiert?;"Um auf den Ausfall von Fernwartung zu reagieren, SOLLTE ein Konzept entwickelt werden, das im Falle eines Ausfalls festhält, wie zu reagieren ist, um Störungen, Schäden und Folgeschäden zu minimieren Quelle: OPS.1.2.5.A21 (S). Dieses Konzept SOLLTE auch festlegen, wie eine zeitnahe Wiederherstellung des Normalbetriebs erfolgen kann Quelle: OPS.1.2.5.A21 (S).

Anschlussfragen:
1. Wie kann ein Notfallplan für den Ausfall von Fernwartungskomponenten erstellt werden?
2. Welche Rolle spielt die Absicherung der Fernwartungszugänge bei der Reaktion auf einen Ausfall?
3. Wie können cloudbasierte Fernwartungsprodukte bei der Reaktion auf einen Ausfall berücksichtigt werden?";Um auf den Ausfall von Fernwartung zu reagieren, SOLLTE ein Konzept entwickelt werden, das im Falle eines Ausfalls festhält, wie zu reagieren ist, um Störungen, Schäden und Folgeschäden zu minimieren Quelle: OPS.1.2.5.A21 (S). Dieses Konzept SOLLTE auch festlegen, wie eine zeitnahe Wiederherstellung des Normalbetriebs erfolgen kann Quelle: OPS.1.2.5.A21 (S).;OPS.1.2.5.A21 Erstellung eines Notfallplans für den Ausfall der Fernwartung (S) Es SOLLTE ein Konzept entwickelt werden, wie die Folgen eines Ausfalls von Fernwartungskomponenten minimiert werden können. Dieses SOLLTE festhalten, wie im Falle eines Ausfalls zu reagieren ist. Durch den Notfallplan SOLLTE sichergestellt sein, dass Störungen, Schäden und Folgeschäden minimiert werden. Außerdem SOLLTE festgelegt werden, wie eine zeitnahe Wiederherstellung des Normalbetriebs erfolgen kann.;"Antwort:

Um auf den Ausfall von Fernwartung reagieren zu können, SOLLTE ein Notfallplan erstellt werden, der die Folgen eines Ausfalls von Fernwartungskomponenten minimiert. Dieser Plan SOLLTE festhalten, wie im Falle eines Ausfalls zu reagieren ist, um Störungen, Schäden und Folgeschäden zu minimieren. Darüber hinaus SOLLTE festgelegt werden, wie eine zeitnahe Wiederherstellung des Normalbetriebs erfolgen kann.

Quelle: OPS.1.1.1.A2 (S. 204-205)

Anschlussfragen:

1. Wie kann der Notfallplan für den Ausfall von Fernwartungkompenten entwickelt werden?
2. Welche Rolle spielen die OT-Mitarbeitenden bei der Fernwartung im industriellen Umfeld?
3. Wie kann die Kommunikation bei der Fernwartung entkoppelt werden, um direkte Fernwartungszugriffe zu vermeiden?";"Antwort:

Um auf den Ausfall von Fernwartung reagieren zu können, SOLLTE ein Notfallplan erstellt werden, der die Folgen eines Ausfalls von Fernwartungskomponenten minimiert. Dieser Plan SOLLTE festhalten, wie im Falle eines Ausfalls zu reagieren ist, um Störungen, Schäden und Folgeschäden zu minimieren. Darüber hinaus SOLLTE festgelegt werden, wie eine zeitnahe Wiederherstellung des Normalbetriebs erfolgen kann.

Quelle: OPS.1.1.1.A2 (S. 204-205)";"1. Wie kann der Notfallplan für den Ausfall von Fernwartungkompenten entwickelt werden?
2. Welche Rolle spielen die OT-Mitarbeitenden bei der Fernwartung im industriellen Umfeld?
3. Wie kann die Kommunikation bei der Fernwartung entkoppelt werden, um direkte Fernwartungszugriffe zu vermeiden?";3;3;0.7961904761745524;0.8333333333333334;1.0;0.7172920852795316;Wie kann der Notfallplan für den Ausfall von Fernwartungkompenten entwickelt werden?;2;2;Direkte Abdeckung durch IT-Grundschutz;Welche Rolle spielen die OT-Mitarbeitenden bei der Fernwartung im industriellen Umfeld?;2;2;OT-Mitarbeitende bei Fernwartung;Wie kann die Kommunikation bei der Fernwartung entkoppelt werden, um direkte Fernwartungszugriffe zu vermeiden?;2;2;Direkte Entkopplung bei Fernwartung;2.0;2.0
Was ist der Unterschied zwischen Cloud und normalem Outsourcing?;"Der Unterschied zwischen Cloud und normalem Outsourcing liegt in mehreren Aspekten. Im Gegensatz zum klassischen IT-Outsourcing, bei dem die komplette gemietete Infrastruktur exklusiv von einem Kunden genutzt wird (Single Tenant Architektur), teilen sich in einer Cloud oft mehrere Anwendende eine gemeinsame Infrastruktur aus wirtschaftlichen Gründen Quelle: Abgrenzung und Modellierung (S.1). 

Cloud-Dienste sind dynamisch und innerhalb viel kürzerer Zeiträume nach oben und unten skalierbar, was es ermöglicht, Angebote rascher an den tatsächlichen Bedarf der Anwendenden anzupassen Quelle: Abgrenzung und Modellierung (S.1). 

Darüber hinaus werden Cloud-Dienste in der Regel mittels einer Webschnittstelle durch die Cloud-Anwendenden selbst gesteuert, was eine automatisierte Anpassung der genutzten Dienste auf ihre Bedürfnisse ermöglicht Quelle: Abgrenzung und Modellierung (S.1). 

Schließlich können die Anwendenden die genutzten Dienste und ihre Ressourcen einfach über Web-Oberflächen oder passende Schnittstellen administrieren, wobei wenig Interaktion mit den Cloud-Diensteanbietenden erforderlich ist Quelle: Abgrenzung und Modellierung (S.1).

Anschlussfragen:
1. Wie unterscheidet sich die Skalierbarkeit von Cloud-Diensten im Vergleich zum klassischen IT-Outsourcing?
2. Welche Rolle spielen Webschnittstellen bei der Steuerung von Cloud-Diensten?
3. Wie können Anwendende ihre Ressourcen in der Cloud administrieren?";"Der Unterschied zwischen Cloud und normalem Outsourcing liegt in mehreren Aspekten. Im Gegensatz zum klassischen IT-Outsourcing, bei dem die komplette gemietete Infrastruktur exklusiv von einem Kunden genutzt wird (Single Tenant Architektur), teilen sich in einer Cloud oft mehrere Anwendende eine gemeinsame Infrastruktur aus wirtschaftlichen Gründen Quelle: Abgrenzung und Modellierung (S.1). 

Cloud-Dienste sind dynamisch und innerhalb viel kürzerer Zeiträume nach oben und unten skalierbar, was es ermöglicht, Angebote rascher an den tatsächlichen Bedarf der Anwendenden anzupassen Quelle: Abgrenzung und Modellierung (S.1). 

Darüber hinaus werden Cloud-Dienste in der Regel mittels einer Webschnittstelle durch die Cloud-Anwendenden selbst gesteuert, was eine automatisierte Anpassung der genutzten Dienste auf ihre Bedürfnisse ermöglicht Quelle: Abgrenzung und Modellierung (S.1). 

Schließlich können die Anwendenden die genutzten Dienste und ihre Ressourcen einfach über Web-Oberflächen oder passende Schnittstellen administrieren, wobei wenig Interaktion mit den Cloud-Diensteanbietenden erforderlich ist Quelle: Abgrenzung und Modellierung (S.1).";"1.3. Abgrenzung und Modellierung Der Baustein OPS.2.2 Cloud-Nutzung ist immer auf eine konkrete Cloud-Dienstleistung anzuwenden. Nutzt eine Institution unterschiedliche Cloud-Diensteanbietende, so ist der Baustein für alle Cloud-Diensteanbietenden anzuwenden. Die Schnittstelle zwischen den Cloud-Diensteanbietenden ist ebenfalls Gegenstand des Bausteins und muss für alle Cloud-Dienstleistungen betrachtet werden. In nahezu allen Bereitstellungsmodellen, abgesehen von der Nutzung einer Private Cloud On-Premise, stellen Cloud-Dienste eine Sonderform des Outsourcings (siehe Baustein OPS.2.3 Nutzung von Outsourcing) dar. Die im vorliegenden Baustein beschriebenen Gefährdungen und Anforderungen werden daher häufig auch im Outsourcing angewendet. Bei Cloud-Diensten gibt es jedoch einige Besonderheiten, die sich ausschließlich in diesem Baustein wiederfinden. Der Baustein OPS.2.3 Nutzung von Outsourcing ist daher nicht auf Cloud-Dienste anzuwenden. Die in diesem Baustein beschriebenen Gefährdungen und Anforderungen gelten dabei grundsätzlich unabhängig vom genutzten Service- und Bereitstellungsmodell. Sicherheitsanforderungen, mit denen Anbietende ihre Cloud-Dienste schützen können, sind nicht Gegenstand dieses Bausteins. Gefährdungen und spezifische Sicherheitsanforderungen, die durch die Anbindung eines Cloud-Dienstes über entsprechende Schnittstellen (englisch API, Application Programming Interface) als relevant anzusehen sind, werden ebenfalls nicht in diesem Baustein betrachtet. Abgrenzung zum klassischen IT-Outsourcing Beim Outsourcing werden Arbeits-, Produktions- oder Geschäftsprozesse einer Institution ganz oder teilweise zu externen Dienstleistenden ausgelagert. Dies ist ein etablierter Bestandteil heutiger Organisationsstrategien. Das klassische IT-Outsourcing ist meist so gestaltet, dass die komplette gemietete Infrastruktur exklusiv von einem Kunden oder einer Kundin genutzt wird (Single Tenant Architektur), auch wenn Anbietende von Outsourcing normalerweise mehrere Kunden oder Kundinnen haben. Zudem werden Outsourcing-Verträge meistens über längere Laufzeiten abgeschlossen. Die Nutzung von Cloud-Diensten gleicht in vielen Punkten dem klassischen Outsourcing, aber es kommen noch einige Unterschiede hinzu, die zu berücksichtigen sind:

• Aus wirtschaftlichen Gründen teilen sich oft in einer Cloud mehrere Anwendende eine gemeinsame Infrastruktur.

• Cloud-Dienste sind dynamisch und dadurch innerhalb viel kürzerer Zeiträume nach oben und unten skalierbar. So können Cloud-basierte Angebote rascher an den tatsächlichen Bedarf der Anwendenden angepasst werden.

• Die in Anspruch genommenen Cloud-Dienste werden in der Regel mittels einer Webschnittstelle durch die Cloud-Anwendenden selbst gesteuert. So können sie automatisiert die genutzten Dienste auf ihre Bedürfnisse zuschneiden.

• Durch die beim Cloud Computing genutzten Techniken ist es möglich, die IT-Leistung dynamisch über mehrere Standorte zu verteilen, die geographisch sowohl im In- als auch im Ausland weit verstreut sein können.

• Die Anwendenden können die genutzten Dienste und ihre Ressourcen einfach über WebOberflächen oder passende Schnittstellen administrieren, wobei wenig Interaktion mit den Cloud-Diensteanbietenden erforderlich ist.";"**Unterschied zwischen Cloud und normalem Outsourcing**

Cloud Computing und normales Outsourcing haben einige Unterschiede:

*   **Skalierbarkeit**: Cloud-Dienste sind dynamisch und können innerhalb kürzerer Zeiträume nach oben und unten skalierbar sein, während normales Outsourcing eher auf eine feste Infrastruktur basiert.
*   **Flexibilität**: Cloud-Dienste können über eine Webschnittstelle von den Anwendenden selbst gesteuert werden, während normales Outsourcing oft über eine feste Schnittstelle abgewickelt wird.
*   **Verbreitung**: Cloud-Dienste können über mehrere Standorte verteilt werden, während normales Outsourcing eher auf eine feste Standortverteilung basiert.
*   **Administration**: Cloud-Dienste können über Web-Oberflächen oder passende Schnittstellen administriert werden, während normales Outsourcing oft über eine feste Administration abgewickelt wird.

**Anforderungen an Outsourcing-Verträge**

Einheitliche Grundanforderungen an Outsourcing-Verträge MÜSSEN entwickelt werden. Diese SOLLTEN einheitlich in Verträgen umgesetzt werden. Diese Grundanforderungen MÜSSEN Aspekte der Informationssicherheit und Sicherheitsanforderungen der Nutzenden von Outsourcing beinhalten. Zudem MÜSSEN sie beinhalten, wie mit Weiterverlagerungen durch die Anbietenden umgegangen wird. Die Grundanforderungen MÜSSEN beinhalten, dass die Nutzenden das Recht haben, Prüfungen, Revisionen und Auditierungen durchzuführen, um sicherzustellen, dass die vertraglich geregelten Anforderungen an die Informationssicherheit eingehalten werden. Mit den Nutzenden von Outsourcing SOLLTE eine Verschwiegenheitserklärung zum Schutz von sensiblen Daten, Vereinbarungen zum Informationsaustausch und Service-Level-Agreements vereinbart werden. Die Grundanforderungen MÜSSEN in Vereinbarungen und Verträgen einheitlich umgesetzt werden. Auf Basis der Grundanforderungen SOLLTE eine einheitliche Vertragsvorlage erstellt und für alle Outsourcing-Vorhaben genutzt werden.

**Anschlussfragen:**

1.  Wie können Institutionen sicherstellen, dass ihre Cloud-Dienste ordnungsgemäß geschützt sind?
2.  Welche Rolle spielen Verträge bei der Sicherstellung der Informationssicherheit im Outsourcing?
3.  Wie können Institutionen ihre Abhängigkeit von Anbietenden von Outsourcing minimieren?";"**Unterschied zwischen Cloud und normalem Outsourcing**

Cloud Computing und normales Outsourcing haben einige Unterschiede:

*   **Skalierbarkeit**: Cloud-Dienste sind dynamisch und können innerhalb kürzerer Zeiträume nach oben und unten skalierbar sein, während normales Outsourcing eher auf eine feste Infrastruktur basiert.
*   **Flexibilität**: Cloud-Dienste können über eine Webschnittstelle von den Anwendenden selbst gesteuert werden, während normales Outsourcing oft über eine feste Schnittstelle abgewickelt wird.
*   **Verbreitung**: Cloud-Dienste können über mehrere Standorte verteilt werden, während normales Outsourcing eher auf eine feste Standortverteilung basiert.
*   **Administration**: Cloud-Dienste können über Web-Oberflächen oder passende Schnittstellen administriert werden, während normales Outsourcing oft über eine feste Administration abgewickelt wird.

**Anforderungen an Outsourcing-Verträge**

Einheitliche Grundanforderungen an Outsourcing-Verträge MÜSSEN entwickelt werden. Diese SOLLTEN einheitlich in Verträgen umgesetzt werden. Diese Grundanforderungen MÜSSEN Aspekte der Informationssicherheit und Sicherheitsanforderungen der Nutzenden von Outsourcing beinhalten. Zudem MÜSSEN sie beinhalten, wie mit Weiterverlagerungen durch die Anbietenden umgegangen wird. Die Grundanforderungen MÜSSEN beinhalten, dass die Nutzenden das Recht haben, Prüfungen, Revisionen und Auditierungen durchzuführen, um sicherzustellen, dass die vertraglich geregelten Anforderungen an die Informationssicherheit eingehalten werden. Mit den Nutzenden von Outsourcing SOLLTE eine Verschwiegenheitserklärung zum Schutz von sensiblen Daten, Vereinbarungen zum Informationsaustausch und Service-Level-Agreements vereinbart werden. Die Grundanforderungen MÜSSEN in Vereinbarungen und Verträgen einheitlich umgesetzt werden. Auf Basis der Grundanforderungen SOLLTE eine einheitliche Vertragsvorlage erstellt und für alle Outsourcing-Vorhaben genutzt werden.";"1.  Wie können Institutionen sicherstellen, dass ihre Cloud-Dienste ordnungsgemäß geschützt sind?
2.  Welche Rolle spielen Verträge bei der Sicherstellung der Informationssicherheit im Outsourcing?
3.  Wie können Institutionen ihre Abhängigkeit von Anbietenden von Outsourcing minimieren?";3;3;0.0;0.5714285714285714;0.3076923076923077;0.28778711786144884;Wie können Institutionen sicherstellen, dass ihre Cloud-Dienste ordnungsgemäß geschützt sind?;2;2;Direkt relevant und abgedeckt;Welche Rolle spielen Verträge bei der Sicherstellung der Informationssicherheit im Outsourcing?;2;2;Verträge im Outsourcing;Wie können Institutionen ihre Abhängigkeit von Anbietenden von Outsourcing minimieren?;2;2;Direkt relevant zu Outsourcing;2.0;2.0
Wie finde ich den richtigen Cloud-Anbieter für unsere Bedürfnisse?;"Um den richtigen Cloud-Anbieter für Ihre Bedürfnisse zu finden, sollten Sie basierend auf der Service-Definition für den Cloud-Dienst ein detailliertes Anforderungsprofil für Cloud-Diensteanbietende erstellen. Quelle: OPS.2.2.A8 Sorgfältige Auswahl von Cloud-Diensteanbietenden (S) [Institutionsleitung]. Eine Leistungsbeschreibung und ein Lastenheft sollten erstellt werden, um die Anforderungen zu spezifizieren. Quelle: OPS.2.2.A8 Sorgfältige Auswahl von Cloud-Diensteanbietenden (S) [Institutionsleitung]. Für die Bewertung von Cloud-Diensteanbietenden sollten auch ergänzende Informationsquellen herangezogen werden. Quelle: OPS.2.2.A8 Sorgfältige Auswahl von Cloud-Diensteanbietenden (S) [Institutionsleitung].

Anschlussfragen:
1. Wie können Sie die Sicherheitsanforderungen für die Nutzung von Cloud-Diensten in Ihrem Unternehmen bewerten?
2. Welche Rolle spielt die Skalierbarkeit bei der Auswahl eines Cloud-Anbieters?
3. Wie können Sie die Schnittstellen zwischen verschiedenen Cloud-Diensteanbietenden sicher gestalten?";Um den richtigen Cloud-Anbieter für Ihre Bedürfnisse zu finden, sollten Sie basierend auf der Service-Definition für den Cloud-Dienst ein detailliertes Anforderungsprofil für Cloud-Diensteanbietende erstellen. Quelle: OPS.2.2.A8 Sorgfältige Auswahl von Cloud-Diensteanbietenden (S) [Institutionsleitung]. Eine Leistungsbeschreibung und ein Lastenheft sollten erstellt werden, um die Anforderungen zu spezifizieren. Quelle: OPS.2.2.A8 Sorgfältige Auswahl von Cloud-Diensteanbietenden (S) [Institutionsleitung]. Für die Bewertung von Cloud-Diensteanbietenden sollten auch ergänzende Informationsquellen herangezogen werden. Quelle: OPS.2.2.A8 Sorgfältige Auswahl von Cloud-Diensteanbietenden (S) [Institutionsleitung].;OPS.2.2.A8 Sorgfältige Auswahl von Cloud-Diensteanbietenden (S) [Institutionsleitung] Basierend auf der Service-Definition für den Cloud-Dienst SOLLTE ein detailliertes Anforderungsprofil für Cloud-Diensteanbietende erstellt werden. Eine Leistungsbeschreibung und ein Lastenheft SOLLTEN erstellt werden. Für die Bewertung von Cloud-Diensteanbietenden SOLLTEN auch ergänzende Informationsquellen herangezogen werden. Ebenso SOLLTEN verfügbare ServiceBeschreibungen der Cloud-Diensteanbietenden sorgfältig geprüft und hinterfragt werden.;"Um den richtigen Cloud-Anbieter für Ihre Bedürfnisse zu finden, sollten Sie ein detailliertes Anforderungsprofil erstellen und die Leistungsbeschreibung und das Lastenheft sorgfältig prüfen. Hier sind einige Schritte, die Sie unternehmen können:

1. **Erstellen Sie ein Anforderungsprofil**: Definieren Sie Ihre Anforderungen an den Cloud-Anbieter, einschließlich der Sicherheitsanforderungen, der Verfügbarkeit, der Skalierbarkeit und der Kosten.
2. **Prüfen Sie die Leistungsbeschreibung**: Überprüfen Sie, ob der Cloud-Anbieter Ihre Anforderungen erfüllt und ob die Leistungsbeschreibung klar und präzise ist.
3. **Prüfen Sie das Lastenheft**: Überprüfen Sie, ob das Lastenheft klar und präzis ist und ob es alle notwendigen Informationen enthält.
4. **Bewerten Sie die Cloud-Diensteanbietenden**: Überprüfen Sie, ob der Cloud-Anbieter eine gute Reputation hat und ob er eine ausreichende Sicherheitsinfrastruktur hat.
5. **Prüfen Sie die verfügbaren Service-Beschreibungen**: Überprüfen Sie, ob die verfügbaren Service-Beschreibungen klar und präzis sind und ob sie alle notwendigen Informationen enthalten.

Um sicherzustellen, dass Sie den richtigen Cloud-Anbieter finden, sollten Sie auch die folgenden Anforderungen beachten:

* **Sicherheit**: Der Cloud-Anbieter sollte eine ausreichende Sicherheitsinfrastruktur haben, um Ihre Daten zu schützen.
* **Verfügbarkeit**: Der Cloud-Anbieter sollte eine hohe Verfügbarkeit bieten, um sicherzustellen, dass Ihre Anwendungen immer verfügbar sind.
* **Skalierbarkeit**: Der Cloud-Anbieter sollte skalierbar sein, um sicherzustellen, dass Ihre Anwendungen wachsen können.
* **Kosten**: Der Cloud-Anbieter sollte kosteneffizient sein, um sicherzustellen, dass Ihre Kosten im Rahmen bleiben.

Um Ihre Anforderungen zu erfüllen, sollten Sie auch die folgenden Anschlussfragen beachten:

1. **Wie kann ich sicherstellen, dass der Cloud-Anbieter meine Anforderungen erfüllt?**
2. **Wie kann ich die Leistungsbeschreibung und das Lastenheft prüfen?**
3. **Wie kann ich die Cloud-Diensteanbietenden bewerten?**

Antwort:

ORP.1.A1 Festlegung von Verantwortlichkeiten und Regelungen (B) [Institutionsleitung]

Quelle: OPS.2.2 Cloud-Nutzung (S. 1)

Anschlussfragen:

1. Wie kann ich sicherstellen, dass der Cloud-Anbieter meine Anforderungen erfüllt?
2. Wie kann ich die Leistungsbeschreibung und das Lastenheft prüfen?
3. Wie kann ich die Cloud-Diensteanbietenden bewerten?";"Um den richtigen Cloud-Anbieter für Ihre Bedürfnisse zu finden, sollten Sie ein detailliertes Anforderungsprofil erstellen und die Leistungsbeschreibung und das Lastenheft sorgfältig prüfen. Hier sind einige Schritte, die Sie unternehmen können:

1. **Erstellen Sie ein Anforderungsprofil**: Definieren Sie Ihre Anforderungen an den Cloud-Anbieter, einschließlich der Sicherheitsanforderungen, der Verfügbarkeit, der Skalierbarkeit und der Kosten.
2. **Prüfen Sie die Leistungsbeschreibung**: Überprüfen Sie, ob der Cloud-Anbieter Ihre Anforderungen erfüllt und ob die Leistungsbeschreibung klar und präzise ist.
3. **Prüfen Sie das Lastenheft**: Überprüfen Sie, ob das Lastenheft klar und präzis ist und ob es alle notwendigen Informationen enthält.
4. **Bewerten Sie die Cloud-Diensteanbietenden**: Überprüfen Sie, ob der Cloud-Anbieter eine gute Reputation hat und ob er eine ausreichende Sicherheitsinfrastruktur hat.
5. **Prüfen Sie die verfügbaren Service-Beschreibungen**: Überprüfen Sie, ob die verfügbaren Service-Beschreibungen klar und präzis sind und ob sie alle notwendigen Informationen enthalten.

Um sicherzustellen, dass Sie den richtigen Cloud-Anbieter finden, sollten Sie auch die folgenden Anforderungen beachten:

* **Sicherheit**: Der Cloud-Anbieter sollte eine ausreichende Sicherheitsinfrastruktur haben, um Ihre Daten zu schützen.
* **Verfügbarkeit**: Der Cloud-Anbieter sollte eine hohe Verfügbarkeit bieten, um sicherzustellen, dass Ihre Anwendungen immer verfügbar sind.
* **Skalierbarkeit**: Der Cloud-Anbieter sollte skalierbar sein, um sicherzustellen, dass Ihre Anwendungen wachsen können.
* **Kosten**: Der Cloud-Anbieter sollte kosteneffizient sein, um sicherzustellen, dass Ihre Kosten im Rahmen bleiben.

Um Ihre Anforderungen zu erfüllen, sollten Sie auch die folgenden Anschlussfragen beachten:

1. **Wie kann ich sicherstellen, dass der Cloud-Anbieter meine Anforderungen erfüllt?**
2. **Wie kann ich die Leistungsbeschreibung und das Lastenheft prüfen?**
3. **Wie kann ich die Cloud-Diensteanbietenden bewerten?**

Antwort:

ORP.1.A1 Festlegung von Verantwortlichkeiten und Regelungen (B) [Institutionsleitung]

Quelle: OPS.2.2 Cloud-Nutzung (S. 1)";"1. Wie kann ich sicherstellen, dass der Cloud-Anbieter meine Anforderungen erfüllt?
2. Wie kann ich die Leistungsbeschreibung und das Lastenheft prüfen?
3. Wie kann ich die Cloud-Diensteanbietenden bewerten?";3;3;0.6999999999766667;1.0;0.2222222222222222;0.6155244944288734;Wie kann ich sicherstellen, dass der Cloud-Anbieter meine Anforderungen erfüllt?;2;2;Direkt relevant und abgedeckt;Wie kann ich die Leistungsbeschreibung und das Lastenheft prüfen?;2;2;Direkte Relevanz zu Cloud-Anbietern;Wie kann ich die Cloud-Diensteanbietenden bewerten?;2;2;Direkte Bewertung von Cloud-Anbietern;2.0;2.0
Wie detailliert müssen unsere vertraglichen Regelungen bezüglich der Cloud-Nutzung sein?;"Die vertraglichen Regelungen bezüglich der Cloud-Nutzung sollten in Art, Umfang und Detaillierungsgrad dem Schutzbedarf der Informationen angepasst sein, die im Zusammenhang mit der Cloud-Nutzung stehen Quelle: OPS.2.2.A9 (S). Es sollte geregelt werden, an welchem Standort die Cloud-Diensteanbietenden ihre Leistung erbringen, Eskalationsstufen und Kommunikationswege zwischen der Institution und den Cloud-Diensteanbietenden definiert werden, sowie wie die Daten der Institution sicher zu löschen sind und Kündigungsregelungen schriftlich fixiert werden Quelle: OPS.2.2.A9 (S). 

Anschlussfragen:
1. Wie können wir sicherstellen, dass unsere Cloud-Diensteanbietenden alle Subunternehmen offenlegen, die sie für den Cloud-Dienst benötigen?
2. Welche Rolle spielt die Abgrenzung zum klassischen IT-Outsourcing bei der Gestaltung unserer Cloud-Nutzung?
3. Wie können wir die Schnittstelle zwischen den Cloud-Diensteanbietenden sicher gestalten, um eine reibungslose Kommunikation und Datenübertragung zu gewährleisten?";Die vertraglichen Regelungen bezüglich der Cloud-Nutzung sollten in Art, Umfang und Detaillierungsgrad dem Schutzbedarf der Informationen angepasst sein, die im Zusammenhang mit der Cloud-Nutzung stehen Quelle: OPS.2.2.A9 (S). Es sollte geregelt werden, an welchem Standort die Cloud-Diensteanbietenden ihre Leistung erbringen, Eskalationsstufen und Kommunikationswege zwischen der Institution und den Cloud-Diensteanbietenden definiert werden, sowie wie die Daten der Institution sicher zu löschen sind und Kündigungsregelungen schriftlich fixiert werden Quelle: OPS.2.2.A9 (S).;OPS.2.2.A9 Vertragsgestaltung mit den Cloud-Diensteanbietenden (S) [Institutionsleitung] Die vertraglichen Regelungen zwischen der auftraggebenden Institution und den CloudDiensteanbietenden SOLLTEN in Art, Umfang und Detaillierungsgrad dem Schutzbedarf der Informationen angepasst sein, die im Zusammenhang mit der Cloud-Nutzung stehen. Es SOLLTE geregelt werden, an welchem Standort die Cloud-Diensteanbietenden ihre Leistung erbringen. Zusätzlich SOLLTEN Eskalationsstufen und Kommunikationswege zwischen der Institution und den Cloud-Diensteanbietenden definiert werden. Auch SOLLTE vereinbart werden, wie die Daten der Institution sicher zu löschen sind. Ebenso SOLLTEN Kündigungsregelungen schriftlich fixiert werden. Die Cloud-Diensteanbietenden SOLLTEN alle Subunternehmen offenlegen, die sie für den CloudDienst benötigen.;"Antwort:

Die vertraglichen Regelungen zwischen der auftraggebenden Institution und den Cloud-Diensteanbietenden SOLLTEN in Art, Umfang und Detaillierungsgrad dem Schutzbedarf der Informationen angepasst sein, die im Zusammenhang mit der Cloud-Nutzung stehen. Es SOLLTE geregelt werden, an welchem Standort die Cloud-Diensteanbietenden ihre Leistung erbringen. Zusätzlich SOLLTEN Eskalationsstufen und Kommunikationswege zwischen der Institution und den Cloud-Diensteanbietenden definiert werden. Auch SOLLTE vereinbart werden, wie die Daten der Institution sicher zu löschen sind. Ebenso SOLLTEN Kündigungsregelungen schriftlich fixiert werden. Die Cloud-Diensteanbietenden SOLLTEN alle Subunternehmen offenlegen, die sie für den Cloud-Dienst benötigen.

Quelle: ORP.1.A1 Festlegung von Verantwortlichkeiten und Regelungen (B) [Institutionsleitung]

Anschlussfragen:

1. Wie müssen die vertraglichen Regelungen zwischen der Institution und den Cloud-Diensteanbietenden im Hinblick auf die Datenlöschung aussehen?
2. Welche Rolle spielt die Kündigungsregelung in den vertraglichen Regelungen?
3. Wie müssen die Subunternehmen der Cloud-Diensteanbietenden offengelegt werden?";"Antwort:

Die vertraglichen Regelungen zwischen der auftraggebenden Institution und den Cloud-Diensteanbietenden SOLLTEN in Art, Umfang und Detaillierungsgrad dem Schutzbedarf der Informationen angepasst sein, die im Zusammenhang mit der Cloud-Nutzung stehen. Es SOLLTE geregelt werden, an welchem Standort die Cloud-Diensteanbietenden ihre Leistung erbringen. Zusätzlich SOLLTEN Eskalationsstufen und Kommunikationswege zwischen der Institution und den Cloud-Diensteanbietenden definiert werden. Auch SOLLTE vereinbart werden, wie die Daten der Institution sicher zu löschen sind. Ebenso SOLLTEN Kündigungsregelungen schriftlich fixiert werden. Die Cloud-Diensteanbietenden SOLLTEN alle Subunternehmen offenlegen, die sie für den Cloud-Dienst benötigen.

Quelle: ORP.1.A1 Festlegung von Verantwortlichkeiten und Regelungen (B) [Institutionsleitung]";"1. Wie müssen die vertraglichen Regelungen zwischen der Institution und den Cloud-Diensteanbietenden im Hinblick auf die Datenlöschung aussehen?
2. Welche Rolle spielt die Kündigungsregelung in den vertraglichen Regelungen?
3. Wie müssen die Subunternehmen der Cloud-Diensteanbietenden offengelegt werden?";3;3;0.9379251700546283;1.0;0.5714285714285714;0.5520483581047178;Wie müssen die vertraglichen Regelungen zwischen der Institution und den Cloud-Diensteanbietenden im Hinblick auf die Datenlöschung aussehen?;2;2;Direkte Relevanz zu Cloud-Diensteanbietenden und Datenlöschung;Welche Rolle spielt die Kündigungsregelung in den vertraglichen Regelungen?;2;2;Kündigungsregelung in Verträgen;Wie müssen die Subunternehmen der Cloud-Diensteanbietenden offengelegt werden?;2;2;Subunternehmen in Verträgen;2.0;2.0
Wie stellen wir Portabilität sicher, um Lock-in zu vermeiden?;"Um Portabilität sicherzustellen und Lock-in zu vermeiden, SOLLTE die Institution alle Anforderungen definieren, die es ermöglichen, Cloud-Diensteanbietende zu wechseln oder den Cloud-Dienst bzw. die Daten in die eigene IT-Infrastruktur zurückzuholen Quelle: OPS.2.2.A15 (S. nicht spezifiziert). Zudem SOLLTE die Institution regelmäßig Portabilitätstests durchführen. In den Verträgen mit den Cloud-Diensteanbietenden SOLLTEN Vorgaben festgehalten werden, mit denen sich die notwendige Portabilität gewährleisten lässt Quelle: OPS.2.2.A15 (S. nicht spezifiziert).

Anschlussfragen:
1. Wie können wir die Anforderungen für die Portabilität von Cloud-Diensten am besten definieren?
2. Welche Rolle spielen regelmäßige Portabilitätstests bei der Sicherstellung der Portabilität?
3. Wie können wir sicherstellen, dass die Verträge mit Cloud-Diensteanbietenden die notwendigen Vorgaben für die Portabilität enthalten?";Um Portabilität sicherzustellen und Lock-in zu vermeiden, SOLLTE die Institution alle Anforderungen definieren, die es ermöglichen, Cloud-Diensteanbietende zu wechseln oder den Cloud-Dienst bzw. die Daten in die eigene IT-Infrastruktur zurückzuholen Quelle: OPS.2.2.A15 (S. nicht spezifiziert). Zudem SOLLTE die Institution regelmäßig Portabilitätstests durchführen. In den Verträgen mit den Cloud-Diensteanbietenden SOLLTEN Vorgaben festgehalten werden, mit denen sich die notwendige Portabilität gewährleisten lässt Quelle: OPS.2.2.A15 (S. nicht spezifiziert).;OPS.2.2.A15 Sicherstellung der Portabilität von Cloud-Diensten (H) [Fachverantwortliche] Die Institution SOLLTE alle Anforderungen definieren, die es ermöglichen, Cloud-Diensteanbietende zu wechseln oder den Cloud-Dienst bzw. die Daten in die eigene IT-Infrastruktur zurückzuholen. Zudem SOLLTE die Institution regelmäßig Portabilitätstests durchführen. In den Verträgen mit den Cloud-Diensteanbietenden SOLLTEN Vorgaben festgehalten werden, mit denen sich die notwendige Portabilität gewährleisten lässt.;"Um Portabilität sicherzustellen und Lock-in zu vermeiden, müssen folgende Anforderungen erfüllt werden:

- Die Institution SOLLTE alle Anforderungen definieren, die es ermöglichen, Cloud-Diensteanbietende zu wechseln oder den Cloud-Dienst bzw. die Daten in die eigene IT-Infrastruktur zurückzuholen (Quelle: Sichere Grundkonfiguration von Cloud-Diensten).
- Die Institution SOLLTE regelmäßig Portabilitätstests durchführen (Quelle: Sichere Grundkonfiguration von Cloud-Diensten).
- In den Verträgen mit den Cloud-Diensteanbietenden SOLLTEN Vorgaben festgehalten werden, mit denen sich die notwendige Portabilität gewährleisten lässt (Quelle: Sichere Grundkonfiguration von Cloud-Diensten).

Um die Portabilität von Cloud-Diensten zu gewährleisten, sollten die folgenden Schritte unternommen werden:

- Die Institution sollte eine Portabilitätsstrategie entwickeln, die die notwendigen Schritte für den Wechsel von Cloud-Diensteanbietenden oder den Rücktransfer von Daten in die eigene IT-Infrastruktur umfasst.
- Die Institution sollte regelmäßig Portabilitätstests durchführen, um sicherzustellen, dass die notwendigen Schritte für den Wechsel oder den Rücktransfer erfolgreich durchgeführt werden können.
- Die Institution sollte Vorgaben in den Verträgen mit den Cloud-Diensteanbietenden festhalten, die die notwendige Portabilität gewährleisten.

Anschlussfragen:

1. Wie kann die Portabilitätsstrategie der Institution entwickelt werden?
2. Welche Schritte sollten unternommen werden, um die Portabilität von Cloud-Diensten zu gewährleisten?
3. Wie kann die Institution sicherstellen, dass die notwendigen Schritte für den Wechsel oder den Rücktransfer erfolgreich durchgeführt werden können?";"Um Portabilität sicherzustellen und Lock-in zu vermeiden, müssen folgende Anforderungen erfüllt werden:

- Die Institution SOLLTE alle Anforderungen definieren, die es ermöglichen, Cloud-Diensteanbietende zu wechseln oder den Cloud-Dienst bzw. die Daten in die eigene IT-Infrastruktur zurückzuholen (Quelle: Sichere Grundkonfiguration von Cloud-Diensten).
- Die Institution SOLLTE regelmäßig Portabilitätstests durchführen (Quelle: Sichere Grundkonfiguration von Cloud-Diensten).
- In den Verträgen mit den Cloud-Diensteanbietenden SOLLTEN Vorgaben festgehalten werden, mit denen sich die notwendige Portabilität gewährleisten lässt (Quelle: Sichere Grundkonfiguration von Cloud-Diensten).

Um die Portabilität von Cloud-Diensten zu gewährleisten, sollten die folgenden Schritte unternommen werden:

- Die Institution sollte eine Portabilitätsstrategie entwickeln, die die notwendigen Schritte für den Wechsel von Cloud-Diensteanbietenden oder den Rücktransfer von Daten in die eigene IT-Infrastruktur umfasst.
- Die Institution sollte regelmäßig Portabilitätstests durchführen, um sicherzustellen, dass die notwendigen Schritte für den Wechsel oder den Rücktransfer erfolgreich durchgeführt werden können.
- Die Institution sollte Vorgaben in den Verträgen mit den Cloud-Diensteanbietenden festhalten, die die notwendige Portabilität gewährleisten.";"1. Wie kann die Portabilitätsstrategie der Institution entwickelt werden?
2. Welche Schritte sollten unternommen werden, um die Portabilität von Cloud-Diensten zu gewährleisten?
3. Wie kann die Institution sicherstellen, dass die notwendigen Schritte für den Wechsel oder den Rücktransfer erfolgreich durchgeführt werden können?";3;3;0.36507936506719574;1.0;0.42857142857142855;0.9228016161196201;Wie kann die Portabilitätsstrategie der Institution entwickelt werden?;2;2;Portabilitätsstrategie direkt abgedeckt;Welche Schritte sollten unternommen werden, um die Portabilität von Cloud-Diensten zu gewährleisten?;2;2;Direkte Abdeckung durch IT-Grundschutz;Wie kann die Institution sicherstellen, dass die notwendigen Schritte für den Wechsel oder den Rücktransfer erfolgreich durchgeführt werden können?;2;2;Direkt relevante Vertiefung von Portabilität;2.0;2.0
Wie integrieren wir Federation Services sicher in unsere Cloud-Strategie?;"Um Federation Services sicher in die Cloud-Strategie zu integrieren, SOLLTE geprüft werden, ob bei einem Cloud-Nutzungs-Vorhaben Verbunddienste eingesetzt werden, wie im Baustein OPS.2.2.A18 beschrieben Quelle: OPS.2.2.A18 Einsatz von Verbunddiensten (H) [Fachverantwortliche] (S. unbekannt, da keine Seitenzahl angegeben). Es SOLLTE sichergestellt sein, dass in einem SAML-Ticket nur die erforderlichen Informationen an die Cloud-Diensteanbietenden übertragen werden. Die Berechtigungen SOLLTEN regelmäßig überprüft werden, sodass nur berechtigten Benutzenden ein SAML-Ticket ausgestellt wird.

Anschlussfragen:
1. Wie können wir sicherstellen, dass die Übertragung von Informationen in SAML-Tickets auf das Minimum reduziert wird?
2. Welche Rolle spielen regelmäßige Überprüfungen der Berechtigungen bei der Sicherstellung der Federation Services in der Cloud?
3. Wie unterscheidet sich die Integration von Federation Services in einer Private Cloud On-Premise von anderen Cloud-Bereitstellungsmodellen?";Um Federation Services sicher in die Cloud-Strategie zu integrieren, SOLLTE geprüft werden, ob bei einem Cloud-Nutzungs-Vorhaben Verbunddienste eingesetzt werden, wie im Baustein OPS.2.2.A18 beschrieben Quelle: OPS.2.2.A18 Einsatz von Verbunddiensten (H) [Fachverantwortliche] (S. unbekannt, da keine Seitenzahl angegeben). Es SOLLTE sichergestellt sein, dass in einem SAML-Ticket nur die erforderlichen Informationen an die Cloud-Diensteanbietenden übertragen werden. Die Berechtigungen SOLLTEN regelmäßig überprüft werden, sodass nur berechtigten Benutzenden ein SAML-Ticket ausgestellt wird.;OPS.2.2.A18 Einsatz von Verbunddiensten (H) [Fachverantwortliche] Es SOLLTE geprüft werden, ob bei einem Cloud-Nutzungs-Vorhaben Verbunddienste (Federation Services) eingesetzt werden. Es SOLLTE sichergestellt sein, dass in einem SAML (Security Assertion Markup Language)-Ticket nur die erforderlichen Informationen an die Cloud-Diensteanbietenden übertragen werden. Die Berechtigungen SOLLTEN regelmäßig überprüft werden, sodass nur berechtigten Benutzenden ein SAML-Ticket ausgestellt wird.;"Um Federation Services sicher in unsere Cloud-Strategie zu integrieren, müssen wir die folgenden Anforderungen berücksichtigen:

- **Sicherheitsanalyse**: Es SOLLTE eine grobe individuelle Sicherheitsanalyse durchgeführt werden, um die Sicherheitsrisiken von Federation Services zu identifizieren und zu bewerten.
- **SAML-Ticket**: Es SOLLTE sichergestellt sein, dass in einem SAML-Ticket nur die erforderlichen Informationen an die Cloud-Diensteanbietenden übertragen werden.
- **Berechtigungen**: Die Berechtigungen SOLLTEN regelmäßig überprüft werden, sodass nur berechtigten Benutzenden ein SAML-Ticket ausgestellt wird.
- **Cloud-Nutzungs-Strategie**: Eine Strategie für die Cloud-Nutzung MUSS erstellt werden, die die rechtlichen und organisatorischen Rahmenbedingungen sowie die technischen Anforderungen untersucht, die sich aus der Nutzung von Cloud-Diensten ergeben.
- **Planung der sicheren Einbindung von Cloud-Diensten**: Bevor ein Cloud-Dienst genutzt wird, SOLLTE sorgfältig geplant werden, wie er in die IT der Institution eingebunden werden soll.

Um Federation Services sicher in unsere Cloud-Strategie zu integrieren, müssen wir auch die folgenden Anforderungen berücksichtigen:

- **Mandantenfähigkeit**: Die Cloud-Diensteanbietenden MÜSSEN mandantenfähig sein, um sicherzustellen, dass die Institutionen ihre eigenen Daten und Anwendungen isolieren können.
- **Sicherheitsaspekte**: Alle grundlegenden technischen und organisatorischen Sicherheitsaspekte MÜSSEN ausreichend berücksichtigt werden, bevor ein Cloud-Dienst genutzt wird.
- **Sicherheitsanalyse**: Eine Sicherheitsanalyse MÜSSE durchgeführt werden, um die Sicherheitsrisiken von Federation Services zu identifizieren und zu bewerten.

Quelle: ORP.1.A1 Festlegung von Verantwortlichkeiten und Regelungen (B) [Institutionsleitung]

Anschlussfragen:

1. Wie können wir sicherstellen, dass die Cloud-Diensteanbietenden ihre Sicherheitsaspekte korrekt umsetzen?
2. Wie können wir die Sicherheitsrisiken von Federation Services identifizieren und bewerten?
3. Wie können wir sicherstellen, dass die Institutionen ihre eigenen Daten und Anwendungen isolieren können?";"Um Federation Services sicher in unsere Cloud-Strategie zu integrieren, müssen wir die folgenden Anforderungen berücksichtigen:

- **Sicherheitsanalyse**: Es SOLLTE eine grobe individuelle Sicherheitsanalyse durchgeführt werden, um die Sicherheitsrisiken von Federation Services zu identifizieren und zu bewerten.
- **SAML-Ticket**: Es SOLLTE sichergestellt sein, dass in einem SAML-Ticket nur die erforderlichen Informationen an die Cloud-Diensteanbietenden übertragen werden.
- **Berechtigungen**: Die Berechtigungen SOLLTEN regelmäßig überprüft werden, sodass nur berechtigten Benutzenden ein SAML-Ticket ausgestellt wird.
- **Cloud-Nutzungs-Strategie**: Eine Strategie für die Cloud-Nutzung MUSS erstellt werden, die die rechtlichen und organisatorischen Rahmenbedingungen sowie die technischen Anforderungen untersucht, die sich aus der Nutzung von Cloud-Diensten ergeben.
- **Planung der sicheren Einbindung von Cloud-Diensten**: Bevor ein Cloud-Dienst genutzt wird, SOLLTE sorgfältig geplant werden, wie er in die IT der Institution eingebunden werden soll.

Um Federation Services sicher in unsere Cloud-Strategie zu integrieren, müssen wir auch die folgenden Anforderungen berücksichtigen:

- **Mandantenfähigkeit**: Die Cloud-Diensteanbietenden MÜSSEN mandantenfähig sein, um sicherzustellen, dass die Institutionen ihre eigenen Daten und Anwendungen isolieren können.
- **Sicherheitsaspekte**: Alle grundlegenden technischen und organisatorischen Sicherheitsaspekte MÜSSEN ausreichend berücksichtigt werden, bevor ein Cloud-Dienst genutzt wird.
- **Sicherheitsanalyse**: Eine Sicherheitsanalyse MÜSSE durchgeführt werden, um die Sicherheitsrisiken von Federation Services zu identifizieren und zu bewerten.

Quelle: ORP.1.A1 Festlegung von Verantwortlichkeiten und Regelungen (B) [Institutionsleitung]";"1. Wie können wir sicherstellen, dass die Cloud-Diensteanbietenden ihre Sicherheitsaspekte korrekt umsetzen?
2. Wie können wir die Sicherheitsrisiken von Federation Services identifizieren und bewerten?
3. Wie können wir sicherstellen, dass die Institutionen ihre eigenen Daten und Anwendungen isolieren können?";3;3;0.7416666666518332;1.0;0.7777777777777778;0.474219978380253;Wie können wir sicherstellen, dass die Cloud-Diensteanbietenden ihre Sicherheitsaspekte korrekt umsetzen?;2;2;Direkte Sicherheitsaspekte;Wie können wir die Sicherheitsrisiken von Federation Services identifizieren und bewerten?;2;2;Direkte Relevanz zu Federation Services;Wie können wir sicherstellen, dass die Institutionen ihre eigenen Daten und Anwendungen isolieren können?;2;2;Isolation von Daten und Anwendungen;2.0;2.0
Sollten wir trotz Provider-Backups eigene Datensicherungen durchführen?;"Die Institution SOLLTE prüfen, ob, zusätzlich zu den vertraglich festgelegten Datensicherungen der Cloud-Diensteanbietenden, eigene Datensicherungen erstellt werden sollen Quelle: OPS.2.2.A16 (S.?). Zudem SOLLTE sie detaillierte Anforderungen an einen Backup-Service erstellen Quelle: OPS.2.2.A16 (S.?).

Anschlussfragen:
1. Wie können die Anforderungen an einen Backup-Service im Detail definiert werden?
2. Welche Rolle spielen die vertraglich festgelegten Datensicherungen der Cloud-Diensteanbietenden bei der Entscheidung für eigene Datensicherungen?
3. Wie können die spezifischen Sicherheitsanforderungen für die Anbindung eines Cloud-Dienstes über entsprechende Schnittstellen berücksichtigt werden?";Die Institution SOLLTE prüfen, ob, zusätzlich zu den vertraglich festgelegten Datensicherungen der Cloud-Diensteanbietenden, eigene Datensicherungen erstellt werden sollen Quelle: OPS.2.2.A16 (S.?). Zudem SOLLTE sie detaillierte Anforderungen an einen Backup-Service erstellen Quelle: OPS.2.2.A16 (S.?).;OPS.2.2.A16 Durchführung eigener Datensicherungen (H) [Fachverantwortliche] Die Institution SOLLTE prüfen, ob, zusätzlich zu den vertraglich festgelegten Datensicherungen der Cloud-Diensteanbietenden, eigene Datensicherungen erstellt werden sollen. Zudem SOLLTE sie detaillierte Anforderungen an einen Backup-Service erstellen.;"Antwort:

Die Institution SOLLTE prüfen, ob zusätzlich zu den vertraglich festgelegten Datensicherungen der Cloud-Diensteanbietenden eigene Datensicherungen erstellt werden sollen. Dies SOLLTE auf Basis der erhobenen Einflussfaktoren und in Abstimmung mit den jeweiligen Fachverantwortlichen geschehen.

Die Datensicherung SOLLTE regelmäßig durchgeführt werden, um sicherzustellen, dass Daten verloren gehen, wenn sie nicht vorher gesichert wurden. Die Datensicherung SOLLTE auch regelmäßig getestet werden, um sicherzustellen, dass die gesicherten Daten problemlos wiederhergestellt werden können.

Die Speichermedien für die Datensicherung SOLLTEN auf einem sicheren Ort aufbewahrt werden, um sicherzustellen, dass die auf ihnen abgespeicherten Informationen nicht gestohlen oder manipuliert werden können.

Die Datensicherung SOLLTE auch auf Basis von gesetzlichen Vorschriften durchgeführt werden, um sicherzustellen, dass die Institution gegen Bußgelder oder Schadenersatzansprüche geschützt ist.

Quelle: APP.3.1.A1 (S.391), APP.3.2 (S.392), CON.3 Datensicherungskonzept (S.?)

Anschlussfragen:

1. Wie oft SOLLTE die Datensicherung durchgeführt werden?
2. Wie SOLLTEN die Speichermedien für die Datensicherung aufbewahrt werden?
3. Welche gesetzlichen Vorschriften SOLLTEN bei der Datensicherung beachtet werden?";"Antwort:

Die Institution SOLLTE prüfen, ob zusätzlich zu den vertraglich festgelegten Datensicherungen der Cloud-Diensteanbietenden eigene Datensicherungen erstellt werden sollen. Dies SOLLTE auf Basis der erhobenen Einflussfaktoren und in Abstimmung mit den jeweiligen Fachverantwortlichen geschehen.

Die Datensicherung SOLLTE regelmäßig durchgeführt werden, um sicherzustellen, dass Daten verloren gehen, wenn sie nicht vorher gesichert wurden. Die Datensicherung SOLLTE auch regelmäßig getestet werden, um sicherzustellen, dass die gesicherten Daten problemlos wiederhergestellt werden können.

Die Speichermedien für die Datensicherung SOLLTEN auf einem sicheren Ort aufbewahrt werden, um sicherzustellen, dass die auf ihnen abgespeicherten Informationen nicht gestohlen oder manipuliert werden können.

Die Datensicherung SOLLTE auch auf Basis von gesetzlichen Vorschriften durchgeführt werden, um sicherzustellen, dass die Institution gegen Bußgelder oder Schadenersatzansprüche geschützt ist.

Quelle: APP.3.1.A1 (S.391), APP.3.2 (S.392), CON.3 Datensicherungskonzept (S.?)";"1. Wie oft SOLLTE die Datensicherung durchgeführt werden?
2. Wie SOLLTEN die Speichermedien für die Datensicherung aufbewahrt werden?
3. Welche gesetzlichen Vorschriften SOLLTEN bei der Datensicherung beachtet werden?";3;3;0.31944444443379627;1.0;0.5;0.7427585207591164;Wie oft SOLLTE die Datensicherung durchgeführt werden?;1;2;Häufigkeit impliziert;Wie SOLLTEN die Speichermedien für die Datensicherung aufbewahrt werden?;2;2;Direkte Antwort in IT-Grundschutz;Welche gesetzlichen Vorschriften SOLLTEN bei der Datensicherung beachtet werden?;2;2;Gesetzliche Vorschriften bei Datensicherung;1.667;2.0
Müssen Verantwortlichkeiten für Informationssicherheit festgelegt werden?;"Ja, Verantwortlichkeiten für Informationssicherheit MÜSSEN festgelegt werden. Laut ORP.1.A1 Festlegung von Verantwortlichkeiten und Regelungen (B) [Institutionsleitung] MÜSSEN innerhalb einer Institution alle relevanten Aufgaben und Funktionen klar definiert und voneinander abgegrenzt sein Quelle: ORP.1.A1 (S. nicht spezifiziert, da keine Seitenzahl im Kontext angegeben ist). 

Anschlussfragen:
1. Wie MÜSSEN die Organisationsstrukturen und verbindlichen Regelungen für die Informationssicherheit überarbeitet werden?
2. Welche Rolle spielt der Baustein ORP.1 Organisation bei der Umsetzung von Informationssicherheit in einer Institution?
3. Wie werden Aspekte wie Personal, Schulung von Mitarbeitenden und Identitäts- und Berechtigungsmanagement im Kontext der Informationssicherheit behandelt?";Ja, Verantwortlichkeiten für Informationssicherheit MÜSSEN festgelegt werden. Laut ORP.1.A1 Festlegung von Verantwortlichkeiten und Regelungen (B) [Institutionsleitung] MÜSSEN innerhalb einer Institution alle relevanten Aufgaben und Funktionen klar definiert und voneinander abgegrenzt sein Quelle: ORP.1.A1 (S. nicht spezifiziert, da keine Seitenzahl im Kontext angegeben ist).;ORP.1.A1 Festlegung von Verantwortlichkeiten und Regelungen (B) [Institutionsleitung] Innerhalb einer Institution MÜSSEN alle relevanten Aufgaben und Funktionen klar definiert und voneinander abgegrenzt sein. Es MÜSSEN verbindliche Regelungen für die Informationssicherheit für die verschiedenen betrieblichen Aspekte übergreifend festgelegt werden. Die Organisationsstrukturen sowie verbindliche Regelungen MÜSSEN anlassbezogen überarbeitet werden. Die Änderungen MÜSSEN allen Mitarbeitenden bekannt gegeben werden.;"Antwort:

Ja, Verantwortlichkeiten für Informationssicherheit müssen festgelegt werden. Die oberste Leitungsebene ist für die Gewährleistung der Informationssicherheit nach innen und außen verantwortlich und muss den Sicherheitsprozess initiieren, steuern und kontrollieren. Die Leitungsebene ist diejenige Instanz, die die Entscheidung über den Umgang mit Risiken treffen und die entsprechenden Ressourcen zur Verfügung stellen muss. Die operative Aufgabe „Informationssicherheit"" wird typischerweise an einen Informationssicherheitsbeauftragten (ISB) delegiert.

Die Verantwortung für Informationssicherheit verbleibt bei der Leitungsebene, die Aufgabe „Informationssicherheit"" wird allerdings typischerweise an einen Beauftragten für Informationssicherheit delegiert. In den IT-Grundschutz-Dokumenten wurde bisher die Bezeichnung IT-Sicherheitsbeauftragter verwendet, da dieser Begriff in Unternehmen und Behörden lange Zeit der am weitesten verbreitete war. Die Bezeichnung Informationssicherheitsbeauftragter oder kurz IS-Beauftragter (ISB) ist allerdings treffender und ersetzt daher im IT-Grundschutz die alte Bezeichnung.

Die Gesamtverantwortung für die ordnungsgemäße und sichere Aufgabenerfüllung (und damit für die Informationssicherheit) verbleibt bei der Leitungsebene. Es ist mindestens eine Person (typischerweise als Informationssicherheitsbeauftragter) zu benennen, die den Informationssicherheitsprozess fördert und koordiniert.

Quelle: ORP.1.A1 Festlegung von Verantwortlichkeiten und Regelungen (B) [Institutionsleitung]

Anschlussfragen:

1. Wie sollte die Rolle des Informationssicherheitsbeauftragten organisiert werden?
2. Welche Ressourcen sind erforderlich, um die Informationssicherheit zu gewährleisten?
3. Wie kann die Leitungsebene die Verantwortung für Informationssicherheit sicherstellen?";"Antwort:

Ja, Verantwortlichkeiten für Informationssicherheit müssen festgelegt werden. Die oberste Leitungsebene ist für die Gewährleistung der Informationssicherheit nach innen und außen verantwortlich und muss den Sicherheitsprozess initiieren, steuern und kontrollieren. Die Leitungsebene ist diejenige Instanz, die die Entscheidung über den Umgang mit Risiken treffen und die entsprechenden Ressourcen zur Verfügung stellen muss. Die operative Aufgabe „Informationssicherheit"" wird typischerweise an einen Informationssicherheitsbeauftragten (ISB) delegiert.

Die Verantwortung für Informationssicherheit verbleibt bei der Leitungsebene, die Aufgabe „Informationssicherheit"" wird allerdings typischerweise an einen Beauftragten für Informationssicherheit delegiert. In den IT-Grundschutz-Dokumenten wurde bisher die Bezeichnung IT-Sicherheitsbeauftragter verwendet, da dieser Begriff in Unternehmen und Behörden lange Zeit der am weitesten verbreitete war. Die Bezeichnung Informationssicherheitsbeauftragter oder kurz IS-Beauftragter (ISB) ist allerdings treffender und ersetzt daher im IT-Grundschutz die alte Bezeichnung.

Die Gesamtverantwortung für die ordnungsgemäße und sichere Aufgabenerfüllung (und damit für die Informationssicherheit) verbleibt bei der Leitungsebene. Es ist mindestens eine Person (typischerweise als Informationssicherheitsbeauftragter) zu benennen, die den Informationssicherheitsprozess fördert und koordiniert.

Quelle: ORP.1.A1 Festlegung von Verantwortlichkeiten und Regelungen (B) [Institutionsleitung]";"1. Wie sollte die Rolle des Informationssicherheitsbeauftragten organisiert werden?
2. Welche Ressourcen sind erforderlich, um die Informationssicherheit zu gewährleisten?
3. Wie kann die Leitungsebene die Verantwortung für Informationssicherheit sicherstellen?";3;3;0.8734126983981415;0.9411764705882353;0.7777777777777778;0.40616681058795856;Wie sollte die Rolle des Informationssicherheitsbeauftragten organisiert werden?;2;2;Direkte Rolle des ISB;Welche Ressourcen sind erforderlich, um die Informationssicherheit zu gewährleisten?;2;2;Ressourcen für Informationssicherheit;Wie kann die Leitungsebene die Verantwortung für Informationssicherheit sicherstellen?;2;2;Direkte Verantwortung der Leitungsebene;2.0;2.0
Wer ist für Geschäftsprozesse und IT-Systeme zuständig?;"Für alle Geschäftsprozesse, Anwendungen, IT-Systeme, Räume und Gebäude sowie Kommunikationsverbindungen MUSS festgelegt werden, wer für diese und deren Sicherheit zuständig ist Quelle: ORP.1.A2 Zuweisung der Zuständigkeiten (B) [Institutionsleitung] (S. nicht spezifiziert). Die Institutionsleitung ist für die Zuweisung dieser Zuständigkeiten verantwortlich.

Anschlussfragen:
1. Wie werden die Zuständigkeiten für die Sicherheit von IT-Systemen und Geschäftsprozessen dokumentiert?
2. Welche Rolle spielt die Institutionsleitung bei der Zuweisung von Zuständigkeiten für Informationssicherheit?
3. Wie werden Mitarbeitende über ihre Zuständigkeiten und Aufgaben im Rahmen der Informationssicherheit informiert?";Für alle Geschäftsprozesse, Anwendungen, IT-Systeme, Räume und Gebäude sowie Kommunikationsverbindungen MUSS festgelegt werden, wer für diese und deren Sicherheit zuständig ist Quelle: ORP.1.A2 Zuweisung der Zuständigkeiten (B) [Institutionsleitung] (S. nicht spezifiziert). Die Institutionsleitung ist für die Zuweisung dieser Zuständigkeiten verantwortlich.;ORP.1.A2 Zuweisung der Zuständigkeiten (B) [Institutionsleitung] Für alle Geschäftsprozesse, Anwendungen, IT-Systeme, Räume und Gebäude sowie Kommunikationsverbindungen MUSS festgelegt werden, wer für diese und deren Sicherheit zuständig ist. Alle Mitarbeitenden MÜSSEN darüber informiert sein, insbesondere wofür sie zuständig sind und welche damit verbundenen Aufgaben sie wahrnehmen.;"Antwort:

Für die Geschäftsprozesse und IT-Systeme ist die oberste Leitungsebene zuständig. Die Leitungsebene ist dafür verantwortlich, dass alle Geschäftsbereiche zielgerichtet und ordnungsgemäß funktionieren und dass Risiken frühzeitig erkannt und minimiert werden. Die Leitungsebene muss den Sicherheitsprozess initiieren, steuern und überwachen und sicherstellen, dass alle entscheidungsrelevanten Informationen rechtzeitig und im nötigen Umfang erreichen.

Die Leitungsebene muss eine Strategie zur Informationssicherheit sowie Sicherheitsziele verabschieden und kommunizieren. Sie muss die Auswirkungen von Sicherheitsrisiken auf die Geschäftstätigkeit bzw. Aufgabenerfüllung untersuchen und die Entscheidung über den Umgang mit Risiken treffen. Die Verantwortung für Informationssicherheit verbleibt bei der Leitungsebene.

Die operative Aufgabe „Informationssicherheit"" wird typischerweise an einen Informationssicherheitsbeauftragten (ISB) delegiert. Der ISB ist für die Umsetzung der Sicherheitsstrategie und die Überwachung der Sicherheitsziele verantwortlich.

Quelle: ORP.1.A1 (S.391), ORP.1.A2 (S.392), ORP.1.A3 (S.393)

Anschlussfragen:

1. Wer ist für die Umsetzung der Sicherheitsstrategie im Bereich der industriellen Steuerung (ICS) zuständig?
2. Wie kann die Leitungsebene sicherstellen, dass alle entscheidungsrelevanten Informationen rechtzeitig und im nötigen Umfang erreichen?
3. Welche Rolle spielt der Informationssicherheitsbeauftragte (ISB) bei der Umsetzung der Sicherheitsstrategie und der Überwachung der Sicherheitsziele?";"Antwort:

Für die Geschäftsprozesse und IT-Systeme ist die oberste Leitungsebene zuständig. Die Leitungsebene ist dafür verantwortlich, dass alle Geschäftsbereiche zielgerichtet und ordnungsgemäß funktionieren und dass Risiken frühzeitig erkannt und minimiert werden. Die Leitungsebene muss den Sicherheitsprozess initiieren, steuern und überwachen und sicherstellen, dass alle entscheidungsrelevanten Informationen rechtzeitig und im nötigen Umfang erreichen.

Die Leitungsebene muss eine Strategie zur Informationssicherheit sowie Sicherheitsziele verabschieden und kommunizieren. Sie muss die Auswirkungen von Sicherheitsrisiken auf die Geschäftstätigkeit bzw. Aufgabenerfüllung untersuchen und die Entscheidung über den Umgang mit Risiken treffen. Die Verantwortung für Informationssicherheit verbleibt bei der Leitungsebene.

Die operative Aufgabe „Informationssicherheit"" wird typischerweise an einen Informationssicherheitsbeauftragten (ISB) delegiert. Der ISB ist für die Umsetzung der Sicherheitsstrategie und die Überwachung der Sicherheitsziele verantwortlich.

Quelle: ORP.1.A1 (S.391), ORP.1.A2 (S.392), ORP.1.A3 (S.393)";"1. Wer ist für die Umsetzung der Sicherheitsstrategie im Bereich der industriellen Steuerung (ICS) zuständig?
2. Wie kann die Leitungsebene sicherstellen, dass alle entscheidungsrelevanten Informationen rechtzeitig und im nötigen Umfang erreichen?
3. Welche Rolle spielt der Informationssicherheitsbeauftragte (ISB) bei der Umsetzung der Sicherheitsstrategie und der Überwachung der Sicherheitsziele?";3;3;0.8095238094968253;1.0;0.625;0.6082569957596408;Wer ist für die Umsetzung der Sicherheitsstrategie im Bereich der industriellen Steuerung (ICS) zuständig?;2;2;Direkte Zuständigkeit;Wie kann die Leitungsebene sicherstellen, dass alle entscheidungsrelevanten Informationen rechtzeitig und im nötigen Umfang erreichen?;2;2;Leitungsebene und Informationssicherheit;Welche Rolle spielt der Informationssicherheitsbeauftragte (ISB) bei der Umsetzung der Sicherheitsstrategie und der Überwachung der Sicherheitsziele?;2;2;ISB-Rolle bei Sicherheitsstrategie;2.0;2.0
Warum müssen fremde Personen von externen Dienstleistern innerhalb der Institution begleitet werden?;"Institutionsfremde Personen MÜSSEN von Mitarbeitenden zu den Räumen begleitet werden, um sicherzustellen, dass sie nicht unbeaufsichtigt in den Räumen der Institution bleiben Quelle: ORP.1.A3 (S. nicht spezifiziert). Dies ist notwendig, um die Informationssicherheit innerhalb der Institution zu gewährleisten und unbefugten Zugriff auf sensible Bereiche oder Daten zu verhindern. Die Begleitung durch Mitarbeitende ermöglicht es, die Aktivitäten von Fremdpersonen zu überwachen und sicherzustellen, dass sie die Regeln und Richtlinien der Institution einhalten Quelle: ORP.1.A3 (S. nicht spezifiziert).

Anschlussfragen:
1. Wie sollten Mitarbeitende institutionsfremde Personen in sensiblen Bereichen beaufsichtigen?
2. Warum ist es wichtig, dass institutionsfremde Personen nicht unbeaufsichtigt in den Räumen der Institution bleiben?
3. Welche Rolle spielen die Bausteine ORP.2 bis ORP.5 im Kontext der Informationssicherheit in einer Institution?";Institutionsfremde Personen MÜSSEN von Mitarbeitenden zu den Räumen begleitet werden, um sicherzustellen, dass sie nicht unbeaufsichtigt in den Räumen der Institution bleiben Quelle: ORP.1.A3 (S. nicht spezifiziert). Dies ist notwendig, um die Informationssicherheit innerhalb der Institution zu gewährleisten und unbefugten Zugriff auf sensible Bereiche oder Daten zu verhindern. Die Begleitung durch Mitarbeitende ermöglicht es, die Aktivitäten von Fremdpersonen zu überwachen und sicherzustellen, dass sie die Regeln und Richtlinien der Institution einhalten Quelle: ORP.1.A3 (S. nicht spezifiziert).;ORP.1.A3 Beaufsichtigung oder Begleitung von Fremdpersonen (B) [Mitarbeitende] Institutionsfremde Personen MÜSSEN von Mitarbeitenden zu den Räumen begleitet werden. Die Mitarbeitenden der Institution MÜSSEN institutionsfremde Personen in sensiblen Bereichen beaufsichtigen. Die Mitarbeitenden SOLLTEN dazu angehalten werden, institutionsfremde Personen in den Räumen der Institution nicht unbeaufsichtigt zu lassen.;"Antwort:

Die Institution muss sicherstellen, dass fremde Personen von externen Dienstleistern innerhalb der Institution begleitet werden, um Missbrauch zu reduzieren und die Sicherheit zu gewährleisten. Dies ist in ORP.1.A1 Festlegung von Verantwortlichkeiten und Regelungen (B) [Institutionsleitung] geregelt.

Die Institution muss sicherstellen, dass fremde Personen von externen Dienstleistern innerhalb der Institution begleitet werden, um Missbrauch zu reduzieren und die Sicherheit zu gewährleisten. Dies ist in ORP.1.A1 Festlegung von Verantwortlichkeiten und Regelungen (B) [Institutionsleitung] geregelt.

Die Institution muss sicherstellen, dass fremde Personen von externen Dienstleistern innerhalb der Institution begleitet werden, um Missbrauch zu reduzieren und die Sicherheit zu gewährleisten. Dies ist in ORP.1.A1 Festlegung von Verantwortlichkeiten und Regelungen (B) [Institutionsleitung] geregelt.

Quelle: ORP.1.A1 Festlegung von Verantwortlichkeiten und Regelungen (B) [Institutionsleitung]

Anschlussfragen:

1. Wie müssen fremde Personen von externen Dienstleistern innerhalb der Institution begleitet werden?
2. Welche Sicherheitsmaßnahmen müssen ergriffen werden, um Missbrauch zu reduzieren?
3. Wie muss die Institution sicherstellen, dass fremde Personen von externen Dienstleistern innerhalb der Institution begleitet werden?";"Antwort:

Die Institution muss sicherstellen, dass fremde Personen von externen Dienstleistern innerhalb der Institution begleitet werden, um Missbrauch zu reduzieren und die Sicherheit zu gewährleisten. Dies ist in ORP.1.A1 Festlegung von Verantwortlichkeiten und Regelungen (B) [Institutionsleitung] geregelt.

Die Institution muss sicherstellen, dass fremde Personen von externen Dienstleistern innerhalb der Institution begleitet werden, um Missbrauch zu reduzieren und die Sicherheit zu gewährleisten. Dies ist in ORP.1.A1 Festlegung von Verantwortlichkeiten und Regelungen (B) [Institutionsleitung] geregelt.

Die Institution muss sicherstellen, dass fremde Personen von externen Dienstleistern innerhalb der Institution begleitet werden, um Missbrauch zu reduzieren und die Sicherheit zu gewährleisten. Dies ist in ORP.1.A1 Festlegung von Verantwortlichkeiten und Regelungen (B) [Institutionsleitung] geregelt.

Quelle: ORP.1.A1 Festlegung von Verantwortlichkeiten und Regelungen (B) [Institutionsleitung]";"1. Wie müssen fremde Personen von externen Dienstleistern innerhalb der Institution begleitet werden?
2. Welche Sicherheitsmaßnahmen müssen ergriffen werden, um Missbrauch zu reduzieren?
3. Wie muss die Institution sicherstellen, dass fremde Personen von externen Dienstleistern innerhalb der Institution begleitet werden?";3;3;0.8849999999823;1.0;0.5;0.5361602008157005;Wie müssen fremde Personen von externen Dienstleistern innerhalb der Institution begleitet werden?;2;2;Direkte Begleitungsmethode;Welche Sicherheitsmaßnahmen müssen ergriffen werden, um Missbrauch zu reduzieren?;1;2;Teilweise abgedeckt durch Sicherheitsmaßnahmen;Wie muss die Institution sicherstellen, dass fremde Personen von externen Dienstleistern innerhalb der Institution begleitet werden?;2;2;Direkte Begleitung von Fremdpersonen;1.667;2.0
Muss es feste Ansprechpersonen für Sicherheitsfragen geben?;"Ja, es muss feste Ansprechpersonen für Sicherheitsfragen geben. In jeder Institution MUSS es Ansprechpersonen für Sicherheitsfragen geben, die sowohl scheinbar einfache wie auch komplexe oder technische Fragen beantworten können Quelle: ORP.1.A15 (S. nicht spezifiziert). Die Ansprechpersonen MÜSSEN allen Mitarbeitenden der Institution bekannt sein und diesbezügliche Informationen MÜSSEN in der Institution für alle verfügbar und leicht zugänglich sein.

Anschlussfragen:
1. Wie sollten die Ansprechpersonen für Sicherheitsfragen in der Institution bekannt gegeben werden?
2. Welche Rolle spielen die Ansprechpersonen bei der Behandlung von Sicherheitsvorfällen in der Institution?
3. Wie oft sollten die Ansprechpersonen für Sicherheitsfragen geschult oder informiert werden, um ihre Kenntnisse auf dem aktuellen Stand zu halten?";Ja, es muss feste Ansprechpersonen für Sicherheitsfragen geben. In jeder Institution MUSS es Ansprechpersonen für Sicherheitsfragen geben, die sowohl scheinbar einfache wie auch komplexe oder technische Fragen beantworten können Quelle: ORP.1.A15 (S. nicht spezifiziert). Die Ansprechpersonen MÜSSEN allen Mitarbeitenden der Institution bekannt sein und diesbezügliche Informationen MÜSSEN in der Institution für alle verfügbar und leicht zugänglich sein.;ORP.1.A15 Ansprechperson zu Informationssicherheitsfragen (B) In jeder Institution MUSS es Ansprechpersonen für Sicherheitsfragen geben, die sowohl scheinbar einfache wie auch komplexe oder technische Fragen beantworten können. Die Ansprechpersonen MÜSSEN allen Mitarbeitenden der Institution bekannt sein. Diesbezügliche Informationen MÜSSEN in der Institution für alle verfügbar und leicht zugänglich sein.;"Antwort:

Ja, es MUSS feste Ansprechpersonen für Sicherheitsfragen geben. Diese Ansprechpersonen MÜSSEN allen Mitarbeitenden der Institution bekannt sein und Kontaktinformationen MÜSSEN immer aktuell und leicht zugänglich sein. Die Ansprechpersonen MÜSSEN sowohl scheinbar einfache wie auch komplexe oder technische Fragen beantworten können.

Quelle: ORP.1.A1 Festlegung von Verantwortlichkeiten und Regelungen (B) [Institutionsleitung]

Anschlussfragen:

1. Wie können die Ansprechpersonen für Sicherheitsfragen in einer großen Institution organisiert werden?
2. Welche Rolle spielt die Kommunikationsfähigkeit des Informationssicherheitsbeauftragten bei der Lösung von Sicherheitsfragen?
3. Wie kann die Position des Informationssicherheitsbeauftragten organisatorisch als Stabsstelle eingerichtet werden?";"Antwort:

Ja, es MUSS feste Ansprechpersonen für Sicherheitsfragen geben. Diese Ansprechpersonen MÜSSEN allen Mitarbeitenden der Institution bekannt sein und Kontaktinformationen MÜSSEN immer aktuell und leicht zugänglich sein. Die Ansprechpersonen MÜSSEN sowohl scheinbar einfache wie auch komplexe oder technische Fragen beantworten können.

Quelle: ORP.1.A1 Festlegung von Verantwortlichkeiten und Regelungen (B) [Institutionsleitung]";"1. Wie können die Ansprechpersonen für Sicherheitsfragen in einer großen Institution organisiert werden?
2. Welche Rolle spielt die Kommunikationsfähigkeit des Informationssicherheitsbeauftragten bei der Lösung von Sicherheitsfragen?
3. Wie kann die Position des Informationssicherheitsbeauftragten organisatorisch als Stabsstelle eingerichtet werden?";3;3;0.9999999999833333;1.0;1.0;0.7406454238126408;Wie können die Ansprechpersonen für Sicherheitsfragen in einer großen Institution organisiert werden?;2;2;Direkte Organisation von Sicherheitsbeauftragten;Welche Rolle spielt die Kommunikationsfähigkeit des Informationssicherheitsbeauftragten bei der Lösung von Sicherheitsfragen?;1;2;Kommunikationsfähigkeit des ISB;Wie kann die Position des Informationssicherheitsbeauftragten organisatorisch als Stabsstelle eingerichtet werden?;2;2;Direkte Einrichtung des ISB;1.667;2.0
Warum ist eine Funktionstrennung bei Aufgaben notwendig?;"Die Funktionstrennung bei Aufgaben ist notwendig, um unvereinbare Aufgaben wie operative und kontrollierende Funktionen auf verschiedene Personen zu verteilen Quelle: ORP.1.A4 (S. nicht spezifiziert). Dies bedeutet, dass die Aufgaben und die hierfür erforderlichen Rollen und Funktionen so strukturiert sein müssen, dass unvereinbare Aufgaben getrennt werden Quelle: ORP.1.A4 (S. nicht spezifiziert). Die Funktionstrennung soll verhindern, dass eine Person zu viel Macht oder Einfluss auf bestimmte Prozesse oder Systeme hat, was zu Missbrauch oder ungewollten Konsequenzen führen könnte Quelle: ORP.1.A4 (S. nicht spezifiziert).

Anschlussfragen:
1. Wie werden unvereinbare Aufgaben in einer Institution identifiziert und getrennt?
2. Welche Rolle spielt die Dokumentation bei der Funktionstrennung?
3. Wie werden Vertreter bei der Funktionstrennung berücksichtigt?";Die Funktionstrennung bei Aufgaben ist notwendig, um unvereinbare Aufgaben wie operative und kontrollierende Funktionen auf verschiedene Personen zu verteilen Quelle: ORP.1.A4 (S. nicht spezifiziert). Dies bedeutet, dass die Aufgaben und die hierfür erforderlichen Rollen und Funktionen so strukturiert sein müssen, dass unvereinbare Aufgaben getrennt werden Quelle: ORP.1.A4 (S. nicht spezifiziert). Die Funktionstrennung soll verhindern, dass eine Person zu viel Macht oder Einfluss auf bestimmte Prozesse oder Systeme hat, was zu Missbrauch oder ungewollten Konsequenzen führen könnte Quelle: ORP.1.A4 (S. nicht spezifiziert).;ORP.1.A4 Funktionstrennung zwischen unvereinbaren Aufgaben (B) Die Aufgaben und die hierfür erforderlichen Rollen und Funktionen MÜSSEN so strukturiert sein, dass unvereinbare Aufgaben wie operative und kontrollierende Funktionen auf verschiedene Personen verteilt werden. Für unvereinbare Funktionen MUSS eine Funktionstrennung festgelegt und dokumentiert sein. Auch Vertreter MÜSSEN der Funktionstrennung unterliegen.;"Antwort:

Eine Funktionstrennung bei Aufgaben ist notwendig, um unvereinbare Aufgaben wie operative und kontrollierende Funktionen auf verschiedene Personen zu verteilen. Dies ist erforderlich, um Missbrauch zu reduzieren und die Integrität der Institution zu gewährleisten.

Die von der Institution definierten unvereinbaren Aufgaben und Funktionen MÜSSEN durch das Identitäts- und Berechtigungsmanagement getrennt werden (Quelle: ORP.1 Organisation). Dies bedeutet, dass die Rollen und Funktionen so strukturiert sein MÜSSEN, dass unvereinbare Aufgaben auf verschiedene Personen verteilt werden.

Die Funktionstrennung MUSS festgelegt und dokumentiert sein (Quelle: ORP.1 Organisation). Auch Vertreter MÜSSEN der Funktionstrennung unterliegen (Quelle: ORP.1 Organisation).

Anforderung: ORP.1.A1 Festlegung von Verantwortlichkeiten und Regelungen (B) [Institutionsleitung]

Anforderung: ORP.1.A2 Trennung von unvereinbaren Funktionen (B) [Institutionsleitung]

Anforderung: ORP.1.A3 Dokumentation der Funktionstrennung (B) [Institutionsleitung]

Anschlussfragen:

1. Wie kann die Funktionstrennung bei Aufgaben in der Praxis umgesetzt werden?
2. Welche Rolle spielt das Identitäts- und Berechtigungsmanagement bei der Funktionstrennung?
3. Wie kann die Dokumentation der Funktionstrennung sicherstellen werden?";"Antwort:

Eine Funktionstrennung bei Aufgaben ist notwendig, um unvereinbare Aufgaben wie operative und kontrollierende Funktionen auf verschiedene Personen zu verteilen. Dies ist erforderlich, um Missbrauch zu reduzieren und die Integrität der Institution zu gewährleisten.

Die von der Institution definierten unvereinbaren Aufgaben und Funktionen MÜSSEN durch das Identitäts- und Berechtigungsmanagement getrennt werden (Quelle: ORP.1 Organisation). Dies bedeutet, dass die Rollen und Funktionen so strukturiert sein MÜSSEN, dass unvereinbare Aufgaben auf verschiedene Personen verteilt werden.

Die Funktionstrennung MUSS festgelegt und dokumentiert sein (Quelle: ORP.1 Organisation). Auch Vertreter MÜSSEN der Funktionstrennung unterliegen (Quelle: ORP.1 Organisation).

Anforderung: ORP.1.A1 Festlegung von Verantwortlichkeiten und Regelungen (B) [Institutionsleitung]

Anforderung: ORP.1.A2 Trennung von unvereinbaren Funktionen (B) [Institutionsleitung]

Anforderung: ORP.1.A3 Dokumentation der Funktionstrennung (B) [Institutionsleitung]";"1. Wie kann die Funktionstrennung bei Aufgaben in der Praxis umgesetzt werden?
2. Welche Rolle spielt das Identitäts- und Berechtigungsmanagement bei der Funktionstrennung?
3. Wie kann die Dokumentation der Funktionstrennung sicherstellen werden?";3;3;0.91666666664375;0.5;0.3333333333333333;0.44109786466795764;Wie kann die Funktionstrennung bei Aufgaben in der Praxis umgesetzt werden?;2;2;Funktionstrennung in der Praxis;Welche Rolle spielt das Identitäts- und Berechtigungsmanagement bei der Funktionstrennung?;2;2;Direkte Verbindung zwischen Funktionstrennung und Identitätsmanagement;Wie kann die Dokumentation der Funktionstrennung sicherstellen werden?;2;2;Dokumentation von Funktionstrennung;2.0;2.0
Wie soll mit Betriebsmitteln und Geräten umgegangen werden?;"Um mit Betriebsmitteln und Geräten umzugehen, SOLLTE die Institution sicherstellen, dass alle Geräte und Betriebsmittel, die Einfluss auf die Informationssicherheit haben, in ausreichender Menge vorhanden sind Quelle: ORP.1.A8 (S). Es SOLLTE geeignete Prüf- und Genehmigungsverfahren vor Einsatz der Geräte und Betriebsmittel geben Quelle: ORP.1.A8 (S). Darüber hinaus SOLLTEN Geräte und Betriebsmittel in geeigneten Bestandsverzeichnissen aufgelistet werden Quelle: ORP.1.A8 (S). Um den Missbrauch von Daten zu verhindern, SOLLTE die zuverlässige Löschung oder Vernichtung von Geräten und Betriebsmitteln geregelt sein Quelle: ORP.1.A8 (S).

Anschlussfragen:
1. Wie sollten die Bestandsverzeichnisse für Geräte und Betriebsmittel gestaltet werden, um eine effiziente Verwaltung zu gewährleisten?
2. Welche Rolle spielt die zuverlässige Löschung oder Vernichtung von Geräten und Betriebsmitteln bei der Verhinderung von Datenmissbrauch?
3. Wie können geeignete Prüf- und Genehmigungsverfahren für den Einsatz neuer Geräte und Betriebsmittel etabliert werden, um die Informationssicherheit zu gewährleisten?";Um mit Betriebsmitteln und Geräten umzugehen, SOLLTE die Institution sicherstellen, dass alle Geräte und Betriebsmittel, die Einfluss auf die Informationssicherheit haben, in ausreichender Menge vorhanden sind Quelle: ORP.1.A8 (S). Es SOLLTE geeignete Prüf- und Genehmigungsverfahren vor Einsatz der Geräte und Betriebsmittel geben Quelle: ORP.1.A8 (S). Darüber hinaus SOLLTEN Geräte und Betriebsmittel in geeigneten Bestandsverzeichnissen aufgelistet werden Quelle: ORP.1.A8 (S). Um den Missbrauch von Daten zu verhindern, SOLLTE die zuverlässige Löschung oder Vernichtung von Geräten und Betriebsmitteln geregelt sein Quelle: ORP.1.A8 (S).;ORP.1.A8 Betriebsmittel- und Geräteverwaltung (S) [IT-Betrieb] Alle Geräte und Betriebsmittel, die Einfluss auf die Informationssicherheit haben und die zur Aufgabenerfüllung und zur Einhaltung der Sicherheitsanforderungen erforderlich sind, SOLLTEN in ausreichender Menge vorhanden sein. Es SOLLTE geeignete Prüf- und Genehmigungsverfahren vor Einsatz der Geräte und Betriebsmittel geben. Geräte und Betriebsmittel SOLLTEN in geeigneten Bestandsverzeichnissen aufgelistet werden. Um den Missbrauch von Daten zu verhindern, SOLLTE die zuverlässige Löschung oder Vernichtung von Geräten und Betriebsmitteln geregelt sein (siehe hierzu CON.6 Löschen und Vernichten).;"Antwort:

**Betriebsmittel- und Geräteverwaltung**

Die Betriebsmittel- und Geräteverwaltung ist ein wichtiger Aspekt der Informationssicherheit. Alle Geräte und Betriebsmittel, die Einfluss auf die Informationssicherheit haben und zur Aufgabenerfüllung und zur Einhaltung der Sicherheitsanforderungen erforderlich sind, SOLLTEN in ausreichender Menge vorhanden sein (CON.1.1.1.A1 (S. 11)).

**Geeignete Prüf- und Genehmigungsverfahren**

Es SOLLTE geeignete Prüf- und Genehmigungsverfahren vor Einsatz der Geräte und Betriebsmittel geben (CON.1.1.1.A1 (S. 11)).

**Bestandsverzeichnisse**

Geräte und Betriebsmittel SOLLTEN in geeigneten Bestandsverzeichnissen aufgelistet werden (CON.1.1.1.A1 (S. 11)).

**Löschung und Vernichtung**

Um den Missbrauch von Daten zu verhindern, SOLLTE die zuverlässige Löschung oder Vernichtung von Geräten und Betriebsmitteln geregelt sein (CON.6 Löschen und Vernichten).

**Richtlinie für Mitarbeitende**

Eine verbindliche Richtlinie für Mitarbeitende zur Benutzung von mobilen Geräten SOLLTE erstellt werden (CON.1.1.2.A1 (S. 13)).

**Absicherung der Betriebsmittel und der Dokumentation**

Auf die Betriebsmittel, die Dokumentation und die Betriebshandbücher SOLLTEN nur berechtigte Personen des IT-Betriebs zugreifen können (CON.1.1.3.A1 (S. 15)).

**Sicherstellen von autark funktionierenden Betriebsmitteln**

Für die Betriebsmittel SOLLTE sichergestellt werden, dass diese auch bei äußeren Störungen genutzt werden können (CON.1.1.4.A1 (S. 17)).

**Ordnungsgemäßes Löschen und Vernichten**

Bevor schutzbedürftigen Informationen und Datenträger entsorgt werden, MÜSSEN sie sicher gelöscht oder vernichtet werden (CON.6 Löschen und Vernichten).

**Planung und Einsatz von Betriebsmitteln**

Der IT-Betrieb SOLLTE für alle IT-Komponenten die Betriebsmittel bedarfsgerecht planen, beschaffen und einsetzen (CON.1.1.5.A1 (S. 19)).

**Geeignete Aufstellung und Zugriff auf Drucker, Kopierer und Multifunktionsgeräte**

Der IT-Betrieb MUSS Drucker, Kopierer und Multifunktionsgeräte so aufstellen und absichern, dass nur befugte Personen die Geräte verwenden und auf verarbeitete Informationen zugreifen können (CON.1.1.6.A1 (S. 21)).

**Vermeidung elektrischer Zündquellen**

Die Nutzung privater Elektrogeräte innerhalb einer Institution SOLLTE klar geregelt werden (CON.1.1.7.A1 (S. 23)).

Anschlussfragen:

1. Wie können die Betriebsmittel- und Geräteverwaltung in der Institution verbessert werden?
2. Welche Rolle spielt die Richtlinie für Mitarbeitende zur Benutzung von mobilen Geräten bei der Informationssicherheit?
3. Wie kann die Absicherung der Betriebsmittel und der Dokumentation in der Institution optimiert werden?";"Antwort:

**Betriebsmittel- und Geräteverwaltung**

Die Betriebsmittel- und Geräteverwaltung ist ein wichtiger Aspekt der Informationssicherheit. Alle Geräte und Betriebsmittel, die Einfluss auf die Informationssicherheit haben und zur Aufgabenerfüllung und zur Einhaltung der Sicherheitsanforderungen erforderlich sind, SOLLTEN in ausreichender Menge vorhanden sein (CON.1.1.1.A1 (S. 11)).

**Geeignete Prüf- und Genehmigungsverfahren**

Es SOLLTE geeignete Prüf- und Genehmigungsverfahren vor Einsatz der Geräte und Betriebsmittel geben (CON.1.1.1.A1 (S. 11)).

**Bestandsverzeichnisse**

Geräte und Betriebsmittel SOLLTEN in geeigneten Bestandsverzeichnissen aufgelistet werden (CON.1.1.1.A1 (S. 11)).

**Löschung und Vernichtung**

Um den Missbrauch von Daten zu verhindern, SOLLTE die zuverlässige Löschung oder Vernichtung von Geräten und Betriebsmitteln geregelt sein (CON.6 Löschen und Vernichten).

**Richtlinie für Mitarbeitende**

Eine verbindliche Richtlinie für Mitarbeitende zur Benutzung von mobilen Geräten SOLLTE erstellt werden (CON.1.1.2.A1 (S. 13)).

**Absicherung der Betriebsmittel und der Dokumentation**

Auf die Betriebsmittel, die Dokumentation und die Betriebshandbücher SOLLTEN nur berechtigte Personen des IT-Betriebs zugreifen können (CON.1.1.3.A1 (S. 15)).

**Sicherstellen von autark funktionierenden Betriebsmitteln**

Für die Betriebsmittel SOLLTE sichergestellt werden, dass diese auch bei äußeren Störungen genutzt werden können (CON.1.1.4.A1 (S. 17)).

**Ordnungsgemäßes Löschen und Vernichten**

Bevor schutzbedürftigen Informationen und Datenträger entsorgt werden, MÜSSEN sie sicher gelöscht oder vernichtet werden (CON.6 Löschen und Vernichten).

**Planung und Einsatz von Betriebsmitteln**

Der IT-Betrieb SOLLTE für alle IT-Komponenten die Betriebsmittel bedarfsgerecht planen, beschaffen und einsetzen (CON.1.1.5.A1 (S. 19)).

**Geeignete Aufstellung und Zugriff auf Drucker, Kopierer und Multifunktionsgeräte**

Der IT-Betrieb MUSS Drucker, Kopierer und Multifunktionsgeräte so aufstellen und absichern, dass nur befugte Personen die Geräte verwenden und auf verarbeitete Informationen zugreifen können (CON.1.1.6.A1 (S. 21)).

**Vermeidung elektrischer Zündquellen**

Die Nutzung privater Elektrogeräte innerhalb einer Institution SOLLTE klar geregelt werden (CON.1.1.7.A1 (S. 23)).";"1. Wie können die Betriebsmittel- und Geräteverwaltung in der Institution verbessert werden?
2. Welche Rolle spielt die Richtlinie für Mitarbeitende zur Benutzung von mobilen Geräten bei der Informationssicherheit?
3. Wie kann die Absicherung der Betriebsmittel und der Dokumentation in der Institution optimiert werden?";3;3;0.826020408151465;1.0;1.0;0.6088521625397814;Wie können die Betriebsmittel- und Geräteverwaltung in der Institution verbessert werden?;2;2;Direkt relevante Vertiefung;Welche Rolle spielt die Richtlinie für Mitarbeitende zur Benutzung von mobilen Geräten bei der Informationssicherheit?;2;2;Direkte Relevanz zur Informationssicherheit;Wie kann die Absicherung der Betriebsmittel und der Dokumentation in der Institution optimiert werden?;2;2;Direkte Absicherung;2.0;2.0
Welche organisatorischen Maßnahmen gelten bei Umzügen?;"Bei Umzügen gelten organisatorische Maßnahmen, die im Baustein ORP.1.A13 Sicherheit bei Umzügen (S) [IT-Betrieb, Haustechnik] festgelegt sind. Vor einem Umzug SOLLTEN frühzeitig Sicherheitsrichtlinien erarbeitet bzw. aktualisiert werden Quelle: ORP.1.A13 (S). Alle Mitarbeitenden SOLLTEN über die vor, während und nach dem Umzug relevanten Sicherheitsmaßnahmen informiert werden Quelle: ORP.1.A13 (S). Nach dem Umzug SOLLTE überprüft werden, ob das transportierte Umzugsgut vollständig und unbeschädigt bzw. unverändert angekommen ist Quelle: ORP.1.A13 (S).

Anschlussfragen:
1. Wie werden die Sicherheitsrichtlinien vor einem Umzug aktualisiert?
2. Welche Rolle spielt die Information der Mitarbeitenden bei Umzügen?
3. Wie wird die Integrität des Umzugsgutes nach dem Umzug sichergestellt?";Bei Umzügen gelten organisatorische Maßnahmen, die im Baustein ORP.1.A13 Sicherheit bei Umzügen (S) [IT-Betrieb, Haustechnik] festgelegt sind. Vor einem Umzug SOLLTEN frühzeitig Sicherheitsrichtlinien erarbeitet bzw. aktualisiert werden Quelle: ORP.1.A13 (S). Alle Mitarbeitenden SOLLTEN über die vor, während und nach dem Umzug relevanten Sicherheitsmaßnahmen informiert werden Quelle: ORP.1.A13 (S). Nach dem Umzug SOLLTE überprüft werden, ob das transportierte Umzugsgut vollständig und unbeschädigt bzw. unverändert angekommen ist Quelle: ORP.1.A13 (S).;ORP.1.A13 Sicherheit bei Umzügen (S) [IT-Betrieb, Haustechnik] Vor einem Umzug SOLLTEN frühzeitig Sicherheitsrichtlinien erarbeitet bzw. aktualisiert werden. Alle Mitarbeitenden SOLLTEN über die vor, während und nach dem Umzug relevanten Sicherheitsmaßnahmen informiert werden. Nach dem Umzug SOLLTE überprüft werden, ob das transportierte Umzugsgut vollständig und unbeschädigt bzw. unverändert angekommen ist.;"Antwort:

Umzüge SOLLTEN frühzeitig geplant und durchgeführt werden, um Sicherheitsrisiken zu minimieren. Die Organisationseinheit SOLLTE sicherstellen, dass alle Mitarbeitenden über die vor, während und nach dem Umzug relevanten Sicherheitsmaßnahmen informiert werden. Nach dem Umzug SOLLTE überprüft werden, ob das transportierte Umzugsgut vollständig und unbeschädigt bzw. unverändert angekommen ist.

Die Organisationseinheit SOLLTE auch sicherstellen, dass alle notwendigen Sicherheitsmaßnahmen ergriffen werden, um die Sicherheit der Mitarbeiter und der Daten während des Umzugs zu gewährleisten. Dazu gehören die Sicherung von Daten, die Verwendung von Sicherheitssoftware und die Überwachung des Umzugs.

Regelungen zur Mitnahme von Wechseldatenträgern SOLLTEN klare und schriftliche Regeln enthalten, die die Mitnahme von Wechseldatenträgern außerhalb der Institution regeln. Die Organisationseinheit SOLLTE sicherstellen, dass alle Mitarbeiter über die Regeln informiert werden und dass die Regeln regelmäßig überprüft und aktualisiert werden.

Transport von Arbeitsmaterial zum häuslichen Arbeitsplatz SOLLTE geregelt werden, welche Datenträger und Unterlagen am häuslichen Arbeitsplatz bearbeitet und zwischen der Institution und dem häuslichen Arbeitsplatz hin und her transportiert werden dürfen. Die Organisationseinheit SOLLTE sicherstellen, dass alle Mitarbeiter über die Regeln informiert werden und dass die Regeln regelmäßig überprüft und aktualisiert werden.

Anschlussfragen:

1. Wie können die Sicherheitsmaßnahmen während des Umzugs optimiert werden?
2. Welche Rolle spielen die Mitarbeiter bei der Sicherung von Daten während des Umzugs?
3. Wie können die Regeln zur Mitnahme von Wechseldatenträgern regelmäßig überprüft und aktualisiert werden?

Quellen:
- Vor einem Umzug SOLLTEN frühzeitig Sicherheitsrichtlinien erarbeitet bzw. aktualisiert werden. Alle Mitarbeitenden SOLLTEN über die vor, während und nach dem Umzug relevanten Sicherheitsmaßnahmen informiert werden. Nach dem Umzug SOLLTE überprüft werden, ob das transportierte Umzugsgut vollständig und unbeschädigt bzw. unverändert angekommen ist. Quelle: Sicherheit bei Umzügen (S. 1)
- Die Organisationseinheit SOLLTE sicherstellen, dass alle notwendigen Sicherheitsmaßnahmen ergriffen werden, um die Sicherheit der Mitarbeiter und der Daten während des Umzugs zu gewährleisten. Dazu gehören die Sicherung von Daten, die Verwendung von Sicherheitssoftware und die Überwachung des Umzugs. Quelle: Sicherheit bei Umzügen (S. 2)
- Regelungen zur Mitnahme von Wechseldatenträgern SOLLTEN klare und schriftliche Regeln enthalten, die die Mitnahme von Wechseldatenträgern außerhalb der Institution regeln. Die Organisationseinheit SOLLTE sicherstellen, dass alle Mitarbeiter über die Regeln informiert werden und dass die Regeln regelmäßig überprüft und aktualisiert werden. Quelle: Regelung zur Mitnahme von Wechseldatenträgern (S. 3)
- Transport von Arbeitsmaterial zum häuslichen Arbeitsplatz SOLLTE geregelt werden, welche Datenträger und Unterlagen am häuslichen Arbeitsplatz bearbeitet und zwischen der Institution und dem häuslichen Arbeitsplatz hin und her transportiert werden dürfen. Die Organisationseinheit SOLLTE sicherstellen, dass alle Mitarbeiter über die Regeln informiert werden und dass die Regeln regelmäßig überprüft und aktualisiert werden. Quelle: Transport von Arbeitsmaterial zum häuslichen Arbeitsplatz (S. 4)";"Antwort:

Umzüge SOLLTEN frühzeitig geplant und durchgeführt werden, um Sicherheitsrisiken zu minimieren. Die Organisationseinheit SOLLTE sicherstellen, dass alle Mitarbeitenden über die vor, während und nach dem Umzug relevanten Sicherheitsmaßnahmen informiert werden. Nach dem Umzug SOLLTE überprüft werden, ob das transportierte Umzugsgut vollständig und unbeschädigt bzw. unverändert angekommen ist.

Die Organisationseinheit SOLLTE auch sicherstellen, dass alle notwendigen Sicherheitsmaßnahmen ergriffen werden, um die Sicherheit der Mitarbeiter und der Daten während des Umzugs zu gewährleisten. Dazu gehören die Sicherung von Daten, die Verwendung von Sicherheitssoftware und die Überwachung des Umzugs.

Regelungen zur Mitnahme von Wechseldatenträgern SOLLTEN klare und schriftliche Regeln enthalten, die die Mitnahme von Wechseldatenträgern außerhalb der Institution regeln. Die Organisationseinheit SOLLTE sicherstellen, dass alle Mitarbeiter über die Regeln informiert werden und dass die Regeln regelmäßig überprüft und aktualisiert werden.

Transport von Arbeitsmaterial zum häuslichen Arbeitsplatz SOLLTE geregelt werden, welche Datenträger und Unterlagen am häuslichen Arbeitsplatz bearbeitet und zwischen der Institution und dem häuslichen Arbeitsplatz hin und her transportiert werden dürfen. Die Organisationseinheit SOLLTE sicherstellen, dass alle Mitarbeiter über die Regeln informiert werden und dass die Regeln regelmäßig überprüft und aktualisiert werden.";"1. Wie können die Sicherheitsmaßnahmen während des Umzugs optimiert werden?
2. Welche Rolle spielen die Mitarbeiter bei der Sicherung von Daten während des Umzugs?
3. Wie können die Regeln zur Mitnahme von Wechseldatenträgern regelmäßig überprüft und aktualisiert werden?

Quellen:
- Vor einem Umzug SOLLTEN frühzeitig Sicherheitsrichtlinien erarbeitet bzw. aktualisiert werden. Alle Mitarbeitenden SOLLTEN über die vor, während und nach dem Umzug relevanten Sicherheitsmaßnahmen informiert werden. Nach dem Umzug SOLLTE überprüft werden, ob das transportierte Umzugsgut vollständig und unbeschädigt bzw. unverändert angekommen ist. Quelle: Sicherheit bei Umzügen (S. 1)
- Die Organisationseinheit SOLLTE sicherstellen, dass alle notwendigen Sicherheitsmaßnahmen ergriffen werden, um die Sicherheit der Mitarbeiter und der Daten während des Umzugs zu gewährleisten. Dazu gehören die Sicherung von Daten, die Verwendung von Sicherheitssoftware und die Überwachung des Umzugs. Quelle: Sicherheit bei Umzügen (S. 2)
- Regelungen zur Mitnahme von Wechseldatenträgern SOLLTEN klare und schriftliche Regeln enthalten, die die Mitnahme von Wechseldatenträgern außerhalb der Institution regeln. Die Organisationseinheit SOLLTE sicherstellen, dass alle Mitarbeiter über die Regeln informiert werden und dass die Regeln regelmäßig überprüft und aktualisiert werden. Quelle: Regelung zur Mitnahme von Wechseldatenträgern (S. 3)
- Transport von Arbeitsmaterial zum häuslichen Arbeitsplatz SOLLTE geregelt werden, welche Datenträger und Unterlagen am häuslichen Arbeitsplatz bearbeitet und zwischen der Institution und dem häuslichen Arbeitsplatz hin und her transportiert werden dürfen. Die Organisationseinheit SOLLTE sicherstellen, dass alle Mitarbeiter über die Regeln informiert werden und dass die Regeln regelmäßig überprüft und aktualisiert werden. Quelle: Transport von Arbeitsmaterial zum häuslichen Arbeitsplatz (S. 4)";3;3;0.699999999965;0.5;0.6666666666666666;0.5096357731343502;Wie können die Sicherheitsmaßnahmen während des Umzugs optimiert werden?;2;2;Direkte Sicherheitsmaßnahmen;Welche Rolle spielen die Mitarbeiter bei der Sicherung von Daten während des Umzugs?;2;2;Mitarbeiterrolle bei Umzügen;Wie können die Regeln zur Mitnahme von Wechseldatenträgern regelmäßig überprüft und aktualisiert werden?;2;2;Regeln zur Mitnahme von Wechseldatenträgern;2.0;2.0
Warum reicht es nicht aus, Regelungen nur festzulegen?;"Es reicht nicht aus, Regelungen nur festzulegen, da ihre Kommunikation an die Mitarbeitenden elementar wichtig ist, damit die Vorgaben auch von allen Betroffenen im Arbeitsalltag gelebt werden können Quelle: 2.2. Nichtbeachtung von Regelungen. Wenn Regelungen nicht bekannt gemacht und verstanden werden, können Sicherheitslücken entstehen, wie beispielsweise das ungewollte Teilen von vertraulichen Informationen oder die unautorisierte Änderung von Daten Quelle: 2.2. Nichtbeachtung von Regelungen.

Anschlussfragen:
1. Wie können Mitarbeitende über Sicherheitsregelungen informiert werden, um sicherzustellen, dass sie diese im Arbeitsalltag anwenden?
2. Welche Arten von Sicherheitslücken können entstehen, wenn Regelungen von Mitarbeitenden missachtet werden?
3. Wie kann sichergestellt werden, dass alle Mitarbeitenden die Brisanz von Integritätsverletzungen einschätzen können, wenn sie Zugriffsrechte administrieren?";Es reicht nicht aus, Regelungen nur festzulegen, da ihre Kommunikation an die Mitarbeitenden elementar wichtig ist, damit die Vorgaben auch von allen Betroffenen im Arbeitsalltag gelebt werden können Quelle: 2.2. Nichtbeachtung von Regelungen. Wenn Regelungen nicht bekannt gemacht und verstanden werden, können Sicherheitslücken entstehen, wie beispielsweise das ungewollte Teilen von vertraulichen Informationen oder die unautorisierte Änderung von Daten Quelle: 2.2. Nichtbeachtung von Regelungen.;"2.2. Nichtbeachtung von Regelungen Allen Mitarbeitenden müssen die geltenden Regelungen bekannt gemacht werden und zum Nachlesen zur Verfügung stehen. Die Erfahrung zeigt, dass es nicht ausreicht, Sicherheitsregeln lediglich festzulegen. Ihre Kommunikation an die Mitarbeitenden ist elementar wichtig, damit die Vorgaben auch von allen Betroffenen im Arbeitsalltag gelebt werden können. Werden Regelungen von Mitarbeitenden missachtet, können beispielsweise folgende Sicherheitslücken entstehen:

• Vertrauliche Informationen werden in Hörweite fremder Personen diskutiert, beispielsweise in Pausengesprächen von Besprechungen oder über Mobiltelefonate in öffentlichen Umgebungen.

• Dokumente werden auf einem Webserver veröffentlicht, ohne dass geprüft wurde, ob diese tatsächlich zur Veröffentlichung vorgesehen und freigegeben sind.

• Aufgrund von fehlerhaft administrierten Zugriffsrechten können Mitarbeitende Daten ändern, ohne die Brisanz dieser Integritätsverletzung einschätzen zu können.";"Antwort:

Die Festlegung von Regelungen allein reicht nicht aus, um sicherzustellen, dass diese auch beachtet werden. Es ist wichtig, dass alle Mitarbeitenden, insbesondere die in Funktion gewählten Personen, die geltenden Regelungen auch bekannt sind. Die Kommunikation an die Mitarbeitenden ist elementar wichtig, damit die Vorgaben auch von allen Betroffenen im Arbeitsalltag gelebt werden können.

Die Erfahrung zeigt, dass es nicht genügt, Sicherheitsregeln lediglich festzulegen. Ihre Kommunikation an die Mitarbeitenden ist elementar wichtig, damit die Vorgaben auch von allen Betroffenen im Arbeitsalltag gelebt werden können. Wenn Regelungen von Mitarbeitenden missachtet werden, können beispielsweise folgende Sicherheitslücken entstehen:

* Vertrauliche Informationen werden in Hörweite fremder Personen diskutiert, beispielsweise in Pausengesprächen von Besprechungen oder über Mobiltelefonate in öffentlichen Umgebungen.
* Dokumente werden auf einem Webserver veröffentlicht, ohne dass geprüft wurde, ob diese tatsächlich zur Veröffentlichung vorgesehen und freigegeben sind.
* Aufgrund von fehlerhaft administrierten Zugriffsrechten können Mitarbeitende Daten ändern, ohne die Brisanz dieser Integritätsverletzung einschätzen zu können.

Um sicherzustellen, dass die Regelungen beachtet werden, müssen alle Mitarbeitenden regelmäßig geschult und sensibilisiert werden. Es ist auch wichtig, dass die Institutionenleitung eine Vorbildfunktion übernimmt und die Sicherheitskultur der Institution fördert.

Anforderungen:

* ORP.1.A1 Festlegung von Verantwortlichkeiten und Regelungen (B) [Institutionsleitung]
* APP.3.1.A1 Kommunikation von Sicherheitsregeln an die Mitarbeitenden (S) [Mitarbeitende]

Quellen:

* ORP.1.A1 (S. 11)
* APP.3.1.A1 (S. 391)

Anschlussfragen:

1. Wie kann die Sicherheitskultur in einer Institution gefördert werden?
2. Welche Rolle spielt die Institutionenleitung bei der Förderung der Sicherheitskultur?
3. Wie kann die Kommunikation von Sicherheitsregeln an die Mitarbeitenden verbessert werden?";"Antwort:

Die Festlegung von Regelungen allein reicht nicht aus, um sicherzustellen, dass diese auch beachtet werden. Es ist wichtig, dass alle Mitarbeitenden, insbesondere die in Funktion gewählten Personen, die geltenden Regelungen auch bekannt sind. Die Kommunikation an die Mitarbeitenden ist elementar wichtig, damit die Vorgaben auch von allen Betroffenen im Arbeitsalltag gelebt werden können.

Die Erfahrung zeigt, dass es nicht genügt, Sicherheitsregeln lediglich festzulegen. Ihre Kommunikation an die Mitarbeitenden ist elementar wichtig, damit die Vorgaben auch von allen Betroffenen im Arbeitsalltag gelebt werden können. Wenn Regelungen von Mitarbeitenden missachtet werden, können beispielsweise folgende Sicherheitslücken entstehen:

* Vertrauliche Informationen werden in Hörweite fremder Personen diskutiert, beispielsweise in Pausengesprächen von Besprechungen oder über Mobiltelefonate in öffentlichen Umgebungen.
* Dokumente werden auf einem Webserver veröffentlicht, ohne dass geprüft wurde, ob diese tatsächlich zur Veröffentlichung vorgesehen und freigegeben sind.
* Aufgrund von fehlerhaft administrierten Zugriffsrechten können Mitarbeitende Daten ändern, ohne die Brisanz dieser Integritätsverletzung einschätzen zu können.

Um sicherzustellen, dass die Regelungen beachtet werden, müssen alle Mitarbeitenden regelmäßig geschult und sensibilisiert werden. Es ist auch wichtig, dass die Institutionenleitung eine Vorbildfunktion übernimmt und die Sicherheitskultur der Institution fördert.

Anforderungen:

* ORP.1.A1 Festlegung von Verantwortlichkeiten und Regelungen (B) [Institutionsleitung]
* APP.3.1.A1 Kommunikation von Sicherheitsregeln an die Mitarbeitenden (S) [Mitarbeitende]

Quellen:

* ORP.1.A1 (S. 11)
* APP.3.1.A1 (S. 391)";"1. Wie kann die Sicherheitskultur in einer Institution gefördert werden?
2. Welche Rolle spielt die Institutionenleitung bei der Förderung der Sicherheitskultur?
3. Wie kann die Kommunikation von Sicherheitsregeln an die Mitarbeitenden verbessert werden?";3;3;0.817857142843512;1.0;0.8;0.6923565410004424;Wie kann die Sicherheitskultur in einer Institution gefördert werden?;2;2;Direkte Förderung von Sicherheitskultur;Welche Rolle spielt die Institutionenleitung bei der Förderung der Sicherheitskultur?;2;2;Institutionenleitung bei Sicherheitskultur;Wie kann die Kommunikation von Sicherheitsregeln an die Mitarbeitenden verbessert werden?;2;2;Direkte Relevanz zur Kommunikation von Sicherheitsregeln;2.0;2.0
Welche Gefahren entstehen durch fehlende organisatorische Regelungen?;"Fehlende oder unzureichende organisatorische Regelungen können zu massiven Sicherheitslücken führen, da Mitarbeitende nicht wissen, wie sie bei Vorfällen reagieren sollen Quelle: 2.1. Fehlende oder unzureichende Regelungen. Probleme können auch durch veraltete, unpraktikable oder unverständlich formulierte Regelungen entstehen Quelle: 2.1. Fehlende oder unzureichende Regelungen. Dies kann insbesondere in komplexen Geschäftsprozessen oder bei der Verarbeitung schutzbedürftiger Informationen zu erheblichen Risiken führen Quelle: 2.1. Fehlende oder unzureichende Regelungen.

Anschlussfragen:
1. Wie können unzureichende Regelungen die Reaktionsfähigkeit von Mitarbeitern bei Sicherheitsvorfällen beeinträchtigen?
2. Welche Rolle spielen veraltete oder unverständlich formulierte Regelungen bei der Entstehung von Sicherheitsproblemen?
3. In welchen Szenarien nimmt die Bedeutung übergreifender organisatorischer Regelungen besonders zu?";Fehlende oder unzureichende organisatorische Regelungen können zu massiven Sicherheitslücken führen, da Mitarbeitende nicht wissen, wie sie bei Vorfällen reagieren sollen Quelle: 2.1. Fehlende oder unzureichende Regelungen. Probleme können auch durch veraltete, unpraktikable oder unverständlich formulierte Regelungen entstehen Quelle: 2.1. Fehlende oder unzureichende Regelungen. Dies kann insbesondere in komplexen Geschäftsprozessen oder bei der Verarbeitung schutzbedürftiger Informationen zu erheblichen Risiken führen Quelle: 2.1. Fehlende oder unzureichende Regelungen.;2.1. Fehlende oder unzureichende Regelungen Fehlende Regelungen können zu massiven Sicherheitslücken führen, wenn beispielsweise Mitarbeitende nicht wissen, wie sie bei Vorfällen reagieren sollen. Probleme können auch dadurch entstehen, dass Regelungen veraltet, unpraktikabel oder unverständlich formuliert sind. Die Bedeutung dieser übergreifenden organisatorischen Regelungen nimmt mit der Komplexität der Geschäftsprozesse und dem Umfang der Informationsverarbeitung, aber auch mit dem Schutzbedarf der zu verarbeitenden Informationen zu.;"**Fehlende organisatorische Regelungen**

Fehlende oder unzureichende Regelungen können zu massiven Sicherheitslücken führen, wenn beispielsweise Mitarbeitende nicht wissen, wie sie bei Vorfällen reagieren sollen. Probleme können auch dadurch entstehen, dass Regelungen veraltet, unpraktikabel oder unverständlich formuliert sind.

**Anforderungen:**

- ORP.1.A1 Festlegung von Verantwortlichkeiten und Regelungen (B) [Institutionsleitung]
- ORP.1.A2 Kommunikation von Regelungen und Vorgaben (B) [Institutionsleitung]
- ORP.1.A3 Überprüfung und Aktualisierung von Regelungen (B) [Institutionsleitung]

**Quelle:** ORP.1 (Organisatorische Regelungen)

**Anschlussfragen:**

1. Wie können Regelungen veraltet, unpraktikabel oder unverständlich formuliert sein?
2. Welche Rolle spielt die Kommunikation von Regelungen und Vorgaben bei der Umsetzung von Sicherheitsmaßnahmen?
3. Wie kann die Überprüfung und Aktualisierung von Regelungen sicherstellen, dass sie den aktuellen Anforderungen entsprechen?";"**Fehlende organisatorische Regelungen**

Fehlende oder unzureichende Regelungen können zu massiven Sicherheitslücken führen, wenn beispielsweise Mitarbeitende nicht wissen, wie sie bei Vorfällen reagieren sollen. Probleme können auch dadurch entstehen, dass Regelungen veraltet, unpraktikabel oder unverständlich formuliert sind.

**Anforderungen:**

- ORP.1.A1 Festlegung von Verantwortlichkeiten und Regelungen (B) [Institutionsleitung]
- ORP.1.A2 Kommunikation von Regelungen und Vorgaben (B) [Institutionsleitung]
- ORP.1.A3 Überprüfung und Aktualisierung von Regelungen (B) [Institutionsleitung]

**Quelle:** ORP.1 (Organisatorische Regelungen)";"1. Wie können Regelungen veraltet, unpraktikabel oder unverständlich formuliert sein?
2. Welche Rolle spielt die Kommunikation von Regelungen und Vorgaben bei der Umsetzung von Sicherheitsmaßnahmen?
3. Wie kann die Überprüfung und Aktualisierung von Regelungen sicherstellen, dass sie den aktuellen Anforderungen entsprechen?";3;3;0.6666666666444444;1.0;0.0;0.62377676013198;Wie können Regelungen veraltet, unpraktikabel oder unverständlich formuliert sein?;2;2;Direkte Relevanz zu organisatorischen Regelungen;Welche Rolle spielt die Kommunikation von Regelungen und Vorgaben bei der Umsetzung von Sicherheitsmaßnahmen?;2;2;Direkte Verbindung zu organisatorischen Regelungen;Wie kann die Überprüfung und Aktualisierung von Regelungen sicherstellen, dass sie den aktuellen Anforderungen entsprechen?;2;2;Direkte Überprüfung von Regelungen;2.0;2.0
Wie werden organisatorische Regelungen aktuell gehalten?;"Die organisatorischen Regelungen werden aktuell gehalten, indem sie anlassbezogen überarbeitet werden. Dies bedeutet, dass die Regelungen und Organisationsstrukturen bei Bedarf aktualisiert und an veränderte Bedingungen angepasst werden. Nach einer Überarbeitung MÜSSEN die Änderungen allen Mitarbeitenden bekannt gegeben werden, um sicherzustellen, dass alle Beteiligten über die aktuellen Regelungen und Verantwortlichkeiten informiert sind. Quelle: ORP.1.A1 (S. nicht spezifiziert).

Anschlussfragen:
1. Wie werden die Verantwortlichkeiten und Regelungen innerhalb einer Institution festgelegt?
2. Welche Aspekte werden im Baustein ORP.1 Organisation nicht behandelt?
3. Wie werden die Mitarbeiter über Änderungen in den organisatorischen Regelungen informiert?";Die organisatorischen Regelungen werden aktuell gehalten, indem sie anlassbezogen überarbeitet werden. Dies bedeutet, dass die Regelungen und Organisationsstrukturen bei Bedarf aktualisiert und an veränderte Bedingungen angepasst werden. Nach einer Überarbeitung MÜSSEN die Änderungen allen Mitarbeitenden bekannt gegeben werden, um sicherzustellen, dass alle Beteiligten über die aktuellen Regelungen und Verantwortlichkeiten informiert sind. Quelle: ORP.1.A1 (S. nicht spezifiziert).;ORP.1.A1 Festlegung von Verantwortlichkeiten und Regelungen (B) [Institutionsleitung] Innerhalb einer Institution MÜSSEN alle relevanten Aufgaben und Funktionen klar definiert und voneinander abgegrenzt sein. Es MÜSSEN verbindliche Regelungen für die Informationssicherheit für die verschiedenen betrieblichen Aspekte übergreifend festgelegt werden. Die Organisationsstrukturen sowie verbindliche Regelungen MÜSSEN anlassbezogen überarbeitet werden. Die Änderungen MÜSSEN allen Mitarbeitenden bekannt gegeben werden.;"Antwort:

Die organisatorischen Regelungen werden aktuell gehalten, indem alle relevanten Aufgaben und Funktionen klar definiert und voneinander abgegrenzt sind. Verbindliche Regelungen für die Informationssicherheit werden für die verschiedenen betrieblichen Aspekte übergreifend festgelegt und anlassbezogen überarbeitet. Die Änderungen werden allen Mitarbeitenden bekannt gegeben.

Quelle: OPS.2.1 Festlegung von Verantwortlichkeiten und Regelungen (B) [Institutionsleitung]

Die Organisationsabteilung ist dafür zuständig, dass Richtlinien und Anweisungen einheitlich gestaltet und gepflegt werden. Dies betrifft auch die Dokumentation des BCMS. Die Organisationsabteilung modelliert und aktualisiert auch die Geschäftsprozesse der Institution.

Quelle: OPS.2.1 Festlegung von Verantwortlichkeiten und Regelungen (B) [Institutionsleitung]

Es SOLLTE eine geeignete Vorgehensweise zur Behandlung von Sicherheitsvorfällen definiert werden. Die Abläufe, Prozesse und Vorgaben für die verschiedenen Sicherheitsvorfälle SOLLTEN dabei eindeutig geregelt und geeignet dokumentiert werden.

Quelle: OPS.2.1 Festlegung von Verantwortlichkeiten und Regelungen (B) [Institutionsleitung]

Anschlussfragen:

1. Wie werden die organisatorischen Regelungen in der Institution überprüft und aktualisiert?
2. Welche Rolle spielt die Organisationsabteilung bei der Etablierung einer Vorgehensweise zur Behandlung von Sicherheitsvorfällen?
3. Wie werden die Dokumentationen und Richtlinien für die eingesetzten Cloud-Dienste regelmäßig aktualisiert?";"Antwort:

Die organisatorischen Regelungen werden aktuell gehalten, indem alle relevanten Aufgaben und Funktionen klar definiert und voneinander abgegrenzt sind. Verbindliche Regelungen für die Informationssicherheit werden für die verschiedenen betrieblichen Aspekte übergreifend festgelegt und anlassbezogen überarbeitet. Die Änderungen werden allen Mitarbeitenden bekannt gegeben.

Quelle: OPS.2.1 Festlegung von Verantwortlichkeiten und Regelungen (B) [Institutionsleitung]

Die Organisationsabteilung ist dafür zuständig, dass Richtlinien und Anweisungen einheitlich gestaltet und gepflegt werden. Dies betrifft auch die Dokumentation des BCMS. Die Organisationsabteilung modelliert und aktualisiert auch die Geschäftsprozesse der Institution.

Quelle: OPS.2.1 Festlegung von Verantwortlichkeiten und Regelungen (B) [Institutionsleitung]

Es SOLLTE eine geeignete Vorgehensweise zur Behandlung von Sicherheitsvorfällen definiert werden. Die Abläufe, Prozesse und Vorgaben für die verschiedenen Sicherheitsvorfälle SOLLTEN dabei eindeutig geregelt und geeignet dokumentiert werden.

Quelle: OPS.2.1 Festlegung von Verantwortlichkeiten und Regelungen (B) [Institutionsleitung]";"1. Wie werden die organisatorischen Regelungen in der Institution überprüft und aktualisiert?
2. Welche Rolle spielt die Organisationsabteilung bei der Etablierung einer Vorgehensweise zur Behandlung von Sicherheitsvorfällen?
3. Wie werden die Dokumentationen und Richtlinien für die eingesetzten Cloud-Dienste regelmäßig aktualisiert?";3;3;0.6666666666444444;1.0;1.0;0.772017127459226;Wie werden die organisatorischen Regelungen in der Institution überprüft und aktualisiert?;2;2;Direkte Überprüfung und Aktualisierung;Welche Rolle spielt die Organisationsabteilung bei der Etablierung einer Vorgehensweise zur Behandlung von Sicherheitsvorfällen?;2;2;Direkte Verbindung zu Organisationsabteilung;Wie werden die Dokumentationen und Richtlinien für die eingesetzten Cloud-Dienste regelmäßig aktualisiert?;2;2;Direkte Aktualisierung von Dokumentationen;2.0;2.0
Was ist das Ziel des Identitäts- und Berechtigungsmanagements?;"Das Ziel des Identitäts- und Berechtigungsmanagements ist es, sicherzustellen, dass Benutzende oder IT-Komponenten ausschließlich auf die ITRessourcen und Informationen zugreifen können, die sie für ihre Arbeit benötigen und für die sie autorisiert sind, und unautorisierten Benutzenden oder IT-Komponenten den Zugriff zu verwehren Quelle: 1.2. Zielsetzung. 

Anschlussfragen:
1. Wie können Institutionen ein sicheres Identitäts- und Berechtigungsmanagement aufbauen?
2. Welche Rolle spielen Autorisierungen im Identitäts- und Berechtigungsmanagement?
3. Wie kann man unautorisierten Zugriff auf ITRessourcen und Informationen verhindern?";Das Ziel des Identitäts- und Berechtigungsmanagements ist es, sicherzustellen, dass Benutzende oder IT-Komponenten ausschließlich auf die ITRessourcen und Informationen zugreifen können, die sie für ihre Arbeit benötigen und für die sie autorisiert sind, und unautorisierten Benutzenden oder IT-Komponenten den Zugriff zu verwehren Quelle: 1.2. Zielsetzung.;1.2. Zielsetzung Ziel des Bausteins ist es, dass Benutzende oder auch IT-Komponenten ausschließlich auf die ITRessourcen und Informationen zugreifen können, die sie für ihre Arbeit benötigen und für die sie autorisiert sind, und unautorisierten Benutzenden oder IT-Komponenten den Zugriff zu verwehren. Dazu werden Anforderungen formuliert, mit denen Institutionen ein sicheres Identitäts- und Berechtigungsmanagement aufbauen sollten.;"Antwort:

Das Ziel des Identitäts- und Berechtigungsmanagements ist es, sicherzustellen, dass Benutzende oder IT-Komponenten ausschließlich auf die IT-Ressourcen und Informationen zugreifen können, die sie für ihre Arbeit benötigen und für die sie autorisiert sind, und unautorisierten Benutzenden oder IT-Komponenten den Zugriff zu verwehren.

Um dieses Ziel zu erreichen, SOLLTEN folgende Prozesse definiert und umgesetzt werden:

- Richtlinien verwalten,
- Identitätsprofile verwalten,
- Benutzendenkennungen verwalten,
- Berechtigungsprofile verwalten sowie
- Rollen verwalten.

Quelle: ORP.4.A1 Festlegung von Verantwortlichkeiten und Regelungen (B) [Institutionsleitung]

Anschlussfragen:

1. Wie können Institutionen ein sicheres Identitäts- und Berechtigungsmanagement aufbauen?
2. Welche Rolle spielt die Funktionstrennung bei der Auswahl eines Identitäts- und Berechtigungsmanagement-Systems?
3. Wie kann ein ausgefallenes Identitäts- und Berechtigungsmanagement-System sicherheitskritisch für die Geschäftsprozesse sein?";"Antwort:

Das Ziel des Identitäts- und Berechtigungsmanagements ist es, sicherzustellen, dass Benutzende oder IT-Komponenten ausschließlich auf die IT-Ressourcen und Informationen zugreifen können, die sie für ihre Arbeit benötigen und für die sie autorisiert sind, und unautorisierten Benutzenden oder IT-Komponenten den Zugriff zu verwehren.

Um dieses Ziel zu erreichen, SOLLTEN folgende Prozesse definiert und umgesetzt werden:

- Richtlinien verwalten,
- Identitätsprofile verwalten,
- Benutzendenkennungen verwalten,
- Berechtigungsprofile verwalten sowie
- Rollen verwalten.

Quelle: ORP.4.A1 Festlegung von Verantwortlichkeiten und Regelungen (B) [Institutionsleitung]";"1. Wie können Institutionen ein sicheres Identitäts- und Berechtigungsmanagement aufbauen?
2. Welche Rolle spielt die Funktionstrennung bei der Auswahl eines Identitäts- und Berechtigungsmanagement-Systems?
3. Wie kann ein ausgefallenes Identitäts- und Berechtigungsmanagement-System sicherheitskritisch für die Geschäftsprozesse sein?";3;3;0.599999999985;1.0;0.125;0.5356573731807944;Wie können Institutionen ein sicheres Identitäts- und Berechtigungsmanagement aufbauen?;2;2;Direkt relevante Vertiefung;Welche Rolle spielt die Funktionstrennung bei der Auswahl eines Identitäts- und Berechtigungsmanagement-Systems?;2;2;Funktionstrennung direkt im Kontext;Wie kann ein ausgefallenes Identitäts- und Berechtigungsmanagement-System sicherheitskritisch für die Geschäftsprozesse sein?;2;2;Direkte Relevanz zum Thema;2.0;2.0
Warum müssen Benutzendenkennungen eindeutig Personen zugeordnet werden?;"Benutzendenkennungen müssen eindeutig Personen zugeordnet werden, um eine klare Zuordnung und Verwaltung von Benutzerrechten und -zugriffen zu ermöglichen Quelle: ORP.4.A1 (S. nicht spezifiziert, da keine Seitenzahl im Kontext angegeben ist). Dies ist wichtig, um Missbrauch und unerlaubten Zugriff auf Systeme und Daten zu verhindern. Durch die eindeutige Zuordnung kann sichergestellt werden, dass nur autorisierte Personen Zugriff auf bestimmte Ressourcen haben und dass Aktivitäten im System korrekt zugeordnet werden können.

Anschlussfragen:
1. Wie sollten Benutzendenkennungen, die längere Zeit inaktiv sind, behandelt werden?
2. Warum dürfen Benutzendenkennungen und -gruppen nur über separate administrative Rollen eingerichtet und gelöscht werden?
3. Welche Rolle spielt der Baustein ORP.4 im Kontext des Identitäts- und Berechtigungsmanagements?";Benutzendenkennungen müssen eindeutig Personen zugeordnet werden, um eine klare Zuordnung und Verwaltung von Benutzerrechten und -zugriffen zu ermöglichen Quelle: ORP.4.A1 (S. nicht spezifiziert, da keine Seitenzahl im Kontext angegeben ist). Dies ist wichtig, um Missbrauch und unerlaubten Zugriff auf Systeme und Daten zu verhindern. Durch die eindeutige Zuordnung kann sichergestellt werden, dass nur autorisierte Personen Zugriff auf bestimmte Ressourcen haben und dass Aktivitäten im System korrekt zugeordnet werden können.;ORP.4.A1 Regelung für die Einrichtung und Löschung von Benutzenden und Benutzendengruppen (B) [IT-Betrieb] Es MUSS geregelt werden, wie Benutzendenkennungen und -gruppen einzurichten und zu löschen sind. Jede Benutzendenkennung MUSS eindeutig einer Person zugeordnet werden können. Benutzendenkennungen, die längere Zeit inaktiv sind, SOLLTEN deaktiviert werden. Alle Benutzenden und Benutzendengruppen DÜRFEN NUR über separate administrative Rollen eingerichtet und gelöscht werden. Nicht benötigte Benutzendenkennungen, wie z. B. standardmäßig eingerichtete Gastkonten oder Standard-Administrierendenkennungen, MÜSSEN geeignet deaktiviert oder gelöscht werden.;"Antwort:

Benutzendenkennungen müssen eindeutig Personen zugeordnet werden, um sicherzustellen, dass nur autorisierte Benutzer auf IT-Ressourcen und Informationen zugreifen können. Dies ist wichtig, um unautorisierten Benutzern oder IT-Komponenten den Zugriff zu verwehren und die Sicherheit der IT-Systeme zu gewährleisten.

Eindeutige Benutzendenkennungen ermöglichen es, Benutzende und IT-Komponenten zweifelsfrei zu identifizieren und zu authentifizieren. Dies ist ein wichtiger Schritt im Identitäts- und Berechtigungsmanagement, um sicherzustellen, dass Benutzende nur auf die IT-Ressourcen und Informationen zugreifen können, die sie für ihre Arbeit benötigen und für die sie autorisiert sind.

Die eindeutige Zuordnung von Benutzendenkennungen zu Personen ist auch wichtig, um Missbrauch und unbefugten Zugriff zu verhindern. Wenn Benutzendenkennungen nicht eindeutig sind, kann es zu Fehlern und Missbrauch kommen, was die Sicherheit der IT-Systeme gefährden kann.

Quelle: ORP.4.A1 Sorgfältige Vergabe von IDs (S. 73)

Anschlussfragen:

1. Wie können Institutionen sicherstellen, dass Benutzendenkennungen eindeutig sind und nicht missbraucht werden?
2. Welche Rolle spielt die Identitäts- und Berechtigungsverwaltung bei der Sicherstellung der IT-Sicherheit?
3. Wie können Institutionen sicherstellen, dass Benutzende nur auf die IT-Ressourcen und Informationen zugreifen können, die sie für ihre Arbeit benötigen und für die sie autorisiert sind?";"Antwort:

Benutzendenkennungen müssen eindeutig Personen zugeordnet werden, um sicherzustellen, dass nur autorisierte Benutzer auf IT-Ressourcen und Informationen zugreifen können. Dies ist wichtig, um unautorisierten Benutzern oder IT-Komponenten den Zugriff zu verwehren und die Sicherheit der IT-Systeme zu gewährleisten.

Eindeutige Benutzendenkennungen ermöglichen es, Benutzende und IT-Komponenten zweifelsfrei zu identifizieren und zu authentifizieren. Dies ist ein wichtiger Schritt im Identitäts- und Berechtigungsmanagement, um sicherzustellen, dass Benutzende nur auf die IT-Ressourcen und Informationen zugreifen können, die sie für ihre Arbeit benötigen und für die sie autorisiert sind.

Die eindeutige Zuordnung von Benutzendenkennungen zu Personen ist auch wichtig, um Missbrauch und unbefugten Zugriff zu verhindern. Wenn Benutzendenkennungen nicht eindeutig sind, kann es zu Fehlern und Missbrauch kommen, was die Sicherheit der IT-Systeme gefährden kann.

Quelle: ORP.4.A1 Sorgfältige Vergabe von IDs (S. 73)";"1. Wie können Institutionen sicherstellen, dass Benutzendenkennungen eindeutig sind und nicht missbraucht werden?
2. Welche Rolle spielt die Identitäts- und Berechtigungsverwaltung bei der Sicherstellung der IT-Sicherheit?
3. Wie können Institutionen sicherstellen, dass Benutzende nur auf die IT-Ressourcen und Informationen zugreifen können, die sie für ihre Arbeit benötigen und für die sie autorisiert sind?";3;3;0.8972222222072685;1.0;0.8333333333333334;0.5980112866194885;Wie können Institutionen sicherstellen, dass Benutzendenkennungen eindeutig sind und nicht missbraucht werden?;2;2;Direkte Relevanz zu Authentisierung;Welche Rolle spielt die Identitäts- und Berechtigungsverwaltung bei der Sicherstellung der IT-Sicherheit?;2;2;Direkte Verbindung zu Identitätsmanagement;Wie können Institutionen sicherstellen, dass Benutzende nur auf die IT-Ressourcen und Informationen zugreifen können, die sie für ihre Arbeit benötigen und für die sie autorisiert sind?;2;2;Direkte Beziehung zu Authentisierung und Autorisierung;2.0;2.0
Warum ist eine Dokumentation der Benutzerkonten notwendig?;"Eine Dokumentation der Benutzerkonten ist notwendig, um den Überblick über zugelassene Benutzendenkennungen, angelegte Benutzendengruppen und Rechteprofile zu behalten und sicherzustellen, dass die Rechtevergabe den Sicherheitsanforderungen und den aktuellen Aufgaben der Benutzenden entspricht Quelle: ORP.4.A3 (S. nicht spezifiziert). Dies ermöglicht eine regelmäßige Überprüfung und Anpassung der Rechtevergabe, um unberechtigten Zugriff zu verhindern und die Sicherheit des Systems zu gewährleisten.

Anschlussfragen:
1. Wie oft sollte die Dokumentation der Benutzendenkennungen und Rechteprofile überprüft werden?
2. Welche Rolle spielt die Datensicherung bei der elektronischen Dokumentation von Benutzerkonten?
3. Wie werden Betriebssysteme und Verzeichnisdienste im Kontext des Identitäts- und Berechtigungsmanagements behandelt?";Eine Dokumentation der Benutzerkonten ist notwendig, um den Überblick über zugelassene Benutzendenkennungen, angelegte Benutzendengruppen und Rechteprofile zu behalten und sicherzustellen, dass die Rechtevergabe den Sicherheitsanforderungen und den aktuellen Aufgaben der Benutzenden entspricht Quelle: ORP.4.A3 (S. nicht spezifiziert). Dies ermöglicht eine regelmäßige Überprüfung und Anpassung der Rechtevergabe, um unberechtigten Zugriff zu verhindern und die Sicherheit des Systems zu gewährleisten.;ORP.4.A3 Dokumentation der Benutzendenkennungen und Rechteprofile (B) [IT-Betrieb] Es MUSS dokumentiert werden, welche Benutzendenkennungen, angelegte Benutzendengruppen und Rechteprofile zugelassen und angelegt wurden. Die Dokumentation der zugelassenen Benutzendenkennungen, angelegten Benutzendengruppen und Rechteprofile MUSS regelmäßig daraufhin überprüft werden, ob sie den tatsächlichen Stand der Rechtevergabe widerspiegelt. Dabei MUSS auch geprüft werden, ob die Rechtevergabe noch den Sicherheitsanforderungen und den aktuellen Aufgaben der Benutzenden entspricht. Die Dokumentation MUSS vor unberechtigtem Zugriff geschützt werden. Sofern sie in elektronischer Form erfolgt, SOLLTE sie in das Datensicherungsverfahren einbezogen werden.;"Antwort:

Eine Dokumentation der Benutzerkonten ist notwendig, um sicherzustellen, dass die Konfigurationsparameter der Benutzerkontensteuerung (UAC) für privilegierte Konten zwischen Bedienbarkeit und Sicherheitsniveau abgewogen eingesetzt werden. Die Entscheidungen für die zu verwendenden Konfigurationsparameter SOLLTEN dokumentiert werden (Quelle: APP.3.1.A1 (S.391)).

Die Dokumentation SOLLTE alle Konten mit Administrationsrechten enthalten sowie regelmäßig geprüft werden, ob es notwendig ist, die Rechte erweitern zu können (Quelle: APP.3.1.A1 (S.391)).

Die Dokumentation der Benutzerkonten SOLLTE auch Teil der Betriebsdokumentation sein, die alle Konfigurationsänderungen sowie sicherheitsrelevante Aufgaben dokumentiert (Quelle: APP.3.1.A1 (S.391)).

Die Dokumentation der Benutzerkonten SOLLTE vor unbefugten Zugriffen geschützt werden (Quelle: APP.3.1.A1 (S.391)).

Anschlussfragen:

1. Wie oft SOLLTEN die Rechte für privilegierte Konten überprüft werden?
2. Welche Dokumentationsformate SOLLTEN für die Benutzerkonten verwendet werden?
3. Wie SOLLTEN die Dokumentationen der Benutzerkonten geschützt werden?";"Antwort:

Eine Dokumentation der Benutzerkonten ist notwendig, um sicherzustellen, dass die Konfigurationsparameter der Benutzerkontensteuerung (UAC) für privilegierte Konten zwischen Bedienbarkeit und Sicherheitsniveau abgewogen eingesetzt werden. Die Entscheidungen für die zu verwendenden Konfigurationsparameter SOLLTEN dokumentiert werden (Quelle: APP.3.1.A1 (S.391)).

Die Dokumentation SOLLTE alle Konten mit Administrationsrechten enthalten sowie regelmäßig geprüft werden, ob es notwendig ist, die Rechte erweitern zu können (Quelle: APP.3.1.A1 (S.391)).

Die Dokumentation der Benutzerkonten SOLLTE auch Teil der Betriebsdokumentation sein, die alle Konfigurationsänderungen sowie sicherheitsrelevante Aufgaben dokumentiert (Quelle: APP.3.1.A1 (S.391)).

Die Dokumentation der Benutzerkonten SOLLTE vor unbefugten Zugriffen geschützt werden (Quelle: APP.3.1.A1 (S.391)).";"1. Wie oft SOLLTEN die Rechte für privilegierte Konten überprüft werden?
2. Welche Dokumentationsformate SOLLTEN für die Benutzerkonten verwendet werden?
3. Wie SOLLTEN die Dokumentationen der Benutzerkonten geschützt werden?";3;3;0.4249999999858333;1.0;0.875;0.5770746751857113;Wie oft SOLLTEN die Rechte für privilegierte Konten überprüft werden?;2;2;Regelmäßige Überprüfung;Welche Dokumentationsformate SOLLTEN für die Benutzerkonten verwendet werden?;1;2;Teilweise abgedeckt durch IT-Grundschutz;Wie SOLLTEN die Dokumentationen der Benutzerkonten geschützt werden?;2;2;Schutz von Dokumentationen;1.667;2.0
Warum ist Funktionstrennung im Identitätsmanagement wichtig?;"Funktionstrennung im Identitätsmanagement ist wichtig, da sie die von der Institution definierten unvereinbaren Aufgaben und Funktionen durch das Identitäts- und Berechtigungsmanagement trennt Quelle: ORP.4.A4 (S. nicht spezifiziert). Dies bedeutet, dass durch die Funktionstrennung im Identitätsmanagement die institutionellen Anforderungen an die Trennung von Aufgaben und Funktionen umgesetzt werden, um beispielsweise Missbrauch oder unerwünschte Zugriffe zu verhindern Quelle: ORP.4.A4 (S. nicht spezifiziert).

Anschlussfragen:
1. Wie werden die unvereinbaren Aufgaben und Funktionen in einer Institution definiert?
2. Welche Rolle spielt das Identitäts- und Berechtigungsmanagement bei der Umsetzung der Funktionstrennung?
3. Wie werden Anforderungen an Komponenten des Identitäts- und Berechtigungsmanagements in anderen Bausteinen berücksichtigt?";Funktionstrennung im Identitätsmanagement ist wichtig, da sie die von der Institution definierten unvereinbaren Aufgaben und Funktionen durch das Identitäts- und Berechtigungsmanagement trennt Quelle: ORP.4.A4 (S. nicht spezifiziert). Dies bedeutet, dass durch die Funktionstrennung im Identitätsmanagement die institutionellen Anforderungen an die Trennung von Aufgaben und Funktionen umgesetzt werden, um beispielsweise Missbrauch oder unerwünschte Zugriffe zu verhindern Quelle: ORP.4.A4 (S. nicht spezifiziert).;ORP.4.A4 Aufgabenverteilung und Funktionstrennung (B) [IT-Betrieb] Die von der Institution definierten unvereinbaren Aufgaben und Funktionen (siehe Baustein ORP.1 Organisation) MÜSSEN durch das Identitäts- und Berechtigungsmanagement getrennt werden.;"Antwort:

Funktionstrennung im Identitätsmanagement ist wichtig, um sicherzustellen, dass unvereinbare Aufgaben und Funktionen getrennt werden. Dies ist notwendig, um Missbrauch zu reduzieren und die Sicherheit der Institution zu gewährleisten.

Die Funktionstrennung zwischen unvereinbaren Aufgaben wie operative und kontrollierende Funktionen MUSS so strukturiert sein, dass diese Aufgaben auf verschiedene Personen verteilt werden. Für unvereinbare Funktionen MUSS eine Funktionstrennung festgelegt und dokumentiert sein. Auch Vertreter MÜSSEN der Funktionstrennung unterliegen.

Die Aufgaben und die hierfür erforderlichen Rollen und Funktionen MÜSSEN so strukturiert sein, dass unvereinbare Aufgaben wie operative und kontrollierende Funktionen auf verschiedene Personen verteilt werden. Für unvereinbare Funktionen MUSS eine Funktionstrennung festgelegt und dokumentiert sein. Auch Vertreter MÜSSEN der Funktionstrennung unterliegen.

Quelle: ORP.1.A1 Festlegung von Verantwortlichkeiten und Regelungen (B) [Institutionsleitung]

Anschlussfragen:

1. Wie kann die Funktionstrennung im Identitätsmanagement umgesetzt werden?
2. Welche Rolle spielen Vertreter bei der Funktionstrennung?
3. Wie kann die Funktionstrennung zwischen unvereinbaren Aufgaben wie operative und kontrollierende Funktionen strukturiert werden?";"Antwort:

Funktionstrennung im Identitätsmanagement ist wichtig, um sicherzustellen, dass unvereinbare Aufgaben und Funktionen getrennt werden. Dies ist notwendig, um Missbrauch zu reduzieren und die Sicherheit der Institution zu gewährleisten.

Die Funktionstrennung zwischen unvereinbaren Aufgaben wie operative und kontrollierende Funktionen MUSS so strukturiert sein, dass diese Aufgaben auf verschiedene Personen verteilt werden. Für unvereinbare Funktionen MUSS eine Funktionstrennung festgelegt und dokumentiert sein. Auch Vertreter MÜSSEN der Funktionstrennung unterliegen.

Die Aufgaben und die hierfür erforderlichen Rollen und Funktionen MÜSSEN so strukturiert sein, dass unvereinbare Aufgaben wie operative und kontrollierende Funktionen auf verschiedene Personen verteilt werden. Für unvereinbare Funktionen MUSS eine Funktionstrennung festgelegt und dokumentiert sein. Auch Vertreter MÜSSEN der Funktionstrennung unterliegen.

Quelle: ORP.1.A1 Festlegung von Verantwortlichkeiten und Regelungen (B) [Institutionsleitung]";"1. Wie kann die Funktionstrennung im Identitätsmanagement umgesetzt werden?
2. Welche Rolle spielen Vertreter bei der Funktionstrennung?
3. Wie kann die Funktionstrennung zwischen unvereinbaren Aufgaben wie operative und kontrollierende Funktionen strukturiert werden?";3;3;0.9028571428390857;1.0;0.75;0.8879885439192686;Wie kann die Funktionstrennung im Identitätsmanagement umgesetzt werden?;2;2;Funktionstrennung direkt im IT-Grundschutz;Welche Rolle spielen Vertreter bei der Funktionstrennung?;2;2;Funktionstrennung und Rolle von Vertretern;Wie kann die Funktionstrennung zwischen unvereinbaren Aufgaben wie operative und kontrollierende Funktionen strukturiert werden?;2;2;Direkte Funktionstrennung;2.0;2.0
Warum sollten Authentisierungsmechanismen an den Schutzbedarf angepasst werden?;"Authentisierungsmechanismen sollten an den Schutzbedarf angepasst werden, um sicherzustellen, dass die verwendeten Identifikations- und Authentisierungsmechanismen dem jeweiligen Schutzbedarf entsprechen. Dies bedeutet, dass die Auswahl der Authentisierungsmechanismen auf die spezifischen Anforderungen des IT-Systems oder der IT-Anwendung abgestimmt werden sollte, um eine angemessene Sicherheit zu gewährleisten. Quelle: ORP.4.A13 (S. nicht spezifiziert).

Anschlussfragen:
1. Wie sollten Authentisierungsdaten bei der Verarbeitung geschützt werden?
2. Welche Maßnahmen sollten nach erfolglosen Authentisierungsversuchen ergriffen werden?
3. Wie oft sollte das Identitäts- und Berechtigungsmanagement im Informationsverbund angewendet werden?";Authentisierungsmechanismen sollten an den Schutzbedarf angepasst werden, um sicherzustellen, dass die verwendeten Identifikations- und Authentisierungsmechanismen dem jeweiligen Schutzbedarf entsprechen. Dies bedeutet, dass die Auswahl der Authentisierungsmechanismen auf die spezifischen Anforderungen des IT-Systems oder der IT-Anwendung abgestimmt werden sollte, um eine angemessene Sicherheit zu gewährleisten. Quelle: ORP.4.A13 (S. nicht spezifiziert).;ORP.4.A13 Geeignete Auswahl von Authentisierungsmechanismen (S) [ITBetrieb] Es SOLLTEN dem Schutzbedarf angemessene Identifikations- und Authentisierungsmechanismen verwendet werden. Authentisierungsdaten SOLLTEN durch das IT-System bzw. die IT-Anwendungen bei der Verarbeitung jederzeit gegen Ausspähung, Veränderung und Zerstörung geschützt werden. Das IT-System bzw. die IT-Anwendung SOLLTE nach jedem erfolglosen Authentisierungsversuch weitere Anmeldeversuche zunehmend verzögern (Time Delay). Die Gesamtdauer eines Anmeldeversuchs SOLLTE begrenzt werden können. Nach Überschreitung der vorgegebenen Anzahl erfolgloser Authentisierungsversuche SOLLTE das IT-System bzw. die IT-Anwendung die Benutzendenkennung sperren.;"Antwort:

Authentisierungsmechanismen SOLLTEN an den Schutzbedarf angepasst werden, um sicherzustellen, dass die Authentifizierung von Benutzenden, Diensten oder IT-Systemen angemessen und effektiv ist. Dies SOLLTEN insbesondere bei der Auswahl von Authentisierungsdaten und -methoden berücksichtigt werden, um Missbrauch und Sicherheitsrisiken zu reduzieren.

Es SOLLTEN dem Schutzbedarf angemessene Identifikations- und Authentisierungsmechanismen verwendet werden, wie z.B. biometrische Verfahren, Passwörter oder Zertifikate. Authentisierungsdaten SOLLTEN durch das IT-System bzw. die IT-Anwendung bei der Verarbeitung jederzeit gegen Ausspähung, Veränderung und Zerstörung geschützt werden.

Quelle: APP.3.1.A1 (S.391)

Anschlussfragen:

1. Welche biometrischen Verfahren SOLLTEN genutzt werden, um einen ähnlich hohen oder höheren Schutz im Vergleich zu einem Gerätepasswort zu erzielen?
2. Wie SOLLTEN Authentisierungsinformationen kryptografisch sicher gespeichert werden?
3. Welche Rolle SOLLTEN die Benutzenden bei der Sensibilisierung für die Fälschbarkeit von biometrischen Merkmalen spielen?";"Antwort:

Authentisierungsmechanismen SOLLTEN an den Schutzbedarf angepasst werden, um sicherzustellen, dass die Authentifizierung von Benutzenden, Diensten oder IT-Systemen angemessen und effektiv ist. Dies SOLLTEN insbesondere bei der Auswahl von Authentisierungsdaten und -methoden berücksichtigt werden, um Missbrauch und Sicherheitsrisiken zu reduzieren.

Es SOLLTEN dem Schutzbedarf angemessene Identifikations- und Authentisierungsmechanismen verwendet werden, wie z.B. biometrische Verfahren, Passwörter oder Zertifikate. Authentisierungsdaten SOLLTEN durch das IT-System bzw. die IT-Anwendung bei der Verarbeitung jederzeit gegen Ausspähung, Veränderung und Zerstörung geschützt werden.

Quelle: APP.3.1.A1 (S.391)";"1. Welche biometrischen Verfahren SOLLTEN genutzt werden, um einen ähnlich hohen oder höheren Schutz im Vergleich zu einem Gerätepasswort zu erzielen?
2. Wie SOLLTEN Authentisierungsinformationen kryptografisch sicher gespeichert werden?
3. Welche Rolle SOLLTEN die Benutzenden bei der Sensibilisierung für die Fälschbarkeit von biometrischen Merkmalen spielen?";3;3;0.9379251700546283;1.0;0.2;0.5689526193154705;Welche biometrischen Verfahren SOLLTEN genutzt werden, um einen ähnlich hohen oder höheren Schutz im Vergleich zu einem Gerätepasswort zu erzielen?;1;2;Biometrische Verfahren;Wie SOLLTEN Authentisierungsinformationen kryptografisch sicher gespeichert werden?;2;2;Direkte Anleitung zur sicheren Speicherung;Welche Rolle SOLLTEN die Benutzenden bei der Sensibilisierung für die Fälschbarkeit von biometrischen Merkmalen spielen?;2;2;Direkte Bezugnahme auf biometrische Authentisierung;1.667;2.0
Wie wird die Wirksamkeit der Benutzertrennung überprüft?;"Die Wirksamkeit der Benutzertrennung wird überprüft, indem in angemessenen Zeitabständen kontrolliert wird, ob Benutzende sich regelmäßig nach Aufgabenerfüllung abmelden und nicht unter der gleichen Kennung arbeiten. Dies geschieht im Rahmen des Bausteins ORP.4 Identitäts- und Berechtigungsmanagement, der grundsätzliche Anforderungen für den Aufbau eines Identitäts- und Berechtigungsmanagements beschreibt. Quelle: ORP.4.A14 (S).

Anschlussfragen:
1. Wie oft sollte die Überprüfung der Benutzertrennung durchgeführt werden?
2. Welche Rolle spielt der IT-Betrieb bei der Kontrolle der Wirksamkeit der Benutzertrennung?
3. Wie werden Anforderungen an Komponenten eines Identitäts- und Berechtigungsmanagements, wie Betriebssysteme oder Verzeichnisdienste, im IT-Grundschutz-Kompendium behandelt?";Die Wirksamkeit der Benutzertrennung wird überprüft, indem in angemessenen Zeitabständen kontrolliert wird, ob Benutzende sich regelmäßig nach Aufgabenerfüllung abmelden und nicht unter der gleichen Kennung arbeiten. Dies geschieht im Rahmen des Bausteins ORP.4 Identitäts- und Berechtigungsmanagement, der grundsätzliche Anforderungen für den Aufbau eines Identitäts- und Berechtigungsmanagements beschreibt. Quelle: ORP.4.A14 (S).;ORP.4.A14 Kontrolle der Wirksamkeit der Benutzendentrennung am IT-System bzw. an der Anwendung (S) [IT-Betrieb] In angemessenen Zeitabständen SOLLTE überprüft werden, ob die Benutzenden von IT-Systemen bzw. Anwendungen sich regelmäßig nach Aufgabenerfüllung abmelden. Ebenso SOLLTE kontrolliert werden, dass nicht mehrere Benutzende unter der gleichen Kennung arbeiten.;"Um die Wirksamkeit der Benutzertrennung zu überprüfen, SOLLTEN die folgenden Kriterien berücksichtigt werden:

- Die Nutzungsszenarien für die virtuellen Clients und die Gruppenzugehörigkeit der Benutzenden
- Die aus der Gruppenzugehörigkeit abgeleiteten Berechtigungen der Benutzenden
- Die auf den virtuellen Clients installierten und den Benutzenden zur Verfügung gestellten Anwendungen
- Der Schutzbedarf der auf den virtuellen Clients verarbeiteten Informationen
- Die Vertrauenswürdigkeit der virtuellen Clients
- Die für die Funktionsfähigkeit der virtuellen Clients notwendigen Netzanbindungen

Um die Wirksamkeit der Benutzertrennung zu überprüfen, SOLLTEN die folgenden Anforderungen erfüllt werden:

- Die Benutzenden MÜSSEN sich gegenüber dem IT-System authentisieren, um den Client zu nutzen.
- Die Benutzenden MÜSSEN eine Bildschirmsperre verwenden, wenn sie den Client unbeaufsichtigt betreiben.
- Die Bildschirmsperre SOLLTE automatisch aktiviert werden, wenn für eine festgelegte Zeitspanne keine Aktion durch Benutzende durchgeführt wurde.
- Die Bildschirmsperre DARF NUR durch eine erfolgreiche Authentisierung wieder deaktiviert werden können.
- Die Benutzenden SOLLTEN verpflichtet werden, sich nach Aufgabenerfüllung vom IT-System bzw. von der IT-Anwendung abzumelden.

Quelle: APP.3.1.A1 (S.391)

Anschlussfragen:

1. Wie können die Benutzenden sicherstellen, dass sie die richtigen Berechtigungen haben, um auf die virtuellen Clients zuzugreifen?
2. Wie kann die Bildschirmsperre automatisch aktiviert werden, wenn für eine festgelegte Zeitspanne keine Aktion durch Benutzende durchgeführt wurde?
3. Wie können die Benutzenden sicherstellen, dass sie sich nach Aufgabenerfüllung vom IT-System bzw. von der IT-Anwendung abmelden?";"Um die Wirksamkeit der Benutzertrennung zu überprüfen, SOLLTEN die folgenden Kriterien berücksichtigt werden:

- Die Nutzungsszenarien für die virtuellen Clients und die Gruppenzugehörigkeit der Benutzenden
- Die aus der Gruppenzugehörigkeit abgeleiteten Berechtigungen der Benutzenden
- Die auf den virtuellen Clients installierten und den Benutzenden zur Verfügung gestellten Anwendungen
- Der Schutzbedarf der auf den virtuellen Clients verarbeiteten Informationen
- Die Vertrauenswürdigkeit der virtuellen Clients
- Die für die Funktionsfähigkeit der virtuellen Clients notwendigen Netzanbindungen

Um die Wirksamkeit der Benutzertrennung zu überprüfen, SOLLTEN die folgenden Anforderungen erfüllt werden:

- Die Benutzenden MÜSSEN sich gegenüber dem IT-System authentisieren, um den Client zu nutzen.
- Die Benutzenden MÜSSEN eine Bildschirmsperre verwenden, wenn sie den Client unbeaufsichtigt betreiben.
- Die Bildschirmsperre SOLLTE automatisch aktiviert werden, wenn für eine festgelegte Zeitspanne keine Aktion durch Benutzende durchgeführt wurde.
- Die Bildschirmsperre DARF NUR durch eine erfolgreiche Authentisierung wieder deaktiviert werden können.
- Die Benutzenden SOLLTEN verpflichtet werden, sich nach Aufgabenerfüllung vom IT-System bzw. von der IT-Anwendung abzumelden.

Quelle: APP.3.1.A1 (S.391)";"1. Wie können die Benutzenden sicherstellen, dass sie die richtigen Berechtigungen haben, um auf die virtuellen Clients zuzugreifen?
2. Wie kann die Bildschirmsperre automatisch aktiviert werden, wenn für eine festgelegte Zeitspanne keine Aktion durch Benutzende durchgeführt wurde?
3. Wie können die Benutzenden sicherstellen, dass sie sich nach Aufgabenerfüllung vom IT-System bzw. von der IT-Anwendung abmelden?";3;3;0.7749999999806251;0.3333333333333333;0.38461538461538464;0.4382239105416509;Wie können die Benutzenden sicherstellen, dass sie die richtigen Berechtigungen haben, um auf die virtuellen Clients zuzugreifen?;1;2;Teilweise abgedeckt durch Client-Virtualisierung;Wie kann die Bildschirmsperre automatisch aktiviert werden, wenn für eine festgelegte Zeitspanne keine Aktion durch Benutzende durchgeführt wurde?;2;2;Bildschirmsperre und Automatisierung;Wie können die Benutzenden sicherstellen, dass sie sich nach Aufgabenerfüllung vom IT-System bzw. von der IT-Anwendung abmelden?;2;2;Direkte Authentisierung und Abmeldung;1.667;2.0
Wie müssen Prozesse im Identitäts- und Berechtigungsmanagement strukturiert sein?;"Für das Identitäts- und Berechtigungsmanagement SOLLTEN folgende Prozesse definiert und umgesetzt werden: Richtlinien verwalten, Identitätsprofile verwalten, Benutzendenkennungen verwalten, Berechtigungsprofile verwalten sowie Rollen verwalten Quelle: ORP.4.A15 (S). 

Diese Prozesse sind grundlegend für den Aufbau eines Identitäts- und Berechtigungsmanagements und sollten im IT-Betrieb [IT-Betrieb] umgesetzt werden. Weitere Anforderungen zu Komponenten des Identitäts- und Berechtigungsmanagements können in anderen Bausteinen gefunden werden, wie z.B. SYS.1.3 Server unter Linux und Unix oder APP.2.1 Allgemeiner Verzeichnisdienst Quelle: Kap. 1.3 Abgrenzung und Modellierung – ORP.4 Identitäts- und Berechtigungsmanagement.

Anschlussfragen:
1. Wie sollten die Identitätsprofile im Identitäts- und Berechtigungsmanagement verwaltet werden?
2. Welche Rolle spielt die Verwaltung von Benutzendenkennungen im Identitäts- und Berechtigungsmanagement?
3. Wie können Berechtigungsprofile im Identitäts- und Berechtigungsmanagement effektiv verwaltet werden?";"Für das Identitäts- und Berechtigungsmanagement SOLLTEN folgende Prozesse definiert und umgesetzt werden: Richtlinien verwalten, Identitätsprofile verwalten, Benutzendenkennungen verwalten, Berechtigungsprofile verwalten sowie Rollen verwalten Quelle: ORP.4.A15 (S). 

Diese Prozesse sind grundlegend für den Aufbau eines Identitäts- und Berechtigungsmanagements und sollten im IT-Betrieb [IT-Betrieb] umgesetzt werden. Weitere Anforderungen zu Komponenten des Identitäts- und Berechtigungsmanagements können in anderen Bausteinen gefunden werden, wie z.B. SYS.1.3 Server unter Linux und Unix oder APP.2.1 Allgemeiner Verzeichnisdienst Quelle: Kap. 1.3 Abgrenzung und Modellierung – ORP.4 Identitäts- und Berechtigungsmanagement.";"ORP.4.A15 Vorgehensweise und Konzeption der Prozesse beim Identitäts- und Berechtigungsmanagement (S) [IT-Betrieb] Für das Identitäts- und Berechtigungsmanagement SOLLTEN folgenden Prozesse definiert und umgesetzt werden:

• Richtlinien verwalten,

• Identitätsprofile verwalten,

• Benutzendenkennungen verwalten,

• Berechtigungsprofile verwalten sowie

• Rollen verwalten.";"**Anforderungen für Prozesse im Identitäts- und Berechtigungsmanagement**

Um ein sicheres Identitäts- und Berechtigungsmanagement aufzubauen, SOLLTEN folgende Prozesse definiert und umgesetzt werden:

* Richtlinien verwalten (Quelle: ORP.4.A1 (S. 11))
* Identitätsprofile verwalten (Quelle: ORP.4.A2 (S. 12))
* Benutzendenkennungen verwalten (Quelle: ORP.4.A3 (S. 13))
* Berechtigungsprofile verwalten (Quelle: ORP.4.A4 (S. 14))
* Rollen verwalten (Quelle: ORP.4.A5 (S. 15))

Diese Prozesse SOLLTEN sicherstellen, dass Benutzende oder IT-Komponenten ausschließlich auf die IT-Ressourcen und Informationen zugreifen können, die sie für ihre Arbeit benötigen und für die sie autorisiert sind.

**Anforderungen für die Verwaltung von Zugängen und zugeordneten Berechtigungen**

Die Institution SOLLTE einen Prozess zur Verwaltung von Zugängen und zugeordneten Berechtigungen für den Zugriff auf die OT etablieren (Quelle: ORP.4.A6 (S. 16)). Dieser Prozess SOLLTE den Prozess, die Durchführung und die Dokumentation für die Beantragung, Einrichtung und den Entzug von Berechtigungen umfassen.

Die Berechtigungsverwaltung SOLLTE gewährleisten, dass Berechtigungen nach dem Minimalprinzip vergeben und regelmäßig überprüft werden (Quelle: ORP.4.A7 (S. 17)).

**Anschlussfragen:**

1. Wie können die Prozesse im Identitäts- und Berechtigungsmanagement in einer Institution umgesetzt werden?
2. Welche Rolle spielt die Informationssicherheitsorganisation bei der Umsetzung von Prozessen im Identitäts- und Berechtigungsmanagement?
3. Wie können die Anforderungen für die Verwaltung von Zugängen und zugeordneten Berechtigungen in einer Institution umgesetzt werden?";"**Anforderungen für Prozesse im Identitäts- und Berechtigungsmanagement**

Um ein sicheres Identitäts- und Berechtigungsmanagement aufzubauen, SOLLTEN folgende Prozesse definiert und umgesetzt werden:

* Richtlinien verwalten (Quelle: ORP.4.A1 (S. 11))
* Identitätsprofile verwalten (Quelle: ORP.4.A2 (S. 12))
* Benutzendenkennungen verwalten (Quelle: ORP.4.A3 (S. 13))
* Berechtigungsprofile verwalten (Quelle: ORP.4.A4 (S. 14))
* Rollen verwalten (Quelle: ORP.4.A5 (S. 15))

Diese Prozesse SOLLTEN sicherstellen, dass Benutzende oder IT-Komponenten ausschließlich auf die IT-Ressourcen und Informationen zugreifen können, die sie für ihre Arbeit benötigen und für die sie autorisiert sind.

**Anforderungen für die Verwaltung von Zugängen und zugeordneten Berechtigungen**

Die Institution SOLLTE einen Prozess zur Verwaltung von Zugängen und zugeordneten Berechtigungen für den Zugriff auf die OT etablieren (Quelle: ORP.4.A6 (S. 16)). Dieser Prozess SOLLTE den Prozess, die Durchführung und die Dokumentation für die Beantragung, Einrichtung und den Entzug von Berechtigungen umfassen.

Die Berechtigungsverwaltung SOLLTE gewährleisten, dass Berechtigungen nach dem Minimalprinzip vergeben und regelmäßig überprüft werden (Quelle: ORP.4.A7 (S. 17)).";"1. Wie können die Prozesse im Identitäts- und Berechtigungsmanagement in einer Institution umgesetzt werden?
2. Welche Rolle spielt die Informationssicherheitsorganisation bei der Umsetzung von Prozessen im Identitäts- und Berechtigungsmanagement?
3. Wie können die Anforderungen für die Verwaltung von Zugängen und zugeordneten Berechtigungen in einer Institution umgesetzt werden?";3;3;0.5449999999891;1.0;0.8181818181818182;0.6376362968539864;Wie können die Prozesse im Identitäts- und Berechtigungsmanagement in einer Institution umgesetzt werden?;2;2;Direkte Umsetzung von Prozessen;Welche Rolle spielt die Informationssicherheitsorganisation bei der Umsetzung von Prozessen im Identitäts- und Berechtigungsmanagement?;2;2;Direkte Verbindung zur Informationssicherheitsorganisation;Wie können die Anforderungen für die Verwaltung von Zugängen und zugeordneten Berechtigungen in einer Institution umgesetzt werden?;2;2;Direkte Umsetzung von Anforderungen;2.0;2.0
Wie wird bei Ausfall des Identitätsmanagementsystems verfahren?;"Bei Ausfall des Identitätsmanagementsystems sollten Vorkehrungen getroffen werden, um weiterhin arbeitsfähig zu sein Quelle: ORP.4.A20 (S.?). Insbesondere sollte das im Notfallkonzept vorgesehene Berechtigungskonzept weiterhin anwendbar sein, wenn das Identitäts- und Berechtigungsmanagement-System ausgefallen ist Quelle: ORP.4.A20 (S.?). Es sollte geprüft werden, inwieweit ein ausgefallenes Identitäts- und Berechtigungsmanagement-System sicherheitskritisch für die Geschäftsprozesse ist Quelle: ORP.4.A20 (S.?).

Anschlussfragen:
1. Wie werden die Auswirkungen eines Identitätsmanagementsystem-Ausfalls auf die Geschäftsprozesse bewertet?
2. Welche Rolle spielt das Notfallkonzept bei der Bewältigung eines Identitätsmanagementsystem-Ausfalls?
3. Wie können Vorkehrungen für die Arbeitsfähigkeit bei einem Identitätsmanagementsystem-Ausfall getroffen werden?";Bei Ausfall des Identitätsmanagementsystems sollten Vorkehrungen getroffen werden, um weiterhin arbeitsfähig zu sein Quelle: ORP.4.A20 (S.?). Insbesondere sollte das im Notfallkonzept vorgesehene Berechtigungskonzept weiterhin anwendbar sein, wenn das Identitäts- und Berechtigungsmanagement-System ausgefallen ist Quelle: ORP.4.A20 (S.?). Es sollte geprüft werden, inwieweit ein ausgefallenes Identitäts- und Berechtigungsmanagement-System sicherheitskritisch für die Geschäftsprozesse ist Quelle: ORP.4.A20 (S.?).;ORP.4.A20 Notfallvorsorge für das Identitäts- und Berechtigungsmanagement-System (H) [IT-Betrieb] Es SOLLTE geprüft werden, inwieweit ein ausgefallenes Identitäts- und BerechtigungsmanagementSystem sicherheitskritisch für die Geschäftsprozesse ist. Es SOLLTEN Vorkehrungen getroffen werden, um bei einem ausgefallenen Identitäts- und Berechtigungsmanagement-System weiterhin arbeitsfähig zu sein. Insbesondere SOLLTE das im Notfallkonzept vorgesehene Berechtigungskonzept weiterhin anwendbar sein, wenn das Identitäts- und Berechtigungsmanagement-System ausgefallen ist.;"Antwort:

Bei Ausfall des Identitätsmanagementsystems SOLLTE das im Notfallkonzept vorgesehene Berechtigungskonzept weiterhin anwendbar sein, um sicherzustellen, dass Zugriffe auf das erforderliche Maß eingeschränkt sind und so gegen die Prinzipien Need-to-Know bzw. Least-Privilege verstoßen werden.

Es SOLLTE geprüft werden, inwieweit ein ausgefallenes Identitäts- und Berechtigungsmanagement-System sicherheitskritisch für die Geschäftsprozesse ist. Es SOLLTEN Vorkehrungen getroffen werden, um bei einem ausgefallenen Identitäts- und Berechtigungsmanagement-System weiterhin arbeitsfähig zu sein.

Quelle: APP.3.1.A1 (S.391)

Anschlussfragen:

1. Wie SOLLTEN die Vorkehrungen für den Ausfall des Identitätsmanagementsystems umgesetzt werden?
2. Welche Rolle SOLLTE das IT-Service Continuity Management (ITSCM) bei der Notfallbewältigung spielen?
3. Wie SOLLTEN die Schutzziele der Informationssicherheit bei der Notfallbewältigung berücksichtigt werden?";"Antwort:

Bei Ausfall des Identitätsmanagementsystems SOLLTE das im Notfallkonzept vorgesehene Berechtigungskonzept weiterhin anwendbar sein, um sicherzustellen, dass Zugriffe auf das erforderliche Maß eingeschränkt sind und so gegen die Prinzipien Need-to-Know bzw. Least-Privilege verstoßen werden.

Es SOLLTE geprüft werden, inwieweit ein ausgefallenes Identitäts- und Berechtigungsmanagement-System sicherheitskritisch für die Geschäftsprozesse ist. Es SOLLTEN Vorkehrungen getroffen werden, um bei einem ausgefallenen Identitäts- und Berechtigungsmanagement-System weiterhin arbeitsfähig zu sein.

Quelle: APP.3.1.A1 (S.391)";"1. Wie SOLLTEN die Vorkehrungen für den Ausfall des Identitätsmanagementsystems umgesetzt werden?
2. Welche Rolle SOLLTE das IT-Service Continuity Management (ITSCM) bei der Notfallbewältigung spielen?
3. Wie SOLLTEN die Schutzziele der Informationssicherheit bei der Notfallbewältigung berücksichtigt werden?";3;3;0.699999999965;1.0;0.4;0.6014503410055141;Wie SOLLTEN die Vorkehrungen für den Ausfall des Identitätsmanagementsystems umgesetzt werden?;2;2;Direkte Umsetzung von Vorkehrungen;Welche Rolle SOLLTE das IT-Service Continuity Management (ITSCM) bei der Notfallbewältigung spielen?;2;2;ITSCM bei Notfallbewältigung;Wie SOLLTEN die Schutzziele der Informationssicherheit bei der Notfallbewältigung berücksichtigt werden?;2;2;Direkte Berücksichtigung von Schutzziele;2.0;2.0
Was ist das Ziel des Compliance Managements im IT-Grundschutz?;"Das Ziel des Compliance Managements im IT-Grundschutz ist es, einen Überblick über die verschiedenen Anforderungen an die einzelnen Bereiche einer Institution zu verschaffen und geeignete Sicherheitsanforderungen zu identifizieren und umzusetzen, um Verstöße gegen diese Vorgaben zu vermeiden Quelle: 1.2. Zielsetzung (S. nicht spezifiziert). 

Anschlussfragen:
1. Wie können geeignete Sicherheitsanforderungen im IT-Grundschutz identifiziert werden?
2. Welche Rolle spielt die Umsetzung von Sicherheitsanforderungen im Compliance Management?
3. Wie kann ein Überblick über die verschiedenen Anforderungen an die einzelnen Bereiche einer Institution sichergestellt werden?";Das Ziel des Compliance Managements im IT-Grundschutz ist es, einen Überblick über die verschiedenen Anforderungen an die einzelnen Bereiche einer Institution zu verschaffen und geeignete Sicherheitsanforderungen zu identifizieren und umzusetzen, um Verstöße gegen diese Vorgaben zu vermeiden Quelle: 1.2. Zielsetzung (S. nicht spezifiziert).;1.2. Zielsetzung Ziel des Bausteins ist es, aufzuzeigen, wie sich Zuständige einen Überblick über die verschiedenen Anforderungen an die einzelnen Bereiche einer Institution verschaffen können. Dazu sind geeignete Sicherheitsanforderungen zu identifizieren und umzusetzen, um Verstöße gegen diese Vorgaben zu vermeiden.;"Antwort:

Das Ziel des Compliance Managements im IT-Grundschutz ist es, ein angemessenes Sicherheitsniveau für alle Geschäftsprozesse, Informationen und IT-Systeme einer Institution zu erreichen. Dies wird durch die Umsetzung von organisatorischen, personellen, infrastrukturellen und technischen Sicherheitsanforderungen erreicht. Der IT-Grundschutz bietet eine umfassende Methodik, die es Institutionen verschiedener Größe und Art ermöglicht, ein Informationssicherheitsmanagementsystem (ISMS) aufzubauen und zu betreiben.

Die IT-Grundschutz-Methodik umfasst drei Vorgehensweisen: die Standard-Absicherung, die Basis-Absicherung und die Kern-Absicherung. Die Standard-Absicherung bietet eine pragmatische und effektive Vorgehensweise zur Erzielung eines normalen Sicherheitsniveaus, das auch als Basis für ein höheres Sicherheitsniveau dienen kann. Die Basis-Absicherung bietet eine gute Grundlage für ISMS-Einsteiger und erreicht ein Sicherheitsniveau, das zwar deutlich unter dem der Standard-Absicherung liegt, aber eine gute Grundlage für ISMS-Einsteiger bietet. Die Kern-Absicherung ermöglicht es, besonders schützenswerte Informationen und Geschäftsprozesse vorrangig abzusichern.

Die IT-Grundschutz-Methodik bietet auch eine umfassende Basis für die Risikoanalyse, die Überprüfung des vorhandenen Sicherheitsniveaus und die Implementierung eines angemessenen Grades an Informationssicherheit. Der IT-Grundschutz ist ein etablierter Standard zum Aufbau und zur Aufrechterhaltung eines angemessenen Schutzes aller Informationen einer Institution.

Quelle: BSI-Standard 200-2 (S. 11-15)

Anschlussfragen:

1. Wie kann die IT-Grundschutz-Methodik auf die individuellen Rahmenbedingungen einer Institution angepasst werden?
2. Welche Vorteile bietet die Standard-Absicherung im Vergleich zur Basis-Absicherung?
3. Wie kann die Kern-Absicherung eingesetzt werden, um besonders schützenswerte Informationen und Geschäftsprozesse abzusichern?";"Antwort:

Das Ziel des Compliance Managements im IT-Grundschutz ist es, ein angemessenes Sicherheitsniveau für alle Geschäftsprozesse, Informationen und IT-Systeme einer Institution zu erreichen. Dies wird durch die Umsetzung von organisatorischen, personellen, infrastrukturellen und technischen Sicherheitsanforderungen erreicht. Der IT-Grundschutz bietet eine umfassende Methodik, die es Institutionen verschiedener Größe und Art ermöglicht, ein Informationssicherheitsmanagementsystem (ISMS) aufzubauen und zu betreiben.

Die IT-Grundschutz-Methodik umfasst drei Vorgehensweisen: die Standard-Absicherung, die Basis-Absicherung und die Kern-Absicherung. Die Standard-Absicherung bietet eine pragmatische und effektive Vorgehensweise zur Erzielung eines normalen Sicherheitsniveaus, das auch als Basis für ein höheres Sicherheitsniveau dienen kann. Die Basis-Absicherung bietet eine gute Grundlage für ISMS-Einsteiger und erreicht ein Sicherheitsniveau, das zwar deutlich unter dem der Standard-Absicherung liegt, aber eine gute Grundlage für ISMS-Einsteiger bietet. Die Kern-Absicherung ermöglicht es, besonders schützenswerte Informationen und Geschäftsprozesse vorrangig abzusichern.

Die IT-Grundschutz-Methodik bietet auch eine umfassende Basis für die Risikoanalyse, die Überprüfung des vorhandenen Sicherheitsniveaus und die Implementierung eines angemessenen Grades an Informationssicherheit. Der IT-Grundschutz ist ein etablierter Standard zum Aufbau und zur Aufrechterhaltung eines angemessenen Schutzes aller Informationen einer Institution.

Quelle: BSI-Standard 200-2 (S. 11-15)";"1. Wie kann die IT-Grundschutz-Methodik auf die individuellen Rahmenbedingungen einer Institution angepasst werden?
2. Welche Vorteile bietet die Standard-Absicherung im Vergleich zur Basis-Absicherung?
3. Wie kann die Kern-Absicherung eingesetzt werden, um besonders schützenswerte Informationen und Geschäftsprozesse abzusichern?";3;3;0.5833333333041666;1.0;1.0;0.7500436802048103;Wie kann die IT-Grundschutz-Methodik auf die individuellen Rahmenbedingungen einer Institution angepasst werden?;2;2;Anpassung an individuelle Rahmenbedingungen;Welche Vorteile bietet die Standard-Absicherung im Vergleich zur Basis-Absicherung?;2;1;Vergleich Basis- und Standard-Absicherung;Wie kann die Kern-Absicherung eingesetzt werden, um besonders schützenswerte Informationen und Geschäftsprozesse abzusichern?;2;2;Kern-Absicherung direkt thematisiert;2.0;1.667
Welche Arten von Vorgaben müssen berücksichtigt werden?;"Es müssen gesetzliche, vertragliche und sonstige Vorgaben berücksichtigt werden Quelle: ORP.5.A1 (S.?). Diese Vorgaben MÜSSEN identifiziert und dokumentiert werden, um sicherzustellen, dass das Informationssicherheitsmanagement den relevanten Anforderungen entspricht Quelle: ORP.5.A1 (S.?). 

Anschlussfragen:
1. Wie sollten die identifizierten Vorgaben dokumentiert werden?
2. Welche Rolle spielt der Baustein ORP.2 Personal bei der Einhaltung der Vorgaben?
3. Wie oft sollte der Baustein ORP.5 Compliance Management angewendet werden?";Es müssen gesetzliche, vertragliche und sonstige Vorgaben berücksichtigt werden Quelle: ORP.5.A1 (S.?). Diese Vorgaben MÜSSEN identifiziert und dokumentiert werden, um sicherzustellen, dass das Informationssicherheitsmanagement den relevanten Anforderungen entspricht Quelle: ORP.5.A1 (S.?).;ORP.5.A1 Identifikation der Rahmenbedingungen (B) [Zentrale Verwaltung, Institutionsleitung] Alle gesetzlichen, vertraglichen und sonstigen Vorgaben mit Auswirkungen auf das Informationssicherheitsmanagement MÜSSEN identifiziert und dokumentiert werden. Die für die einzelnen Bereiche der Institution relevanten gesetzlichen, vertraglichen und sonstigen Vorgaben SOLLTEN in einer strukturierten Übersicht herausgearbeitet werden. Die Dokumentation MUSS auf dem aktuellen Stand gehalten werden.;"Antwort:

Um die sichere Konfiguration des Terminalservers zu gewährleisten, MÜSSEN Vorgaben für die Konfiguration erstellt werden. Diese Vorgaben MÜSSEN vollständig umgesetzt und dokumentiert werden. Es MUSS geprüft werden, ob das Unternehmen, das den Terminalserver herstellt, Vorgaben oder Empfehlungen zur sicheren Konfiguration oder Härtung bereitstellt. Ist dies der Fall, MÜSSEN diese für die Erstellung der Konfigurationsvorgaben angemessen berücksichtigt werden.

Die folgenden Punkte MÜSSEN für die Konfigurationsvorgaben berücksichtigt werden:

- Rollen und Berechtigungen
- Umfang der Verschlüsselung des Terminalserver-Protokolls
- benötigte Authentisierungsfunktionen des Terminalserver-Protokolls
- Möglichkeit zum Anzeigen der Ausgabe fremder Sitzungen
- Kommunikation zwischen Anwendungen in den Terminalserver-Sitzungen und Anwendungen auf anderen Servern
- Kommunikation zwischen Terminalserver und anderen Servern

Quelle: APP.3.1.A1 (S.391)

Anschlussfragen:

1. Wie können die Vorgaben für die Konfiguration des Terminalservers umgesetzt werden?
2. Welche Rolle spielen die Anforderungen an die Sicherheit und Funktionalität der bereitgestellten Anwendungen bei der Erstellung der Konfigurationsvorgaben?
3. Wie kann die Umsetzung der Konfigurationsvorgaben regelmäßig geprüft und gegebenenfalls angepasst werden?";"Antwort:

Um die sichere Konfiguration des Terminalservers zu gewährleisten, MÜSSEN Vorgaben für die Konfiguration erstellt werden. Diese Vorgaben MÜSSEN vollständig umgesetzt und dokumentiert werden. Es MUSS geprüft werden, ob das Unternehmen, das den Terminalserver herstellt, Vorgaben oder Empfehlungen zur sicheren Konfiguration oder Härtung bereitstellt. Ist dies der Fall, MÜSSEN diese für die Erstellung der Konfigurationsvorgaben angemessen berücksichtigt werden.

Die folgenden Punkte MÜSSEN für die Konfigurationsvorgaben berücksichtigt werden:

- Rollen und Berechtigungen
- Umfang der Verschlüsselung des Terminalserver-Protokolls
- benötigte Authentisierungsfunktionen des Terminalserver-Protokolls
- Möglichkeit zum Anzeigen der Ausgabe fremder Sitzungen
- Kommunikation zwischen Anwendungen in den Terminalserver-Sitzungen und Anwendungen auf anderen Servern
- Kommunikation zwischen Terminalserver und anderen Servern

Quelle: APP.3.1.A1 (S.391)";"1. Wie können die Vorgaben für die Konfiguration des Terminalservers umgesetzt werden?
2. Welche Rolle spielen die Anforderungen an die Sicherheit und Funktionalität der bereitgestellten Anwendungen bei der Erstellung der Konfigurationsvorgaben?
3. Wie kann die Umsetzung der Konfigurationsvorgaben regelmäßig geprüft und gegebenenfalls angepasst werden?";3;3;0.7329365079242922;1.0;0.6;0.6220889015420553;Wie können die Vorgaben für die Konfiguration des Terminalservers umgesetzt werden?;2;2;Direkte Umsetzung von Vorgaben;Welche Rolle spielen die Anforderungen an die Sicherheit und Funktionalität der bereitgestellten Anwendungen bei der Erstellung der Konfigurationsvorgaben?;2;2;Direkte Relevanz zu Sicherheitsanforderungen;Wie kann die Umsetzung der Konfigurationsvorgaben regelmäßig geprüft und gegebenenfalls angepasst werden?;2;2;Direkte Umsetzung von Konfigurationsvorgaben;2.0;2.0
Wer trägt die Verantwortung für die Einhaltung der Vorgaben?;"Die Verantwortung für die Einhaltung der Vorgaben trägt die Institutionsleitung sowie Führungskräfte, die eine rechtliche Verantwortung für die Institution tragen Quelle: ORP.5.A2 Beachtung der Rahmenbedingungen (B) [Vorgesetzte, Zentrale Verwaltung, Institutionsleitung] (S. nicht spezifiziert). Sie MÜSSEN für die Einhaltung der gesetzlichen, vertraglichen und sonstigen Vorgaben sorgen und geeignete Maßnahmen identifizieren und umsetzen, um Verstöße gegen relevante Anforderungen zu vermeiden Quelle: ORP.5.A2 Beachtung der Rahmenbedingungen (B) (S. nicht spezifiziert).

Anschlussfragen:
1. Wie werden die Verantwortlichkeiten und Zuständigkeiten für die Einhaltung der Vorgaben festgelegt?
2. Welche Maßnahmen MÜSSEN ergriffen werden, wenn Verstöße gegen relevante Anforderungen erkannt werden?
3. Wie wird die Verpflichtung der Mitarbeitenden zur Einhaltung der identifizierten Vorgaben im Baustein ORP.2 Personal behandelt?";Die Verantwortung für die Einhaltung der Vorgaben trägt die Institutionsleitung sowie Führungskräfte, die eine rechtliche Verantwortung für die Institution tragen Quelle: ORP.5.A2 Beachtung der Rahmenbedingungen (B) [Vorgesetzte, Zentrale Verwaltung, Institutionsleitung] (S. nicht spezifiziert). Sie MÜSSEN für die Einhaltung der gesetzlichen, vertraglichen und sonstigen Vorgaben sorgen und geeignete Maßnahmen identifizieren und umsetzen, um Verstöße gegen relevante Anforderungen zu vermeiden Quelle: ORP.5.A2 Beachtung der Rahmenbedingungen (B) (S. nicht spezifiziert).;ORP.5.A2 Beachtung der Rahmenbedingungen (B) [Vorgesetzte, Zentrale Verwaltung, Institutionsleitung] Die als sicherheitsrelevant identifizierten Anforderungen MÜSSEN bei der Planung und Konzeption von Geschäftsprozessen, Anwendungen und IT-Systemen oder bei der Beschaffung neuer Komponenten einfließen. Führungskräfte, die eine rechtliche Verantwortung für die Institution tragen, MÜSSEN für die Einhaltung der gesetzlichen, vertraglichen und sonstigen Vorgaben sorgen. Die Verantwortlichkeiten und Zuständigkeiten für die Einhaltung dieser Vorgaben MÜSSEN festgelegt sein. Es MÜSSEN geeignete Maßnahmen identifiziert und umgesetzt werden, um Verstöße gegen relevante Anforderungen zu vermeiden. Wenn solche Verstöße erkannt werden, MÜSSEN sachgerechte Korrekturmaßnahmen ergriffen werden, um die Abweichungen zu beheben.;"Antwort:

Die Verantwortung für die Einhaltung der Vorgaben zur Wartung und Reparatur von IT-Komponenten und Gebäudeeinrichtungen trägt die Institutionsleitung. Sie ist für das zielgerichtete und ordnungsgemäße Funktionieren der Institution verantwortlich und muss sich sichtbar zu ihrer Verantwortung bekennen und Vorbild sein.

Die Institutionsleitung muss sich zur Etablierung, Aufrechterhaltung und Verbesserung eines BCMS anhand der Vorgehensweise dieses Standards verpflichten. Idealerweise übernimmt hierzu ein Mitglied der Institutionsleitung die Rolle als Prozesseigentümer oder -eigentümerin, der oder die für das BCM verantwortlich ist.

Quelle: ORP.5 Compliance Management (Anforderungsmanagement) (S. 123)

Anschlussfragen:

1. Wer ist für die Überwachung der Realisierung der Maßnahmen zur Wartung und Reparatur von IT-Komponenten und Gebäudeeinrichtungen verantwortlich?
2. Wie kann die Einhaltung der Zielvorgaben zur Wartung und Reparatur von IT-Komponenten und Gebäudeeinrichtungen regelmäßig überprüft werden?
3. Welche Rolle spielt die Compliance-Abteilung bei der Einhaltung von Compliance-Anforderungen in Bezug auf Wartung und Reparatur von IT-Komponenten und Gebäudeeinrichtungen?";"Antwort:

Die Verantwortung für die Einhaltung der Vorgaben zur Wartung und Reparatur von IT-Komponenten und Gebäudeeinrichtungen trägt die Institutionsleitung. Sie ist für das zielgerichtete und ordnungsgemäße Funktionieren der Institution verantwortlich und muss sich sichtbar zu ihrer Verantwortung bekennen und Vorbild sein.

Die Institutionsleitung muss sich zur Etablierung, Aufrechterhaltung und Verbesserung eines BCMS anhand der Vorgehensweise dieses Standards verpflichten. Idealerweise übernimmt hierzu ein Mitglied der Institutionsleitung die Rolle als Prozesseigentümer oder -eigentümerin, der oder die für das BCM verantwortlich ist.

Quelle: ORP.5 Compliance Management (Anforderungsmanagement) (S. 123)";"1. Wer ist für die Überwachung der Realisierung der Maßnahmen zur Wartung und Reparatur von IT-Komponenten und Gebäudeeinrichtungen verantwortlich?
2. Wie kann die Einhaltung der Zielvorgaben zur Wartung und Reparatur von IT-Komponenten und Gebäudeeinrichtungen regelmäßig überprüft werden?
3. Welche Rolle spielt die Compliance-Abteilung bei der Einhaltung von Compliance-Anforderungen in Bezug auf Wartung und Reparatur von IT-Komponenten und Gebäudeeinrichtungen?";3;3;0.5845238095091964;0.25;0.75;0.5179125354522505;Wer ist für die Überwachung der Realisierung der Maßnahmen zur Wartung und Reparatur von IT-Komponenten und Gebäudeeinrichtungen verantwortlich?;2;2;Direkte Verantwortlichkeit;Wie kann die Einhaltung der Zielvorgaben zur Wartung und Reparatur von IT-Komponenten und Gebäudeeinrichtungen regelmäßig überprüft werden?;2;2;Direkte Überprüfung von Zielvorgaben;Welche Rolle spielt die Compliance-Abteilung bei der Einhaltung von Compliance-Anforderungen in Bezug auf Wartung und Reparatur von IT-Komponenten und Gebäudeeinrichtungen?;1;1;Teilweise abgedeckt, thematisch verwandt;1.667;1.667
Wie müssen Anforderungen in Geschäftsprozesse und IT-Systeme integriert werden?;"Die Anforderungen müssen bei der Planung und Konzeption von Geschäftsprozessen, Anwendungen und IT-Systemen oder bei der Beschaffung neuer Komponenten einfließen Quelle: ORP.5.A2 (S.?). Dies bedeutet, dass sicherheitsrelevante Anforderungen bereits in der Frühphase von Projekten und Prozessen berücksichtigt werden müssen, um eine sichere und compliance-konforme Umsetzung zu gewährleisten. 

Führungskräfte und verantwortliche Personen müssen für die Einhaltung gesetzlicher, vertraglicher und sonstiger Vorgaben sorgen und geeignete Maßnahmen umsetzen, um Verstöße zu vermeiden Quelle: ORP.5.A2 (S.?). 

Anschlussfragen:
1. Wie müssen Verstöße gegen relevante Anforderungen gehandhabt werden?
2. Welche Rolle spielen Führungskräfte bei der Einhaltung von Vorgaben im Rahmen des Compliance Managements?
3. Wie werden die Verpflichtungen der Mitarbeitenden zur Einhaltung von Vorgaben im Baustein ORP.5 Compliance Management berücksichtigt?";"Die Anforderungen müssen bei der Planung und Konzeption von Geschäftsprozessen, Anwendungen und IT-Systemen oder bei der Beschaffung neuer Komponenten einfließen Quelle: ORP.5.A2 (S.?). Dies bedeutet, dass sicherheitsrelevante Anforderungen bereits in der Frühphase von Projekten und Prozessen berücksichtigt werden müssen, um eine sichere und compliance-konforme Umsetzung zu gewährleisten. 

Führungskräfte und verantwortliche Personen müssen für die Einhaltung gesetzlicher, vertraglicher und sonstiger Vorgaben sorgen und geeignete Maßnahmen umsetzen, um Verstöße zu vermeiden Quelle: ORP.5.A2 (S.?).";ORP.5.A2 Beachtung der Rahmenbedingungen (B) [Vorgesetzte, Zentrale Verwaltung, Institutionsleitung] Die als sicherheitsrelevant identifizierten Anforderungen MÜSSEN bei der Planung und Konzeption von Geschäftsprozessen, Anwendungen und IT-Systemen oder bei der Beschaffung neuer Komponenten einfließen. Führungskräfte, die eine rechtliche Verantwortung für die Institution tragen, MÜSSEN für die Einhaltung der gesetzlichen, vertraglichen und sonstigen Vorgaben sorgen. Die Verantwortlichkeiten und Zuständigkeiten für die Einhaltung dieser Vorgaben MÜSSEN festgelegt sein. Es MÜSSEN geeignete Maßnahmen identifiziert und umgesetzt werden, um Verstöße gegen relevante Anforderungen zu vermeiden. Wenn solche Verstöße erkannt werden, MÜSSEN sachgerechte Korrekturmaßnahmen ergriffen werden, um die Abweichungen zu beheben.;"Antwort:

Die Anforderungen in Geschäftsprozessen und IT-Systemen MÜSSEN integriert werden, um sicherzustellen, dass die Sicherheitsfunktionen zur Systemintegration ordnungsgemäß umgesetzt werden. Dazu MÜSSEN die Anforderungen an die technische Einsatzumgebung der geplanten Individualsoftware erstellt und mit der Software-Entwicklung abgestimmt werden. Die Anforderungen MÜSSEN klar hervorgehen, auf was für einer Hardware-Plattform, auf was für einer Software-Plattform (inklusive gesamtem Software-Stack), mit welchen zur Verfügung stehenden Ressourcen (z. B. CPU-Cluster oder Arbeitsspeicher), mit welchen Schnittstellen mit anderen IT-Systemen oder Anwendungen sowie mit welchen sich hieraus ergebenen Sicherheitsfunktionen die Anwendung eingesetzt werden soll.

Die Schnittstellen mit anderen IT-Systemen SOLLTEN in standardisierten technischen Formaten modelliert und definiert werden. Die Integration des Änderungsmanagements in die Geschäftsprozesse SOLLTE in die Geschäftsprozesse beziehungsweise Fachaufgaben integriert werden. Bei geplanten Änderungen SOLLTE die aktuelle Situation der davon betroffenen Geschäftsprozesse berücksichtigt werden. Alle relevanten Fachabteilungen SOLLTEN über anstehende Änderungen informiert werden. Auch SOLLTE es eine Eskalationsebene geben, deren Mitglieder der Leitungsebene der Institution angehören.

Die Mitglieder dieser Eskalationsebene SOLLTEN in Zweifelsfällen über Priorität und Terminplanung einer Hard- oder Software-Änderung entscheiden.

Quelle: ORP.1.A1 (S.391)

Anschlussfragen:

1. Wie MÜSSEN die Anforderungen an die technische Einsatzumgebung der geplanten Individualsoftware erstellt werden?
2. Wie MÜSSEN die Schnittstellen mit anderen IT-Systemen in standardisierten technischen Formaten modelliert und definiert werden?
3. Wie MÜSSEN die Integration des Änderungsmanagements in die Geschäftsprozesse umgesetzt werden?";"Antwort:

Die Anforderungen in Geschäftsprozessen und IT-Systemen MÜSSEN integriert werden, um sicherzustellen, dass die Sicherheitsfunktionen zur Systemintegration ordnungsgemäß umgesetzt werden. Dazu MÜSSEN die Anforderungen an die technische Einsatzumgebung der geplanten Individualsoftware erstellt und mit der Software-Entwicklung abgestimmt werden. Die Anforderungen MÜSSEN klar hervorgehen, auf was für einer Hardware-Plattform, auf was für einer Software-Plattform (inklusive gesamtem Software-Stack), mit welchen zur Verfügung stehenden Ressourcen (z. B. CPU-Cluster oder Arbeitsspeicher), mit welchen Schnittstellen mit anderen IT-Systemen oder Anwendungen sowie mit welchen sich hieraus ergebenen Sicherheitsfunktionen die Anwendung eingesetzt werden soll.

Die Schnittstellen mit anderen IT-Systemen SOLLTEN in standardisierten technischen Formaten modelliert und definiert werden. Die Integration des Änderungsmanagements in die Geschäftsprozesse SOLLTE in die Geschäftsprozesse beziehungsweise Fachaufgaben integriert werden. Bei geplanten Änderungen SOLLTE die aktuelle Situation der davon betroffenen Geschäftsprozesse berücksichtigt werden. Alle relevanten Fachabteilungen SOLLTEN über anstehende Änderungen informiert werden. Auch SOLLTE es eine Eskalationsebene geben, deren Mitglieder der Leitungsebene der Institution angehören.

Die Mitglieder dieser Eskalationsebene SOLLTEN in Zweifelsfällen über Priorität und Terminplanung einer Hard- oder Software-Änderung entscheiden.

Quelle: ORP.1.A1 (S.391)";"1. Wie MÜSSEN die Anforderungen an die technische Einsatzumgebung der geplanten Individualsoftware erstellt werden?
2. Wie MÜSSEN die Schnittstellen mit anderen IT-Systemen in standardisierten technischen Formaten modelliert und definiert werden?
3. Wie MÜSSEN die Integration des Änderungsmanagements in die Geschäftsprozesse umgesetzt werden?";3;3;0.9999999999;1.0;0.7692307692307693;0.40555178784751345;Wie MÜSSEN die Anforderungen an die technische Einsatzumgebung der geplanten Individualsoftware erstellt werden?;2;2;Direkte Abdeckung durch IT-Grundschutz;Wie MÜSSEN die Schnittstellen mit anderen IT-Systemen in standardisierten technischen Formaten modelliert und definiert werden?;2;2;Schnittstellenmodellierung;Wie MÜSSEN die Integration des Änderungsmanagements in die Geschäftsprozesse umgesetzt werden?;2;2;Direkte Integration;2.0;2.0
Warum braucht eine Institution eigene Prozesse für Compliance Management?;"Eine Institution braucht eigene Prozesse für Compliance Management, um alle relevanten gesetzlichen, vertraglichen und sonstigen Vorgaben mit Auswirkungen auf das Informationssicherheitsmanagement zu identifizieren und umzusetzen Quelle: ORP.5.A4 Konzeption und Organisation des Compliance Managements (S). Dies ermöglicht es der Institution, den Überblick über verschiedene rechtliche Anforderungen an die einzelnen Bereiche zu gewährleisten und sicherzustellen, dass alle Anforderungen eingehalten werden Quelle: ORP.5.A4 Konzeption und Organisation des Compliance Managements (S). Durch die Festlegung von Zuständigen für das Compliance Management und den regelmäßigen Austausch zwischen Compliance-Beauftragten und Informationssicherheitsbeauftragten kann die Institution sicherstellen, dass Sicherheitsanforderungen ins Compliance Management integriert und sicherheitsrelevante Anforderungen in Sicherheitsmaßnahmen überführt werden Quelle: ORP.5.A4 Konzeption und Organisation des Compliance Managements (S).

Anschlussfragen:
1. Wie sollten die Zuständigen für das Compliance Management in einer Institution festgelegt werden?
2. Welche Rolle spielen Compliance-Beauftragte und Informationssicherheitsbeauftragte im Compliance Management?
3. Wie kann eine Institution sicherstellen, dass alle Mitarbeitenden die im Baustein ORP.5 identifizierten gesetzlichen, vertraglichen und sonstigen Vorgaben einhalten?";Eine Institution braucht eigene Prozesse für Compliance Management, um alle relevanten gesetzlichen, vertraglichen und sonstigen Vorgaben mit Auswirkungen auf das Informationssicherheitsmanagement zu identifizieren und umzusetzen Quelle: ORP.5.A4 Konzeption und Organisation des Compliance Managements (S). Dies ermöglicht es der Institution, den Überblick über verschiedene rechtliche Anforderungen an die einzelnen Bereiche zu gewährleisten und sicherzustellen, dass alle Anforderungen eingehalten werden Quelle: ORP.5.A4 Konzeption und Organisation des Compliance Managements (S). Durch die Festlegung von Zuständigen für das Compliance Management und den regelmäßigen Austausch zwischen Compliance-Beauftragten und Informationssicherheitsbeauftragten kann die Institution sicherstellen, dass Sicherheitsanforderungen ins Compliance Management integriert und sicherheitsrelevante Anforderungen in Sicherheitsmaßnahmen überführt werden Quelle: ORP.5.A4 Konzeption und Organisation des Compliance Managements (S).;ORP.5.A4 Konzeption und Organisation des Compliance Managements (S) [Institutionsleitung] In der Institution SOLLTE ein Prozess aufgebaut werden, um alle relevanten gesetzlichen, vertraglichen und sonstigen Vorgaben mit Auswirkungen auf das Informationssicherheitsmanagement zu identifizieren. Es SOLLTEN geeignete Prozesse und Organisationsstrukturen aufgebaut werden, um basierend auf der Identifikation und Beachtung der rechtlichen Rahmenbedingungen, den Überblick über die verschiedenen rechtlichen Anforderungen an die einzelnen Bereiche der Institution zu gewährleisten. Dafür SOLLTEN Zuständige für das Compliance Management festgelegt werden. Compliance-Beauftragte und Informationssicherheitsbeauftragte SOLLTEN sich regelmäßig austauschen. Sie SOLLTEN gemeinsam Sicherheitsanforderungen ins Compliance Management integrieren, sicherheitsrelevante Anforderungen in Sicherheitsmaßnahmen überführen und deren Umsetzung kontrollieren.;"Antwort:

Eine Institution benötigt eigene Prozesse für Compliance Management, um sicherzustellen, dass sie alle gesetzlichen, vertraglichen und sonstigen Vorgaben einhält. Dies ist wichtig, um Missbrauch zu reduzieren und die Einhaltung von Anforderungen sicherzustellen.

Die Institution sollte ein Verfahren etablieren, um das Compliance Management und die sich daraus ergebenden Anforderungen und Maßnahmen regelmäßig auf ihre Effizienz und Effektivität zu überprüfen (siehe auch DER.3.1 Audits und Revisionen). Es sollte regelmäßig geprüft werden, ob die Organisationsstruktur und die Prozesse des Compliance Managements angemessen sind.

Die Compliance-Abteilung ist dafür zuständig, dass institutionsweit Compliance-Anforderungen eingehalten werden. Dies kann die verschiedensten Anforderungen umfassen, von dem äußeren Erscheinungsbild von Publikationen bis hin zur Einhaltung von vertraglichen Anforderungen.

Die Institution sollte die spezifischen Gründe für ein Compliance Management identifizieren, dokumentieren und das BCMS danach ausrichten. Die Gründe für ein Compliance Management ergeben sich aus bestimmten Rahmenbedingungen der Institution, wie gesetzliche Regelungen oder bestimmte Erwartungshaltungen von Kunden und Kundinnen oder Aufsichtsbehörden.

Quelle: ORP.5 Compliance Management (Anforderungsmanagement) (S. 123)

Anschlussfragen:

1. Wie kann die Institution sicherstellen, dass alle Mitarbeiter die Compliance-Anforderungen einhalten?
2. Welche Rolle spielt die Compliance-Abteilung bei der Einhaltung von Compliance-Anforderungen?
3. Wie kann die Institution die Effizienz und Effektivität des Compliance Managements überprüfen?";"Antwort:

Eine Institution benötigt eigene Prozesse für Compliance Management, um sicherzustellen, dass sie alle gesetzlichen, vertraglichen und sonstigen Vorgaben einhält. Dies ist wichtig, um Missbrauch zu reduzieren und die Einhaltung von Anforderungen sicherzustellen.

Die Institution sollte ein Verfahren etablieren, um das Compliance Management und die sich daraus ergebenden Anforderungen und Maßnahmen regelmäßig auf ihre Effizienz und Effektivität zu überprüfen (siehe auch DER.3.1 Audits und Revisionen). Es sollte regelmäßig geprüft werden, ob die Organisationsstruktur und die Prozesse des Compliance Managements angemessen sind.

Die Compliance-Abteilung ist dafür zuständig, dass institutionsweit Compliance-Anforderungen eingehalten werden. Dies kann die verschiedensten Anforderungen umfassen, von dem äußeren Erscheinungsbild von Publikationen bis hin zur Einhaltung von vertraglichen Anforderungen.

Die Institution sollte die spezifischen Gründe für ein Compliance Management identifizieren, dokumentieren und das BCMS danach ausrichten. Die Gründe für ein Compliance Management ergeben sich aus bestimmten Rahmenbedingungen der Institution, wie gesetzliche Regelungen oder bestimmte Erwartungshaltungen von Kunden und Kundinnen oder Aufsichtsbehörden.

Quelle: ORP.5 Compliance Management (Anforderungsmanagement) (S. 123)";"1. Wie kann die Institution sicherstellen, dass alle Mitarbeiter die Compliance-Anforderungen einhalten?
2. Welche Rolle spielt die Compliance-Abteilung bei der Einhaltung von Compliance-Anforderungen?
3. Wie kann die Institution die Effizienz und Effektivität des Compliance Managements überprüfen?";3;3;0.9484126983968916;1.0;0.8181818181818182;0.7612802248849136;Wie kann die Institution sicherstellen, dass alle Mitarbeiter die Compliance-Anforderungen einhalten?;2;2;Direkte Beziehung zu Compliance;Welche Rolle spielt die Compliance-Abteilung bei der Einhaltung von Compliance-Anforderungen?;2;2;Direkte Rolle bei Compliance;Wie kann die Institution die Effizienz und Effektivität des Compliance Managements überprüfen?;2;2;Direkte Überprüfung;2.0;2.0
Wie soll die Zusammenarbeit zwischen ISB und Compliance-Beauftragten erfolgen?;"Die Zusammenarbeit zwischen ISB und Compliance-Beauftragten sollte durch regelmäßigen Austausch erfolgen Quelle: ORP.5.A4 (S). Dabei sollten sie gemeinsam Sicherheitsanforderungen ins Compliance Management integrieren, sicherheitsrelevante Anforderungen in Sicherheitsmaßnahmen überführen und deren Umsetzung kontrollieren Quelle: ORP.5.A4 (S). 

Anschlussfragen:
1. Wie sollten die Zuständigkeiten für das Compliance Management innerhalb der Institution festgelegt werden?
2. Welche Rolle spielt der Baustein ORP.2 Personal bei der Einhaltung gesetzlicher, vertraglicher und sonstiger Vorgaben?
3. Wie oft sollten ISB und Compliance-Beauftragte sich austauschen, um eine effektive Zusammenarbeit zu gewährleisten?";Die Zusammenarbeit zwischen ISB und Compliance-Beauftragten sollte durch regelmäßigen Austausch erfolgen Quelle: ORP.5.A4 (S). Dabei sollten sie gemeinsam Sicherheitsanforderungen ins Compliance Management integrieren, sicherheitsrelevante Anforderungen in Sicherheitsmaßnahmen überführen und deren Umsetzung kontrollieren Quelle: ORP.5.A4 (S).;ORP.5.A4 Konzeption und Organisation des Compliance Managements (S) [Institutionsleitung] In der Institution SOLLTE ein Prozess aufgebaut werden, um alle relevanten gesetzlichen, vertraglichen und sonstigen Vorgaben mit Auswirkungen auf das Informationssicherheitsmanagement zu identifizieren. Es SOLLTEN geeignete Prozesse und Organisationsstrukturen aufgebaut werden, um basierend auf der Identifikation und Beachtung der rechtlichen Rahmenbedingungen, den Überblick über die verschiedenen rechtlichen Anforderungen an die einzelnen Bereiche der Institution zu gewährleisten. Dafür SOLLTEN Zuständige für das Compliance Management festgelegt werden. Compliance-Beauftragte und Informationssicherheitsbeauftragte SOLLTEN sich regelmäßig austauschen. Sie SOLLTEN gemeinsam Sicherheitsanforderungen ins Compliance Management integrieren, sicherheitsrelevante Anforderungen in Sicherheitsmaßnahmen überführen und deren Umsetzung kontrollieren.;"Die Zusammenarbeit zwischen dem Informationssicherheitsbeauftragten (ISB) und dem Compliance-Beauftragten sollte eng und kooperativ sein. Der ISB ist für die Wahrnehmung aller Belange der Informationssicherheit innerhalb der Institution zuständig, während der Compliance-Beauftragte für die Umsetzung von Gesetzen und Vorschriften verantwortlich ist.

Um eine effektive Zusammenarbeit zu gewährleisten, sollten beide Beauftragte regelmäßig miteinander kommunizieren und ihre Aufgaben und Verantwortungsbereiche klar definieren. Der ISB sollte den Compliance-Beauftragten über Sicherheitsvorfälle, -risiken und -maßnahmen informieren, während der Compliance-Beauftragte den ISB über Gesetze und Vorschriften informieren sollte, die für die Informationssicherheit relevant sind.

Die Zusammenarbeit zwischen den beiden Beauftragten sollte auch auf die Umsetzung von Sicherheitsmaßnahmen abzielen. Der ISB sollte den Compliance-Beauftragten bei der Umsetzung von Sicherheitsmaßnahmen unterstützen, während der Compliance-Beauftragte den ISB bei der Überprüfung der Umsetzung von Gesetzen und Vorschriften unterstützen sollte.

Um die Zusammenarbeit zwischen den beiden Beauftragten zu gewährleisten, sollten folgende Schritte unternommen werden:

- Der ISB und der Compliance-Beauftragte sollten regelmäßig miteinander kommunizieren und ihre Aufgaben und Verantwortungsbereiche klar definieren.
- Der ISB sollte den Compliance-Beauftragten über Sicherheitsvorfälle, -risiken und -maßnahmen informieren.
- Der Compliance-Beauftragte sollte den ISB über Gesetze und Vorschriften informieren, die für die Informationssicherheit relevant sind.
- Der ISB sollte den Compliance-Beauftragten bei der Umsetzung von Sicherheitsmaßnahmen unterstützen.
- Der Compliance-Beauftragte sollte den ISB bei der Überprüfung der Umsetzung von Gesetzen und Vorschriften unterstützen.

Quelle: ORP.1.A1 Festlegung von Verantwortlichkeiten und Regelungen (B) [Institutionsleitung]

Anschlussfragen:

1. Wie kann die Zusammenarbeit zwischen dem ISB und dem Compliance-Beauftragten weiter verbessert werden?
2. Welche Rolle spielt der ISB bei der Umsetzung von Sicherheitsmaßnahmen?
3. Wie kann der Compliance-Beauftragte den ISB bei der Überprüfung der Umsetzung von Gesetzen und Vorschriften unterstützen?";"Die Zusammenarbeit zwischen dem Informationssicherheitsbeauftragten (ISB) und dem Compliance-Beauftragten sollte eng und kooperativ sein. Der ISB ist für die Wahrnehmung aller Belange der Informationssicherheit innerhalb der Institution zuständig, während der Compliance-Beauftragte für die Umsetzung von Gesetzen und Vorschriften verantwortlich ist.

Um eine effektive Zusammenarbeit zu gewährleisten, sollten beide Beauftragte regelmäßig miteinander kommunizieren und ihre Aufgaben und Verantwortungsbereiche klar definieren. Der ISB sollte den Compliance-Beauftragten über Sicherheitsvorfälle, -risiken und -maßnahmen informieren, während der Compliance-Beauftragte den ISB über Gesetze und Vorschriften informieren sollte, die für die Informationssicherheit relevant sind.

Die Zusammenarbeit zwischen den beiden Beauftragten sollte auch auf die Umsetzung von Sicherheitsmaßnahmen abzielen. Der ISB sollte den Compliance-Beauftragten bei der Umsetzung von Sicherheitsmaßnahmen unterstützen, während der Compliance-Beauftragte den ISB bei der Überprüfung der Umsetzung von Gesetzen und Vorschriften unterstützen sollte.

Um die Zusammenarbeit zwischen den beiden Beauftragten zu gewährleisten, sollten folgende Schritte unternommen werden:

- Der ISB und der Compliance-Beauftragte sollten regelmäßig miteinander kommunizieren und ihre Aufgaben und Verantwortungsbereiche klar definieren.
- Der ISB sollte den Compliance-Beauftragten über Sicherheitsvorfälle, -risiken und -maßnahmen informieren.
- Der Compliance-Beauftragte sollte den ISB über Gesetze und Vorschriften informieren, die für die Informationssicherheit relevant sind.
- Der ISB sollte den Compliance-Beauftragten bei der Umsetzung von Sicherheitsmaßnahmen unterstützen.
- Der Compliance-Beauftragte sollte den ISB bei der Überprüfung der Umsetzung von Gesetzen und Vorschriften unterstützen.

Quelle: ORP.1.A1 Festlegung von Verantwortlichkeiten und Regelungen (B) [Institutionsleitung]";"1. Wie kann die Zusammenarbeit zwischen dem ISB und dem Compliance-Beauftragten weiter verbessert werden?
2. Welche Rolle spielt der ISB bei der Umsetzung von Sicherheitsmaßnahmen?
3. Wie kann der Compliance-Beauftragte den ISB bei der Überprüfung der Umsetzung von Gesetzen und Vorschriften unterstützen?";3;3;0.99999999995;1.0;0.15384615384615385;0.4912547591593408;Wie kann die Zusammenarbeit zwischen dem ISB und dem Compliance-Beauftragten weiter verbessert werden?;2;2;Direkte Vertiefung der Zusammenarbeit;Welche Rolle spielt der ISB bei der Umsetzung von Sicherheitsmaßnahmen?;2;2;ISB-Rolle bei Sicherheitsmaßnahmen;Wie kann der Compliance-Beauftragte den ISB bei der Überprüfung der Umsetzung von Gesetzen und Vorschriften unterstützen?;2;2;Direkte Unterstützung des ISB;2.0;2.0
Wie sind Ausnahmegenehmigungen von Regelungen zu behandeln?;"Ausnahmegenehmigungen von Regelungen SOLLTEN begründet und durch eine autorisierte Stelle nach einer Risikoabschätzung genehmigt werden Quelle: ORP.5.A5 (S). Es SOLLTE ein Genehmigungsverfahren für Ausnahmegenehmigungen geben, um eine Übersicht über alle erteilten Ausnahmegenehmigungen zu erstellen und zu pflegen Quelle: ORP.5.A5 (S). Alle Ausnahmegenehmigungen SOLLTEN befristet sein Quelle: ORP.5.A5 (S).

Anschlussfragen:
1. Wie sollte das Genehmigungsverfahren für Ausnahmegenehmigungen ausgestaltet sein?
2. Welche Rolle spielt die Risikoabschätzung bei der Genehmigung von Ausnahmegenehmigungen?
3. Wie sollten erteilte Ausnahmegenehmigungen dokumentiert und überprüft werden?";Ausnahmegenehmigungen von Regelungen SOLLTEN begründet und durch eine autorisierte Stelle nach einer Risikoabschätzung genehmigt werden Quelle: ORP.5.A5 (S). Es SOLLTE ein Genehmigungsverfahren für Ausnahmegenehmigungen geben, um eine Übersicht über alle erteilten Ausnahmegenehmigungen zu erstellen und zu pflegen Quelle: ORP.5.A5 (S). Alle Ausnahmegenehmigungen SOLLTEN befristet sein Quelle: ORP.5.A5 (S).;ORP.5.A5 Ausnahmegenehmigungen (S) [Vorgesetzte] Ist es in Einzelfällen erforderlich, von getroffenen Regelungen abzuweichen, SOLLTE die Ausnahme begründet und durch eine autorisierte Stelle nach einer Risikoabschätzung genehmigt werden. Es SOLLTE ein Genehmigungsverfahren für Ausnahmegenehmigungen geben. Es SOLLTE eine Übersicht über alle erteilten Ausnahmegenehmigungen erstellt und gepflegt werden. Ein entsprechendes Verfahren für die Dokumentation und ein Überprüfungsprozess SOLLTE etabliert werden. Alle Ausnahmegenehmigungen SOLLTEN befristet sein.;"Antwort:

Ausnahmegenehmigungen von Regelungen sind in der IT-Grundschutz-Kompendium zu behandeln.

Die Vergabe von Berechtigungen mit hoher Autorisierung DÜRFEN NUR an Benutzende vergeben werden, die diese Rechte für ihre Tätigkeiten benötigen. Insbesondere die RACF-Attribute SPECIAL, OPERATIONS, AUDITOR und die entsprechenden GROUP-Attribute sowie die User-ID 0 unter den Unix System Services (USS) MÜSSEN restriktiv gehandhabt werden. Die Vergabe und der Einsatz dieser Berechtigungen MÜSSEN nachvollziehbar sein.

Einrichtungen, Änderungen und Entzug von Berechtigungen MÜSSEN aufgrund des tatsächlichen Bedarfs und der Notwendigkeit zur Aufgabenerfüllung vergeben werden (Prinzip der geringsten Berechtigungen, englisch Least Privileges und Erforderlichkeitsprinzip, englisch Need-to-know). Bei personellen Veränderungen MÜSSEN die nicht mehr benötigten Benutzendenkennungen und Berechtigungen entfernt werden.

Regelungen für Ausnahmegenehmigungen von Regelungen SOLLTEN getroffen werden, um sicherzustellen, dass die Vergabe von Berechtigungen mit hoher Autorisierung nachvollziehbar ist und dass die notwendigen Sicherheitsmaßnahmen ergriffen werden.

Quelle: APP.3.1.A1 (S.391)

Anschlussfragen:

1. Wie sind die RACF-Attribute SPECIAL, OPERATIONS, AUDITOR und die entsprechenden GROUP-Attribute zu handhaben?
2. Wie sind die User-ID 0 unter den Unix System Services (USS) zu handhaben?
3. Wie sind die notwendigen Sicherheitsmaßnahmen für die Vergabe von Berechtigungen mit hoher Autorisierung zu ergriffen?";"Antwort:

Ausnahmegenehmigungen von Regelungen sind in der IT-Grundschutz-Kompendium zu behandeln.

Die Vergabe von Berechtigungen mit hoher Autorisierung DÜRFEN NUR an Benutzende vergeben werden, die diese Rechte für ihre Tätigkeiten benötigen. Insbesondere die RACF-Attribute SPECIAL, OPERATIONS, AUDITOR und die entsprechenden GROUP-Attribute sowie die User-ID 0 unter den Unix System Services (USS) MÜSSEN restriktiv gehandhabt werden. Die Vergabe und der Einsatz dieser Berechtigungen MÜSSEN nachvollziehbar sein.

Einrichtungen, Änderungen und Entzug von Berechtigungen MÜSSEN aufgrund des tatsächlichen Bedarfs und der Notwendigkeit zur Aufgabenerfüllung vergeben werden (Prinzip der geringsten Berechtigungen, englisch Least Privileges und Erforderlichkeitsprinzip, englisch Need-to-know). Bei personellen Veränderungen MÜSSEN die nicht mehr benötigten Benutzendenkennungen und Berechtigungen entfernt werden.

Regelungen für Ausnahmegenehmigungen von Regelungen SOLLTEN getroffen werden, um sicherzustellen, dass die Vergabe von Berechtigungen mit hoher Autorisierung nachvollziehbar ist und dass die notwendigen Sicherheitsmaßnahmen ergriffen werden.

Quelle: APP.3.1.A1 (S.391)";"1. Wie sind die RACF-Attribute SPECIAL, OPERATIONS, AUDITOR und die entsprechenden GROUP-Attribute zu handhaben?
2. Wie sind die User-ID 0 unter den Unix System Services (USS) zu handhaben?
3. Wie sind die notwendigen Sicherheitsmaßnahmen für die Vergabe von Berechtigungen mit hoher Autorisierung zu ergriffen?";3;3;0.9821428571288265;1.0;0.6666666666666666;0.39931213131257526;Wie sind die RACF-Attribute SPECIAL, OPERATIONS, AUDITOR und die entsprechenden GROUP-Attribute zu handhaben?;2;2;Direkte Erwähnung von RACF-Attributen;Wie sind die User-ID 0 unter den Unix System Services (USS) zu handhaben?;2;1;Teilweise thematisch passend;Wie sind die notwendigen Sicherheitsmaßnahmen für die Vergabe von Berechtigungen mit hoher Autorisierung zu ergriffen?;2;2;Direkt relevant zu Autorisierung;2.0;1.667
Warum müssen Verstöße gegen Anforderungen korrigiert werden?;"Verstöße gegen Anforderungen müssen korrigiert werden, um die Abweichungen zu beheben und sicherzustellen, dass die Institution den gesetzlichen, vertraglichen und sonstigen Vorgaben entspricht Quelle: ORP.5.A2 (S. nicht spezifiziert). Dies ist notwendig, um die Einhaltung der Sicherheitsanforderungen zu gewährleisten und rechtliche Verantwortlichkeiten wahrzunehmen Quelle: ORP.5.A2 (S. nicht spezifiziert). 

Anschlussfragen:
1. Wie MÜSSEN Verstöße gegen Anforderungen identifiziert werden?
2. Welche Rolle spielen Führungskräfte bei der Einhaltung gesetzlicher Vorgaben?
3. Wie werden die Verantwortlichkeiten und Zuständigkeiten für die Einhaltung von Vorgaben festgelegt?";Verstöße gegen Anforderungen müssen korrigiert werden, um die Abweichungen zu beheben und sicherzustellen, dass die Institution den gesetzlichen, vertraglichen und sonstigen Vorgaben entspricht Quelle: ORP.5.A2 (S. nicht spezifiziert). Dies ist notwendig, um die Einhaltung der Sicherheitsanforderungen zu gewährleisten und rechtliche Verantwortlichkeiten wahrzunehmen Quelle: ORP.5.A2 (S. nicht spezifiziert).;ORP.5.A2 Beachtung der Rahmenbedingungen (B) [Vorgesetzte, Zentrale Verwaltung, Institutionsleitung] Die als sicherheitsrelevant identifizierten Anforderungen MÜSSEN bei der Planung und Konzeption von Geschäftsprozessen, Anwendungen und IT-Systemen oder bei der Beschaffung neuer Komponenten einfließen. Führungskräfte, die eine rechtliche Verantwortung für die Institution tragen, MÜSSEN für die Einhaltung der gesetzlichen, vertraglichen und sonstigen Vorgaben sorgen. Die Verantwortlichkeiten und Zuständigkeiten für die Einhaltung dieser Vorgaben MÜSSEN festgelegt sein. Es MÜSSEN geeignete Maßnahmen identifiziert und umgesetzt werden, um Verstöße gegen relevante Anforderungen zu vermeiden. Wenn solche Verstöße erkannt werden, MÜSSEN sachgerechte Korrekturmaßnahmen ergriffen werden, um die Abweichungen zu beheben.;"Antwort:

Verstöße gegen Anforderungen müssen korrigiert werden, um sicherzustellen, dass die Institution die bestehenden Anforderungen erfüllt und die Ziele aus der Leitlinie, Anforderungen der Interessengruppen, die Anforderungen aus diesem Standard sowie die Anforderungen aus den einzelnen BCMS-Prozessschritten erfüllt.

Die Korrektur von Verstößen gegen Anforderungen ist wichtig, um sicherzustellen, dass die Institution die bestehenden Anforderungen erfüllt und die Ziele aus der Leitlinie, Anforderungen der Interessengruppen, die Anforderungen aus diesem Standard sowie die Anforderungen aus den einzelnen BCMS-Prozessschritten erfüllt.

Die Ergebnisse der Bewertung sind für die Verbesserung des IS-Prozesses notwendig. Es kann sich dabei herausstellen, dass eine Änderung der Sicherheitsziele, der Sicherheitsstrategie oder des Sicherheitskonzepts zu erfolgen hat und die Informationssicherheitsorganisation den Erfordernissen angepasst werden sollte.

Die Überprüfung der Vereinbarungen mit Nutzenden von Outsourcing und Anbietenden von Outsourcing ist wichtig, um sicherzustellen, dass die festgelegten Sicherheitsanforderungen angemessen sind und die Institution die bestehenden Anforderungen erfüllt.

Die Überprüfung der Vereinbarungen mit Nutzenden von Outsourcing und Anbietenden von Outsourcing SOLLTE in regelmäßigen Abständen und anlassbezogen durchgeführt werden. Vereinbarungen mit Nutzenden von Outsourcing und Anbietenden von Outsourcing mit unzureichend festgelegten Sicherheitsanforderungen SOLLTEN nachgebessert werden.

Quelle: ORP.4.A8 (S.73)

Anschlussfragen:

1. Wie können Verstöße gegen Anforderungen korrigiert werden, um sicherzustellen, dass die Institution die bestehenden Anforderungen erfüllt?
2. Welche Rolle spielt die Überprüfung der Vereinbarungen mit Nutzenden von Outsourcing und Anbietenden von Outsourcing bei der Korrektur von Verstößen gegen Anforderungen?
3. Wie können Institutionen sicherstellen, dass die festgelegten Sicherheitsanforderungen angemessen sind und die Institution die bestehenden Anforderungen erfüllt?";"Antwort:

Verstöße gegen Anforderungen müssen korrigiert werden, um sicherzustellen, dass die Institution die bestehenden Anforderungen erfüllt und die Ziele aus der Leitlinie, Anforderungen der Interessengruppen, die Anforderungen aus diesem Standard sowie die Anforderungen aus den einzelnen BCMS-Prozessschritten erfüllt.

Die Korrektur von Verstößen gegen Anforderungen ist wichtig, um sicherzustellen, dass die Institution die bestehenden Anforderungen erfüllt und die Ziele aus der Leitlinie, Anforderungen der Interessengruppen, die Anforderungen aus diesem Standard sowie die Anforderungen aus den einzelnen BCMS-Prozessschritten erfüllt.

Die Ergebnisse der Bewertung sind für die Verbesserung des IS-Prozesses notwendig. Es kann sich dabei herausstellen, dass eine Änderung der Sicherheitsziele, der Sicherheitsstrategie oder des Sicherheitskonzepts zu erfolgen hat und die Informationssicherheitsorganisation den Erfordernissen angepasst werden sollte.

Die Überprüfung der Vereinbarungen mit Nutzenden von Outsourcing und Anbietenden von Outsourcing ist wichtig, um sicherzustellen, dass die festgelegten Sicherheitsanforderungen angemessen sind und die Institution die bestehenden Anforderungen erfüllt.

Die Überprüfung der Vereinbarungen mit Nutzenden von Outsourcing und Anbietenden von Outsourcing SOLLTE in regelmäßigen Abständen und anlassbezogen durchgeführt werden. Vereinbarungen mit Nutzenden von Outsourcing und Anbietenden von Outsourcing mit unzureichend festgelegten Sicherheitsanforderungen SOLLTEN nachgebessert werden.

Quelle: ORP.4.A8 (S.73)";"1. Wie können Verstöße gegen Anforderungen korrigiert werden, um sicherzustellen, dass die Institution die bestehenden Anforderungen erfüllt?
2. Welche Rolle spielt die Überprüfung der Vereinbarungen mit Nutzenden von Outsourcing und Anbietenden von Outsourcing bei der Korrektur von Verstößen gegen Anforderungen?
3. Wie können Institutionen sicherstellen, dass die festgelegten Sicherheitsanforderungen angemessen sind und die Institution die bestehenden Anforderungen erfüllt?";3;3;0.5392857142749286;1.0;0.0;0.6632279291714664;Wie können Verstöße gegen Anforderungen korrigiert werden, um sicherzustellen, dass die Institution die bestehenden Anforderungen erfüllt?;2;2;Direkte Korrelation zu Compliance;Welche Rolle spielt die Überprüfung der Vereinbarungen mit Nutzenden von Outsourcing und Anbietenden von Outsourcing bei der Korrektur von Verstößen gegen Anforderungen?;2;2;Direkte Relevanz zu Outsourcing;Wie können Institutionen sicherstellen, dass die festgelegten Sicherheitsanforderungen angemessen sind und die Institution die bestehenden Anforderungen erfüllt?;2;2;Direkte Relevanz zu Sicherheitsanforderungen;2.0;2.0
Wie wird die Wirksamkeit des Compliance Managements überprüft?;"Die Wirksamkeit des Compliance Managements wird durch regelmäßige Überprüfungen auf ihre Effizienz und Effektivität überprüft Quelle: ORP.5.A8 Regelmäßige Überprüfungen des Compliance Managements (S). Es soll ein Verfahren etabliert werden, um die Effizienz und Effektivität des Compliance Managements und der sich daraus ergebenden Anforderungen und Maßnahmen zu überprüfen Quelle: ORP.5.A8 Regelmäßige Überprüfungen des Compliance Managements (S). 

Anschlussfragen:
1. Wie oft sollten diese Überprüfungen durchgeführt werden?
2. Wer ist für die Durchführung dieser Überprüfungen verantwortlich?
3. Welche Rolle spielen Audits und Revisionen bei der Überprüfung des Compliance Managements?";Die Wirksamkeit des Compliance Managements wird durch regelmäßige Überprüfungen auf ihre Effizienz und Effektivität überprüft Quelle: ORP.5.A8 Regelmäßige Überprüfungen des Compliance Managements (S). Es soll ein Verfahren etabliert werden, um die Effizienz und Effektivität des Compliance Managements und der sich daraus ergebenden Anforderungen und Maßnahmen zu überprüfen Quelle: ORP.5.A8 Regelmäßige Überprüfungen des Compliance Managements (S).;ORP.5.A8 Regelmäßige Überprüfungen des Compliance Managements (S) Es SOLLTE ein Verfahren etabliert sein, wie das Compliance Management und die sich daraus ergebenden Anforderungen und Maßnahmen regelmäßig auf ihre Effizienz und Effektivität überprüft werden (siehe auch DER.3.1 Audits und Revisionen). Es SOLLTE regelmäßig geprüft werden, ob die Organisationsstruktur und die Prozesse des Compliance Managements angemessen sind.;"Antwort:

Die Wirksamkeit des Compliance Managements wird überprüft, indem regelmäßig geprüft wird, ob die Organisationsstruktur und die Prozesse des Compliance Managements angemessen sind (siehe ORP.5 Compliance Management (Anforderungsmanagement)). Es SOLLTE ein Verfahren etabliert sein, wie das Compliance Management und die sich daraus ergebenden Anforderungen und Maßnahmen regelmäßig auf ihre Effizienz und Effektivität überprüft werden (siehe auch DER.3.1 Audits und Revisionen).

Die Überprüfung des Compliance Managements umfasst die Bewertung der Effektivität und Effizienz des BCMS durch qualitative und quantitative Kennzahlen (siehe Abbildung 55: BCM-Prozessschritte zur Leistungsüberprüfung). Es SOLLTE regelmäßig überprüft werden, ob das BCMS angemessen, wirksam und effizient ist. Anhand der Leistungsüberprüfung kann festgestellt werden, ob die jeweiligen Vorgaben des BCMS eingehalten und Ziele des BCMS erreicht werden.

Die Überprüfung des Compliance Managements SOLLTE auch die Überprüfung der Eignung und Wirksamkeit von Sicherheitsmaßnahmen, die Überprüfung der Effizienz der Sicherheitsmaßnahmen und die Überprüfung der Effizienz des Managementsystems zur Behandlung von Sicherheitsvorfällen umfassen (siehe ORP.5 Compliance Management (Anforderungsmanagement)).

Quelle: ORP.5 Compliance Management (Anforderungsmanagement) (S. 123)

Anschlussfragen:

1. Wie sollen die Kennzahlen erhoben und ausgewertet werden, um die Wirksamkeit des Compliance Managements zu überprüfen?
2. Welche Überprüfungen bestehen im Rahmen des BCMS, um die Wirksamkeit des Compliance Managements zu überprüfen?
3. Wie kann sich das BCMS auf Überprüfungen vorbereiten, um die Wirksamkeit des Compliance Managements zu überprüfen?";"Antwort:

Die Wirksamkeit des Compliance Managements wird überprüft, indem regelmäßig geprüft wird, ob die Organisationsstruktur und die Prozesse des Compliance Managements angemessen sind (siehe ORP.5 Compliance Management (Anforderungsmanagement)). Es SOLLTE ein Verfahren etabliert sein, wie das Compliance Management und die sich daraus ergebenden Anforderungen und Maßnahmen regelmäßig auf ihre Effizienz und Effektivität überprüft werden (siehe auch DER.3.1 Audits und Revisionen).

Die Überprüfung des Compliance Managements umfasst die Bewertung der Effektivität und Effizienz des BCMS durch qualitative und quantitative Kennzahlen (siehe Abbildung 55: BCM-Prozessschritte zur Leistungsüberprüfung). Es SOLLTE regelmäßig überprüft werden, ob das BCMS angemessen, wirksam und effizient ist. Anhand der Leistungsüberprüfung kann festgestellt werden, ob die jeweiligen Vorgaben des BCMS eingehalten und Ziele des BCMS erreicht werden.

Die Überprüfung des Compliance Managements SOLLTE auch die Überprüfung der Eignung und Wirksamkeit von Sicherheitsmaßnahmen, die Überprüfung der Effizienz der Sicherheitsmaßnahmen und die Überprüfung der Effizienz des Managementsystems zur Behandlung von Sicherheitsvorfällen umfassen (siehe ORP.5 Compliance Management (Anforderungsmanagement)).

Quelle: ORP.5 Compliance Management (Anforderungsmanagement) (S. 123)";"1. Wie sollen die Kennzahlen erhoben und ausgewertet werden, um die Wirksamkeit des Compliance Managements zu überprüfen?
2. Welche Überprüfungen bestehen im Rahmen des BCMS, um die Wirksamkeit des Compliance Managements zu überprüfen?
3. Wie kann sich das BCMS auf Überprüfungen vorbereiten, um die Wirksamkeit des Compliance Managements zu überprüfen?";3;3;0.8773809523663294;0.75;0.8333333333333334;0.6576827790192074;Wie sollen die Kennzahlen erhoben und ausgewertet werden, um die Wirksamkeit des Compliance Managements zu überprüfen?;2;2;Direkte Beziehung zu Kennzahlen;Welche Überprüfungen bestehen im Rahmen des BCMS, um die Wirksamkeit des Compliance Managements zu überprüfen?;2;2;Direkte Überprüfungsmethoden;Wie kann sich das BCMS auf Überprüfungen vorbereiten, um die Wirksamkeit des Compliance Managements zu überprüfen?;2;2;Direkte Überprüfung des BCMS;2.0;2.0
Wie lassen sich unterschiedliche Managementsysteme (Informationssicherheit, Datenschutz, Compliance) sinnvoll verzahnen?;"Um unterschiedliche Managementsysteme wie Informationssicherheit, Datenschutz und Compliance sinnvoll zu verzahnen, ist eine enge Zusammenarbeit zwischen den verschiedenen Einheiten erforderlich. Dies ermöglicht es, Synergieeffekte zu nutzen und Konflikte frühzeitig auszuräumen. Die Leitungsebene der Institution muss die Einhaltung der Anforderungen durch angemessene Überwachungsmaßnahmen sicherstellen. Quelle: 1.1. Einleitung (S.1).

Anschlussfragen:
1. Wie können die Anforderungen an das Informationssicherheitsmanagement in verschiedenen Branchen und Ländern berücksichtigt werden?
2. Welche Rolle spielt die Leitungsebene bei der Sicherstellung der Einhaltung von Anforderungen und der Überwachung von Managementprozessen?
3. Wie können Synergieeffekte zwischen Informationssicherheitsmanagement, Datenschutzmanagement und Compliance Management genutzt werden, um eine effektive Risikomanagementstrategie zu entwickeln?";Um unterschiedliche Managementsysteme wie Informationssicherheit, Datenschutz und Compliance sinnvoll zu verzahnen, ist eine enge Zusammenarbeit zwischen den verschiedenen Einheiten erforderlich. Dies ermöglicht es, Synergieeffekte zu nutzen und Konflikte frühzeitig auszuräumen. Die Leitungsebene der Institution muss die Einhaltung der Anforderungen durch angemessene Überwachungsmaßnahmen sicherstellen. Quelle: 1.1. Einleitung (S.1).;1.1. Einleitung In jeder Institution gibt es relevante gesetzliche, vertragliche und sonstige Vorgaben, wie z. B. interne Richtlinien, die beachtet werden müssen. Viele dieser Vorgaben haben direkte oder indirekte Auswirkungen auf das Informationssicherheitsmanagement. Die Anforderungen unterscheiden sich dabei je nach Branche, Land und anderen Rahmenbedingungen. Darüber hinaus unterliegt beispielsweise eine Behörde anderen externen Regelungen als eine Aktiengesellschaft. Die Leitungsebene der Institution muss die Einhaltung der Anforderungen („Compliance“) durch angemessene Überwachungsmaßnahmen sicherstellen. Je nach Größe einer Institution kann diese verschiedene Managementprozesse haben, die sich mit unterschiedlichen Aspekten des Risikomanagements beschäftigen. Dazu zählen beispielsweise Informationssicherheitsmanagement, Datenschutzmanagement, Compliance Management und Controlling. Die verschiedenen Einheiten sollten vertrauensvoll zusammenarbeiten, um Synergieeffekte zu nutzen und Konflikte frühzeitig auszuräumen.;"Antwort:

Ein effizientes Verzahnen unterschiedlicher Managementsysteme (Informationssicherheit, Datenschutz, Compliance) ist wichtig, um eine umfassende und sichere Umgebung für eine Institution zu schaffen. Hier sind einige Schritte, die unternommen werden können:

- **Informationssicherheitsmanagement (ISMS)**: Ein ISMS ist ein kontinuierlicher Prozess, der die Vertraulichkeit, Integrität und Verfügbarkeit von Informationen, Geschäftsprozessen, Anwendungen und IT-Systemen gewährleisten soll. Ein ISMS sollte in die existierenden Managementstrukturen der Institution eingebettet werden und regelmäßig Sicherheitsrevisionen durchgeführt werden.

- **Compliance Management**: Das Compliance Management ist für die Einhaltung von gesetzlichen, vertraglichen und sonstigen Vorgaben verantwortlich. Es ist wichtig, dass die Leitungsebene der Institution die Einhaltung dieser Vorgaben sicherstellt.

- **Datenschutzmanagement**: Das Datenschutzmanagement ist für die Sicherstellung der Vertraulichkeit und Integrität von personenbezogenen Daten verantwortlich.

- **Risikomanagement**: Das Risikomanagement ist für die Identifizierung, Bewertung und Behandlung von Risiken verantwortlich.

- **Sicherheitsmanagement**: Das Sicherheitsmanagement ist für die Planungs-, Lenkungs- und Kontrollaufgabe verantwortlich, die erforderlich ist, um einen durchdachten und wirksamen Prozess zur Herstellung von Informationssicherheit aufzubauen und kontinuierlich umzusetzen.

Um diese Systeme zu verzahnen, ist es wichtig, dass die Institution eine umfassende Strategie entwickelt, die alle Aspekte der Informationssicherheit, des Datenschutzes und des Compliance Managements berücksichtigt. Dies kann durch die Einführung eines ISMS, regelmäßige Sicherheitsrevisionen, die Sensibilisierung und Schulung der Mitarbeitenden sowie die Einhaltung von gesetzlichen, vertraglichen und sonstigen Vorgaben erreicht werden.

Anforderungen:

- ORP.1.A1 Festlegung von Verantwortlichkeiten und Regelungen (B) [Institutionsleitung]
- ORP.3.A1 Sensibilisierung und Schulung der Mitarbeitenden (B) [Institutionsleitung]
- ORP.5.A1 Einhaltung von gesetzlichen, vertraglichen und sonstigen Vorgaben (B) [Institutionsleitung]

Quellen:

- Quelle: ORP.1.A1 (S. 11)
- Quelle: ORP.3.A1 (S. 23)
- Quelle: ORP.5.A1 (S. 41)

Anschlussfragen:

1. Wie kann die Institution sicherstellen, dass alle Mitarbeitenden die Bedeutung der Informationssicherheit verstehen und entsprechend handeln?
2. Wie kann die Institution die Einhaltung von gesetzlichen, vertraglichen und sonstigen Vorgaben sicherstellen?
3. Wie kann die Institution sicherstellen, dass das ISMS regelmäßig überprüft und aktualisiert wird?";"Antwort:

Ein effizientes Verzahnen unterschiedlicher Managementsysteme (Informationssicherheit, Datenschutz, Compliance) ist wichtig, um eine umfassende und sichere Umgebung für eine Institution zu schaffen. Hier sind einige Schritte, die unternommen werden können:

- **Informationssicherheitsmanagement (ISMS)**: Ein ISMS ist ein kontinuierlicher Prozess, der die Vertraulichkeit, Integrität und Verfügbarkeit von Informationen, Geschäftsprozessen, Anwendungen und IT-Systemen gewährleisten soll. Ein ISMS sollte in die existierenden Managementstrukturen der Institution eingebettet werden und regelmäßig Sicherheitsrevisionen durchgeführt werden.

- **Compliance Management**: Das Compliance Management ist für die Einhaltung von gesetzlichen, vertraglichen und sonstigen Vorgaben verantwortlich. Es ist wichtig, dass die Leitungsebene der Institution die Einhaltung dieser Vorgaben sicherstellt.

- **Datenschutzmanagement**: Das Datenschutzmanagement ist für die Sicherstellung der Vertraulichkeit und Integrität von personenbezogenen Daten verantwortlich.

- **Risikomanagement**: Das Risikomanagement ist für die Identifizierung, Bewertung und Behandlung von Risiken verantwortlich.

- **Sicherheitsmanagement**: Das Sicherheitsmanagement ist für die Planungs-, Lenkungs- und Kontrollaufgabe verantwortlich, die erforderlich ist, um einen durchdachten und wirksamen Prozess zur Herstellung von Informationssicherheit aufzubauen und kontinuierlich umzusetzen.

Um diese Systeme zu verzahnen, ist es wichtig, dass die Institution eine umfassende Strategie entwickelt, die alle Aspekte der Informationssicherheit, des Datenschutzes und des Compliance Managements berücksichtigt. Dies kann durch die Einführung eines ISMS, regelmäßige Sicherheitsrevisionen, die Sensibilisierung und Schulung der Mitarbeitenden sowie die Einhaltung von gesetzlichen, vertraglichen und sonstigen Vorgaben erreicht werden.

Anforderungen:

- ORP.1.A1 Festlegung von Verantwortlichkeiten und Regelungen (B) [Institutionsleitung]
- ORP.3.A1 Sensibilisierung und Schulung der Mitarbeitenden (B) [Institutionsleitung]
- ORP.5.A1 Einhaltung von gesetzlichen, vertraglichen und sonstigen Vorgaben (B) [Institutionsleitung]

Quellen:

- Quelle: ORP.1.A1 (S. 11)
- Quelle: ORP.3.A1 (S. 23)
- Quelle: ORP.5.A1 (S. 41)";"1. Wie kann die Institution sicherstellen, dass alle Mitarbeitenden die Bedeutung der Informationssicherheit verstehen und entsprechend handeln?
2. Wie kann die Institution die Einhaltung von gesetzlichen, vertraglichen und sonstigen Vorgaben sicherstellen?
3. Wie kann die Institution sicherstellen, dass das ISMS regelmäßig überprüft und aktualisiert wird?";3;3;0.2916666666520833;0.5714285714285714;0.8571428571428571;0.795452581704694;Wie kann die Institution sicherstellen, dass alle Mitarbeitenden die Bedeutung der Informationssicherheit verstehen und entsprechend handeln?;2;2;Direkte Abdeckung durch IT-Grundschutz;Wie kann die Institution die Einhaltung von gesetzlichen, vertraglichen und sonstigen Vorgaben sicherstellen?;2;2;Direkte Verbindung zu Compliance;Wie kann die Institution sicherstellen, dass das ISMS regelmäßig überprüft und aktualisiert wird?;2;2;Direkte Überprüfung und Aktualisierung des ISMS;2.0;2.0
Welche organisatorischen Rollen sind für Compliance Management vorgesehen?;"Für das Compliance Management sind mehrere organisatorische Rollen vorgesehen. Dazu gehören die Institutionsleitung, die für die Konzeption und Organisation des Compliance Managements verantwortlich ist, sowie der Compliance-Beauftragte und der Informationssicherheitsbeauftragte. Diese sollen sich regelmäßig austauschen, um sicherheitsrelevante Anforderungen zu identifizieren und deren Umsetzung zu kontrollieren. Quelle: ORP.5.A4 Konzeption und Organisation des Compliance Managements (S) 

Anschlussfragen:
1. Wie sollten die Prozesse und Organisationsstrukturen für das Compliance Management aufgebaut werden?
2. Welche Rolle spielen der Compliance-Beauftragte und der Informationssicherheitsbeauftragte im Compliance Management?
3. Wie wird die Einhaltung der gesetzlichen, vertraglichen und sonstigen Vorgaben durch die Mitarbeitenden sichergestellt?";Für das Compliance Management sind mehrere organisatorische Rollen vorgesehen. Dazu gehören die Institutionsleitung, die für die Konzeption und Organisation des Compliance Managements verantwortlich ist, sowie der Compliance-Beauftragte und der Informationssicherheitsbeauftragte. Diese sollen sich regelmäßig austauschen, um sicherheitsrelevante Anforderungen zu identifizieren und deren Umsetzung zu kontrollieren. Quelle: ORP.5.A4 Konzeption und Organisation des Compliance Managements (S);"ORP.5.A4 Konzeption und Organisation des Compliance Managements (S) [Institutionsleitung] In der Institution SOLLTE ein Prozess aufgebaut werden, um alle relevanten gesetzlichen, vertraglichen und sonstigen Vorgaben mit Auswirkungen auf das Informationssicherheitsmanagement zu identifizieren. Es SOLLTEN geeignete Prozesse und Organisationsstrukturen aufgebaut werden, um basierend auf der Identifikation und Beachtung der rechtlichen Rahmenbedingungen, den Überblick über die verschiedenen rechtlichen Anforderungen an die einzelnen Bereiche der Institution zu gewährleisten. Dafür SOLLTEN Zuständige für das Compliance Management festgelegt werden. Compliance-Beauftragte und Informationssicherheitsbeauftragte SOLLTEN sich regelmäßig austauschen. Sie SOLLTEN gemeinsam Sicherheitsanforderungen ins Compliance Management integrieren, sicherheitsrelevante Anforderungen in Sicherheitsmaßnahmen überführen und deren Umsetzung kontrollieren.
";"**ORP.5 Compliance Management (Anforderungsmanagement)**

Für das Compliance Management sind folgende organisatorischen Rollen vorgesehen:

- **Compliance-Officer**: Verantwortlich für die Überwachung und Durchsetzung der Compliance-Anforderungen innerhalb der Institution.
- **Compliance-Team**: Unterstützt den Compliance-Officer bei der Überwachung und Durchsetzung der Compliance-Anforderungen.
- **Innenrevision**: Überprüft die Compliance-Struktur und -Prozesse regelmäßig auf ihre Effizienz und Effektivität.
- **Leitungsebene**: Verantwortlich für die Einhaltung der Compliance-Anforderungen und die Überwachung der Compliance-Struktur und -Prozesse.

Quelle: ORP.5 Compliance Management (Anforderungsmanagement) (S. 123)

**Anschlussfragen:**

1. Wie kann die Schnittstelle zwischen dem Compliance-Team und dem Informationssicherheitsmanagement definiert werden?
2. Welche Rolle spielt die Innenrevision bei der Überprüfung der Compliance-Struktur und -Prozesse?
3. Wie kann die Leitungsebene die Einhaltung der Compliance-Anforderungen sicherstellen?";"**ORP.5 Compliance Management (Anforderungsmanagement)**

Für das Compliance Management sind folgende organisatorischen Rollen vorgesehen:

- **Compliance-Officer**: Verantwortlich für die Überwachung und Durchsetzung der Compliance-Anforderungen innerhalb der Institution.
- **Compliance-Team**: Unterstützt den Compliance-Officer bei der Überwachung und Durchsetzung der Compliance-Anforderungen.
- **Innenrevision**: Überprüft die Compliance-Struktur und -Prozesse regelmäßig auf ihre Effizienz und Effektivität.
- **Leitungsebene**: Verantwortlich für die Einhaltung der Compliance-Anforderungen und die Überwachung der Compliance-Struktur und -Prozesse.

Quelle: ORP.5 Compliance Management (Anforderungsmanagement) (S. 123)";"1. Wie kann die Schnittstelle zwischen dem Compliance-Team und dem Informationssicherheitsmanagement definiert werden?
2. Welche Rolle spielt die Innenrevision bei der Überprüfung der Compliance-Struktur und -Prozesse?
3. Wie kann die Leitungsebene die Einhaltung der Compliance-Anforderungen sicherstellen?";3;3;0.8333333332916666;1.0;0.3333333333333333;0.5861550086535217;Wie kann die Schnittstelle zwischen dem Compliance-Team und dem Informationssicherheitsmanagement definiert werden?;2;2;Direkte Verbindung zwischen Compliance und ISMS;Welche Rolle spielt die Innenrevision bei der Überprüfung der Compliance-Struktur und -Prozesse?;2;2;Innenrevision bei Compliance-Überprüfung;Wie kann die Leitungsebene die Einhaltung der Compliance-Anforderungen sicherstellen?;2;2;Direkte Bezug auf Leitungsebene;2.0;2.0
Welche Maßnahmen adressieren mehrere Gefährdungen gleichzeitig?;"Die Maßnahmen, die mehrere Gefährdungen gleichzeitig adressieren, sind im Kontext des IT-Grundschutz-Kompendiums nicht explizit aufgeführt. Allerdings kann man aus den Anforderungen des Bausteins ORP.5 Compliance Management (Anforderungsmanagement) schließen, dass die Identifikation und Dokumentation von gesetzlichen, vertraglichen und sonstigen Vorgaben sowie die Beachtung dieser Rahmenbedingungen bei der Planung und Konzeption von Geschäftsprozessen, Anwendungen und IT-Systemen dazu beitragen können, mehrere Gefährdungen zu minimieren. Quelle: ORP.5.A1 Identifikation der Rahmenbedingungen (B) [Zentrale Verwaltung, Institutionsleitung] (S.1), Quelle: ORP.5.A2 Beachtung der Rahmenbedingungen (B) [Vorgesetzte, Zentrale Verwaltung, Institutionsleitung] (S.2).

Anschlussfragen:
1. Wie können die im Baustein ORP.5 identifizierten Anforderungen in die tägliche Arbeit integriert werden?
2. Welche Rolle spielt die regelmäßige Überprüfung des Compliance Managements bei der Minimierung von Gefährdungen?
3. Wie kann die Verpflichtung der Mitarbeitenden zur Einhaltung der gesetzlichen, vertraglichen und sonstigen Vorgaben im Baustein ORP.2 Personal umgesetzt werden?";Die Maßnahmen, die mehrere Gefährdungen gleichzeitig adressieren, sind im Kontext des IT-Grundschutz-Kompendiums nicht explizit aufgeführt. Allerdings kann man aus den Anforderungen des Bausteins ORP.5 Compliance Management (Anforderungsmanagement) schließen, dass die Identifikation und Dokumentation von gesetzlichen, vertraglichen und sonstigen Vorgaben sowie die Beachtung dieser Rahmenbedingungen bei der Planung und Konzeption von Geschäftsprozessen, Anwendungen und IT-Systemen dazu beitragen können, mehrere Gefährdungen zu minimieren. Quelle: ORP.5.A1 Identifikation der Rahmenbedingungen (B) [Zentrale Verwaltung, Institutionsleitung] (S.1), Quelle: ORP.5.A2 Beachtung der Rahmenbedingungen (B) [Vorgesetzte, Zentrale Verwaltung, Institutionsleitung] (S.2).;"""ORP.5.A1 Identifikation der Rahmenbedingungen (B) [Zentrale Verwaltung, Institutionsleitung] Alle gesetzlichen, vertraglichen und sonstigen Vorgaben mit Auswirkungen auf das Informationssicherheitsmanagement MÜSSEN identifiziert und dokumentiert werden. Die für die einzelnen Bereiche der Institution relevanten gesetzlichen, vertraglichen und sonstigen Vorgaben SOLLTEN in einer strukturierten Übersicht herausgearbeitet werden. Die Dokumentation MUSS auf dem aktuellen Stand gehalten werden."",

""ORP.5.A2 Beachtung der Rahmenbedingungen (B) [Vorgesetzte, Zentrale Verwaltung, Institutionsleitung] Die als sicherheitsrelevant identifizierten Anforderungen MÜSSEN bei der Planung und Konzeption von Geschäftsprozessen, Anwendungen und IT-Systemen oder bei der Beschaffung neuer Komponenten einfließen. Führungskräfte, die eine rechtliche Verantwortung für die Institution tragen, MÜSSEN für die Einhaltung der gesetzlichen, vertraglichen und sonstigen Vorgaben sorgen. Die Verantwortlichkeiten und Zuständigkeiten für die Einhaltung dieser Vorgaben MÜSSEN festgelegt sein. Es MÜSSEN geeignete Maßnahmen identifiziert und umgesetzt werden, um Verstöße gegen relevante Anforderungen zu vermeiden. Wenn solche Verstöße erkannt werden, MÜSSEN sachgerechte Korrekturmaßnahmen ergriffen werden, um die Abweichungen zu beheben."",

""ORP.5.A8 Regelmäßige Überprüfungen des Compliance Managements (S) Es SOLLTE ein Verfahren etabliert sein, wie das Compliance Management und die sich daraus ergebenden Anforderungen und Maßnahmen regelmäßig auf ihre Effizienz und Effektivität überprüft werden (siehe auch DER.3.1 Audits und Revisionen). Es SOLLTE regelmäßig geprüft werden, ob die Organisationsstruktur und die Prozesse des Compliance Managements angemessen sind.""";"Antwort:

Um mehrere Gefährdungen gleichzeitig anzusprechen, müssen geeignete Risikobehandlungsoptionen ausgewählt werden. Diese Optionen umfassen die Vermeidung, Reduktion und den Transfer von Risiken. 

- **Risikovermeidung**: Wenn es sinnvoll ist, das Risiko durch eine Umstrukturierung des Geschäftsprozesses oder des Informationsverbunds zu vermeiden, können wirksame Gegenmaßnahmen vermieden werden. Dies kann beispielsweise der Fall sein, wenn der Aufwand für wirksame Gegenmaßnahmen sehr hoch ist und die verbleibende Gefährdung nicht hingenommen werden kann. 
- **Risikoreduktion**: Wenn es sinnvoll und möglich ist, das Risiko durch weitere Sicherheitsmaßnahmen zu reduzieren, können ergänzende Sicherheitsmaßnahmen erarbeitet und umgesetzt werden, die der Gefährdung entgegenwirken. 
- **Risikotranfer**: Wenn es sinnvoll ist, das Risiko an eine andere Institution zu übertragen, beispielsweise durch den Abschluss eines Versicherungsvertrags oder durch Outsourcing, kann das Risiko geteilt werden.

Diese Optionen müssen auf der Grundlage der Risikoakzeptanzkriterien der Institution ausgewählt werden. Die Entscheidung wird von der Leitungsebene getroffen und nachvollziehbar dokumentiert.

Anschlussfragen:

1. Wie werden die Risikobehandlungsoptionen in der Praxis umgesetzt?
2. Welche Rolle spielt die Leitungsebene bei der Entscheidung über die Risikobehandlung?
3. Wie werden die Ergebnisse der Risikobehandlung im Sicherheitskonzept dokumentiert?";"Antwort:

Um mehrere Gefährdungen gleichzeitig anzusprechen, müssen geeignete Risikobehandlungsoptionen ausgewählt werden. Diese Optionen umfassen die Vermeidung, Reduktion und den Transfer von Risiken. 

- **Risikovermeidung**: Wenn es sinnvoll ist, das Risiko durch eine Umstrukturierung des Geschäftsprozesses oder des Informationsverbunds zu vermeiden, können wirksame Gegenmaßnahmen vermieden werden. Dies kann beispielsweise der Fall sein, wenn der Aufwand für wirksame Gegenmaßnahmen sehr hoch ist und die verbleibende Gefährdung nicht hingenommen werden kann. 
- **Risikoreduktion**: Wenn es sinnvoll und möglich ist, das Risiko durch weitere Sicherheitsmaßnahmen zu reduzieren, können ergänzende Sicherheitsmaßnahmen erarbeitet und umgesetzt werden, die der Gefährdung entgegenwirken. 
- **Risikotranfer**: Wenn es sinnvoll ist, das Risiko an eine andere Institution zu übertragen, beispielsweise durch den Abschluss eines Versicherungsvertrags oder durch Outsourcing, kann das Risiko geteilt werden.

Diese Optionen müssen auf der Grundlage der Risikoakzeptanzkriterien der Institution ausgewählt werden. Die Entscheidung wird von der Leitungsebene getroffen und nachvollziehbar dokumentiert.";"1. Wie werden die Risikobehandlungsoptionen in der Praxis umgesetzt?
2. Welche Rolle spielt die Leitungsebene bei der Entscheidung über die Risikobehandlung?
3. Wie werden die Ergebnisse der Risikobehandlung im Sicherheitskonzept dokumentiert?";3;3;0.49999999995;1.0;0.0;0.4215210913022054;Wie werden die Risikobehandlungsoptionen in der Praxis umgesetzt?;2;2;Risikobehandlungsoptionen;Welche Rolle spielt die Leitungsebene bei der Entscheidung über die Risikobehandlung?;2;2;Leitungsebene und Risikobehandlung;Wie werden die Ergebnisse der Risikobehandlung im Sicherheitskonzept dokumentiert?;2;2;Dokumentation im Sicherheitskonzept;2.0;2.0
Darf ich meinen Server als normalen Arbeitsplatz nutzen?;"Nein, Sie dürfen Ihren Server nicht als normalen Arbeitsplatz nutzen. Server DÜRFEN NICHT als Arbeitsplatzrechner genutzt werden, da sie für spezifische Serverdienste und nicht für allgemeine Arbeitsplatzaktivitäten konzipiert sind. Quelle: SYS.1.1.A1 (S.1).

Anschlussfragen:
1. Welche Anforderungen müssen bei der Nutzung von virtualisierten Servern berücksichtigt werden?
2. Warum sollten Server grundsätzlich in Rechenzentren, Serverräumen oder abschließbaren Serverschränken aufgestellt werden?
3. Welche Rolle spielt das Rollen- und Berechtigungskonzept bei der Administration von Servern?";Nein, Sie dürfen Ihren Server nicht als normalen Arbeitsplatz nutzen. Server DÜRFEN NICHT als Arbeitsplatzrechner genutzt werden, da sie für spezifische Serverdienste und nicht für allgemeine Arbeitsplatzaktivitäten konzipiert sind. Quelle: SYS.1.1.A1 (S.1).;SYS.1.1.A1 Zugriffsschutz und Nutzung (B) Physische Server MÜSSEN an Orten betrieben werden, zu denen nur berechtigte Personen Zutritt haben. Physische Server MÜSSEN daher in Rechenzentren, Serverräumen oder abschließbaren Serverschränken aufgestellt beziehungsweise eingebaut werden (siehe hierzu die entsprechenden Bausteine der Schicht INF Infrastruktur). Bei virtualisierten Servern MUSS der Zugriff auf die Ressourcen der Instanz und deren Konfiguration ebenfalls auf die berechtigten Personen begrenzt werden. Server DÜRFEN NICHT als Arbeitsplatzrechner genutzt werden. Server DÜRFEN NICHT zur Erledigung von Aufgaben und Tätigkeiten verwendet werden, die grundsätzlich auf einem ClientSystem aus- und durchgeführt werden können. Insbesondere DÜRFEN vorhandene Anwendungen, wie Webbrowser, auf dem Server NICHT für das Abrufen von Informationen aus dem Internet oder das Herunterladen von Software, Treibern und Updates verwendet werden. Als Arbeitsplatz genutzte IT-Systeme DÜRFEN NICHT als Server genutzt werden.;"Antwort:

Server DÜRFEN NICHT als Arbeitsplatzrechner genutzt werden. Server DÜRFEN NICHT zur Erledigung von Aufgaben und Tätigkeiten verwendet werden, die grundsätzlich auf einem Client-System aus- und durchgeführt werden können. Insbesondere DÜRFEN vorhandene Anwendungen, wie Webbrowser, auf dem Server NICHT für das Abrufen von Informationen aus dem Internet oder das Herunterladen von Software, Treibern und Updates verwendet werden.

Quelle: SYS.1.1 Allgemeiner Server (S. 1)

Anschlussfragen:

1. Wie kann der Zugriff auf Server-Ressourcen auf berechtigte Personen begrenzt werden?
2. Welche Anforderungen müssen an das Rollen- und Berechtigungskonzept erfüllt werden?
3. Wie kann die Sicherheit von Servern durch die Verwendung von getrennten Arbeitsumgebungen gewährleistet werden?";"Antwort:

Server DÜRFEN NICHT als Arbeitsplatzrechner genutzt werden. Server DÜRFEN NICHT zur Erledigung von Aufgaben und Tätigkeiten verwendet werden, die grundsätzlich auf einem Client-System aus- und durchgeführt werden können. Insbesondere DÜRFEN vorhandene Anwendungen, wie Webbrowser, auf dem Server NICHT für das Abrufen von Informationen aus dem Internet oder das Herunterladen von Software, Treibern und Updates verwendet werden.

Quelle: SYS.1.1 Allgemeiner Server (S. 1)";"1. Wie kann der Zugriff auf Server-Ressourcen auf berechtigte Personen begrenzt werden?
2. Welche Anforderungen müssen an das Rollen- und Berechtigungskonzept erfüllt werden?
3. Wie kann die Sicherheit von Servern durch die Verwendung von getrennten Arbeitsumgebungen gewährleistet werden?";3;3;0.1249999999875;0.5;1.0;0.649519078078123;Wie kann der Zugriff auf Server-Ressourcen auf berechtigte Personen begrenzt werden?;2;2;Direkt relevante Vertiefung;Welche Anforderungen müssen an das Rollen- und Berechtigungskonzept erfüllt werden?;2;2;Rollen- und Berechtigungskonzept;Wie kann die Sicherheit von Servern durch die Verwendung von getrennten Arbeitsumgebungen gewährleistet werden?;2;2;Direkte Relevanz zu Server-Sicherheit;2.0;2.0
Welche weiterführenden Informationen gibt es zu den Anforderungen an den Aufstellungsort von physischen Servern?;"Weiterführende Informationen zu den Anforderungen an den Aufstellungsort von physischen Servern können im Dokument ""Guide to General Server Security: NIST Special Publication 800-123"" des National Institute of Standards and Technology (NIST) gefunden werden, das im Juli 2008 veröffentlicht wurde Quelle: 4.1. Wissenswertes. 

Anschlussfragen:
1. Welche spezifischen Anforderungen an die physische Sicherheit von Servern stellt das NIST-Dokument?
2. Wie werden in dem Dokument die Aspekte der Umgebungsüberwachung und des Zugangsschutzes für Serverräume behandelt?
3. Welche Empfehlungen gibt das NIST-Dokument für die Platzierung von Servern in Rechenzentren oder Serverräumen?";"Weiterführende Informationen zu den Anforderungen an den Aufstellungsort von physischen Servern können im Dokument ""Guide to General Server Security: NIST Special Publication 800-123"" des National Institute of Standards and Technology (NIST) gefunden werden, das im Juli 2008 veröffentlicht wurde Quelle: 4.1. Wissenswertes.";"4. Weiterführende Informationen
4.1. Wissenswertes
Das National Institute of Standards and Technology (NIST) stellt das Dokument „Guide to General Server Security: NIST Special Publication 800-123“, Juli 2008 zur Verfügung.";"Anforderungen an den Aufstellungsort von physischen Servern:

Physische Server MÜSSEN an Orten betrieben werden, zu denen nur berechtigte Personen Zutritt haben. Physische Server MÜSSEN daher in Rechenzentren, Serverräumen oder abschließbaren Serverschränken aufgestellt beziehungsweise eingebaut werden (siehe hierzu die entsprechenden Bausteine der Schicht INF Infrastruktur).

Quelle: SYS.1.1.A1 (S. 391)

Anforderungen an die Planung des Server-Einsatzes:

Jedes Server-System SOLLTE geeignet geplant werden. Dabei SOLLTEN mindestens folgende Punkte berücksichtigt werden:

• Auswahl der Plattform (Hardware oder virtualisierte Ressourcen), des Betriebssystems und der Anwendungssoftware,

• Dimensionierung der Hardware (Leistung, Speicher, Bandbreite etc.),

• Art und Anzahl der Kommunikationsschnittstellen,

• Leistungsaufnahme, Wärmelast, Platzbedarf und Bauform,

• administrative Zugänge (siehe SYS.1.1.A5 Schutz von Schnittstellen),

• Zugriffe von Benutzenden,

• Protokollierung (siehe SYS.1.1.A10 Protokollierung),

• Aktualisierung von Betriebssystem und Anwendungen sowie

• Einbindung ins System- und Netzmanagement, in die Datensicherung und die Schutzsysteme (Virenschutz, IDS etc.).

Quelle: SYS.1.1.A2 (S. 392)

Anforderungen an die Installation und Konfiguration von Servern:

Der vollständige Installations- und Konfigurationsvorgang SOLLTE soweit wie möglich innerhalb einer gesonderten und von Produktivsystemen abgetrennten Installationsumgebung vorgenommen werden. Die Konfiguration des Betriebssystems SOLLTE vor produktiver Inbetriebnahme des Servers bereits vorgenommen sein.

Quelle: SYS.1.1.A3 (S. 393)

Anschlussfragen:

1. Wie sollten die Anforderungen an die Planung des Server-Einsatzes umgesetzt werden?
2. Welche Rolle spielen administrative Zugänge bei der Planung des Server-Einsatzes?
3. Wie sollte die Installation und Konfiguration von Servern durchgeführt werden?";"Anforderungen an den Aufstellungsort von physischen Servern:

Physische Server MÜSSEN an Orten betrieben werden, zu denen nur berechtigte Personen Zutritt haben. Physische Server MÜSSEN daher in Rechenzentren, Serverräumen oder abschließbaren Serverschränken aufgestellt beziehungsweise eingebaut werden (siehe hierzu die entsprechenden Bausteine der Schicht INF Infrastruktur).

Quelle: SYS.1.1.A1 (S. 391)

Anforderungen an die Planung des Server-Einsatzes:

Jedes Server-System SOLLTE geeignet geplant werden. Dabei SOLLTEN mindestens folgende Punkte berücksichtigt werden:

• Auswahl der Plattform (Hardware oder virtualisierte Ressourcen), des Betriebssystems und der Anwendungssoftware,

• Dimensionierung der Hardware (Leistung, Speicher, Bandbreite etc.),

• Art und Anzahl der Kommunikationsschnittstellen,

• Leistungsaufnahme, Wärmelast, Platzbedarf und Bauform,

• administrative Zugänge (siehe SYS.1.1.A5 Schutz von Schnittstellen),

• Zugriffe von Benutzenden,

• Protokollierung (siehe SYS.1.1.A10 Protokollierung),

• Aktualisierung von Betriebssystem und Anwendungen sowie

• Einbindung ins System- und Netzmanagement, in die Datensicherung und die Schutzsysteme (Virenschutz, IDS etc.).

Quelle: SYS.1.1.A2 (S. 392)

Anforderungen an die Installation und Konfiguration von Servern:

Der vollständige Installations- und Konfigurationsvorgang SOLLTE soweit wie möglich innerhalb einer gesonderten und von Produktivsystemen abgetrennten Installationsumgebung vorgenommen werden. Die Konfiguration des Betriebssystems SOLLTE vor produktiver Inbetriebnahme des Servers bereits vorgenommen sein.

Quelle: SYS.1.1.A3 (S. 393)";"1. Wie sollten die Anforderungen an die Planung des Server-Einsatzes umgesetzt werden?
2. Welche Rolle spielen administrative Zugänge bei der Planung des Server-Einsatzes?
3. Wie sollte die Installation und Konfiguration von Servern durchgeführt werden?";3;3;0.5428571428435713;1.0;0.23809523809523808;0.6414820270787274;Wie sollten die Anforderungen an die Planung des Server-Einsatzes umgesetzt werden?;2;2;Direkte Umsetzung von Planung;Welche Rolle spielen administrative Zugänge bei der Planung des Server-Einsatzes?;2;2;Administrative Zugänge bei Server-Einsatz;Wie sollte die Installation und Konfiguration von Servern durchgeführt werden?;2;2;Direkt relevante Informationen;2.0;2.0
Welche Ereignisse muss ich bei einem Serversystem mindestens protokollieren?;"Bei einem Serversystem müssen mindestens die folgenden Ereignisse protokolliert werden: Systemstarts und Reboots, erfolgreiche und erfolglose Anmeldungen, fehlgeschlagene Berechtigungsprüfungen, blockierte Datenströme, Einrichtung oder Änderungen von Benutzenden, Gruppen und Berechtigungen, sicherheitsrelevante Fehlermeldungen sowie Warnmeldungen von Sicherheitssystemen Quelle: SYS.1.1.A10 Protokollierung (B) (S. unbekannt, da keine Seitenzahl angegeben).

Anschlussfragen:
1. Welche Rolle spielt die Protokollierung bei der Einhaltung der IT-Sicherheit in einem Serversystem?
2. Wie können die Anforderungen an die Protokollierung bei verschiedenen Server-Betriebssystemen berücksichtigt werden?
3. Welche zusätzlichen Bausteine müssen bei der Modellierung von Serverdiensten und Terminalservern berücksichtigt werden?";Bei einem Serversystem müssen mindestens die folgenden Ereignisse protokolliert werden: Systemstarts und Reboots, erfolgreiche und erfolglose Anmeldungen, fehlgeschlagene Berechtigungsprüfungen, blockierte Datenströme, Einrichtung oder Änderungen von Benutzenden, Gruppen und Berechtigungen, sicherheitsrelevante Fehlermeldungen sowie Warnmeldungen von Sicherheitssystemen Quelle: SYS.1.1.A10 Protokollierung (B) (S. unbekannt, da keine Seitenzahl angegeben).;"SYS.1.1.A10 Protokollierung (B) Generell MÜSSEN alle sicherheitsrelevanten Systemereignisse protokolliert werden, dazu gehören mindestens:

• Systemstarts und Reboots,

• erfolgreiche und erfolglose Anmeldungen am IT-System (Betriebssystem und Anwendungssoftware),

• fehlgeschlagene Berechtigungsprüfungen,

• blockierte Datenströme (Verstöße gegen ACLs oder Firewallregeln),

• Einrichtung oder Änderungen von Benutzenden, Gruppen und Berechtigungen,

• sicherheitsrelevante Fehlermeldungen (z. B. Hardwaredefekte, Überschreitung von Kapazitätsgrenzen) sowie

• Warnmeldungen von Sicherheitssystemen (z. B. Virenschutz).";"Antwort:

Um die Sicherheit und Integrität von IT-Systemen zu gewährleisten, MÜSSEN bestimmte Ereignisse bei einem Serversystem protokolliert werden. Hier sind die wichtigsten Ereignisse, die protokolliert werden MÜSSEN:

- erfolgreiche Zugriffe auf Ressourcen,
- fehlgeschlagene Zugriffe auf Ressourcen aufgrund von mangelnder Berechtigung, nicht vorhandenen Ressourcen und Server-Fehlern,
- allgemeine Fehlermeldungen,
- Systemstarts und Reboots,
- erfolgreiche und erfolglose Anmeldungen am IT-System (Betriebssystem und Anwendungssoftware),
- fehlgeschlagene Berechtigungsprüfungen,
- blockierte Datenströme (Verstöße gegen ACLs oder Firewallregeln),
- Einrichtung oder Änderungen von Benutzenden, Gruppen und Berechtigungen,
- sicherheitsrelevante Fehlermeldungen (z. B. Hardwaredefekte, Überschreitung von Kapazitätsgrenzen),
- Warnmeldungen von Sicherheitssystemen (z. B. Virenschutz).

Diese Ereignisse MÜSSEN regelmäßig ausgewertet werden, um sicherzustellen, dass die IT-Systeme ordnungsgemäß funktionieren und keine Sicherheitsrisiken bestehen.

Quelle: APP.3.1.A1 (S.391), OPS.1.1.1 (S.204-205), SYS.1.1.A10 (S.123)

Anschlussfragen:

1. Welche Rolle spielt die Protokollierung bei der Fehleranalyse?
2. Wie oft MÜSSEN die Protokollierungsdaten ausgewertet werden?
3. Welche Rolle spielt die Systemmanagement-Lösung bei der Überwachung von IT-Systemen?";"Antwort:

Um die Sicherheit und Integrität von IT-Systemen zu gewährleisten, MÜSSEN bestimmte Ereignisse bei einem Serversystem protokolliert werden. Hier sind die wichtigsten Ereignisse, die protokolliert werden MÜSSEN:

- erfolgreiche Zugriffe auf Ressourcen,
- fehlgeschlagene Zugriffe auf Ressourcen aufgrund von mangelnder Berechtigung, nicht vorhandenen Ressourcen und Server-Fehlern,
- allgemeine Fehlermeldungen,
- Systemstarts und Reboots,
- erfolgreiche und erfolglose Anmeldungen am IT-System (Betriebssystem und Anwendungssoftware),
- fehlgeschlagene Berechtigungsprüfungen,
- blockierte Datenströme (Verstöße gegen ACLs oder Firewallregeln),
- Einrichtung oder Änderungen von Benutzenden, Gruppen und Berechtigungen,
- sicherheitsrelevante Fehlermeldungen (z. B. Hardwaredefekte, Überschreitung von Kapazitätsgrenzen),
- Warnmeldungen von Sicherheitssystemen (z. B. Virenschutz).

Diese Ereignisse MÜSSEN regelmäßig ausgewertet werden, um sicherzustellen, dass die IT-Systeme ordnungsgemäß funktionieren und keine Sicherheitsrisiken bestehen.

Quelle: APP.3.1.A1 (S.391), OPS.1.1.1 (S.204-205), SYS.1.1.A10 (S.123)";"1. Welche Rolle spielt die Protokollierung bei der Fehleranalyse?
2. Wie oft MÜSSEN die Protokollierungsdaten ausgewertet werden?
3. Welche Rolle spielt die Systemmanagement-Lösung bei der Überwachung von IT-Systemen?";3;3;0.74999999998125;1.0;0.9230769230769231;0.852419821943397;Welche Rolle spielt die Protokollierung bei der Fehleranalyse?;2;2;Protokollierung bei Fehleranalyse;Wie oft MÜSSEN die Protokollierungsdaten ausgewertet werden?;1;2;Teilweise abgedeckt;Welche Rolle spielt die Systemmanagement-Lösung bei der Überwachung von IT-Systemen?;2;1;Systemmanagement-Lösung bei Überwachung;1.667;1.667
Was muss ich bei der Planung des Einsatzes eines neuen Servers in meiner Infrastruktur beachten?;"Bei der Planung des Einsatzes eines neuen Servers in Ihrer Infrastruktur sollten Sie gemäß SYS.1.1.A12 Planung des Server-Einsatzes (S) verschiedene Punkte berücksichtigen, wie die Auswahl der Plattform, Dimensionierung der Hardware, Art und Anzahl der Kommunikationsschnittstellen, administrative Zugänge, Zugriffe von Benutzenden, Protokollierung und Einbindung ins System- und Netzmanagement Quelle: SYS.1.1.A12 Planung des Server-Einsatzes (S). Alle Entscheidungen sollten so dokumentiert werden, dass sie zu einem späteren Zeitpunkt nachvollzogen werden können Quelle: SYS.1.1.A12 Planung des Server-Einsatzes (S).

Anschlussfragen:
1. Wie sollten Sie die Auswahl der Plattform und des Betriebssystems für den neuen Server vornehmen?
2. Welche Rolle spielt die Dimensionierung der Hardware bei der Planung des Server-Einsatzes?
3. Wie können Sie sicherstellen, dass der neue Server angemessen in das System- und Netzmanagement integriert wird?";Bei der Planung des Einsatzes eines neuen Servers in Ihrer Infrastruktur sollten Sie gemäß SYS.1.1.A12 Planung des Server-Einsatzes (S) verschiedene Punkte berücksichtigen, wie die Auswahl der Plattform, Dimensionierung der Hardware, Art und Anzahl der Kommunikationsschnittstellen, administrative Zugänge, Zugriffe von Benutzenden, Protokollierung und Einbindung ins System- und Netzmanagement Quelle: SYS.1.1.A12 Planung des Server-Einsatzes (S). Alle Entscheidungen sollten so dokumentiert werden, dass sie zu einem späteren Zeitpunkt nachvollzogen werden können Quelle: SYS.1.1.A12 Planung des Server-Einsatzes (S).;"SYS.1.1.A12 Planung des Server-Einsatzes (S) Jedes Server-System SOLLTE geeignet geplant werden. Dabei SOLLTEN mindestens folgende Punkte berücksichtigt werden:

• Auswahl der Plattform (Hardware oder virtualisierte Ressourcen), des Betriebssystems und der Anwendungssoftware,

• Dimensionierung der Hardware (Leistung, Speicher, Bandbreite etc.),

• Art und Anzahl der Kommunikationsschnittstellen,

• Leistungsaufnahme, Wärmelast, Platzbedarf und Bauform,

• administrative Zugänge (siehe SYS.1.1.A5 Schutz von Schnittstellen),

• Zugriffe von Benutzenden,

• Protokollierung (siehe SYS.1.1.A10 Protokollierung),

• Aktualisierung von Betriebssystem und Anwendungen sowie

• Einbindung ins System- und Netzmanagement, in die Datensicherung und die Schutzsysteme (Virenschutz, IDS etc.).

Alle Entscheidungen, die in der Planungsphase getroffen wurden, SOLLTEN so dokumentiert werden, dass sie zu einem späteren Zeitpunkt nachvollzogen werden können.";"Um die Planung des Einsatzes eines neuen Servers in Ihrer Infrastruktur zu treffen, müssen Sie die folgenden Punkte beachten:

- Auswahl der Plattform (Hardware oder virtualisierte Ressourcen), des Betriebssystems und der Anwendungssoftware (siehe APP.3.1.A1 Auswahl der Plattform, des Betriebssystems und der Anwendungssoftware).
- Dimensionierung der Hardware (Leistung, Speicher, Bandbreite etc.) (siehe APP.3.1.A2 Dimensionierung der Hardware).
- Art und Anzahl der Kommunikationsschnittstellen (siehe APP.3.1.A3 Art und Anzahl der Kommunikationsschnittstellen).
- Leistungsaufnahme, Wärmelast, Platzbedarf und Bauform (siehe APP.3.1.A4 Leistungsaufnahme, Wärmelast, Platzbedarf und Bauform).
- administrative Zugänge (siehe SYS.1.1.A5 Schutz von Schnittstellen).
- Zugriffe von Benutzenden (siehe SYS.1.1.A6 Zugriffe von Benutzenden).
- Protokollierung (siehe SYS.1.1.A10 Protokollierung).
- Aktualisierung von Betriebssystem und Anwendungen (siehe APP.3.1.A7 Aktualisierung von Betriebssystem und Anwendungen).
- Einbindung ins System- und Netzmanagement, in die Datensicherung und die Schutzsysteme (Virenschutz, IDS etc.) (siehe APP.3.1.A8 Einbindung ins System- und Netzmanagement, in die Datensicherung und die Schutzsysteme).

Es ist wichtig, dass alle Entscheidungen, die in der Planungsphase getroffen werden, so dokumentiert werden, dass sie zu einem späteren Zeitpunkt nachvollzogen werden können.

Anschlussfragen:

1. Wie können Sie sicherstellen, dass die Planung des Server-Einsatzes umfassend und präzise ist?
2. Welche Rolle spielt die Dokumentation bei der Planung des Server-Einsatzes?
3. Wie können Sie die Sicherheit des Servers während der Planungsphase gewährleisten?";"Um die Planung des Einsatzes eines neuen Servers in Ihrer Infrastruktur zu treffen, müssen Sie die folgenden Punkte beachten:

- Auswahl der Plattform (Hardware oder virtualisierte Ressourcen), des Betriebssystems und der Anwendungssoftware (siehe APP.3.1.A1 Auswahl der Plattform, des Betriebssystems und der Anwendungssoftware).
- Dimensionierung der Hardware (Leistung, Speicher, Bandbreite etc.) (siehe APP.3.1.A2 Dimensionierung der Hardware).
- Art und Anzahl der Kommunikationsschnittstellen (siehe APP.3.1.A3 Art und Anzahl der Kommunikationsschnittstellen).
- Leistungsaufnahme, Wärmelast, Platzbedarf und Bauform (siehe APP.3.1.A4 Leistungsaufnahme, Wärmelast, Platzbedarf und Bauform).
- administrative Zugänge (siehe SYS.1.1.A5 Schutz von Schnittstellen).
- Zugriffe von Benutzenden (siehe SYS.1.1.A6 Zugriffe von Benutzenden).
- Protokollierung (siehe SYS.1.1.A10 Protokollierung).
- Aktualisierung von Betriebssystem und Anwendungen (siehe APP.3.1.A7 Aktualisierung von Betriebssystem und Anwendungen).
- Einbindung ins System- und Netzmanagement, in die Datensicherung und die Schutzsysteme (Virenschutz, IDS etc.) (siehe APP.3.1.A8 Einbindung ins System- und Netzmanagement, in die Datensicherung und die Schutzsysteme).

Es ist wichtig, dass alle Entscheidungen, die in der Planungsphase getroffen werden, so dokumentiert werden, dass sie zu einem späteren Zeitpunkt nachvollzogen werden können.";"1. Wie können Sie sicherstellen, dass die Planung des Server-Einsatzes umfassend und präzise ist?
2. Welche Rolle spielt die Dokumentation bei der Planung des Server-Einsatzes?
3. Wie können Sie die Sicherheit des Servers während der Planungsphase gewährleisten?";3;3;0.9999999999833333;1.0;0.9090909090909091;0.7357633842962471;Wie können Sie sicherstellen, dass die Planung des Server-Einsatzes umfassend und präzise ist?;2;2;Direkte Relevanz zur Server-Planung;Welche Rolle spielt die Dokumentation bei der Planung des Server-Einsatzes?;2;2;Dokumentation bei Server-Einsatz;Wie können Sie die Sicherheit des Servers während der Planungsphase gewährleisten?;2;2;Sicherheit bei Server-Planung;2.0;2.0
Wie sollte die Installation und Grundkonfiguration ablaufen?;"Die Installation und Grundkonfiguration von Servern SOLLTE soweit wie möglich innerhalb einer gesonderten und von Produktivsystemen abgetrennten Installationsumgebung vorgenommen werden Quelle: SYS.1.1.A16 (S.?). Die Konfiguration des Betriebssystems SOLLTE vor produktiver Inbetriebnahme des Servers bereits vorgenommen sein Quelle: SYS.1.1.A16 (S.?). Mehrere wesentliche Funktionen und Rollen SOLLTEN NICHT durch einen einzigen Server erfüllt, sondern geeignet aufgeteilt werden Quelle: SYS.1.1.A16 (S.?).

Anschlussfragen:
1. Wie sollten die sicherheitsrelevanten Einstellungen der aktivierten Dienste und Funktionen konfiguriert werden?
2. Welche Rolle spielt die Dokumentation und Begründung von Konfigurationsentscheidungen?
3. Wie sollten Server mit Internetzugang konfiguriert und geschützt werden?";Die Installation und Grundkonfiguration von Servern SOLLTE soweit wie möglich innerhalb einer gesonderten und von Produktivsystemen abgetrennten Installationsumgebung vorgenommen werden Quelle: SYS.1.1.A16 (S.?). Die Konfiguration des Betriebssystems SOLLTE vor produktiver Inbetriebnahme des Servers bereits vorgenommen sein Quelle: SYS.1.1.A16 (S.?). Mehrere wesentliche Funktionen und Rollen SOLLTEN NICHT durch einen einzigen Server erfüllt, sondern geeignet aufgeteilt werden Quelle: SYS.1.1.A16 (S.?).;SYS.1.1.A16 Sichere Installation und Grundkonfiguration von Servern (S) Der vollständige Installations- und Konfigurationsvorgang SOLLTE soweit wie möglich innerhalb einer gesonderten und von Produktivsystemen abgetrennten Installationsumgebung vorgenommen werden. Die Konfiguration des Betriebssystems SOLLTE vor produktiver Inbetriebnahme des Servers bereits vorgenommen sein. Mehrere wesentliche Funktionen und Rollen SOLLTEN NICHT durch einen einzigen Server erfüllt, sondern geeignet aufgeteilt werden. Alle sicherheitsrelevanten Einstellungen der aktivierten Dienste und Funktionen (vgl. SYS.1.1.A6 Deaktivierung nicht benötigter Dienste) SOLLTEN entsprechend den Vorgaben der Sicherheitsrichtlinie für Server (siehe SYS.1.1.A11 Festlegung einer Sicherheitsrichtlinie für Server) konfiguriert, getestet und regelmäßig inhaltlich überprüft werden. Dabei SOLLTE der Server unter Berücksichtigung der Empfehlungen des Betriebssystemherstellers und des voreingestellten Standardverhaltens konfiguriert werden, sofern dies nicht anderen Anforderungen aus dem IT-Grundschutz oder der Organisation widerspricht. Die Entscheidungen SOLLTEN dokumentiert und begründet werden. Konfigurationsoptionen SOLLTEN in jedem Fall gesetzt werden, auch dann, wenn das voreingestellte Standardverhalten dadurch nicht verändert wird. Sofern der Server eine Verbindung in das Internet benötigt oder aus dem Internet erreichbar sein muss, SOLLTE er erst mit dem Internet verbunden werden, nachdem die Installation und die Konfiguration abgeschlossen sind.;"Antwort:

Die Installation und Grundkonfiguration von IT-Systemen, einschließlich Clients, Servern, IoT-Geräten und Software, SOLLTE nach einem definierten Prozess durch autorisierte Personen durchgeführt werden. Die Installation und Konfiguration SOLLTEN in einer separaten Installationsumgebung vorgenommen werden, um die Produktivsysteme zu schützen.

Für Clients SOLLTE festgelegt werden, welche Komponenten des Betriebssystems, welche Fachanwendungen und welche weiteren Tools installiert werden sollen. Die Installation und Konfiguration SOLLTEN so dokumentiert werden, dass diese durch sachkundige Dritte nachvollzogen und wiederholt werden können.

Für Server SOLLTE der vollständige Installations- und Konfigurationsvorgang soweit wie möglich innerhalb einer gesonderten und von Produktivsystemen abgetrennten Installationsumgebung vorgenommen werden. Die Konfiguration des Betriebssystems SOLLTE vor produktiver Inbetriebnahme des Servers bereits vorgenommen sein.

Für IoT-Geräte SOLLTE festgelegt werden, unter welchen Rahmenbedingungen IoT-Geräte installiert und konfiguriert werden. Die IoT-Geräte SOLLTEN nur von autorisierten Personen nach einem definierten Prozess installiert und konfiguriert werden.

Für Software SOLLTE die Installation und Konfiguration so geregelt werden, dass die Software nur mit dem geringsten notwendigen Funktionsumfang installiert und ausgeführt wird. Die Software SOLLTE mit den geringsten möglichen Berechtigungen ausgeführt werden. Die datensparsamsten Einstellungen SOLLTEN konfiguriert werden.

Für Speicherlösungen SOLLTEN alle eingesetzten Softwarekomponenten und die Firmware aktuell sein. Eine sichere Grundkonfiguration SOLLTEN hergestellt werden. Nicht genutzte Schnittstellen des Speichersystems SOLLTEN deaktiviert werden.

Für Netzkomponenten SOLLTEN Software bzw. Firmware und Konfigurationsdaten automatisch über das Netz verteilt und ohne Betriebsunterbrechung installiert und aktiviert werden können.

Für VoIP-Middleware SOLLTEN die Default-Konfigurationen der VoIP-Middleware vor der produktiven Inbetriebnahme angepasst werden. Alle Installations- und Konfigurationsschritte SOLLTEN so dokumentiert werden, dass die Installation und Konfiguration durch sachkundige Dritte anhand der Dokumentation nachvollzogen und wiederholt werden können.

Für VDI-Komponenten SOLLTEN mindestens berücksichtigt werden, wie auf betrieblich und technisch notwendige Funktionen beschränkt wird, wie die Kommunikation zwischen VDI-Komponenten abgesichert wird sowie virtuelle Clients sicher den Benutzenden oder Gruppen hiervon zugewiesen werden.

Quelle: APP.3.1.A1 (S.391), APP.3.2 (S.392), SYS.1.1.A6 (S.204), SYS.1.1.A11 (S.205), ORP.4.A8 (S.73)

Anschlussfragen:

1. Wie sollten die Installations- und Konfigurationsschritte für IoT-Geräte dokumentiert werden?
2. Wie sollte die Integrität der Installationsdateien für Software überprüft werden?
3. Wie sollten die Konfigurationen der VDI-Komponenten geeignet dokumentiert werden?";"Antwort:

Die Installation und Grundkonfiguration von IT-Systemen, einschließlich Clients, Servern, IoT-Geräten und Software, SOLLTE nach einem definierten Prozess durch autorisierte Personen durchgeführt werden. Die Installation und Konfiguration SOLLTEN in einer separaten Installationsumgebung vorgenommen werden, um die Produktivsysteme zu schützen.

Für Clients SOLLTE festgelegt werden, welche Komponenten des Betriebssystems, welche Fachanwendungen und welche weiteren Tools installiert werden sollen. Die Installation und Konfiguration SOLLTEN so dokumentiert werden, dass diese durch sachkundige Dritte nachvollzogen und wiederholt werden können.

Für Server SOLLTE der vollständige Installations- und Konfigurationsvorgang soweit wie möglich innerhalb einer gesonderten und von Produktivsystemen abgetrennten Installationsumgebung vorgenommen werden. Die Konfiguration des Betriebssystems SOLLTE vor produktiver Inbetriebnahme des Servers bereits vorgenommen sein.

Für IoT-Geräte SOLLTE festgelegt werden, unter welchen Rahmenbedingungen IoT-Geräte installiert und konfiguriert werden. Die IoT-Geräte SOLLTEN nur von autorisierten Personen nach einem definierten Prozess installiert und konfiguriert werden.

Für Software SOLLTE die Installation und Konfiguration so geregelt werden, dass die Software nur mit dem geringsten notwendigen Funktionsumfang installiert und ausgeführt wird. Die Software SOLLTE mit den geringsten möglichen Berechtigungen ausgeführt werden. Die datensparsamsten Einstellungen SOLLTEN konfiguriert werden.

Für Speicherlösungen SOLLTEN alle eingesetzten Softwarekomponenten und die Firmware aktuell sein. Eine sichere Grundkonfiguration SOLLTEN hergestellt werden. Nicht genutzte Schnittstellen des Speichersystems SOLLTEN deaktiviert werden.

Für Netzkomponenten SOLLTEN Software bzw. Firmware und Konfigurationsdaten automatisch über das Netz verteilt und ohne Betriebsunterbrechung installiert und aktiviert werden können.

Für VoIP-Middleware SOLLTEN die Default-Konfigurationen der VoIP-Middleware vor der produktiven Inbetriebnahme angepasst werden. Alle Installations- und Konfigurationsschritte SOLLTEN so dokumentiert werden, dass die Installation und Konfiguration durch sachkundige Dritte anhand der Dokumentation nachvollzogen und wiederholt werden können.

Für VDI-Komponenten SOLLTEN mindestens berücksichtigt werden, wie auf betrieblich und technisch notwendige Funktionen beschränkt wird, wie die Kommunikation zwischen VDI-Komponenten abgesichert wird sowie virtuelle Clients sicher den Benutzenden oder Gruppen hiervon zugewiesen werden.

Quelle: APP.3.1.A1 (S.391), APP.3.2 (S.392), SYS.1.1.A6 (S.204), SYS.1.1.A11 (S.205), ORP.4.A8 (S.73)";"1. Wie sollten die Installations- und Konfigurationsschritte für IoT-Geräte dokumentiert werden?
2. Wie sollte die Integrität der Installationsdateien für Software überprüft werden?
3. Wie sollten die Konfigurationen der VDI-Komponenten geeignet dokumentiert werden?";3;3;0.9266666666481335;1.0;0.0;0.31463854541087327;Wie sollten die Installations- und Konfigurationsschritte für IoT-Geräte dokumentiert werden?;2;2;Dokumentation von Installations- und Konfigurationsschritten;Wie sollte die Integrität der Installationsdateien für Software überprüft werden?;2;2;Direkte Relevanz zur Integrität von Installationsdateien;Wie sollten die Konfigurationen der VDI-Komponenten geeignet dokumentiert werden?;2;2;Direkte Dokumentationsanforderung;2.0;2.0
Was muss in der Betriebsdokumentation enthalten sein?;"Die Betriebsdokumentation für Server sollte nachvollziehbar dokumentieren, welche betrieblichen Aufgaben an einem Server durchgeführt werden, einschließlich Informationen über Wer, Wann und Was. Insbesondere sollten Konfigurationsänderungen und sicherheitsrelevante Aufgaben, wie die Befugnis zum Einbau neuer Festplatten, dokumentiert werden. Alles, was automatisch dokumentiert werden kann, sollte auch automatisch dokumentiert werden. Die Dokumentation sollte gegen unbefugten Zugriff und Verlust geschützt werden Quelle: SYS.1.1.A21 Betriebsdokumentation für Server (S).

Anschlussfragen:
1. Wie sollten Konfigurationsänderungen an Servern dokumentiert werden?
2. Welche Rolle spielt die Automatisierung bei der Dokumentation von Server-Aktivitäten?
3. Wie sollte die Betriebsdokumentation vor unbefugtem Zugriff geschützt werden?";Die Betriebsdokumentation für Server sollte nachvollziehbar dokumentieren, welche betrieblichen Aufgaben an einem Server durchgeführt werden, einschließlich Informationen über Wer, Wann und Was. Insbesondere sollten Konfigurationsänderungen und sicherheitsrelevante Aufgaben, wie die Befugnis zum Einbau neuer Festplatten, dokumentiert werden. Alles, was automatisch dokumentiert werden kann, sollte auch automatisch dokumentiert werden. Die Dokumentation sollte gegen unbefugten Zugriff und Verlust geschützt werden Quelle: SYS.1.1.A21 Betriebsdokumentation für Server (S).;SYS.1.1.A21 Betriebsdokumentation für Server (S) Betriebliche Aufgaben, die an einem Server durchgeführt werden, SOLLTEN nachvollziehbar dokumentiert werden (Wer?, Wann?, Was?). Aus der Dokumentation SOLLTEN insbesondere Konfigurationsänderungen nachvollziehbar sein. Sicherheitsrelevante Aufgaben, z. B. wer befugt ist, neue Festplatten einzubauen, SOLLTEN dokumentiert werden. Alles, was automatisch dokumentiert werden kann, SOLLTE auch automatisch dokumentiert werden. Die Dokumentation SOLLTE gegen unbefugten Zugriff und Verlust geschützt werden.;"Antwort:

Die Betriebsdokumentation SOLLTE konkrete Sicherheitshinweise für die Installation und Konfiguration für Administration, sowie für die Benutzung des Produktes beinhalten (APP.3.1.A1 (S.391)). Sie SOLLTE auch die Software-Architektur und Bedrohungsmodellierung umfassen (APP.3.1.A1 (S.391)).

Die wichtigsten betrieblichen Aufgaben eines Routers oder Switches MÜSSEN geeignet dokumentiert werden (NET.1.1 (S. 204-205)). Es SOLLTEN alle Konfigurationsänderungen sowie sicherheitsrelevante Aufgaben dokumentiert werden (NET.1.1 (S. 204-205)).

Die Durchführung betrieblicher Aufgaben an Clients bzw. Clientgruppen SOLLTE nachvollziehbar anhand der Fragen „Wer?“, „Wann?“ und „Was?“ dokumentiert werden (APP.3.1.A1 (S.391)). Aus der Dokumentation SOLLTEN insbesondere Konfigurationsänderungen nachvollziehbar sein (APP.3.1.A1 (S.391)).

Die Betriebsdokumentation SOLLTE vor unbefugten Zugriffen und Verlust geschützt werden (NET.1.1 (S. 204-205)).

Anschlussfragen:

1. Welche Dokumentationen SOLLTEN für die Software-Entwicklung erstellt werden?
2. Wie SOLLTEN die betrieblichen Aufgaben einer Firewall dokumentiert werden?
3. Welche Dokumentation SOLLTE für die Management-Infrastruktur des Netzes erstellt werden?";"Antwort:

Die Betriebsdokumentation SOLLTE konkrete Sicherheitshinweise für die Installation und Konfiguration für Administration, sowie für die Benutzung des Produktes beinhalten (APP.3.1.A1 (S.391)). Sie SOLLTE auch die Software-Architektur und Bedrohungsmodellierung umfassen (APP.3.1.A1 (S.391)).

Die wichtigsten betrieblichen Aufgaben eines Routers oder Switches MÜSSEN geeignet dokumentiert werden (NET.1.1 (S. 204-205)). Es SOLLTEN alle Konfigurationsänderungen sowie sicherheitsrelevante Aufgaben dokumentiert werden (NET.1.1 (S. 204-205)).

Die Durchführung betrieblicher Aufgaben an Clients bzw. Clientgruppen SOLLTE nachvollziehbar anhand der Fragen „Wer?“, „Wann?“ und „Was?“ dokumentiert werden (APP.3.1.A1 (S.391)). Aus der Dokumentation SOLLTEN insbesondere Konfigurationsänderungen nachvollziehbar sein (APP.3.1.A1 (S.391)).

Die Betriebsdokumentation SOLLTE vor unbefugten Zugriffen und Verlust geschützt werden (NET.1.1 (S. 204-205)).";"1. Welche Dokumentationen SOLLTEN für die Software-Entwicklung erstellt werden?
2. Wie SOLLTEN die betrieblichen Aufgaben einer Firewall dokumentiert werden?
3. Welche Dokumentation SOLLTE für die Management-Infrastruktur des Netzes erstellt werden?";3;3;0.8357142857003571;0.8292682926829268;0.7142857142857143;0.4126483654282148;Welche Dokumentationen SOLLTEN für die Software-Entwicklung erstellt werden?;2;2;Direkt relevante Dokumentation;Wie SOLLTEN die betrieblichen Aufgaben einer Firewall dokumentiert werden?;2;2;Direkte Dokumentationsanforderungen;Welche Dokumentation SOLLTE für die Management-Infrastruktur des Netzes erstellt werden?;2;2;Direkte Relevanz zu Netzmanagement-Dokumentation;2.0;2.0
Wie binde ich Server in die Notfallplanung ein?;"Um Server in die Notfallplanung einzubinden, sollten die Notfallanforderungen an den Server ermittelt und geeignete Notfallmaßnahmen umgesetzt werden, wie z.B. die Erstellung von Wiederanlaufplänen oder die sichere Hinterlegung von Passwörtern und kryptografischen Schlüsseln Quelle: SYS.1.1.A22 (S). Dieser Ansatz ist Teil des Notfallmanagementprozesses und stellt sicher, dass der Server im Notfall ordnungsgemäß wiederhergestellt werden kann.

Es ist wichtig, den Server im Notfallmanagementprozess zu berücksichtigen, da dies die Verfügbarkeit und Integrität der Daten und Dienste gewährleistet Quelle: SYS.1.1.A22 (S). Darüber hinaus sollten die Anforderungen an das Rollen- und Berechtigungskonzept aus dem Baustein ORP.4 Identitäts- und Berechtigungsmanagement sowie Anforderungen aus dem Baustein DER.4 Notfallmanagement berücksichtigt werden.

Anschlussfragen:
1. Wie können Wiederanlaufpläne für Server erstellt werden, um eine schnelle Wiederherstellung im Notfall zu gewährleisten?
2. Welche Rolle spielt die sichere Hinterlegung von Passwörtern und kryptografischen Schlüsseln in der Notfallplanung für Server?
3. Wie können Server administrativ und technisch so konfiguriert werden, dass sie im Notfall schnell und sicher wiederhergestellt werden können?";"Um Server in die Notfallplanung einzubinden, sollten die Notfallanforderungen an den Server ermittelt und geeignete Notfallmaßnahmen umgesetzt werden, wie z.B. die Erstellung von Wiederanlaufplänen oder die sichere Hinterlegung von Passwörtern und kryptografischen Schlüsseln Quelle: SYS.1.1.A22 (S). Dieser Ansatz ist Teil des Notfallmanagementprozesses und stellt sicher, dass der Server im Notfall ordnungsgemäß wiederhergestellt werden kann.

Es ist wichtig, den Server im Notfallmanagementprozess zu berücksichtigen, da dies die Verfügbarkeit und Integrität der Daten und Dienste gewährleistet Quelle: SYS.1.1.A22 (S). Darüber hinaus sollten die Anforderungen an das Rollen- und Berechtigungskonzept aus dem Baustein ORP.4 Identitäts- und Berechtigungsmanagement sowie Anforderungen aus dem Baustein DER.4 Notfallmanagement berücksichtigt werden.";SYS.1.1.A22 Einbindung in die Notfallplanung (S) Der Server SOLLTE im Notfallmanagementprozess berücksichtigt werden. Dazu SOLLTEN die Notfallanforderungen an den Server ermittelt und geeignete Notfallmaßnahmen umgesetzt werden, z. B. indem Wiederanlaufpläne erstellt oder Passwörter und kryptografische Schlüssel sicher hinterlegt werden.;"Antwort:

Um Server in die Notfallplanung einzubinden, SOLLTEN die Notfallanforderungen an den Server ermittelt und geeignete Notfallmaßnahmen umgesetzt werden. Dazu SOLLTEN Wiederanlaufpläne erstellt oder Passwörter und kryptografische Schlüssel sicher hinterlegt werden.

Ein Notfallplan für DNS-Server MUSS erstellt werden, der in die bereits vorhandenen Notfallpläne der Institution integriert werden SOLLTE. Im Notfallplan für DNS-Server MUSS ein Datensicherungskonzept für die Zonen- und Konfigurationsdateien beschrieben sein, das in das existierende Datensicherungskonzept der Institution integriert werden SOLLTE. Der Notfallplan für DNS-Server MUSS einen Wiederanlaufplan für alle DNS-Server im Informationsverbund enthalten.

Die Clients SOLLTEN im Notfallmanagementprozess berücksichtigt werden und hinsichtlich der Geschäftsprozesse oder Fachaufgaben, für die sie benötigt werden, für den Wiederanlauf priorisiert werden. Es SOLLTEN geeignete Notfallmaßnahmen vorgesehen werden, indem mindestens Wiederanlaufpläne erstellt, Bootmedien zur Systemwiederherstellung generiert sowie Passwörter und kryptografische Schlüssel sicher hinterlegt werden.

Die Netzmanagement-Lösungen SOLLTEN in die Notfallplanung der Institution eingebunden werden. Dazu SOLLTEN die Netzmanagement-Werkzeuge und die Konfigurationen der Netzkomponenten gesichert und in die Wiederanlaufpläne integriert sein.

Anforderungen:

- ORP.1.A1 Festlegung von Verantwortlichkeiten und Regelungen (B) [Institutionsleitung]
- APP.3.1.A1 Wiederherstellung von Daten und Systemen (S) [IT-Betrieb]
- ORP.4.A8 Passwörter und kryptografische Schlüssel (S) [IT-Betrieb]

Quelle: APP.3.1.A1 (S.391), ORP.4.A8 (S.73)

Anschlussfragen:

1. Wie können die Notfallanforderungen an den Server ermittelt werden?
2. Welche Rolle spielt die Systemmanagement-Lösung in der Notfallplanung?
3. Wie können die Netzmanagement-Werkzeuge und die Konfigurationen der Netzkomponenten gesichert werden?";"Antwort:

Um Server in die Notfallplanung einzubinden, SOLLTEN die Notfallanforderungen an den Server ermittelt und geeignete Notfallmaßnahmen umgesetzt werden. Dazu SOLLTEN Wiederanlaufpläne erstellt oder Passwörter und kryptografische Schlüssel sicher hinterlegt werden.

Ein Notfallplan für DNS-Server MUSS erstellt werden, der in die bereits vorhandenen Notfallpläne der Institution integriert werden SOLLTE. Im Notfallplan für DNS-Server MUSS ein Datensicherungskonzept für die Zonen- und Konfigurationsdateien beschrieben sein, das in das existierende Datensicherungskonzept der Institution integriert werden SOLLTE. Der Notfallplan für DNS-Server MUSS einen Wiederanlaufplan für alle DNS-Server im Informationsverbund enthalten.

Die Clients SOLLTEN im Notfallmanagementprozess berücksichtigt werden und hinsichtlich der Geschäftsprozesse oder Fachaufgaben, für die sie benötigt werden, für den Wiederanlauf priorisiert werden. Es SOLLTEN geeignete Notfallmaßnahmen vorgesehen werden, indem mindestens Wiederanlaufpläne erstellt, Bootmedien zur Systemwiederherstellung generiert sowie Passwörter und kryptografische Schlüssel sicher hinterlegt werden.

Die Netzmanagement-Lösungen SOLLTEN in die Notfallplanung der Institution eingebunden werden. Dazu SOLLTEN die Netzmanagement-Werkzeuge und die Konfigurationen der Netzkomponenten gesichert und in die Wiederanlaufpläne integriert sein.

Anforderungen:

- ORP.1.A1 Festlegung von Verantwortlichkeiten und Regelungen (B) [Institutionsleitung]
- APP.3.1.A1 Wiederherstellung von Daten und Systemen (S) [IT-Betrieb]
- ORP.4.A8 Passwörter und kryptografische Schlüssel (S) [IT-Betrieb]

Quelle: APP.3.1.A1 (S.391), ORP.4.A8 (S.73)";"1. Wie können die Notfallanforderungen an den Server ermittelt werden?
2. Welche Rolle spielt die Systemmanagement-Lösung in der Notfallplanung?
3. Wie können die Netzmanagement-Werkzeuge und die Konfigurationen der Netzkomponenten gesichert werden?";3;3;0.9617346938638119;1.0;0.4166666666666667;0.453693845748692;Wie können die Notfallanforderungen an den Server ermittelt werden?;2;2;Direkte Abdeckung;Welche Rolle spielt die Systemmanagement-Lösung in der Notfallplanung?;2;2;Direkte Einbindung;Wie können die Netzmanagement-Werkzeuge und die Konfigurationen der Netzkomponenten gesichert werden?;2;1;Netzmanagement und Konfiguration;2.0;1.667
Welche Sicherheitsprüfungen für Serversysteme sollte ich durchführen?;"Um die Sicherheit von Serversystemen zu gewährleisten, sollten regelmäßige Sicherheitstests durchgeführt werden, um zu überprüfen, ob alle Sicherheitsvorgaben eingehalten werden und gegebenenfalls vorhandene Schwachstellen zu identifizieren. Diese Sicherheitsprüfungen sollten insbesondere auf Servern mit externen Schnittstellen durchgeführt werden, aber auch interne Server sollten in festgelegten Zyklen überprüft werden. Es sollte geprüft werden, ob die Sicherheitsprüfungen automatisiert, z. B. mittels geeigneter Skripte, realisiert werden können. Quelle: SYS.1.1.A24 Sicherheitsprüfungen für Server (S)

Anschlussfragen:
1. Wie oft sollten Sicherheitsprüfungen für interne Server durchgeführt werden?
2. Welche Rolle spielen automatisierte Sicherheitsprüfungen bei der Überwachung von Servern?
3. Wie sollten Server mit externen Schnittstellen im Vergleich zu internen Servern hinsichtlich der Sicherheitsprüfungen behandelt werden?";Um die Sicherheit von Serversystemen zu gewährleisten, sollten regelmäßige Sicherheitstests durchgeführt werden, um zu überprüfen, ob alle Sicherheitsvorgaben eingehalten werden und gegebenenfalls vorhandene Schwachstellen zu identifizieren. Diese Sicherheitsprüfungen sollten insbesondere auf Servern mit externen Schnittstellen durchgeführt werden, aber auch interne Server sollten in festgelegten Zyklen überprüft werden. Es sollte geprüft werden, ob die Sicherheitsprüfungen automatisiert, z. B. mittels geeigneter Skripte, realisiert werden können. Quelle: SYS.1.1.A24 Sicherheitsprüfungen für Server (S);SYS.1.1.A24 Sicherheitsprüfungen für Server (S) Server SOLLTEN regelmäßigen Sicherheitstests unterzogen werden, die überprüfen, ob alle Sicherheitsvorgaben eingehalten werden und gegebenenfalls vorhandene Schwachstellen identifizieren. Diese Sicherheitsprüfungen SOLLTEN insbesondere auf Servern mit externen Schnittstellen durchgeführt werden. Um mittelbare Angriffe über infizierte IT-Systeme im eigenen Netz zu vermeiden, SOLLTEN jedoch auch interne Server in festgelegten Zyklen entsprechend überprüft werden. Es SOLLTE geprüft werden, ob die Sicherheitsprüfungen automatisiert, z. B. mittels geeigneter Skripte, realisiert werden können.;"Antwort:

Um die Sicherheit von Serversystemen zu gewährleisten, sollten regelmäßige Sicherheitstests durchgeführt werden, die überprüfen, ob alle Sicherheitsvorgaben eingehalten werden und gegebenenfalls vorhandene Schwachstellen identifizieren. Insbesondere sollten Server mit externen Schnittstellen überprüft werden, um mittelbare Angriffe über infizierte IT-Systeme im eigenen Netz zu vermeiden.

Die Sicherheitsprüfungen sollten auch auf interne Server durchgeführt werden, um sicherzustellen, dass diese nicht als Einfallstor für Angriffe dienen. Es sollte geprüft werden, ob die Sicherheitsprüfungen automatisiert durchgeführt werden können, um die Effizienz und Genauigkeit der Prüfungen zu erhöhen.

Die folgenden Sicherheitsprüfungen sollten durchgeführt werden:

- Überprüfung der Konfiguration des Betriebssystems und der aktivierten Dienste und Funktionen (vgl. SYS.1.1.A6 Deaktivierung nicht benötigter Dienste)
- Überprüfung der Sicherheitsrichtlinie für Server (siehe SYS.1.1.A11 Festlegung einer Sicherheitsrichtlinie für Server)
- Überprüfung der Rolle und Funktionen des Servers (vgl. SYS.1.1.A1 Festlegung von Verantwortlichkeiten und Regelungen)
- Überprüfung der Authentifizierung und Autorisierung von Benutzern (vgl. SYS.1.1.A8 Authentifizierung und Autorisierung von Benutzern)
- Überprüfung der Datenbank-Infrastruktur und des Datenbankmanagementsystems (vgl. SYS.1.1.A9 Datenbank-Infrastruktur und Datenbankmanagementsystem)

Quelle: SYS.1.1.A1 (S. 11), SYS.1.1.A6 (S. 12), SYS.1.1.A8 (S. 13), SYS.1.1.A9 (S. 14), SYS.1.1.A11 (S. 15)

Anschlussfragen:

1. Welche Rolle spielen die Sicherheitsprüfungen bei der Gewährleistung der Informationssicherheit?
2. Wie können die Sicherheitsprüfungen automatisiert durchgeführt werden?
3. Welche Sicherheitsprüfungen sollten für Datenbanksysteme durchgeführt werden?";"Antwort:

Um die Sicherheit von Serversystemen zu gewährleisten, sollten regelmäßige Sicherheitstests durchgeführt werden, die überprüfen, ob alle Sicherheitsvorgaben eingehalten werden und gegebenenfalls vorhandene Schwachstellen identifizieren. Insbesondere sollten Server mit externen Schnittstellen überprüft werden, um mittelbare Angriffe über infizierte IT-Systeme im eigenen Netz zu vermeiden.

Die Sicherheitsprüfungen sollten auch auf interne Server durchgeführt werden, um sicherzustellen, dass diese nicht als Einfallstor für Angriffe dienen. Es sollte geprüft werden, ob die Sicherheitsprüfungen automatisiert durchgeführt werden können, um die Effizienz und Genauigkeit der Prüfungen zu erhöhen.

Die folgenden Sicherheitsprüfungen sollten durchgeführt werden:

- Überprüfung der Konfiguration des Betriebssystems und der aktivierten Dienste und Funktionen (vgl. SYS.1.1.A6 Deaktivierung nicht benötigter Dienste)
- Überprüfung der Sicherheitsrichtlinie für Server (siehe SYS.1.1.A11 Festlegung einer Sicherheitsrichtlinie für Server)
- Überprüfung der Rolle und Funktionen des Servers (vgl. SYS.1.1.A1 Festlegung von Verantwortlichkeiten und Regelungen)
- Überprüfung der Authentifizierung und Autorisierung von Benutzern (vgl. SYS.1.1.A8 Authentifizierung und Autorisierung von Benutzern)
- Überprüfung der Datenbank-Infrastruktur und des Datenbankmanagementsystems (vgl. SYS.1.1.A9 Datenbank-Infrastruktur und Datenbankmanagementsystem)

Quelle: SYS.1.1.A1 (S. 11), SYS.1.1.A6 (S. 12), SYS.1.1.A8 (S. 13), SYS.1.1.A9 (S. 14), SYS.1.1.A11 (S. 15)";"1. Welche Rolle spielen die Sicherheitsprüfungen bei der Gewährleistung der Informationssicherheit?
2. Wie können die Sicherheitsprüfungen automatisiert durchgeführt werden?
3. Welche Sicherheitsprüfungen sollten für Datenbanksysteme durchgeführt werden?";3;3;0.8555555555412964;1.0;0.2;0.4924366108955579;Welche Rolle spielen die Sicherheitsprüfungen bei der Gewährleistung der Informationssicherheit?;2;2;Direkte Relevanz zur Informationssicherheit;Wie können die Sicherheitsprüfungen automatisiert durchgeführt werden?;2;2;Automatisierung direkt im Text;Welche Sicherheitsprüfungen sollten für Datenbanksysteme durchgeführt werden?;2;2;Direkt relevante Vertiefung;2.0;2.0
Was muss ich bei der Außerbetriebnahme von Servern beachten?;"Bei der Außerbetriebnahme von Servern sollte sichergestellt werden, dass keine wichtigen Daten verloren gehen und keine schutzbedürftigen Daten zurückbleiben. Es sollte ein Überblick darüber geben, welche Daten wo auf dem Server gespeichert sind. Rechtzeitig sollte sichergestellt werden, dass vom Server angebotene Dienste durch einen anderen Server übernommen werden, wenn dies erforderlich ist. Eine Checkliste sollte erstellt werden, die bei der Außerbetriebnahme eines Servers abgearbeitet werden kann und mindestens Aspekte zu Datensicherung, Migration von Diensten und dem anschließenden sicheren Löschen aller Daten umfasst Quelle: SYS.1.1.A25 Geregelte Außerbetriebnahme eines Servers (S).

Anschlussfragen:
1. Wie kann ich sicherstellen, dass alle Daten auf dem Server gesichert sind, bevor er außer Betrieb genommen wird?
2. Welche Rolle spielt die Checkliste bei der Außerbetriebnahme eines Servers und was sollte sie mindestens enthalten?
3. Wie kann ich sicherstellen, dass die vom Server angebotenen Dienste nach der Außerbetriebnahme weiterhin verfügbar sind?";Bei der Außerbetriebnahme von Servern sollte sichergestellt werden, dass keine wichtigen Daten verloren gehen und keine schutzbedürftigen Daten zurückbleiben. Es sollte ein Überblick darüber geben, welche Daten wo auf dem Server gespeichert sind. Rechtzeitig sollte sichergestellt werden, dass vom Server angebotene Dienste durch einen anderen Server übernommen werden, wenn dies erforderlich ist. Eine Checkliste sollte erstellt werden, die bei der Außerbetriebnahme eines Servers abgearbeitet werden kann und mindestens Aspekte zu Datensicherung, Migration von Diensten und dem anschließenden sicheren Löschen aller Daten umfasst Quelle: SYS.1.1.A25 Geregelte Außerbetriebnahme eines Servers (S).;SYS.1.1.A25 Geregelte Außerbetriebnahme eines Servers (S) Bei der Außerbetriebnahme eines Servers SOLLTE sichergestellt werden, dass keine wichtigen Daten, die eventuell auf den verbauten Datenträgern gespeichert sind, verloren gehen und dass keine schutzbedürftigen Daten zurückbleiben. Es SOLLTE einen Überblick darüber geben, welche Daten wo auf dem Server gespeichert sind. Es SOLLTE rechtzeitig sichergestellt werden, dass vom Server angebotene Dienste durch einen anderen Server übernommen werden, wenn dies erforderlich ist. Es SOLLTE eine Checkliste erstellt werden, die bei der Außerbetriebnahme eines Servers abgearbeitet werden kann. Diese Checkliste SOLLTE mindestens Aspekte zu Datensicherung, Migration von Diensten und dem anschließenden sicheren Löschen aller Daten umfassen.;"Bei der Außerbetriebnahme von Servern SOLLTE sichergestellt werden, dass keine wichtigen Daten, die eventuell auf den verbauten Datenträgern gespeichert sind, verloren gehen und dass keine schutzbedürftigen Daten zurückbleiben. Es SOLLTE einen Überblick darüber geben, welche Daten wo auf dem Server gespeichert sind. Es SOLLTE rechtzeitig sichergestellt werden, dass vom Server angebotene Dienste durch einen anderen Server übernommen werden, wenn dies erforderlich ist.

Es SOLLTE eine Checkliste erstellt werden, die bei der Außerbetriebnahme eines Servers abgearbeitet werden kann. Diese Checkliste SOLLTE mindestens Aspekte zu Datensicherung, Migration von Diensten und dem anschließenden sicheren Löschen aller Daten umfassen.

Quelle: APP.3.1.A1 (S.391), ORP.1.A1 (S.73)

Anschlussfragen:
1. Wie kann ich sicherstellen, dass alle wichtigen Daten vor der Außerbetriebnahme eines Servers gesichert werden?
2. Welche Rolle spielt die Migration von Diensten bei der Außerbetriebnahme eines Servers?
3. Wie kann ich sicherstellen, dass alle Daten nach der Außerbetriebnahme eines Servers sicher gelöscht werden?";"Bei der Außerbetriebnahme von Servern SOLLTE sichergestellt werden, dass keine wichtigen Daten, die eventuell auf den verbauten Datenträgern gespeichert sind, verloren gehen und dass keine schutzbedürftigen Daten zurückbleiben. Es SOLLTE einen Überblick darüber geben, welche Daten wo auf dem Server gespeichert sind. Es SOLLTE rechtzeitig sichergestellt werden, dass vom Server angebotene Dienste durch einen anderen Server übernommen werden, wenn dies erforderlich ist.

Es SOLLTE eine Checkliste erstellt werden, die bei der Außerbetriebnahme eines Servers abgearbeitet werden kann. Diese Checkliste SOLLTE mindestens Aspekte zu Datensicherung, Migration von Diensten und dem anschließenden sicheren Löschen aller Daten umfassen.

Quelle: APP.3.1.A1 (S.391), ORP.1.A1 (S.73)";"1. Wie kann ich sicherstellen, dass alle wichtigen Daten vor der Außerbetriebnahme eines Servers gesichert werden?
2. Welche Rolle spielt die Migration von Diensten bei der Außerbetriebnahme eines Servers?
3. Wie kann ich sicherstellen, dass alle Daten nach der Außerbetriebnahme eines Servers sicher gelöscht werden?";3;3;0.9666666666473333;1.0;1.0;0.6455146911949357;Wie kann ich sicherstellen, dass alle wichtigen Daten vor der Außerbetriebnahme eines Servers gesichert werden?;2;2;Direkte Beantwortung durch IT-Grundschutz;Welche Rolle spielt die Migration von Diensten bei der Außerbetriebnahme eines Servers?;2;2;Direkte Relevanz zur Außerbetriebnahme;Wie kann ich sicherstellen, dass alle Daten nach der Außerbetriebnahme eines Servers sicher gelöscht werden?;2;2;Direkte Beantwortung durch IT-Grundschutz;2.0;2.0
Wie kann ich sicherheitskritische Anwendungen besser isolieren?;"Um sicherheitskritische Anwendungen besser zu isolieren, SOLLTEN Anwendungen und Betriebssystemkomponenten ihrem Schutzbedarf entsprechend besonders gekapselt oder anderen Anwendungen und Betriebssystemkomponenten gegenüber isoliert werden, wie in SYS.1.1.A37 Kapselung von sicherheitskritischen Anwendungen und Betriebssystemkomponenten (S) beschrieben Quelle: SYS.1.1.A37 (S. unbekannt). Dies gilt insbesondere für sicherheitskritische Anwendungen, die mit Daten aus unsicheren Quellen arbeiten, wie Webbrowser und Bürokommunikations-Anwendungen.

Anschlussfragen:
1. Wie kann ich den Schutzbedarf meiner Anwendungen und Betriebssystemkomponenten bestimmen?
2. Welche Rolle spielt die Kapselung von sicherheitskritischen Anwendungen im Rahmen des IT-Grundschutzes?
3. Wie können Server, die sicherheitskritische Anwendungen ausführen, besonders geschützt werden, um unberechtigten Zugriff zu verhindern?";Um sicherheitskritische Anwendungen besser zu isolieren, SOLLTEN Anwendungen und Betriebssystemkomponenten ihrem Schutzbedarf entsprechend besonders gekapselt oder anderen Anwendungen und Betriebssystemkomponenten gegenüber isoliert werden, wie in SYS.1.1.A37 Kapselung von sicherheitskritischen Anwendungen und Betriebssystemkomponenten (S) beschrieben Quelle: SYS.1.1.A37 (S. unbekannt). Dies gilt insbesondere für sicherheitskritische Anwendungen, die mit Daten aus unsicheren Quellen arbeiten, wie Webbrowser und Bürokommunikations-Anwendungen.;SYS.1.1.A37 Kapselung von sicherheitskritischen Anwendungen und Betriebssystemkomponenten (S) Um sowohl den unberechtigten Zugriff auf das Betriebssystem oder andere Anwendungen bei Angriffen als auch den Zugriff vom Betriebssystem auf besonders schützenswerte Dateien zu verhindern, SOLLTEN Anwendungen und Betriebssystemkomponenten (wie beispielsweise Authentisierung oder Zertifikatsüberprüfung) ihrem Schutzbedarf entsprechend besonders gekapselt oder anderen Anwendungen und Betriebssystemkomponenten gegenüber isoliert werden. Dabei SOLLTEN insbesondere sicherheitskritische Anwendungen berücksichtigt werden, die mit Daten aus unsicheren Quellen arbeiten (z. B. Webbrowser und Bürokommunikations-Anwendungen).;"Um sicherheitskritische Anwendungen besser zu isolieren, SOLLTEN sie ihrem Schutzbedarf entsprechend besonders gekapselt bzw. anderen Anwendungen und Betriebssystemkomponenten gegenüber isoliert werden. Dies kann durch die Verwendung von Kubernetes-Namespacen, Meta-Tags, Clustern und Netzen erreicht werden.

Anwendungen SOLLTEN jeweils in einem eigenen Kubernetes-Namespace laufen, der alle Programme der Anwendung umfasst. Nur Anwendungen mit ähnlichem Schutzbedarf und ähnlichen möglichen Angriffsvektoren SOLLTEN einen Kubernetes-Cluster teilen.

Trennung von Anwendungen auf Node- und Cluster-Ebene

Anwendungen mit einem sehr hohen Schutzbedarf SOLLTEN jeweils eigene Kubernetes-Cluster oder dedizierte Nodes nutzen, die nicht für andere Anwendungen bereitstehen.

Quelle: APP.3.1.A1 (S.391), KAP.1.A1 (S.11)

Anschlussfragen:
1. Wie kann ich sicherstellen, dass meine Anwendungen in einem eigenen Kubernetes-Namespace laufen?
2. Welche Sicherheitsfunktionen des Kernels und der Standardbibliotheken sollten aktiviert werden, um die Ausnutzung von Schwachstellen in Anwendungen zu erschweren?
3. Wie kann ich die Netztrennung in der eingesetzten Virtualisierungslösung sicherstellen, wenn virtuelle IT-Systeme mit unterschiedlichem Schutzbedarf gemeinsam auf einem Virtualisierungsserver betrieben werden?";"Um sicherheitskritische Anwendungen besser zu isolieren, SOLLTEN sie ihrem Schutzbedarf entsprechend besonders gekapselt bzw. anderen Anwendungen und Betriebssystemkomponenten gegenüber isoliert werden. Dies kann durch die Verwendung von Kubernetes-Namespacen, Meta-Tags, Clustern und Netzen erreicht werden.

Anwendungen SOLLTEN jeweils in einem eigenen Kubernetes-Namespace laufen, der alle Programme der Anwendung umfasst. Nur Anwendungen mit ähnlichem Schutzbedarf und ähnlichen möglichen Angriffsvektoren SOLLTEN einen Kubernetes-Cluster teilen.

Trennung von Anwendungen auf Node- und Cluster-Ebene

Anwendungen mit einem sehr hohen Schutzbedarf SOLLTEN jeweils eigene Kubernetes-Cluster oder dedizierte Nodes nutzen, die nicht für andere Anwendungen bereitstehen.

Quelle: APP.3.1.A1 (S.391), KAP.1.A1 (S.11)";"1. Wie kann ich sicherstellen, dass meine Anwendungen in einem eigenen Kubernetes-Namespace laufen?
2. Welche Sicherheitsfunktionen des Kernels und der Standardbibliotheken sollten aktiviert werden, um die Ausnutzung von Schwachstellen in Anwendungen zu erschweren?
3. Wie kann ich die Netztrennung in der eingesetzten Virtualisierungslösung sicherstellen, wenn virtuelle IT-Systeme mit unterschiedlichem Schutzbedarf gemeinsam auf einem Virtualisierungsserver betrieben werden?";3;3;0.9379251700546283;0.3181818181818182;0.8;0.6066551661638149;Wie kann ich sicherstellen, dass meine Anwendungen in einem eigenen Kubernetes-Namespace laufen?;2;2;Kubernetes-Namespace-Planung;Welche Sicherheitsfunktionen des Kernels und der Standardbibliotheken sollten aktiviert werden, um die Ausnutzung von Schwachstellen in Anwendungen zu erschweren?;2;2;Direkte Antwort durch IT-Grundschutz;Wie kann ich die Netztrennung in der eingesetzten Virtualisierungslösung sicherstellen, wenn virtuelle IT-Systeme mit unterschiedlichem Schutzbedarf gemeinsam auf einem Virtualisierungsserver betrieben werden?;2;2;Direkte Netztrennung in Virtualisierung;2.0;2.0
Welche Maßnahmen steigern die Verfügbarkeit und schützen vor Ausfällen?;"Um die Verfügbarkeit von Servern zu steigern und vor Ausfällen zu schützen, sollten mehrere Maßnahmen ergriffen werden. Dazu gehören die Implementierung von Redundanzen, der Abschluss von Wartungsverträgen mit Lieferanten und die Prüfung, ob Hochverfügbarkeitsarchitekturen mit automatischem Failover erforderlich sind, gegebenenfalls über verschiedene Standorte hinweg. Diese Maßnahmen sollen sicherstellen, dass Server mit hohen Verfügbarkeitsanforderungen angemessen geschützt sind. Quelle: SYS.1.1.A28 Steigerung der Verfügbarkeit durch Redundanz (H) (S. unbekannt).

Anschlussfragen:
1. Wie können Hochverfügbarkeitsarchitekturen mit automatischem Failover in der Praxis umgesetzt werden?
2. Welche Rolle spielen Wartungsverträge mit Lieferanten bei der Gewährleistung der Server-Verfügbarkeit?
3. Wie können Redundanzen in Server-Systemen effektiv implementiert werden, um Ausfälle zu minimieren?";Um die Verfügbarkeit von Servern zu steigern und vor Ausfällen zu schützen, sollten mehrere Maßnahmen ergriffen werden. Dazu gehören die Implementierung von Redundanzen, der Abschluss von Wartungsverträgen mit Lieferanten und die Prüfung, ob Hochverfügbarkeitsarchitekturen mit automatischem Failover erforderlich sind, gegebenenfalls über verschiedene Standorte hinweg. Diese Maßnahmen sollen sicherstellen, dass Server mit hohen Verfügbarkeitsanforderungen angemessen geschützt sind. Quelle: SYS.1.1.A28 Steigerung der Verfügbarkeit durch Redundanz (H) (S. unbekannt).;SYS.1.1.A28 Steigerung der Verfügbarkeit durch Redundanz (H) Server mit hohen Verfügbarkeitsanforderungen SOLLTEN gegen Ausfälle in geeigneter Weise geschützt sein. Hierzu SOLLTEN mindestens geeignete Redundanzen verfügbar sein sowie Wartungsverträge mit den Lieferanten abgeschlossen werden. Es SOLLTE geprüft werden, ob bei sehr hohen Anforderungen Hochverfügbarkeitsarchitekturen mit automatischem Failover, gegebenenfalls über verschiedene Standorte hinweg, erforderlich sind.;"Antwort:

Um die Verfügbarkeit und die Schutzziele Vertraulichkeit und Integrität zu steigern, SOLLTEN folgende Maßnahmen umgesetzt werden:

- **Redundanz**: Server mit hohen Verfügbarkeitsanforderungen SOLLTEN gegen Ausfälle in geeigneter Weise geschützt sein. Hierzu SOLLTEN mindestens geeignete Redundanzen verfügbar sein (Quelle: APP.3.1.A1 (S.391)).
- **Wartungsverträge**: Wartungsverträge mit den Lieferanten SOLLTEN abgeschlossen werden, um die Verfügbarkeit zu gewährleisten (Quelle: APP.3.1.A1 (S.391)).
- **Hochverfügbarkeitsarchitekturen**: Bei sehr hohen Anforderungen SOLLTEN Hochverfügbarkeitsarchitekturen mit automatischem Failover, gegebenenfalls über verschiedene Standorte hinweg, erforderlich sein (Quelle: APP.3.1.A1 (S.391)).
- **Ersatzgeräte**: Ersatzgeräte für Druckern, Kopierern und Multifunktionsgeräten SOLLTEN bereitstehen, um die Ausfallzeiten zu minimieren (Quelle: APP.3.1.A1 (S.73)).
- **Wartungsverträge**: In Wartungsverträgen SOLLTE auf eine angemessene Reaktionszeit geachtet werden, um die Verfügbarkeit zu gewährleisten (Quelle: APP.3.1.A1 (S.73)).
- **Fachhandlungen**: Eine Liste mit Fachhandlungen SOLLTE geführt werden, um schnell Ersatzgeräte oder -teile beschaffen zu können (Quelle: APP.3.1.A1 (S.73)).
- **Ersatzteile**: Häufig benötigte Ersatzteile SOLLTEN gelagert werden, um die Ausfallzeiten zu minimieren (Quelle: APP.3.1.A1 (S.73)).
- **Redundante Auslegung**: Die Verfügbarkeit von UCC-Diensten SOLLTE durch redundante Auslegung zentraler Server und Dienste sichergestellt werden (Quelle: APP.3.1.A1 (S.73)).
- **Call Admission Control**: Call Admission Control (CAC) SOLLTE zur Qualitätssicherung von Telefonie und Video-Diensten verwendet werden (Quelle: APP.3.1.A1 (S.73)).
- **Autarkie**: Die UCC-Dienste SOLLTEN möglichst autark funktionieren, um die Verfügbarkeit zu gewährleisten (Quelle: APP.3.1.A1 (S.73)).
- **Cloud-Provider**: Bei Cloud-basierten UCC-Diensten SOLLTE der Cloud-Provider sowie der Internet-Provider ausfallsicher an das eigene Netz angebunden werden (Quelle: APP.3.1.A1 (S.73)).
- **SIP-Provider**: Ein SIP-Provider, der Rufnummern bereitstellt und den Übergang ins öffentliche Telefonnetz bildet, SOLLTE hochverfügbar an das eigene Netz angebunden werden (Quelle: APP.3.1.A1 (S.73)).
- **Monitoring**: Die Verfügbarkeit SOLLTE durch ein Monitoring der UCC-Dienste überwacht werden (Quelle: APP.3.1.A1 (S.73)).

Anschlussfragen:

1. Wie können die Ausfallwahrscheinlichkeit eines Gebäudes durch Vorsorgemaßnahmen reduziert werden?
2. Welche Rolle spielen die Schutzziele Vertraulichkeit und Integrität bei der Steigerung der Verfügbarkeit?
3. Wie können Hochverfügbarkeitsarchitekturen mit automatischem Failover umgesetzt werden?";"Antwort:

Um die Verfügbarkeit und die Schutzziele Vertraulichkeit und Integrität zu steigern, SOLLTEN folgende Maßnahmen umgesetzt werden:

- **Redundanz**: Server mit hohen Verfügbarkeitsanforderungen SOLLTEN gegen Ausfälle in geeigneter Weise geschützt sein. Hierzu SOLLTEN mindestens geeignete Redundanzen verfügbar sein (Quelle: APP.3.1.A1 (S.391)).
- **Wartungsverträge**: Wartungsverträge mit den Lieferanten SOLLTEN abgeschlossen werden, um die Verfügbarkeit zu gewährleisten (Quelle: APP.3.1.A1 (S.391)).
- **Hochverfügbarkeitsarchitekturen**: Bei sehr hohen Anforderungen SOLLTEN Hochverfügbarkeitsarchitekturen mit automatischem Failover, gegebenenfalls über verschiedene Standorte hinweg, erforderlich sein (Quelle: APP.3.1.A1 (S.391)).
- **Ersatzgeräte**: Ersatzgeräte für Druckern, Kopierern und Multifunktionsgeräten SOLLTEN bereitstehen, um die Ausfallzeiten zu minimieren (Quelle: APP.3.1.A1 (S.73)).
- **Wartungsverträge**: In Wartungsverträgen SOLLTE auf eine angemessene Reaktionszeit geachtet werden, um die Verfügbarkeit zu gewährleisten (Quelle: APP.3.1.A1 (S.73)).
- **Fachhandlungen**: Eine Liste mit Fachhandlungen SOLLTE geführt werden, um schnell Ersatzgeräte oder -teile beschaffen zu können (Quelle: APP.3.1.A1 (S.73)).
- **Ersatzteile**: Häufig benötigte Ersatzteile SOLLTEN gelagert werden, um die Ausfallzeiten zu minimieren (Quelle: APP.3.1.A1 (S.73)).
- **Redundante Auslegung**: Die Verfügbarkeit von UCC-Diensten SOLLTE durch redundante Auslegung zentraler Server und Dienste sichergestellt werden (Quelle: APP.3.1.A1 (S.73)).
- **Call Admission Control**: Call Admission Control (CAC) SOLLTE zur Qualitätssicherung von Telefonie und Video-Diensten verwendet werden (Quelle: APP.3.1.A1 (S.73)).
- **Autarkie**: Die UCC-Dienste SOLLTEN möglichst autark funktionieren, um die Verfügbarkeit zu gewährleisten (Quelle: APP.3.1.A1 (S.73)).
- **Cloud-Provider**: Bei Cloud-basierten UCC-Diensten SOLLTE der Cloud-Provider sowie der Internet-Provider ausfallsicher an das eigene Netz angebunden werden (Quelle: APP.3.1.A1 (S.73)).
- **SIP-Provider**: Ein SIP-Provider, der Rufnummern bereitstellt und den Übergang ins öffentliche Telefonnetz bildet, SOLLTE hochverfügbar an das eigene Netz angebunden werden (Quelle: APP.3.1.A1 (S.73)).
- **Monitoring**: Die Verfügbarkeit SOLLTE durch ein Monitoring der UCC-Dienste überwacht werden (Quelle: APP.3.1.A1 (S.73)).";"1. Wie können die Ausfallwahrscheinlichkeit eines Gebäudes durch Vorsorgemaßnahmen reduziert werden?
2. Welche Rolle spielen die Schutzziele Vertraulichkeit und Integrität bei der Steigerung der Verfügbarkeit?
3. Wie können Hochverfügbarkeitsarchitekturen mit automatischem Failover umgesetzt werden?";3;3;0.9379251700546283;1.0;0.9333333333333333;0.6004578506513201;Wie können die Ausfallwahrscheinlichkeit eines Gebäudes durch Vorsorgemaßnahmen reduziert werden?;2;2;Direkte Relevanz zu Gebäudesicherheit;Welche Rolle spielen die Schutzziele Vertraulichkeit und Integrität bei der Steigerung der Verfügbarkeit?;2;1;Vertraulichkeit und Integrität;Wie können Hochverfügbarkeitsarchitekturen mit automatischem Failover umgesetzt werden?;2;2;Direkte Umsetzung;2.0;1.667
Wie setze ich Ausführungskontrolle wirksam ein?;"Um Ausführungskontrolle wirksam einzusetzen, SOLLTE über eine Ausführungskontrolle sichergestellt werden, dass nur explizit erlaubte Programme und Skripte ausgeführt werden können Quelle: SYS.1.1.A31 (S.391). Die Regeln SOLLTEN so eng wie möglich gefasst werden, um Missbrauch zu reduzieren Quelle: SYS.1.1.A31 (S.391). Falls Pfade und Hashes nicht explizit angegeben werden können, SOLLTEN alternativ auch zertifikatsbasierte oder Pfad-Regeln genutzt werden Quelle: SYS.1.1.A31 (S.391).

Anschlussfragen:
1. Wie kann ich die Ausführungskontrolle auf meinem Server-IT-System umsetzen, wenn ich ein verbreitetes Server-Betriebssystem verwende?
2. Welche Rolle spielt die Ausführungskontrolle im Schutz vor Schadsoftware auf Servern?
3. Wie kann ich die Anforderungen an das Rollen- und Berechtigungskonzept bei der Umsetzung der Ausführungskontrolle auf meinem Server berücksichtigen?";Um Ausführungskontrolle wirksam einzusetzen, SOLLTE über eine Ausführungskontrolle sichergestellt werden, dass nur explizit erlaubte Programme und Skripte ausgeführt werden können Quelle: SYS.1.1.A31 (S.391). Die Regeln SOLLTEN so eng wie möglich gefasst werden, um Missbrauch zu reduzieren Quelle: SYS.1.1.A31 (S.391). Falls Pfade und Hashes nicht explizit angegeben werden können, SOLLTEN alternativ auch zertifikatsbasierte oder Pfad-Regeln genutzt werden Quelle: SYS.1.1.A31 (S.391).;SYS.1.1.A31 Einsatz von Ausführungskontrolle (H) Es SOLLTE über eine Ausführungskontrolle sichergestellt werden, dass nur explizit erlaubte Programme und Skripte ausgeführt werden können. Die Regeln SOLLTEN so eng wie möglich gefasst werden. Falls Pfade und Hashes nicht explizit angegeben werden können, SOLLTEN alternativ auch zertifikatsbasierte oder Pfad-Regeln genutzt werden.;"Antwort:

Um Ausführungskontrolle wirksam einzusetzen, SOLLTE man die folgenden Schritte befolgen:

- **Definieren Sie die Regeln**: Es SOLLTEN Regeln festgelegt werden, die bestimmen, welche Programme und Skripte ausgeführt werden dürfen. Diese Regeln SOLLTEN so eng wie möglich gefasst werden.
- **Verwenden Sie explizite Pfade und Hashes**: Es SOLLTEN explizite Pfade und Hashes verwendet werden, um die Ausführung von Programmen und Skripten zu kontrollieren.
- **Verwenden Sie alternative Methoden**: Falls Pfade und Hashes nicht explizit angegeben werden können, SOLLTEN alternative Methoden wie zertifikatsbasierte oder Pfad-Regeln genutzt werden.
- **Überwachen Sie die Umsetzung**: Der oder die BCB SOLLTEN den Umsetzungsstatus regelmäßig überwachen, um Fehlentwicklungen in Bezug auf die Qualität oder den geplanten Fertigstellungstermin frühzeitig erkennen und diesen entgegenwirken zu können.

Anforderungen:

- ORP.1.A1 Festlegung von Verantwortlichkeiten und Regelungen (B) [Institutionsleitung]
- APP.3.1.A1 Sicherstellung der Ausführungskontrolle (S) [IT-Abteilung]

Quellen:

- Quelle: APP.3.1.A1 (S.391)
- Quelle: ORP.1.A1 (S.73)

Anschlussfragen:

1. Wie können Sie die Regeln für die Ausführungskontrolle sicherstellen?
2. Welche alternative Methoden können Sie verwenden, wenn Pfade und Hashes nicht explizit angegeben werden können?
3. Wie können Sie den Umsetzungsstatus der Ausführungskontrolle regelmäßig überwachen?";"Antwort:

Um Ausführungskontrolle wirksam einzusetzen, SOLLTE man die folgenden Schritte befolgen:

- **Definieren Sie die Regeln**: Es SOLLTEN Regeln festgelegt werden, die bestimmen, welche Programme und Skripte ausgeführt werden dürfen. Diese Regeln SOLLTEN so eng wie möglich gefasst werden.
- **Verwenden Sie explizite Pfade und Hashes**: Es SOLLTEN explizite Pfade und Hashes verwendet werden, um die Ausführung von Programmen und Skripten zu kontrollieren.
- **Verwenden Sie alternative Methoden**: Falls Pfade und Hashes nicht explizit angegeben werden können, SOLLTEN alternative Methoden wie zertifikatsbasierte oder Pfad-Regeln genutzt werden.
- **Überwachen Sie die Umsetzung**: Der oder die BCB SOLLTEN den Umsetzungsstatus regelmäßig überwachen, um Fehlentwicklungen in Bezug auf die Qualität oder den geplanten Fertigstellungstermin frühzeitig erkennen und diesen entgegenwirken zu können.

Anforderungen:

- ORP.1.A1 Festlegung von Verantwortlichkeiten und Regelungen (B) [Institutionsleitung]
- APP.3.1.A1 Sicherstellung der Ausführungskontrolle (S) [IT-Abteilung]

Quellen:

- Quelle: APP.3.1.A1 (S.391)
- Quelle: ORP.1.A1 (S.73)";"1. Wie können Sie die Regeln für die Ausführungskontrolle sicherstellen?
2. Welche alternative Methoden können Sie verwenden, wenn Pfade und Hashes nicht explizit angegeben werden können?
3. Wie können Sie den Umsetzungsstatus der Ausführungskontrolle regelmäßig überwachen?";3;3;0.9166666666361111;0.75;0.0;0.5853953350430181;Wie können Sie die Regeln für die Ausführungskontrolle sicherstellen?;2;2;Direkte Beziehung zu Ausführungskontrolle;Welche alternative Methoden können Sie verwenden, wenn Pfade und Hashes nicht explizit angegeben werden können?;2;2;Direkte Alternative zu Pfade und Hashes;Wie können Sie den Umsetzungsstatus der Ausführungskontrolle regelmäßig überwachen?;2;2;Regelmäßige Überwachung;2.0;2.0
Wie manage ich Wurzelzertifikate im Zuge der Beschaffung und Installation von Servern ?;"Um Wurzelzertifikate im Zuge der Beschaffung und Installation von Servern zu managen, sollte dokumentiert werden, welche Wurzelzertifikate für den Betrieb des Servers notwendig sind Quelle: SYS.1.1.A33 (S.?). Auf dem Server sollten lediglich die für den Betrieb notwendigen und vorab dokumentierten Wurzelzertifikate enthalten sein Quelle: SYS.1.1.A33 (S.?). Es sollte regelmäßig überprüft werden, ob die vorhandenen Wurzelzertifikate noch den Vorgaben der Institution entsprechen Quelle: SYS.1.1.A33 (S.?).

Anschlussfragen:
1. Wie können die notwendigen Wurzelzertifikate für den Server identifiziert werden?
2. Welche Rolle spielt die regelmäßige Überprüfung der Wurzelzertifikate im Rahmen des IT-Grundschutzes?
3. Wie können die Wurzelzertifikate auf dem Server verwaltet und aktualisiert werden, um die Sicherheit zu gewährleisten?";Um Wurzelzertifikate im Zuge der Beschaffung und Installation von Servern zu managen, sollte dokumentiert werden, welche Wurzelzertifikate für den Betrieb des Servers notwendig sind Quelle: SYS.1.1.A33 (S.?). Auf dem Server sollten lediglich die für den Betrieb notwendigen und vorab dokumentierten Wurzelzertifikate enthalten sein Quelle: SYS.1.1.A33 (S.?). Es sollte regelmäßig überprüft werden, ob die vorhandenen Wurzelzertifikate noch den Vorgaben der Institution entsprechen Quelle: SYS.1.1.A33 (S.?).;SYS.1.1.A33 Aktive Verwaltung der Wurzelzertifikate (H) Im Zuge der Beschaffung und Installation des Servers SOLLTE dokumentiert werden, welche Wurzelzertifikate für den Betrieb des Servers notwendig sind. Auf dem Server SOLLTEN lediglich die für den Betrieb notwendigen und vorab dokumentierten Wurzelzertifikate enthalten sein. Es SOLLTE regelmäßig überprüft werden, ob die vorhandenen Wurzelzertifikate noch den Vorgaben der Institution entsprechen. Es SOLLTEN alle auf dem IT-System vorhandenen Zertifikatsspeicher in die Prüfung einbezogen werden.;"Antwort:

Um Wurzelzertifikate im Zuge der Beschaffung und Installation von Servern zu managen, SOLLTE Folgendes beachtet werden:

- **Dokumentation**: Dokumentieren Sie, welche Wurzelzertifikate für den Betrieb des Servers notwendig sind. (Quelle: APP.3.1.A1 (S.391))
- **Zertifikatsspeicher**: Lediglich die für den Betrieb notwendigen und vorab dokumentierten Wurzelzertifikate SOLLTEN auf dem Server enthalten sein. (Quelle: APP.3.1.A1 (S.391))
- **Regelmäßige Überprüfung**: Es SOLLTE regelmäßig überprüft werden, ob die vorhandenen Wurzelzertifikate noch den Vorgaben der Institution entsprechen. (Quelle: APP.3.1.A1 (S.391))
- **Zentrale Überprüfung**: Es SOLLTEN alle auf dem IT-System vorhandenen Zertifikatsspeicher in die Prüfung einbezogen werden. (Quelle: APP.3.1.A1 (S.391))

Anforderungen:

- ORP.1.A1 Festlegung von Verantwortlichkeiten und Regelungen (B) [Institutionsleitung]
- APP.3.1.A1 Dokumentation von Zertifikaten (B) [IT-Betrieb]
- APP.3.1.A1 Überprüfung von Zertifikaten (B) [IT-Betrieb]

Anschlussfragen:

1. Wie können Sie sicherstellen, dass nur die notwendigen Wurzelzertifikate auf dem Server installiert sind?
2. Wie können Sie regelmäßig überprüfen, ob die vorhandenen Wurzelzertifikate noch den Vorgaben der Institution entsprechen?
3. Wie können Sie sicherstellen, dass alle auf dem IT-System vorhandenen Zertifikatsspeicher in die Prüfung einbezogen werden?";"Antwort:

Um Wurzelzertifikate im Zuge der Beschaffung und Installation von Servern zu managen, SOLLTE Folgendes beachtet werden:

- **Dokumentation**: Dokumentieren Sie, welche Wurzelzertifikate für den Betrieb des Servers notwendig sind. (Quelle: APP.3.1.A1 (S.391))
- **Zertifikatsspeicher**: Lediglich die für den Betrieb notwendigen und vorab dokumentierten Wurzelzertifikate SOLLTEN auf dem Server enthalten sein. (Quelle: APP.3.1.A1 (S.391))
- **Regelmäßige Überprüfung**: Es SOLLTE regelmäßig überprüft werden, ob die vorhandenen Wurzelzertifikate noch den Vorgaben der Institution entsprechen. (Quelle: APP.3.1.A1 (S.391))
- **Zentrale Überprüfung**: Es SOLLTEN alle auf dem IT-System vorhandenen Zertifikatsspeicher in die Prüfung einbezogen werden. (Quelle: APP.3.1.A1 (S.391))

Anforderungen:

- ORP.1.A1 Festlegung von Verantwortlichkeiten und Regelungen (B) [Institutionsleitung]
- APP.3.1.A1 Dokumentation von Zertifikaten (B) [IT-Betrieb]
- APP.3.1.A1 Überprüfung von Zertifikaten (B) [IT-Betrieb]";"1. Wie können Sie sicherstellen, dass nur die notwendigen Wurzelzertifikate auf dem Server installiert sind?
2. Wie können Sie regelmäßig überprüfen, ob die vorhandenen Wurzelzertifikate noch den Vorgaben der Institution entsprechen?
3. Wie können Sie sicherstellen, dass alle auf dem IT-System vorhandenen Zertifikatsspeicher in die Prüfung einbezogen werden?";3;3;0.9484126983968916;1.0;0.25;0.573864306715395;Wie können Sie sicherstellen, dass nur die notwendigen Wurzelzertifikate auf dem Server installiert sind?;2;2;Direkte Relevanz zu Wurzelzertifikaten;Wie können Sie regelmäßig überprüfen, ob die vorhandenen Wurzelzertifikate noch den Vorgaben der Institution entsprechen?;2;2;Direkte Überprüfung von Wurzelzertifikaten;Wie können Sie sicherstellen, dass alle auf dem IT-System vorhandenen Zertifikatsspeicher in die Prüfung einbezogen werden?;2;2;Direkte Bezugnahme auf Zertifikatsspeicher;2.0;2.0
Wie sichere ich den Bootvorgang ab?;"Um den Bootvorgang abzusichern, SOLLTE der Bootloader und der Betriebssystem-Kern durch selbstkontrolliertes Schlüsselmaterial signiert und in einer vertrauenswürdigen Kette geprüft werden, was als Secure Boot bezeichnet wird Quelle: SYS.1.1.A36 (S. nicht spezifiziert). Darüber hinaus SOLLTE nicht benötigtes Schlüsselmaterial entfernt werden, um die Sicherheit zu erhöhen Quelle: SYS.1.1.A36 (S. nicht spezifiziert).

Anschlussfragen:
1. Wie kann ich sicherstellen, dass nur autorisierte Software während des Bootvorgangs geladen wird?
2. Welche Rolle spielt die Verwaltung von Schlüsselmaterial bei der Absicherung des Bootvorgangs?
3. Wie kann ich den Bootvorgang in meinem bestehenden Server-Setup anpassen, um Secure Boot zu implementieren?";Um den Bootvorgang abzusichern, SOLLTE der Bootloader und der Betriebssystem-Kern durch selbstkontrolliertes Schlüsselmaterial signiert und in einer vertrauenswürdigen Kette geprüft werden, was als Secure Boot bezeichnet wird Quelle: SYS.1.1.A36 (S. nicht spezifiziert). Darüber hinaus SOLLTE nicht benötigtes Schlüsselmaterial entfernt werden, um die Sicherheit zu erhöhen Quelle: SYS.1.1.A36 (S. nicht spezifiziert).;SYS.1.1.A36 Absicherung des Bootvorgangs (H) Bootloader und Betriebssystem-Kern SOLLTEN durch selbstkontrolliertes Schlüsselmaterial signiert beim Systemstart in einer vertrauenswürdigen Kette geprüft werden (Secure Boot). Nicht benötigtes Schlüsselmaterial SOLLTE entfernt werden.;"Antwort:

Um den Bootvorgang abzusichern, müssen folgende Anforderungen erfüllt werden:

- Der Bootvorgang des IT-Systems („Booten“) MUSS gegen Manipulation abgesichert werden (ORP.1.A1).
- Es MUSS festgelegt werden, von welchen Medien gebootet werden darf (ORP.1.A2).
- Es SOLLTE entschieden werden, ob und wie der Bootvorgang kryptografisch geschützt werden soll (ORP.1.A3).
- Es MUSS sichergestellt werden, dass nur Administrierende die Clients von einem anderen als den voreingestellten Laufwerken oder externen Speichermedien booten können (ORP.1.A4).
- NUR Administrierende DÜRFEN von wechselbaren oder externen Speichermedien booten können (ORP.1.A5).
- Die Konfigurationseinstellungen des Bootvorgangs DÜRFEN NUR durch Administrierende verändert werden können (ORP.1.A6).
- Alle nicht benötigten Funktionen in der Firmware des Client-Systems MÜSSEN deaktiviert werden (ORP.1.A7).

Um den Bootvorgang kryptografisch zu schützen, SOLLTE ein mehrstufiges Boot-Konzept mit kryptografisch sicherer Überprüfung der Einzelschritte realisiert werden (APP.3.1.A1). Sichere Hardware-Vertrauensanker SOLLTEN verwendet werden (APP.3.1.A2).

Anschlussfragen:

1. Wie kann der Bootvorgang kryptografisch geschützt werden?
2. Welche Rolle spielen sichere Hardware-Vertrauensanker bei der Absicherung des Bootvorgangs?
3. Wie kann die Konfigurationseinstellung des Bootvorgangs durch Administrierende verändert werden?";"Antwort:

Um den Bootvorgang abzusichern, müssen folgende Anforderungen erfüllt werden:

- Der Bootvorgang des IT-Systems („Booten“) MUSS gegen Manipulation abgesichert werden (ORP.1.A1).
- Es MUSS festgelegt werden, von welchen Medien gebootet werden darf (ORP.1.A2).
- Es SOLLTE entschieden werden, ob und wie der Bootvorgang kryptografisch geschützt werden soll (ORP.1.A3).
- Es MUSS sichergestellt werden, dass nur Administrierende die Clients von einem anderen als den voreingestellten Laufwerken oder externen Speichermedien booten können (ORP.1.A4).
- NUR Administrierende DÜRFEN von wechselbaren oder externen Speichermedien booten können (ORP.1.A5).
- Die Konfigurationseinstellungen des Bootvorgangs DÜRFEN NUR durch Administrierende verändert werden können (ORP.1.A6).
- Alle nicht benötigten Funktionen in der Firmware des Client-Systems MÜSSEN deaktiviert werden (ORP.1.A7).

Um den Bootvorgang kryptografisch zu schützen, SOLLTE ein mehrstufiges Boot-Konzept mit kryptografisch sicherer Überprüfung der Einzelschritte realisiert werden (APP.3.1.A1). Sichere Hardware-Vertrauensanker SOLLTEN verwendet werden (APP.3.1.A2).";"1. Wie kann der Bootvorgang kryptografisch geschützt werden?
2. Welche Rolle spielen sichere Hardware-Vertrauensanker bei der Absicherung des Bootvorgangs?
3. Wie kann die Konfigurationseinstellung des Bootvorgangs durch Administrierende verändert werden?";3;3;;;;;Wie kann der Bootvorgang kryptografisch geschützt werden?;2;2;Direkt relevante Vertiefung des Bootvorgangs;Welche Rolle spielen sichere Hardware-Vertrauensanker bei der Absicherung des Bootvorgangs?;2;2;Sichere Hardware-Vertrauensanker;Wie kann die Konfigurationseinstellung des Bootvorgangs durch Administrierende verändert werden?;2;2;Direkte Konfiguration des Bootvorgangs;2.0;2.0
Welche Windows Server Version soll ich einsetzen?;"Für die Auswahl einer geeigneten Windows Server-Version MUSS eine begründete und dokumentierte Entscheidung getroffen werden, wobei der Einsatzzweck des Servers sowie die Einbindung ins Active Directory spezifiziert werden MÜSSEN Quelle: SYS.1.2.3.A1. Der Baustein SYS.1.2.3 Windows Server ist auf alle Server-Systeme anzuwenden, auf denen das Betriebssystem Microsoft Windows Server in den Versionen 2016, 2019 oder 2022 eingesetzt wird Quelle: Kap. 1.3 Abgrenzung und Modellierung – SYS.1.2.3 Windows Server. 

Anschlussfragen:
1. Welche Rolle spielt die Einbindung ins Active Directory bei der Auswahl einer Windows Server-Version?
2. Wie unterscheiden sich die Sicherheitsanforderungen für Windows Server 2012 im Vergleich zu den Versionen 2016, 2019 und 2022?
3. Welche weiteren Bausteine MÜSSEN bei der Nutzung von Cloud-Diensten mit Windows Server berücksichtigt werden?";Für die Auswahl einer geeigneten Windows Server-Version MUSS eine begründete und dokumentierte Entscheidung getroffen werden, wobei der Einsatzzweck des Servers sowie die Einbindung ins Active Directory spezifiziert werden MÜSSEN Quelle: SYS.1.2.3.A1. Der Baustein SYS.1.2.3 Windows Server ist auf alle Server-Systeme anzuwenden, auf denen das Betriebssystem Microsoft Windows Server in den Versionen 2016, 2019 oder 2022 eingesetzt wird Quelle: Kap. 1.3 Abgrenzung und Modellierung – SYS.1.2.3 Windows Server.;SYS.1.2.3.A1 Planung von Windows Server (B) Es MUSS eine begründete und dokumentierte Entscheidung für eine geeignete Edition von Windows Server getroffen werden. Der Einsatzzweck des Servers sowie die Einbindung ins Active Directory MÜSSEN dabei spezifiziert werden. Die Nutzung von mitgelieferten Cloud-Diensten im Betriebssystem MUSS grundsätzlich abgewogen und gründlich geplant werden. Wenn nicht benötigt, MUSS die Einrichtung von Microsoft-Konten auf dem Server blockiert werden.;"Antwort:

Um die Sicherheit von Windows Server zu gewährleisten, ist es wichtig, die richtige Version auszuwählen. Gemäß dem Baustein SYS.1.2.3 Windows Server ist die Version 2016, 2019 oder 2022 zu verwenden. Für Windows Server 2012 ist der Baustein SYS.1.2.2 Windows Server 2012 anzuwenden.

Die Version 2016, 2019 und 2022 sind Langzeit-Versionen (Long-Term Servicing Channel, LTSC), die auf der Codebasis des Client-Betriebssystems Windows 10 basieren. Diese Versionen bieten eine umfassende Sicherheit und sind für die meisten Anwendungen geeignet.

Die Version 2012 ist eine ältere Version, die jedoch immer noch unterstützt wird. Sie bietet jedoch nicht die gleiche Sicherheit wie die neueren Versionen.

Um die Sicherheit von Windows Server zu gewährleisten, ist es wichtig, die richtige Version auszuwählen und die entsprechenden Sicherheitsanforderungen zu erfüllen.

Anforderungen:

- ORP.1.A1 Festlegung von Verantwortlichkeiten und Regelungen (B) [Institutionsleitung]
- APP.3.1.A1 Sichere Installation von Windows Server (B) [Systemadministrator]
- SYS.1.2.3 Windows Server (B) [Systemadministrator]

Quellen:

- Quelle: SYS.1.2.3 Windows Server (S. 123)
- Quelle: APP.3.1.A1 Sichere Installation von Windows Server (S. 456)

Anschlussfragen:

1. Welche Sicherheitsanforderungen müssen für Windows Server 2012 erfüllt werden?
2. Wie kann die Sicherheit von Windows Server 2012 verbessert werden?
3. Welche Versionen von Windows Server sind für die Anwendung geeignet?";"Antwort:

Um die Sicherheit von Windows Server zu gewährleisten, ist es wichtig, die richtige Version auszuwählen. Gemäß dem Baustein SYS.1.2.3 Windows Server ist die Version 2016, 2019 oder 2022 zu verwenden. Für Windows Server 2012 ist der Baustein SYS.1.2.2 Windows Server 2012 anzuwenden.

Die Version 2016, 2019 und 2022 sind Langzeit-Versionen (Long-Term Servicing Channel, LTSC), die auf der Codebasis des Client-Betriebssystems Windows 10 basieren. Diese Versionen bieten eine umfassende Sicherheit und sind für die meisten Anwendungen geeignet.

Die Version 2012 ist eine ältere Version, die jedoch immer noch unterstützt wird. Sie bietet jedoch nicht die gleiche Sicherheit wie die neueren Versionen.

Um die Sicherheit von Windows Server zu gewährleisten, ist es wichtig, die richtige Version auszuwählen und die entsprechenden Sicherheitsanforderungen zu erfüllen.

Anforderungen:

- ORP.1.A1 Festlegung von Verantwortlichkeiten und Regelungen (B) [Institutionsleitung]
- APP.3.1.A1 Sichere Installation von Windows Server (B) [Systemadministrator]
- SYS.1.2.3 Windows Server (B) [Systemadministrator]

Quellen:

- Quelle: SYS.1.2.3 Windows Server (S. 123)
- Quelle: APP.3.1.A1 Sichere Installation von Windows Server (S. 456)";"1. Welche Sicherheitsanforderungen müssen für Windows Server 2012 erfüllt werden?
2. Wie kann die Sicherheit von Windows Server 2012 verbessert werden?
3. Welche Versionen von Windows Server sind für die Anwendung geeignet?";3;3;;;;;Welche Sicherheitsanforderungen müssen für Windows Server 2012 erfüllt werden?;2;2;Direkte Sicherheitsanforderungen;Wie kann die Sicherheit von Windows Server 2012 verbessert werden?;2;2;Direkt relevante Sicherheitstipps;Welche Versionen von Windows Server sind für die Anwendung geeignet?;2;2;Direkte Versionen und Editionen;2.0;2.0
Muss ich immer die Server-Core-Variante von Windows installieren?;"Die Installation der Server-Core-Variante von Windows ist nicht immer zwingend erforderlich, aber wenn vom Funktionsumfang her ausreichend, MUSS die Server-Core-Variante installiert werden Quelle: SYS.1.2.3.A2 (S. nicht spezifiziert). Andernfalls MUSS begründet werden, warum die Server-Core-Variante nicht genügt Quelle: SYS.1.2.3.A2 (S. nicht spezifiziert). 

Anschlussfragen:
1. Welche Versionen von Windows Server werden im Baustein SYS.1.2.3 Windows Server behandelt?
2. Was sind die grundlegenden Sicherheitsaspekte, die im Baustein SYS.1.2.3 Windows Server behandelt werden?
3. Welche Rolle spielt die Active-Directory-Domäne im Rahmen des Bausteins SYS.1.2.3 Windows Server?";Die Installation der Server-Core-Variante von Windows ist nicht immer zwingend erforderlich, aber wenn vom Funktionsumfang her ausreichend, MUSS die Server-Core-Variante installiert werden Quelle: SYS.1.2.3.A2 (S. nicht spezifiziert). Andernfalls MUSS begründet werden, warum die Server-Core-Variante nicht genügt Quelle: SYS.1.2.3.A2 (S. nicht spezifiziert).;SYS.1.2.3.A2 Sichere Installation von Windows Server (B) Wenn vom Funktionsumfang her ausreichend, MUSS die Server-Core-Variante installiert werden. Andernfalls MUSS begründet werden, warum die Server-Core-Variante nicht genügt.;"Antwort:

Die Server-Core-Variante von Windows MUSS installiert werden, wenn vom Funktionsumfang her ausreichend ist. Andernfalls MUSS begründet werden, warum die Server-Core-Variante nicht genügt.

Quelle: SYS.1.2.2 Windows Server 2012 (S. 1), SYS.1.2.3 Windows Server (S. 1)

Anforderungen in Original-Nomenklatur:

- ORP.1.A1 Festlegung von Verantwortlichkeiten und Regelungen (B) [Institutionsleitung]
- APP.3.1.A1 Sicherstellung der Authentisierung und Autorisierung (B) [IT-Verantwortliche]

Anschlussfragen:

1. Wie kann die Server-Core-Variante von Windows installiert werden?
2. Welche Voraussetzungen müssen erfüllt sein, damit die Server-Core-Variante von Windows installiert werden kann?
3. Wie kann die Entscheidung für die Server-Core-Variante von Windows begründet werden?";"Antwort:

Die Server-Core-Variante von Windows MUSS installiert werden, wenn vom Funktionsumfang her ausreichend ist. Andernfalls MUSS begründet werden, warum die Server-Core-Variante nicht genügt.

Quelle: SYS.1.2.2 Windows Server 2012 (S. 1), SYS.1.2.3 Windows Server (S. 1)

Anforderungen in Original-Nomenklatur:

- ORP.1.A1 Festlegung von Verantwortlichkeiten und Regelungen (B) [Institutionsleitung]
- APP.3.1.A1 Sicherstellung der Authentisierung und Autorisierung (B) [IT-Verantwortliche]";"1. Wie kann die Server-Core-Variante von Windows installiert werden?
2. Welche Voraussetzungen müssen erfüllt sein, damit die Server-Core-Variante von Windows installiert werden kann?
3. Wie kann die Entscheidung für die Server-Core-Variante von Windows begründet werden?";3;3;;;;;Wie kann die Server-Core-Variante von Windows installiert werden?;2;2;Installation von Server-Core-Variante;Welche Voraussetzungen müssen erfüllt sein, damit die Server-Core-Variante von Windows installiert werden kann?;1;2;Voraussetzungen teilweise abgedeckt;Wie kann die Entscheidung für die Server-Core-Variante von Windows begründet werden?;2;2;Direkte Begründung;1.667;2.0
Was muss ich wegen Telemetrie und Datenübertragung an Microsoft beachten?;"Um die Übertragung von Diagnose- und Nutzungsdaten an Microsoft stark zu reduzieren, MUSS das Telemetrie-Level 0 (Security) auf dem Windows Server konfiguriert werden Quelle: SYS.1.2.3.A3 (S. unbekannt, da keine Seitenzahl angegeben). Wenn diese Einstellung nicht wirksam umgesetzt wird, dann MUSS durch geeignete Maßnahmen, etwa auf Netzebene, sichergestellt werden, dass die Daten nicht an den Hersteller übertragen werden Quelle: SYS.1.2.3.A3 (S. unbekannt, da keine Seitenzahl angegeben).

Anschlussfragen:
1. Wie kann ich das Telemetrie-Level 0 (Security) auf meinem Windows Server konfigurieren?
2. Welche Maßnahmen kann ich ergreifen, um die Übertragung von Diagnose- und Nutzungsdaten an Microsoft zu verhindern, wenn die Einstellung des Telemetrie-Levels nicht wirksam umgesetzt wird?
3. Gibt es weitere Anforderungen oder Empfehlungen für die Konfiguration von Windows Server in Bezug auf Telemetrie und Datenübertragung, die ich beachten sollte?";Um die Übertragung von Diagnose- und Nutzungsdaten an Microsoft stark zu reduzieren, MUSS das Telemetrie-Level 0 (Security) auf dem Windows Server konfiguriert werden Quelle: SYS.1.2.3.A3 (S. unbekannt, da keine Seitenzahl angegeben). Wenn diese Einstellung nicht wirksam umgesetzt wird, dann MUSS durch geeignete Maßnahmen, etwa auf Netzebene, sichergestellt werden, dass die Daten nicht an den Hersteller übertragen werden Quelle: SYS.1.2.3.A3 (S. unbekannt, da keine Seitenzahl angegeben).;SYS.1.2.3.A3 Telemetrie- und Nutzungsdaten unter Windows Server (B) Um die Übertragung von Diagnose- und Nutzungsdaten an Microsoft stark zu reduzieren, MUSS das Telemetrie-Level 0 (Security) auf dem Windows Server konfiguriert werden. Wenn diese Einstellung nicht wirksam umgesetzt wird, dann MUSS durch geeignete Maßnahmen, etwa auf Netzebene, sichergestellt werden, dass die Daten nicht an den Hersteller übertragen werden.;"Um die Übertragung von Diagnose- und Nutzungsdaten an Microsoft stark zu reduzieren, MUSS das Telemetrie-Level 0 (Security) in der Enterprise-Edition von Windows konfiguriert werden. Wenn diese Einstellung nicht wirksam umgesetzt wird oder bei anderen Windows-Editionen umgesetzt werden kann, dann MUSS durch geeignete Maßnahmen, etwa auf Netzebene, sichergestellt werden, dass die Daten nicht an den Hersteller übertragen werden.

Quelle: APP.3.1.A1 (S.391)

Anschlussfragen:
1. Wie kann ich sicherstellen, dass die Telemetrie-Einstellungen auf meinem Windows-Server korrekt konfiguriert sind?
2. Welche Maßnahmen können ich ergreifen, um die Übertragung von Diagnose- und Nutzungsdaten an Microsoft zu reduzieren?
3. Wie kann ich die Sicherheit meiner Daten schützen, wenn ich Cloud-Dienste wie Microsoft Azure Online Backup nutze?";"Um die Übertragung von Diagnose- und Nutzungsdaten an Microsoft stark zu reduzieren, MUSS das Telemetrie-Level 0 (Security) in der Enterprise-Edition von Windows konfiguriert werden. Wenn diese Einstellung nicht wirksam umgesetzt wird oder bei anderen Windows-Editionen umgesetzt werden kann, dann MUSS durch geeignete Maßnahmen, etwa auf Netzebene, sichergestellt werden, dass die Daten nicht an den Hersteller übertragen werden.

Quelle: APP.3.1.A1 (S.391)";"1. Wie kann ich sicherstellen, dass die Telemetrie-Einstellungen auf meinem Windows-Server korrekt konfiguriert sind?
2. Welche Maßnahmen können ich ergreifen, um die Übertragung von Diagnose- und Nutzungsdaten an Microsoft zu reduzieren?
3. Wie kann ich die Sicherheit meiner Daten schützen, wenn ich Cloud-Dienste wie Microsoft Azure Online Backup nutze?";3;3;0.9305555555400462;1.0;0.8;0.6651817151277153;Wie kann ich sicherstellen, dass die Telemetrie-Einstellungen auf meinem Windows-Server korrekt konfiguriert sind?;2;2;Direkte Konfiguration von Telemetrie-Einstellungen;Welche Maßnahmen können ich ergreifen, um die Übertragung von Diagnose- und Nutzungsdaten an Microsoft zu reduzieren?;2;2;Direkte Maßnahmen zur Reduzierung;Wie kann ich die Sicherheit meiner Daten schützen, wenn ich Cloud-Dienste wie Microsoft Azure Online Backup nutze?;2;2;Direkt relevant zu Cloud-Diensten;2.0;2.0
Wie sichere ich die Authentisierung in Windows Server ab?;"Um die Authentisierung in Windows Server abzusichern, SOLLTEN alle Konten von Benutzenden Mitglied der Sicherheitsgruppe „Protected Users“ sein Quelle: SYS.1.2.3.A5 (S). Konten für Dienste und Computer SOLLTEN NICHT Mitglied von „Protected Users“ sein Quelle: SYS.1.2.3.A5 (S). Darüber hinaus SOLLTEN Dienste-Konten in Windows Server Mitglied der Gruppe „Managed Service Account“ sein Quelle: SYS.1.2.3.A5 (S).

Anschlussfragen:
1. Wie werden die Sicherheitsaspekte für Server mit dem Baustein SYS.1.1 Allgemeiner Server ergänzt?
2. Welche Rolle spielt die Mitgliedschaft in der Gruppe „Protected Users“ für die Authentisierung?
3. Wie werden Sicherheitsanforderungen für Serverrollen und -funktionen wie Fileserver oder Webserver im IT-Grundschutz-Kompendium behandelt?";Um die Authentisierung in Windows Server abzusichern, SOLLTEN alle Konten von Benutzenden Mitglied der Sicherheitsgruppe „Protected Users“ sein Quelle: SYS.1.2.3.A5 (S). Konten für Dienste und Computer SOLLTEN NICHT Mitglied von „Protected Users“ sein Quelle: SYS.1.2.3.A5 (S). Darüber hinaus SOLLTEN Dienste-Konten in Windows Server Mitglied der Gruppe „Managed Service Account“ sein Quelle: SYS.1.2.3.A5 (S).;SYS.1.2.3.A5 Sichere Authentisierung und Autorisierung in Windows Server (S) In Windows Server SOLLTEN alle Konten von Benutzenden Mitglied der Sicherheitsgruppe „Protected Users“ sein. Konten für Dienste und Computer SOLLTEN NICHT Mitglied von „Protected Users“ sein. Dienste-Konten in Windows Server SOLLTEN Mitglied der Gruppe „Managed Service Account“ sein.;"Antwort:

Um die Authentisierung in Windows Server sicher zu gestalten, SOLLTEN alle Konten von Benutzenden Mitglied der Sicherheitsgruppe „Protected Users“ sein (Quelle: Sichere Authentisierung und Autorisierung in Windows Server, S. 1). Konten für Dienste und Computer SOLLTEN NICHT Mitglied von „Protected Users“ sein (Quelle: Sichere Authentisierung und Autorisierung in Windows Server, S. 1). Dienste-Konten in Windows Server SOLLTEN Mitglied der Gruppe „Managed Service Account“ sein (Quelle: Sichere Authentisierung und Autorisierung in Windows Server, S. 1).

Für die Anmeldung von Benutzenden und Diensten am Server MÜSSEN Authentisierungsverfahren eingesetzt werden, die dem Schutzbedarf der Server angemessen sind (Quelle: Authentisierung an Servern, S. 1). Soweit möglich, SOLLTE dabei auf zentrale, netzbasierte Authentisierungsdienste zurückgegriffen werden (Quelle: Authentisierung an Servern, S. 1).

Für die zentrale Authentisierung SOLLTE ausschließlich Kerberos eingesetzt werden (Quelle: Sichere zentrale Authentisierung in Windows-Netzen, S. 1). Eine Gruppenrichtlinie SOLLTE die Verwendung älterer Protokolle verhindern (Quelle: Sichere zentrale Authentisierung in Windows-Netzen, S. 1). Ist dies nicht möglich, MUSS alternativ NTLMv2 eingesetzt werden (Quelle: Sichere zentrale Authentisierung in Windows-Netzen, S. 1).

Die Authentisierung mittels LAN-Manager und NTLMv1 DARF NICHT innerhalb der Institution und in einer produktiven Betriebsumgebung erlaubt werden (Quelle: Sichere zentrale Authentisierung in Windows-Netzen, S. 1).

Anforderungen:

- ORP.1.A1 Festlegung von Verantwortlichkeiten und Regelungen (B) [Institutionsleitung]
- APP.3.1.A1 Sichere Authentisierung und Autorisierung (B) [IT-Betrieb]
- OPS.1.1.1.A2 Sichere Authentisierung und Autorisierung (B) [IT-Betrieb]

Anschlussfragen:

1. Wie kann ich sicherstellen, dass meine Webanwendung eine angemessene Authentisierungsmethode verwendet?
2. Welche Rolle spielt die zentrale Authentisierung in Windows-Netzen?
3. Wie kann ich die Sicherheit meiner Authentisierungsdaten verbessern?";"Antwort:

Um die Authentisierung in Windows Server sicher zu gestalten, SOLLTEN alle Konten von Benutzenden Mitglied der Sicherheitsgruppe „Protected Users“ sein (Quelle: Sichere Authentisierung und Autorisierung in Windows Server, S. 1). Konten für Dienste und Computer SOLLTEN NICHT Mitglied von „Protected Users“ sein (Quelle: Sichere Authentisierung und Autorisierung in Windows Server, S. 1). Dienste-Konten in Windows Server SOLLTEN Mitglied der Gruppe „Managed Service Account“ sein (Quelle: Sichere Authentisierung und Autorisierung in Windows Server, S. 1).

Für die Anmeldung von Benutzenden und Diensten am Server MÜSSEN Authentisierungsverfahren eingesetzt werden, die dem Schutzbedarf der Server angemessen sind (Quelle: Authentisierung an Servern, S. 1). Soweit möglich, SOLLTE dabei auf zentrale, netzbasierte Authentisierungsdienste zurückgegriffen werden (Quelle: Authentisierung an Servern, S. 1).

Für die zentrale Authentisierung SOLLTE ausschließlich Kerberos eingesetzt werden (Quelle: Sichere zentrale Authentisierung in Windows-Netzen, S. 1). Eine Gruppenrichtlinie SOLLTE die Verwendung älterer Protokolle verhindern (Quelle: Sichere zentrale Authentisierung in Windows-Netzen, S. 1). Ist dies nicht möglich, MUSS alternativ NTLMv2 eingesetzt werden (Quelle: Sichere zentrale Authentisierung in Windows-Netzen, S. 1).

Die Authentisierung mittels LAN-Manager und NTLMv1 DARF NICHT innerhalb der Institution und in einer produktiven Betriebsumgebung erlaubt werden (Quelle: Sichere zentrale Authentisierung in Windows-Netzen, S. 1).

Anforderungen:

- ORP.1.A1 Festlegung von Verantwortlichkeiten und Regelungen (B) [Institutionsleitung]
- APP.3.1.A1 Sichere Authentisierung und Autorisierung (B) [IT-Betrieb]
- OPS.1.1.1.A2 Sichere Authentisierung und Autorisierung (B) [IT-Betrieb]";"1. Wie kann ich sicherstellen, dass meine Webanwendung eine angemessene Authentisierungsmethode verwendet?
2. Welche Rolle spielt die zentrale Authentisierung in Windows-Netzen?
3. Wie kann ich die Sicherheit meiner Authentisierungsdaten verbessern?";3;3;0.9093537414836079;1.0;0.5555555555555556;0.4081070888291447;Wie kann ich sicherstellen, dass meine Webanwendung eine angemessene Authentisierungsmethode verwendet?;2;2;Direkt relevant und abgedeckt;Welche Rolle spielt die zentrale Authentisierung in Windows-Netzen?;2;2;Direkte Relevanz zur zentralen Authentisierung;Wie kann ich die Sicherheit meiner Authentisierungsdaten verbessern?;1;2;Teilweise abgedeckt;1.667;2.0
Welche Sicherheitsmaßnahmen sollte ich für RDP-Fernzugriff bei der Nutzung von Windows Servern umsetzen?;"Für die Umsetzung von Sicherheitsmaßnahmen bei der Nutzung von RDP-Fernzugriff auf Windows Servern sollten mehrere Aspekte berücksichtigt werden. Zunächst sollte die Gruppe der Berechtigten und IT-Systeme für den RemoteDesktopzugriff (RDP) durch die Zuweisung entsprechender Berechtigungen festgelegt werden, um den Zugriff zu beschränken Quelle: SYS.1.2.3.A6 (S). 

Es sollten Mechanismen des Betriebssystems berücksichtigt werden, um die übertragenen Anmeldeinformationen zu schützen, wie z.B. Remote Credential Guard oder RestrictedAdmin Quelle: SYS.1.2.3.A6 (S). 

In komplexen Infrastrukturen sollte das RDP-Zielsystem nur durch ein dazwischengeschaltetes RDP-Gateway erreicht werden können, um die Sicherheit zu erhöhen Quelle: SYS.1.2.3.A6 (S). 

Darüber hinaus sollten die eingesetzten kryptografischen Protokolle und Algorithmen den internen Vorgaben der Institution entsprechen, um eine einheitliche Sicherheitspolitik zu gewährleisten Quelle: SYS.1.2.3.A6 (S). 

Sofern der Einsatz von Remote-Desktopzugriffen nicht vorgesehen ist, sollten diese vollständig deaktiviert werden, um unnötige Angriffspunkte zu eliminieren Quelle: SYS.1.2.3.A6 (S).

Anschlussfragen:
1. Wie kann man die Sicherheit von RDP-Verbindungen durch die Konfiguration der lokalen Firewall erhöhen?
2. Welche Rolle spielt die Zuweisung von Berechtigungen bei der Sicherung von RDP-Zugriffen?
3. Wie können kryptografische Protokolle und Algorithmen zur Sicherung von RDP-Verbindungen beitragen?";"Für die Umsetzung von Sicherheitsmaßnahmen bei der Nutzung von RDP-Fernzugriff auf Windows Servern sollten mehrere Aspekte berücksichtigt werden. Zunächst sollte die Gruppe der Berechtigten und IT-Systeme für den RemoteDesktopzugriff (RDP) durch die Zuweisung entsprechender Berechtigungen festgelegt werden, um den Zugriff zu beschränken Quelle: SYS.1.2.3.A6 (S). 

Es sollten Mechanismen des Betriebssystems berücksichtigt werden, um die übertragenen Anmeldeinformationen zu schützen, wie z.B. Remote Credential Guard oder RestrictedAdmin Quelle: SYS.1.2.3.A6 (S). 

In komplexen Infrastrukturen sollte das RDP-Zielsystem nur durch ein dazwischengeschaltetes RDP-Gateway erreicht werden können, um die Sicherheit zu erhöhen Quelle: SYS.1.2.3.A6 (S). 

Darüber hinaus sollten die eingesetzten kryptografischen Protokolle und Algorithmen den internen Vorgaben der Institution entsprechen, um eine einheitliche Sicherheitspolitik zu gewährleisten Quelle: SYS.1.2.3.A6 (S). 

Sofern der Einsatz von Remote-Desktopzugriffen nicht vorgesehen ist, sollten diese vollständig deaktiviert werden, um unnötige Angriffspunkte zu eliminieren Quelle: SYS.1.2.3.A6 (S).";"SYS.1.2.3.A6 Sicherheit beim Fernzugriff über RDP (S) Die Auswirkungen auf die Konfiguration der lokalen Firewall SOLLTEN bei der Planung des Fernzugriffs berücksichtigt werden. Die Gruppe der Berechtigten und IT-Systeme für den RemoteDesktopzugriff (RDP) SOLLTE durch die Zuweisung entsprechender Berechtigungen festgelegt werden. Es SOLLTEN Mechanismen des Betriebssystems berücksichtigt werden, um die übertragenen Anmeldeinformationen zu schützen (z. B. Remote Credential Guard oder RestrictedAdmin). In komplexen Infrastrukturen SOLLTE das RDP-Zielsystem nur durch ein dazwischengeschaltetes RDPGateway erreicht werden können. Für die Verwendung von RDP SOLLTE eine Prüfung und deren Umsetzung sicherstellen, dass die nachfolgend aufgeführten Komfortfunktionen im Einklang mit dem Schutzbedarf des Zielsystems stehen:

• die Verwendung der Zwischenablage,

• die Einbindung von Wechselmedien und Netzlaufwerken sowie

• die Nutzung der Dateiablagen, von weiteren Geräten und Ressourcen, wie z. B. SmartcardLesegeräten.

Die eingesetzten kryptografischen Protokolle und Algorithmen SOLLTEN den internen Vorgaben der Institution entsprechen. Sofern der Einsatz von Remote-Desktopzugriffen nicht vorgesehen ist, SOLLTEN diese vollständig deaktiviert werden.";"Antwort:

Um einen sicheren Remote-Zugriff auf Windows Server zu ermöglichen, SOLLTEN die folgenden Sicherheitsmaßnahmen umgesetzt werden:

- Die Auswirkungen auf die Konfiguration der lokalen Firewall SOLLTEN bei der Planung des Fernzugriffs berücksichtigt werden.
- Die Gruppe der berechtigten Benutzenden für den Remote-Desktopzugriff (RDP) SOLLTE durch die Zuweisung entsprechender Berechtigungen festgelegt werden.
- In komplexen Infrastrukturen SOLLTE das RDP-Zielsystem nur durch ein dazwischengeschaltetes RDP-Gateway erreicht werden können.
- Für die Verwendung von RDP SOLLTE eine Prüfung und deren Umsetzung sicherstellen, dass die nachfolgend aufgeführten Komfortfunktionen im Einklang mit dem Schutzbedarf des Zielsystems stehen:
 + die Verwendung der Zwischenablage,
 + die Einbindung von Wechselmedien und Netzlaufwerken sowie
 + die Nutzung der Dateiablagen und von Smartcard-Anschlüssen.
- Die eingesetzten kryptografischen Protokolle und Algorithmen SOLLTEN sicher sein und den internen Vorgaben der Institution entsprechen.
- Sofern der Einsatz von Remote-Desktopzugriffen nicht vorgesehen ist, SOLLTEN diese vollständig deaktiviert werden.

Zusätzlich SOLLTEN die folgenden Maßnahmen umgesetzt werden:

- Auf UEFI-basierten Systemen SOLLTE SecureBoot verwendet und der Status des geschützten Modus für den Local Credential Store LSA beim Systemstart überwacht werden.
- Ist eine Fernwartung der Clients mittels RDP vorgesehen, SOLLTE beim Einsatz von Windows in einer Domäne ab dem Funktionslevel 2012 R2 von der Option „restrictedAdmin“ für RDP Gebrauch gemacht werden.

Quelle: APP.3.1.A1 (S.391), APP.3.2 (S.392), ORP.1.A1 (S.73), ORP.4.A8 (S.73)

Anschlussfragen:

1. Wie können die eingesetzten kryptografischen Protokolle und Algorithmen sicher sein und den internen Vorgaben der Institution entsprechen?
2. Wie kann die Verwendung der Zwischenablage, die Einbindung von Wechselmedien und Netzlaufwerken sowie die Nutzung der Dateiablagen und von Smartcard-Anschlüssen sicher gestaltet werden?
3. Wie kann die Auswirkung auf die Konfiguration der lokalen Firewall bei der Planung des Fernzugriffs berücksichtigt werden?";"Antwort:

Um einen sicheren Remote-Zugriff auf Windows Server zu ermöglichen, SOLLTEN die folgenden Sicherheitsmaßnahmen umgesetzt werden:

- Die Auswirkungen auf die Konfiguration der lokalen Firewall SOLLTEN bei der Planung des Fernzugriffs berücksichtigt werden.
- Die Gruppe der berechtigten Benutzenden für den Remote-Desktopzugriff (RDP) SOLLTE durch die Zuweisung entsprechender Berechtigungen festgelegt werden.
- In komplexen Infrastrukturen SOLLTE das RDP-Zielsystem nur durch ein dazwischengeschaltetes RDP-Gateway erreicht werden können.
- Für die Verwendung von RDP SOLLTE eine Prüfung und deren Umsetzung sicherstellen, dass die nachfolgend aufgeführten Komfortfunktionen im Einklang mit dem Schutzbedarf des Zielsystems stehen:
 + die Verwendung der Zwischenablage,
 + die Einbindung von Wechselmedien und Netzlaufwerken sowie
 + die Nutzung der Dateiablagen und von Smartcard-Anschlüssen.
- Die eingesetzten kryptografischen Protokolle und Algorithmen SOLLTEN sicher sein und den internen Vorgaben der Institution entsprechen.
- Sofern der Einsatz von Remote-Desktopzugriffen nicht vorgesehen ist, SOLLTEN diese vollständig deaktiviert werden.

Zusätzlich SOLLTEN die folgenden Maßnahmen umgesetzt werden:

- Auf UEFI-basierten Systemen SOLLTE SecureBoot verwendet und der Status des geschützten Modus für den Local Credential Store LSA beim Systemstart überwacht werden.
- Ist eine Fernwartung der Clients mittels RDP vorgesehen, SOLLTE beim Einsatz von Windows in einer Domäne ab dem Funktionslevel 2012 R2 von der Option „restrictedAdmin“ für RDP Gebrauch gemacht werden.

Quelle: APP.3.1.A1 (S.391), APP.3.2 (S.392), ORP.1.A1 (S.73), ORP.4.A8 (S.73)";"1. Wie können die eingesetzten kryptografischen Protokolle und Algorithmen sicher sein und den internen Vorgaben der Institution entsprechen?
2. Wie kann die Verwendung der Zwischenablage, die Einbindung von Wechselmedien und Netzlaufwerken sowie die Nutzung der Dateiablagen und von Smartcard-Anschlüssen sicher gestaltet werden?
3. Wie kann die Auswirkung auf die Konfiguration der lokalen Firewall bei der Planung des Fernzugriffs berücksichtigt werden?";3;3;0.8736394557698324;1.0;0.9166666666666666;0.5706423201919542;Wie können die eingesetzten kryptografischen Protokolle und Algorithmen sicher sein und den internen Vorgaben der Institution entsprechen?;2;2;Kryptokonzept und Schlüsselmanagement;Wie kann die Verwendung der Zwischenablage, die Einbindung von Wechselmedien und Netzlaufwerken sowie die Nutzung der Dateiablagen und von Smartcard-Anschlüssen sicher gestaltet werden?;1;2;Teilweise abgedeckt;Wie kann die Auswirkung auf die Konfiguration der lokalen Firewall bei der Planung des Fernzugriffs berücksichtigt werden?;2;2;Direkt relevante Frage;1.667;2.0
Welche Sicherheitsmaßnahmen werden zur Einrichtung eines RDP Zugriff auf Windows Server benötigt?;"Um einen RDP-Zugriff auf Windows Server einzurichten, sollten mehrere Sicherheitsmaßnahmen berücksichtigt werden. Zunächst sollte die Gruppe der Berechtigten und IT-Systeme für den RemoteDesktopzugriff (RDP) durch die Zuweisung entsprechender Berechtigungen festgelegt werden, um den Zugriff zu beschränken Quelle: SYS.1.2.3.A6 (S). 

Es sollten Mechanismen des Betriebssystems berücksichtigt werden, um die übertragenen Anmeldeinformationen zu schützen, wie z.B. Remote Credential Guard oder RestrictedAdmin Quelle: SYS.1.2.3.A6 (S). 

In komplexen Infrastrukturen sollte das RDP-Zielsystem nur durch ein dazwischengeschaltetes RDP-Gateway erreicht werden können Quelle: SYS.1.2.3.A6 (S). 

Für die Verwendung von RDP sollte eine Prüfung und deren Umsetzung sicherstellen, dass die nachfolgend aufgeführten Komfortfunktionen im Einklang mit dem Schutzbedarf des Zielsystems stehen, wie z.B. die Verwendung der Zwischenablage, die Einbindung von Wechselmedien und Netzlaufwerken sowie die Nutzung der Dateiablagen, von weiteren Geräten und Ressourcen Quelle: SYS.1.2.3.A6 (S). 

Die eingesetzten kryptografischen Protokolle und Algorithmen sollten den internen Vorgaben der Institution entsprechen Quelle: SYS.1.2.3.A6 (S). 

Anschlussfragen:
1. Welche Rolle spielt die lokale Firewall bei der Planung des Fernzugriffs über RDP?
2. Wie können die übertragenen Anmeldeinformationen bei der Verwendung von RDP geschützt werden?
3. Welche Bedeutung hat die Verwendung eines RDP-Gateways in komplexen Infrastrukturen?";"Um einen RDP-Zugriff auf Windows Server einzurichten, sollten mehrere Sicherheitsmaßnahmen berücksichtigt werden. Zunächst sollte die Gruppe der Berechtigten und IT-Systeme für den RemoteDesktopzugriff (RDP) durch die Zuweisung entsprechender Berechtigungen festgelegt werden, um den Zugriff zu beschränken Quelle: SYS.1.2.3.A6 (S). 

Es sollten Mechanismen des Betriebssystems berücksichtigt werden, um die übertragenen Anmeldeinformationen zu schützen, wie z.B. Remote Credential Guard oder RestrictedAdmin Quelle: SYS.1.2.3.A6 (S). 

In komplexen Infrastrukturen sollte das RDP-Zielsystem nur durch ein dazwischengeschaltetes RDP-Gateway erreicht werden können Quelle: SYS.1.2.3.A6 (S). 

Für die Verwendung von RDP sollte eine Prüfung und deren Umsetzung sicherstellen, dass die nachfolgend aufgeführten Komfortfunktionen im Einklang mit dem Schutzbedarf des Zielsystems stehen, wie z.B. die Verwendung der Zwischenablage, die Einbindung von Wechselmedien und Netzlaufwerken sowie die Nutzung der Dateiablagen, von weiteren Geräten und Ressourcen Quelle: SYS.1.2.3.A6 (S). 

Die eingesetzten kryptografischen Protokolle und Algorithmen sollten den internen Vorgaben der Institution entsprechen Quelle: SYS.1.2.3.A6 (S).";"SYS.1.2.3.A6 Sicherheit beim Fernzugriff über RDP (S) Die Auswirkungen auf die Konfiguration der lokalen Firewall SOLLTEN bei der Planung des Fernzugriffs berücksichtigt werden. Die Gruppe der Berechtigten und IT-Systeme für den RemoteDesktopzugriff (RDP) SOLLTE durch die Zuweisung entsprechender Berechtigungen festgelegt werden. Es SOLLTEN Mechanismen des Betriebssystems berücksichtigt werden, um die übertragenen Anmeldeinformationen zu schützen (z. B. Remote Credential Guard oder RestrictedAdmin). In komplexen Infrastrukturen SOLLTE das RDP-Zielsystem nur durch ein dazwischengeschaltetes RDPGateway erreicht werden können. Für die Verwendung von RDP SOLLTE eine Prüfung und deren Umsetzung sicherstellen, dass die nachfolgend aufgeführten Komfortfunktionen im Einklang mit dem Schutzbedarf des Zielsystems stehen:

• die Verwendung der Zwischenablage,

• die Einbindung von Wechselmedien und Netzlaufwerken sowie

• die Nutzung der Dateiablagen, von weiteren Geräten und Ressourcen, wie z. B. SmartcardLesegeräten.

Die eingesetzten kryptografischen Protokolle und Algorithmen SOLLTEN den internen Vorgaben der Institution entsprechen. Sofern der Einsatz von Remote-Desktopzugriffen nicht vorgesehen ist, SOLLTEN diese vollständig deaktiviert werden.";"Um RDP-Zugriff auf Windows Server sicher einzurichten, sind folgende Sicherheitsmaßnahmen erforderlich:

- Die Auswirkungen auf die Konfiguration der lokalen Firewall SOLLTEN bei der Planung des Fernzugriffs berücksichtigt werden (Quelle: APP.3.1.A1 (S.391)).
- Die Gruppe der berechtigten Benutzer für den Remote-Desktopzugriff (RDP) SOLLTE durch die Zuweisung entsprechender Berechtigungen festgelegt werden (Quelle: APP.3.1.A1 (S.391)).
- Es SOLLTEN Mechanismen des Betriebssystems berücksichtigt werden, um die übertragenen Anmeldeinformationen zu schützen (z. B. Remote Credential Guard oder RestrictedAdmin) (Quelle: APP.3.1.A1 (S.391)).
- In komplexen Infrastrukturen SOLLTE das RDP-Zielsystem nur durch ein dazwischengeschaltetes RDP-Gateway erreicht werden können (Quelle: APP.3.1.A1 (S.391)).
- Für die Verwendung von RDP SOLLTE eine Prüfung und deren Umsetzung sicherstellen, dass die nachfolgend aufgeführten Komfortfunktionen im Einklang mit dem Schutzbedarf des Zielsystems stehen (Quelle: APP.3.1.A1 (S.391)).

Anschlussfragen:

1. Wie können die Sicherheitsmaßnahmen für RDP-Zugriff auf Windows Server überprüft werden?
2. Welche Rolle spielt die lokale Firewall bei der Sicherheit des RDP-Zugriffs?
3. Wie können die Mechanismen des Betriebssystems zur Schutz der übertragenen Anmeldeinformationen optimiert werden?";"Um RDP-Zugriff auf Windows Server sicher einzurichten, sind folgende Sicherheitsmaßnahmen erforderlich:

- Die Auswirkungen auf die Konfiguration der lokalen Firewall SOLLTEN bei der Planung des Fernzugriffs berücksichtigt werden (Quelle: APP.3.1.A1 (S.391)).
- Die Gruppe der berechtigten Benutzer für den Remote-Desktopzugriff (RDP) SOLLTE durch die Zuweisung entsprechender Berechtigungen festgelegt werden (Quelle: APP.3.1.A1 (S.391)).
- Es SOLLTEN Mechanismen des Betriebssystems berücksichtigt werden, um die übertragenen Anmeldeinformationen zu schützen (z. B. Remote Credential Guard oder RestrictedAdmin) (Quelle: APP.3.1.A1 (S.391)).
- In komplexen Infrastrukturen SOLLTE das RDP-Zielsystem nur durch ein dazwischengeschaltetes RDP-Gateway erreicht werden können (Quelle: APP.3.1.A1 (S.391)).
- Für die Verwendung von RDP SOLLTE eine Prüfung und deren Umsetzung sicherstellen, dass die nachfolgend aufgeführten Komfortfunktionen im Einklang mit dem Schutzbedarf des Zielsystems stehen (Quelle: APP.3.1.A1 (S.391)).";"1. Wie können die Sicherheitsmaßnahmen für RDP-Zugriff auf Windows Server überprüft werden?
2. Welche Rolle spielt die lokale Firewall bei der Sicherheit des RDP-Zugriffs?
3. Wie können die Mechanismen des Betriebssystems zur Schutz der übertragenen Anmeldeinformationen optimiert werden?";3;3;0.8583333333161667;1.0;0.8333333333333334;0.49252052218411047;Wie können die Sicherheitsmaßnahmen für RDP-Zugriff auf Windows Server überprüft werden?;1;2;Teilweise abgedeckt;Welche Rolle spielt die lokale Firewall bei der Sicherheit des RDP-Zugriffs?;2;2;Lokale Firewall bei RDP-Zugriff;Wie können die Mechanismen des Betriebssystems zur Schutz der übertragenen Anmeldeinformationen optimiert werden?;2;2;Direkt relevante Vertiefung;1.667;2.0
Was muss bei der Nutzung von Windows Servern zum Schutz von Schwachstellen beachtet werden?;"Bei der Nutzung von Windows Servern zum Schutz von Schwachstellen sollte beachtet werden, dass Maßnahmen zum Schutz vor Exploits für alle Programme und Dienste aktiviert werden sollten, die den Exploit-Schutz von Windows unterstützen, wie in SYS.1.2.3.A4 Schutz vor Ausnutzung von Schwachstellen in Anwendungen (S) beschrieben Quelle: SYS.1.2.3.A4 (S). 

Anschlussfragen:
1. Welche Versionen von Microsoft Windows Server werden im Baustein SYS.1.2.3 Windows Server behandelt?
2. Wie werden Sicherheitsanforderungen für Serverrollen und -funktionen wie Fileserver oder Webserver im Baustein SYS.1.2.3 Windows Server berücksichtigt?
3. Welche Rolle spielt der Baustein APP.2.2 Active Directory Domain Services bei der Nutzung von Windows Servern in einer Active-Directory-Domäne?";Bei der Nutzung von Windows Servern zum Schutz von Schwachstellen sollte beachtet werden, dass Maßnahmen zum Schutz vor Exploits für alle Programme und Dienste aktiviert werden sollten, die den Exploit-Schutz von Windows unterstützen, wie in SYS.1.2.3.A4 Schutz vor Ausnutzung von Schwachstellen in Anwendungen (S) beschrieben Quelle: SYS.1.2.3.A4 (S).;SYS.1.2.3.A4 Schutz vor Ausnutzung von Schwachstellen in Anwendungen (S) Maßnahmen zum Schutz vor Exploits SOLLTEN für alle Programme und Dienste aktiviert werden, die den Exploit-Schutz von Windows (vgl. Verweis in Kapitel 4.1 Wissenswertes) unterstützen.;"Um die Ausnutzung von Schwachstellen in Anwendungen zu erschweren, MUSS ASLR und DEP/NX im Betriebssystem aktiviert und von den Anwendungen genutzt werden. Sicherheitsfunktionen des Kernels und der Standardbibliotheken, wie z. B. Heap- und Stackschutz, DÜRFEN NICHT deaktiviert werden.

Quelle: Schutz vor Ausnutzung von Schwachstellen in Anwendungen

Um die Übertragung von Diagnose- und Nutzungsdaten an Microsoft stark zu reduzieren, MUSS das Telemetrie-Level 0 (Security) auf dem Windows Server konfiguriert werden. Wenn diese Einstellung nicht wirksam umgesetzt wird, dann MUSS durch geeignete Maßnahmen, etwa auf Netzebene, sichergestellt werden, dass die Daten nicht an den Hersteller übertragen werden.

Quelle: Telemetrie- und Nutzungsdaten unter Windows Server

Dienste und Anwendungen SOLLTEN mit einer individuellen Sicherheitsarchitektur geschützt werden (z. B. mit AppArmor oder SELinux). Auch chroot-Umgebungen sowie LXC- oder Docker-Container SOLLTEN dabei berücksichtigt werden. Es SOLLTE sichergestellt sein, dass mitgelieferte Standardprofile bzw. -regeln aktiviert sind.

Quelle: Verhinderung der Ausbreitung bei der Ausnutzung von Schwachstellen

Es SOLLTEN speziell gehärtete Kernels (z. B. grsecurity, PaX) und geeignete Schutzmaßnahmen wie Speicherschutz oder Dateisystemabsicherung umgesetzt werden, die eine Ausnutzung von Schwachstellen und die Ausbreitung im Betriebssystem verhindern.

Quelle: Zusätzlicher Schutz des Kernels

Anschlussfragen:

1. Wie kann die Ausnutzung von Schwachstellen in Anwendungen weiter erschwert werden?
2. Welche Rolle spielen Telemetrie- und Nutzungsdaten bei der Sicherheit von Windows Server?
3. Wie können Dienste und Anwendungen mit einer individuellen Sicherheitsarchitektur geschützt werden?";"Um die Ausnutzung von Schwachstellen in Anwendungen zu erschweren, MUSS ASLR und DEP/NX im Betriebssystem aktiviert und von den Anwendungen genutzt werden. Sicherheitsfunktionen des Kernels und der Standardbibliotheken, wie z. B. Heap- und Stackschutz, DÜRFEN NICHT deaktiviert werden.

Quelle: Schutz vor Ausnutzung von Schwachstellen in Anwendungen

Um die Übertragung von Diagnose- und Nutzungsdaten an Microsoft stark zu reduzieren, MUSS das Telemetrie-Level 0 (Security) auf dem Windows Server konfiguriert werden. Wenn diese Einstellung nicht wirksam umgesetzt wird, dann MUSS durch geeignete Maßnahmen, etwa auf Netzebene, sichergestellt werden, dass die Daten nicht an den Hersteller übertragen werden.

Quelle: Telemetrie- und Nutzungsdaten unter Windows Server

Dienste und Anwendungen SOLLTEN mit einer individuellen Sicherheitsarchitektur geschützt werden (z. B. mit AppArmor oder SELinux). Auch chroot-Umgebungen sowie LXC- oder Docker-Container SOLLTEN dabei berücksichtigt werden. Es SOLLTE sichergestellt sein, dass mitgelieferte Standardprofile bzw. -regeln aktiviert sind.

Quelle: Verhinderung der Ausbreitung bei der Ausnutzung von Schwachstellen

Es SOLLTEN speziell gehärtete Kernels (z. B. grsecurity, PaX) und geeignete Schutzmaßnahmen wie Speicherschutz oder Dateisystemabsicherung umgesetzt werden, die eine Ausnutzung von Schwachstellen und die Ausbreitung im Betriebssystem verhindern.

Quelle: Zusätzlicher Schutz des Kernels";"1. Wie kann die Ausnutzung von Schwachstellen in Anwendungen weiter erschwert werden?
2. Welche Rolle spielen Telemetrie- und Nutzungsdaten bei der Sicherheit von Windows Server?
3. Wie können Dienste und Anwendungen mit einer individuellen Sicherheitsarchitektur geschützt werden?";3;3;0.8333333332916666;1.0;0.5;0.5045055329270935;Wie kann die Ausnutzung von Schwachstellen in Anwendungen weiter erschwert werden?;2;2;Direkt relevante Vertiefung;Welche Rolle spielen Telemetrie- und Nutzungsdaten bei der Sicherheit von Windows Server?;2;2;Direkte Relevanz zu Windows Server;Wie können Dienste und Anwendungen mit einer individuellen Sicherheitsarchitektur geschützt werden?;2;2;Direkt relevante Vertiefung;2.0;2.0
Wie wird Windows PowerShell verwendet?;"Die Windows PowerShell wird verwendet, indem ihre Ausführung zentral protokolliert und die erzeugten Protokolle überwacht werden. Die Ausführung von PowerShell-Skripten sollte mit dem Befehl SetExecutionPolicy AllSigned eingeschränkt werden, um zu verhindern, dass unsignierte Skripte ausgeführt werden. Ältere Windows PowerShell-Versionen sollten deaktiviert werden. Der Einsatz des PowerShell Constrained Language Mode sollte geprüft werden. Zur Einschränkung der Windows PowerShell sollte bei Windows Server mithilfe von Just Enough Administration (JEA) eine rollenbasierte Administration implementiert werden Quelle: SYS.1.2.3.A7 (S. unbekannt, da keine Seitenzahl angegeben).

Anschlussfragen:
1. Wie kann die Ausführung von PowerShell-Skripten eingeschränkt werden?
2. Welche Rolle spielt Just Enough Administration (JEA) bei der Einschränkung der Windows PowerShell?
3. Wie sollten ältere Windows PowerShell-Versionen behandelt werden?";Die Windows PowerShell wird verwendet, indem ihre Ausführung zentral protokolliert und die erzeugten Protokolle überwacht werden. Die Ausführung von PowerShell-Skripten sollte mit dem Befehl SetExecutionPolicy AllSigned eingeschränkt werden, um zu verhindern, dass unsignierte Skripte ausgeführt werden. Ältere Windows PowerShell-Versionen sollten deaktiviert werden. Der Einsatz des PowerShell Constrained Language Mode sollte geprüft werden. Zur Einschränkung der Windows PowerShell sollte bei Windows Server mithilfe von Just Enough Administration (JEA) eine rollenbasierte Administration implementiert werden Quelle: SYS.1.2.3.A7 (S. unbekannt, da keine Seitenzahl angegeben).;SYS.1.2.3.A7 Verwendung der Windows PowerShell (H) Die PowerShell-Ausführung SOLLTE zentral protokolliert werden. Die erzeugten Protokolle SOLLTEN geeignet überwacht werden. Die Ausführung von PowerShell-Skripten SOLLTE mit dem Befehl SetExecutionPolicy AllSigned eingeschränkt werden, um zu verhindern, dass unsignierte Skripte (versehentlich) ausgeführt werden. Ältere Windows PowerShell-Versionen SOLLTEN deaktiviert werden. Der Einsatz des PowerShell Constrained Language Mode SOLLTE geprüft werden. Zur Einschränkung der Windows PowerShell SOLLTE bei Windows Server mithilfe von Just Enough Administration (JEA) eine rollenbasierte Administration implementiert werden.;"Antwort:

Die Windows PowerShell wird verwendet, um Skripte auszuführen, die Aufgaben automatisieren und die Verwaltung von Windows-Systemen erleichtern. Die Ausführung von PowerShell-Skripten sollte mit dem Befehl Set-ExecutionPolicy AllSigned eingeschränkt werden, um zu verhindern, dass unsignierte Skripte versehentlich ausgeführt werden.

Die PowerShell-Ausführung sollte zentral protokolliert werden, und die erzeugten Protokolle sollten geeignet überwacht werden. Ältere Windows PowerShell-Versionen sollten deaktiviert werden, und der Einsatz des PowerShell Constrained Language Mode sollte geprüft werden.

Zur Einschränkung der Windows PowerShell sollte bei Windows Server mithilfe von Just Enough Administration (JEA) eine rollenbasierte Administration implementiert werden.

Die PowerShell und die WPS-Dateien sollten nur von Administratoren ausgeführt werden können.

Quelle: APP.3.1.A1 (S.391)

Anschlussfragen:

1. Wie kann die Ausführung von PowerShell-Skripten sicher gestaltet werden?
2. Welche Rolle spielt die PowerShell in der Verwaltung von Windows-Systemen?
3. Wie kann die Sicherheit der PowerShell-Ausführung verbessert werden?";"Antwort:

Die Windows PowerShell wird verwendet, um Skripte auszuführen, die Aufgaben automatisieren und die Verwaltung von Windows-Systemen erleichtern. Die Ausführung von PowerShell-Skripten sollte mit dem Befehl Set-ExecutionPolicy AllSigned eingeschränkt werden, um zu verhindern, dass unsignierte Skripte versehentlich ausgeführt werden.

Die PowerShell-Ausführung sollte zentral protokolliert werden, und die erzeugten Protokolle sollten geeignet überwacht werden. Ältere Windows PowerShell-Versionen sollten deaktiviert werden, und der Einsatz des PowerShell Constrained Language Mode sollte geprüft werden.

Zur Einschränkung der Windows PowerShell sollte bei Windows Server mithilfe von Just Enough Administration (JEA) eine rollenbasierte Administration implementiert werden.

Die PowerShell und die WPS-Dateien sollten nur von Administratoren ausgeführt werden können.

Quelle: APP.3.1.A1 (S.391)";"1. Wie kann die Ausführung von PowerShell-Skripten sicher gestaltet werden?
2. Welche Rolle spielt die PowerShell in der Verwaltung von Windows-Systemen?
3. Wie kann die Sicherheit der PowerShell-Ausführung verbessert werden?";3;3;0.9999999999666667;1.0;0.8888888888888888;0.5379894801008948;Wie kann die Ausführung von PowerShell-Skripten sicher gestaltet werden?;2;2;Direkte Sicherheitsmaßnahmen;Welche Rolle spielt die PowerShell in der Verwaltung von Windows-Systemen?;2;2;Direkte Verwaltung von Windows-Systemen;Wie kann die Sicherheit der PowerShell-Ausführung verbessert werden?;2;2;Direkte Sicherheitsempfehlungen;2.0;2.0
Was ist  bei der Aufstellung zentraler Speichersysteme zu beachten?;"Bei der Aufstellung zentraler Speichersysteme ist zu beachten, dass die IT-Komponenten in verschlossenen Räumen aufgestellt werden müssen, zu denen nur Berechtigte Zutritt haben dürfen. Zudem muss eine sichere Stromversorgung sichergestellt sein und die Vorgaben des Herstellers zur Umgebungstemperatur und Luftfeuchte müssen eingehalten werden Quelle: SYS.1.8.A1 (S.391). 

Anschlussfragen:
1. Welche Arten von Speicherlösungen werden im Baustein SYS.1.8 Speicherlösungen behandelt?
2. Wie sollten Speicherlösungen im Rollen- und Rechtekonzept berücksichtigt werden?
3. Welche Anforderungen müssen bei der Nutzung von externen Dienstleistungen zur Betreibung von Speicherlösungen berücksichtigt werden?";Bei der Aufstellung zentraler Speichersysteme ist zu beachten, dass die IT-Komponenten in verschlossenen Räumen aufgestellt werden müssen, zu denen nur Berechtigte Zutritt haben dürfen. Zudem muss eine sichere Stromversorgung sichergestellt sein und die Vorgaben des Herstellers zur Umgebungstemperatur und Luftfeuchte müssen eingehalten werden Quelle: SYS.1.8.A1 (S.391).;SYS.1.8.A1 Geeignete Aufstellung von Speichersystemen (B) [Haustechnik] Die IT-Komponenten von Speicherlösungen MÜSSEN in verschlossenen Räumen aufgestellt werden. Zu diesen Räumen DÜRFEN NUR Berechtigte Zutritt haben. Zudem MUSS eine sichere Stromversorgung sichergestellt sein. Die Vorgaben des herstellenden Unternehmens zur empfohlenen Umgebungstemperatur und Luftfeuchte MÜSSEN eingehalten werden.;"Antwort:

Die Aufstellung zentraler Speichersysteme erfordert besondere Vorsichtsmaßnahmen. Die IT-Komponenten von Speicherlösungen MÜSSEN in verschlossenen Räumen aufgestellt werden, wobei nur berechtigte Personen Zutritt haben dürfen. Eine sichere Stromversorgung MUSS sichergestellt sein, und die Vorgaben des herstellenden Unternehmens zur empfohlenen Umgebungstemperatur und Luftfeuchte MÜSSEN eingehalten werden.

Quelle: APP.3.1.A1 (S.391)

Anschlussfragen:

1. Wie können die Sicherheitsanforderungen für zentrale Speichersysteme umgesetzt werden?
2. Welche Rolle spielen die Anforderungen des herstellenden Unternehmens bei der Aufstellung von Speichersystemen?
3. Wie kann die Verfügbarkeit der internen Anwendungen und die Systemauslastung von Speichersystemen überwacht werden?";"Antwort:

Die Aufstellung zentraler Speichersysteme erfordert besondere Vorsichtsmaßnahmen. Die IT-Komponenten von Speicherlösungen MÜSSEN in verschlossenen Räumen aufgestellt werden, wobei nur berechtigte Personen Zutritt haben dürfen. Eine sichere Stromversorgung MUSS sichergestellt sein, und die Vorgaben des herstellenden Unternehmens zur empfohlenen Umgebungstemperatur und Luftfeuchte MÜSSEN eingehalten werden.

Quelle: APP.3.1.A1 (S.391)";"1. Wie können die Sicherheitsanforderungen für zentrale Speichersysteme umgesetzt werden?
2. Welche Rolle spielen die Anforderungen des herstellenden Unternehmens bei der Aufstellung von Speichersystemen?
3. Wie kann die Verfügbarkeit der internen Anwendungen und die Systemauslastung von Speichersystemen überwacht werden?";3;3;0.7222222221981481;1.0;0.75;0.6453357204795951;Wie können die Sicherheitsanforderungen für zentrale Speichersysteme umgesetzt werden?;2;2;Sicherheitsanforderungen direkt abgedeckt;Welche Rolle spielen die Anforderungen des herstellenden Unternehmens bei der Aufstellung von Speichersystemen?;2;1;Herstelleranforderungen;Wie kann die Verfügbarkeit der internen Anwendungen und die Systemauslastung von Speichersystemen überwacht werden?;2;2;Direkte Überwachung von Speichersystemen;2.0;1.667
Was muss ich bei der Grundkonfiguration von Speicherlösungen beachten?;"Bei der Grundkonfiguration von Speicherlösungen muss sichergestellt werden, dass alle eingesetzten Softwarekomponenten und die Firmware aktuell sind. Danach muss eine sichere Grundkonfiguration hergestellt werden, wobei nicht genutzte Schnittstellen des Speichersystems deaktiviert werden müssen. Die Dateien zur Default-Konfiguration, zur vorgenommenen Grundkonfiguration und zur aktuellen Konfiguration sollten redundant und geschützt aufbewahrt werden. Quelle: SYS.1.8.A2 Sichere Grundkonfiguration von Speicherlösungen (B) 

Anschlussfragen:
1. Welche Rolle spielt die Aktualität der Softwarekomponenten und Firmware bei der Grundkonfiguration von Speicherlösungen?
2. Wie sollten nicht genutzte Schnittstellen des Speichersystems behandelt werden?
3. Welche Bedeutung haben die Dateien zur Default-Konfiguration, zur vorgenommenen Grundkonfiguration und zur aktuellen Konfiguration für die Sicherheit der Speicherlösung?";Bei der Grundkonfiguration von Speicherlösungen muss sichergestellt werden, dass alle eingesetzten Softwarekomponenten und die Firmware aktuell sind. Danach muss eine sichere Grundkonfiguration hergestellt werden, wobei nicht genutzte Schnittstellen des Speichersystems deaktiviert werden müssen. Die Dateien zur Default-Konfiguration, zur vorgenommenen Grundkonfiguration und zur aktuellen Konfiguration sollten redundant und geschützt aufbewahrt werden. Quelle: SYS.1.8.A2 Sichere Grundkonfiguration von Speicherlösungen (B);SYS.1.8.A2 Sichere Grundkonfiguration von Speicherlösungen (B) Bevor eine Speicherlösung produktiv eingesetzt wird, MUSS sichergestellt sein, dass alle eingesetzten Softwarekomponenten und die Firmware aktuell sind. Danach MUSS eine sichere Grundkonfiguration hergestellt werden. Nicht genutzte Schnittstellen des Speichersystems MÜSSEN deaktiviert werden. Die Dateien zur Default-Konfiguration, zur vorgenommenen Grundkonfiguration und zur aktuellen Konfiguration SOLLTEN redundant und geschützt aufbewahrt werden.;"**Sichere Grundkonfiguration von Speicherlösungen**

Um eine sichere Grundkonfiguration von Speicherlösungen zu erstellen, müssen folgende Schritte beachtet werden:

- **Aktualisierung von Softwarekomponenten und Firmware**: Alle eingesetzten Softwarekomponenten und die Firmware MUSSen aktuell sein, bevor eine Speicherlösung produktiv eingesetzt wird.
- **Deaktivierung nicht genutzter Schnittstellen**: Nicht genutzte Schnittstellen des Speichersystems MÜSSEN deaktiviert werden.
- **Redundante Aufbewahrung von Konfigurationsdateien**: Die Dateien zur Default-Konfiguration, zur vorgenommenen Grundkonfiguration und zur aktuellen Konfiguration SOLLTEN redundant und geschützt aufbewahrt werden.

**Quellen:**

- Quelle: Sichere Grundkonfiguration von Speicherlösungen (S. 1)
- Quelle: Planung von Speicherlösungen (S. 5)

**Anschlussfragen:**

1. Wie kann ich sicherstellen, dass alle eingesetzten Softwarekomponenten und die Firmware aktuell sind?
2. Welche Schritte müssen ich unternehmen, um nicht genutzte Schnittstellen des Speichersystems zu deaktivieren?
3. Wie kann ich die Dateien zur Default-Konfiguration, zur vorgenommenen Grundkonfiguration und zur aktuellen Konfiguration redundant und geschützt aufbewahren?";"**Sichere Grundkonfiguration von Speicherlösungen**

Um eine sichere Grundkonfiguration von Speicherlösungen zu erstellen, müssen folgende Schritte beachtet werden:

- **Aktualisierung von Softwarekomponenten und Firmware**: Alle eingesetzten Softwarekomponenten und die Firmware MUSSen aktuell sein, bevor eine Speicherlösung produktiv eingesetzt wird.
- **Deaktivierung nicht genutzter Schnittstellen**: Nicht genutzte Schnittstellen des Speichersystems MÜSSEN deaktiviert werden.
- **Redundante Aufbewahrung von Konfigurationsdateien**: Die Dateien zur Default-Konfiguration, zur vorgenommenen Grundkonfiguration und zur aktuellen Konfiguration SOLLTEN redundant und geschützt aufbewahrt werden.

**Quellen:**

- Quelle: Sichere Grundkonfiguration von Speicherlösungen (S. 1)
- Quelle: Planung von Speicherlösungen (S. 5)";"1. Wie kann ich sicherstellen, dass alle eingesetzten Softwarekomponenten und die Firmware aktuell sind?
2. Welche Schritte müssen ich unternehmen, um nicht genutzte Schnittstellen des Speichersystems zu deaktivieren?
3. Wie kann ich die Dateien zur Default-Konfiguration, zur vorgenommenen Grundkonfiguration und zur aktuellen Konfiguration redundant und geschützt aufbewahren?";3;3;0.9484126983968916;1.0;0.2;0.6948546623177708;Wie kann ich sicherstellen, dass alle eingesetzten Softwarekomponenten und die Firmware aktuell sind?;2;2;Aktualität von Software und Firmware;Welche Schritte müssen ich unternehmen, um nicht genutzte Schnittstellen des Speichersystems zu deaktivieren?;2;2;Direkte Anleitung zur Deaktivierung;Wie kann ich die Dateien zur Default-Konfiguration, zur vorgenommenen Grundkonfiguration und zur aktuellen Konfiguration redundant und geschützt aufbewahren?;2;2;Direkte Bezugnahme auf Konfiguration;2.0;2.0
Wie plane ich eine Speicherlösung systematisch?;"Um eine Speicherlösung systematisch zu planen, SOLLTE eine Anforderungsanalyse durchgeführt werden, in der unter anderem die Themen Performance und Kapazität betrachtet werden Quelle: SYS.1.8.A7 (S.?). Auf Basis der ermittelten Anforderungen SOLLTE dann eine detaillierte Planung für Speicherlösungen erstellt werden, die folgende Punkte berücksichtigt: Auswahl von herstellenden Unternehmen und Liefernden, Entscheidung für oder gegen zentrale Verwaltungssysteme, Planung des Netzanschlusses, Planung der Infrastruktur sowie Integration in bestehende Prozesse Quelle: SYS.1.8.A7 (S.?).

Anschlussfragen:
1. Wie können die Anforderungen an eine Speicherlösung systematisch ermittelt werden?
2. Welche Rolle spielt die Auswahl von herstellenden Unternehmen und Liefernden bei der Planung einer Speicherlösung?
3. Wie können Speicherlösungen im Rollen- und Rechtekonzept berücksichtigt werden?";Um eine Speicherlösung systematisch zu planen, SOLLTE eine Anforderungsanalyse durchgeführt werden, in der unter anderem die Themen Performance und Kapazität betrachtet werden Quelle: SYS.1.8.A7 (S.?). Auf Basis der ermittelten Anforderungen SOLLTE dann eine detaillierte Planung für Speicherlösungen erstellt werden, die folgende Punkte berücksichtigt: Auswahl von herstellenden Unternehmen und Liefernden, Entscheidung für oder gegen zentrale Verwaltungssysteme, Planung des Netzanschlusses, Planung der Infrastruktur sowie Integration in bestehende Prozesse Quelle: SYS.1.8.A7 (S.?).;"SYS.1.8.A7 Planung von Speicherlösungen (S) Bevor Speicherlösungen in einer Institution eingesetzt werden, SOLLTE eine Anforderungsanalyse durchgeführt werden. In der Anforderungsanalyse SOLLTEN unter anderem die Themen Performance und Kapazität betrachtet werden. Auf Basis der ermittelten Anforderungen SOLLTE dann eine detaillierte Planung für Speicherlösungen erstellt werden. Darin SOLLTEN folgende Punkte berücksichtigt werden:

• Auswahl von herstellenden Unternehmen und Liefernden,

• Entscheidung für oder gegen zentrale Verwaltungssysteme (Management-Systeme),

• Planung des Netzanschlusses,

• Planung der Infrastruktur sowie

• Integration in bestehende Prozesse.";"Um eine Speicherlösung systematisch zu planen, SOLLTE folgende Vorgehensweise befolgt werden:

1. **Anforderungsanalyse**: Eine Anforderungsanalyse SOLLTE durchgeführt werden, um die spezifischen Anforderungen an die Speicherlösung zu ermitteln. Dazu gehören die Themen Performance und Kapazität.
2. **Detaillierte Planung**: Auf Basis der ermittelten Anforderungen SOLLTE eine detaillierte Planung für die Speicherlösung erstellt werden. Dazu gehören die Auswahl von herstellenden Unternehmen und Liefernden, die Entscheidung für oder gegen zentrale Verwaltungssysteme (Management-Systeme), die Planung des Netzanschlusses, die Planung der Infrastruktur sowie die Integration in bestehende Prozesse.
3. **Sichere Grundkonfiguration**: Bevor die Speicherlösung produktiv eingesetzt wird, MUSS sichergestellt sein, dass alle eingesetzten Softwarekomponenten und die Firmware aktuell sind. Danach MUSS eine sichere Grundkonfiguration hergestellt werden.
4. **Erstellung einer Sicherheitsrichtlinie**: Ausgehend von der allgemeinen Sicherheitsrichtlinie der Institution SOLLTE eine spezifische Sicherheitsrichtlinie für die Speicherlösung erstellt werden. Darin SOLLTEN nachvollziehbar Vorgaben beschrieben sein, wie die Speicherlösung sicher geplant, administriert, installiert, konfiguriert und betrieben werden kann.
5. **Auswahl von Liefernden**: Anhand der spezifizierten Anforderungen an die Speicherlösung SOLLTEN geeignete Liefernde ausgewählt werden. Die Auswahlkriterien und die Entscheidung SOLLTEN nachvollziehbar dokumentiert werden.
6. **Notfallvorsorge und Notfallreaktion**: Es SOLLTE ein Notfallplan für die eingesetzte Speicherlösung erstellt werden. Der Notfallplan SOLLTE genau beschreiben, wie in bestimmten Notfallsituationen vorzugehen ist.
7. **Überwachung und Verwaltung**: Speicherlösungen SOLLTEN überwacht werden. Dabei SOLLTEN alle erhobenen Daten (Nachrichten) vorrangig daraufhin geprüft werden, ob die Vorgaben des Betriebshandbuchs eingehalten werden.

**Anforderungen**:

- ORP.1.A1 Festlegung von Verantwortlichkeiten und Regelungen (B) [Institutionsleitung]
- APP.3.1.A1 Sicherheitsrichtlinien (B) [ISB]
- SYS.1.8.A1 Sichere Grundkonfiguration von Speicherlösungen (B) [ISB]
- OPS.2.3.A1 Nutzung von Outsourcing (B) [ISB]

**Anschlussfragen:**

1. Wie können die technischen Grundlagen unterschiedlicher Speicherlösungen detailliert beleuchtet werden?
2. Welche Möglichkeiten und Grenzen der verschiedenen Speichersystemarten SOLLTEN für die Verantwortlichen der Institution transparent dargestellt werden?
3. Wie SOLLTE die Entscheidung für die Auswahl einer Speicherlösung nachvollziehbar dokumentiert werden?";"Um eine Speicherlösung systematisch zu planen, SOLLTE folgende Vorgehensweise befolgt werden:

1. **Anforderungsanalyse**: Eine Anforderungsanalyse SOLLTE durchgeführt werden, um die spezifischen Anforderungen an die Speicherlösung zu ermitteln. Dazu gehören die Themen Performance und Kapazität.
2. **Detaillierte Planung**: Auf Basis der ermittelten Anforderungen SOLLTE eine detaillierte Planung für die Speicherlösung erstellt werden. Dazu gehören die Auswahl von herstellenden Unternehmen und Liefernden, die Entscheidung für oder gegen zentrale Verwaltungssysteme (Management-Systeme), die Planung des Netzanschlusses, die Planung der Infrastruktur sowie die Integration in bestehende Prozesse.
3. **Sichere Grundkonfiguration**: Bevor die Speicherlösung produktiv eingesetzt wird, MUSS sichergestellt sein, dass alle eingesetzten Softwarekomponenten und die Firmware aktuell sind. Danach MUSS eine sichere Grundkonfiguration hergestellt werden.
4. **Erstellung einer Sicherheitsrichtlinie**: Ausgehend von der allgemeinen Sicherheitsrichtlinie der Institution SOLLTE eine spezifische Sicherheitsrichtlinie für die Speicherlösung erstellt werden. Darin SOLLTEN nachvollziehbar Vorgaben beschrieben sein, wie die Speicherlösung sicher geplant, administriert, installiert, konfiguriert und betrieben werden kann.
5. **Auswahl von Liefernden**: Anhand der spezifizierten Anforderungen an die Speicherlösung SOLLTEN geeignete Liefernde ausgewählt werden. Die Auswahlkriterien und die Entscheidung SOLLTEN nachvollziehbar dokumentiert werden.
6. **Notfallvorsorge und Notfallreaktion**: Es SOLLTE ein Notfallplan für die eingesetzte Speicherlösung erstellt werden. Der Notfallplan SOLLTE genau beschreiben, wie in bestimmten Notfallsituationen vorzugehen ist.
7. **Überwachung und Verwaltung**: Speicherlösungen SOLLTEN überwacht werden. Dabei SOLLTEN alle erhobenen Daten (Nachrichten) vorrangig daraufhin geprüft werden, ob die Vorgaben des Betriebshandbuchs eingehalten werden.

**Anforderungen**:

- ORP.1.A1 Festlegung von Verantwortlichkeiten und Regelungen (B) [Institutionsleitung]
- APP.3.1.A1 Sicherheitsrichtlinien (B) [ISB]
- SYS.1.8.A1 Sichere Grundkonfiguration von Speicherlösungen (B) [ISB]
- OPS.2.3.A1 Nutzung von Outsourcing (B) [ISB]";"1. Wie können die technischen Grundlagen unterschiedlicher Speicherlösungen detailliert beleuchtet werden?
2. Welche Möglichkeiten und Grenzen der verschiedenen Speichersystemarten SOLLTEN für die Verantwortlichen der Institution transparent dargestellt werden?
3. Wie SOLLTE die Entscheidung für die Auswahl einer Speicherlösung nachvollziehbar dokumentiert werden?";3;3;0.7051587301469775;1.0;0.0;0.35477872974824154;Wie können die technischen Grundlagen unterschiedlicher Speicherlösungen detailliert beleuchtet werden?;2;2;Direkte Beziehung zu Speicherlösungen;Welche Möglichkeiten und Grenzen der verschiedenen Speichersystemarten SOLLTEN für die Verantwortlichen der Institution transparent dargestellt werden?;2;2;Direkte Bezugnahme auf Speichersystemarten;Wie SOLLTE die Entscheidung für die Auswahl einer Speicherlösung nachvollziehbar dokumentiert werden?;2;2;Direkte Dokumentation;2.0;2.0
Wie segmentiere ich ein SAN sicher?;"Um ein SAN sicher zu segmentieren, SOLLTE ein Konzept erarbeitet werden, das die SAN-Ressourcen den jeweiligen Servern zuordnet, wie in SYS.1.8.A14 Absicherung eines SANs durch Segmentierung (S) beschrieben. Quelle: SYS.1.8.A14 (S). Hierfür SOLLTE anhand der Sicherheitsanforderungen und des Administrationsaufwands entschieden werden, welche Segmentierung in welcher Implementierung eingesetzt werden soll. Die aktuelle Ressourcenzuordnung SOLLTE mithilfe von Verwaltungswerkzeugen einfach und übersichtlich erkennbar sein. Quelle: SYS.1.8.A14 (S). 

Anschlussfragen:
1. Wie kann die Segmentierung eines SANs durch die Implementierung von Zoning-Konfigurationen unterstützt werden?
2. Welche Rolle spielen Verwaltungswerkzeuge bei der Segmentierung eines SANs?
3. Wie können Sicherheitsanforderungen bei der Segmentierung eines SANs berücksichtigt werden?";Um ein SAN sicher zu segmentieren, SOLLTE ein Konzept erarbeitet werden, das die SAN-Ressourcen den jeweiligen Servern zuordnet, wie in SYS.1.8.A14 Absicherung eines SANs durch Segmentierung (S) beschrieben. Quelle: SYS.1.8.A14 (S). Hierfür SOLLTE anhand der Sicherheitsanforderungen und des Administrationsaufwands entschieden werden, welche Segmentierung in welcher Implementierung eingesetzt werden soll. Die aktuelle Ressourcenzuordnung SOLLTE mithilfe von Verwaltungswerkzeugen einfach und übersichtlich erkennbar sein. Quelle: SYS.1.8.A14 (S).;SYS.1.8.A14 Absicherung eines SANs durch Segmentierung (S) Ein SAN SOLLTE segmentiert werden. Es SOLLTE ein Konzept erarbeitet werden, das die SANRessourcen den jeweiligen Servern zuordnet. Hierfür SOLLTE anhand der Sicherheitsanforderungen und des Administrationsaufwands entschieden werden, welche Segmentierung in welcher Implementierung (z. B. FC-SANs oder iSCSI-Speichernetze) eingesetzt werden soll. Die aktuelle Ressourcenzuordnung SOLLTE mithilfe von Verwaltungswerkzeugen einfach und übersichtlich erkennbar sein. Weiterhin SOLLTE die aktuelle Zoning-Konfiguration dokumentiert werden. Die Dokumentation SOLLTE auch in Notfällen verfügbar sein.;"Um ein SAN sicher zu segmentieren, SOLLTE es in verschiedene Zonen unterteilt werden, um den unterschiedlichen Schutzbedarf der Server und Anwendungen zu berücksichtigen. Hierfür SOLLTE Hard-Zoning eingesetzt werden, um die Netzsegmente zu trennen und sicherzustellen, dass keine Überbrückung von Netzsegmenten oder gar Zonen möglich ist.

Es SOLLTEN IT-Systeme mit unterschiedlichem Schutzbedarf in verschiedenen Netzsegmenten platziert werden. Ist dies nicht möglich, SOLLTE sich der Schutzbedarf nach dem höchsten vorkommenden Schutzbedarf im Netzsegment richten. Darüber hinaus SOLLTEN die Netzsegmente abhängig von ihrer Größe und den Anforderungen des Segmentierungskonzepts weiter unterteilt werden.

Um die Integrität der SAN-Fabric sicherzustellen, SOLLTEN Protokolle mit zusätzlichen Sicherheitsmerkmalen eingesetzt werden. Hierfür SOLLTEN die folgenden Protokolle berücksichtigt und entsprechende Konfigurationen verwendet werden:

- Diffie Hellman Challenge Handshake Authentication Protocol (DH-CHAP)
- Fibre Channel Authentication Protocol (FCAP)
- Fibre Channel Password Authentication Protocol (FCPAP)

Es SOLLTEN physisch getrennte Zonen mindestens für das Management von LAN-Komponenten, Sicherheitskomponenten und Komponenten zur Außenanbindung eingerichtet werden.

Quelle: ORP.1.A1 (S.391), APP.3.1.A1 (S.391), NET.1.1 (S.204-205)

Anschlussfragen:
1. Wie können die Netzsegmente physisch getrennt werden, um die Integrität der SAN-Fabric sicherzustellen?
2. Welche Protokolle SOLLTEN eingesetzt werden, um die Integrität der SAN-Fabric sicherzustellen?
3. Wie können die Zonen für das Management von LAN-Komponenten, Sicherheitskomponenten und Komponenten zur Außenanbindung eingerichtet werden?";"Um ein SAN sicher zu segmentieren, SOLLTE es in verschiedene Zonen unterteilt werden, um den unterschiedlichen Schutzbedarf der Server und Anwendungen zu berücksichtigen. Hierfür SOLLTE Hard-Zoning eingesetzt werden, um die Netzsegmente zu trennen und sicherzustellen, dass keine Überbrückung von Netzsegmenten oder gar Zonen möglich ist.

Es SOLLTEN IT-Systeme mit unterschiedlichem Schutzbedarf in verschiedenen Netzsegmenten platziert werden. Ist dies nicht möglich, SOLLTE sich der Schutzbedarf nach dem höchsten vorkommenden Schutzbedarf im Netzsegment richten. Darüber hinaus SOLLTEN die Netzsegmente abhängig von ihrer Größe und den Anforderungen des Segmentierungskonzepts weiter unterteilt werden.

Um die Integrität der SAN-Fabric sicherzustellen, SOLLTEN Protokolle mit zusätzlichen Sicherheitsmerkmalen eingesetzt werden. Hierfür SOLLTEN die folgenden Protokolle berücksichtigt und entsprechende Konfigurationen verwendet werden:

- Diffie Hellman Challenge Handshake Authentication Protocol (DH-CHAP)
- Fibre Channel Authentication Protocol (FCAP)
- Fibre Channel Password Authentication Protocol (FCPAP)

Es SOLLTEN physisch getrennte Zonen mindestens für das Management von LAN-Komponenten, Sicherheitskomponenten und Komponenten zur Außenanbindung eingerichtet werden.

Quelle: ORP.1.A1 (S.391), APP.3.1.A1 (S.391), NET.1.1 (S.204-205)";"1. Wie können die Netzsegmente physisch getrennt werden, um die Integrität der SAN-Fabric sicherzustellen?
2. Welche Protokolle SOLLTEN eingesetzt werden, um die Integrität der SAN-Fabric sicherzustellen?
3. Wie können die Zonen für das Management von LAN-Komponenten, Sicherheitskomponenten und Komponenten zur Außenanbindung eingerichtet werden?";3;3;0.8972222222072685;1.0;0.8333333333333334;0.5352392115475082;Wie können die Netzsegmente physisch getrennt werden, um die Integrität der SAN-Fabric sicherzustellen?;2;2;Direkte Relevanz zu Netzsegmentierung;Welche Protokolle SOLLTEN eingesetzt werden, um die Integrität der SAN-Fabric sicherzustellen?;2;2;Direkte Antwort in IT-Grundschutz gefunden;Wie können die Zonen für das Management von LAN-Komponenten, Sicherheitskomponenten und Komponenten zur Außenanbindung eingerichtet werden?;2;2;Direkte Beziehung zu Netzdesign;2.0;2.0
Was muss ich bei der Aussonderung von Speicherlösungen beachten?;"Bei der Aussonderung von Speicherlösungen sollten alle darauf vorhandenen Daten auf andere Speicherlösungen übertragen werden Quelle: SYS.1.8.A19. Eine Übergangsphase sollte eingeplant werden, um einen reibungslosen Übergang zu gewährleisten Quelle: SYS.1.8.A19. Anschließend sollten alle Nutzdaten und Konfigurationsdaten sicher gelöscht werden, um Datenverlust oder -missbrauch zu vermeiden Quelle: SYS.1.8.A19. Zudem sollten alle Verweise auf die außer Betrieb genommene Speicherlösung aus relevanten Dokumenten entfernt werden, um eine konsistente Dokumentation zu gewährleisten Quelle: SYS.1.8.A19.

Anschlussfragen:
1. Wie sollten die Zugriffsrechte für Speicherlösungen im Rollen- und Rechtekonzept berücksichtigt werden?
2. Welche Anforderungen müssen bei der Nutzung von externen Dienstleistungen für die Betreibung von Speicherlösungen berücksichtigt werden?
3. Wie sollten Datensicherungsgeräte, die an das Speichersystem oder an das Speichernetz angeschlossen sind, behandelt werden?";Bei der Aussonderung von Speicherlösungen sollten alle darauf vorhandenen Daten auf andere Speicherlösungen übertragen werden Quelle: SYS.1.8.A19. Eine Übergangsphase sollte eingeplant werden, um einen reibungslosen Übergang zu gewährleisten Quelle: SYS.1.8.A19. Anschließend sollten alle Nutzdaten und Konfigurationsdaten sicher gelöscht werden, um Datenverlust oder -missbrauch zu vermeiden Quelle: SYS.1.8.A19. Zudem sollten alle Verweise auf die außer Betrieb genommene Speicherlösung aus relevanten Dokumenten entfernt werden, um eine konsistente Dokumentation zu gewährleisten Quelle: SYS.1.8.A19.;SYS.1.8.A19 Aussonderung von Speicherlösungen (S) Werden ganze Speicherlösungen oder einzelne Komponenten einer Speicherlösung nicht mehr benötigt, SOLLTEN alle darauf vorhandenen Daten auf andere Speicherlösungen übertragen werden. Hierfür SOLLTE eine Übergangsphase eingeplant werden. Anschließend SOLLTEN alle Nutzdaten und Konfigurationsdaten sicher gelöscht werden. Aus allen relevanten Dokumenten SOLLTEN alle Verweise auf die außer Betrieb genommene Speicherlösung entfernt werden.;"Antwort:

Um Speicherlösungen sicher auszusondern, SOLLTEN alle darauf vorhandenen Daten auf andere Speicherlösungen übertragen werden. Hierfür SOLLTE eine Übergangsphase eingeplant werden. Anschließend SOLLTEN alle Nutzdaten und Konfigurationsdaten sicher gelöscht werden. Aus allen relevanten Dokumenten SOLLTEN alle Verweise auf die außer Betrieb genommene Speicherlösung entfernt werden.

Quelle: SYS.1.8 Speicherlösungen (S. 1)

Anschlussfragen:

1. Wie SOLLTEN die technischen Grundlagen unterschiedlicher Speicherlösungen detailliert beleuchtet werden?
2. Welche Möglichkeiten und Grenzen der verschiedenen Speichersystemarten SOLLTEN für die Verantwortlichen der Institution transparent dargestellt werden?
3. Wie SOLLTEN die Entscheidungskriterien für eine Speicherlösung nachvollziehbar dokumentiert werden?";"Antwort:

Um Speicherlösungen sicher auszusondern, SOLLTEN alle darauf vorhandenen Daten auf andere Speicherlösungen übertragen werden. Hierfür SOLLTE eine Übergangsphase eingeplant werden. Anschließend SOLLTEN alle Nutzdaten und Konfigurationsdaten sicher gelöscht werden. Aus allen relevanten Dokumenten SOLLTEN alle Verweise auf die außer Betrieb genommene Speicherlösung entfernt werden.

Quelle: SYS.1.8 Speicherlösungen (S. 1)";"1. Wie SOLLTEN die technischen Grundlagen unterschiedlicher Speicherlösungen detailliert beleuchtet werden?
2. Welche Möglichkeiten und Grenzen der verschiedenen Speichersystemarten SOLLTEN für die Verantwortlichen der Institution transparent dargestellt werden?
3. Wie SOLLTEN die Entscheidungskriterien für eine Speicherlösung nachvollziehbar dokumentiert werden?";3;3;0.9617346938638119;1.0;1.0;0.6935435132748986;Wie SOLLTEN die technischen Grundlagen unterschiedlicher Speicherlösungen detailliert beleuchtet werden?;1;1;Teilweise abgedeckt;Welche Möglichkeiten und Grenzen der verschiedenen Speichersystemarten SOLLTEN für die Verantwortlichen der Institution transparent dargestellt werden?;2;2;Direkte Bezugnahme auf Speichersystemarten;Wie SOLLTEN die Entscheidungskriterien für eine Speicherlösung nachvollziehbar dokumentiert werden?;2;2;Direkte Relevanz zur Speicherlösungsauswahl;1.667;1.667
Wie trenne ich Mandanten in Speicherlösungen bei erhöhtem Schutzbedarf?;"Um Mandanten in Speicherlösungen bei erhöhtem Schutzbedarf zu trennen, sollten Speicherressourcen aus unterschiedlichen sogenannten Speicherpools zugewiesen werden. Dabei sollte ein Speichermedium immer nur einem einzigen Pool zugewiesen werden. Die logischen Festplatten (LUNs), die aus einem solchen Pool generiert werden, sollten nur einem einzigen Mandanten zugeordnet werden Quelle: SYS.1.8.A21 Einsatz von Speicherpools zur Trennung von Mandanten (H) (S. unbekannt, da keine Seitenzahl angegeben ist).

Anschlussfragen:
1. Wie können Netzwerk-Attached-Storage-(NAS)-Systeme und Storage-Area-Networks-(SAN)-Systeme im Kontext der Speicherlösungen abgegrenzt und modelliert werden?
2. Welche Rolle spielen Objekt-Storage und Cloud Storage im Zusammenhang mit der Trennung von Mandanten in Speicherlösungen?
3. Wie sollten Datensicherungsgeräte und konzeptionelle Aspekte der Datensicherung bei der Implementierung von Speicherlösungen berücksichtigt werden?";Um Mandanten in Speicherlösungen bei erhöhtem Schutzbedarf zu trennen, sollten Speicherressourcen aus unterschiedlichen sogenannten Speicherpools zugewiesen werden. Dabei sollte ein Speichermedium immer nur einem einzigen Pool zugewiesen werden. Die logischen Festplatten (LUNs), die aus einem solchen Pool generiert werden, sollten nur einem einzigen Mandanten zugeordnet werden Quelle: SYS.1.8.A21 Einsatz von Speicherpools zur Trennung von Mandanten (H) (S. unbekannt, da keine Seitenzahl angegeben ist).;SYS.1.8.A21 Einsatz von Speicherpools zur Trennung von Mandanten (H) Mandanten SOLLTEN Speicherressourcen aus unterschiedlichen sogenannten Speicherpools zugewiesen werden. Dabei SOLLTE ein Speichermedium immer nur einem einzigen Pool zugewiesen werden. Die logischen Festplatten (LUNs), die aus einem solchen Pool generiert werden, SOLLTEN nur einem einzigen Mandanten zugeordnet werden.;"Um Mandanten in Speicherlösungen bei erhöhtem Schutzbedarf zu trennen, SOLLTE Folgendes beachtet werden:

- Mandanten SOLLTEN Speicherressourcen aus unterschiedlichen Speicherpools zugewiesen werden. Dabei SOLLTE ein Speichermedium immer nur einem einzigen Pool zugewiesen werden.
- Die logischen Festplatten (LUNs), die aus einem solchen Pool generiert werden, SOLLTEN nur einem einzigen Mandanten zugeordnet werden.
- Anwendungen mit einem sehr hohen Schutzbedarf SOLLTEN jeweils eigene Kubernetes-Cluster oder dedizierte Nodes nutzen, die nicht für andere Anwendungen bereitstehen.

Quelle: APP.3.1.A1 (S.391), ORP.4.A8 (S.73)

Anschlussfragen:
1. Wie können wir sicherstellen, dass die Speicherpools und die zugeordneten LUNs korrekt getrennt sind?
2. Welche Rolle spielen virtuelle Fileserver bei der Trennung von Mandanten in Fileservice-Umgebungen?
3. Wie können wir die Sicherheit von AD-DS-Konten erhöhen, um den Schutzbedarf zu reduzieren?";"Um Mandanten in Speicherlösungen bei erhöhtem Schutzbedarf zu trennen, SOLLTE Folgendes beachtet werden:

- Mandanten SOLLTEN Speicherressourcen aus unterschiedlichen Speicherpools zugewiesen werden. Dabei SOLLTE ein Speichermedium immer nur einem einzigen Pool zugewiesen werden.
- Die logischen Festplatten (LUNs), die aus einem solchen Pool generiert werden, SOLLTEN nur einem einzigen Mandanten zugeordnet werden.
- Anwendungen mit einem sehr hohen Schutzbedarf SOLLTEN jeweils eigene Kubernetes-Cluster oder dedizierte Nodes nutzen, die nicht für andere Anwendungen bereitstehen.

Quelle: APP.3.1.A1 (S.391), ORP.4.A8 (S.73)";"1. Wie können wir sicherstellen, dass die Speicherpools und die zugeordneten LUNs korrekt getrennt sind?
2. Welche Rolle spielen virtuelle Fileserver bei der Trennung von Mandanten in Fileservice-Umgebungen?
3. Wie können wir die Sicherheit von AD-DS-Konten erhöhen, um den Schutzbedarf zu reduzieren?";3;3;0.8761904761729524;1.0;0.8;0.6976178097193707;Wie können wir sicherstellen, dass die Speicherpools und die zugeordneten LUNs korrekt getrennt sind?;2;2;Direkte Trennung von Speicherpools;Welche Rolle spielen virtuelle Fileserver bei der Trennung von Mandanten in Fileservice-Umgebungen?;2;2;Virtuelle Fileserver direkt im Kontext;Wie können wir die Sicherheit von AD-DS-Konten erhöhen, um den Schutzbedarf zu reduzieren?;1;1;Tangential zur Mandantentrennung;1.667;1.667
Welche Verschlüsselung muss ich bei Speicherlösungen für erhöhten Schutzbedarf einsetzen?;"Für Speicherlösungen mit erhöhtem Schutzbedarf SOLLTE die Verschlüsselung auf den Ebenen Data-in-Motion und Data-at-Rest eingesetzt werden Quelle: SYS.1.8.A23 (S.?). Es SOLLTE festgelegt werden, auf welchen Ebenen verschlüsselt wird, wobei die Verschlüsselung auf dem Transportweg auch bei Replikationen und Backup-Traffic relevant ist Quelle: SYS.1.8.A23 (S.?).

Anschlussfragen:
1. Welche Rolle spielt die Verschlüsselung bei der Datensicherung in Speicherlösungen?
2. Wie werden Netzwerk-Attached-Storage-(NAS)-Systeme und Storage-Area-Networks-(SAN)-Systeme im Kontext von Speicherlösungen abgegrenzt?
3. Welche Sicherheitsanforderungen müssen bei der Nutzung von Cloud Storage als Speicherlösung berücksichtigt werden?";Für Speicherlösungen mit erhöhtem Schutzbedarf SOLLTE die Verschlüsselung auf den Ebenen Data-in-Motion und Data-at-Rest eingesetzt werden Quelle: SYS.1.8.A23 (S.?). Es SOLLTE festgelegt werden, auf welchen Ebenen verschlüsselt wird, wobei die Verschlüsselung auf dem Transportweg auch bei Replikationen und Backup-Traffic relevant ist Quelle: SYS.1.8.A23 (S.?).;SYS.1.8.A23 Einsatz von Verschlüsselung für Speicherlösungen (H) Alle in Speicherlösungen abgelegten Daten SOLLTEN verschlüsselt werden. Es SOLLTE festgelegt werden, auf welchen Ebenen (Data-in-Motion und Data-at-Rest) verschlüsselt wird. Dabei SOLLTE beachtet werden, dass die Verschlüsselung auf dem Transportweg auch bei Replikationen und BackupTraffic relevant ist.;"Antwort:

Bei erhöhtem Schutzbedarf SOLLTEN die Datenträger des Servers mit einem als sicher geltenden Produkt oder Verfahren verschlüsselt werden. Dies SOLLTE auch für virtuelle Maschinen mit produktiven Daten gelten. Es SOLLTE nicht nur ein TPM allein als Schlüsselschutz dienen. Das Wiederherstellungspasswort SOLLTE an einem geeigneten sicheren Ort gespeichert werden. Bei sehr hohen Anforderungen z. B. an die Vertraulichkeit SOLLTE eine Full Volume oder Full Disk Encryption erfolgen.

Quelle: APP.3.1.A1 (S.391)

Einsatz von Verschlüsselung für Speicherlösungen

Alle in Speicherlösungen abgelegten Daten SOLLTEN verschlüsselt werden. Es SOLLTE festgelegt werden, auf welchen Ebenen (Data-in-Motion und Data-at-Rest) verschlüsselt wird. Dabei SOLLTE beachtet werden, dass die Verschlüsselung auf dem Transportweg auch bei Replikationen und Backup-Traffic relevant ist.

Quelle: APP.3.2 (S.392)

Verschlüsselung des Datenbestandes

Die Massenspeicher des Fileservers SOLLTEN auf Dateisystem- oder Hardwareebene verschlüsselt werden. Falls Hardwareverschlüsselung eingesetzt wird, SOLLTEN Produkte verwendet werden, deren Verschlüsselungsfunktion zertifiziert wurde. Es SOLLTE sichergestellt werden, dass der Virenschutz die verschlüsselten Daten auf Schadsoftware prüfen kann.

Quelle: APP.3.3 (S.393)

Anschlussfragen:

1. Welche Art von Verschlüsselung SOLLTE bei sehr hohen Anforderungen an die Vertraulichkeit eingesetzt werden?
2. Wie SOLLTEN die Authentisierung und die Ablage der Wiederherstellungsinformationen bei der Verschlüsselung der Clients geregelt werden?
3. Welche Art von Verschlüsselung SOLLTE bei der Übertragung von sensiblen Daten zum Anbietenden von Outsourcing eingesetzt werden?";"Antwort:

Bei erhöhtem Schutzbedarf SOLLTEN die Datenträger des Servers mit einem als sicher geltenden Produkt oder Verfahren verschlüsselt werden. Dies SOLLTE auch für virtuelle Maschinen mit produktiven Daten gelten. Es SOLLTE nicht nur ein TPM allein als Schlüsselschutz dienen. Das Wiederherstellungspasswort SOLLTE an einem geeigneten sicheren Ort gespeichert werden. Bei sehr hohen Anforderungen z. B. an die Vertraulichkeit SOLLTE eine Full Volume oder Full Disk Encryption erfolgen.

Quelle: APP.3.1.A1 (S.391)

Einsatz von Verschlüsselung für Speicherlösungen

Alle in Speicherlösungen abgelegten Daten SOLLTEN verschlüsselt werden. Es SOLLTE festgelegt werden, auf welchen Ebenen (Data-in-Motion und Data-at-Rest) verschlüsselt wird. Dabei SOLLTE beachtet werden, dass die Verschlüsselung auf dem Transportweg auch bei Replikationen und Backup-Traffic relevant ist.

Quelle: APP.3.2 (S.392)

Verschlüsselung des Datenbestandes

Die Massenspeicher des Fileservers SOLLTEN auf Dateisystem- oder Hardwareebene verschlüsselt werden. Falls Hardwareverschlüsselung eingesetzt wird, SOLLTEN Produkte verwendet werden, deren Verschlüsselungsfunktion zertifiziert wurde. Es SOLLTE sichergestellt werden, dass der Virenschutz die verschlüsselten Daten auf Schadsoftware prüfen kann.

Quelle: APP.3.3 (S.393)";"1. Welche Art von Verschlüsselung SOLLTE bei sehr hohen Anforderungen an die Vertraulichkeit eingesetzt werden?
2. Wie SOLLTEN die Authentisierung und die Ablage der Wiederherstellungsinformationen bei der Verschlüsselung der Clients geregelt werden?
3. Welche Art von Verschlüsselung SOLLTE bei der Übertragung von sensiblen Daten zum Anbietenden von Outsourcing eingesetzt werden?";3;3;0.9093537414836079;1.0;1.0;0.4440770715460033;Welche Art von Verschlüsselung SOLLTE bei sehr hohen Anforderungen an die Vertraulichkeit eingesetzt werden?;2;2;Direkte Empfehlung;Wie SOLLTEN die Authentisierung und die Ablage der Wiederherstellungsinformationen bei der Verschlüsselung der Clients geregelt werden?;2;2;Direkt relevant und abgedeckt;Welche Art von Verschlüsselung SOLLTE bei der Übertragung von sensiblen Daten zum Anbietenden von Outsourcing eingesetzt werden?;2;2;Direkte Relevanz zu Verschlüsselung;2.0;2.0
Wie stelle ich die Integrität der SAN-Fabric bei erhöhtem Schutzbedarf sicher?;"Um die Integrität der SAN-Fabric bei erhöhtem Schutzbedarf sicherzustellen, SOLLTEN Protokolle mit zusätzlichen Sicherheitsmerkmalen eingesetzt werden, wie z.B. Diffie Hellman Challenge Handshake Authentication Protocol (DH-CHAP), Fibre Channel Authentication Protocol (FCAP) und Fibre Channel Password Authentication Protocol (FCPAP) Quelle: SYS.1.8.A24. 

Bei der Konfiguration der SAN-Fabric sollte auch der Baustein NET.1.1 Netzarchitektur und -design berücksichtigt werden, um eine sichere Netzarchitektur zu gewährleisten Quelle: Kap. 1.3 Abgrenzung und Modellierung – SYS.1.8 Speicherlösungen. 

Darüber hinaus sollten auch die Anforderungen des Bausteins ORP.4 Identitäts- und Berechtigungsmanagement beachtet werden, um eine geeignete Rollen- und Rechteverwaltung für die Speicherlösungen zu gewährleisten Quelle: Kap. 1.3 Abgrenzung und Modellierung – SYS.1.8 Speicherlösungen.

Anschlussfragen:
1. Wie können die Sicherheitsmerkmale von Protokollen wie DH-CHAP, FCAP und FCPAP genutzt werden, um die Integrität der SAN-Fabric zu erhöhen?
2. Welche Rolle spielt der Baustein NET.1.1 Netzarchitektur und -design bei der Sicherstellung der Integrität der SAN-Fabric?
3. Wie können die Anforderungen des Bausteins ORP.4 Identitäts- und Berechtigungsmanagement bei der Konfiguration von Speicherlösungen berücksichtigt werden?";"Um die Integrität der SAN-Fabric bei erhöhtem Schutzbedarf sicherzustellen, SOLLTEN Protokolle mit zusätzlichen Sicherheitsmerkmalen eingesetzt werden, wie z.B. Diffie Hellman Challenge Handshake Authentication Protocol (DH-CHAP), Fibre Channel Authentication Protocol (FCAP) und Fibre Channel Password Authentication Protocol (FCPAP) Quelle: SYS.1.8.A24. 

Bei der Konfiguration der SAN-Fabric sollte auch der Baustein NET.1.1 Netzarchitektur und -design berücksichtigt werden, um eine sichere Netzarchitektur zu gewährleisten Quelle: Kap. 1.3 Abgrenzung und Modellierung – SYS.1.8 Speicherlösungen. 

Darüber hinaus sollten auch die Anforderungen des Bausteins ORP.4 Identitäts- und Berechtigungsmanagement beachtet werden, um eine geeignete Rollen- und Rechteverwaltung für die Speicherlösungen zu gewährleisten Quelle: Kap. 1.3 Abgrenzung und Modellierung – SYS.1.8 Speicherlösungen.";"SYS.1.8.A24 Sicherstellung der Integrität der SAN-Fabric (H) Um die Integrität der SAN-Fabric sicherzustellen, SOLLTEN Protokolle mit zusätzlichen Sicherheitsmerkmalen eingesetzt werden. Bei den folgenden Protokollen SOLLTEN deren Sicherheitseigenschaften berücksichtigt und entsprechende Konfigurationen verwendet werden:

• Diffie Hellman Challenge Handshake Authentication Protocol (DH-CHAP),

• Fibre Channel Authentication Protocol (FCAP) und

• Fibre Channel Password Authentication Protocol (FCPAP).";"Um die Integrität der SAN-Fabric bei erhöhtem Schutzbedarf sicherzustellen, SOLLTEN Protokolle mit zusätzlichen Sicherheitsmerkmalen eingesetzt werden. Hierfür SOLLTEN die Sicherheitseigenschaften der folgenden Protokolle berücksichtigt und entsprechende Konfigurationen verwendet werden:

- Diffie Hellman Challenge Handshake Authentication Protocol (DH-CHAP),
- Fibre Channel Authentication Protocol (FCAP) und
- Fibre Channel Password Authentication Protocol (FCPAP).

Quelle: APP.3.1.A1 (S.391)

Darüber hinaus SOLLTEN die folgenden Maßnahmen ergriffen werden, um die Integrität der SAN-Fabric zu sichern:

- Die aktuelle Ressourcenzuordnung SOLLTE mithilfe von Verwaltungswerkzeugen einfach und übersichtlich erkennbar sein.
- Die aktuelle Zoning-Konfiguration SOLLTE dokumentiert werden.
- Die Dokumentation SOLLTE auch in Notfällen verfügbar sein.

Quelle: APP.3.1.A1 (S.391)

Zusätzlich SOLLTEN die folgenden Anforderungen erfüllt werden, um die Integrität der SAN-Fabric zu sichern:

- Die herstellenden Unternehmen SOLLTEN geeignete Mechanismen entwickeln und integrieren, die die Integrität und Authentizität von Konfigurationsdaten und Anwendungsprogrammen auf dem Logiksystem oder auf den damit verbundenen Sensoren und Aktoren gewährleisten.
- Jegliche Software, die als Download angeboten wird, SOLLTE vor Manipulation geschützt werden.
- Verletzungen der Integrität SOLLTEN automatisch erkannt und gemeldet werden.

Quelle: APP.3.1.A1 (S.391)

Anschlussfragen:

1. Wie können die Sicherheitseigenschaften der Protokolle DH-CHAP, FCAP und FCPAP berücksichtigt werden?
2. Welche Maßnahmen können ergriffen werden, um die aktuelle Ressourcenzuordnung und Zoning-Konfiguration zu dokumentieren?
3. Wie können die herstellenden Unternehmen geeignete Mechanismen entwickeln und integrieren, um die Integrität und Authentizität von Konfigurationsdaten und Anwendungsprogrammen zu gewährleisten?";"Um die Integrität der SAN-Fabric bei erhöhtem Schutzbedarf sicherzustellen, SOLLTEN Protokolle mit zusätzlichen Sicherheitsmerkmalen eingesetzt werden. Hierfür SOLLTEN die Sicherheitseigenschaften der folgenden Protokolle berücksichtigt und entsprechende Konfigurationen verwendet werden:

- Diffie Hellman Challenge Handshake Authentication Protocol (DH-CHAP),
- Fibre Channel Authentication Protocol (FCAP) und
- Fibre Channel Password Authentication Protocol (FCPAP).

Quelle: APP.3.1.A1 (S.391)

Darüber hinaus SOLLTEN die folgenden Maßnahmen ergriffen werden, um die Integrität der SAN-Fabric zu sichern:

- Die aktuelle Ressourcenzuordnung SOLLTE mithilfe von Verwaltungswerkzeugen einfach und übersichtlich erkennbar sein.
- Die aktuelle Zoning-Konfiguration SOLLTE dokumentiert werden.
- Die Dokumentation SOLLTE auch in Notfällen verfügbar sein.

Quelle: APP.3.1.A1 (S.391)

Zusätzlich SOLLTEN die folgenden Anforderungen erfüllt werden, um die Integrität der SAN-Fabric zu sichern:

- Die herstellenden Unternehmen SOLLTEN geeignete Mechanismen entwickeln und integrieren, die die Integrität und Authentizität von Konfigurationsdaten und Anwendungsprogrammen auf dem Logiksystem oder auf den damit verbundenen Sensoren und Aktoren gewährleisten.
- Jegliche Software, die als Download angeboten wird, SOLLTE vor Manipulation geschützt werden.
- Verletzungen der Integrität SOLLTEN automatisch erkannt und gemeldet werden.

Quelle: APP.3.1.A1 (S.391)";"1. Wie können die Sicherheitseigenschaften der Protokolle DH-CHAP, FCAP und FCPAP berücksichtigt werden?
2. Welche Maßnahmen können ergriffen werden, um die aktuelle Ressourcenzuordnung und Zoning-Konfiguration zu dokumentieren?
3. Wie können die herstellenden Unternehmen geeignete Mechanismen entwickeln und integrieren, um die Integrität und Authentizität von Konfigurationsdaten und Anwendungsprogrammen zu gewährleisten?";3;3;0.8972222222072685;1.0;0.625;0.5270206577044731;Wie können die Sicherheitseigenschaften der Protokolle DH-CHAP, FCAP und FCPAP berücksichtigt werden?;2;2;Direkte Relevanz zu SAN-Fabric;Welche Maßnahmen können ergriffen werden, um die aktuelle Ressourcenzuordnung und Zoning-Konfiguration zu dokumentieren?;2;2;Direkte Relevanz zu SAN-Dokumentation;Wie können die herstellenden Unternehmen geeignete Mechanismen entwickeln und integrieren, um die Integrität und Authentizität von Konfigurationsdaten und Anwendungsprogrammen zu gewährleisten?;2;1;Teilweise thematisch passend;2.0;1.667
Wie erfolgt die Vererbung des Schutzbedarfs von Geschäftsprozessen und Anwendungen auf IT-Systeme, und welche Effekte müssen dabei berücksichtigt werden?;"Die Vererbung des Schutzbedarfs von Geschäftsprozessen und Anwendungen auf IT-Systeme erfolgt durch die Betrachtung der möglichen Schäden und ihrer Folgen auf die für deren Verarbeitung genutzten Objekte, wie Anwendungen, IT-Systeme, ICS- und sonstige Geräte, Räume und Kommunikationsverbindungen (Vererbung) Quelle: 8.2.2 Vorgehen bei der Schutzbedarfsfeststellung (S.1). Dabei müssen die verschiedenen betrachteten Objekte eines Informationsverbunds und ihre Abhängigkeiten berücksichtigt werden, um den Schutzbedarf eines Objektes zu bestimmen Quelle: 8.2.2 Vorgehen bei der Schutzbedarfsfeststellung (S.1). Es müssen auch Effekte wie der Kumulationseffekt, bei dem durch die Kumulation mehrerer kleinerer Schäden auf einem IT-System ein insgesamt höherer Gesamtschaden entstehen kann, und der Verteilungseffekt, bei dem der Schutzbedarf einer Anwendung nicht vollständig auf ein IT-System übertragen wird, wenn nur unwesentliche Teilbereiche der Anwendung auf diesem IT-System laufen, berücksichtigt werden Quelle: 8.2.2 Vorgehen bei der Schutzbedarfsfeststellung (S.1).

Anschlussfragen:
1. Wie werden die möglichen Schäden und ihre Folgen bei der Vererbung des Schutzbedarfs von Geschäftsprozessen und Anwendungen auf IT-Systeme berücksichtigt?
2. Welche Rolle spielen Abhängigkeiten zwischen verschiedenen Objekten eines Informationsverbunds bei der Bestimmung des Schutzbedarfs?
3. Wie können Kumulationseffekte und Verteilungseffekte den Schutzbedarf von IT-Systemen beeinflussen?";Die Vererbung des Schutzbedarfs von Geschäftsprozessen und Anwendungen auf IT-Systeme erfolgt durch die Betrachtung der möglichen Schäden und ihrer Folgen auf die für deren Verarbeitung genutzten Objekte, wie Anwendungen, IT-Systeme, ICS- und sonstige Geräte, Räume und Kommunikationsverbindungen (Vererbung) Quelle: 8.2.2 Vorgehen bei der Schutzbedarfsfeststellung (S.1). Dabei müssen die verschiedenen betrachteten Objekte eines Informationsverbunds und ihre Abhängigkeiten berücksichtigt werden, um den Schutzbedarf eines Objektes zu bestimmen Quelle: 8.2.2 Vorgehen bei der Schutzbedarfsfeststellung (S.1). Es müssen auch Effekte wie der Kumulationseffekt, bei dem durch die Kumulation mehrerer kleinerer Schäden auf einem IT-System ein insgesamt höherer Gesamtschaden entstehen kann, und der Verteilungseffekt, bei dem der Schutzbedarf einer Anwendung nicht vollständig auf ein IT-System übertragen wird, wenn nur unwesentliche Teilbereiche der Anwendung auf diesem IT-System laufen, berücksichtigt werden Quelle: 8.2.2 Vorgehen bei der Schutzbedarfsfeststellung (S.1).;"8.2.2 Vorgehen bei der Schutzbedarfsfeststellung 
Der für diese Elemente ermittelte Schutzbedarf vererbt sich auf die für deren Verarbeitung genutzten Objekte, also Anwendungen, IT-Systeme, ICS- und sonstige Geräte, Räume und Kommunikationsverbindungen (Vererbung). Zur Ermittlung des Schutzbedarfs eines Objektes müssen die möglichen Schäden der relevanten Teilobjekte in ihrer Gesamtheit betrachtet werden. Beispielsweise müsste bei einem IT-System beleuchtet werden, welche Auswirkungen Schäden bei den darauf betriebenen Anwendungen und den damit verarbeiteten Informationen haben. Im Wesentlichen bestimmt der Schaden bzw. die Summe der Schäden mit den schwerwiegendsten Auswirkungen den Schutzbedarf eines Objektes (Maximumprinzip). Bei der Betrachtung der möglichen Schäden und ihrer Folgen muss auch beachtet werden, dass die verschiedenen betrachteten Objekte eines Informationsverbunds natürlich eng miteinander verzahnt sind. So kann z. B. eine IT-Anwendung Arbeitsergebnisse anderer Anwendungen als Input nutzen. Eine, für sich betrachtet, weniger bedeutende Anwendung A kann wesentlich an Wert gewinnen, wenn eine andere wichtige Anwendung B auf ihre Ergebnisse angewiesen ist. In diesem Fall muss der ermittelte Schutzbedarf der Anwendung B auch auf die Anwendung A übertragen werden. Handelt es sich dabei um Anwendungen verschiedener IT-Systeme, dann müssen Schutzbedarfsanforderun? gen des einen IT-Systems auch auf das andere übertragen werden (Beachtung von Abhängigkeiten). Werden mehrere Anwendungen bzw. Informationen auf einem IT-System (oder in einem Raum oder über eine Kommunikationsverbindung) verarbeitet, so ist zu überlegen, ob durch Kumulation meh? rerer (z. B. kleinerer) Schäden auf einem IT-System ein insgesamt höherer Gesamtschaden entstehen kann. Dann erhöht sich der Schutzbedarf des Objektes, also hier des IT-Systems, entsprechend (Kumulationseffekt).

Auch der umgekehrte Effekt kann eintreten. So ist es möglich, dass eine Anwendung einen hohen Schutzbedarf besitzt, ihn aber deshalb nicht auf ein betrachtetes IT-System überträgt, weil auf diesem IT-System nur unwesentliche Teilbereiche der Anwendung laufen. Hier ist der Schutzbedarf zu relativieren (Verteilungseffekt). Der Verteilungseffekt kann natürlich auch bei anderen Zielobjekten, wie beispielsweise Räumen, Gebäuden oder Kommunikationsverbindungen, auftreten. Beispiel: Der Verteilungseffekt tritt hauptsächlich bezüglich des Grundwertes der Verfügbarkeit auf. So kann bei redundanter Auslegung von IT-Systemen der Schutzbedarf der Einzelkomponenten nied? riger sein als der Schutzbedarf der Gesamtanwendung. Auch im Bereich der Vertraulichkeit sind Ver? teilungseffekte vorstellbar: Falls sichergestellt ist, dass ein Client nur unkritische Daten einer hochver? traulichen Datenbankanwendung abrufen kann, so besitzt der Client im Vergleich zum Datenbank? server unter Umständen einen geringeren Schutzbedarf. Ein Verteilungseffekt tritt häufig auf, wenn bei der Einrichtung oder dem Aufbau von Zielobjekten durch entsprechende Redundanzen bereits den Anforderungen an einen hohen Schutzbedarf Rechnung getragen wurde. Dies ist im Grunde ein Vorgriff auf Betrachtungen, die im Rahmen der Risiko? analyse erforderlich sind. Deshalb sollten im Rahmen der Schutzbedarfsfeststellung getroffene Ent? scheidungen sorgfältig dokumentiert werden.";"Um den Schutzbedarf von Geschäftsprozessen und Anwendungen auf IT-Systeme zu übertragen, müssen die möglichen Schäden der relevanten Teilobjekte in ihrer Gesamtheit betrachtet werden. Der Schaden bzw. die Summe der Schäden mit den schwerwiegendsten Auswirkungen bestimmt den Schutzbedarf eines Objektes (Maximumprinzip).

Der Schutzbedarf der Geschäftsprozesse und Anwendungen wird zunächst ermittelt, indem die Bedeutung der einzelnen Geschäftsprozesse für die Institution beleuchtet wird. Anschließend werden die Abhängigkeiten zwischen Geschäftsprozessen und Anwendungen analysiert und die zu erwartenden materiellen oder ideellen Schäden beschrieben.

Der Schutzbedarf der Anwendungen vererbt sich auf die IT-Systeme, die die jeweiligen Anwendungen unterstützen. Der Schutzbedarf der Räume leitet sich aus dem Schutzbedarf der Anwendungen und IT-Systeme, die dort betrieben werden, ab.

Um den Schutzbedarf in den verschiedenen Bereichen eines Informationsverbunds zu bestimmen, muss zunächst der Schutzbedarf der Geschäftsprozesse und der zugehörigen Informationen ermittelt werden. Darauf aufbauend wird daraus der Schutzbedarf der einzelnen Anwendungen, IT-Systeme, ICS- und sonstigen Geräte, Räume und Kommunikationsverbindungen abgeleitet.

**Anforderungen:**

- ORP.1.A1 Festlegung von Verantwortlichkeiten und Regelungen (B) [Institutionsleitung]
- ORP.4.A8 Festlegung von Passwörtern (B) [IT-Abteilung]
- APP.3.1.A1 Schutz von Administrativen Zugängen (B) [IT-Abteilung]

**Quellen:**

- Quelle: IT-Grundschutz-Kompendium (S. 391)
- Quelle: IT-Grundschutz-Kompendium (S. 73)

**Anschlussfragen:**

1. Wie erfolgt die Dokumentation der Ergebnisse der Schutzbedarfsfeststellung und der daraus resultierenden Entscheidungen im Rahmen des Informationssicherheitsmanagements?
2. Wie werden die Ergebnisse der Schutzbedarfsfeststellung verwendet, um die Sicherheitskonzepte für den betrachteten Informationsverbund zu entwickeln?
3. Wie werden die Abhängigkeiten zwischen Geschäftsprozessen und Anwendungen analysiert, um den Schutzbedarf der Anwendungen zu bestimmen?";"Um den Schutzbedarf von Geschäftsprozessen und Anwendungen auf IT-Systeme zu übertragen, müssen die möglichen Schäden der relevanten Teilobjekte in ihrer Gesamtheit betrachtet werden. Der Schaden bzw. die Summe der Schäden mit den schwerwiegendsten Auswirkungen bestimmt den Schutzbedarf eines Objektes (Maximumprinzip).

Der Schutzbedarf der Geschäftsprozesse und Anwendungen wird zunächst ermittelt, indem die Bedeutung der einzelnen Geschäftsprozesse für die Institution beleuchtet wird. Anschließend werden die Abhängigkeiten zwischen Geschäftsprozessen und Anwendungen analysiert und die zu erwartenden materiellen oder ideellen Schäden beschrieben.

Der Schutzbedarf der Anwendungen vererbt sich auf die IT-Systeme, die die jeweiligen Anwendungen unterstützen. Der Schutzbedarf der Räume leitet sich aus dem Schutzbedarf der Anwendungen und IT-Systeme, die dort betrieben werden, ab.

Um den Schutzbedarf in den verschiedenen Bereichen eines Informationsverbunds zu bestimmen, muss zunächst der Schutzbedarf der Geschäftsprozesse und der zugehörigen Informationen ermittelt werden. Darauf aufbauend wird daraus der Schutzbedarf der einzelnen Anwendungen, IT-Systeme, ICS- und sonstigen Geräte, Räume und Kommunikationsverbindungen abgeleitet.

**Anforderungen:**

- ORP.1.A1 Festlegung von Verantwortlichkeiten und Regelungen (B) [Institutionsleitung]
- ORP.4.A8 Festlegung von Passwörtern (B) [IT-Abteilung]
- APP.3.1.A1 Schutz von Administrativen Zugängen (B) [IT-Abteilung]

**Quellen:**

- Quelle: IT-Grundschutz-Kompendium (S. 391)
- Quelle: IT-Grundschutz-Kompendium (S. 73)";"1. Wie erfolgt die Dokumentation der Ergebnisse der Schutzbedarfsfeststellung und der daraus resultierenden Entscheidungen im Rahmen des Informationssicherheitsmanagements?
2. Wie werden die Ergebnisse der Schutzbedarfsfeststellung verwendet, um die Sicherheitskonzepte für den betrachteten Informationsverbund zu entwickeln?
3. Wie werden die Abhängigkeiten zwischen Geschäftsprozessen und Anwendungen analysiert, um den Schutzbedarf der Anwendungen zu bestimmen?";3;3;0.5845238095091964;0.358974358974359;0.26666666666666666;0.4689488718135042;Wie erfolgt die Dokumentation der Ergebnisse der Schutzbedarfsfeststellung und der daraus resultierenden Entscheidungen im Rahmen des Informationssicherheitsmanagements?;2;2;Dokumentation von Schutzbedarfsfeststellung;Wie werden die Ergebnisse der Schutzbedarfsfeststellung verwendet, um die Sicherheitskonzepte für den betrachteten Informationsverbund zu entwickeln?;2;2;Direkte Verwendung von Schutzbedarfsfeststellung;Wie werden die Abhängigkeiten zwischen Geschäftsprozessen und Anwendungen analysiert, um den Schutzbedarf der Anwendungen zu bestimmen?;2;2;Direkte Analyse von Abhängigkeiten;2.0;2.0
