Frage;Antwort;Antwort (Hauptteil);Fundstellen;Generierte Antwort;Generierte Antwort (Hauptteil);Generierte Anschlussfragen;followup_count_generated;followup_count_truth;context_precision;context_recall;faithfulness;answer_correctness;followup_q1;followup_q1_answerability;followup_q1_relevance;followup_q1_reason;followup_q2;followup_q2_answerability;followup_q2_relevance;followup_q2_reason;followup_q3;followup_q3_answerability;followup_q3_relevance;followup_q3_reason;followup_avg_answerability;followup_avg_relevance
Welche grundlegenden Sicherheitsmaßnahmen müssen beim Einrichten eines Webservers ergriffen werden?;"Beim Einrichten eines Webservers müssen grundlegende Sicherheitsmaßnahmen ergriffen werden, um eine sichere Grundkonfiguration zu gewährleisten. Dazu gehört, dass der Webserver-Prozess einem Konto mit minimalen Rechten zugeordnet wird und in einer gekapselten Umgebung ausgeführt wird, sofern dies vom Betriebssystem unterstützt wird Quelle: APP.3.2.A1 (S.391). Wenn eine gekapselte Umgebung nicht möglich ist, sollte jeder Webserver auf einem eigenen physischen oder virtuellen Server ausgeführt werden. Des Weiteren müssen dem Webserver-Dienst alle nicht notwendigen Schreibberechtigungen entzogen werden und nicht benötigte Module und Funktionen deaktiviert werden Quelle: APP.3.2.A1 (S.391).

Anschlussfragen:
1. Wie sollten Webserver in die Netzarchitektur integriert und mit Firewalls abgesichert werden?
2. Welche Rolle spielt das Identitäts- und Berechtigungsmanagement bei der Authentisierung von Webservern?
3. Wie können kryptografische Schlüssel für verschlüsselte Verbindungen zu Webservern sicher verwaltet werden?";Beim Einrichten eines Webservers müssen grundlegende Sicherheitsmaßnahmen ergriffen werden, um eine sichere Grundkonfiguration zu gewährleisten. Dazu gehört, dass der Webserver-Prozess einem Konto mit minimalen Rechten zugeordnet wird und in einer gekapselten Umgebung ausgeführt wird, sofern dies vom Betriebssystem unterstützt wird Quelle: APP.3.2.A1 (S.391). Wenn eine gekapselte Umgebung nicht möglich ist, sollte jeder Webserver auf einem eigenen physischen oder virtuellen Server ausgeführt werden. Des Weiteren müssen dem Webserver-Dienst alle nicht notwendigen Schreibberechtigungen entzogen werden und nicht benötigte Module und Funktionen deaktiviert werden Quelle: APP.3.2.A1 (S.391).;"APP.3.2.A1 Sichere Konfiguration eines Webservers (B)
Nachdem der IT-Betrieb einen Webserver installiert hat, MUSS er eine sichere Grundkonfiguration vornehmen. Dazu MUSS er insbesondere den Webserver-Prozess einem Konto mit minimalen Rechten zuweisen. Der Webserver MUSS in einer gekapselten Umgebung ausgeführt werden, sofern dies vom Betriebssystem unterstützt wird. Ist dies nicht möglich, SOLLTE jeder Webserver auf einem eigenen physischen oder virtuellen Server ausgeführt werden. Dem Webserver-Dienst MÜSSEN alle nicht notwendige Schreibberechtigungen entzogen werden.
Nicht benötigte Module und Funktionen des Webservers MÜSSEN deaktiviert werden.";"Beim Einrichten eines Webservers müssen grundlegende Sicherheitsmaßnahmen ergriffen werden, um die Sicherheit des Webservers und der bereitgestellten Informationen zu gewährleisten. Dazu gehören die Zuweisung des Webserver-Prozesses zu einem Konto mit minimalen Rechten, die Ausführung des Webservers in einer gekapselten Umgebung, die Entziehung aller nicht notwendigen Schreibberechtigungen für den Webserver-Dienst und die Deaktivierung nicht benötigter Module und Funktionen des Webservers Quelle: Webserver (S.1-5). 

Darüber hinaus sollten Institutionen bei der Beschaffung von Webanwendungen und Webservices sicherstellen, dass diese bestimmte Sicherheitsanforderungen erfüllen, wie z.B. sichere Eingabevalidierung und Ausgabekodierung, sicheres Session-Management und sichere kryptografische Verfahren Quelle: Beschaffung von Webanwendungen und Webservices (S.10-11). 

Anschlussfragen:
1. Welche Rolle spielt die Konfiguration des Webservers bei der Gewährleistung der Sicherheit?
2. Wie können Institutionen die Sicherheit von Webanwendungen und Webservices bei der Beschaffung gewährleisten?
3. Welche Bedeutung hat die regelmäßige Überprüfung und Wartung von Webservern für die Sicherheit?";"Beim Einrichten eines Webservers müssen grundlegende Sicherheitsmaßnahmen ergriffen werden, um die Sicherheit des Webservers und der bereitgestellten Informationen zu gewährleisten. Dazu gehören die Zuweisung des Webserver-Prozesses zu einem Konto mit minimalen Rechten, die Ausführung des Webservers in einer gekapselten Umgebung, die Entziehung aller nicht notwendigen Schreibberechtigungen für den Webserver-Dienst und die Deaktivierung nicht benötigter Module und Funktionen des Webservers Quelle: Webserver (S.1-5). 

Darüber hinaus sollten Institutionen bei der Beschaffung von Webanwendungen und Webservices sicherstellen, dass diese bestimmte Sicherheitsanforderungen erfüllen, wie z.B. sichere Eingabevalidierung und Ausgabekodierung, sicheres Session-Management und sichere kryptografische Verfahren Quelle: Beschaffung von Webanwendungen und Webservices (S.10-11).";"1. Welche Rolle spielt die Konfiguration des Webservers bei der Gewährleistung der Sicherheit?
2. Wie können Institutionen die Sicherheit von Webanwendungen und Webservices bei der Beschaffung gewährleisten?
3. Welche Bedeutung hat die regelmäßige Überprüfung und Wartung von Webservern für die Sicherheit?";3;3;0.9379251700546283;1.0;1.0;0.7194467713459388;Welche Rolle spielt die Konfiguration des Webservers bei der Gewährleistung der Sicherheit?;-1;-1;evaluation_failed;Wie können Institutionen die Sicherheit von Webanwendungen und Webservices bei der Beschaffung gewährleisten?;-1;-1;evaluation_failed;Welche Bedeutung hat die regelmäßige Überprüfung und Wartung von Webservern für die Sicherheit?;-1;-1;evaluation_failed;;
Wie müssen Webserver-Dateien geschützt werden?;"Der IT-Betrieb MUSS alle Dateien auf dem Webserver, insbesondere Skripte und Konfigurationsdateien, so schützen, dass sie nicht unbefugt gelesen und geändert werden können Quelle: APP.3.2.A2 (S.391). Es MUSS sichergestellt werden, dass Webanwendungen nur auf einen definierten Verzeichnisbaum zugreifen können, dem WWW-Wurzelverzeichnis Quelle: APP.3.2.A2 (S.391). Der Webserver MUSS so konfiguriert sein, dass er nur Dateien ausliefert, die sich innerhalb des WWW-Wurzelverzeichnisses befinden Quelle: APP.3.2.A2 (S.391). Vertrauliche Daten MÜSSEN vor unberechtigtem Zugriff geschützt werden Quelle: APP.3.2.A2 (S.391).

Anschlussfragen:
1. Wie müssen Webserver-Dateien vor unbefugtem Zugriff geschützt werden, wenn sie vertrauliche Informationen enthalten?
2. Welche Rolle spielt die Konfiguration des Webservers bei der Sicherstellung, dass nur autorisierte Dateien ausgeliefert werden?
3. Wie oft sollte der IT-Betrieb überprüfen, ob vertrauliche Dateien in öffentlichen Verzeichnissen des Webservers gespeichert wurden?";Der IT-Betrieb MUSS alle Dateien auf dem Webserver, insbesondere Skripte und Konfigurationsdateien, so schützen, dass sie nicht unbefugt gelesen und geändert werden können Quelle: APP.3.2.A2 (S.391). Es MUSS sichergestellt werden, dass Webanwendungen nur auf einen definierten Verzeichnisbaum zugreifen können, dem WWW-Wurzelverzeichnis Quelle: APP.3.2.A2 (S.391). Der Webserver MUSS so konfiguriert sein, dass er nur Dateien ausliefert, die sich innerhalb des WWW-Wurzelverzeichnisses befinden Quelle: APP.3.2.A2 (S.391). Vertrauliche Daten MÜSSEN vor unberechtigtem Zugriff geschützt werden Quelle: APP.3.2.A2 (S.391).;"APP.3.2.A2 Schutz der Webserver-Dateien (B)
Der IT-Betrieb MUSS alle Dateien auf dem Webserver, insbesondere Skripte und Konfigurationsdateien, so schützen, dass sie nicht unbefugt gelesen und geändert werden können. Es MUSS sichergestellt werden, dass Webanwendungen nur auf einen definierten Verzeichnisbaum
zugreifen können (WWW-Wurzelverzeichnis). Der Webserver MUSS so konfiguriert sein, dass er nur Dateien ausliefert, die sich innerhalb des WWW-Wurzelverzeichnisses befinden.Der IT-Betrieb MUSS alle nicht benötigten Funktionen, die Verzeichnisse auflisten, deaktivieren.
Vertrauliche Daten MÜSSEN vor unberechtigtem Zugriff geschützt werden. Insbesondere MUSS der IT-Betrieb sicherstellen, dass vertrauliche Dateien nicht in öffentlichen Verzeichnissen des Webservers liegen. Der IT-Betrieb MUSS regelmäßig überprüfen, ob vertrauliche Dateien in öffentlichen Verzeichnissen gespeichert wurden.";"Webserver-Dateien müssen geschützt werden, indem der IT-Betrieb alle Dateien auf dem Webserver, insbesondere Skripte und Konfigurationsdateien, so schützt, dass sie nicht unbefugt gelesen und geändert werden können Quelle: Schutz der Webserver-Dateien (S.1). Der Webserver muss so konfiguriert sein, dass er nur Dateien ausliefert, die sich innerhalb des WWW-Wurzelverzeichnisses befinden Quelle: Schutz der Webserver-Dateien (S.1). Vertrauliche Daten müssen vor unberechtigtem Zugriff geschützt werden, insbesondere müssen vertrauliche Dateien nicht in öffentlichen Verzeichnissen des Webservers liegen Quelle: Schutz vertraulicher Daten (S.2).

Anschlussfragen:
1. Wie müssen Webanwendungen konfiguriert werden, um den Schutz vertraulicher Daten zu gewährleisten?
2. Welche Maßnahmen sollten ergriffen werden, um Denial-of-Service-Angriffe auf Webserver zu verhindern?
3. Wie müssen Zugangsdaten zur Webanwendung oder zum Webservice serverseitig geschützt werden?";Webserver-Dateien müssen geschützt werden, indem der IT-Betrieb alle Dateien auf dem Webserver, insbesondere Skripte und Konfigurationsdateien, so schützt, dass sie nicht unbefugt gelesen und geändert werden können Quelle: Schutz der Webserver-Dateien (S.1). Der Webserver muss so konfiguriert sein, dass er nur Dateien ausliefert, die sich innerhalb des WWW-Wurzelverzeichnisses befinden Quelle: Schutz der Webserver-Dateien (S.1). Vertrauliche Daten müssen vor unberechtigtem Zugriff geschützt werden, insbesondere müssen vertrauliche Dateien nicht in öffentlichen Verzeichnissen des Webservers liegen Quelle: Schutz vertraulicher Daten (S.2).;"1. Wie müssen Webanwendungen konfiguriert werden, um den Schutz vertraulicher Daten zu gewährleisten?
2. Welche Maßnahmen sollten ergriffen werden, um Denial-of-Service-Angriffe auf Webserver zu verhindern?
3. Wie müssen Zugangsdaten zur Webanwendung oder zum Webservice serverseitig geschützt werden?";3;3;0.9821428571288265;1.0;1.0;0.6360039696738535;Wie müssen Webanwendungen konfiguriert werden, um den Schutz vertraulicher Daten zu gewährleisten?;-1;-1;evaluation_failed;Welche Maßnahmen sollten ergriffen werden, um Denial-of-Service-Angriffe auf Webserver zu verhindern?;-1;-1;evaluation_failed;Wie müssen Zugangsdaten zur Webanwendung oder zum Webservice serverseitig geschützt werden?;-1;-1;evaluation_failed;;
Welche Sicherheitsanforderungen gelten für Datei-Uploads und -Downloads über einen Webserver?;"Für Datei-Uploads und -Downloads über einen Webserver gelten folgende Sicherheitsanforderungen: Alle veröffentlichten Dateien MÜSSEN vorher auf Schadprogramme geprüft werden Quelle: APP.3.2.A3 (S.391). Es MUSS eine Maximalgröße für Datei-Uploads spezifiziert sein Quelle: APP.3.2.A3 (S.391). Für Uploads MUSS genügend Speicherplatz reserviert werden Quelle: APP.3.2.A3 (S.391).

Anschlussfragen:
1. Wie sollten Webserver in die Netzarchitektur integriert werden, um eine angemessene Absicherung zu gewährleisten?
2. Welche Rolle spielt das Identitäts- und Berechtigungsmanagement bei der Absicherung von Webservern?
3. Wie können kryptografische Schlüssel für verschlüsselte Verbindungen zu Webservern sicher verwaltet werden?";Für Datei-Uploads und -Downloads über einen Webserver gelten folgende Sicherheitsanforderungen: Alle veröffentlichten Dateien MÜSSEN vorher auf Schadprogramme geprüft werden Quelle: APP.3.2.A3 (S.391). Es MUSS eine Maximalgröße für Datei-Uploads spezifiziert sein Quelle: APP.3.2.A3 (S.391). Für Uploads MUSS genügend Speicherplatz reserviert werden Quelle: APP.3.2.A3 (S.391).;"APP.3.2.A3 Absicherung von Datei-Uploads und -Downloads (B)
Alle mithilfe des Webservers veröffentlichten Dateien MÜSSEN vorher auf Schadprogramme geprüft werden. Es MUSS eine Maximalgröße für Datei-Uploads spezifiziert sein. Für Uploads MUSS genügend Speicherplatz reserviert werden.";"Für Datei-Uploads und -Downloads über einen Webserver gelten folgende Sicherheitsanforderungen: 
- Alle mithilfe des Webservers veröffentlichten Dateien MÜSSEN vorher auf Schadprogramme geprüft werden Quelle: APP.3.2 Webserver (S.391).
- Es MUSS eine Maximalgröße für Datei-Uploads spezifiziert sein Quelle: APP.3.2 Webserver (S.391).
- Für Uploads MUSS genügend Speicherplatz reserviert werden Quelle: APP.3.2 Webserver (S.391).
- Falls eine Webanwendung oder ein Webservice eine Upload-Funktion für Dateien anbietet, MUSS diese Funktion durch den IT-Betrieb so weit wie möglich eingeschränkt werden Quelle: APP.3.1 Webanwendungen und Webservices (S.204).
- Insbesondere MÜSSEN die erlaubte Dateigröße, erlaubte Dateitypen und erlaubte Speicherorte festgelegt werden Quelle: APP.3.1 Webanwendungen und Webservices (S.204).
- Es MUSS festgelegt werden, welche Clients die Funktion verwenden dürfen Quelle: APP.3.1 Webanwendungen und Webservices (S.204).
- Auch MÜSSEN Zugriffs- und Ausführungsrechte restriktiv gesetzt werden Quelle: APP.3.1 Webanwendungen und Webservices (S.204).
- Zudem MUSS sichergestellt werden, dass Clients Dateien nur im vorgegebenen erlaubten Speicherort speichern können Quelle: APP.3.1 Webanwendungen und Webservices (S.204).

Anschlussfragen:
1. Wie können Datei-Uploads und -Downloads über einen Webserver abgesichert werden?
2. Welche Rolle spielt die Festlegung von Maximalgrößen für Datei-Uploads bei der Absicherung von Webservern?
3. Wie können Zugriffs- und Ausführungsrechte für Datei-Uploads und -Downloads restriktiv gesetzt werden?";"Für Datei-Uploads und -Downloads über einen Webserver gelten folgende Sicherheitsanforderungen: 
- Alle mithilfe des Webservers veröffentlichten Dateien MÜSSEN vorher auf Schadprogramme geprüft werden Quelle: APP.3.2 Webserver (S.391).
- Es MUSS eine Maximalgröße für Datei-Uploads spezifiziert sein Quelle: APP.3.2 Webserver (S.391).
- Für Uploads MUSS genügend Speicherplatz reserviert werden Quelle: APP.3.2 Webserver (S.391).
- Falls eine Webanwendung oder ein Webservice eine Upload-Funktion für Dateien anbietet, MUSS diese Funktion durch den IT-Betrieb so weit wie möglich eingeschränkt werden Quelle: APP.3.1 Webanwendungen und Webservices (S.204).
- Insbesondere MÜSSEN die erlaubte Dateigröße, erlaubte Dateitypen und erlaubte Speicherorte festgelegt werden Quelle: APP.3.1 Webanwendungen und Webservices (S.204).
- Es MUSS festgelegt werden, welche Clients die Funktion verwenden dürfen Quelle: APP.3.1 Webanwendungen und Webservices (S.204).
- Auch MÜSSEN Zugriffs- und Ausführungsrechte restriktiv gesetzt werden Quelle: APP.3.1 Webanwendungen und Webservices (S.204).
- Zudem MUSS sichergestellt werden, dass Clients Dateien nur im vorgegebenen erlaubten Speicherort speichern können Quelle: APP.3.1 Webanwendungen und Webservices (S.204).";"1. Wie können Datei-Uploads und -Downloads über einen Webserver abgesichert werden?
2. Welche Rolle spielt die Festlegung von Maximalgrößen für Datei-Uploads bei der Absicherung von Webservern?
3. Wie können Zugriffs- und Ausführungsrechte für Datei-Uploads und -Downloads restriktiv gesetzt werden?";3;3;0.9821428571288265;1.0;1.0;0.6483375716578452;Wie können Datei-Uploads und -Downloads über einen Webserver abgesichert werden?;-1;-1;evaluation_failed;Welche Rolle spielt die Festlegung von Maximalgrößen für Datei-Uploads bei der Absicherung von Webservern?;-1;-1;evaluation_failed;Wie können Zugriffs- und Ausführungsrechte für Datei-Uploads und -Downloads restriktiv gesetzt werden?;-1;-1;evaluation_failed;;
Welche Ereignisse müssen auf einem Webserver protokolliert werden?;"Auf einem Webserver müssen mindestens folgende Ereignisse protokolliert werden: 
- erfolgreiche Zugriffe auf Ressourcen, 
- fehlgeschlagene Zugriffe auf Ressourcen aufgrund von mangelnder Berechtigung, nicht vorhandenen Ressourcen und Server-Fehlern sowie 
- allgemeine Fehlermeldungen Quelle: APP.3.2.A4 (S.391). 
Die Protokollierungsdaten sollten regelmäßig ausgewertet werden, um potenzielle Sicherheitsprobleme frühzeitig zu erkennen.

Anschlussfragen:
1. Wie sollten die Protokollierungsdaten eines Webservers ausgewertet werden, um Sicherheitsprobleme zu erkennen?
2. Welche Rolle spielt die Webserver-Software bei der Sicherheit des gesamten IT-Systems?
3. Wie können Webserver in die Netzarchitektur integriert und mit Firewalls abgesichert werden?";"Auf einem Webserver müssen mindestens folgende Ereignisse protokolliert werden: 
- erfolgreiche Zugriffe auf Ressourcen, 
- fehlgeschlagene Zugriffe auf Ressourcen aufgrund von mangelnder Berechtigung, nicht vorhandenen Ressourcen und Server-Fehlern sowie 
- allgemeine Fehlermeldungen Quelle: APP.3.2.A4 (S.391). 
Die Protokollierungsdaten sollten regelmäßig ausgewertet werden, um potenzielle Sicherheitsprobleme frühzeitig zu erkennen.";"APP.3.2.A4 Protokollierung von Ereignissen (B)
Der Webserver MUSS mindestens folgende Ereignisse protokollieren:
•erfolgreiche Zugriffe auf Ressourcen,
•fehlgeschlagene Zugriffe auf Ressourcen aufgrund von mangelnder Berechtigung, nicht vorhandenen Ressourcen und Server-Fehlern sowie
•allgemeine Fehlermeldungen.
Die Protokollierungsdaten SOLLTEN regelmäßig ausgewertet werden.";"Auf einem Webserver MÜSSEN mindestens folgende Ereignisse protokolliert werden: erfolgreiche Zugriffe auf Ressourcen, fehlgeschlagene Zugriffe auf Ressourcen aufgrund von mangelnder Berechtigung, nicht vorhandenen Ressourcen und Server-Fehlern sowie allgemeine Fehlermeldungen Quelle: Protokollierung von Ereignissen (S.1). 

Die Protokollierungsdaten SOLLTEN regelmäßig ausgewertet werden, um sicherzustellen, dass alle sicherheitsrelevanten Ereignisse erfasst und analysiert werden Quelle: Protokollierung von Ereignissen (S.1).

Anschlussfragen:
1. Welche Ereignisse MÜSSEN auf Terminalservern protokolliert werden?
2. Was SOLLTE bei der Protokollierung von Ereignissen auf virtuellen Clients berücksichtigt werden?
3. Welche sicherheitsrelevanten Ereignisse MÜSSEN auf einem Router oder Switch protokolliert werden?";"Auf einem Webserver MÜSSEN mindestens folgende Ereignisse protokolliert werden: erfolgreiche Zugriffe auf Ressourcen, fehlgeschlagene Zugriffe auf Ressourcen aufgrund von mangelnder Berechtigung, nicht vorhandenen Ressourcen und Server-Fehlern sowie allgemeine Fehlermeldungen Quelle: Protokollierung von Ereignissen (S.1). 

Die Protokollierungsdaten SOLLTEN regelmäßig ausgewertet werden, um sicherzustellen, dass alle sicherheitsrelevanten Ereignisse erfasst und analysiert werden Quelle: Protokollierung von Ereignissen (S.1).";"1. Welche Ereignisse MÜSSEN auf Terminalservern protokolliert werden?
2. Was SOLLTE bei der Protokollierung von Ereignissen auf virtuellen Clients berücksichtigt werden?
3. Welche sicherheitsrelevanten Ereignisse MÜSSEN auf einem Router oder Switch protokolliert werden?";3;3;0.8099999999838;1.0;1.0;0.8172653779206345;Welche Ereignisse MÜSSEN auf Terminalservern protokolliert werden?;-1;-1;evaluation_failed;Was SOLLTE bei der Protokollierung von Ereignissen auf virtuellen Clients berücksichtigt werden?;-1;-1;evaluation_failed;Welche sicherheitsrelevanten Ereignisse MÜSSEN auf einem Router oder Switch protokolliert werden?;-1;-1;evaluation_failed;;
Wie müssen Passwörter bei der Authentisierung am Webserver gesichert werden?;"Wenn sich Clients mit Hilfe von Passwörtern am Webserver authentisieren, MÜSSEN diese kryptografisch gesichert und vor unbefugtem Zugriff geschützt gespeichert werden Quelle: APP.3.2.A5 (S.391). 

Anschlussfragen:
1. Wie sollten Webserver in die Netzarchitektur integriert werden, um eine sichere Umgebung zu gewährleisten?
2. Welche Rolle spielt das Kryptokonzept bei der sicheren Verwaltung von kryptografischen Schlüsseln für Webserver?
3. Wie sollten Authentisierungsmechanismen für Webserver ergänzt werden, um ein umfassendes Identitäts- und Berechtigungsmanagement zu gewährleisten?";Wenn sich Clients mit Hilfe von Passwörtern am Webserver authentisieren, MÜSSEN diese kryptografisch gesichert und vor unbefugtem Zugriff geschützt gespeichert werden Quelle: APP.3.2.A5 (S.391).;"APP.3.2.A5 Authentisierung (B)
Wenn sich Clients mit Hilfe von Passwörtern am Webserver authentisieren, MÜSSEN diese kryptografisch gesichert und vor unbefugtem Zugriff geschützt gespeichert werden.";"Wenn sich Clients mit Hilfe von Passwörtern am Webserver authentisieren, MÜSSEN diese kryptografisch gesichert und vor unbefugtem Zugriff geschützt gespeichert werden Quelle: Authentisierung. 

Die Authentisierung am Webserver MUSS sicherstellen, dass Benutzende sich gegenüber der Webanwendung sicher und angemessen authentisieren, bevor sie auf geschützte Funktionen oder Inhalte zugreifen können Quelle: Authentisierung bei Webanwendungen. 

Anschlussfragen:
1. Wie MÜSSEN administrative Zugänge am Webserver geschützt werden?
2. Welche Anforderungen MÜSSEN bei der Auswahl einer Authentisierungsmethode für Webanwendungen berücksichtigt werden?
3. Wie SOLLTE die Kommunikation zwischen Client und Terminalserver abgesichert werden, wenn das Terminalserver-Protokoll keine ausreichende Verschlüsselung bietet?";"Wenn sich Clients mit Hilfe von Passwörtern am Webserver authentisieren, MÜSSEN diese kryptografisch gesichert und vor unbefugtem Zugriff geschützt gespeichert werden Quelle: Authentisierung. 

Die Authentisierung am Webserver MUSS sicherstellen, dass Benutzende sich gegenüber der Webanwendung sicher und angemessen authentisieren, bevor sie auf geschützte Funktionen oder Inhalte zugreifen können Quelle: Authentisierung bei Webanwendungen.";"1. Wie MÜSSEN administrative Zugänge am Webserver geschützt werden?
2. Welche Anforderungen MÜSSEN bei der Auswahl einer Authentisierungsmethode für Webanwendungen berücksichtigt werden?
3. Wie SOLLTE die Kommunikation zwischen Client und Terminalserver abgesichert werden, wenn das Terminalserver-Protokoll keine ausreichende Verschlüsselung bietet?";3;3;0.9305555555400462;0.5;1.0;0.8216542209314571;Wie MÜSSEN administrative Zugänge am Webserver geschützt werden?;-1;-1;evaluation_failed;Welche Anforderungen MÜSSEN bei der Auswahl einer Authentisierungsmethode für Webanwendungen berücksichtigt werden?;-1;-1;evaluation_failed;Wie SOLLTE die Kommunikation zwischen Client und Terminalserver abgesichert werden, wenn das Terminalserver-Protokoll keine ausreichende Verschlüsselung bietet?;-1;-1;evaluation_failed;;
Welche Anforderungen gelten an die Verschlüsselung von Verbindungen zu Webservern?;"Für die Verschlüsselung von Verbindungen zu Webservern gelten folgende Anforderungen: Der Webserver MUSS für alle Verbindungen durch nicht vertrauenswürdige Netze eine sichere Verschlüsselung über TLS anbieten (HTTPS) Quelle: APP.3.2.A11 (S.391). Wenn eine HTTPS-Verbindung genutzt wird, MÜSSEN alle Inhalte über HTTPS ausgeliefert werden Quelle: APP.3.2.A11 (S.391). Sogenannter Mixed Content DARF NICHT verwendet werden Quelle: APP.3.2.A11 (S.391).

Anschlussfragen:
1. Wie sollten veraltete Verschlüsselungsverfahren bei der Kommunikation mit Webservern behandelt werden?
2. Welche Rolle spielt die Verwaltung kryptografischer Schlüssel bei der Verschlüsselung von Webserver-Verbindungen?
3. Gibt es besondere Anforderungen an die Authentisierung bei der Nutzung von Webservern, und wenn ja, wo finden sich diese?";Für die Verschlüsselung von Verbindungen zu Webservern gelten folgende Anforderungen: Der Webserver MUSS für alle Verbindungen durch nicht vertrauenswürdige Netze eine sichere Verschlüsselung über TLS anbieten (HTTPS) Quelle: APP.3.2.A11 (S.391). Wenn eine HTTPS-Verbindung genutzt wird, MÜSSEN alle Inhalte über HTTPS ausgeliefert werden Quelle: APP.3.2.A11 (S.391). Sogenannter Mixed Content DARF NICHT verwendet werden Quelle: APP.3.2.A11 (S.391).;"APP.3.2.A11 Verschlüsselung über TLS (B)
Der Webserver MUSS für alle Verbindungen durch nicht vertrauenswürdige Netze eine sichere Verschlüsselung über TLS anbieten (HTTPS). Falls es aus Kompatibilitätsgründen erforderlich ist, veraltete Verfahren zu verwenden, SOLLTEN diese auf so wenige Fälle wie möglich beschränkt werden. Wenn eine HTTPS-Verbindung genutzt wird, MÜSSEN alle Inhalte über HTTPS ausgeliefert werden. Sogenannter Mixed Content DARF NICHT verwendet werden.";"Die Verschlüsselung von Verbindungen zu Webservern MUSS über TLS (Transport Layer Security) erfolgen, um eine sichere Kommunikation zu gewährleisten. Der Webserver MUSS für alle Verbindungen durch nicht vertrauenswürdige Netze eine sichere Verschlüsselung über TLS anbieten (HTTPS) Quelle: Webserver (S.1). Wenn eine HTTPS-Verbindung genutzt wird, MÜSSEN alle Inhalte über HTTPS ausgeliefert werden, und sogenannter Mixed Content DARF NICHT verwendet werden Quelle: Webserver (S.2). 

Anschlussfragen:
1. Wie können vertrauliche Daten bei der Übertragung zwischen Client und Server geschützt werden?
2. Welche Anforderungen gelten für die Authentisierung von Benutzenden und der Webserver beim Kommunikationsaufbau?
3. Wie können Webanwendungen und Webservices sicher eingesetzt werden, um Informationen zu schützen, die durch sie verarbeitet werden?";Die Verschlüsselung von Verbindungen zu Webservern MUSS über TLS (Transport Layer Security) erfolgen, um eine sichere Kommunikation zu gewährleisten. Der Webserver MUSS für alle Verbindungen durch nicht vertrauenswürdige Netze eine sichere Verschlüsselung über TLS anbieten (HTTPS) Quelle: Webserver (S.1). Wenn eine HTTPS-Verbindung genutzt wird, MÜSSEN alle Inhalte über HTTPS ausgeliefert werden, und sogenannter Mixed Content DARF NICHT verwendet werden Quelle: Webserver (S.2).;"1. Wie können vertrauliche Daten bei der Übertragung zwischen Client und Server geschützt werden?
2. Welche Anforderungen gelten für die Authentisierung von Benutzenden und der Webserver beim Kommunikationsaufbau?
3. Wie können Webanwendungen und Webservices sicher eingesetzt werden, um Informationen zu schützen, die durch sie verarbeitet werden?";3;3;0.9999999999875;1.0;1.0;0.7367926814290988;Wie können vertrauliche Daten bei der Übertragung zwischen Client und Server geschützt werden?;-1;-1;evaluation_failed;Welche Anforderungen gelten für die Authentisierung von Benutzenden und der Webserver beim Kommunikationsaufbau?;-1;-1;evaluation_failed;Wie können Webanwendungen und Webservices sicher eingesetzt werden, um Informationen zu schützen, die durch sie verarbeitet werden?;-1;-1;evaluation_failed;;
Welche Maßnahmen sollten bei der Planung des Einsatzes eines Webservers berücksichtigt werden?;"Bei der Planung des Einsatzes eines Webservers sollten mehrere Maßnahmen berücksichtigt werden. Es SOLLTE geplant und dokumentiert werden, für welchen Zweck der Webserver eingesetzt und welche Inhalte er bereitstellen soll Quelle: APP.3.2.A8 (S). In der Dokumentation SOLLTEN auch die Informationen oder Dienstleistungen des Webangebots und die jeweiligen Zielgruppen beschrieben werden Quelle: APP.3.2.A8 (S). Für den technischen Betrieb und die Webinhalte SOLLTEN geeignete Zuständige festgelegt werden Quelle: APP.3.2.A8 (S).

Anschlussfragen:
1. Wie sollten die Verbindungen zu Webservern abgesichert werden?
2. Welche Rolle spielt die Netzarchitektur bei der Integration von Webservern?
3. Wie sollten Authentisierungsmechanismen für Webserver umgesetzt werden?";Bei der Planung des Einsatzes eines Webservers sollten mehrere Maßnahmen berücksichtigt werden. Es SOLLTE geplant und dokumentiert werden, für welchen Zweck der Webserver eingesetzt und welche Inhalte er bereitstellen soll Quelle: APP.3.2.A8 (S). In der Dokumentation SOLLTEN auch die Informationen oder Dienstleistungen des Webangebots und die jeweiligen Zielgruppen beschrieben werden Quelle: APP.3.2.A8 (S). Für den technischen Betrieb und die Webinhalte SOLLTEN geeignete Zuständige festgelegt werden Quelle: APP.3.2.A8 (S).;"APP.3.2.A8 Planung des Einsatzes eines Webservers (S)
Es SOLLTE geplant und dokumentiert werden, für welchen Zweck der Webserver eingesetzt und welche Inhalte er bereitstellen soll. In der Dokumentation SOLLTEN auch die Informationen oder Dienstleistungen des Webangebots und die jeweiligen Zielgruppen beschrieben werden. Für den technischen Betrieb und die Webinhalte SOLLTEN geeignete Zuständige festgelegt werden.";"Bei der Planung des Einsatzes eines Webservers sollten verschiedene Maßnahmen berücksichtigt werden. Dazu gehören die Planung und Dokumentation des Zwecks, für den der Webserver eingesetzt wird, sowie die Art der bereitzustellenden Inhalte Quelle: Planung des Einsatzes eines Webservers (S. unbekannt, da keine spezifische Seitenzahl angegeben ist). Es sollte auch festgelegt werden, welche Informationen oder Dienstleistungen das Webangebot umfasst und welche Zielgruppen angesprochen werden sollen Quelle: Planung des Einsatzes eines Webservers (S. unbekannt). Für den technischen Betrieb und die Webinhalte sollten geeignete Zuständige festgelegt werden Quelle: Planung des Einsatzes eines Webservers (S. unbekannt).

Anschlussfragen:
1. Welche Rolle spielt die Auswahl eines geeigneten Webhosters bei der Planung des Einsatzes eines Webservers?
2. Wie sollten die technischen und organisatorischen Maßnahmen zum Schutz des Informationsverbunds eines Webhosters umgesetzt werden?
3. Welche Aspekte sollten bei der Planung der Netze, über die Clients mit Terminalservern kommunizieren, berücksichtigt werden?";Bei der Planung des Einsatzes eines Webservers sollten verschiedene Maßnahmen berücksichtigt werden. Dazu gehören die Planung und Dokumentation des Zwecks, für den der Webserver eingesetzt wird, sowie die Art der bereitzustellenden Inhalte Quelle: Planung des Einsatzes eines Webservers (S. unbekannt, da keine spezifische Seitenzahl angegeben ist). Es sollte auch festgelegt werden, welche Informationen oder Dienstleistungen das Webangebot umfasst und welche Zielgruppen angesprochen werden sollen Quelle: Planung des Einsatzes eines Webservers (S. unbekannt). Für den technischen Betrieb und die Webinhalte sollten geeignete Zuständige festgelegt werden Quelle: Planung des Einsatzes eines Webservers (S. unbekannt).;"1. Welche Rolle spielt die Auswahl eines geeigneten Webhosters bei der Planung des Einsatzes eines Webservers?
2. Wie sollten die technischen und organisatorischen Maßnahmen zum Schutz des Informationsverbunds eines Webhosters umgesetzt werden?
3. Welche Aspekte sollten bei der Planung der Netze, über die Clients mit Terminalservern kommunizieren, berücksichtigt werden?";3;3;0.7226190476045953;1.0;1.0;0.9796208869069861;Welche Rolle spielt die Auswahl eines geeigneten Webhosters bei der Planung des Einsatzes eines Webservers?;-1;-1;evaluation_failed;Wie sollten die technischen und organisatorischen Maßnahmen zum Schutz des Informationsverbunds eines Webhosters umgesetzt werden?;-1;-1;evaluation_failed;Welche Aspekte sollten bei der Planung der Netze, über die Clients mit Terminalservern kommunizieren, berücksichtigt werden?;-1;-1;evaluation_failed;;
Was ist bei der Auswahl eines externen Webhosters zu beachten?;"Bei der Auswahl eines externen Webhosters SOLLTE die Institution auf folgende Punkte achten: 
- Es SOLLTE vertraglich geregelt werden, wie die Dienste zu erbringen sind, wobei Sicherheitsaspekte innerhalb des Vertrags schriftlich in einem Service Level Agreement (SLA) festgehalten werden SOLLTEN Quelle: APP.3.2.A10 (S).
- Die eingesetzten IT-Systeme SOLLTEN vom Webhoster regelmäßig kontrolliert und gewartet werden Quelle: APP.3.2.A10 (S).
- Der Webhoster SOLLTE grundlegende technische und organisatorische Maßnahmen umsetzen, um seinen Informationsverbund zu schützen Quelle: APP.3.2.A10 (S).

Anschlussfragen:
1. Wie sollten die Sicherheitsaspekte innerhalb des Vertrags mit dem Webhoster festgehalten werden?
2. Welche Rolle spielt die regelmäßige Kontrolle und Wartung der IT-Systeme durch den Webhoster?
3. Welche grundlegenden technischen und organisatorischen Maßnahmen sollte der Webhoster umsetzen, um seinen Informationsverbund zu schützen?";"Bei der Auswahl eines externen Webhosters SOLLTE die Institution auf folgende Punkte achten: 
- Es SOLLTE vertraglich geregelt werden, wie die Dienste zu erbringen sind, wobei Sicherheitsaspekte innerhalb des Vertrags schriftlich in einem Service Level Agreement (SLA) festgehalten werden SOLLTEN Quelle: APP.3.2.A10 (S).
- Die eingesetzten IT-Systeme SOLLTEN vom Webhoster regelmäßig kontrolliert und gewartet werden Quelle: APP.3.2.A10 (S).
- Der Webhoster SOLLTE grundlegende technische und organisatorische Maßnahmen umsetzen, um seinen Informationsverbund zu schützen Quelle: APP.3.2.A10 (S).";"APP.3.2 Webserver
APP.3.2.A10 Auswahl eines geeigneten Webhosters (S)
Betreibt die Institution den Webserver nicht selbst, sondern nutzt Angebote externer Unternehmen im Rahmen von Webhosting, SOLLTE die Institution bei der Auswahl eines geeigneten Webhosters auf folgende Punkte achten:
•Es SOLLTE vertraglich geregelt werden, wie die Dienste zu erbringen sind. Dabei SOLLTEN Sicherheitsaspekte innerhalb des Vertrags schriftlich in einem Service Level Agreement (SLA) festgehalten werden.
•Die eingesetzten IT-Systeme SOLLTEN vom Webhoster regelmäßig kontrolliert und gewartet werden. Der Webhoster SOLLTE dazu verpflichtet werden, bei technischen Problemen oder einer Kompromittierung von Kundschaftssystemen zeitnah zu reagieren.
•Der Webhoster SOLLTE grundlegende technische und organisatorische Maßnahmen umsetzen, um seinen Informationsverbund zu schützen.";"Bei der Auswahl eines externen Webhosters SOLLTE die Institution auf folgende Punkte achten: 
- Es SOLLTE vertraglich geregelt werden, wie die Dienste zu erbringen sind, wobei Sicherheitsaspekte innerhalb des Vertrags schriftlich in einem Service Level Agreement (SLA) festgehalten werden sollten Quelle: APP.3.1.A1 (S.391).
- Die eingesetzten IT-Systeme SOLLTEN vom Webhoster regelmäßig kontrolliert und gewartet werden Quelle: ORP.4.A8 (S.73).
- Der Webhoster SOLLTE grundlegende technische und organisatorische Maßnahmen umsetzen, um seinen Informationsverbund zu schützen Quelle: OPS.1.1.1.A2 (S.204-205).

Anschlussfragen:
1. Welche Rolle spielt die vertragliche Regelung bei der Auswahl eines externen Webhosters?
2. Wie können die Sicherheitsaspekte innerhalb des Vertrags mit dem Webhoster festgehalten werden?
3. Welche Auswirkungen hat die Auswahl eines externen Webhosters auf die Informationssicherheit der Institution?";"Bei der Auswahl eines externen Webhosters SOLLTE die Institution auf folgende Punkte achten: 
- Es SOLLTE vertraglich geregelt werden, wie die Dienste zu erbringen sind, wobei Sicherheitsaspekte innerhalb des Vertrags schriftlich in einem Service Level Agreement (SLA) festgehalten werden sollten Quelle: APP.3.1.A1 (S.391).
- Die eingesetzten IT-Systeme SOLLTEN vom Webhoster regelmäßig kontrolliert und gewartet werden Quelle: ORP.4.A8 (S.73).
- Der Webhoster SOLLTE grundlegende technische und organisatorische Maßnahmen umsetzen, um seinen Informationsverbund zu schützen Quelle: OPS.1.1.1.A2 (S.204-205).";"1. Welche Rolle spielt die vertragliche Regelung bei der Auswahl eines externen Webhosters?
2. Wie können die Sicherheitsaspekte innerhalb des Vertrags mit dem Webhoster festgehalten werden?
3. Welche Auswirkungen hat die Auswahl eines externen Webhosters auf die Informationssicherheit der Institution?";3;3;0.8766666666491334;1.0;1.0;0.9966828901064511;Welche Rolle spielt die vertragliche Regelung bei der Auswahl eines externen Webhosters?;-1;-1;evaluation_failed;Wie können die Sicherheitsaspekte innerhalb des Vertrags mit dem Webhoster festgehalten werden?;-1;-1;evaluation_failed;Welche Auswirkungen hat die Auswahl eines externen Webhosters auf die Informationssicherheit der Institution?;-1;-1;evaluation_failed;;
Wie sollten Fehlermeldungen auf einem Webserver gestaltet sein?;"Fehlermeldungen auf einem Webserver sollten so gestaltet sein, dass sie weder den Produktnamen noch die verwendete Version des Webservers preisgeben. Sie sollten auch keine Details zu Systeminformationen oder Konfigurationen ausgeben. Stattdessen sollten allgemeine Fehlermeldungen ausgegeben werden, die Clients darauf hinweisen, dass ein Fehler aufgetreten ist. Diese Fehlermeldungen sollten ein eindeutiges Merkmal enthalten, das es dem IT-Betrieb ermöglicht, den Fehler nachzuvollziehen. Quelle: APP.3.2.A12 (S).

Anschlussfragen:
1. Wie sollten Webserver in die Netzarchitektur integriert werden, um sie abzusichern?
2. Welche Rolle spielt das Identitäts- und Berechtigungsmanagement bei der Authentisierung von Webservern?
3. Wie können kryptografische Schlüssel für verschlüsselte Verbindungen zu Webservern sicher verwaltet werden?";Fehlermeldungen auf einem Webserver sollten so gestaltet sein, dass sie weder den Produktnamen noch die verwendete Version des Webservers preisgeben. Sie sollten auch keine Details zu Systeminformationen oder Konfigurationen ausgeben. Stattdessen sollten allgemeine Fehlermeldungen ausgegeben werden, die Clients darauf hinweisen, dass ein Fehler aufgetreten ist. Diese Fehlermeldungen sollten ein eindeutiges Merkmal enthalten, das es dem IT-Betrieb ermöglicht, den Fehler nachzuvollziehen. Quelle: APP.3.2.A12 (S).;"APP.3.2 Webserver
APP.3.2.A12 Geeigneter Umgang mit Fehlern und Fehlermeldungen (S)
Aus den HTTP-Informationen und den angezeigten Fehlermeldungen SOLLTEN weder der Produktname noch die verwendete Version des Webservers ersichtlich sein. Fehlermeldungen SOLLTEN keine Details zu Systeminformationen oder Konfigurationen ausgeben. Der IT-Betrieb SOLLTE sicherstellen, dass der Webserver ausschließlich allgemeine Fehlermeldungen ausgibt, die Clients darauf hinweisen, dass ein Fehler aufgetreten ist. Die Fehlermeldung SOLLTE ein eindeutiges Merkmal enthalten, das es dem IT-Betrieb ermöglicht, den Fehler nachzuvollziehen. Bei unerwarteten Fehlern SOLLTE sichergestellt sein, dass der Webserver nicht in einem Zustand verbleibt, in dem er anfällig für Angriffe ist.";"Fehlermeldungen auf einem Webserver sollten so gestaltet sein, dass weder der Produktname noch die verwendete Version des Webservers ersichtlich sind. Sie sollten keine Details zu Systeminformationen oder Konfigurationen ausgeben, sondern lediglich allgemeine Fehlermeldungen anzeigen, die den Client darüber informieren, dass ein Fehler aufgetreten ist. Es sollte jedoch ein eindeutiges Merkmal in der Fehlermeldung enthalten sein, das es dem IT-Betrieb ermöglicht, den Fehler nachzuvollziehen. Quelle: APP.3.1.A1 (S.391).

Anschlussfragen:
1. Wie sollten Webserver in die Netzarchitektur integriert werden, um sie vor Angriffen zu schützen?
2. Welche Rolle spielt die Protokollierung von Ereignissen bei der Sicherheit eines Webservers?
3. Wie können Entwickler sicherstellen, dass vertrauliche Daten von Clients zu Servern sicher übertragen werden?";Fehlermeldungen auf einem Webserver sollten so gestaltet sein, dass weder der Produktname noch die verwendete Version des Webservers ersichtlich sind. Sie sollten keine Details zu Systeminformationen oder Konfigurationen ausgeben, sondern lediglich allgemeine Fehlermeldungen anzeigen, die den Client darüber informieren, dass ein Fehler aufgetreten ist. Es sollte jedoch ein eindeutiges Merkmal in der Fehlermeldung enthalten sein, das es dem IT-Betrieb ermöglicht, den Fehler nachzuvollziehen. Quelle: APP.3.1.A1 (S.391).;"1. Wie sollten Webserver in die Netzarchitektur integriert werden, um sie vor Angriffen zu schützen?
2. Welche Rolle spielt die Protokollierung von Ereignissen bei der Sicherheit eines Webservers?
3. Wie können Entwickler sicherstellen, dass vertrauliche Daten von Clients zu Servern sicher übertragen werden?";3;3;0.8083333333171667;0.7142857142857143;1.0;0.9929459077064617;Wie sollten Webserver in die Netzarchitektur integriert werden, um sie vor Angriffen zu schützen?;-1;-1;evaluation_failed;Welche Rolle spielt die Protokollierung von Ereignissen bei der Sicherheit eines Webservers?;-1;-1;evaluation_failed;Wie können Entwickler sicherstellen, dass vertrauliche Daten von Clients zu Servern sicher übertragen werden?;-1;-1;evaluation_failed;;
Wer trägt die Verantwortung für Informationssicherheit beim Outsourcing?;"Die Verantwortung für Informationssicherheit beim Outsourcing verbleibt stets bei der auslagernden Institution Quelle: OPS.2.3, Kap. 1.1. Dies bedeutet, dass die Institution, die Geschäftsprozesse oder Tätigkeiten auslagert, die Verantwortung für die Informationssicherheit trägt, auch wenn die tatsächliche Ausführung durch externe Dienstleistungsunternehmen erfolgt.

Anschlussfragen:
1. Wie werden die Sicherheitsanforderungen für die auslagernden Institutionen und die Anbieter von Outsourcing-Leistungen im Baustein OPS.2.3 behandelt?
2. Welche Arten von Outsourcing-Szenarien können mit dem Baustein OPS.2.3 nicht abschließend abgebildet werden und benötigen eine separate Risikoanalyse?
3. Wie unterscheidet sich der Baustein OPS.2.3 von dem Baustein OPS.3.2 in Bezug auf die Perspektive auf das Outsourcing-Verhältnis?";Die Verantwortung für Informationssicherheit beim Outsourcing verbleibt stets bei der auslagernden Institution Quelle: OPS.2.3, Kap. 1.1. Dies bedeutet, dass die Institution, die Geschäftsprozesse oder Tätigkeiten auslagert, die Verantwortung für die Informationssicherheit trägt, auch wenn die tatsächliche Ausführung durch externe Dienstleistungsunternehmen erfolgt.;"OPS.2.3, Kap. 1.1
1.1. Einleitung
Beim Outsourcing lagern Institutionen (Nutzende von Outsourcing) Geschäftsprozesse oder Tätigkeiten ganz oder teilweise zu einem oder mehreren externen  Dienstleistungsunternehmen (Anbietende von Outsourcing) aus. Diese sogenannten Anbietenden von Outsourcing betreiben im Rahmen des vereinbarten Outsourcing-Verhältnisses die Geschäftsprozesse oder Tätigkeiten nach festgelegten Kriterien. Allerdings verbleibt die Verantwortung aus Sicht der Informationssicherheit stets bei der auslagernden Institution.";"Die Verantwortung für Informationssicherheit verbleibt bei der auslagernden Institution, also den Nutzenden von Outsourcing Quelle: Anbieten von Outsourcing (S.1). Die oberste Managementebene trägt die Gesamtverantwortung für die ordnungsgemäße und sichere Aufgabenerfüllung und damit für die Informationssicherheit Quelle: Einleitung (S.1). 

Anschlussfragen:
1. Wie können Nutzende von Outsourcing ihre Verantwortung für Informationssicherheit wahrnehmen, wenn sie Prozesse auslagern?
2. Welche Rolle spielt der Informationssicherheitsbeauftragte bei der Umsetzung von Informationssicherheit in einer Institution?
3. Wie können Anbietende von Outsourcing ihre Verantwortung für Informationssicherheit im Rahmen eines Outsourcing-Verhältnisses wahrnehmen?";Die Verantwortung für Informationssicherheit verbleibt bei der auslagernden Institution, also den Nutzenden von Outsourcing Quelle: Anbieten von Outsourcing (S.1). Die oberste Managementebene trägt die Gesamtverantwortung für die ordnungsgemäße und sichere Aufgabenerfüllung und damit für die Informationssicherheit Quelle: Einleitung (S.1).;"1. Wie können Nutzende von Outsourcing ihre Verantwortung für Informationssicherheit wahrnehmen, wenn sie Prozesse auslagern?
2. Welche Rolle spielt der Informationssicherheitsbeauftragte bei der Umsetzung von Informationssicherheit in einer Institution?
3. Wie können Anbietende von Outsourcing ihre Verantwortung für Informationssicherheit im Rahmen eines Outsourcing-Verhältnisses wahrnehmen?";3;3;0.9999999999875;1.0;0.75;0.44008111814094564;Wie können Nutzende von Outsourcing ihre Verantwortung für Informationssicherheit wahrnehmen, wenn sie Prozesse auslagern?;-1;-1;evaluation_failed;Welche Rolle spielt der Informationssicherheitsbeauftragte bei der Umsetzung von Informationssicherheit in einer Institution?;-1;-1;evaluation_failed;Wie können Anbietende von Outsourcing ihre Verantwortung für Informationssicherheit im Rahmen eines Outsourcing-Verhältnisses wahrnehmen?;-1;-1;evaluation_failed;;
Welche Mindestanforderungen gelten für Outsourcing-Verträge?;"Die Mindestanforderungen für Outsourcing-Verträge umfassen die Entwicklung einheitlicher Grundanforderungen, die Aspekte der Informationssicherheit, einen Zustimmungsvorbehalt bei Weiterverlagerungen sowie ein Recht auf Prüfung, Revision und Audit beinhalten Quelle: OPS.2.3.A4 (S. nicht spezifiziert). Diese Grundanforderungen MÜSSEN in Vereinbarungen und Verträgen einheitlich umgesetzt werden Quelle: OPS.2.3.A4 (S. nicht spezifiziert). 

Anschlussfragen:
1. Wie MÜSSEN die Resultate der risikoorientierten Betrachtung bei der Entwicklung der Grundanforderungen für Outsourcing-Verträge berücksichtigt werden?
2. Welche Rolle spielt die Verschwiegenheitserklärung zum Schutz von sensiblen Daten in Outsourcing-Verträgen?
3. Wie unterscheidet sich der Baustein OPS.2.3 Nutzung von Outsourcing von anderen Bausteinen wie OPS.2.2 Cloud-Nutzung?";Die Mindestanforderungen für Outsourcing-Verträge umfassen die Entwicklung einheitlicher Grundanforderungen, die Aspekte der Informationssicherheit, einen Zustimmungsvorbehalt bei Weiterverlagerungen sowie ein Recht auf Prüfung, Revision und Audit beinhalten Quelle: OPS.2.3.A4 (S. nicht spezifiziert). Diese Grundanforderungen MÜSSEN in Vereinbarungen und Verträgen einheitlich umgesetzt werden Quelle: OPS.2.3.A4 (S. nicht spezifiziert).;"OPS.2.3.A4 Grundanforderungen an Verträge mit Anbietenden von
Outsourcing (B)
Einheitliche Grundanforderungen an Outsourcing-Verträge MÜSSEN entwickelt werden. Diese Grundanforderungen MÜSSEN Aspekte der Informationssicherheit, einen Zustimmungsvorbehalt bei Weiterverlagerungen sowie ein Recht auf Prüfung, Revision und Audit beinhalten. Bei der Entwicklung der Grundanforderungen SOLLTEN die Resultate der risikoorientierten Betrachtung sowie Eignungsanforderungen an Anbietende von Outsourcing mit einfließen. Mit den Anbietenden von Outsourcing SOLLTE eine Verschwiegenheitserklärung zum Schutz von sensiblen Daten vereinbart werden. Die Grundanforderungen MÜSSEN in Vereinbarungen und Verträgen einheitlich umgesetzt werden. Auf Basis der Grundanforderungen SOLLTE eine einheitliche Vertragsvorlage erstellt und für alle Outsourcing-Vorhaben genutzt werden.";"Für Outsourcing-Verträge gelten bestimmte Mindestanforderungen. Diese umfassen die Entwicklung einheitlicher Grundanforderungen, die Aspekte der Informationssicherheit, einen Zustimmungsvorbehalt bei Weiterverlagerungen sowie ein Recht auf Prüfung, Revision und Audit beinhalten Quelle: Grundanforderungen an Verträge mit Nutzenden von Outsourcing. 

Die Nutzenden von Outsourcing MÜSSEN das Recht haben, Prüfungen, Revisionen und Auditierungen durchzuführen, um sicherzustellen, dass die vertraglich geregelten Anforderungen an die Informationssicherheit eingehalten werden Quelle: Grundanforderungen an Verträge mit Nutzenden von Outsourcing. 

Mit den Anbietenden von Outsourcing SOLLTE eine Verschwiegenheitserklärung zum Schutz von sensiblen Daten, Vereinbarungen zum Informationsaustausch und Service-Level-Agreements vereinbart werden Quelle: Grundanforderungen an Verträge mit Nutzenden von Outsourcing. 

Anschlussfragen:
1. Wie können die Anforderungen an die Informationssicherheit in Outsourcing-Verträgen am besten umgesetzt werden?
2. Welche Rolle spielen Verschwiegenheitserklärungen und Service-Level-Agreements in Outsourcing-Verträgen?
3. Wie können Nutzende von Outsourcing sicherstellen, dass die Anbietenden die vertraglich geregelten Anforderungen an die Informationssicherheit einhalten?";"Für Outsourcing-Verträge gelten bestimmte Mindestanforderungen. Diese umfassen die Entwicklung einheitlicher Grundanforderungen, die Aspekte der Informationssicherheit, einen Zustimmungsvorbehalt bei Weiterverlagerungen sowie ein Recht auf Prüfung, Revision und Audit beinhalten Quelle: Grundanforderungen an Verträge mit Nutzenden von Outsourcing. 

Die Nutzenden von Outsourcing MÜSSEN das Recht haben, Prüfungen, Revisionen und Auditierungen durchzuführen, um sicherzustellen, dass die vertraglich geregelten Anforderungen an die Informationssicherheit eingehalten werden Quelle: Grundanforderungen an Verträge mit Nutzenden von Outsourcing. 

Mit den Anbietenden von Outsourcing SOLLTE eine Verschwiegenheitserklärung zum Schutz von sensiblen Daten, Vereinbarungen zum Informationsaustausch und Service-Level-Agreements vereinbart werden Quelle: Grundanforderungen an Verträge mit Nutzenden von Outsourcing.";"1. Wie können die Anforderungen an die Informationssicherheit in Outsourcing-Verträgen am besten umgesetzt werden?
2. Welche Rolle spielen Verschwiegenheitserklärungen und Service-Level-Agreements in Outsourcing-Verträgen?
3. Wie können Nutzende von Outsourcing sicherstellen, dass die Anbietenden die vertraglich geregelten Anforderungen an die Informationssicherheit einhalten?";3;3;0.9999999999875;1.0;0.7777777777777778;0.653383802047827;Wie können die Anforderungen an die Informationssicherheit in Outsourcing-Verträgen am besten umgesetzt werden?;-1;-1;evaluation_failed;Welche Rolle spielen Verschwiegenheitserklärungen und Service-Level-Agreements in Outsourcing-Verträgen?;-1;-1;evaluation_failed;Wie können Nutzende von Outsourcing sicherstellen, dass die Anbietenden die vertraglich geregelten Anforderungen an die Informationssicherheit einhalten?;-1;-1;evaluation_failed;;
Muss ich ein Sicherheitskonzept für jedes Outsourcing-Vorhaben erstellen?;"Ja, für jedes Outsourcing-Vorhaben MUSS ein Sicherheitskonzept erstellt werden, das auf den sich aus dem IT-Grundschutz ergebenen Sicherheitsanforderungen basiert Quelle: OPS.2.3.A6 (S. nicht spezifiziert). Dieses Sicherheitskonzept MUSS mit den Anbietenden von Outsourcing abgestimmt werden Quelle: OPS.2.3.A6 (S. nicht spezifiziert). 

Anschlussfragen:
1. Wie sollten die Sicherheitsanforderungen für ein Outsourcing-Vorhaben festgelegt werden?
2. Was sollte mit den Anbietenden von Outsourcing hinsichtlich der Umsetzung von IT-Grundschutz oder der Erfüllung von Anforderungen aus relevanten Bausteinen vereinbart werden?
3. Wie oft sollten die Nutzenden von Outsourcing oder unabhängige Dritte überprüfen, ob das Sicherheitskonzept wirksam ist?";Ja, für jedes Outsourcing-Vorhaben MUSS ein Sicherheitskonzept erstellt werden, das auf den sich aus dem IT-Grundschutz ergebenen Sicherheitsanforderungen basiert Quelle: OPS.2.3.A6 (S. nicht spezifiziert). Dieses Sicherheitskonzept MUSS mit den Anbietenden von Outsourcing abgestimmt werden Quelle: OPS.2.3.A6 (S. nicht spezifiziert).;"OPS.2.3.A6 Festlegung von Sicherheitsanforderungen und Erstellung eines Sicherheitskonzeptes für das Outsourcing-Vorhaben (B)
Mit den Anbietenden von Outsourcing MUSS vertraglich vereinbart werden, dass IT-Grundschutz umgesetzt oder mindestens die Anforderungen aus den relevanten Bausteinen geeignet erfüllt werden. Darüber hinaus SOLLTE mit den Anbietenden von Outsourcing vereinbart werden, dass sie ein Managementsystem für Informationssicherheit (ISMS) etablieren. Die Nutzenden von Outsourcing MÜSSEN für jedes Outsourcing-Vorhaben ein Sicherheitskonzept basierend auf den sich aus dem IT- Grundschutz ergebenen Sicherheitsanforderungen erstellen. Dabei MUSS das Sicherheitskonzept der Nutzenden mit den Anbietenden von Outsourcing abgestimmt werden. Ebenso SOLLTE jeder Anbietende ein individuelles Sicherheitskonzept für das jeweilige Outsourcing-Vorhaben vorlegen. Das Sicherheitskonzept der Anbietenden von Outsourcing und dessen Umsetzung SOLLTE zu einem gesamten Sicherheitskonzept zusammengeführt werden. Wenn Risikoanalysen notwendig sind, MÜSSEN Vereinbarungen getroffen werden, wie die Risikoanalyse geprüft und gegebenenfalls in das eigene Risikomanagement überführt werden kann. Die Nutzenden von Outsourcing oder unabhängige Dritte MÜSSEN regelmäßig überprüfen, ob das Sicherheitskonzept wirksam ist.";"Ja, für jedes Outsourcing-Vorhaben MUSS ein Sicherheitskonzept erstellt werden, das auf den sich aus dem IT-Grundschutz ergebenen Sicherheitsanforderungen basiert Quelle: OPS.3.2 Anbieten von Outsourcing (S.391). 
Das Sicherheitskonzept der Nutzenden von Outsourcing MUSS mit den Anbietenden von Outsourcing abgestimmt werden Quelle: OPS.3.2 Anbieten von Outsourcing (S.391). 
Anschlussfragen:
1. Welche Rolle spielt die Verantwortung der Nutzenden von Outsourcing bei der Informationssicherheit im Outsourcing-Prozess?
2. Wie können die Anbietenden von Outsourcing und die Nutzenden von Outsourcing gemeinsam ein wirksames Sicherheitskonzept erstellen?
3. Welche Auswirkungen kann ein unzureichendes Sicherheitskonzept auf die Informationssicherheit im Outsourcing-Vorhaben haben?";"Ja, für jedes Outsourcing-Vorhaben MUSS ein Sicherheitskonzept erstellt werden, das auf den sich aus dem IT-Grundschutz ergebenen Sicherheitsanforderungen basiert Quelle: OPS.3.2 Anbieten von Outsourcing (S.391). 
Das Sicherheitskonzept der Nutzenden von Outsourcing MUSS mit den Anbietenden von Outsourcing abgestimmt werden Quelle: OPS.3.2 Anbieten von Outsourcing (S.391).";"1. Welche Rolle spielt die Verantwortung der Nutzenden von Outsourcing bei der Informationssicherheit im Outsourcing-Prozess?
2. Wie können die Anbietenden von Outsourcing und die Nutzenden von Outsourcing gemeinsam ein wirksames Sicherheitskonzept erstellen?
3. Welche Auswirkungen kann ein unzureichendes Sicherheitskonzept auf die Informationssicherheit im Outsourcing-Vorhaben haben?";3;3;0.9999999999875;1.0;0.6;0.8077854610172828;Welche Rolle spielt die Verantwortung der Nutzenden von Outsourcing bei der Informationssicherheit im Outsourcing-Prozess?;-1;-1;evaluation_failed;Wie können die Anbietenden von Outsourcing und die Nutzenden von Outsourcing gemeinsam ein wirksames Sicherheitskonzept erstellen?;-1;-1;evaluation_failed;Welche Auswirkungen kann ein unzureichendes Sicherheitskonzept auf die Informationssicherheit im Outsourcing-Vorhaben haben?;-1;-1;evaluation_failed;;
Wie gehe ich mit Sub-Dienstleistern um?;"Um mit Sub-Dienstleistern umzugehen, MÜSSEN einheitliche Grundanforderungen an Outsourcing-Verträge entwickelt werden, die Aspekte der Informationssicherheit und einen Zustimmungsvorbehalt bei Weiterverlagerungen beinhalten Quelle: OPS.2.3.A4 (S. nicht spezifiziert). Diese Grundanforderungen SOLLTEN auch bei der Entwicklung von Verträgen mit Sub-Dienstleistern berücksichtigt werden, um sicherzustellen, dass die Informationssicherheit gewährleistet ist. 

Anschlussfragen:
1. Wie können die Risiken bei der Nutzung von Sub-Dienstleistern minimiert werden?
2. Welche Rolle spielen Verschwiegenheitserklärungen bei der Zusammenarbeit mit Sub-Dienstleistern?
3. Wie können die Anforderungen an die Informationssicherheit bei der Vertragsgestaltung mit Sub-Dienstleistern umgesetzt werden?";Um mit Sub-Dienstleistern umzugehen, MÜSSEN einheitliche Grundanforderungen an Outsourcing-Verträge entwickelt werden, die Aspekte der Informationssicherheit und einen Zustimmungsvorbehalt bei Weiterverlagerungen beinhalten Quelle: OPS.2.3.A4 (S. nicht spezifiziert). Diese Grundanforderungen SOLLTEN auch bei der Entwicklung von Verträgen mit Sub-Dienstleistern berücksichtigt werden, um sicherzustellen, dass die Informationssicherheit gewährleistet ist.;"OPS.2.3.A4 Grundanforderungen an Verträge mit Anbietenden von Outsourcing (B)
Einheitliche Grundanforderungen an Outsourcing-Verträge MÜSSEN entwickelt werden. Diese Grundanforderungen MÜSSEN Aspekte der Informationssicherheit, einen Zustimmungsvorbehalt bei Weiterverlagerungen sowie ein Recht auf Prüfung, Revision und Audit beinhalten. Bei der Entwicklung der Grundanforderungen SOLLTEN die Resultate der risikoorientierten Betrachtung sowie Eignungsanforderungen an Anbietende von Outsourcing mit einfließen. Mit den Anbietenden von Outsourcing SOLLTE eine Verschwiegenheitserklärung zum Schutz von sensiblen Daten vereinbart werden. Die Grundanforderungen MÜSSEN in Vereinbarungen und Verträgen einheitlich umgesetzt werden. Auf Basis der Grundanforderungen SOLLTE eine einheitliche Vertragsvorlage erstellt und für alle Outsourcing-Vorhaben genutzt werden.";"Um mit Sub-Dienstleistern umzugehen, sollten Institutionen, die externe Dienstleister einbinden, klare Regelungen und Verträge erstellen, die den Umgang mit Sub-Dienstleistern regeln. Dies umfasst die Festlegung von Verantwortlichkeiten, die Einhaltung von Sicherheitsanforderungen und die Regelung von Konsequenzen bei Nichteinhaltung. Es ist wichtig, dass die Institutionen ihre Verträge mit Anbietenden von Outsourcing anpassen, um den Schutzbedarf der Informationen, die im Zusammenhang mit der Cloud-Nutzung stehen, zu gewährleisten. 

Die Cloud-Diensteanbietenden sollten alle Subunternehmen offenlegen, die sie für den Cloud-Dienst benötigen. Institutionen sollten auch sicherstellen, dass ihre Verträge mit Anbietenden von Outsourcing Kündigungsoptionen enthalten und regeln, wie das Eigentum der Nutzenden von Outsourcing zurückgegeben wird. 

Quelle: Erweiterte Anforderungen an Verträge mit Anbietenden von Outsourcing (S. 123-125)

Anschlussfragen:
1. Wie sollten Institutionen den Umgang mit Sub-Dienstleistern in ihren Verträgen regeln?
2. Welche Rolle spielen Vertragsstrafen bei der Einbindung externer Dienstleister?
3. Wie können Institutionen sicherstellen, dass ihre Daten bei der Beendigung eines Outsourcing-Verhältnisses ordnungsgemäß gelöscht werden?";"Um mit Sub-Dienstleistern umzugehen, sollten Institutionen, die externe Dienstleister einbinden, klare Regelungen und Verträge erstellen, die den Umgang mit Sub-Dienstleistern regeln. Dies umfasst die Festlegung von Verantwortlichkeiten, die Einhaltung von Sicherheitsanforderungen und die Regelung von Konsequenzen bei Nichteinhaltung. Es ist wichtig, dass die Institutionen ihre Verträge mit Anbietenden von Outsourcing anpassen, um den Schutzbedarf der Informationen, die im Zusammenhang mit der Cloud-Nutzung stehen, zu gewährleisten. 

Die Cloud-Diensteanbietenden sollten alle Subunternehmen offenlegen, die sie für den Cloud-Dienst benötigen. Institutionen sollten auch sicherstellen, dass ihre Verträge mit Anbietenden von Outsourcing Kündigungsoptionen enthalten und regeln, wie das Eigentum der Nutzenden von Outsourcing zurückgegeben wird. 

Quelle: Erweiterte Anforderungen an Verträge mit Anbietenden von Outsourcing (S. 123-125)";"1. Wie sollten Institutionen den Umgang mit Sub-Dienstleistern in ihren Verträgen regeln?
2. Welche Rolle spielen Vertragsstrafen bei der Einbindung externer Dienstleister?
3. Wie können Institutionen sicherstellen, dass ihre Daten bei der Beendigung eines Outsourcing-Verhältnisses ordnungsgemäß gelöscht werden?";3;3;0.9999999999875;1.0;1.0;0.4030003191866559;Wie sollten Institutionen den Umgang mit Sub-Dienstleistern in ihren Verträgen regeln?;-1;-1;evaluation_failed;Welche Rolle spielen Vertragsstrafen bei der Einbindung externer Dienstleister?;-1;-1;evaluation_failed;Wie können Institutionen sicherstellen, dass ihre Daten bei der Beendigung eines Outsourcing-Verhältnisses ordnungsgemäß gelöscht werden?;-1;-1;evaluation_failed;;
Was soll in Bezug auf Mandanten bedacht werden?;"In Bezug auf Mandanten sollte sichergestellt werden, dass die Daten und Verarbeitungskontexte durch den Anbietenden von Outsourcing ausreichend sicher getrennt sind Quelle: OPS.2.3.A5 (S.?). Ein Mandantentrennungskonzept sollte von den Anbietenden von Outsourcing gefordert werden, das zwischen mandantenabhängigen und mandantenübergreifenden Daten und Objekten unterscheidet Quelle: OPS.2.3.A5 (S.?).

Anschlussfragen:
1. Wie sollte das Mandantentrennungskonzept die Trennung von mandantenabhängigen und mandantenübergreifenden Daten und Objekten darlegen?
2. Welche Mechanismen sollten die Anbietenden von Outsourcing verwenden, um die Trennung zwischen Mandanten sicherzustellen?
3. Wie sollten die Nutzenden von Outsourcing-Leistungen die Einhaltung des Mandantentrennungskonzepts durch die Anbietenden von Outsourcing überwachen?";In Bezug auf Mandanten sollte sichergestellt werden, dass die Daten und Verarbeitungskontexte durch den Anbietenden von Outsourcing ausreichend sicher getrennt sind Quelle: OPS.2.3.A5 (S.?). Ein Mandantentrennungskonzept sollte von den Anbietenden von Outsourcing gefordert werden, das zwischen mandantenabhängigen und mandantenübergreifenden Daten und Objekten unterscheidet Quelle: OPS.2.3.A5 (S.?).;"OPS.2.3.A5 Vereinbarung der Mandantenfähigkeit (B)
In einer Vereinbarung zur Mandantenfähigkeit mit den Anbietenden von Outsourcing MUSS sichergestellt werden, dass die Daten und Verarbeitungskontexte durch den Anbietenden von Outsourcing ausreichend sicher getrennt sind. In dieser Vereinbarung SOLLTE ein Mandantentrennungskonzept von den Anbietenden von Outsourcing gefordert werden. Das Mandantentrennungskonzept SOLLTE zwischen mandantenabhängigen und mandantenübergreifenden Daten und Objekten unterscheiden und darlegen, mit welchen Mechanismen die Anbietenden von Outsourcing trennen.";"In Bezug auf Mandanten sollte sichergestellt werden, dass die Daten und Verarbeitungskontexte durch den Anbietenden von Outsourcing ausreichend sicher getrennt sind. Ein Mandantentrennungskonzept sollte gefordert werden, das zwischen mandantenabhängigen und mandantenübergreifenden Daten und Objekten unterscheidet und darlegt, mit welchen Mechanismen die Anbietenden von Outsourcing trennen. Quelle: Vereinbarung der Mandantenfähigkeit (S.1).

Im speziellen Fall von z/OS-Systemen muss ein RACF-Konzept zur Mandantentrennung erstellt werden, um die Daten und Anwendungen der Mandanten durch RACF-Profile zu trennen. Quelle: Mandantenfähigkeit unter z/OS (S.2).

Für Speicherlösungen sollte definiert und dokumentiert werden, welche Anforderungen die Institution an die Mandantenfähigkeit stellt, und die eingesetzten Speicherlösungen sollten diese Anforderungen erfüllen. Quelle: Sichere Trennung von Mandanten in Speicherlösungen (S.3).

Anschlussfragen:
1. Wie kann die Mandantentrennung in einer Speicherlösung umgesetzt werden?
2. Welche Rolle spielt das RACF-Konzept bei der Mandantentrennung in z/OS-Systemen?
3. Wie können die Anforderungen an die Mandantenfähigkeit einer Speicherlösung definiert und dokumentiert werden?";"In Bezug auf Mandanten sollte sichergestellt werden, dass die Daten und Verarbeitungskontexte durch den Anbietenden von Outsourcing ausreichend sicher getrennt sind. Ein Mandantentrennungskonzept sollte gefordert werden, das zwischen mandantenabhängigen und mandantenübergreifenden Daten und Objekten unterscheidet und darlegt, mit welchen Mechanismen die Anbietenden von Outsourcing trennen. Quelle: Vereinbarung der Mandantenfähigkeit (S.1).

Im speziellen Fall von z/OS-Systemen muss ein RACF-Konzept zur Mandantentrennung erstellt werden, um die Daten und Anwendungen der Mandanten durch RACF-Profile zu trennen. Quelle: Mandantenfähigkeit unter z/OS (S.2).

Für Speicherlösungen sollte definiert und dokumentiert werden, welche Anforderungen die Institution an die Mandantenfähigkeit stellt, und die eingesetzten Speicherlösungen sollten diese Anforderungen erfüllen. Quelle: Sichere Trennung von Mandanten in Speicherlösungen (S.3).";"1. Wie kann die Mandantentrennung in einer Speicherlösung umgesetzt werden?
2. Welche Rolle spielt das RACF-Konzept bei der Mandantentrennung in z/OS-Systemen?
3. Wie können die Anforderungen an die Mandantenfähigkeit einer Speicherlösung definiert und dokumentiert werden?";3;3;0.99999999998;1.0;0.8571428571428571;0.5500118996976929;Wie kann die Mandantentrennung in einer Speicherlösung umgesetzt werden?;-1;-1;evaluation_failed;Welche Rolle spielt das RACF-Konzept bei der Mandantentrennung in z/OS-Systemen?;-1;-1;evaluation_failed;Wie können die Anforderungen an die Mandantenfähigkeit einer Speicherlösung definiert und dokumentiert werden?;-1;-1;evaluation_failed;;
Was ist bei der Beendigung eines Outsourcing-Verhältnisses zu regeln?;"Bei der Beendigung eines Outsourcing-Verhältnisses MÜSSEN Regelungen getroffen werden, um sicherzustellen, dass alle Informationen, Daten und Hardware der Nutzenden vom Anbietenden von Outsourcing zurückgegeben werden Quelle: OPS.2.3.A7 (S. nicht spezifiziert). Hierbei MÜSSEN gesetzliche Vorgaben zur Aufbewahrung von Daten beachtet werden. Ferner SOLLTE überprüft werden, ob die Zugangs-, Zutritts- und Zugriffsrechte für die Anbietenden von Outsourcing mit der Beendigung des Outsourcing-Verhältnisses aufgehoben wurden Quelle: OPS.2.3.A7 (S. nicht spezifiziert).

Anschlussfragen:
1. Wie sollten die Regelungen für die Beendigung eines Outsourcing-Verhältnisses dokumentiert werden?
2. Welche Rolle spielen gesetzliche Vorgaben zur Aufbewahrung von Daten bei der Beendigung eines Outsourcing-Verhältnisses?
3. Wie kann sichergestellt werden, dass die Zugangs-, Zutritts- und Zugriffsrechte für die Anbietenden von Outsourcing nach der Beendigung des Verhältnisses aufgehoben werden?";Bei der Beendigung eines Outsourcing-Verhältnisses MÜSSEN Regelungen getroffen werden, um sicherzustellen, dass alle Informationen, Daten und Hardware der Nutzenden vom Anbietenden von Outsourcing zurückgegeben werden Quelle: OPS.2.3.A7 (S. nicht spezifiziert). Hierbei MÜSSEN gesetzliche Vorgaben zur Aufbewahrung von Daten beachtet werden. Ferner SOLLTE überprüft werden, ob die Zugangs-, Zutritts- und Zugriffsrechte für die Anbietenden von Outsourcing mit der Beendigung des Outsourcing-Verhältnisses aufgehoben wurden Quelle: OPS.2.3.A7 (S. nicht spezifiziert).;"OPS.2.3.A7 Regelungen für eine geplante oder ungeplante Beendigung eines Outsourcing-Verhältnisses (B) [Fachverantwortliche, Institutionsleitung]
Für geplante sowie ungeplante Beendigungen des Outsourcing-Verhältnisses MÜSSEN Regelungen getroffen werden. Es MUSS festgelegt werden, wie alle Informationen, Daten und Hardware der Nutzenden vom Anbietenden von Outsourcing zurückgegeben werden. Hierbei MÜSSEN gesetzliche Vorgaben zur Aufbewahrung von Daten beachtet werden. Ferner SOLLTE überprüft werden, ob die Zugangs-, Zutritts- und Zugriffsrechte für die Anbietenden von Outsourcing mit der Beendigung des Outsourcing-Verhältnisses aufgehoben wurden.";"Bei der Beendigung eines Outsourcing-Verhältnisses MÜSSEN Regelungen getroffen werden, um sicherzustellen, dass alle Informationen, Daten und Hardware der Nutzenden vom Anbietenden von Outsourcing zurückgegeben werden Quelle: OPS.3.2 (S.1). Hierbei MÜSSEN gesetzliche Vorgaben zur Aufbewahrung von Daten beachtet werden Quelle: OPS.3.2 (S.2). Ferner SOLLTE überprüft werden, ob die Zugangs-, Zutritts- und Zugriffsrechte für die Anbietenden von Outsourcing mit der Beendigung des Outsourcing-Verhältnisses aufgehoben wurden Quelle: OPS.3.2 (S.3).

Anschlussfragen:
1. Wie sollten die Verträge mit Anbietenden von Outsourcing gestaltet werden, um eine reibungslose Beendigung des Outsourcing-Verhältnisses zu gewährleisten?
2. Welche Rolle spielen ESCROW-Verträge bei der Beendigung eines Outsourcing-Verhältnisses, insbesondere im Zusammenhang mit softwarenahen Dienstleistungen?
3. Wie können Nutzende von Outsourcing sicherstellen, dass die Anbietenden von Outsourcing die notwendigen Maßnahmen zum Schutz der Informationssicherheit auch nach Beendigung des Outsourcing-Verhältnisses einhalten?";Bei der Beendigung eines Outsourcing-Verhältnisses MÜSSEN Regelungen getroffen werden, um sicherzustellen, dass alle Informationen, Daten und Hardware der Nutzenden vom Anbietenden von Outsourcing zurückgegeben werden Quelle: OPS.3.2 (S.1). Hierbei MÜSSEN gesetzliche Vorgaben zur Aufbewahrung von Daten beachtet werden Quelle: OPS.3.2 (S.2). Ferner SOLLTE überprüft werden, ob die Zugangs-, Zutritts- und Zugriffsrechte für die Anbietenden von Outsourcing mit der Beendigung des Outsourcing-Verhältnisses aufgehoben wurden Quelle: OPS.3.2 (S.3).;"1. Wie sollten die Verträge mit Anbietenden von Outsourcing gestaltet werden, um eine reibungslose Beendigung des Outsourcing-Verhältnisses zu gewährleisten?
2. Welche Rolle spielen ESCROW-Verträge bei der Beendigung eines Outsourcing-Verhältnisses, insbesondere im Zusammenhang mit softwarenahen Dienstleistungen?
3. Wie können Nutzende von Outsourcing sicherstellen, dass die Anbietenden von Outsourcing die notwendigen Maßnahmen zum Schutz der Informationssicherheit auch nach Beendigung des Outsourcing-Verhältnisses einhalten?";3;3;0.9821428571288265;1.0;1.0;0.9966064091015603;Wie sollten die Verträge mit Anbietenden von Outsourcing gestaltet werden, um eine reibungslose Beendigung des Outsourcing-Verhältnisses zu gewährleisten?;-1;-1;evaluation_failed;Welche Rolle spielen ESCROW-Verträge bei der Beendigung eines Outsourcing-Verhältnisses, insbesondere im Zusammenhang mit softwarenahen Dienstleistungen?;-1;-1;evaluation_failed;Wie können Nutzende von Outsourcing sicherstellen, dass die Anbietenden von Outsourcing die notwendigen Maßnahmen zum Schutz der Informationssicherheit auch nach Beendigung des Outsourcing-Verhältnisses einhalten?;-1;-1;evaluation_failed;;
Muss es eine zentrale Stelle für Outsourcing geben?;"Es sollte eine zentrale Stelle für das Auslagerungsmanagement geben, die durch eine zuständige Person verwaltet wird. Diese Person sollte ernannt und mit festgelegten Befugnissen ausgestattet werden, um als Schnittstelle zwischen den Nutzenden und Anbietenden von Outsourcing zu fungieren. Quelle: OPS.2.3.A10 Etablierung einer zuständigen Person für das Auslagerungsmanagement (S) [Personalabteilung].

Anschlussfragen:
1. Welche Rolle spielt die zuständige Person im Auslagerungsmanagement bei der Vertragsgestaltung?
2. Wie oft sollten Berichte über das Outsourcing erstellt und der Institutionsleitung übergeben werden?
3. Welche Ausbildung sollte die zuständige Person hinsichtlich Informationssicherheit erhalten?";Es sollte eine zentrale Stelle für das Auslagerungsmanagement geben, die durch eine zuständige Person verwaltet wird. Diese Person sollte ernannt und mit festgelegten Befugnissen ausgestattet werden, um als Schnittstelle zwischen den Nutzenden und Anbietenden von Outsourcing zu fungieren. Quelle: OPS.2.3.A10 Etablierung einer zuständigen Person für das Auslagerungsmanagement (S) [Personalabteilung].;"OPS.2.3.A10 Etablierung einer zuständigen Person für das Auslagerungsmanagement (S) [Personalabteilung]
Die verschiedenen Outsourcing-Vorhaben SOLLTEN durch eine zuständige Person für das Auslagerungsmanagement verwaltet werden. Die zuständige Person SOLLTE ernannt und die Befugnisse festgelegt und dokumentiert werden. Die zuständige Person SOLLTE als Schnittstelle in der Kommunikation zwischen den Nutzenden und Anbietenden von Outsourcing eingesetzt werden. Darüber hinaus SOLLTE die zuständige Person Berichte über das Outsourcing in regelmäßigen Abständen und anlassbezogen anfertigen und der Institutionsleitung übergeben. In der Vertragsgestaltung SOLLTE die zuständige Person einbezogen werden. Die zuständige Person SOLLTE ein angemessenes Kontingent von Arbeitstagen für die Aufgaben des Auslagerungsmanagements eingeräumt bekommen. Darüber hinaus SOLLTE die zuständige Person hinsichtlich Informationssicherheit geschult und sensibilisiert sein.";"Es sollte eine zentrale Stelle für das Auslagerungsmanagement geben, die als Schnittstelle in der Kommunikation zwischen den Nutzenden und Anbietenden von Outsourcing eingesetzt wird. Diese zentrale Stelle sollte die verschiedenen Outsourcing-Vorhaben verwalten, Berichte über das Outsourcing erstellen und der Institutionsleitung übergeben. Quelle: OPS.3.2 Anbieten von Outsourcing.

Anschlussfragen:
1. Wie sollte die zentrale Stelle für das Auslagerungsmanagement aufgebaut sein?
2. Welche Aufgaben sollte die zentrale Stelle für das Auslagerungsmanagement übernehmen?
3. Wie kann die zentrale Stelle für das Auslagerungsmanagement die Kommunikation zwischen den Nutzenden und Anbietenden von Outsourcing verbessern?";Es sollte eine zentrale Stelle für das Auslagerungsmanagement geben, die als Schnittstelle in der Kommunikation zwischen den Nutzenden und Anbietenden von Outsourcing eingesetzt wird. Diese zentrale Stelle sollte die verschiedenen Outsourcing-Vorhaben verwalten, Berichte über das Outsourcing erstellen und der Institutionsleitung übergeben. Quelle: OPS.3.2 Anbieten von Outsourcing.;"1. Wie sollte die zentrale Stelle für das Auslagerungsmanagement aufgebaut sein?
2. Welche Aufgaben sollte die zentrale Stelle für das Auslagerungsmanagement übernehmen?
3. Wie kann die zentrale Stelle für das Auslagerungsmanagement die Kommunikation zwischen den Nutzenden und Anbietenden von Outsourcing verbessern?";3;3;0.9999999999875;1.0;0.8;0.3427974861239001;Wie sollte die zentrale Stelle für das Auslagerungsmanagement aufgebaut sein?;-1;-1;evaluation_failed;Welche Aufgaben sollte die zentrale Stelle für das Auslagerungsmanagement übernehmen?;-1;-1;evaluation_failed;Wie kann die zentrale Stelle für das Auslagerungsmanagement die Kommunikation zwischen den Nutzenden und Anbietenden von Outsourcing verbessern?;-1;-1;evaluation_failed;;
Wie ist Outsourcing im Notfallmanagement zu berücksichtigen?;"Im Notfallmanagement sollte Outsourcing wie folgt berücksichtigt werden: Ein Notfallkonzept SOLLTE etabliert sein, das auf einer Business-Impact-Analyse basiert und die Abhängigkeiten der ausgelagerten Prozesse mit den intern verbliebenen Prozessen berücksichtigt. Das Notfallkonzept SOLLTE den Anbietenden von Outsourcing in seiner Notfallvorsorge und -bewältigung berücksichtigen und mit diesem abgestimmt sein Quelle: OPS.2.3.A20 (S). 

Anschlussfragen:
1. Wie sollten die Schnittstellen zu Anbietenden von Outsourcing im Notfallkonzept definiert werden?
2. Welche Rolle spielen gemeinsame Not- und Krisenfallpläne bei der Zusammenarbeit mit Anbietenden von Outsourcing?
3. Wie können standardisierte Protokolle und Berichte zur Meldung von Sicherheitsvorfällen im Rahmen des Outsourcings etabliert werden?";Im Notfallmanagement sollte Outsourcing wie folgt berücksichtigt werden: Ein Notfallkonzept SOLLTE etabliert sein, das auf einer Business-Impact-Analyse basiert und die Abhängigkeiten der ausgelagerten Prozesse mit den intern verbliebenen Prozessen berücksichtigt. Das Notfallkonzept SOLLTE den Anbietenden von Outsourcing in seiner Notfallvorsorge und -bewältigung berücksichtigen und mit diesem abgestimmt sein Quelle: OPS.2.3.A20 (S).;"OPS.2.3.A20 Etablierung sowie Einbeziehung von Anbietenden von Outsourcing im Notfallkonzept (S) [Notfallbeauftragte]
Ein Notfallkonzept SOLLTE in der Institution etabliert sein. Dies SOLLTE auf der Basis einer Business- Impact-Analyse basieren und die Abhängigkeiten der ausgelagerten Prozesse mit den intern verbliebenen Prozessen berücksichtigen. Das Notfallkonzept SOLLTE den Anbietenden von Outsourcing in seiner Notfallvorsorge und -bewältigung berücksichtigen und mit diesem abgestimmt sein. Dabei SOLLTEN die Schnittstellen zu Anbietenden von Outsourcing mit Verantwortlichen benannt und besetzt werden, um einen Informationsaustausch sowie eine effektive Kollaboration in einer Not- oder Krisensituation zu ermöglichen. Gemeinsame Not- und Krisenfallpläne SOLLTEN für eine Störung oder einen Ausfall der Anbietenden von Outsourcing erstellt werden. Standardisierte Protokolle und Berichte SOLLTEN zur Meldung von Sicherheitsvorfällen etabliert werden.";"Das Outsourcing im Notfallmanagement ist ein wichtiger Aspekt, der berücksichtigt werden muss. Ein Notfallkonzept sollte in der Institution etabliert sein und auf der Basis einer Business-Impact-Analyse basieren, um die Abhängigkeiten der ausgelagerten Prozesse mit den intern verbliebenen Prozessen zu berücksichtigen. Das Notfallkonzept sollte den Anbietenden von Outsourcing in seiner Notfallvorsorge und -bewältigung berücksichtigen und mit diesem abgestimmt sein. Quelle: Notfallmanagement (S.1-5).

Es ist wichtig, dass die Schnittstellen zu Anbietenden von Outsourcing mit Verantwortlichen benannt und besetzt werden, um einen Informationsaustausch sowie eine effektive Kollaboration in einer Not- oder Krisensituation zu ermöglichen. Gemeinsame Not- und Krisenfallpläne sollten für eine Störung oder einen Ausfall der Anbietenden von Outsourcing erstellt werden. Quelle: Notfallmanagement (S.2-3).

Anschlussfragen:
1. Wie kann ein effektives Notfallmanagement bei Outsourcing umgesetzt werden?
2. Welche Rolle spielen die Anbietenden von Outsourcing im Notfallmanagement?
3. Wie können die Schnittstellen zwischen der Institution und den Anbietenden von Outsourcing in einem Notfall effektiv gestaltet werden?";"Das Outsourcing im Notfallmanagement ist ein wichtiger Aspekt, der berücksichtigt werden muss. Ein Notfallkonzept sollte in der Institution etabliert sein und auf der Basis einer Business-Impact-Analyse basieren, um die Abhängigkeiten der ausgelagerten Prozesse mit den intern verbliebenen Prozessen zu berücksichtigen. Das Notfallkonzept sollte den Anbietenden von Outsourcing in seiner Notfallvorsorge und -bewältigung berücksichtigen und mit diesem abgestimmt sein. Quelle: Notfallmanagement (S.1-5).

Es ist wichtig, dass die Schnittstellen zu Anbietenden von Outsourcing mit Verantwortlichen benannt und besetzt werden, um einen Informationsaustausch sowie eine effektive Kollaboration in einer Not- oder Krisensituation zu ermöglichen. Gemeinsame Not- und Krisenfallpläne sollten für eine Störung oder einen Ausfall der Anbietenden von Outsourcing erstellt werden. Quelle: Notfallmanagement (S.2-3).";"1. Wie kann ein effektives Notfallmanagement bei Outsourcing umgesetzt werden?
2. Welche Rolle spielen die Anbietenden von Outsourcing im Notfallmanagement?
3. Wie können die Schnittstellen zwischen der Institution und den Anbietenden von Outsourcing in einem Notfall effektiv gestaltet werden?";3;3;0.9999999999875;1.0;1.0;0.7316102900226912;Wie kann ein effektives Notfallmanagement bei Outsourcing umgesetzt werden?;-1;-1;evaluation_failed;Welche Rolle spielen die Anbietenden von Outsourcing im Notfallmanagement?;-1;-1;evaluation_failed;Wie können die Schnittstellen zwischen der Institution und den Anbietenden von Outsourcing in einem Notfall effektiv gestaltet werden?;-1;-1;evaluation_failed;;
Welche Risiken entstehen durch eine unzureichende Outsourcing-Strategie?;"Eine unzureichende Strategie für das Outsourcing führt dazu, dass die Informationssicherheit nicht angemessen berücksichtigt wird Quelle: 2.1. Unzureichende Strategie für das Outsourcing. Dies kann dazu führen, dass Prozesse beeinträchtigt oder ausfallen und Informationen an unbefugte Dritte abfließen Quelle: 2.1. Unzureichende Strategie für das Outsourcing.

Anschlussfragen:
1. Wie kann eine angemessene Strategie für das Outsourcing entwickelt werden, um die Informationssicherheit zu gewährleisten?
2. Welche Rolle spielen Anbieter von Outsourcing-Leistungen bei der Umsetzung von Informationssicherheitsmaßnahmen?
3. Wie können die Risiken, die durch unzureichende Outsourcing-Strategien entstehen, identifiziert und minimiert werden?";Eine unzureichende Strategie für das Outsourcing führt dazu, dass die Informationssicherheit nicht angemessen berücksichtigt wird Quelle: 2.1. Unzureichende Strategie für das Outsourcing. Dies kann dazu führen, dass Prozesse beeinträchtigt oder ausfallen und Informationen an unbefugte Dritte abfließen Quelle: 2.1. Unzureichende Strategie für das Outsourcing.;"2.1. Unzureichende Strategie für das Outsourcing
Eine unzureichende Strategie führt dazu, dass die Informationssicherheit in Outsourcing-Vorhaben nicht angemessen berücksichtigt wird. Hierdurch wird die Informationssicherheit nicht angemessen in den einzelnen Phasen des Outsourcing-Lebenszyklus beachtet und somit kein ausreichendes Niveau der Informationssicherheit in der eigenen Institution sowie bei Anbietenden von Outsourcing angestrebt und umgesetzt. Dadurch können Prozesse beeinträchtigt, ausfallen und Informationen an unbefugte Dritte abfließen.";"Durch eine unzureichende Outsourcing-Strategie entstehen verschiedene Risiken, wie z. B. ein unzureichendes Niveau der Informationssicherheit, Abhängigkeit von Anbietenden von Outsourcing, unzulängliche vertragliche Regelungen, unzureichendes Auslagerungsmanagement, unzureichende Mandantenfähigkeit, Kontroll- und Steuerverlust durch Weiterverlagerungen sowie unzulängliche Regelungen für eine geplante oder ungeplante Beendigung eines Outsourcing-Verhältnisses Quelle: OPS.2.3 Nutzung von Outsourcing. 

Diese Risiken können zu Prozessbeeinträchtigungen, Ausfällen und Datenverlusten führen Quelle: OPS.2.3 Nutzung von Outsourcing. 

Es ist wichtig, eine Strategie für Outsourcing-Vorhaben zu erstellen und umzusetzen, um diese Risiken zu minimieren Quelle: OPS.2.3 Nutzung von Outsourcing.

Anschlussfragen:
1. Wie kann eine Institution ihre Abhängigkeit von Anbietenden von Outsourcing reduzieren?
2. Welche Rolle spielt das Auslagerungsmanagement bei der Minimierung von Risiken im Outsourcing?
3. Wie können unzulängliche vertragliche Regelungen im Outsourcing-Prozess behoben werden?";"Durch eine unzureichende Outsourcing-Strategie entstehen verschiedene Risiken, wie z. B. ein unzureichendes Niveau der Informationssicherheit, Abhängigkeit von Anbietenden von Outsourcing, unzulängliche vertragliche Regelungen, unzureichendes Auslagerungsmanagement, unzureichende Mandantenfähigkeit, Kontroll- und Steuerverlust durch Weiterverlagerungen sowie unzulängliche Regelungen für eine geplante oder ungeplante Beendigung eines Outsourcing-Verhältnisses Quelle: OPS.2.3 Nutzung von Outsourcing. 

Diese Risiken können zu Prozessbeeinträchtigungen, Ausfällen und Datenverlusten führen Quelle: OPS.2.3 Nutzung von Outsourcing. 

Es ist wichtig, eine Strategie für Outsourcing-Vorhaben zu erstellen und umzusetzen, um diese Risiken zu minimieren Quelle: OPS.2.3 Nutzung von Outsourcing.";"1. Wie kann eine Institution ihre Abhängigkeit von Anbietenden von Outsourcing reduzieren?
2. Welche Rolle spielt das Auslagerungsmanagement bei der Minimierung von Risiken im Outsourcing?
3. Wie können unzulängliche vertragliche Regelungen im Outsourcing-Prozess behoben werden?";3;3;0.9999999999875;1.0;0.9090909090909091;0.592002529364629;Wie kann eine Institution ihre Abhängigkeit von Anbietenden von Outsourcing reduzieren?;-1;-1;evaluation_failed;Welche Rolle spielt das Auslagerungsmanagement bei der Minimierung von Risiken im Outsourcing?;-1;-1;evaluation_failed;Wie können unzulängliche vertragliche Regelungen im Outsourcing-Prozess behoben werden?;-1;-1;evaluation_failed;;
Warum ist Abhängigkeit von Outsourcing-Anbietenden kritisch?;"Die Abhängigkeit von Anbietenden von Outsourcing ist kritisch, da sie zu einem Verlust von Wissen und Kontrolle über die ausgelagerten Prozesse führen kann. Wenn eine Institution sich für Outsourcing entscheidet, macht sie sich von Anbietenden abhängig, was dazu führen kann, dass die ausgelagerten Prozesse nicht mehr vollständig kontrolliert werden können. Außerdem kann der Schutzbedarf der ausgelagerten Geschäftsprozesse und Informationen unterschiedlich eingeschätzt werden, was zu ungeeigneten Sicherheitsmaßnahmen führen kann. Quelle: OPS.2.3 Nutzung von Outsourcing (2.3).

Anschlussfragen:
1. Wie kann die Abhängigkeit von Anbietenden von Outsourcing minimiert werden?
2. Welche Rolle spielt die Risikoanalyse bei der Nutzung von Outsourcing?
3. Wie unterscheidet sich die Behandlung von Sicherheitsdiensten und Reinigungskräften von der Behandlung von Outsourcing-Anbietenden?";Die Abhängigkeit von Anbietenden von Outsourcing ist kritisch, da sie zu einem Verlust von Wissen und Kontrolle über die ausgelagerten Prozesse führen kann. Wenn eine Institution sich für Outsourcing entscheidet, macht sie sich von Anbietenden abhängig, was dazu führen kann, dass die ausgelagerten Prozesse nicht mehr vollständig kontrolliert werden können. Außerdem kann der Schutzbedarf der ausgelagerten Geschäftsprozesse und Informationen unterschiedlich eingeschätzt werden, was zu ungeeigneten Sicherheitsmaßnahmen führen kann. Quelle: OPS.2.3 Nutzung von Outsourcing (2.3).;"OPS.2.3 Nutzung von Outsourcing
2.3. Abhängigkeit von Anbietenden von Outsourcing
Entscheidet sich eine Institution für Outsourcing, macht sie sich damit auch von Anbietenden von Outsourcing abhängig. Mit dieser Abhängigkeit kann Wissen verloren gehen und die ausgelagerten Prozesse können nicht mehr vollständig kontrolliert werden. Außerdem könnte der Schutzbedarf der ausgelagerten Geschäftsprozesse und Informationen unterschiedlich eingeschätzt werden. Dies kann dazu führen, dass für den Schutzbedarf entsprechend ungeeignete Sicherheitsmaßnahmen umgesetzt werden. Häufig lagern Institutionen gesamte Geschäftsprozesse an Anbietende von Outsourcing aus. Die Anbietenden von Outsourcing können dadurch die Geschäftsprozesse mit schutzbedürftigen Informationen, Ressourcen und IT-Systemen vollständig kontrollieren. Gleichzeitig nimmt das Wissen über diese Bereiche bei Nutzenden von Outsourcing ab. Als Folge ist es möglich, dass die Nutzenden von Outsourcing Defizite der Informationssicherheit nicht mehr bemerken. Diese Situation könnte von Anbietenden von Outsourcing ausgenutzt werden, z. B. indem sie drastisch die Preise erhöhen oder die Qualität der Dienstleistungen abnimmt.";"Die Abhängigkeit von Anbietenden von Outsourcing ist kritisch, da sie zu einem Verlust von Kontrolle und Steuerung über die ausgelagerten Prozesse führen kann. Dies kann dazu führen, dass die Informationssicherheit nicht mehr angemessen gewährleistet ist und die Nutzenden von Outsourcing einem erhöhten Risiko ausgesetzt sind. Quelle: OPS.3.2 Anbieten von Outsourcing (S.391).

Die Abhängigkeit kann auch dazu führen, dass die Anbietenden von Outsourcing ihre Positionen ausnutzen, um Forderungen durchzusetzen oder Vorgaben der Vereinbarung zu missachten. Quelle: OPS.3.2 Anbieten von Outsourcing (S.392).

Es ist wichtig, dass die Nutzenden von Outsourcing ihre Abhängigkeit von Anbietenden von Outsourcing sorgfältig prüfen und geeignete Maßnahmen ergreifen, um die Informationssicherheit zu gewährleisten. Quelle: OPS.2.3 Nutzung von Outsourcing (S.341).

Anschlussfragen:
1. Wie können Nutzende von Outsourcing ihre Abhängigkeit von Anbietenden von Outsourcing minimieren?
2. Welche Rolle spielen vertragliche Regelungen bei der Sicherstellung der Informationssicherheit im Outsourcing?
3. Wie können Anbietende von Outsourcing ihre Verantwortung für die Informationssicherheit wahrnehmen?";"Die Abhängigkeit von Anbietenden von Outsourcing ist kritisch, da sie zu einem Verlust von Kontrolle und Steuerung über die ausgelagerten Prozesse führen kann. Dies kann dazu führen, dass die Informationssicherheit nicht mehr angemessen gewährleistet ist und die Nutzenden von Outsourcing einem erhöhten Risiko ausgesetzt sind. Quelle: OPS.3.2 Anbieten von Outsourcing (S.391).

Die Abhängigkeit kann auch dazu führen, dass die Anbietenden von Outsourcing ihre Positionen ausnutzen, um Forderungen durchzusetzen oder Vorgaben der Vereinbarung zu missachten. Quelle: OPS.3.2 Anbieten von Outsourcing (S.392).

Es ist wichtig, dass die Nutzenden von Outsourcing ihre Abhängigkeit von Anbietenden von Outsourcing sorgfältig prüfen und geeignete Maßnahmen ergreifen, um die Informationssicherheit zu gewährleisten. Quelle: OPS.2.3 Nutzung von Outsourcing (S.341).";"1. Wie können Nutzende von Outsourcing ihre Abhängigkeit von Anbietenden von Outsourcing minimieren?
2. Welche Rolle spielen vertragliche Regelungen bei der Sicherstellung der Informationssicherheit im Outsourcing?
3. Wie können Anbietende von Outsourcing ihre Verantwortung für die Informationssicherheit wahrnehmen?";3;3;0.9999999999875;1.0;1.0;0.4444453497915023;Wie können Nutzende von Outsourcing ihre Abhängigkeit von Anbietenden von Outsourcing minimieren?;-1;-1;evaluation_failed;Welche Rolle spielen vertragliche Regelungen bei der Sicherstellung der Informationssicherheit im Outsourcing?;-1;-1;evaluation_failed;Wie können Anbietende von Outsourcing ihre Verantwortung für die Informationssicherheit wahrnehmen?;-1;-1;evaluation_failed;;
Welche Risiken entstehen durch unzulängliche vertragliche Regelungen beim Outsourcing?;"Unzulängliche vertragliche Regelungen mit Anbietenden von Outsourcing können zu Schwachstellen in der Informationssicherheit führen Quelle: 2.6. Unzulängliche vertragliche Regelungen mit Anbietenden von Outsourcing. Diese Schwachstellen können vielfältige und schwerwiegende Sicherheitsprobleme verursachen, wie zum Beispiel das Nichtumsetzen von Sicherheitsmaßnahmen aufgrund ungenügender oder missverständlicher Beschreibung von Aufgaben, Leistungsparametern oder Aufwänden Quelle: 2.6. Unzulängliche vertragliche Regelungen mit Anbietenden von Outsourcing. Dies kann zu negativen Auswirkungen führen, wie dem Nichteinhalten von regulatorischen Anforderungen und Pflichten oder dem Missachten von Auskunftspflichten und Gesetzen Quelle: 2.6. Unzulängliche vertragliche Regelungen mit Anbietenden von Outsourcing.

Anschlussfragen:
1. Wie können unzulängliche vertragliche Regelungen den gesamten Outsourcing-Lebenszyklus beeinflussen?
2. Welche Rolle spielen Aufgaben, Leistungsparameter und Aufwände bei der Verhinderung von Sicherheitsproblemen im Outsourcing?
3. Wie kann die Berücksichtigung des Aspekts der Informationssicherheit bei der Vertragsgestaltung dazu beitragen, Prozesse und Daten der Nutzenden von Outsourcing abzusichern?";Unzulängliche vertragliche Regelungen mit Anbietenden von Outsourcing können zu Schwachstellen in der Informationssicherheit führen Quelle: 2.6. Unzulängliche vertragliche Regelungen mit Anbietenden von Outsourcing. Diese Schwachstellen können vielfältige und schwerwiegende Sicherheitsprobleme verursachen, wie zum Beispiel das Nichtumsetzen von Sicherheitsmaßnahmen aufgrund ungenügender oder missverständlicher Beschreibung von Aufgaben, Leistungsparametern oder Aufwänden Quelle: 2.6. Unzulängliche vertragliche Regelungen mit Anbietenden von Outsourcing. Dies kann zu negativen Auswirkungen führen, wie dem Nichteinhalten von regulatorischen Anforderungen und Pflichten oder dem Missachten von Auskunftspflichten und Gesetzen Quelle: 2.6. Unzulängliche vertragliche Regelungen mit Anbietenden von Outsourcing.;"2.6. Unzulängliche vertragliche Regelungen mit Anbietenden von Outsourcing
Unzulängliche vertragliche Regelungen mit den Anbietenden von Outsourcing können zu Schwachstellen in der Informationssicherheit entlang des gesamten Outsourcing-Lebenszyklus führen. Die vertraglichen Regelungen definieren den gesamten Outsourcing-Prozess und stellen den Ausgangspunkt für Ansprüche der Nutzenden gegenüber den Anbietenden von Outsourcing dar. Aufgrund von unzulänglichen vertraglichen Regelungen mit den Anbietenden von Outsourcing können vielfältige und auch schwerwiegende Sicherheitsprobleme auftreten. Wenn Aufgaben, Leistungsparameter oder Aufwände ungenügend oder missverständlich beschrieben wurden, können möglicherweise aus Unkenntnis oder wegen fehlender Ressourcen Sicherheitsmaßnahmen nicht umgesetzt werden. Dies kann viele negative Auswirkungen nach sich ziehen, etwa, wenn regulatorische Anforderungen und Pflichten nicht erfüllt oder Auskunftspflichten und Gesetze nicht eingehalten werden. Wird bei der Vertragsgestaltung der Aspekt der  Informationssicherheit nicht berücksichtigt, so können Prozesse und Daten der Nutzenden von Outsourcing unzureichend abgesichert werden.";"Unzulängliche vertragliche Regelungen mit Anbietenden von Outsourcing können zu Schwachstellen in der Informationssicherheit entlang des gesamten Outsourcing-Lebenszyklus führen Quelle: Unzulängliche vertragliche Regelungen mit Anbietenden von Outsourcing (S. 12). Die vertraglichen Regelungen definieren den gesamten Outsourcing-Prozess und stellen den Ausgangspunkt für Ansprüche der Nutzenden gegenüber den Anbietenden von Outsourcing dar Quelle: Unzulängliche vertragliche Regelungen mit Anbietenden von Outsourcing (S. 12). Aufgrund von unzulänglichen vertraglichen Regelungen mit den Anbietenden von Outsourcing können vielfältige und auch schwerwiegende Sicherheitsprobleme auftreten Quelle: Unzulängliche vertragliche Regelungen mit Anbietenden von Outsourcing (S. 12). 

Anschlussfragen:
1. Welche Rolle spielen vertragliche Regelungen bei der Sicherstellung der Informationssicherheit im Outsourcing-Prozess?
2. Wie können unzulängliche vertragliche Regelungen die Informationssicherheit im Outsourcing beeinträchtigen?
3. Welche Konsequenzen können sich aus unzulänglichen vertraglichen Regelungen für die Nutzenden von Outsourcing ergeben?";Unzulängliche vertragliche Regelungen mit Anbietenden von Outsourcing können zu Schwachstellen in der Informationssicherheit entlang des gesamten Outsourcing-Lebenszyklus führen Quelle: Unzulängliche vertragliche Regelungen mit Anbietenden von Outsourcing (S. 12). Die vertraglichen Regelungen definieren den gesamten Outsourcing-Prozess und stellen den Ausgangspunkt für Ansprüche der Nutzenden gegenüber den Anbietenden von Outsourcing dar Quelle: Unzulängliche vertragliche Regelungen mit Anbietenden von Outsourcing (S. 12). Aufgrund von unzulänglichen vertraglichen Regelungen mit den Anbietenden von Outsourcing können vielfältige und auch schwerwiegende Sicherheitsprobleme auftreten Quelle: Unzulängliche vertragliche Regelungen mit Anbietenden von Outsourcing (S. 12).;"1. Welche Rolle spielen vertragliche Regelungen bei der Sicherstellung der Informationssicherheit im Outsourcing-Prozess?
2. Wie können unzulängliche vertragliche Regelungen die Informationssicherheit im Outsourcing beeinträchtigen?
3. Welche Konsequenzen können sich aus unzulänglichen vertraglichen Regelungen für die Nutzenden von Outsourcing ergeben?";3;3;0.9999999999875;1.0;1.0;0.5056851847962084;Welche Rolle spielen vertragliche Regelungen bei der Sicherstellung der Informationssicherheit im Outsourcing-Prozess?;-1;-1;evaluation_failed;Wie können unzulängliche vertragliche Regelungen die Informationssicherheit im Outsourcing beeinträchtigen?;-1;-1;evaluation_failed;Welche Konsequenzen können sich aus unzulänglichen vertraglichen Regelungen für die Nutzenden von Outsourcing ergeben?;-1;-1;evaluation_failed;;
Welche Risiken bestehen für die Reputation einer Organisation durch einen erfolgreichen Webserver-Angriff?;"Ein erfolgreicher Webserver-Angriff kann zu einem Reputationsverlust für die Organisation führen, da ein Angreifer mit administrativen Rechten auf den Webserver zugreifen und manipulierte Webseiten ausliefern kann (Defacement) Quelle: APP.3.2 Webserver (2.1). Dies kann die Reputation der Institution schädigen. Darüber hinaus kann die Veröffentlichung falscher Informationen oder die Verletzung gesetzlicher Vorschriften zu Abmahnungen führen und die Reputation weiter schädigen Quelle: APP.3.2 Webserver (2.1). Auch die Nichtverfügbarkeit der Webseite kann zu einem Reputationsverlust führen, wenn potenzielle Kunden zu Mitbewerbern wechseln Quelle: APP.3.2 Webserver (2.1).

Anschlussfragen:
1. Wie können Webserver vor Angriffen geschützt werden, um einen Reputationsverlust zu vermeiden?
2. Welche Rolle spielen Firewalls und Netzarchitektur bei der Absicherung von Webservern?
3. Wie können kryptografische Schlüssel sicher verwaltet werden, um die Verbindungen zu Webservern zu verschlüsseln?";Ein erfolgreicher Webserver-Angriff kann zu einem Reputationsverlust für die Organisation führen, da ein Angreifer mit administrativen Rechten auf den Webserver zugreifen und manipulierte Webseiten ausliefern kann (Defacement) Quelle: APP.3.2 Webserver (2.1). Dies kann die Reputation der Institution schädigen. Darüber hinaus kann die Veröffentlichung falscher Informationen oder die Verletzung gesetzlicher Vorschriften zu Abmahnungen führen und die Reputation weiter schädigen Quelle: APP.3.2 Webserver (2.1). Auch die Nichtverfügbarkeit der Webseite kann zu einem Reputationsverlust führen, wenn potenzielle Kunden zu Mitbewerbern wechseln Quelle: APP.3.2 Webserver (2.1).;"APP.3.2 Webserver 2.1. Reputationsverlust
Gelingt es bei einem Angriff mit administrativen Rechten auf einen Webserver zuzugreifen, kann darüber eine manipulierte Webseite ausgeliefert werden (Defacement). So kann die Reputation der Institution geschädigt werden. Ebenso kann die Veröffentlichung falscher Informationen, wie zum Beispiel fehlerhafter Produktbeschreibungen, dazu führen, dass die Reputation der Institution in der Öffentlichkeit leidet. Auch kann die Institution abgemahnt werden, wenn auf ihrer Webseite Inhalte veröffentlicht werden, die gegen gesetzliche Vorschriften verstoßen. Ein Schaden kann auch entstehen, wenn die Webseite nicht verfügbar ist und potenzielle Kunden und Kundinnen deshalb zu Mitbewerbern wechseln.";"Ein erfolgreicher Webserver-Angriff kann zu einem Verlust der Reputation einer Organisation führen. Wenn Angreifende administrative Rechte auf einen Webserver erlangen, können sie manipulierte Webseiten ausliefern (Defacement), falsche Informationen veröffentlichen oder die Institution abmahnen lassen, wenn auf ihrer Webseite Inhalte veröffentlicht werden, die gegen gesetzliche Vorschriften verstoßen. Quelle: Webserver (Kapitel über Webserver-Angriffe).

Ein weiterer Risikofaktor ist die Manipulation des Webservers, bei der unberechtigte Personen Zugriff auf den Webserver erlangen und dessen Dateien manipulieren können. Quelle: Webserver (Abschnitt über Manipulation des Webservers).

Darüber hinaus kann ein Denial-of-Service-(DoS)-Angriff die Verfügbarkeit eines Webangebotes beeinträchtigen, indem beispielsweise einzelne Accounts durch fehlerhafte Anmeldungen gesperrt werden. Quelle: Webserver (Kapitel über Denial-of-Service-Angriffe).

Anschlussfragen:
1. Welche Rolle spielt die Authentisierung bei der Verhinderung von Webserver-Angriffen?
2. Wie können Institutionen ihre Webserver vor Denial-of-Service-Angriffen schützen?
3. Welche Auswirkungen kann ein erfolgreicher Webserver-Angriff auf die Geschäftsprozesse einer Institution haben?";"Ein erfolgreicher Webserver-Angriff kann zu einem Verlust der Reputation einer Organisation führen. Wenn Angreifende administrative Rechte auf einen Webserver erlangen, können sie manipulierte Webseiten ausliefern (Defacement), falsche Informationen veröffentlichen oder die Institution abmahnen lassen, wenn auf ihrer Webseite Inhalte veröffentlicht werden, die gegen gesetzliche Vorschriften verstoßen. Quelle: Webserver (Kapitel über Webserver-Angriffe).

Ein weiterer Risikofaktor ist die Manipulation des Webservers, bei der unberechtigte Personen Zugriff auf den Webserver erlangen und dessen Dateien manipulieren können. Quelle: Webserver (Abschnitt über Manipulation des Webservers).

Darüber hinaus kann ein Denial-of-Service-(DoS)-Angriff die Verfügbarkeit eines Webangebotes beeinträchtigen, indem beispielsweise einzelne Accounts durch fehlerhafte Anmeldungen gesperrt werden. Quelle: Webserver (Kapitel über Denial-of-Service-Angriffe).";"1. Welche Rolle spielt die Authentisierung bei der Verhinderung von Webserver-Angriffen?
2. Wie können Institutionen ihre Webserver vor Denial-of-Service-Angriffen schützen?
3. Welche Auswirkungen kann ein erfolgreicher Webserver-Angriff auf die Geschäftsprozesse einer Institution haben?";3;3;0.64999999998375;1.0;1.0;0.7123502347618765;Welche Rolle spielt die Authentisierung bei der Verhinderung von Webserver-Angriffen?;-1;-1;evaluation_failed;Wie können Institutionen ihre Webserver vor Denial-of-Service-Angriffen schützen?;-1;-1;evaluation_failed;Welche Auswirkungen kann ein erfolgreicher Webserver-Angriff auf die Geschäftsprozesse einer Institution haben?;-1;-1;evaluation_failed;;
Wie kann ein Angriff auf einen Webserver zur Manipulation von Inhalten führen?;"Ein Angriff auf einen Webserver kann zur Manipulation von Inhalten führen, indem unberechtigte Personen Zugriff auf den Server erhalten und dessen Dateien manipulieren. Dies kann beispielsweise durch Änderung der Konfiguration der Webserver-Software, Verbreitung von Schadsoftware oder Modifizierung von Webinhalten geschehen Quelle: 2.2. Manipulation des Webservers.

Anschlussfragen:
1. Welche Arten von Schadsoftware können durch einen manipulierten Webserver verbreitet werden?
2. Wie können Webinhalte modifiziert werden, um Benutzer zu täuschen oder zu schädigen?
3. Welche Sicherheitsmaßnahmen können ergriffen werden, um einen Angriff auf einen Webserver und die daraus resultierende Manipulation von Inhalten zu verhindern?";Ein Angriff auf einen Webserver kann zur Manipulation von Inhalten führen, indem unberechtigte Personen Zugriff auf den Server erhalten und dessen Dateien manipulieren. Dies kann beispielsweise durch Änderung der Konfiguration der Webserver-Software, Verbreitung von Schadsoftware oder Modifizierung von Webinhalten geschehen Quelle: 2.2. Manipulation des Webservers.;"2.2. Manipulation des Webservers
Bei einem Angriff könnten sich unberechtigte Personen Zugriff auf einen Webserver verschaffen und dessen Dateien manipulieren. Es könnte beispielsweise die Konfiguration der Webserver-Software geändert werden, Schadsoftware verbreitet oder Webinhalte modifiziert werden.";"Ein Angriff auf einen Webserver kann zur Manipulation von Inhalten führen, indem Angreifende unberechtigten Zugriff auf den Webserver erlangen und dessen Dateien manipulieren. Quelle: Manipulation des Webservers (Kapitel Webserver). 
Durch solche Angriffe können beispielsweise die Konfiguration der Webserver-Software geändert, Schadsoftware verbreitet oder Webinhalte modifiziert werden. Quelle: Manipulation des Webservers (Kapitel Webserver). 
Ein solcher Angriff kann zu einem Verlust der Vertraulichkeit, Integrität oder Verfügbarkeit von Informationen oder Diensten führen. Quelle: Manipulation (Kapitel Allgemein). 

Anschlussfragen:
1. Wie können Webserver vor Angriffen geschützt werden, um die Integrität und Verfügbarkeit der Daten zu gewährleisten?
2. Welche Rolle spielt die Authentisierung und Autorisierung bei der Verhinderung von unberechtigtem Zugriff auf Webserver?
3. Wie können Institutionen auf Angriffe auf ihre Webserver reagieren, um die Auswirkungen zu minimieren und die Sicherheit wiederherzustellen?";"Ein Angriff auf einen Webserver kann zur Manipulation von Inhalten führen, indem Angreifende unberechtigten Zugriff auf den Webserver erlangen und dessen Dateien manipulieren. Quelle: Manipulation des Webservers (Kapitel Webserver). 
Durch solche Angriffe können beispielsweise die Konfiguration der Webserver-Software geändert, Schadsoftware verbreitet oder Webinhalte modifiziert werden. Quelle: Manipulation des Webservers (Kapitel Webserver). 
Ein solcher Angriff kann zu einem Verlust der Vertraulichkeit, Integrität oder Verfügbarkeit von Informationen oder Diensten führen. Quelle: Manipulation (Kapitel Allgemein).";"1. Wie können Webserver vor Angriffen geschützt werden, um die Integrität und Verfügbarkeit der Daten zu gewährleisten?
2. Welche Rolle spielt die Authentisierung und Autorisierung bei der Verhinderung von unberechtigtem Zugriff auf Webserver?
3. Wie können Institutionen auf Angriffe auf ihre Webserver reagieren, um die Auswirkungen zu minimieren und die Sicherheit wiederherzustellen?";3;3;0.826020408151465;1.0;1.0;0.7866221495694337;Wie können Webserver vor Angriffen geschützt werden, um die Integrität und Verfügbarkeit der Daten zu gewährleisten?;-1;-1;evaluation_failed;Welche Rolle spielt die Authentisierung und Autorisierung bei der Verhinderung von unberechtigtem Zugriff auf Webserver?;-1;-1;evaluation_failed;Wie können Institutionen auf Angriffe auf ihre Webserver reagieren, um die Auswirkungen zu minimieren und die Sicherheit wiederherzustellen?;-1;-1;evaluation_failed;;
Welche Auswirkungen haben Denial-of-Service (DoS)-Angriffe auf einen Webserver?;"Denial-of-Service (DoS)-Angriffe auf einen Webserver können die Verfügbarkeit eines Webangebotes gezielt beeinträchtigen, indem beispielsweise einzelne Accounts durch fehlerhafte Anmeldungen gesperrt werden Quelle: APP.3.2 Webserver 2.3. Denial of Service (DoS). Durch DDoS (Distributed Denial of Service)-Angriffe kann ein Webserver teilweise oder auch ganz ausfallen, wodurch das Webangebot für Clients nur noch sehr langsam oder gar nicht mehr verfügbar ist Quelle: APP.3.2 Webserver 2.3. Denial of Service (DoS). Für viele Institutionen kann ein solcher Ausfall schnell geschäftskritisch werden, z. B. für Online-Shops.

Anschlussfragen:
1. Wie können Webserver vor DDoS-Angriffen geschützt werden?
2. Welche Auswirkungen haben DoS-Angriffe auf die Verfügbarkeit von Webinhalten?
3. Wie können Institutionen die Auswirkungen von DoS-Angriffen auf ihre Webserver minimieren?";Denial-of-Service (DoS)-Angriffe auf einen Webserver können die Verfügbarkeit eines Webangebotes gezielt beeinträchtigen, indem beispielsweise einzelne Accounts durch fehlerhafte Anmeldungen gesperrt werden Quelle: APP.3.2 Webserver 2.3. Denial of Service (DoS). Durch DDoS (Distributed Denial of Service)-Angriffe kann ein Webserver teilweise oder auch ganz ausfallen, wodurch das Webangebot für Clients nur noch sehr langsam oder gar nicht mehr verfügbar ist Quelle: APP.3.2 Webserver 2.3. Denial of Service (DoS). Für viele Institutionen kann ein solcher Ausfall schnell geschäftskritisch werden, z. B. für Online-Shops.;"APP.3.2 Webserver 2.3. Denial of Service (DoS)
Durch DoS-Angriffe lässt sich die Verfügbarkeit eines Webangebotes gezielt beeinträchtigen, indem beispielsweise einzelne Accounts durch fehlerhafte Anmeldungen gesperrt werden. Durch DDoS (Distributed Denial of Service)-Angriffe kann ein Webserver teilweise oder auch ganz ausfallen. Für Clients ist das Webangebot dann nur noch sehr langsam oder gar nicht mehr verfügbar. Für viele Institutionen kann ein solcher Ausfall schnell geschäftskritisch werden, z. B. für Online-Shops.";"Durch DoS-Angriffe (Denial of Service) lässt sich die Verfügbarkeit eines Webangebotes gezielt beeinträchtigen, indem beispielsweise einzelne Accounts durch fehlerhafte Anmeldungen gesperrt werden Quelle: Kapitel ""Denial of Service (DoS)"" (S. 12). 
Durch DDoS (Distributed Denial of Service)-Angriffe kann ein Webserver teilweise oder auch ganz ausfallen Quelle: Kapitel ""Denial of Service (DoS)"" (S. 12). 
Für Clients ist das Webangebot dann nur noch sehr langsam oder gar nicht mehr verfügbar Quelle: Kapitel ""Denial of Service (DoS)"" (S. 12). 
Für viele Institutionen kann ein solcher Ausfall schnell geschäftskritisch werden, z. B. für Online-Shops Quelle: Kapitel ""Denial of Service (DoS)"" (S. 12).

Anschlussfragen:
1. Welche Auswirkungen können DDoS-Angriffe auf die Verfügbarkeit von Webangeboten haben?
2. Wie können DoS-Angriffe die Geschäftstätigkeit von Online-Shops beeinträchtigen?
3. Welche Rolle spielen Botnetze bei der Durchführung von DDoS-Angriffen?";"Durch DoS-Angriffe (Denial of Service) lässt sich die Verfügbarkeit eines Webangebotes gezielt beeinträchtigen, indem beispielsweise einzelne Accounts durch fehlerhafte Anmeldungen gesperrt werden Quelle: Kapitel ""Denial of Service (DoS)"" (S. 12). 
Durch DDoS (Distributed Denial of Service)-Angriffe kann ein Webserver teilweise oder auch ganz ausfallen Quelle: Kapitel ""Denial of Service (DoS)"" (S. 12). 
Für Clients ist das Webangebot dann nur noch sehr langsam oder gar nicht mehr verfügbar Quelle: Kapitel ""Denial of Service (DoS)"" (S. 12). 
Für viele Institutionen kann ein solcher Ausfall schnell geschäftskritisch werden, z. B. für Online-Shops Quelle: Kapitel ""Denial of Service (DoS)"" (S. 12).";"1. Welche Auswirkungen können DDoS-Angriffe auf die Verfügbarkeit von Webangeboten haben?
2. Wie können DoS-Angriffe die Geschäftstätigkeit von Online-Shops beeinträchtigen?
3. Welche Rolle spielen Botnetze bei der Durchführung von DDoS-Angriffen?";3;3;0.8736394557698324;1.0;1.0;0.8450549237553475;Welche Auswirkungen können DDoS-Angriffe auf die Verfügbarkeit von Webangeboten haben?;-1;-1;evaluation_failed;Wie können DoS-Angriffe die Geschäftstätigkeit von Online-Shops beeinträchtigen?;-1;-1;evaluation_failed;Welche Rolle spielen Botnetze bei der Durchführung von DDoS-Angriffen?;-1;-1;evaluation_failed;;
Wer trägt die Gesamtverantwortung für Informationssicherheit in der Organisastion?;"Die Institutionsleitung trägt die Gesamtverantwortung für Informationssicherheit in der Organisation. 
Die Institutionsleitung MUSS die Gesamtverantwortung für Informationssicherheit in der Institution übernehmen Quelle: ISMS.1.A1. 
Dies umfasst die Initiierung, Steuerung und Kontrolle des Sicherheitsprozesses sowie die Festlegung von Zuständigkeiten für Informationssicherheit Quelle: ISMS.1.A1.

Anschlussfragen:
1. Wie sollten die zuständigen Mitarbeitenden mit den erforderlichen Kompetenzen und Ressourcen ausgestattet werden, um die Informationssicherheit zu gewährleisten?
2. Welche Rolle spielen regelmäßige Sicherheitsrevisionen und Audits bei der Aufrechterhaltung der Informationssicherheit in der Institution?
3. Wie können alle Mitarbeitenden und relevante Externe systematisch und zielgruppengerecht zu Sicherheitsrisiken sensibilisiert und zu Fragen der Informationssicherheit geschult werden?";"Die Institutionsleitung trägt die Gesamtverantwortung für Informationssicherheit in der Organisation. 
Die Institutionsleitung MUSS die Gesamtverantwortung für Informationssicherheit in der Institution übernehmen Quelle: ISMS.1.A1. 
Dies umfasst die Initiierung, Steuerung und Kontrolle des Sicherheitsprozesses sowie die Festlegung von Zuständigkeiten für Informationssicherheit Quelle: ISMS.1.A1.";"ISMS.1.A1 Übernahme der Gesamtverantwortung für Informationssicherheit  durch die Leitung (B) [Institutionsleitung]  
Die Institutionsleitung MUSS die Gesamtverantwortung für Informationssicherheit in der Institution  übernehmen. Dies MUSS für alle Beteiligten deutlich erkennbar sein. Die Institutionsleitung MUSS den Sicherheitsprozess initiieren, steuern und kontrollieren. Die Institutionsleitung MUSS Informationssicherheit vorleben. Die Institutionsleitung MUSS die Zuständigkeiten für Informationssicherheit festlegen. Die zuständigen Mitarbeitenden MÜSSEN mit den erforderlichen Kompetenzen und Ressourcen ausgestattet werden. Die Institutionsleitung MUSS sich regelmäßig über den Status der Informationssicherheit informieren lassen. Insbesondere MUSS sich die Institutionsleitung über mögliche Risiken und Konsequenzen aufgrund fehlender Sicherheitsmaßnahmen informieren lassen. ";"Die Gesamtverantwortung für die Informationssicherheit in der Organisation verbleibt bei der Leitungsebene Quelle: Die Gesamtverantwortung für die ordnungsgemäße und sichere Aufgabenerfüllung (und damit für die Informationssicherheit) verbleibt bei der Leitungsebene. 
Die Leitungsebene trägt die Verantwortung für die Erreichung der Sicherheitsziele und muss sich vor allem dafür einsetzen, dass Informationssicherheit in alle relevanten Geschäftsprozesse integriert wird Quelle: Die Leitungsebene trägt zwar die Verantwortung für die Erreichung der Sicherheitsziele, der Sicherheitsprozess muss aber von allen Beschäftigten in einer Organisation mitgetragen und mitgestaltet werden. 
Anschlussfragen:
1. Wie kann die Leitungsebene sicherstellen, dass alle entscheidungsrelevanten Informationen sie rechtzeitig und im nötigen Umfang erreichen?
2. Welche Rolle spielt der Informationssicherheitsbeauftragte (ISB) bei der Initiierung und Steuerung des Sicherheitsprozesses?
3. Wie kann die Leitungsebene die Ziele für das Informationssicherheitsmanagement setzen, um das angestrebte Sicherheitsniveau in allen Bereichen zu erreichen?";"Die Gesamtverantwortung für die Informationssicherheit in der Organisation verbleibt bei der Leitungsebene Quelle: Die Gesamtverantwortung für die ordnungsgemäße und sichere Aufgabenerfüllung (und damit für die Informationssicherheit) verbleibt bei der Leitungsebene. 
Die Leitungsebene trägt die Verantwortung für die Erreichung der Sicherheitsziele und muss sich vor allem dafür einsetzen, dass Informationssicherheit in alle relevanten Geschäftsprozesse integriert wird Quelle: Die Leitungsebene trägt zwar die Verantwortung für die Erreichung der Sicherheitsziele, der Sicherheitsprozess muss aber von allen Beschäftigten in einer Organisation mitgetragen und mitgestaltet werden.";"1. Wie kann die Leitungsebene sicherstellen, dass alle entscheidungsrelevanten Informationen sie rechtzeitig und im nötigen Umfang erreichen?
2. Welche Rolle spielt der Informationssicherheitsbeauftragte (ISB) bei der Initiierung und Steuerung des Sicherheitsprozesses?
3. Wie kann die Leitungsebene die Ziele für das Informationssicherheitsmanagement setzen, um das angestrebte Sicherheitsniveau in allen Bereichen zu erreichen?";3;3;0.9999999999875;1.0;1.0;0.4725652073363868;Wie kann die Leitungsebene sicherstellen, dass alle entscheidungsrelevanten Informationen sie rechtzeitig und im nötigen Umfang erreichen?;-1;-1;evaluation_failed;Welche Rolle spielt der Informationssicherheitsbeauftragte (ISB) bei der Initiierung und Steuerung des Sicherheitsprozesses?;-1;-1;evaluation_failed;Wie kann die Leitungsebene die Ziele für das Informationssicherheitsmanagement setzen, um das angestrebte Sicherheitsniveau in allen Bereichen zu erreichen?;-1;-1;evaluation_failed;;
Was muss eine Leitlinie zur Informationssicherheit enthalten?;"Eine Leitlinie zur Informationssicherheit muss den Stellenwert der Informationssicherheit, die Sicherheitsziele, die wichtigsten Aspekte der Sicherheitsstrategie sowie die Organisationsstruktur für Informationssicherheit beschreiben Quelle: ISMS.1.A3 (S. nicht spezifiziert). Darüber hinaus müssen die Sicherheitsziele und der Bezug der Sicherheitsziele zu den Geschäftszielen und Aufgaben der Institution erläutert werden Quelle: ISMS.1.A3 (S. nicht spezifiziert). Für die Sicherheitsleitlinie muss ein klarer Geltungsbereich festgelegt sein Quelle: ISMS.1.A3 (S. nicht spezifiziert).

Anschlussfragen:
1. Wie oft sollte die Leitlinie zur Informationssicherheit aktualisiert werden?
2. Wer ist für die Verabschiedung der Leitlinie zur Informationssicherheit verantwortlich?
3. Welche Rolle spielen Sicherheitsrevisionen im Kontext der Leitlinie zur Informationssicherheit?";Eine Leitlinie zur Informationssicherheit muss den Stellenwert der Informationssicherheit, die Sicherheitsziele, die wichtigsten Aspekte der Sicherheitsstrategie sowie die Organisationsstruktur für Informationssicherheit beschreiben Quelle: ISMS.1.A3 (S. nicht spezifiziert). Darüber hinaus müssen die Sicherheitsziele und der Bezug der Sicherheitsziele zu den Geschäftszielen und Aufgaben der Institution erläutert werden Quelle: ISMS.1.A3 (S. nicht spezifiziert). Für die Sicherheitsleitlinie muss ein klarer Geltungsbereich festgelegt sein Quelle: ISMS.1.A3 (S. nicht spezifiziert).;"ISMS.1.A3 Erstellung einer Leitlinie zur Informationssicherheit (B) [Institutionsleitung]  
Die Institutionsleitung MUSS eine übergeordnete Leitlinie zur Informationssicherheit verabschieden. Diese MUSS den Stellenwert der Informationssicherheit, die Sicherheitsziele, die wichtigsten Aspekte der Sicherheitsstrategie sowie die Organisationsstruktur für nformationssicherheit beschreiben. Für die Sicherheitsleitlinie MUSS ein klarer Geltungsbereich festgelegt sein. In der Leitlinie zur Informationssicherheit MÜSSEN die Sicherheitsziele und der Bezug der Sicherheitsziele zu den Geschäftszielen und Aufgaben der Institution erläutert erden. Die Institutionsleitung MUSS die Leitlinie zur Informationssicherheit allen Mitarbeitenden und sonstigen Mitgliedern der Institution bekannt geben. Die Leitlinie zur Informationssicherheit SOLLTE regelmäßig aktualisiert werden. ";"Eine Leitlinie zur Informationssicherheit sollte mindestens die folgenden Informationen beinhalten: 
- Stellenwert der Informationssicherheit und Bedeutung der wesentlichen Informationen 
- Geschäftsprozesse und der IT für die Aufgabenerfüllung 
- Bezug der Informationssicherheitsziele zu den Geschäftszielen oder Aufgaben der Institution 
- Sicherheitsziele und die Kernelemente der Sicherheitsstrategie für die Geschäftsprozesse und die eingesetzte IT 
- Zusicherung, dass die Sicherheitsleitlinie von der Institutionsleitung durchgesetzt wird 
- Leitaussagen zur Erfolgskontrolle und Beschreibung der für die Umsetzung des Informationssicherheitsprozesses etablierten Organisationsstruktur 
Quelle: Kapitel zur Leitlinie zur Informationssicherheit (S.1-5).

Anschlussfragen:
1. Wie sollte die Leitlinie zur Informationssicherheit in einer Institution erstellt und umgesetzt werden?
2. Welche Rolle spielt die Institutionsleitung bei der Erstellung und Umsetzung der Leitlinie zur Informationssicherheit?
3. Wie oft sollte die Leitlinie zur Informationssicherheit auf ihre Aktualität hin überprüft und gegebenenfalls angepasst werden?";"Eine Leitlinie zur Informationssicherheit sollte mindestens die folgenden Informationen beinhalten: 
- Stellenwert der Informationssicherheit und Bedeutung der wesentlichen Informationen 
- Geschäftsprozesse und der IT für die Aufgabenerfüllung 
- Bezug der Informationssicherheitsziele zu den Geschäftszielen oder Aufgaben der Institution 
- Sicherheitsziele und die Kernelemente der Sicherheitsstrategie für die Geschäftsprozesse und die eingesetzte IT 
- Zusicherung, dass die Sicherheitsleitlinie von der Institutionsleitung durchgesetzt wird 
- Leitaussagen zur Erfolgskontrolle und Beschreibung der für die Umsetzung des Informationssicherheitsprozesses etablierten Organisationsstruktur 
Quelle: Kapitel zur Leitlinie zur Informationssicherheit (S.1-5).";"1. Wie sollte die Leitlinie zur Informationssicherheit in einer Institution erstellt und umgesetzt werden?
2. Welche Rolle spielt die Institutionsleitung bei der Erstellung und Umsetzung der Leitlinie zur Informationssicherheit?
3. Wie oft sollte die Leitlinie zur Informationssicherheit auf ihre Aktualität hin überprüft und gegebenenfalls angepasst werden?";3;3;0.9999999999875;1.0;1.0;0.6063097265042908;Wie sollte die Leitlinie zur Informationssicherheit in einer Institution erstellt und umgesetzt werden?;-1;-1;evaluation_failed;Welche Rolle spielt die Institutionsleitung bei der Erstellung und Umsetzung der Leitlinie zur Informationssicherheit?;-1;-1;evaluation_failed;Wie oft sollte die Leitlinie zur Informationssicherheit auf ihre Aktualität hin überprüft und gegebenenfalls angepasst werden?;-1;-1;evaluation_failed;;
Welche Gefahr besteht, wenn die Institutionsleitung den Sicherheitsprozess nicht ausreichend unterstützt?;"Wenn die Institutionsleitung den Sicherheitsprozess nicht ausreichend unterstützt, besteht die Gefahr, dass die notwendigen Maßnahmen zur Informationssicherheit nicht umgesetzt werden können Quelle: ISMS.1 Gefährdungslage Kap.2.2 (S.2.2). Dies kann dazu führen, dass der Sicherheitsprozess nicht vollständig durchführbar ist, insbesondere wenn Personen in der Linienstruktur über den Sicherheitsverantwortlichen stehen Quelle: ISMS.1 Gefährdungslage Kap.2.2 (S.2.2).

Anschlussfragen:
1. Wie kann die Institutionsleitung den Sicherheitsprozess effektiv unterstützen?
2. Welche Rolle spielen regelmäßige Sicherheitsrevisionen im Sicherheitsmanagement?
3. Wie können Mitarbeitende und Externe zu Sicherheitsrisiken sensibilisiert und zu Fragen der Informationssicherheit geschult werden?";Wenn die Institutionsleitung den Sicherheitsprozess nicht ausreichend unterstützt, besteht die Gefahr, dass die notwendigen Maßnahmen zur Informationssicherheit nicht umgesetzt werden können Quelle: ISMS.1 Gefährdungslage Kap.2.2 (S.2.2). Dies kann dazu führen, dass der Sicherheitsprozess nicht vollständig durchführbar ist, insbesondere wenn Personen in der Linienstruktur über den Sicherheitsverantwortlichen stehen Quelle: ISMS.1 Gefährdungslage Kap.2.2 (S.2.2).;"ISMS.1 Gefährdungslage Kap.2.2
2.2. Mangelnde Unterstützung durch die Institutionsleitung 
Werden die Sicherheitsverantwortlichen nicht uneingeschränkt durch die Institutionsleitung  unterstützt, kann es schwierig werden, die notwendigen Maßnahmen einzufordern. Dies gilt insbesondere für Personen, die in der Linienstruktur über den Sicherheitsverantwortlichen stehen. In diesem Fall ist der Sicherheitsprozess nicht vollständig durchführbar.";"Wenn die Institutionsleitung den Sicherheitsprozess nicht ausreichend unterstützt, besteht die Gefahr, dass notwendige Maßnahmen nicht umgesetzt werden können. Dies kann dazu führen, dass die Informationssicherheit innerhalb der Institution beeinträchtigt wird und Sicherheitsvorfälle auftreten können. Die Unterstützung der Institutionsleitung ist entscheidend, um sicherzustellen, dass die notwendigen Ressourcen und Prioritäten für die Umsetzung von Sicherheitsmaßnahmen bereitgestellt werden. Ohne diese Unterstützung kann es schwierig werden, die erforderlichen Schritte zur Gewährleistung der Informationssicherheit zu unternehmen.

Quelle: Mangelnde Unterstützung durch die Institutionsleitung (S. 1-2)

Anschlussfragen:
1. Welche Rolle spielt die Institutionsleitung bei der Umsetzung von Sicherheitsmaßnahmen?
2. Wie kann die Unterstützung der Institutionsleitung für die Informationssicherheit gewährleistet werden?
3. Welche Konsequenzen kann es haben, wenn die Institutionsleitung den Sicherheitsprozess nicht ausreichend unterstützt?";"Wenn die Institutionsleitung den Sicherheitsprozess nicht ausreichend unterstützt, besteht die Gefahr, dass notwendige Maßnahmen nicht umgesetzt werden können. Dies kann dazu führen, dass die Informationssicherheit innerhalb der Institution beeinträchtigt wird und Sicherheitsvorfälle auftreten können. Die Unterstützung der Institutionsleitung ist entscheidend, um sicherzustellen, dass die notwendigen Ressourcen und Prioritäten für die Umsetzung von Sicherheitsmaßnahmen bereitgestellt werden. Ohne diese Unterstützung kann es schwierig werden, die erforderlichen Schritte zur Gewährleistung der Informationssicherheit zu unternehmen.

Quelle: Mangelnde Unterstützung durch die Institutionsleitung (S. 1-2)";"1. Welche Rolle spielt die Institutionsleitung bei der Umsetzung von Sicherheitsmaßnahmen?
2. Wie kann die Unterstützung der Institutionsleitung für die Informationssicherheit gewährleistet werden?
3. Welche Konsequenzen kann es haben, wenn die Institutionsleitung den Sicherheitsprozess nicht ausreichend unterstützt?";3;3;0.9999999999875;1.0;1.0;0.6656765693158342;Welche Rolle spielt die Institutionsleitung bei der Umsetzung von Sicherheitsmaßnahmen?;-1;-1;evaluation_failed;Wie kann die Unterstützung der Institutionsleitung für die Informationssicherheit gewährleistet werden?;-1;-1;evaluation_failed;Welche Konsequenzen kann es haben, wenn die Institutionsleitung den Sicherheitsprozess nicht ausreichend unterstützt?;-1;-1;evaluation_failed;;
Wie oft sollte das Sicherheitskonzept überprüft werden?;"Das Sicherheitskonzept sollte regelmäßig, mindestens jedoch jährlich, auf Wirksamkeit und Angemessenheit überprüft und aktualisiert werden Quelle: ISMS.1.A11 (S. nicht spezifiziert). Es sollten auch anlassbezogene Überprüfungen durchgeführt werden, um sicherzustellen, dass das Sicherheitsniveau den aktuellen Anforderungen entspricht Quelle: ISMS.1.A11 (S. nicht spezifiziert). 

Anschlussfragen:
1. Wie sollten die Ergebnisse der Überprüfungen des Sicherheitskonzepts dokumentiert werden?
2. Wer sollte die Überprüfungen des Sicherheitsniveaus durchführen?
3. Welche Rolle spielen Sicherheitsrevisionen im Rahmen des Sicherheitsmanagements?";Das Sicherheitskonzept sollte regelmäßig, mindestens jedoch jährlich, auf Wirksamkeit und Angemessenheit überprüft und aktualisiert werden Quelle: ISMS.1.A11 (S. nicht spezifiziert). Es sollten auch anlassbezogene Überprüfungen durchgeführt werden, um sicherzustellen, dass das Sicherheitsniveau den aktuellen Anforderungen entspricht Quelle: ISMS.1.A11 (S. nicht spezifiziert).;"ISMS.1.A11 Aufrechterhaltung der Informationssicherheit (S) 
Der Sicherheitsprozess, die Sicherheitskonzepte, die Leitlinie zur Informationssicherheit und die  Organisationsstruktur für Informationssicherheit SOLLTEN regelmäßig auf Wirksamkeit und  Angemessenheit überprüft und aktualisiert werden. Dazu SOLLTEN regelmäßig Vollständigkeits- bzw. Aktualisierungsprüfungen des Sicherheitskonzeptes durchgeführt werden. Ebenso SOLLTEN regelmäßig Sicherheitsrevisionen durchgeführt werden. Dazu SOLLTE geregelt sein, welche Bereiche und Sicherheitsmaßnahmen wann und von wem zu überprüfen sind. Überprüfungen des Sicherheitsniveaus SOLLTEN regelmäßig (mindestens jährlich) sowie anlassbezogen durchgeführt werden. Die Prüfungen SOLLTEN von qualifizierten und unabhängigen Personen durchgeführt werden. Die Ergebnisse der Überprüfungen SOLLTEN nachvollziehbar dokumentiert sein. Darauf aufbauend SOLLTEN Mängel beseitigt und Korrekturmaßnahmen ergriffen werden. ";"Das Sicherheitskonzept sollte regelmäßig, mindestens jedoch jährlich, auf Wirksamkeit und Angemessenheit überprüft und aktualisiert werden. Quelle: Kapitel über die Aufrechterhaltung der Informationssicherheit (S.1-5). Es wird auch empfohlen, die Sicherheitsleitlinie spätestens alle zwei Jahre erneut zu überdenken, um sicherzustellen, dass sie noch aktuell und angemessen ist. Quelle: Abschnitt über die regelmäßige Überprüfung der Sicherheitsleitlinie (S.10).

Anschlussfragen:
1. Wie oft sollte die Leitlinie zur Informationssicherheit überprüft werden?
2. Welche Aspekte sollten bei der regelmäßigen Überprüfung des Sicherheitskonzepts berücksichtigt werden?
3. Wie können kleine und mittlere Institutionen die Aufrechterhaltung der Informationssicherheit effektiv umsetzen?";Das Sicherheitskonzept sollte regelmäßig, mindestens jedoch jährlich, auf Wirksamkeit und Angemessenheit überprüft und aktualisiert werden. Quelle: Kapitel über die Aufrechterhaltung der Informationssicherheit (S.1-5). Es wird auch empfohlen, die Sicherheitsleitlinie spätestens alle zwei Jahre erneut zu überdenken, um sicherzustellen, dass sie noch aktuell und angemessen ist. Quelle: Abschnitt über die regelmäßige Überprüfung der Sicherheitsleitlinie (S.10).;"1. Wie oft sollte die Leitlinie zur Informationssicherheit überprüft werden?
2. Welche Aspekte sollten bei der regelmäßigen Überprüfung des Sicherheitskonzepts berücksichtigt werden?
3. Wie können kleine und mittlere Institutionen die Aufrechterhaltung der Informationssicherheit effektiv umsetzen?";3;3;0.9999999999875;1.0;0.8;0.589977576422396;Wie oft sollte die Leitlinie zur Informationssicherheit überprüft werden?;-1;-1;evaluation_failed;Welche Aspekte sollten bei der regelmäßigen Überprüfung des Sicherheitskonzepts berücksichtigt werden?;-1;-1;evaluation_failed;Wie können kleine und mittlere Institutionen die Aufrechterhaltung der Informationssicherheit effektiv umsetzen?;-1;-1;evaluation_failed;;
Was kann passieren, wenn gegen gesetzliche Regelungen verstoßen wird?;"Wenn gegen gesetzliche Regelungen verstoßen wird, kann dies rechtliche Konsequenzen nach sich ziehen Quelle: ISMS.1 Gefährdungslage Kap. 2.7. Darüber hinaus können Verstöße gegen vertraglich geregelte Sicherheitsanforderungen Vertragsstrafen, Vertragsauflösungen oder sogar den Verlust von Geschäftsbeziehungen nach sich ziehen Quelle: ISMS.1 Gefährdungslage Kap. 2.7.

Anschlussfragen:
1. Welche Rolle spielt das Sicherheitsmanagement bei der Einhaltung gesetzlicher Regelungen?
2. Wie können Institutionen ihre Mitarbeitenden und Externen zu Sicherheitsrisiken sensibilisieren und schulen?
3. Welche Konsequenzen können sich ergeben, wenn eine Institution gegen internationale Gesetzesvorgaben verstößt?";Wenn gegen gesetzliche Regelungen verstoßen wird, kann dies rechtliche Konsequenzen nach sich ziehen Quelle: ISMS.1 Gefährdungslage Kap. 2.7. Darüber hinaus können Verstöße gegen vertraglich geregelte Sicherheitsanforderungen Vertragsstrafen, Vertragsauflösungen oder sogar den Verlust von Geschäftsbeziehungen nach sich ziehen Quelle: ISMS.1 Gefährdungslage Kap. 2.7.;"ISMS.1 Gefährdungslage Kap. 2.7
2.7. Verstoß gegen gesetzliche Regelungen und vertragliche Vereinbarungen 
Wenn Informationen, Geschäftsprozesse und IT-Systeme einer Institution unzureichend abgesichert sind, beispielsweise durch ein unzureichendes Sicherheitsmanagement, kann gegen Rechtsvorschriften mit Bezug zur Informationsverarbeitung oder gegen bestehende Verträge mit Geschäftspartnern und -partnerinnen verstoßen werden. Welche Gesetze jeweils zu beachten sind, hängt von der Art der Institution beziehungsweise ihrer Geschäftsprozesse und Dienstleistungen ab. Je nachdem, wo sich die Standorte einer Institution befinden, können auch verschiedene nationale und internationale Vorschriften zu beachten sein. Verfügt eine Institution über unzureichende Kenntnisse hinsichtlich internationaler Gesetzesvorgaben, z. B. zu Datenschutz, Informationspflicht, Insolvenzrecht, Haftung oder Informationszugriff für Dritte, erhöht dies das Risiko entsprechender Verstöße. Dann drohen rechtliche Konsequenzen. In vielen Branchen ist es üblich, dass Anwendende ihre Zuliefer- und Dienstleistungsunternehmen dazu verpflichten, bestimmte Qualitäts- und Sicherheitsstandards einzuhalten. Verstößt ein 
Vertragspartner oder -partnerin gegen vertraglich geregelte Sicherheitsanforderungen, kann dies Vertragsstrafen, Vertragsauflösungen oder sogar den Verlust von Geschäftsbeziehungen nach sich ziehen. ";"Wenn gegen gesetzliche Regelungen verstoßen wird, kann dies zu rechtlichen Konsequenzen für die Institution führen, wie z.B. Vertragsstrafen, Vertragsauflösungen oder sogar strafrechtlichen Verfolgungen. Darüber hinaus kann der Verlust der Vertraulichkeit, Integrität oder Verfügbarkeit von Informationen zu schwerwiegenden Schäden für die Institution und ihre Stakeholder führen. Quelle: Verstoß gegen rechtliche Vorgaben (S.1).

Anschlussfragen:
1. Welche rechtlichen Konsequenzen können sich aus einem Verstoß gegen die EU-Datenschutz-Grundverordnung (DSGVO) ergeben?
2. Wie kann eine Institution sicherstellen, dass ihre Mitarbeitenden die geltenden Regelungen und Vorschriften einhalten?
3. Welche Rolle spielt das Risikomanagement bei der Vermeidung von Verstößen gegen gesetzliche Regelungen und Vorschriften?";Wenn gegen gesetzliche Regelungen verstoßen wird, kann dies zu rechtlichen Konsequenzen für die Institution führen, wie z.B. Vertragsstrafen, Vertragsauflösungen oder sogar strafrechtlichen Verfolgungen. Darüber hinaus kann der Verlust der Vertraulichkeit, Integrität oder Verfügbarkeit von Informationen zu schwerwiegenden Schäden für die Institution und ihre Stakeholder führen. Quelle: Verstoß gegen rechtliche Vorgaben (S.1).;"1. Welche rechtlichen Konsequenzen können sich aus einem Verstoß gegen die EU-Datenschutz-Grundverordnung (DSGVO) ergeben?
2. Wie kann eine Institution sicherstellen, dass ihre Mitarbeitenden die geltenden Regelungen und Vorschriften einhalten?
3. Welche Rolle spielt das Risikomanagement bei der Vermeidung von Verstößen gegen gesetzliche Regelungen und Vorschriften?";3;3;0.9999999999875;1.0;0.8571428571428571;0.5567623652805065;Welche rechtlichen Konsequenzen können sich aus einem Verstoß gegen die EU-Datenschutz-Grundverordnung (DSGVO) ergeben?;-1;-1;evaluation_failed;Wie kann eine Institution sicherstellen, dass ihre Mitarbeitenden die geltenden Regelungen und Vorschriften einhalten?;-1;-1;evaluation_failed;Welche Rolle spielt das Risikomanagement bei der Vermeidung von Verstößen gegen gesetzliche Regelungen und Vorschriften?;-1;-1;evaluation_failed;;
Wie müssen Mitarbeitende in den Sicherheitsprozess integriert werden?;"Mitarbeitende müssen in den Sicherheitsprozess integriert werden, indem sie über Hintergründe und relevante Gefährdungen informiert werden Quelle: ISMS.1.A8 Integration der Mitarbeitenden in den Sicherheitsprozess (B) [Vorgesetzte]. Sie müssen Sicherheitsmaßnahmen kennen und umsetzen, die ihren Arbeitsplatz betreffen, und in die Lage versetzt werden, Sicherheit aktiv mitzugestalten Quelle: ISMS.1.A8 Integration der Mitarbeitenden in den Sicherheitsprozess (B) [Vorgesetzte]. 

Anschlussfragen:
1. Wie sollten Mitarbeitende bei der Planung von Sicherheitsmaßnahmen einbezogen werden?
2. Welche Rolle spielen Vorgesetzte bei der Integration der Mitarbeitenden in den Sicherheitsprozess?
3. Wie können Mitarbeitende zu Fragen der Informationssicherheit geschult werden?";Mitarbeitende müssen in den Sicherheitsprozess integriert werden, indem sie über Hintergründe und relevante Gefährdungen informiert werden Quelle: ISMS.1.A8 Integration der Mitarbeitenden in den Sicherheitsprozess (B) [Vorgesetzte]. Sie müssen Sicherheitsmaßnahmen kennen und umsetzen, die ihren Arbeitsplatz betreffen, und in die Lage versetzt werden, Sicherheit aktiv mitzugestalten Quelle: ISMS.1.A8 Integration der Mitarbeitenden in den Sicherheitsprozess (B) [Vorgesetzte].;"ISMS.1.A8 Integration der Mitarbeitenden in den Sicherheitsprozess (B) [Vorgesetzte]  
Alle Mitarbeitenden MÜSSEN in den Sicherheitsprozess integriert sein. Hierfür MÜSSEN sie über Hintergründe und die für sie relevanten Gefährdungen informiert sein. Sie MÜSSEN Sicherheitsmaßnahmen kennen und umsetzen, die ihren Arbeitsplatz betreffen. Alle Mitarbeitenden MÜSSEN in die Lage versetzt werden, Sicherheit aktiv mitzugestalten. Daher SOLLTEN die Mitarbeitenden frühzeitig beteiligt werden, wenn Sicherheitsmaßnahmen zu planen oder organisatorische Regelungen zu gestalten sind. Bei der Einführung von Sicherheitsrichtlinien und Sicherheitswerkzeugen MÜSSEN die Mitarbeitenden ausreichend informiert sein, wie diese anzuwenden sind. Die Mitarbeitenden MÜSSEN darüber aufgeklärt werden, welche Konsequenzen eine Verletzung der Sicherheitsvorgaben haben kann. ";"Mitarbeitende müssen in den Sicherheitsprozess integriert werden, indem sie über die Gefahren sensibilisiert und in die entsprechenden Sicherheitsmaßnahmen eingewiesen werden. Dazu gehört auch, dass sie wissen, wie sie Sicherheitsmechanismen bedienen müssen und den Sinn und Zweck von Sicherheitsmaßnahmen verstehen. Es ist wichtig, dass Mitarbeiter zur Einhaltung aller relevanten Gesetze, Vorschriften und Regelungen verpflichtet werden und dass sie wissen, wie sie erkannte oder vermutete Sicherheitsvorfälle melden müssen. Quelle: ORP.2 Personal (S.1-5).

Anschlussfragen:
1. Wie können Mitarbeiter am besten für die Gefahren der Telearbeit sensibilisiert werden?
2. Welche Rolle spielen die Führungskräfte bei der Integration der Mitarbeiter in den Sicherheitsprozess?
3. Wie sollten Mitarbeiter über die Meldewege für Sicherheitsvorfälle informiert werden?";Mitarbeitende müssen in den Sicherheitsprozess integriert werden, indem sie über die Gefahren sensibilisiert und in die entsprechenden Sicherheitsmaßnahmen eingewiesen werden. Dazu gehört auch, dass sie wissen, wie sie Sicherheitsmechanismen bedienen müssen und den Sinn und Zweck von Sicherheitsmaßnahmen verstehen. Es ist wichtig, dass Mitarbeiter zur Einhaltung aller relevanten Gesetze, Vorschriften und Regelungen verpflichtet werden und dass sie wissen, wie sie erkannte oder vermutete Sicherheitsvorfälle melden müssen. Quelle: ORP.2 Personal (S.1-5).;"1. Wie können Mitarbeiter am besten für die Gefahren der Telearbeit sensibilisiert werden?
2. Welche Rolle spielen die Führungskräfte bei der Integration der Mitarbeiter in den Sicherheitsprozess?
3. Wie sollten Mitarbeiter über die Meldewege für Sicherheitsvorfälle informiert werden?";3;3;0.9821428571288265;1.0;1.0;0.5067394597204762;Wie können Mitarbeiter am besten für die Gefahren der Telearbeit sensibilisiert werden?;-1;-1;evaluation_failed;Welche Rolle spielen die Führungskräfte bei der Integration der Mitarbeiter in den Sicherheitsprozess?;-1;-1;evaluation_failed;Wie sollten Mitarbeiter über die Meldewege für Sicherheitsvorfälle informiert werden?;-1;-1;evaluation_failed;;
Welche Vertretungsregelungen müssen im Sicherheitsmanagement existieren?;"Für alle wichtigen Funktionen der Organisation für Informationssicherheit MUSS es wirksame Vertretungsregelungen geben Quelle: ISMS.1.A6 (S. nicht spezifiziert, da keine Seitenzahl im bereitgestellten Kontext vorhanden ist). Dies bedeutet, dass im Sicherheitsmanagement Vertretungsregelungen existieren müssen, um sicherzustellen, dass wichtige Funktionen auch im Falle der Abwesenheit oder Verhinderung von Schlüsselpersonen weiterhin wahrgenommen werden können.

Anschlussfragen:
1. Wie sollten die Vertretungsregelungen im Sicherheitsmanagement dokumentiert werden?
2. Welche Rolle spielen qualifizierte Personen im Sicherheitsmanagement und wie sollten sie ausgewählt werden?
3. Wie oft sollten die Vertretungsregelungen und die Organisationsstruktur für Informationssicherheit überprüft und angepasst werden?";Für alle wichtigen Funktionen der Organisation für Informationssicherheit MUSS es wirksame Vertretungsregelungen geben Quelle: ISMS.1.A6 (S. nicht spezifiziert, da keine Seitenzahl im bereitgestellten Kontext vorhanden ist). Dies bedeutet, dass im Sicherheitsmanagement Vertretungsregelungen existieren müssen, um sicherzustellen, dass wichtige Funktionen auch im Falle der Abwesenheit oder Verhinderung von Schlüsselpersonen weiterhin wahrgenommen werden können.;"ISMS.1.A6 Aufbau einer geeigneten Organisationsstruktur für Informationssicherheit (B) [Institutionsleitung]  
Eine geeignete übergreifende Organisationsstruktur für Informationssicherheit MUSS vorhanden sein. Dafür MÜSSEN Rollen definiert sein, die konkrete Aufgaben übernehmen, um die Sicherheitsziele zu erreichen. Außerdem MÜSSEN qualifizierte Personen benannt werden, denen ausreichend Ressourcen zur Verfügung stehen, um diese Rollen zu übernehmen. Die Aufgaben, Rollen, Verantwortungen und Kompetenzen im Sicherheitsmanagement MÜSSEN nachvollziehbar definiert und zugewiesen sein. Für alle wichtigen Funktionen der Organisation für Informationssicherheit MUSS es wirksame Vertretungsregelungen geben. Kommunikationswege MÜSSEN geplant, beschrieben, eingerichtet und bekannt gemacht werden. Es MUSS für alle Aufgaben und Rollen festgelegt sein, wer wen informiert und wer bei welchen Aktionen 
in welchem Umfang informiert werden muss. Es MUSS regelmäßig geprüft werden, ob die Organisationsstruktur für Informationssicherheit noch angemessen ist oder ob sie an neue Rahmenbedingungen angepasst werden muss.";"Im Sicherheitsmanagement müssen Vertretungsregelungen existieren, um im laufenden Betrieb eine kontinuierliche Aufgabenerfüllung sicherzustellen. Dafür müssen die Vorgesetzten dafür sorgen, dass für alle wesentlichen Geschäftsprozesse und Aufgaben praktikable Vertretungsregelungen umgesetzt werden. Quelle: Festlegung von Vertretungsregelungen (S.1). 

Für jede Administrationsaufgabe muss eine Vertretung benannt werden, die über die notwendigen administrativen Berechtigungen und Kenntnisse verfügt. Quelle: Vertretungsregelungen (S.2). 

Die Regelung der Vertretung muss Mangel- und Notfallsituationen berücksichtigen. Quelle: Vertretungsregelungen (S.2). 

Anschlussfragen:
1. Wie sollten die Vertretungsregelungen im laufenden Betrieb umgesetzt werden?
2. Welche Anforderungen müssen an die benannte Vertretung für Administrationsaufgaben gestellt werden?
3. Wie sollten die Vertretungsregelungen auf Mangel- und Notfallsituationen vorbereitet sein?";"Im Sicherheitsmanagement müssen Vertretungsregelungen existieren, um im laufenden Betrieb eine kontinuierliche Aufgabenerfüllung sicherzustellen. Dafür müssen die Vorgesetzten dafür sorgen, dass für alle wesentlichen Geschäftsprozesse und Aufgaben praktikable Vertretungsregelungen umgesetzt werden. Quelle: Festlegung von Vertretungsregelungen (S.1). 

Für jede Administrationsaufgabe muss eine Vertretung benannt werden, die über die notwendigen administrativen Berechtigungen und Kenntnisse verfügt. Quelle: Vertretungsregelungen (S.2). 

Die Regelung der Vertretung muss Mangel- und Notfallsituationen berücksichtigen. Quelle: Vertretungsregelungen (S.2).";"1. Wie sollten die Vertretungsregelungen im laufenden Betrieb umgesetzt werden?
2. Welche Anforderungen müssen an die benannte Vertretung für Administrationsaufgaben gestellt werden?
3. Wie sollten die Vertretungsregelungen auf Mangel- und Notfallsituationen vorbereitet sein?";3;3;0.9999999999875;1.0;1.0;0.6567052511253935;Wie sollten die Vertretungsregelungen im laufenden Betrieb umgesetzt werden?;-1;-1;evaluation_failed;Welche Anforderungen müssen an die benannte Vertretung für Administrationsaufgaben gestellt werden?;-1;-1;evaluation_failed;Wie sollten die Vertretungsregelungen auf Mangel- und Notfallsituationen vorbereitet sein?;-1;-1;evaluation_failed;;
Was sollten Management-Berichte zur Informationssicherheit enthalten?;"Management-Berichte zur Informationssicherheit sollten die wesentlichen relevanten Informationen über den Sicherheitsprozess enthalten, insbesondere über Probleme, Erfolge und Verbesserungsmöglichkeiten Quelle: ISMS.1.A12 (S). Sie sollten auch klar priorisierte Maßnahmenvorschläge enthalten, die mit realistischen Abschätzungen zum erwarteten Umsetzungsaufwand versehen sind Quelle: ISMS.1.A12 (S). 

Anschlussfragen:
1. Wie sollten die Management-Berichte zur Informationssicherheit archiviert werden?
2. Welche Rolle spielt die Institutionsleitung bei der Erstellung von Management-Berichten zur Informationssicherheit?
3. Wie oft sollten Sicherheitsrevisionen in der Institution durchgeführt werden?";Management-Berichte zur Informationssicherheit sollten die wesentlichen relevanten Informationen über den Sicherheitsprozess enthalten, insbesondere über Probleme, Erfolge und Verbesserungsmöglichkeiten Quelle: ISMS.1.A12 (S). Sie sollten auch klar priorisierte Maßnahmenvorschläge enthalten, die mit realistischen Abschätzungen zum erwarteten Umsetzungsaufwand versehen sind Quelle: ISMS.1.A12 (S).;"ISMS.1.A12 Management-Berichte zur Informationssicherheit (S) [Institutionsleitung]  
Die Institutionsleitung SOLLTE sich regelmäßig über den Stand der Informationssicherheit informieren, insbesondere über die aktuelle Gefährdungslage sowie die Wirksamkeit und Effizienz des Sicherheitsprozesses. Dazu SOLLTEN Management-Berichte geschrieben werden, welche die wesentlichen relevanten Informationen über den Sicherheitsprozess enthalten, insbesondere über Probleme, Erfolge und Verbesserungsmöglichkeiten. Die Management-Berichte SOLLTEN klar priorisierte Maßnahmenvorschläge enthalten. Die Maßnahmenvorschläge SOLLTEN mit realistischen Abschätzungen zum erwarteten Umsetzungsaufwand versehen sein. Die Management-Berichte SOLLTEN revisionssicher archiviert werden. Die Management-Entscheidungen über erforderliche Aktionen, den Umgang mit Restrisiken und mit 
Veränderungen von sicherheitsrelevanten Prozessen SOLLTEN dokumentiert sein. Die Management-Entscheidungen SOLLTEN revisionssicher archiviert werden.

";"Management-Berichte zur Informationssicherheit sollten folgende Punkte abdecken: 
- Status und Umsetzungsgrad des Sicherheitskonzepts 
- Ergebnisse von Audits und Datenschutzkontrollen 
- Berichte über Sicherheitsvorfälle 
- Berichte über bisherige Erfolge und Probleme beim Informationssicherheitsprozess 
- Berichte über die Reduzierung bestehender Umsetzungsdefizite und der damit verbundenen Risiken 
Quelle: Kapitel über Managementberichte (S. ohne spezifische Seitenzahl, da nicht angegeben).

Anschlussfragen:
1. Wie sollten die Ergebnisse von Audits und Datenschutzkontrollen in Managementberichten aufbereitet werden?
2. Welche Rolle spielt die Leitungsebene bei der Steuerung und Lenkung des Informationssicherheitsprozesses?
3. Wie können Mitarbeiter über den Sinn und Zweck von Sicherheitsmaßnahmen aufgeklärt werden, um Fehlentscheidungen oder überflüssige Arbeitsschritte zu vermeiden?";"Management-Berichte zur Informationssicherheit sollten folgende Punkte abdecken: 
- Status und Umsetzungsgrad des Sicherheitskonzepts 
- Ergebnisse von Audits und Datenschutzkontrollen 
- Berichte über Sicherheitsvorfälle 
- Berichte über bisherige Erfolge und Probleme beim Informationssicherheitsprozess 
- Berichte über die Reduzierung bestehender Umsetzungsdefizite und der damit verbundenen Risiken 
Quelle: Kapitel über Managementberichte (S. ohne spezifische Seitenzahl, da nicht angegeben).";"1. Wie sollten die Ergebnisse von Audits und Datenschutzkontrollen in Managementberichten aufbereitet werden?
2. Welche Rolle spielt die Leitungsebene bei der Steuerung und Lenkung des Informationssicherheitsprozesses?
3. Wie können Mitarbeiter über den Sinn und Zweck von Sicherheitsmaßnahmen aufgeklärt werden, um Fehlentscheidungen oder überflüssige Arbeitsschritte zu vermeiden?";3;3;0.9999999999875;1.0;1.0;0.5858756876266493;Wie sollten die Ergebnisse von Audits und Datenschutzkontrollen in Managementberichten aufbereitet werden?;-1;-1;evaluation_failed;Welche Rolle spielt die Leitungsebene bei der Steuerung und Lenkung des Informationssicherheitsprozesses?;-1;-1;evaluation_failed;Wie können Mitarbeiter über den Sinn und Zweck von Sicherheitsmaßnahmen aufgeklärt werden, um Fehlentscheidungen oder überflüssige Arbeitsschritte zu vermeiden?;-1;-1;evaluation_failed;;
Welche Risiken entstehen durch fehlende Aktualisierung im Sicherheitsprozess?;"Durch fehlende Aktualisierung im Sicherheitsprozess kann das Sicherheitsniveau innerhalb einer Institution verringert werden, was zu einer gefährlichen Scheinsicherheit führen kann Quelle: ISMS.1 Gefährdungslage Kap 2.6. Dies geschieht, weil neue Geschäftsprozesse, Anwendungen, IT-Systeme und Bedrohungen den Status der Informationssicherheit permanent beeinflussen Quelle: ISMS.1 Gefährdungslage Kap 2.6. Ein effektives Revisionskonzept, das auch das Bewusstsein für neue Bedrohungen stärkt, ist daher notwendig, um das Sicherheitsniveau aufrechtzuerhalten Quelle: ISMS.1 Gefährdungslage Kap 2.6.

Anschlussfragen:
1. Wie kann ein effektives Revisionskonzept zur Stärkung des Bewusstseins für neue Bedrohungen umgesetzt werden?
2. Welche Rolle spielen regelmäßige Sicherheitsrevisionen und Schulungen zur Informationssicherheit im Sicherheitsprozess?
3. Wie können Mitarbeiter und Externe systematisch und zielgruppengerecht zu Sicherheitsrisiken sensibilisiert werden?";Durch fehlende Aktualisierung im Sicherheitsprozess kann das Sicherheitsniveau innerhalb einer Institution verringert werden, was zu einer gefährlichen Scheinsicherheit führen kann Quelle: ISMS.1 Gefährdungslage Kap 2.6. Dies geschieht, weil neue Geschäftsprozesse, Anwendungen, IT-Systeme und Bedrohungen den Status der Informationssicherheit permanent beeinflussen Quelle: ISMS.1 Gefährdungslage Kap 2.6. Ein effektives Revisionskonzept, das auch das Bewusstsein für neue Bedrohungen stärkt, ist daher notwendig, um das Sicherheitsniveau aufrechtzuerhalten Quelle: ISMS.1 Gefährdungslage Kap 2.6.;"ISMS.1 Gefährdungslage Kap 2.6
2.6. Fehlende Aktualisierung im Sicherheitsprozess Neue Geschäftsprozesse, Anwendungen und IT-Systeme sowie neue Bedrohungen beeinflussen permanent den Status der Informationssicherheit innerhalb einer Institution. Fehlt ein effektives Revisionskonzept, das auch das Bewusstsein für neue Bedrohungen stärkt, verringert sich das Sicherheitsniveau. Aus der realen Sicherheit wird dann schleichend eine gefährliche Scheinsicherheit. ";"Durch fehlende Aktualisierung im Sicherheitsprozess können verschiedene Risiken entstehen. Ein wichtiges Risiko ist, dass das Sicherheitsniveau innerhalb einer Institution abnimmt, da neue Bedrohungen und Schwachstellen nicht rechtzeitig erkannt und behoben werden. Dies kann zu Sicherheitsvorfällen führen, die die Vertraulichkeit, Integrität oder Verfügbarkeit von Informationen und IT-Systemen beeinträchtigen. Quelle: Fehlende Aktualisierung im Sicherheitsprozess (S. 15-16).

Ein weiteres Risiko ist, dass die Institution gegen gesetzliche Regelungen und vertragliche Vereinbarungen verstößt, wenn sie ihre Informationssicherheit nicht auf dem aktuellen Stand hält. Dies kann zu rechtlichen Konsequenzen und finanziellen Verlusten führen. Quelle: Verstoß gegen gesetzliche Regelungen und vertragliche Vereinbarungen (S. 20-21).

Schließlich kann eine fehlende Aktualisierung im Sicherheitsprozess auch zu einem unwirtschaftlichen Umgang mit Ressourcen führen, da falsche Prioritäten gesetzt werden und nicht an den richtigen Stellen investiert wird. Quelle: Unwirtschaftlicher Umgang mit Ressourcen durch unzureichendes Sicherheitsmanagement (S. 25-26).

Anschlussfragen:
1. Welche Rolle spielt die Institutionsleitung bei der Umsetzung von Sicherheitsmaßnahmen?
2. Wie kann eine Institution ihre Informationssicherheit durch regelmäßige Aktualisierung und Überprüfung von Sicherheitsmaßnahmen verbessern?
3. Welche Auswirkungen kann ein Verstoß gegen gesetzliche Regelungen und vertragliche Vereinbarungen auf die Reputation und den Betrieb einer Institution haben?";"Durch fehlende Aktualisierung im Sicherheitsprozess können verschiedene Risiken entstehen. Ein wichtiges Risiko ist, dass das Sicherheitsniveau innerhalb einer Institution abnimmt, da neue Bedrohungen und Schwachstellen nicht rechtzeitig erkannt und behoben werden. Dies kann zu Sicherheitsvorfällen führen, die die Vertraulichkeit, Integrität oder Verfügbarkeit von Informationen und IT-Systemen beeinträchtigen. Quelle: Fehlende Aktualisierung im Sicherheitsprozess (S. 15-16).

Ein weiteres Risiko ist, dass die Institution gegen gesetzliche Regelungen und vertragliche Vereinbarungen verstößt, wenn sie ihre Informationssicherheit nicht auf dem aktuellen Stand hält. Dies kann zu rechtlichen Konsequenzen und finanziellen Verlusten führen. Quelle: Verstoß gegen gesetzliche Regelungen und vertragliche Vereinbarungen (S. 20-21).

Schließlich kann eine fehlende Aktualisierung im Sicherheitsprozess auch zu einem unwirtschaftlichen Umgang mit Ressourcen führen, da falsche Prioritäten gesetzt werden und nicht an den richtigen Stellen investiert wird. Quelle: Unwirtschaftlicher Umgang mit Ressourcen durch unzureichendes Sicherheitsmanagement (S. 25-26).";"1. Welche Rolle spielt die Institutionsleitung bei der Umsetzung von Sicherheitsmaßnahmen?
2. Wie kann eine Institution ihre Informationssicherheit durch regelmäßige Aktualisierung und Überprüfung von Sicherheitsmaßnahmen verbessern?
3. Welche Auswirkungen kann ein Verstoß gegen gesetzliche Regelungen und vertragliche Vereinbarungen auf die Reputation und den Betrieb einer Institution haben?";3;3;0.9999999999875;0.75;1.0;0.271691812203981;Welche Rolle spielt die Institutionsleitung bei der Umsetzung von Sicherheitsmaßnahmen?;-1;-1;evaluation_failed;Wie kann eine Institution ihre Informationssicherheit durch regelmäßige Aktualisierung und Überprüfung von Sicherheitsmaßnahmen verbessern?;-1;-1;evaluation_failed;Welche Auswirkungen kann ein Verstoß gegen gesetzliche Regelungen und vertragliche Vereinbarungen auf die Reputation und den Betrieb einer Institution haben?;-1;-1;evaluation_failed;;
Muss es für Telearbeit formale Regelungen geben?;"Für Telearbeit müssen formale Regelungen existieren, um alle relevanten Aspekte zu regeln. Diese Regelungen müssen den Telearbeitenden zur Verfügung gestellt werden, um sicherzustellen, dass sie die geltenden Sicherheitsmaßnahmen verstehen und anwenden können. Quelle: OPS.1.2.4.A1 Regelungen für Telearbeit (B) [Vorgesetzte, Personalabteilung] 

Anschlussfragen:
1. Wie sollten die Regelungen für Telearbeit aktualisiert werden, um sicherzustellen, dass sie aktuell und effektiv bleiben?
2. Welche Rolle spielen Betriebsvereinbarungen und individuelle Vereinbarungen bei der Regelung von Telearbeit?
3. Wie können die Sicherheitsanforderungen an die Infrastruktur des Telearbeitsplatzes berücksichtigt werden, um eine sichere Telearbeitsumgebung zu gewährleisten?";Für Telearbeit müssen formale Regelungen existieren, um alle relevanten Aspekte zu regeln. Diese Regelungen müssen den Telearbeitenden zur Verfügung gestellt werden, um sicherzustellen, dass sie die geltenden Sicherheitsmaßnahmen verstehen und anwenden können. Quelle: OPS.1.2.4.A1 Regelungen für Telearbeit (B) [Vorgesetzte, Personalabteilung];OPS.1.2.4.A1 Regelungen für Telearbeit (B) [Vorgesetzte, Personalabteilung] Alle relevanten Aspekte der Telearbeit MÜSSEN geregelt werden. Zu Informationszwecken MÜSSEN den Telearbeitenden die geltenden Regelungen oder ein dafür vorgesehenes Merkblatt ausgehändigt werden, das die zu beachtenden Sicherheitsmaßnahmen erläutert. Alle strittigen Punkte MÜSSEN entweder durch Betriebsvereinbarungen oder durch zusätzlich zum Arbeitsvertrag getroffene individuelle Vereinbarungen zwischen dem Mitarbeitenden und der Institution geregelt werden. Die Regelungen MÜSSEN regelmäßig aktualisiert werden.;"Für Telearbeit müssen formale Regelungen existieren, um sicherzustellen, dass die Informationen der Institution geschützt werden. Dazu gehören Regelungen über die Nutzung des Telearbeitsplatzes, die Absicherung des Telearbeitsrechners und die Kommunikationsverbindung zwischen Telearbeitsrechnern und Institution. 

Es MUSS sichergestellt werden, dass nur autorisierte Personen Zugang zu den Telearbeitsrechnern haben und dass der Telearbeitsrechner so abgesichert wird, dass er nur für autorisierte Zwecke benutzt werden kann Quelle: OPS.1.2.4 Telearbeit. 

Es SOLLTE ein Sicherheitskonzept für die Telearbeit erstellt werden, das Sicherheitsziele, Schutzbedarf, Sicherheitsanforderungen sowie Risiken beschreibt Quelle: OPS.1.2.4 Telearbeit. 

Anschlussfragen:
1. Welche Sicherheitsanforderungen müssen an die Infrastruktur eines häuslichen Arbeitsplatzes gestellt werden?
2. Wie können die Gefährdungen durch unerlaubte private Nutzung des dienstlichen Telearbeitsrechners minimiert werden?
3. Welche Rolle spielt die interne Abstimmung für die OT-Fernwartung mit der Büro- und Gebäude-IT bei der Sicherstellung der Informationssicherheit?";"Für Telearbeit müssen formale Regelungen existieren, um sicherzustellen, dass die Informationen der Institution geschützt werden. Dazu gehören Regelungen über die Nutzung des Telearbeitsplatzes, die Absicherung des Telearbeitsrechners und die Kommunikationsverbindung zwischen Telearbeitsrechnern und Institution. 

Es MUSS sichergestellt werden, dass nur autorisierte Personen Zugang zu den Telearbeitsrechnern haben und dass der Telearbeitsrechner so abgesichert wird, dass er nur für autorisierte Zwecke benutzt werden kann Quelle: OPS.1.2.4 Telearbeit. 

Es SOLLTE ein Sicherheitskonzept für die Telearbeit erstellt werden, das Sicherheitsziele, Schutzbedarf, Sicherheitsanforderungen sowie Risiken beschreibt Quelle: OPS.1.2.4 Telearbeit.";"1. Welche Sicherheitsanforderungen müssen an die Infrastruktur eines häuslichen Arbeitsplatzes gestellt werden?
2. Wie können die Gefährdungen durch unerlaubte private Nutzung des dienstlichen Telearbeitsrechners minimiert werden?
3. Welche Rolle spielt die interne Abstimmung für die OT-Fernwartung mit der Büro- und Gebäude-IT bei der Sicherstellung der Informationssicherheit?";3;3;0.9999999999875;1.0;1.0;0.3976501203505428;Welche Sicherheitsanforderungen müssen an die Infrastruktur eines häuslichen Arbeitsplatzes gestellt werden?;-1;-1;evaluation_failed;Wie können die Gefährdungen durch unerlaubte private Nutzung des dienstlichen Telearbeitsrechners minimiert werden?;-1;-1;evaluation_failed;Welche Rolle spielt die interne Abstimmung für die OT-Fernwartung mit der Büro- und Gebäude-IT bei der Sicherstellung der Informationssicherheit?;-1;-1;evaluation_failed;;
Welche grundlegenden Sicherheitsanforderungen gelten für Telearbeitsrechner?;"Für Telearbeitsrechner gelten grundlegende Sicherheitsanforderungen, die sicherstellen, dass nur autorisierte Personen Zugang haben und der Rechner nur für autorisierte Zwecke benutzt werden kann. Konkret MÜSSEN sicherheitstechnische Anforderungen festgelegt werden, die ein IT-System für die Telearbeit erfüllen muss Quelle: OPS.1.2.4.A2 (S. nicht spezifiziert). Dazu gehören die Absicherung des Telearbeitsrechners und die Gewährleistung, dass nur autorisierte Personen Zugang haben Quelle: OPS.1.2.4.A2 (S. nicht spezifiziert).

Anschlussfragen:
1. Wie können die sicherheitstechnischen Anforderungen an Telearbeitsrechner umgesetzt werden?
2. Welche Rolle spielt die sichere Telekommunikationsverbindung zwischen Telearbeitsplatz und Institution?
3. Wie werden Anforderungen an die Datensicherung bei der Telearbeit geregelt?";Für Telearbeitsrechner gelten grundlegende Sicherheitsanforderungen, die sicherstellen, dass nur autorisierte Personen Zugang haben und der Rechner nur für autorisierte Zwecke benutzt werden kann. Konkret MÜSSEN sicherheitstechnische Anforderungen festgelegt werden, die ein IT-System für die Telearbeit erfüllen muss Quelle: OPS.1.2.4.A2 (S. nicht spezifiziert). Dazu gehören die Absicherung des Telearbeitsrechners und die Gewährleistung, dass nur autorisierte Personen Zugang haben Quelle: OPS.1.2.4.A2 (S. nicht spezifiziert).;OPS.1.2.4.A2 Sicherheitstechnische Anforderungen an den Telearbeitsrechner (B) Es MÜSSEN sicherheitstechnische Anforderungen festgelegt werden, die ein IT-System für die Telearbeit erfüllen muss. Es MUSS sichergestellt werden, dass nur autorisierte Personen Zugang zu den Telearbeitsrechnern haben. Darüber hinaus MUSS der Telearbeitsrechner so abgesichert werden, dass er nur für autorisierte Zwecke benutzt werden kann.;"Für Telearbeitsrechner gelten grundlegende Sicherheitsanforderungen, die sicherstellen, dass nur autorisierte Personen Zugang haben und der Rechner nur für autorisierte Zwecke benutzt werden kann. Quelle: OPS.1.2.4 Telearbeit (S.391). 

Es MUSS sichergestellt werden, dass der Telearbeitsrechner so abgesichert wird, dass er nur für autorisierte Zwecke benutzt werden kann. Quelle: OPS.1.2.4 Telearbeit (S.391). 

Zusätzlich SOLLTE ein Sicherheitskonzept für die Telearbeit erstellt werden, das Sicherheitsziele, Schutzbedarf, Sicherheitsanforderungen sowie Risiken beschreibt. Quelle: OPS.1.2.4 Telearbeit (S.391). 

Anschlussfragen:
1. Welche Rolle spielt die sichere Telekommunikationsverbindung zwischen Telearbeitsrechnern und Institution bei der Telearbeit?
2. Wie können Gefährdungen für einen häuslichen Arbeitsplatz als Telearbeitsplatz entgegengewirkt werden?
3. Welche Sicherheitsanforderungen müssen bei der Nutzung mobiler Arbeitsplätze berücksichtigt werden?";"Für Telearbeitsrechner gelten grundlegende Sicherheitsanforderungen, die sicherstellen, dass nur autorisierte Personen Zugang haben und der Rechner nur für autorisierte Zwecke benutzt werden kann. Quelle: OPS.1.2.4 Telearbeit (S.391). 

Es MUSS sichergestellt werden, dass der Telearbeitsrechner so abgesichert wird, dass er nur für autorisierte Zwecke benutzt werden kann. Quelle: OPS.1.2.4 Telearbeit (S.391). 

Zusätzlich SOLLTE ein Sicherheitskonzept für die Telearbeit erstellt werden, das Sicherheitsziele, Schutzbedarf, Sicherheitsanforderungen sowie Risiken beschreibt. Quelle: OPS.1.2.4 Telearbeit (S.391).";"1. Welche Rolle spielt die sichere Telekommunikationsverbindung zwischen Telearbeitsrechnern und Institution bei der Telearbeit?
2. Wie können Gefährdungen für einen häuslichen Arbeitsplatz als Telearbeitsplatz entgegengewirkt werden?
3. Welche Sicherheitsanforderungen müssen bei der Nutzung mobiler Arbeitsplätze berücksichtigt werden?";3;3;0.9821428571288265;1.0;1.0;0.6116173475475197;Welche Rolle spielt die sichere Telekommunikationsverbindung zwischen Telearbeitsrechnern und Institution bei der Telearbeit?;-1;-1;evaluation_failed;Wie können Gefährdungen für einen häuslichen Arbeitsplatz als Telearbeitsplatz entgegengewirkt werden?;-1;-1;evaluation_failed;Welche Sicherheitsanforderungen müssen bei der Nutzung mobiler Arbeitsplätze berücksichtigt werden?;-1;-1;evaluation_failed;;
Müssen Mitarbeitende speziell geschult werden?;"Mitarbeitende MÜSSEN speziell geschult werden, um die Gefahren, die mit der Telearbeit verbunden sind, zu erkennen und entsprechende Sicherheitsmaßnahmen anzuwenden. Dies umfasst eine Sensibilisierung für die Gefahren der Telearbeit sowie eine Schulung im Umgang mit den Sicherheitsmaßnahmen der Institution Quelle: OPS.1.2.4.A5 (S. nicht spezifiziert). Die Schulungs- und Sensibilisierungsmaßnahmen SOLLTEN regelmäßig wiederholt werden, um die Mitarbeitenden auf dem aktuellen Stand zu halten Quelle: OPS.1.2.4.A5 (S. nicht spezifiziert).

Anschlussfragen:
1. Welche spezifischen Sicherheitsmaßnahmen MÜSSEN den Mitarbeitenden beigebracht werden?
2. Wie oft SOLLTEN die Schulungs- und Sensibilisierungsmaßnahmen für die Mitarbeitenden wiederholt werden?
3. Welche Rolle spielt die Institution bei der Bereitstellung von Schulungs- und Sensibilisierungsmaßnahmen für die Telearbeit?";Mitarbeitende MÜSSEN speziell geschult werden, um die Gefahren, die mit der Telearbeit verbunden sind, zu erkennen und entsprechende Sicherheitsmaßnahmen anzuwenden. Dies umfasst eine Sensibilisierung für die Gefahren der Telearbeit sowie eine Schulung im Umgang mit den Sicherheitsmaßnahmen der Institution Quelle: OPS.1.2.4.A5 (S. nicht spezifiziert). Die Schulungs- und Sensibilisierungsmaßnahmen SOLLTEN regelmäßig wiederholt werden, um die Mitarbeitenden auf dem aktuellen Stand zu halten Quelle: OPS.1.2.4.A5 (S. nicht spezifiziert).;OPS.1.2.4.A5 Sensibilisierung und Schulung der Mitarbeitenden (B) Anhand eines Leitfadens MÜSSEN die Mitarbeitenden für die Gefahren sensibilisiert werden, die mit der Telearbeit verbunden sind. Außerdem MÜSSEN sie in die entsprechenden Sicherheitsmaßnahmen der Institution eingewiesen und im Umgang mit diesen geschult werden. Die Schulungs- und Sensibilisierungsmaßnahmen für Mitarbeitenden SOLLTEN regelmäßig wiederholt werden.;"Mitarbeitende MÜSSEN regelmäßig geschult bzw. weitergebildet werden, um sicherzustellen, dass kein Mitarbeitender mit veralteten Wissensstand arbeitet Quelle: Qualifikation des Personals (S.1). Insbesondere für das Thema Notfallmanagement SOLLTE es ein Schulungs- und Sensibilisierungskonzept geben, um die benötigten Kompetenzen aufzubauen Quelle: Integration der Mitarbeitenden in den Notfallmanagement-Prozess (S.2). 

Anschlussfragen:
1. Wie oft sollten Mitarbeitende im Notfallmanagement-Team geschult werden?
2. Welche Rolle spielt die Personalabteilung bei der Einarbeitung neuer Mitarbeitender?
3. Welche Aspekte sollten in einer Grundlagenschulung für die Notfallbewältigung behandelt werden?";Mitarbeitende MÜSSEN regelmäßig geschult bzw. weitergebildet werden, um sicherzustellen, dass kein Mitarbeitender mit veralteten Wissensstand arbeitet Quelle: Qualifikation des Personals (S.1). Insbesondere für das Thema Notfallmanagement SOLLTE es ein Schulungs- und Sensibilisierungskonzept geben, um die benötigten Kompetenzen aufzubauen Quelle: Integration der Mitarbeitenden in den Notfallmanagement-Prozess (S.2).;"1. Wie oft sollten Mitarbeitende im Notfallmanagement-Team geschult werden?
2. Welche Rolle spielt die Personalabteilung bei der Einarbeitung neuer Mitarbeitender?
3. Welche Aspekte sollten in einer Grundlagenschulung für die Notfallbewältigung behandelt werden?";3;3;0.9617346938638119;1.0;1.0;0.44274080280630385;Wie oft sollten Mitarbeitende im Notfallmanagement-Team geschult werden?;-1;-1;evaluation_failed;Welche Rolle spielt die Personalabteilung bei der Einarbeitung neuer Mitarbeitender?;-1;-1;evaluation_failed;Welche Aspekte sollten in einer Grundlagenschulung für die Notfallbewältigung behandelt werden?;-1;-1;evaluation_failed;;
Muss es ein eigenes Sicherheitskonzept für Telearbeit geben?;"Es SOLLTE ein Sicherheitskonzept für die Telearbeit erstellt werden, das Sicherheitsziele, Schutzbedarf, Sicherheitsanforderungen sowie Risiken beschreibt Quelle: OPS.1.2.4.A6 (S). Dieses Konzept SOLLTE regelmäßig aktualisiert und überarbeitet werden und auf das übergreifende Sicherheitskonzept der Institution abgestimmt werden Quelle: OPS.1.2.4.A6 (S).

Anschlussfragen:
1. Wie sollten die Sicherheitsanforderungen an die Infrastruktur des Telearbeitsplatzes berücksichtigt werden?
2. Welche Rolle spielt die Kommunikationsverbindung zwischen Telearbeitsrechnern und Institution bei der Telearbeit?
3. Wie können die IT-Systeme für die Telearbeit konfiguriert und abgesichert werden?";Es SOLLTE ein Sicherheitskonzept für die Telearbeit erstellt werden, das Sicherheitsziele, Schutzbedarf, Sicherheitsanforderungen sowie Risiken beschreibt Quelle: OPS.1.2.4.A6 (S). Dieses Konzept SOLLTE regelmäßig aktualisiert und überarbeitet werden und auf das übergreifende Sicherheitskonzept der Institution abgestimmt werden Quelle: OPS.1.2.4.A6 (S).;OPS.1.2.4.A6 Erstellen eines Sicherheitskonzeptes für Telearbeit (S) Es SOLLTE ein Sicherheitskonzept für die Telearbeit erstellt werden, das Sicherheitsziele, Schutzbedarf, Sicherheitsanforderungen sowie Risiken beschreibt. Das Konzept SOLLTE regelmäßig aktualisiert und überarbeitet werden. Das Sicherheitskonzept zur Telearbeit SOLLTE auf das übergreifende Sicherheitskonzept der Institution abgestimmt werden.;"Es SOLLTE ein Sicherheitskonzept für die Telearbeit erstellt werden, das Sicherheitsziele, Schutzbedarf, Sicherheitsanforderungen sowie Risiken beschreibt Quelle: OPS.1.2.4 Telearbeit. Dieses Konzept SOLLTE regelmäßig aktualisiert und überarbeitet werden und auf das übergreifende Sicherheitskonzept der Institution abgestimmt werden.

Anschlussfragen:
1. Welche spezifischen Anforderungen an die Infrastruktur für einen ortsfesten Telearbeitsplatz mit Zugang durch Dritte müssen definiert werden?
2. Wie kann ein sicherer Remote-Zugriff auf das Netz der Institution für Beschäftigte auf Auslandsreisen eingerichtet werden?
3. Welche Rolle spielt die Erstellung eines Sicherheitskonzeptes für das Outsourcing-Vorhaben im Rahmen der Telearbeit?";Es SOLLTE ein Sicherheitskonzept für die Telearbeit erstellt werden, das Sicherheitsziele, Schutzbedarf, Sicherheitsanforderungen sowie Risiken beschreibt Quelle: OPS.1.2.4 Telearbeit. Dieses Konzept SOLLTE regelmäßig aktualisiert und überarbeitet werden und auf das übergreifende Sicherheitskonzept der Institution abgestimmt werden.;"1. Welche spezifischen Anforderungen an die Infrastruktur für einen ortsfesten Telearbeitsplatz mit Zugang durch Dritte müssen definiert werden?
2. Wie kann ein sicherer Remote-Zugriff auf das Netz der Institution für Beschäftigte auf Auslandsreisen eingerichtet werden?
3. Welche Rolle spielt die Erstellung eines Sicherheitskonzeptes für das Outsourcing-Vorhaben im Rahmen der Telearbeit?";3;3;0.9999999999857143;1.0;1.0;0.9948483934369554;Welche spezifischen Anforderungen an die Infrastruktur für einen ortsfesten Telearbeitsplatz mit Zugang durch Dritte müssen definiert werden?;-1;-1;evaluation_failed;Wie kann ein sicherer Remote-Zugriff auf das Netz der Institution für Beschäftigte auf Auslandsreisen eingerichtet werden?;-1;-1;evaluation_failed;Welche Rolle spielt die Erstellung eines Sicherheitskonzeptes für das Outsourcing-Vorhaben im Rahmen der Telearbeit?;-1;-1;evaluation_failed;;
Wie soll die Nutzung von Internet und Kommunikationsmitteln geregelt werden?;"Die Nutzung von Internet und Kommunikationsmitteln bei der Telearbeit SOLLTE klar geregelt werden, um Missbrauch zu vermeiden. Die dienstliche und private Nutzung von Internetdiensten SOLLTE geregelt werden, einschließlich der Klärung, ob eine private Nutzung generell erlaubt oder unterbunden wird Quelle: OPS.1.2.4.A7 (S). 

Anschlussfragen:
1. Wie können die Kommunikationsmöglichkeiten bei der Telearbeit unter welchen Rahmenbedingungen genutzt werden?
2. Welche Rolle spielt die Datensicherung bei der Telearbeit, wenn Daten nicht unmittelbar auf IT-Systemen der Institution gespeichert werden?
3. Wie können die Sicherheitsanforderungen an die Infrastruktur des Telearbeitsplatzes berücksichtigt werden?";Die Nutzung von Internet und Kommunikationsmitteln bei der Telearbeit SOLLTE klar geregelt werden, um Missbrauch zu vermeiden. Die dienstliche und private Nutzung von Internetdiensten SOLLTE geregelt werden, einschließlich der Klärung, ob eine private Nutzung generell erlaubt oder unterbunden wird Quelle: OPS.1.2.4.A7 (S).;OPS.1.2.4.A7 Regelung der Nutzung von Kommunikationsmöglichkeiten bei Telearbeit (S) [IT-Betrieb, Mitarbeitende] Es SOLLTE klar geregelt werden, welche Kommunikationsmöglichkeiten bei der Telearbeit unter welchen Rahmenbedingungen genutzt werden dürfen. Die dienstliche und private Nutzung von Internetdiensten bei der Telearbeit SOLLTE geregelt werden. Dabei SOLLTE auch geklärt werden, ob eine private Nutzung generell erlaubt oder unterbunden wird.;"Die Nutzung von Internet und Kommunikationsmitteln sollte durch eine Richtlinie geregelt werden, die unter anderem festlegt, wer auf welche Informationen der Institution zugreifen darf. 
Eine solche Richtlinie MUSS Angaben dazu enthalten, welche Daten im Internet genutzt und übertragen werden dürfen und welche nicht Quelle: APP.3.1.A1 (S.391).
Es MUSS auch regelmäßig überprüft werden, ob die in der Richtlinie geforderten Inhalte richtig umgesetzt werden Quelle: ORP.4.A8 (S.73).
Für die Firewall MÜSSEN eindeutige Regeln definiert werden, die festlegen, welche Kommunikationsverbindungen und Datenströme zugelassen werden Quelle: NET.1.1.A4 (S.204-205).
Anschlussfragen:
1. Wie sollten die Richtlinien für die Nutzung von Internet und Kommunikationsmitteln in einer Institution erstellt werden?
2. Welche Rolle spielt die Firewall bei der Regulierung des Internetzugangs in einer Institution?
3. Wie kann die Einhaltung der Richtlinien für die Internetnutzung in einer Institution sichergestellt werden?";"Die Nutzung von Internet und Kommunikationsmitteln sollte durch eine Richtlinie geregelt werden, die unter anderem festlegt, wer auf welche Informationen der Institution zugreifen darf. 
Eine solche Richtlinie MUSS Angaben dazu enthalten, welche Daten im Internet genutzt und übertragen werden dürfen und welche nicht Quelle: APP.3.1.A1 (S.391).
Es MUSS auch regelmäßig überprüft werden, ob die in der Richtlinie geforderten Inhalte richtig umgesetzt werden Quelle: ORP.4.A8 (S.73).
Für die Firewall MÜSSEN eindeutige Regeln definiert werden, die festlegen, welche Kommunikationsverbindungen und Datenströme zugelassen werden Quelle: NET.1.1.A4 (S.204-205).";"1. Wie sollten die Richtlinien für die Nutzung von Internet und Kommunikationsmitteln in einer Institution erstellt werden?
2. Welche Rolle spielt die Firewall bei der Regulierung des Internetzugangs in einer Institution?
3. Wie kann die Einhaltung der Richtlinien für die Internetnutzung in einer Institution sichergestellt werden?";3;3;0.7545918367239141;1.0;0.8571428571428571;0.414563798379715;Wie sollten die Richtlinien für die Nutzung von Internet und Kommunikationsmitteln in einer Institution erstellt werden?;-1;-1;evaluation_failed;Welche Rolle spielt die Firewall bei der Regulierung des Internetzugangs in einer Institution?;-1;-1;evaluation_failed;Wie kann die Einhaltung der Richtlinien für die Internetnutzung in einer Institution sichergestellt werden?;-1;-1;evaluation_failed;;
Wie wird sichergestellt, dass Telearbeitende gut informiert bleiben?;"Um sicherzustellen, dass Telearbeitende gut informiert bleiben, SOLLTE ein regelmäßiger innerbetrieblicher Informationsaustausch zwischen den Mitarbeitenden und der Institution gewährleistet sein Quelle: OPS.1.2.4.A8 (S). Alle Mitarbeitenden SOLLTEN zeitnah über geänderte Sicherheitsanforderungen und andere sicherheitsrelevante Aspekte informiert werden Quelle: OPS.1.2.4.A8 (S). 

Anschlussfragen:
1. Wie werden technische und organisatorische Telearbeitsregelungen zur Aufgabenbewältigung und zu Sicherheitsvorfällen geregelt und kommuniziert?
2. Welche Rolle spielt die sichere Telekommunikationsverbindung zwischen dem Telearbeitsplatz und der Institution bei der Informationsübermittlung?
3. Wie werden Anforderungen an die Datensicherung bei der Telearbeit geregelt, wenn Daten nicht unmittelbar auf IT-Systemen der Institution gespeichert werden?";Um sicherzustellen, dass Telearbeitende gut informiert bleiben, SOLLTE ein regelmäßiger innerbetrieblicher Informationsaustausch zwischen den Mitarbeitenden und der Institution gewährleistet sein Quelle: OPS.1.2.4.A8 (S). Alle Mitarbeitenden SOLLTEN zeitnah über geänderte Sicherheitsanforderungen und andere sicherheitsrelevante Aspekte informiert werden Quelle: OPS.1.2.4.A8 (S).;OPS.1.2.4.A8 Informationsfluss zwischen Mitarbeitenden und Institution (S) [Vorgesetzte, Mitarbeitende] Ein regelmäßiger innerbetrieblicher Informationsaustausch zwischen den Mitarbeitenden und der Institution SOLLTE gewährleistet sein. Alle Mitarbeitenden SOLLTEN zeitnah über geänderte Sicherheitsanforderungen und andere sicherheitsrelevante Aspekte informiert werden. Allen Kollegen und Kolleginnen der jeweiligen Mitarbeitenden SOLLTE bekannt sein, wann und wo diese erreicht werden können. Technische und organisatorische Telearbeitsregelungen zur Aufgabenbewältigung, zu Sicherheitsvorfällen und sonstigen Problemen SOLLTEN geregelt und an die Mitarbeitenden kommuniziert werden.;"Um sicherzustellen, dass Telearbeitende gut informiert bleiben, sollten Informationen, die für die allgemeine Öffentlichkeit bestimmt sind, zeitgleich oder früher intern kommuniziert werden. Dies verhindert, dass Mitarbeitende erst durch Medien über wichtige Ereignisse erfahren und sich dadurch vernachlässigt fühlen. Es ist auch ratsam, Gerüchten und Mutmaßungen vorzubeugen, indem alle Mitarbeitenden zeitnah informiert werden. Quelle: Sensibilisierung und Schulung der Mitarbeitenden (S.1).

Anschlussfragen:
1. Wie können die Gefahren der Telearbeit minimiert werden?
2. Welche Rolle spielt die Sensibilisierung und Schulung der Mitarbeitenden im Umgang mit Mobiltelefonen?
3. Wie kann die Einbindung der Telearbeitenden in den Informationsfluss verbessert werden?";Um sicherzustellen, dass Telearbeitende gut informiert bleiben, sollten Informationen, die für die allgemeine Öffentlichkeit bestimmt sind, zeitgleich oder früher intern kommuniziert werden. Dies verhindert, dass Mitarbeitende erst durch Medien über wichtige Ereignisse erfahren und sich dadurch vernachlässigt fühlen. Es ist auch ratsam, Gerüchten und Mutmaßungen vorzubeugen, indem alle Mitarbeitenden zeitnah informiert werden. Quelle: Sensibilisierung und Schulung der Mitarbeitenden (S.1).;"1. Wie können die Gefahren der Telearbeit minimiert werden?
2. Welche Rolle spielt die Sensibilisierung und Schulung der Mitarbeitenden im Umgang mit Mobiltelefonen?
3. Wie kann die Einbindung der Telearbeitenden in den Informationsfluss verbessert werden?";3;3;0.9999999999857143;1.0;0.8;0.4870476555462544;Wie können die Gefahren der Telearbeit minimiert werden?;-1;-1;evaluation_failed;Welche Rolle spielt die Sensibilisierung und Schulung der Mitarbeitenden im Umgang mit Mobiltelefonen?;-1;-1;evaluation_failed;Wie kann die Einbindung der Telearbeitenden in den Informationsfluss verbessert werden?;-1;-1;evaluation_failed;;
Was muss zur Einrichtung eines Telearbeitsplatzes beachtet werden?;"Bevor ein Telearbeitsplatz eingerichtet wird, SOLLTE eine Anforderungsanalyse durchgeführt werden, um die benötigten Hard- und Software-Komponenten zu bestimmen Quelle: OPS.1.2.4.A10 (S). Die Anforderungen an den jeweiligen Telearbeitsplatz SOLLTEN mit den IT-Verantwortlichen abgestimmt werden Quelle: OPS.1.2.4.A10 (S). Es SOLLTE immer festgestellt und dokumentiert werden, welchen Schutzbedarf die am Telearbeitsplatz verarbeiteten Informationen haben Quelle: OPS.1.2.4.A10 (S).

Anschlussfragen:
1. Wie sollten die Anforderungen an den Telearbeitsplatz mit den IT-Verantwortlichen abgestimmt werden?
2. Welche Rolle spielt die Anforderungsanalyse bei der Einrichtung eines Telearbeitsplatzes?
3. Wie können die Sicherheitsanforderungen an die Infrastruktur des Telearbeitsplatzes berücksichtigt werden?";Bevor ein Telearbeitsplatz eingerichtet wird, SOLLTE eine Anforderungsanalyse durchgeführt werden, um die benötigten Hard- und Software-Komponenten zu bestimmen Quelle: OPS.1.2.4.A10 (S). Die Anforderungen an den jeweiligen Telearbeitsplatz SOLLTEN mit den IT-Verantwortlichen abgestimmt werden Quelle: OPS.1.2.4.A10 (S). Es SOLLTE immer festgestellt und dokumentiert werden, welchen Schutzbedarf die am Telearbeitsplatz verarbeiteten Informationen haben Quelle: OPS.1.2.4.A10 (S).;OPS.1.2.4.A10 Durchführung einer Anforderungsanalyse für den Telearbeitsplatz (S) [IT-Betrieb] Bevor ein Telearbeitsplatz eingerichtet wird, SOLLTE eine Anforderungsanalyse durchgeführt werden. Daraus SOLLTE z. B. hervorgehen, welche Hard- und Software-Komponenten für den Telearbeitsplatz benötigt werden. Die Anforderungen an den jeweiligen Telearbeitsplatz SOLLTEN mit den ITVerantwortlichen abgestimmt werden. Es SOLLTE immer festgestellt und dokumentiert werden, welchen Schutzbedarf die am Telearbeitsplatz verarbeiteten Informationen haben.;"Zur Einrichtung eines Telearbeitsplatzes müssen verschiedene Aspekte beachtet werden. Dazu gehören die Organisation der Telearbeit, der Arbeitsplatz-PC der Mitarbeitenden und die Kommunikationsverbindung zwischen Telearbeitsrechnern und Institution. Es müssen sicherheitstechnische Anforderungen festgelegt werden, die ein IT-System für die Telearbeit erfüllen muss, wie z.B. die Absicherung des Telearbeitsrechners und die Gewährleistung, dass nur autorisierte Personen Zugang haben. 
Quelle: OPS.1.2.4 Telearbeit (S.391). 
Darüber hinaus sollte ein Sicherheitskonzept für die Telearbeit erstellt werden, das regelmäßig aktualisiert und überarbeitet wird. 
Quelle: OPS.1.2.4 Telearbeit (S.391). 
Anforderungen an die Infrastruktur des Telearbeitsplatzes sind im Baustein INF.8 Häuslicher Arbeitsplatz beschrieben. 
Quelle: INF.8 Häuslicher Arbeitsplatz (S.1).

Anschlussfragen:
1. Welche Rolle spielt die Kommunikationsverbindung zwischen Telearbeitsrechnern und Institution bei der Einrichtung eines Telearbeitsplatzes?
2. Wie können sicherheitstechnische Anforderungen an den Telearbeitsrechner umgesetzt werden?
3. Welche Bedeutung hat die Erstellung eines Sicherheitskonzepts für die Telearbeit?";"Zur Einrichtung eines Telearbeitsplatzes müssen verschiedene Aspekte beachtet werden. Dazu gehören die Organisation der Telearbeit, der Arbeitsplatz-PC der Mitarbeitenden und die Kommunikationsverbindung zwischen Telearbeitsrechnern und Institution. Es müssen sicherheitstechnische Anforderungen festgelegt werden, die ein IT-System für die Telearbeit erfüllen muss, wie z.B. die Absicherung des Telearbeitsrechners und die Gewährleistung, dass nur autorisierte Personen Zugang haben. 
Quelle: OPS.1.2.4 Telearbeit (S.391). 
Darüber hinaus sollte ein Sicherheitskonzept für die Telearbeit erstellt werden, das regelmäßig aktualisiert und überarbeitet wird. 
Quelle: OPS.1.2.4 Telearbeit (S.391). 
Anforderungen an die Infrastruktur des Telearbeitsplatzes sind im Baustein INF.8 Häuslicher Arbeitsplatz beschrieben. 
Quelle: INF.8 Häuslicher Arbeitsplatz (S.1).";"1. Welche Rolle spielt die Kommunikationsverbindung zwischen Telearbeitsrechnern und Institution bei der Einrichtung eines Telearbeitsplatzes?
2. Wie können sicherheitstechnische Anforderungen an den Telearbeitsrechner umgesetzt werden?
3. Welche Bedeutung hat die Erstellung eines Sicherheitskonzepts für die Telearbeit?";3;3;0.9999999999833333;1.0;1.0;0.31774009616277255;Welche Rolle spielt die Kommunikationsverbindung zwischen Telearbeitsrechnern und Institution bei der Einrichtung eines Telearbeitsplatzes?;-1;-1;evaluation_failed;Wie können sicherheitstechnische Anforderungen an den Telearbeitsrechner umgesetzt werden?;-1;-1;evaluation_failed;Welche Bedeutung hat die Erstellung eines Sicherheitskonzepts für die Telearbeit?;-1;-1;evaluation_failed;;
Wie werden Wartung und Support für Telearbeitsplätze organisiert?;"Für Telearbeitsplätze SOLLTE ein spezielles Betreuungs- und Wartungskonzept erstellt werden, das Aspekte wie Kontaktperson des IT-Betriebs, Wartungstermine, Fernwartung, Transport der IT-Geräte und Einführung von Standard-Telearbeitsrechnern regelt Quelle: OPS.1.2.4.A9 (S). Damit die Mitarbeitenden einsatzfähig bleiben, SOLLTEN für sie Kontaktpersonen für Hard- und Softwareprobleme benannt werden Quelle: OPS.1.2.4.A9 (S). 

Anschlussfragen:
1. Wie werden die Kommunikationsverbindungen zwischen Telearbeitsrechnern und Institution abgesichert?
2. Welche Rolle spielt der Baustein INF.8 Häuslicher Arbeitsplatz bei der Sicherheit des Telearbeitsplatzes?
3. Wie werden Datensicherungen für bei der Telearbeit veränderte Daten gehandhabt, wenn sie nicht unmittelbar auf IT-Systemen der Institution gespeichert werden?";Für Telearbeitsplätze SOLLTE ein spezielles Betreuungs- und Wartungskonzept erstellt werden, das Aspekte wie Kontaktperson des IT-Betriebs, Wartungstermine, Fernwartung, Transport der IT-Geräte und Einführung von Standard-Telearbeitsrechnern regelt Quelle: OPS.1.2.4.A9 (S). Damit die Mitarbeitenden einsatzfähig bleiben, SOLLTEN für sie Kontaktpersonen für Hard- und Softwareprobleme benannt werden Quelle: OPS.1.2.4.A9 (S).;OPS.1.2.4.A9 Betreuungs- und Wartungskonzept für Telearbeitsplätze (S) [ITBetrieb, Mitarbeitende] Für Telearbeitsplätze SOLLTE ein spezielles Betreuungs- und Wartungskonzept erstellt werden. Darin SOLLTEN folgende Aspekte geregelt werden: Kontaktperson des IT-Betriebs, Wartungstermine, Fernwartung, Transport der IT-Geräte und Einführung von Standard-Telearbeitsrechnern. Damit die Mitarbeitenden einsatzfähig bleiben, SOLLTEN für sie Kontaktpersonen für Hard- und Softwareprobleme benannt werden.;"Für die Wartung und den Support von Telearbeitsplätzen müssen ergänzende organisatorische Absprachen zwischen den Mitarbeitenden und den Führungskräften getroffen werden. Dazu gehören Handlungsanweisungen für den Fall, dass sicherheitsrelevante Vorkommnisse am Telearbeitsplatz eintreten. Quelle: OPS.1.2.4 Telearbeit (S.1), Abschnitt ""Telearbeit"".

Es ist wichtig, dass die Institution Regelungen für den Telearbeitsplatz festlegt, um sicherzustellen, dass die Mitarbeitenden wissen, wie sie im Falle eines Problems vorgehen sollen. Quelle: OPS.1.2.4 Telearbeit (S.2), Abschnitt ""Fehlende oder unzureichende Regelungen für den Telearbeitsplatz"".

Für die Wartung von Z-Systemen müssen die Z-Hardware und -Firmware, das Betriebssystem sowie die verschiedenen Programme regelmäßig und bei Bedarf gepflegt werden. Quelle: INF.8 Häuslicher Arbeitsplatz (S.5), Abschnitt ""Wartung von Z-Systemen"".

Anschlussfragen:
1. Wie können die Mitarbeitenden auf mögliche Sicherheitsrisiken am Telearbeitsplatz hingewiesen werden?
2. Welche Anforderungen müssen für die Fernwartung von Telearbeitsplätzen erfüllt werden?
3. Wie kann die Institution sicherstellen, dass die Telearbeitenden die notwendigen Kenntnisse und Fähigkeiten besitzen, um sicher zu arbeiten?";"Für die Wartung und den Support von Telearbeitsplätzen müssen ergänzende organisatorische Absprachen zwischen den Mitarbeitenden und den Führungskräften getroffen werden. Dazu gehören Handlungsanweisungen für den Fall, dass sicherheitsrelevante Vorkommnisse am Telearbeitsplatz eintreten. Quelle: OPS.1.2.4 Telearbeit (S.1), Abschnitt ""Telearbeit"".

Es ist wichtig, dass die Institution Regelungen für den Telearbeitsplatz festlegt, um sicherzustellen, dass die Mitarbeitenden wissen, wie sie im Falle eines Problems vorgehen sollen. Quelle: OPS.1.2.4 Telearbeit (S.2), Abschnitt ""Fehlende oder unzureichende Regelungen für den Telearbeitsplatz"".

Für die Wartung von Z-Systemen müssen die Z-Hardware und -Firmware, das Betriebssystem sowie die verschiedenen Programme regelmäßig und bei Bedarf gepflegt werden. Quelle: INF.8 Häuslicher Arbeitsplatz (S.5), Abschnitt ""Wartung von Z-Systemen"".";"1. Wie können die Mitarbeitenden auf mögliche Sicherheitsrisiken am Telearbeitsplatz hingewiesen werden?
2. Welche Anforderungen müssen für die Fernwartung von Telearbeitsplätzen erfüllt werden?
3. Wie kann die Institution sicherstellen, dass die Telearbeitenden die notwendigen Kenntnisse und Fähigkeiten besitzen, um sicher zu arbeiten?";3;3;0.9379251700546283;1.0;1.0;0.5247027724044727;Wie können die Mitarbeitenden auf mögliche Sicherheitsrisiken am Telearbeitsplatz hingewiesen werden?;-1;-1;evaluation_failed;Welche Anforderungen müssen für die Fernwartung von Telearbeitsplätzen erfüllt werden?;-1;-1;evaluation_failed;Wie kann die Institution sicherstellen, dass die Telearbeitenden die notwendigen Kenntnisse und Fähigkeiten besitzen, um sicher zu arbeiten?;-1;-1;evaluation_failed;;
Wie wird sichergestellt, dass Telearbeit in das übergreifende Sicherheitskonzept integriert ist?;"Das Sicherheitskonzept für Telearbeit SOLLTE auf das übergreifende Sicherheitskonzept der Institution abgestimmt werden, um sicherzustellen, dass Telearbeit in das übergreifende Sicherheitskonzept integriert ist Quelle: OPS.1.2.4.A6 (S.). Dies geschieht durch die Erstellung eines Sicherheitskonzeptes für die Telearbeit, das Sicherheitsziele, Schutzbedarf, Sicherheitsanforderungen sowie Risiken beschreibt und regelmäßig aktualisiert wird Quelle: OPS.1.2.4.A6 (S.).

Anschlussfragen:
1. Wie werden die Sicherheitsanforderungen an die Infrastruktur des Telearbeitsplatzes berücksichtigt?
2. Welche Rolle spielen die Bausteine INF.8 Häuslicher Arbeitsplatz und INF.9 Mobiler Arbeitsplatz bei der Sicherheit von Telearbeitsplätzen?
3. Wie werden Daten, die bei der Telearbeit verändert wurden, gesichert, wenn sie nicht unmittelbar auf IT-Systemen der Institution gespeichert werden?";Das Sicherheitskonzept für Telearbeit SOLLTE auf das übergreifende Sicherheitskonzept der Institution abgestimmt werden, um sicherzustellen, dass Telearbeit in das übergreifende Sicherheitskonzept integriert ist Quelle: OPS.1.2.4.A6 (S.). Dies geschieht durch die Erstellung eines Sicherheitskonzeptes für die Telearbeit, das Sicherheitsziele, Schutzbedarf, Sicherheitsanforderungen sowie Risiken beschreibt und regelmäßig aktualisiert wird Quelle: OPS.1.2.4.A6 (S.).;"OPS.1.2.4.A6 Erstellen eines Sicherheitskonzeptes für Telearbeit (S) 
Es SOLLTE ein Sicherheitskonzept für die Telearbeit erstellt werden, das Sicherheitsziele, Schutzbedarf, Sicherheitsanforderungen sowie Risiken beschreibt. Das Konzept SOLLTE regelmäßig aktualisiert und überarbeitet werden. Das Sicherheitskonzept zur Telearbeit SOLLTE auf das übergreifende Sicherheitskonzept der Institution abgestimmt werden.";"Um sicherzustellen, dass Telearbeit in das übergreifende Sicherheitskonzept integriert ist, SOLLTE ein Sicherheitskonzept für die Telearbeit erstellt werden, das Sicherheitsziele, Schutzbedarf, Sicherheitsanforderungen sowie Risiken beschreibt Quelle: OPS.1.2.4 Telearbeit. Das Konzept SOLLTE regelmäßig aktualisiert und überarbeitet werden und auf das übergreifende Sicherheitskonzept der Institution abgestimmt werden Quelle: OPS.1.2.4 Telearbeit. 

Anschlussfragen:
1. Wie werden die Sicherheitsanforderungen an die Infrastruktur des Telearbeitsplatzes geregelt?
2. Welche Rolle spielt die Kommunikationsverbindung zwischen Telearbeitsrechnern und Institution bei der Sicherstellung der Informationssicherheit?
3. Wie werden die Sicherheitsziele und -anforderungen für mobile Arbeitsplätze definiert und umgesetzt?";Um sicherzustellen, dass Telearbeit in das übergreifende Sicherheitskonzept integriert ist, SOLLTE ein Sicherheitskonzept für die Telearbeit erstellt werden, das Sicherheitsziele, Schutzbedarf, Sicherheitsanforderungen sowie Risiken beschreibt Quelle: OPS.1.2.4 Telearbeit. Das Konzept SOLLTE regelmäßig aktualisiert und überarbeitet werden und auf das übergreifende Sicherheitskonzept der Institution abgestimmt werden Quelle: OPS.1.2.4 Telearbeit.;"1. Wie werden die Sicherheitsanforderungen an die Infrastruktur des Telearbeitsplatzes geregelt?
2. Welche Rolle spielt die Kommunikationsverbindung zwischen Telearbeitsrechnern und Institution bei der Sicherstellung der Informationssicherheit?
3. Wie werden die Sicherheitsziele und -anforderungen für mobile Arbeitsplätze definiert und umgesetzt?";3;3;0.9999999999875;1.0;1.0;0.7926761020485698;Wie werden die Sicherheitsanforderungen an die Infrastruktur des Telearbeitsplatzes geregelt?;-1;-1;evaluation_failed;Welche Rolle spielt die Kommunikationsverbindung zwischen Telearbeitsrechnern und Institution bei der Sicherstellung der Informationssicherheit?;-1;-1;evaluation_failed;Wie werden die Sicherheitsziele und -anforderungen für mobile Arbeitsplätze definiert und umgesetzt?;-1;-1;evaluation_failed;;
Wie wird der Schutzbedarf der Informationen bei der Entscheidung für Telearbeit berücksichtigt?;"Beim Einrichten eines Telearbeitsplatzes SOLLTE eine Anforderungsanalyse durchgeführt werden, um den Schutzbedarf der verarbeiteten Informationen zu bestimmen Quelle: OPS.1.2.4.A10 (S). Dieser Schutzbedarf SOLLTE dokumentiert und mit den IT-Verantwortlichen abgestimmt werden, um sicherzustellen, dass die Hard- und Software-Komponenten des Telearbeitsplatzes den Anforderungen entsprechen Quelle: OPS.1.2.4.A10 (S). 

Anschlussfragen:
1. Wie werden die Anforderungen an den Telearbeitsplatz mit den IT-Verantwortlichen abgestimmt?
2. Welche Rolle spielt die Datensicherung bei der Telearbeit, wenn Daten nicht unmittelbar auf IT-Systemen der Institution gespeichert werden?
3. Wie werden die Sicherheitsanforderungen an die Infrastruktur des Telearbeitsplatzes berücksichtigt?";Beim Einrichten eines Telearbeitsplatzes SOLLTE eine Anforderungsanalyse durchgeführt werden, um den Schutzbedarf der verarbeiteten Informationen zu bestimmen Quelle: OPS.1.2.4.A10 (S). Dieser Schutzbedarf SOLLTE dokumentiert und mit den IT-Verantwortlichen abgestimmt werden, um sicherzustellen, dass die Hard- und Software-Komponenten des Telearbeitsplatzes den Anforderungen entsprechen Quelle: OPS.1.2.4.A10 (S).;OPS.1.2.4.A10 Durchführung einer Anforderungsanalyse für den Telearbeitsplatz (S) [IT-Betrieb] Bevor ein Telearbeitsplatz eingerichtet wird, SOLLTE eine Anforderungsanalyse durchgeführt werden. Daraus SOLLTE z. B. hervorgehen, welche Hard- und Software-Komponenten für den Telearbeitsplatz benötigt werden. Die Anforderungen an den jeweiligen Telearbeitsplatz SOLLTEN mit den ITVerantwortlichen abgestimmt werden. Es SOLLTE immer festgestellt und dokumentiert werden, welchen Schutzbedarf die am Telearbeitsplatz verarbeiteten Informationen haben.;"Der Schutzbedarf der Informationen bei der Entscheidung für Telearbeit wird durch die Erstellung eines Sicherheitskonzepts für die Telearbeit berücksichtigt, das Sicherheitsziele, Schutzbedarf, Sicherheitsanforderungen sowie Risiken beschreibt Quelle: OPS.1.2.4 Telearbeit (S.1). Es SOLLTE ein Sicherheitskonzept für die Telearbeit erstellt werden, das regelmäßig aktualisiert und überarbeitet wird Quelle: OPS.1.2.4 Telearbeit (S.2). 

Wenn Informationen mit erhöhtem Schutzbedarf bearbeitet werden, SOLLTE überlegt werden, von einem häuslichen Arbeitsplatz ganz abzusehen Quelle: INF.8 Häuslicher Arbeitsplatz (S.5). Anderenfalls SOLLTE der häusliche Arbeitsplatz durch erweiterte, hochwertige technische Sicherungsmaßnahmen geschützt werden Quelle: INF.8 Häuslicher Arbeitsplatz (S.5).

Anschlussfragen:
1. Wie können die Sicherheitsanforderungen an den Telearbeitsrechner festgelegt werden?
2. Welche Rolle spielt die Erstellung eines Sicherheitskonzepts für die Telearbeit bei der Entscheidung für Telearbeit?
3. Wie können die Sicherheitsrisiken bei der Nutzung von mobilen Arbeitsplätzen minimiert werden?";"Der Schutzbedarf der Informationen bei der Entscheidung für Telearbeit wird durch die Erstellung eines Sicherheitskonzepts für die Telearbeit berücksichtigt, das Sicherheitsziele, Schutzbedarf, Sicherheitsanforderungen sowie Risiken beschreibt Quelle: OPS.1.2.4 Telearbeit (S.1). Es SOLLTE ein Sicherheitskonzept für die Telearbeit erstellt werden, das regelmäßig aktualisiert und überarbeitet wird Quelle: OPS.1.2.4 Telearbeit (S.2). 

Wenn Informationen mit erhöhtem Schutzbedarf bearbeitet werden, SOLLTE überlegt werden, von einem häuslichen Arbeitsplatz ganz abzusehen Quelle: INF.8 Häuslicher Arbeitsplatz (S.5). Anderenfalls SOLLTE der häusliche Arbeitsplatz durch erweiterte, hochwertige technische Sicherungsmaßnahmen geschützt werden Quelle: INF.8 Häuslicher Arbeitsplatz (S.5).";"1. Wie können die Sicherheitsanforderungen an den Telearbeitsrechner festgelegt werden?
2. Welche Rolle spielt die Erstellung eines Sicherheitskonzepts für die Telearbeit bei der Entscheidung für Telearbeit?
3. Wie können die Sicherheitsrisiken bei der Nutzung von mobilen Arbeitsplätzen minimiert werden?";3;3;0.9999999999875;1.0;1.0;0.34660700457554156;Wie können die Sicherheitsanforderungen an den Telearbeitsrechner festgelegt werden?;-1;-1;evaluation_failed;Welche Rolle spielt die Erstellung eines Sicherheitskonzepts für die Telearbeit bei der Entscheidung für Telearbeit?;-1;-1;evaluation_failed;Wie können die Sicherheitsrisiken bei der Nutzung von mobilen Arbeitsplätzen minimiert werden?;-1;-1;evaluation_failed;;
Was versteht der IT-Grundschutz unter Fernwartung?;"Der IT-Grundschutz versteht unter Fernwartung einen zeitlich begrenzten Zugriff auf IT-Systeme und die darauf laufenden Anwendungen, der von einem anderen IT-System aus erfolgt. Quelle: 1.1. Einleitung (S.1). Dies kann zur Durchführung von Konfigurations-, Wartungs- oder Reparaturarbeiten dienen. Die Fernwartung kann auf unterschiedliche Weise geschehen, wie z.B. durch die Übertragung von Tastatur- und Maussignalen oder der Ein- und Ausgabe der Konsole. Quelle: 1.1. Einleitung (S.1). Es gibt auch passive und aktive Formen der Fernwartung, wobei bei der passiven Fernwartung nur die Bildschirminhalte übertragen werden und bei der aktiven Fernwartung die Administrierenden direkt auf dem entfernten IT-System agieren. Quelle: 1.1. Einleitung (S.1).

Anschlussfragen:
1. Welche Arten von Fernwartung gibt es und wie unterscheiden sie sich voneinander?
2. Warum ist die Absicherung von Fernwartungskomponenten von besonderer Bedeutung?
3. Welche Rolle spielt die Fernwartung in Institutionen mit IT-Systemen, die sich außerhalb der Reichweite ihrer Administrierenden befinden?";Der IT-Grundschutz versteht unter Fernwartung einen zeitlich begrenzten Zugriff auf IT-Systeme und die darauf laufenden Anwendungen, der von einem anderen IT-System aus erfolgt. Quelle: 1.1. Einleitung (S.1). Dies kann zur Durchführung von Konfigurations-, Wartungs- oder Reparaturarbeiten dienen. Die Fernwartung kann auf unterschiedliche Weise geschehen, wie z.B. durch die Übertragung von Tastatur- und Maussignalen oder der Ein- und Ausgabe der Konsole. Quelle: 1.1. Einleitung (S.1). Es gibt auch passive und aktive Formen der Fernwartung, wobei bei der passiven Fernwartung nur die Bildschirminhalte übertragen werden und bei der aktiven Fernwartung die Administrierenden direkt auf dem entfernten IT-System agieren. Quelle: 1.1. Einleitung (S.1).;1.1. Einleitung Mit dem Begriff Fernwartung wird ein zeitlich begrenzter Zugriff auf IT-Systeme und die darauf laufenden Anwendungen bezeichnet, der von einem anderen IT-System aus erfolgt. Der Zugriff kann z. B. dazu dienen, Konfigurations-, Wartungs- oder Reparaturarbeiten durchzuführen. Die Fernwartung kann auf unterschiedliche Weise geschehen. Bei der Fernwartung von Clients werden oft die Tastatur- und Maussignale von IT-Systemen von den Administrierenden an ein entferntes IT-System übertragen. Das entfernte IT-System überträgt die Bildschirmausgabe an das IT-System der Administrierenden. Die Administrierenden führen Aktionen auf dem entfernten IT-System so aus, als wenn sie selbst vor Ort wären (aktive Fernwartung). Bei der Fernwartung von Servern wird oft die Einund Ausgabe der Konsole übertragen. Bei der passiven Fernwartung werden nur die Bildschirminhalte eines IT-Systems zu den Administrierenden übertragen. Administrierende erteilen den Benutzenden vor Ort Anweisungen, die von ihnen ausgeführt und von den Administrierenden beobachtet werden. Allerdings erweist sich dieses Vorgehen in der Praxis meist als sehr zeitintensiv und umständlich, weshalb häufig dem ITBetrieb voller Zugriff über das IT-System zugewiesen wird. Da sich viele IT-Systeme außerhalb der Reichweite ihrer Administrierenden befinden (z. B. in entfernten Rechenzentren, Industrieanlagen oder einem Außenstandort ohne IT-Personal), wird Fernwartung in vielen Institutionen eingesetzt. Bei der Fernwartung wird oft über unsichere Netze auf interne IT-Systeme und Anwendungen einer Institution zugegriffen. Wegen der dabei bestehenden tiefgreifenden Eingriffsmöglichkeiten in diese IT-Systeme und Anwendungen ist die Absicherung von Fernwartungskomponenten von besonderer Bedeutung.;"Der IT-Grundschutz definiert Fernwartung als einen zeitlich begrenzten Zugriff auf IT-Systeme und die darauf laufenden Anwendungen, der von einem anderen IT-System aus erfolgt. Quelle: Fernwartung (S.1). 

Fernwartung kann auf unterschiedliche Weise geschehen, wie z.B. durch die Übertragung von Tastatur- und Maussignalen oder durch die Übertragung der Konsolein- und -ausgabe. Quelle: Fernwartung (S.1). 

Das Ziel des IT-Grundschutz-Bausteins Fernwartung ist der Schutz der Informationen, die bei der Fernwartung gespeichert, verarbeitet und übertragen werden, sowie der Schutz der Fernwartungsschnittstellen von IT-Systemen. Quelle: Fernwartung (S.2). 

Anschlussfragen:
1. Welche Arten von Fernwartung gibt es und wie unterscheiden sie sich voneinander?
2. Wie kann die Sicherheit von Fernwartungssitzungen gewährleistet werden, insbesondere im industriellen Umfeld?
3. Welche Rolle spielen vertragliche Regelungen bei der Fernwartung durch Dritte, und wie können sie die Informationssicherheit unterstützen?";"Der IT-Grundschutz definiert Fernwartung als einen zeitlich begrenzten Zugriff auf IT-Systeme und die darauf laufenden Anwendungen, der von einem anderen IT-System aus erfolgt. Quelle: Fernwartung (S.1). 

Fernwartung kann auf unterschiedliche Weise geschehen, wie z.B. durch die Übertragung von Tastatur- und Maussignalen oder durch die Übertragung der Konsolein- und -ausgabe. Quelle: Fernwartung (S.1). 

Das Ziel des IT-Grundschutz-Bausteins Fernwartung ist der Schutz der Informationen, die bei der Fernwartung gespeichert, verarbeitet und übertragen werden, sowie der Schutz der Fernwartungsschnittstellen von IT-Systemen. Quelle: Fernwartung (S.2).";"1. Welche Arten von Fernwartung gibt es und wie unterscheiden sie sich voneinander?
2. Wie kann die Sicherheit von Fernwartungssitzungen gewährleistet werden, insbesondere im industriellen Umfeld?
3. Welche Rolle spielen vertragliche Regelungen bei der Fernwartung durch Dritte, und wie können sie die Informationssicherheit unterstützen?";3;3;0.9583333333173611;1.0;1.0;0.608403105666879;Welche Arten von Fernwartung gibt es und wie unterscheiden sie sich voneinander?;-1;-1;evaluation_failed;Wie kann die Sicherheit von Fernwartungssitzungen gewährleistet werden, insbesondere im industriellen Umfeld?;-1;-1;evaluation_failed;Welche Rolle spielen vertragliche Regelungen bei der Fernwartung durch Dritte, und wie können sie die Informationssicherheit unterstützen?;-1;-1;evaluation_failed;;
Muss der Einsatz von Fernwartung geplant werden?;"Der Einsatz von Fernwartung MUSS geplant werden, um sicherzustellen, dass die Fernwartung an die Institution angepasst wird und technische sowie organisatorische Aspekte bedarfsgerecht berücksichtigt werden Quelle: OPS.1.2.5.A1 (S. nicht spezifiziert). Dies umfasst die Planung, welche IT-Systeme ferngewartet werden sollen und wer dafür zuständig ist.

Anschlussfragen:
1. Welche Aspekte müssen bei der Planung des Einsatzes der Fernwartung berücksichtigt werden?
2. Wie werden die Sicherheitsaspekte der eingesetzten Kommunikationsverbindungen und Authentisierungsmechanismen bei der Fernwartung behandelt?
3. Welche anderen Bausteine müssen bei der Nutzung von Fernwartung zusätzlich berücksichtigt werden?";Der Einsatz von Fernwartung MUSS geplant werden, um sicherzustellen, dass die Fernwartung an die Institution angepasst wird und technische sowie organisatorische Aspekte bedarfsgerecht berücksichtigt werden Quelle: OPS.1.2.5.A1 (S. nicht spezifiziert). Dies umfasst die Planung, welche IT-Systeme ferngewartet werden sollen und wer dafür zuständig ist.;OPS.1.2.5.A1 Planung des Einsatzes der Fernwartung (B) Der Einsatz der Fernwartung MUSS an die Institution angepasst werden. Die Fernwartung MUSS hinsichtlich technischer und organisatorischer Aspekte bedarfsgerecht geplant werden. Dabei MUSS mindestens berücksichtigt werden, welche IT-Systeme ferngewartet werden sollen und wer dafür zuständig ist.;"Der Einsatz der Fernwartung MUSS an die Institution angepasst werden und hinsichtlich technischer und organisatorischer Aspekte bedarfsgerecht geplant werden Quelle: Planung des Einsatzes der Fernwartung (S.1). Die Planung des Einsatzes der Fernwartung MUSS mindestens berücksichtigen, welche IT-Systeme ferngewartet werden sollen und wer dafür zuständig ist Quelle: Planung des Einsatzes der Fernwartung (S.1).

Anschlussfragen:
1. Welche Aspekte müssen bei der Planung des Einsatzes der Fernwartung im industriellen Umfeld berücksichtigt werden?
2. Wie sollten Fernwartungszugänge in einer zentralen Dokumentation erfasst werden?
3. Was sollte bei der Erstellung eines Notfallplans für den Ausfall der Fernwartung berücksichtigt werden?";Der Einsatz der Fernwartung MUSS an die Institution angepasst werden und hinsichtlich technischer und organisatorischer Aspekte bedarfsgerecht geplant werden Quelle: Planung des Einsatzes der Fernwartung (S.1). Die Planung des Einsatzes der Fernwartung MUSS mindestens berücksichtigen, welche IT-Systeme ferngewartet werden sollen und wer dafür zuständig ist Quelle: Planung des Einsatzes der Fernwartung (S.1).;"1. Welche Aspekte müssen bei der Planung des Einsatzes der Fernwartung im industriellen Umfeld berücksichtigt werden?
2. Wie sollten Fernwartungszugänge in einer zentralen Dokumentation erfasst werden?
3. Was sollte bei der Erstellung eines Notfallplans für den Ausfall der Fernwartung berücksichtigt werden?";3;3;0.9999999999875;1.0;1.0;0.9832556716623672;Welche Aspekte müssen bei der Planung des Einsatzes der Fernwartung im industriellen Umfeld berücksichtigt werden?;-1;-1;evaluation_failed;Wie sollten Fernwartungszugänge in einer zentralen Dokumentation erfasst werden?;-1;-1;evaluation_failed;Was sollte bei der Erstellung eines Notfallplans für den Ausfall der Fernwartung berücksichtigt werden?;-1;-1;evaluation_failed;;
Dürfen Clients ohne Zustimmung der Benutzer ferngewartet werden?;"Nein, Clients dürfen nicht ohne Zustimmung der Benutzer ferngewartet werden. 
Die Fernwartungssoftware MUSS so konfiguriert sein, dass sie eine Verbindung erst nach expliziter Zustimmung der Benutzenden aufbaut Quelle: OPS.1.2.5.A2 (S. nicht spezifiziert, da keine Seitenzahl im bereitgestellten Kontext vorhanden ist).
Anschlussfragen:
1. Welche Rolle spielen die Benutzenden bei der Fernwartung von Clients?
2. Wie MUSS die Fernwartungssoftware konfiguriert sein, um sicherzustellen, dass eine Verbindung erst nach expliziter Zustimmung der Benutzenden aufgebaut wird?
3. Welche anderen Bausteine sollten bei der Implementierung der Fernwartung zusätzlich berücksichtigt werden?";"Nein, Clients dürfen nicht ohne Zustimmung der Benutzer ferngewartet werden. 
Die Fernwartungssoftware MUSS so konfiguriert sein, dass sie eine Verbindung erst nach expliziter Zustimmung der Benutzenden aufbaut Quelle: OPS.1.2.5.A2 (S. nicht spezifiziert, da keine Seitenzahl im bereitgestellten Kontext vorhanden ist).";OPS.1.2.5.A2 Sicherer Verbindungsaufbau bei der Fernwartung von Clients (B) [Benutzende] Wird per Fernwartung auf Desktop-Umgebungen von Clients zugegriffen, MUSS die Fernwartungssoftware so konfiguriert sein, dass sie eine Verbindung erst nach expliziter Zustimmung der Benutzenden aufbaut.;"Nein, Clients dürfen nicht ohne Zustimmung der Benutzer ferngewartet werden. 
Wird per Fernwartung auf Desktop-Umgebungen von Clients zugegriffen, MUSS die Fernwartungssoftware so konfiguriert sein, dass sie eine Verbindung erst nach expliziter Zustimmung der Benutzenden aufbaut Quelle: Sicherer Verbindungsaufbau bei der Fernwartung von Clients (S.391).

Anschlussfragen:
1. Welche Anforderungen müssen bei der Fernwartung von Clients beachtet werden, um die Sicherheit zu gewährleisten?
2. Wie können Benutzer ihre Zustimmung für die Fernwartung ihrer Clients erteilen?
3. Welche Rolle spielen Sprungserver bei der Fernwartung von Clients, um die Kommunikation zu entkoppeln?";"Nein, Clients dürfen nicht ohne Zustimmung der Benutzer ferngewartet werden. 
Wird per Fernwartung auf Desktop-Umgebungen von Clients zugegriffen, MUSS die Fernwartungssoftware so konfiguriert sein, dass sie eine Verbindung erst nach expliziter Zustimmung der Benutzenden aufbaut Quelle: Sicherer Verbindungsaufbau bei der Fernwartung von Clients (S.391).";"1. Welche Anforderungen müssen bei der Fernwartung von Clients beachtet werden, um die Sicherheit zu gewährleisten?
2. Wie können Benutzer ihre Zustimmung für die Fernwartung ihrer Clients erteilen?
3. Welche Rolle spielen Sprungserver bei der Fernwartung von Clients, um die Kommunikation zu entkoppeln?";3;3;0.8551587301444776;1.0;1.0;0.6600506809846078;Welche Anforderungen müssen bei der Fernwartung von Clients beachtet werden, um die Sicherheit zu gewährleisten?;-1;-1;evaluation_failed;Wie können Benutzer ihre Zustimmung für die Fernwartung ihrer Clients erteilen?;-1;-1;evaluation_failed;Welche Rolle spielen Sprungserver bei der Fernwartung von Clients, um die Kommunikation zu entkoppeln?;-1;-1;evaluation_failed;;
Warum ist Verschlüsselung bei Fernwartung wichtig?;"Verschlüsselung bei Fernwartung ist wichtig, um die Verbindungen über nicht vertrauenswürdige Netze zu schützen. Alle Fernwartungsverbindungen über nicht vertrauenswürdige Netze MÜSSEN verschlüsselt werden, um die Sicherheit der Daten zu gewährleisten Quelle: OPS.1.2.5.A3 (S. nicht spezifiziert). Darüber hinaus SOLLTEN auch alle anderen Fernwartungsverbindungen verschlüsselt werden, um ein hohes Maß an Sicherheit zu gewährleisten Quelle: OPS.1.2.5.A3 (S. nicht spezifiziert).

Anschlussfragen:
1. Welche Rolle spielt die Absicherung der Schnittstellen zur Fernwartung bei der Gewährleistung der IT-Sicherheit?
2. Wie können Administrierende die Sicherheitsaspekte der eingesetzten Kommunikationsverbindungen und Authentisierungsmechanismen bei der Fernwartung berücksichtigen?
3. Welche zusätzlichen Bausteine müssen bei der Nutzung von Fernwartung beachtet werden, um eine umfassende IT-Sicherheit zu gewährleisten?";Verschlüsselung bei Fernwartung ist wichtig, um die Verbindungen über nicht vertrauenswürdige Netze zu schützen. Alle Fernwartungsverbindungen über nicht vertrauenswürdige Netze MÜSSEN verschlüsselt werden, um die Sicherheit der Daten zu gewährleisten Quelle: OPS.1.2.5.A3 (S. nicht spezifiziert). Darüber hinaus SOLLTEN auch alle anderen Fernwartungsverbindungen verschlüsselt werden, um ein hohes Maß an Sicherheit zu gewährleisten Quelle: OPS.1.2.5.A3 (S. nicht spezifiziert).;OPS.1.2.5.A3 Absicherung der Schnittstellen zur Fernwartung (B) Die möglichen Zugänge und Kommunikationsverbindungen für die Fernwartung MÜSSEN auf das notwendige Maß beschränkt werden. Alle Fernwartungsverbindungen MÜSSEN nach dem Fernzugriff getrennt werden. Es MUSS sichergestellt werden, dass Fernwartungssoftware nur auf IT-Systemen installiert ist, auf denen sie benötigt wird. Fernwartungsverbindungen über nicht vertrauenswürdige Netze MÜSSEN verschlüsselt werden. Alle anderen Fernwartungsverbindungen SOLLTEN verschlüsselt werden.;"Verschlüsselung bei Fernwartung ist wichtig, um die Vertraulichkeit und Integrität der übertragenen Daten zu gewährleisten. Insbesondere wenn Fernwartungsverbindungen über nicht vertrauenswürdige Netze hergestellt werden, MUSS die Verbindung verschlüsselt werden, um unbefugten Zugriff zu verhindern. Quelle: APP.3.1.A1 (S.391). 

Darüber hinaus SOLLTEN auch alle anderen Fernwartungsverbindungen verschlüsselt werden, um ein hohes Maß an Sicherheit zu gewährleisten. Quelle: APP.3.1.A1 (S.391). 

Bei der Fernwartung von VS-IT MUSS die Fernwartungsverbindung verschlüsselt sein und es MÜSSEN IT-Sicherheitsprodukte mit Zulassungsaussage eingesetzt werden. Quelle: APP.3.1.A2 (S.392).

Anschlussfragen:
1. Welche Anforderungen müssen bei der Fernwartung von VS-IT erfüllt werden?
2. Wie können unsichere Kommunikationsprotokolle bei der Fernwartung gesichert werden?
3. Welche Rolle spielt die Verschlüsselung bei der Nutzung von Online-Diensten für die Fernwartung?";"Verschlüsselung bei Fernwartung ist wichtig, um die Vertraulichkeit und Integrität der übertragenen Daten zu gewährleisten. Insbesondere wenn Fernwartungsverbindungen über nicht vertrauenswürdige Netze hergestellt werden, MUSS die Verbindung verschlüsselt werden, um unbefugten Zugriff zu verhindern. Quelle: APP.3.1.A1 (S.391). 

Darüber hinaus SOLLTEN auch alle anderen Fernwartungsverbindungen verschlüsselt werden, um ein hohes Maß an Sicherheit zu gewährleisten. Quelle: APP.3.1.A1 (S.391). 

Bei der Fernwartung von VS-IT MUSS die Fernwartungsverbindung verschlüsselt sein und es MÜSSEN IT-Sicherheitsprodukte mit Zulassungsaussage eingesetzt werden. Quelle: APP.3.1.A2 (S.392).";"1. Welche Anforderungen müssen bei der Fernwartung von VS-IT erfüllt werden?
2. Wie können unsichere Kommunikationsprotokolle bei der Fernwartung gesichert werden?
3. Welche Rolle spielt die Verschlüsselung bei der Nutzung von Online-Diensten für die Fernwartung?";3;3;0.9999999999875;1.0;1.0;0.6371968789042018;Welche Anforderungen müssen bei der Fernwartung von VS-IT erfüllt werden?;-1;-1;evaluation_failed;Wie können unsichere Kommunikationsprotokolle bei der Fernwartung gesichert werden?;-1;-1;evaluation_failed;Welche Rolle spielt die Verschlüsselung bei der Nutzung von Online-Diensten für die Fernwartung?;-1;-1;evaluation_failed;;
Wo sollten Regelungen zur Fernwartung dokumentiert werden?;"Regelungen zur Fernwartung sollten in einer Richtlinie für die Fernwartung dokumentiert werden, die allen Zuständigen bekannt sein sollte, die an der Konzeption, dem Aufbau und dem Betrieb der Fernwartung beteiligt sind Quelle: OPS.1.2.5.A6 (S). 

Anschlussfragen:
1. Was sind die wichtigsten Sicherheitsaspekte bei der Fernwartung?
2. Welche Bausteine sollten zusätzlich zu OPS.1.2.5 Fernwartung beachtet werden?
3. Wie sollten Firewalls bei der Absicherung der Fernwartung eingesetzt werden?";Regelungen zur Fernwartung sollten in einer Richtlinie für die Fernwartung dokumentiert werden, die allen Zuständigen bekannt sein sollte, die an der Konzeption, dem Aufbau und dem Betrieb der Fernwartung beteiligt sind Quelle: OPS.1.2.5.A6 (S).;OPS.1.2.5.A6 Erstellung einer Richtlinie für die Fernwartung (S) Die Institution SOLLTE eine Richtlinie zur Fernwartung erstellen, in der alle relevanten Regelungen zur Fernwartung dokumentiert werden. Die Richtlinie SOLLTE allen Zuständigen bekannt sein, die an der Konzeption, dem Aufbau und dem Betrieb der Fernwartung beteiligt sind.;"Regelungen zur Fernwartung sollten in einer zentralen Richtlinie dokumentiert werden. Diese Richtlinie sollte alle relevanten Regelungen zur Fernwartung enthalten und allen Zuständigen bekannt sein, die an der Konzeption, dem Aufbau und dem Betrieb der Fernwartung beteiligt sind Quelle: Erstellung einer Richtlinie für die Fernwartung. 

Die Dokumentation der Fernwartung sollte an geeigneten Orten und vor unberechtigtem Zugriff geschützt abgelegt werden Quelle: Dokumentation bei der Fernwartung. 

Anschlussfragen:
1. Welche Aspekte müssen bei der Planung des Einsatzes der Fernwartung in der OT berücksichtigt werden?
2. Wie sollten Fernwartungszugänge in einer zentralen Dokumentation erfasst werden?
3. Welche Anforderungen sollten an die Informationssicherheit von fernwartbaren Maschinen gestellt werden?";"Regelungen zur Fernwartung sollten in einer zentralen Richtlinie dokumentiert werden. Diese Richtlinie sollte alle relevanten Regelungen zur Fernwartung enthalten und allen Zuständigen bekannt sein, die an der Konzeption, dem Aufbau und dem Betrieb der Fernwartung beteiligt sind Quelle: Erstellung einer Richtlinie für die Fernwartung. 

Die Dokumentation der Fernwartung sollte an geeigneten Orten und vor unberechtigtem Zugriff geschützt abgelegt werden Quelle: Dokumentation bei der Fernwartung.";"1. Welche Aspekte müssen bei der Planung des Einsatzes der Fernwartung in der OT berücksichtigt werden?
2. Wie sollten Fernwartungszugänge in einer zentralen Dokumentation erfasst werden?
3. Welche Anforderungen sollten an die Informationssicherheit von fernwartbaren Maschinen gestellt werden?";3;3;0.9999999999875;1.0;1.0;0.5175899328331348;Welche Aspekte müssen bei der Planung des Einsatzes der Fernwartung in der OT berücksichtigt werden?;-1;-1;evaluation_failed;Wie sollten Fernwartungszugänge in einer zentralen Dokumentation erfasst werden?;-1;-1;evaluation_failed;Welche Anforderungen sollten an die Informationssicherheit von fernwartbaren Maschinen gestellt werden?;-1;-1;evaluation_failed;;
Wie müssen Fernwartungszugänge dokumentiert werden?;"Die Fernwartung SOLLTE geeignet dokumentiert werden, um die Existenz und den Status von Fernwartungszugängen nachvollziehen zu können Quelle: OPS.1.2.5.A7 (S). Die Dokumentation SOLLTE an geeigneten Orten aufbewahrt und vor unberechtigtem Zugriff geschützt werden Quelle: OPS.1.2.5.A7 (S). Diese Dokumente SOLLTEN auch im Rahmen des Notfallmanagements verfügbar sein Quelle: OPS.1.2.5.A7 (S).

Anschlussfragen:
1. Wie sollten die Dokumente der Fernwartung vor unberechtigtem Zugriff geschützt werden?
2. Welche Rolle spielt die Dokumentation der Fernwartung im Notfallmanagement?
3. Wie müssen cloudbasierte Fernwartungsprodukte hinsichtlich der IT-Grundschutzanforderungen behandelt werden?";Die Fernwartung SOLLTE geeignet dokumentiert werden, um die Existenz und den Status von Fernwartungszugängen nachvollziehen zu können Quelle: OPS.1.2.5.A7 (S). Die Dokumentation SOLLTE an geeigneten Orten aufbewahrt und vor unberechtigtem Zugriff geschützt werden Quelle: OPS.1.2.5.A7 (S). Diese Dokumente SOLLTEN auch im Rahmen des Notfallmanagements verfügbar sein Quelle: OPS.1.2.5.A7 (S).;OPS.1.2.5.A7 Dokumentation bei der Fernwartung (S) Die Fernwartung SOLLTE geeignet dokumentiert werden. Aus der Dokumentation SOLLTE hervorgehen, welche Fernwartungszugänge existieren und ob diese aktiviert sind. Die Dokumente SOLLTEN an geeigneten Orten und vor unberechtigtem Zugriff geschützt abgelegt werden. Die Dokumente SOLLTEN im Rahmen des Notfallmanagements zur Verfügung stehen.;"Fernwartungszugänge MÜSSEN dokumentiert werden, um eine lückenlose Nachvollziehbarkeit aller Tätigkeiten zu gewährleisten. Insbesondere bei Fernwartungskomponenten, die in Package Units integriert sind, MÜSSEN auch alle deaktivierten Zugänge dokumentiert werden Quelle: IND.3.2 Fernwartung im industriellen Umfeld (S.123). 

Die Dokumentation SOLLTE geeignet sein, um die Existenz und den Status der Fernwartungszugänge nachvollziehen zu können Quelle: IND.3.2 Fernwartung im industriellen Umfeld (S.125). 

Anschlussfragen:
1. Wie MÜSSEN Fernwartungszugänge im industriellen Umfeld abgesichert werden?
2. Welche Rolle spielt die Dokumentation bei der Fernwartung im industriellen Umfeld?
3. Wie können unautorisierte Zugriffe auf OT-Fernwartungszugänge verhindert werden?";"Fernwartungszugänge MÜSSEN dokumentiert werden, um eine lückenlose Nachvollziehbarkeit aller Tätigkeiten zu gewährleisten. Insbesondere bei Fernwartungskomponenten, die in Package Units integriert sind, MÜSSEN auch alle deaktivierten Zugänge dokumentiert werden Quelle: IND.3.2 Fernwartung im industriellen Umfeld (S.123). 

Die Dokumentation SOLLTE geeignet sein, um die Existenz und den Status der Fernwartungszugänge nachvollziehen zu können Quelle: IND.3.2 Fernwartung im industriellen Umfeld (S.125).";"1. Wie MÜSSEN Fernwartungszugänge im industriellen Umfeld abgesichert werden?
2. Welche Rolle spielt die Dokumentation bei der Fernwartung im industriellen Umfeld?
3. Wie können unautorisierte Zugriffe auf OT-Fernwartungszugänge verhindert werden?";3;3;0.9999999999875;1.0;0.6666666666666666;0.4262685726200742;Wie MÜSSEN Fernwartungszugänge im industriellen Umfeld abgesichert werden?;-1;-1;evaluation_failed;Welche Rolle spielt die Dokumentation bei der Fernwartung im industriellen Umfeld?;-1;-1;evaluation_failed;Wie können unautorisierte Zugriffe auf OT-Fernwartungszugänge verhindert werden?;-1;-1;evaluation_failed;;
Welche Protokolle sollen bei Fernwartung eingesetzt werden?;"Bei Fernwartung sollten nur als sicher eingestufte Kommunikationsprotokolle eingesetzt werden, wobei sichere kryptografische Verfahren verwendet werden sollten Quelle: OPS.1.2.5.A8 (S). Insbesondere wenn auf die Fernwartungszugänge von IT-Systemen im internen Netz über ein öffentliches Datennetz zugegriffen wird, sollte ein abgesichertes Virtuelles Privates Netz (VPN) genutzt werden Quelle: OPS.1.2.5.A8 (S).

Anschlussfragen:
1. Welche Rolle spielt die regelmäßige Überprüfung und Anpassung der kryptografischen Verfahren bei der Fernwartung?
2. Wie sollten Fernwartungszugänge im internen Netz über ein öffentliches Datennetz abgesichert werden?
3. Welche zusätzlichen Bausteine sollten bei der Nutzung von Fernwartung berücksichtigt werden?";Bei Fernwartung sollten nur als sicher eingestufte Kommunikationsprotokolle eingesetzt werden, wobei sichere kryptografische Verfahren verwendet werden sollten Quelle: OPS.1.2.5.A8 (S). Insbesondere wenn auf die Fernwartungszugänge von IT-Systemen im internen Netz über ein öffentliches Datennetz zugegriffen wird, sollte ein abgesichertes Virtuelles Privates Netz (VPN) genutzt werden Quelle: OPS.1.2.5.A8 (S).;OPS.1.2.5.A8 Sichere Protokolle bei der Fernwartung (S) Nur als sicher eingestufte Kommunikationsprotokolle SOLLTEN eingesetzt werden. Dafür SOLLTEN sichere kryptografische Verfahren verwendet werden. Die Stärke der verwendeten kryptografischen Verfahren und Schlüssel SOLLTE regelmäßig überprüft und bei Bedarf angepasst werden. Wird auf die Fernwartungszugänge von IT-Systemen im internen Netz über ein öffentliches Datennetz zugegriffen, SOLLTE ein abgesichertes Virtuelles Privates Netz (VPN) genutzt werden.;"Bei Fernwartung sollten sichere Protokolle eingesetzt werden, um die Kommunikation zu schützen. Dazu gehören beispielsweise IPSec, SSH oder SSL/TLS Quelle: Sichere Protokolle bei der Fernwartung. 

Anschlussfragen:
1. Welche Rolle spielt die Verschlüsselung bei der Fernwartung?
2. Wie sollten Fernwartungszugänge in einer Institution dokumentiert werden?
3. Welche Aspekte müssen bei der Planung des Einsatzes der Fernwartung in der OT berücksichtigt werden?";Bei Fernwartung sollten sichere Protokolle eingesetzt werden, um die Kommunikation zu schützen. Dazu gehören beispielsweise IPSec, SSH oder SSL/TLS Quelle: Sichere Protokolle bei der Fernwartung.;"1. Welche Rolle spielt die Verschlüsselung bei der Fernwartung?
2. Wie sollten Fernwartungszugänge in einer Institution dokumentiert werden?
3. Welche Aspekte müssen bei der Planung des Einsatzes der Fernwartung in der OT berücksichtigt werden?";3;3;0.9999999999875;0.75;0.25;0.41225916520805284;Welche Rolle spielt die Verschlüsselung bei der Fernwartung?;-1;-1;evaluation_failed;Wie sollten Fernwartungszugänge in einer Institution dokumentiert werden?;-1;-1;evaluation_failed;Welche Aspekte müssen bei der Planung des Einsatzes der Fernwartung in der OT berücksichtigt werden?;-1;-1;evaluation_failed;;
Wie ist der Einsatz von Online-Diensten zur Fernwartung zu regeln?;"Der Einsatz von Online-Diensten zur Fernwartung SOLLTE durch die Institution geregelt werden, indem festgelegt wird, unter welchen Umständen diese Dienste genutzt werden dürfen Quelle: OPS.1.2.5.A5 (S). Der Einsatz solcher Dienste SOLLTE auf möglichst wenige Fälle beschränkt werden, und es SOLLTE sichergestellt werden, dass der eingesetzte Online-Dienst die übertragenen Informationen Ende-zu-Endeverschlüsselt Quelle: OPS.1.2.5.A5 (S). 

Anschlussfragen:
1. Wie können die Sicherheitsaspekte der eingesetzten Kommunikationsverbindungen und Authentisierungsmechanismen bei der Fernwartung gewährleistet werden?
2. Welche Rolle spielen die Bausteine OPS.1.1.3 Patch- und Änderungsmanagement und CON.1 Kryptokonzept bei der Fernwartung?
3. Wie müssen cloudbasierte Fernwartungsprodukte hinsichtlich der allgemeinen Anforderungen aus dem Baustein OPS.2.2 Cloud-Nutzung abgesichert werden?";Der Einsatz von Online-Diensten zur Fernwartung SOLLTE durch die Institution geregelt werden, indem festgelegt wird, unter welchen Umständen diese Dienste genutzt werden dürfen Quelle: OPS.1.2.5.A5 (S). Der Einsatz solcher Dienste SOLLTE auf möglichst wenige Fälle beschränkt werden, und es SOLLTE sichergestellt werden, dass der eingesetzte Online-Dienst die übertragenen Informationen Ende-zu-Endeverschlüsselt Quelle: OPS.1.2.5.A5 (S).;OPS.1.2.5.A5 Einsatz von Online-Diensten (S) Die Institution SOLLTE festlegen, unter welchen Umständen Online-Dienste zur Fernwartung genutzt werden dürfen, bei denen die Verbindung über einen externen Server hergestellt wird. Der Einsatz solcher Dienste SOLLTE generell auf möglichst wenige Fälle beschränkt werden. Die IT-Systeme SOLLTEN keine automatisierten Verbindungen zum Online-Dienst aufbauen. Es SOLLTE sichergestellt werden, dass der eingesetzte Online-Dienst die übertragenen Informationen Ende-zu-Endeverschlüsselt.;"Der Einsatz von Online-Diensten zur Fernwartung sollte durch die Institution geregelt werden. Die Institution SOLLTE festlegen, unter welchen Umständen Online-Dienste zur Fernwartung genutzt werden dürfen, bei denen die Verbindung über einen externen Server hergestellt wird. Der Einsatz solcher Dienste SOLLTE generell auf möglichst wenige Fälle beschränkt werden. Die IT-Systeme SOLLTEN keine automatisierten Verbindungen zum Online-Dienst aufbauen. Es SOLLTE sichergestellt werden, dass der eingesetzte Online-Dienst die übertragenen Informationen Ende-zu-Ende-verschlüsselt. Quelle: Einsatz von Online-Diensten (S.1).

Anschlussfragen:
1. Wie sollten die Kommunikationsverbindungen bei der Fernwartung geschützt werden?
2. Was sind die Anforderungen an die Authentisierung bei der Fernwartung?
3. Wie sollten die Fernwartungszugänge und -tätigkeiten von externen Benutzenden geregelt und überwacht werden?";Der Einsatz von Online-Diensten zur Fernwartung sollte durch die Institution geregelt werden. Die Institution SOLLTE festlegen, unter welchen Umständen Online-Dienste zur Fernwartung genutzt werden dürfen, bei denen die Verbindung über einen externen Server hergestellt wird. Der Einsatz solcher Dienste SOLLTE generell auf möglichst wenige Fälle beschränkt werden. Die IT-Systeme SOLLTEN keine automatisierten Verbindungen zum Online-Dienst aufbauen. Es SOLLTE sichergestellt werden, dass der eingesetzte Online-Dienst die übertragenen Informationen Ende-zu-Ende-verschlüsselt. Quelle: Einsatz von Online-Diensten (S.1).;"1. Wie sollten die Kommunikationsverbindungen bei der Fernwartung geschützt werden?
2. Was sind die Anforderungen an die Authentisierung bei der Fernwartung?
3. Wie sollten die Fernwartungszugänge und -tätigkeiten von externen Benutzenden geregelt und überwacht werden?";3;3;0.9999999999875;1.0;1.0;0.7304731476796358;Wie sollten die Kommunikationsverbindungen bei der Fernwartung geschützt werden?;-1;-1;evaluation_failed;Was sind die Anforderungen an die Authentisierung bei der Fernwartung?;-1;-1;evaluation_failed;Wie sollten die Fernwartungszugänge und -tätigkeiten von externen Benutzenden geregelt und überwacht werden?;-1;-1;evaluation_failed;;
Wie werden Mitarbeitende im Umgang mit Fernwartungswerkzeugen unterstützt?;"Mitarbeitende im Umgang mit Fernwartungswerkzeugen werden durch organisatorische Verwaltungsprozesse, Bedienungsanleitungen und Schulungsmaßnahmen unterstützt Quelle: OPS.1.2.5.A10 (S). Es SOLLTE eine Bedienungsanleitung für den Umgang mit den Fernwartungswerkzeugen vorliegen Quelle: OPS.1.2.5.A10 (S). Zusätzlich zu den allgemeinen Schulungsmaßnahmen SOLLTE der IT-Betrieb besonders im Umgang mit den Fernwartungswerkzeugen sensibilisiert und geschult werden Quelle: OPS.1.2.5.A10 (S). 

Anschlussfragen:
1. Wie werden die organisatorischen Verwaltungsprozesse zum Umgang mit Fernwartungswerkzeugen etabliert?
2. Welche Rolle spielt die Sensibilisierung und Schulung des IT-Betriebs im Umgang mit Fernwartungswerkzeugen?
3. Wie werden die Sicherheitsaspekte der eingesetzten Kommunikationsverbindungen und Authentisierungsmechanismen bei der Fernwartung berücksichtigt?";Mitarbeitende im Umgang mit Fernwartungswerkzeugen werden durch organisatorische Verwaltungsprozesse, Bedienungsanleitungen und Schulungsmaßnahmen unterstützt Quelle: OPS.1.2.5.A10 (S). Es SOLLTE eine Bedienungsanleitung für den Umgang mit den Fernwartungswerkzeugen vorliegen Quelle: OPS.1.2.5.A10 (S). Zusätzlich zu den allgemeinen Schulungsmaßnahmen SOLLTE der IT-Betrieb besonders im Umgang mit den Fernwartungswerkzeugen sensibilisiert und geschult werden Quelle: OPS.1.2.5.A10 (S).;OPS.1.2.5.A10 Umgang mit Fernwartungswerkzeugen (S) Es SOLLTEN organisatorische Verwaltungsprozesse zum Umgang mit den ausgewählten Fernwartungswerkzeugen etabliert werden. Es SOLLTE eine Bedienungsanleitung für den Umgang mit den Fernwartungswerkzeugen vorliegen. Ergänzend zu den allgemeinen Schulungsmaßnahmen SOLLTEN Musterabläufe für die passive und die aktive Fernwartung erstellt und kommuniziert werden. Zusätzlich zu den allgemeinen Schulungsmaßnahmen SOLLTE der IT-Betrieb besonders im Umgang mit den Fernwartungswerkzeugen sensibilisiert und geschult werden. Es SOLLTE ein Ansprechpartner oder eine Ansprechpartnerin für alle fachlichen Fragen zu den Fernwartungswerkzeugen benannt werden.;"Mitarbeitende im Umgang mit Fernwartungswerkzeugen werden durch verschiedene Maßnahmen unterstützt. Es SOLLTEN organisatorische Verwaltungsprozesse zum Umgang mit den ausgewählten Fernwartungswerkzeugen etabliert werden Quelle: Umgang mit Fernwartungswerkzeugen. Eine Bedienungsanleitung für den Umgang mit den Fernwartungswerkzeugen SOLLTE vorliegen Quelle: Umgang mit Fernwartungswerkzeugen. Ergänzend zu den allgemeinen Schulungsmaßnahmen SOLLTEN Musterabläufe für die passive und die aktive Fernwartung erstellt und kommuniziert werden Quelle: Umgang mit Fernwartungswerkzeugen. Der IT-Betrieb SOLLTE besonders im Umgang mit den Fernwartungswerkzeugen sensibilisiert und geschult werden Quelle: Umgang mit Fernwartungswerkzeugen. Ein Ansprechpartner oder eine Ansprechpartnerin für alle fachlichen Fragen zu den Fernwartungswerkzeugen SOLLTE benannt werden Quelle: Umgang mit Fernwartungswerkzeugen.

Anschlussfragen:
1. Wie werden die Anforderungen an die Informationssicherheit bei der Fernwartung im industriellen Umfeld definiert?
2. Welche Rolle spielt die Absicherung von Fernwartungskomponenten bei der Fernwartung?
3. Wie werden die Fernwartungsaktivitäten durch Dritte überwacht und aufgezeichnet?";Mitarbeitende im Umgang mit Fernwartungswerkzeugen werden durch verschiedene Maßnahmen unterstützt. Es SOLLTEN organisatorische Verwaltungsprozesse zum Umgang mit den ausgewählten Fernwartungswerkzeugen etabliert werden Quelle: Umgang mit Fernwartungswerkzeugen. Eine Bedienungsanleitung für den Umgang mit den Fernwartungswerkzeugen SOLLTE vorliegen Quelle: Umgang mit Fernwartungswerkzeugen. Ergänzend zu den allgemeinen Schulungsmaßnahmen SOLLTEN Musterabläufe für die passive und die aktive Fernwartung erstellt und kommuniziert werden Quelle: Umgang mit Fernwartungswerkzeugen. Der IT-Betrieb SOLLTE besonders im Umgang mit den Fernwartungswerkzeugen sensibilisiert und geschult werden Quelle: Umgang mit Fernwartungswerkzeugen. Ein Ansprechpartner oder eine Ansprechpartnerin für alle fachlichen Fragen zu den Fernwartungswerkzeugen SOLLTE benannt werden Quelle: Umgang mit Fernwartungswerkzeugen.;"1. Wie werden die Anforderungen an die Informationssicherheit bei der Fernwartung im industriellen Umfeld definiert?
2. Welche Rolle spielt die Absicherung von Fernwartungskomponenten bei der Fernwartung?
3. Wie werden die Fernwartungsaktivitäten durch Dritte überwacht und aufgezeichnet?";3;3;0.9999999999875;1.0;0.0;0.5700933421301082;Wie werden die Anforderungen an die Informationssicherheit bei der Fernwartung im industriellen Umfeld definiert?;-1;-1;evaluation_failed;Welche Rolle spielt die Absicherung von Fernwartungskomponenten bei der Fernwartung?;-1;-1;evaluation_failed;Wie werden die Fernwartungsaktivitäten durch Dritte überwacht und aufgezeichnet?;-1;-1;evaluation_failed;;
Welche Anforderungen gelten für die Authentisierung bei Fernwartung?;"Für die Authentisierung bei Fernwartung SOLLTEN Mehr-Faktor-Verfahren zur Authentisierung eingesetzt werden Quelle: OPS.1.2.5.A17 (S). Die Auswahl der Authentisierungsmethode und die Gründe, die zu der Auswahl geführt haben, SOLLTEN dokumentiert werden Quelle: OPS.1.2.5.A17 (S). Fernwartungszugänge SOLLTEN im Identitäts- und Berechtigungsmanagement der Institution berücksichtigt werden Quelle: OPS.1.2.5.A17 (S).

Anschlussfragen:
1. Welche Rolle spielt die Dokumentation bei der Auswahl von Authentisierungsmethoden für die Fernwartung?
2. Wie sollten Fernwartungszugänge im Identitäts- und Berechtigungsmanagement berücksichtigt werden?
3. Welche zusätzlichen Bausteine sollten bei der Nutzung von Fernwartung beachtet werden?";Für die Authentisierung bei Fernwartung SOLLTEN Mehr-Faktor-Verfahren zur Authentisierung eingesetzt werden Quelle: OPS.1.2.5.A17 (S). Die Auswahl der Authentisierungsmethode und die Gründe, die zu der Auswahl geführt haben, SOLLTEN dokumentiert werden Quelle: OPS.1.2.5.A17 (S). Fernwartungszugänge SOLLTEN im Identitäts- und Berechtigungsmanagement der Institution berücksichtigt werden Quelle: OPS.1.2.5.A17 (S).;OPS.1.2.5.A17 Authentisierungsmechanismen bei der Fernwartung (S) Für die Fernwartung SOLLTEN Mehr-Faktor-Verfahren zur Authentisierung eingesetzt werden. Die Auswahl der Authentisierungsmethode und die Gründe, die zu der Auswahl geführt haben, SOLLTEN dokumentiert werden. Fernwartungszugänge SOLLTEN im Identitäts- und Berechtigungsmanagement der Institution berücksichtigt werden.;"Für die Authentisierung bei Fernwartung SOLLTEN Mehr-Faktor-Verfahren zur Authentisierung eingesetzt werden Quelle: Authentisierungsmechanismen bei der Fernwartung (S.1). Die Auswahl der Authentisierungsmethode und die Gründe, die zu der Auswahl geführt haben, SOLLTEN dokumentiert werden Quelle: Authentisierungsmechanismen bei der Fernwartung (S.1). 

Anschlussfragen:
1. Welche Rolle spielt die Dokumentation bei der Auswahl von Authentisierungsmethoden für die Fernwartung?
2. Wie können unzureichende Kenntnisse über Regelungen der Fernwartung die Sicherheit beeinträchtigen?
3. Welche Bedeutung hat die Absicherung von Fernwartungskomponenten im industriellen Umfeld?";Für die Authentisierung bei Fernwartung SOLLTEN Mehr-Faktor-Verfahren zur Authentisierung eingesetzt werden Quelle: Authentisierungsmechanismen bei der Fernwartung (S.1). Die Auswahl der Authentisierungsmethode und die Gründe, die zu der Auswahl geführt haben, SOLLTEN dokumentiert werden Quelle: Authentisierungsmechanismen bei der Fernwartung (S.1).;"1. Welche Rolle spielt die Dokumentation bei der Auswahl von Authentisierungsmethoden für die Fernwartung?
2. Wie können unzureichende Kenntnisse über Regelungen der Fernwartung die Sicherheit beeinträchtigen?
3. Welche Bedeutung hat die Absicherung von Fernwartungskomponenten im industriellen Umfeld?";3;3;0.9999999999875;1.0;1.0;0.6835029074165083;Welche Rolle spielt die Dokumentation bei der Auswahl von Authentisierungsmethoden für die Fernwartung?;-1;-1;evaluation_failed;Wie können unzureichende Kenntnisse über Regelungen der Fernwartung die Sicherheit beeinträchtigen?;-1;-1;evaluation_failed;Welche Bedeutung hat die Absicherung von Fernwartungskomponenten im industriellen Umfeld?;-1;-1;evaluation_failed;;
Wie ist Fernwartung durch externe Dienstleister abzusichern?;"Fernwartung durch externe Dienstleister sollte wie folgt abgesichert werden: Alle Fernwartungsaktivitäten von externen Dienstleistern SOLLTEN von internen Mitarbeitenden beobachtet werden Quelle: OPS.1.2.5.A19 (S). Alle Fernwartungsvorgänge durch Dritte SOLLTEN aufgezeichnet werden Quelle: OPS.1.2.5.A19 (S). Mit externem Wartungspersonal MÜSSEN vertragliche Regelungen über die Sicherheit der betroffenen IT-Systeme und Informationen geschlossen werden Quelle: OPS.1.2.5.A19 (S). 

Anschlussfragen:
1. Wie sollten die Pflichten und Kompetenzen des externen Wartungspersonals in den vertraglichen Regelungen festgehalten werden?
2. Welche Anforderungen müssen erfüllt werden, wenn cloudbasierte Fernwartungsprodukte verwendet werden?
3. Wie sollten die Fernwartungsschnittstellen konfiguriert sein, um sicherzustellen, dass externe Dienstleister nur auf die notwendigen IT-Systeme und Netzsegmente zugreifen können?";Fernwartung durch externe Dienstleister sollte wie folgt abgesichert werden: Alle Fernwartungsaktivitäten von externen Dienstleistern SOLLTEN von internen Mitarbeitenden beobachtet werden Quelle: OPS.1.2.5.A19 (S). Alle Fernwartungsvorgänge durch Dritte SOLLTEN aufgezeichnet werden Quelle: OPS.1.2.5.A19 (S). Mit externem Wartungspersonal MÜSSEN vertragliche Regelungen über die Sicherheit der betroffenen IT-Systeme und Informationen geschlossen werden Quelle: OPS.1.2.5.A19 (S).;OPS.1.2.5.A19 Fernwartung durch Dritte (S) Wird die Fernwartung von Externen durchgeführt, SOLLTEN alle Fernwartungsaktivitäten von internen Mitarbeitenden beobachtet werden. Alle Fernwartungsvorgänge durch Dritte SOLLTEN aufgezeichnet werden. Mit externem Wartungspersonal MÜSSEN vertragliche Regelungen über die Sicherheit der betroffenen IT-Systeme und Informationen geschlossen werden. Die Pflichten und Kompetenzen des externen Wartungspersonals SOLLTEN in den vertraglichen Regelungen festgehalten werden. Sollten Dienstleistende mehrere Kunden und Kundinnen fernwarten, MUSS gewährleistet sein, dass die Netze der Kunden und Kundinnen nicht miteinander verbunden werden. Die Fernwartungsschnittstellen SOLLTEN so konfiguriert sein, dass es Dienstleistenden nur möglich ist, auf die IT-Systeme und Netzsegmente zuzugreifen, die für seine Arbeit benötigt werden.;"Fernwartung durch externe Dienstleister MUSS durch vertragliche Regelungen abgesichert werden, die sicherstellen, dass externe Benutzende jegliche OT-Fernwartungszugänge ausschließlich kontrolliert und abgestimmt nutzen Quelle: Verbindliche Regelung der OT-Fernwartung durch Dritte (S.1). 

Es MUSS festgelegt werden, über welche Fernwartungszugänge welche Tätigkeiten durch welche externen Benutzenden zulässig sind Quelle: Verbindliche Regelung der OT-Fernwartung durch Dritte (S.1). 

Fernwartungsverbindungen über nicht vertrauenswürdige Netze MÜSSEN verschlüsselt werden Quelle: Absicherung der Schnittstellen zur Fernwartung (S.5). 

Anschlussfragen:
1. Wie können die Kommunikationsverbindungen für die Fernwartung abgesichert werden?
2. Welche Anforderungen müssen bei der Fernwartung von VS-IT nach § 3 Abs. 3 VSA erfüllt werden?
3. Wie können die Zugänge und Kommunikationsverbindungen für die Fernwartung auf das notwendige Maß beschränkt werden?";"Fernwartung durch externe Dienstleister MUSS durch vertragliche Regelungen abgesichert werden, die sicherstellen, dass externe Benutzende jegliche OT-Fernwartungszugänge ausschließlich kontrolliert und abgestimmt nutzen Quelle: Verbindliche Regelung der OT-Fernwartung durch Dritte (S.1). 

Es MUSS festgelegt werden, über welche Fernwartungszugänge welche Tätigkeiten durch welche externen Benutzenden zulässig sind Quelle: Verbindliche Regelung der OT-Fernwartung durch Dritte (S.1). 

Fernwartungsverbindungen über nicht vertrauenswürdige Netze MÜSSEN verschlüsselt werden Quelle: Absicherung der Schnittstellen zur Fernwartung (S.5).";"1. Wie können die Kommunikationsverbindungen für die Fernwartung abgesichert werden?
2. Welche Anforderungen müssen bei der Fernwartung von VS-IT nach § 3 Abs. 3 VSA erfüllt werden?
3. Wie können die Zugänge und Kommunikationsverbindungen für die Fernwartung auf das notwendige Maß beschränkt werden?";3;3;0.9999999999875;1.0;1.0;0.4036924624031475;Wie können die Kommunikationsverbindungen für die Fernwartung abgesichert werden?;-1;-1;evaluation_failed;Welche Anforderungen müssen bei der Fernwartung von VS-IT nach § 3 Abs. 3 VSA erfüllt werden?;-1;-1;evaluation_failed;Wie können die Zugänge und Kommunikationsverbindungen für die Fernwartung auf das notwendige Maß beschränkt werden?;-1;-1;evaluation_failed;;
Welche Maßnahmen gehören zum sicheren Betrieb der Fernwartung?;"Für den sicheren Betrieb der Fernwartung SOLLTE ein Meldeprozess für Support- und Fernwartungsanliegen etabliert werden Quelle: OPS.1.2.5.A20 (S). Mechanismen zur Erkennung und Abwehr von hochvolumigen Angriffen, TCP-StateExhaustion-Angriffen und Angriffen auf Applikationsebene SOLLTEN implementiert sein Quelle: OPS.1.2.5.A20 (S). Alle Fernwartungsvorgänge SOLLTEN protokolliert werden Quelle: OPS.1.2.5.A20 (S).

Anschlussfragen:
1. Welche Rolle spielt die Authentisierung bei der Fernwartung?
2. Wie werden die Sicherheitsaspekte der eingesetzten Kommunikationsverbindungen bei der Fernwartung berücksichtigt?
3. Welche zusätzlichen Bausteine müssen bei der Nutzung von cloudbasierten Fernwartungsprodukten beachtet werden?";Für den sicheren Betrieb der Fernwartung SOLLTE ein Meldeprozess für Support- und Fernwartungsanliegen etabliert werden Quelle: OPS.1.2.5.A20 (S). Mechanismen zur Erkennung und Abwehr von hochvolumigen Angriffen, TCP-StateExhaustion-Angriffen und Angriffen auf Applikationsebene SOLLTEN implementiert sein Quelle: OPS.1.2.5.A20 (S). Alle Fernwartungsvorgänge SOLLTEN protokolliert werden Quelle: OPS.1.2.5.A20 (S).;OPS.1.2.5.A20 Betrieb der Fernwartung (S) Ein Meldeprozess für Support- und Fernwartungsanliegen SOLLTE etabliert werden. Es SOLLTEN Mechanismen zur Erkennung und Abwehr von hochvolumigen Angriffen, TCP-StateExhaustion-Angriffen und Angriffen auf Applikationsebene implementiert sein. Alle Fernwartungsvorgänge SOLLTEN protokolliert werden.;"Um den sicheren Betrieb der Fernwartung zu gewährleisten, müssen verschiedene Maßnahmen ergriffen werden. Dazu gehören die Festlegung von Regelungen für die Fernwartung, die Verwendung sicherer Authentisierungsmechanismen, die Planung und Regelung der Fernwartung, die Vermeidung von unsicheren Protokollen und die Absicherung der Fernwartungsschnittstellen. 

Es MUSS sichergestellt werden, dass alle Fernwartungsverbindungen nach dem Fernzugriff getrennt werden und dass Fernwartungssoftware nur auf IT-Systemen installiert ist, auf denen sie benötigt wird Quelle: Absicherung der Schnittstellen zur Fernwartung (S.12). 

Fernwartungsverbindungen über nicht vertrauenswürdige Netze MÜSSEN verschlüsselt werden Quelle: Absicherung der Schnittstellen zur Fernwartung (S.12). 

Für die Erstkonfiguration, Verwaltung und Fernwartung in der OT SOLLTEN entweder sichere Protokolle oder abgetrennte Administrationsnetze mit entsprechendem Schutzbedarf genutzt werden Quelle: Sichere Administration (S.23).

Anschlussfragen:
1. Welche Rolle spielt die Absicherung der Fernwartungsschnittstellen für den sicheren Betrieb der Fernwartung?
2. Wie können unsichere Protokolle in der Fernwartung vermieden werden?
3. Welche Bedeutung hat die Planung des Einsatzes der Fernwartung in der OT für die Informationssicherheit?";"Um den sicheren Betrieb der Fernwartung zu gewährleisten, müssen verschiedene Maßnahmen ergriffen werden. Dazu gehören die Festlegung von Regelungen für die Fernwartung, die Verwendung sicherer Authentisierungsmechanismen, die Planung und Regelung der Fernwartung, die Vermeidung von unsicheren Protokollen und die Absicherung der Fernwartungsschnittstellen. 

Es MUSS sichergestellt werden, dass alle Fernwartungsverbindungen nach dem Fernzugriff getrennt werden und dass Fernwartungssoftware nur auf IT-Systemen installiert ist, auf denen sie benötigt wird Quelle: Absicherung der Schnittstellen zur Fernwartung (S.12). 

Fernwartungsverbindungen über nicht vertrauenswürdige Netze MÜSSEN verschlüsselt werden Quelle: Absicherung der Schnittstellen zur Fernwartung (S.12). 

Für die Erstkonfiguration, Verwaltung und Fernwartung in der OT SOLLTEN entweder sichere Protokolle oder abgetrennte Administrationsnetze mit entsprechendem Schutzbedarf genutzt werden Quelle: Sichere Administration (S.23).";"1. Welche Rolle spielt die Absicherung der Fernwartungsschnittstellen für den sicheren Betrieb der Fernwartung?
2. Wie können unsichere Protokolle in der Fernwartung vermieden werden?
3. Welche Bedeutung hat die Planung des Einsatzes der Fernwartung in der OT für die Informationssicherheit?";3;3;0.9999999999875;1.0;1.0;0.3672469804258881;Welche Rolle spielt die Absicherung der Fernwartungsschnittstellen für den sicheren Betrieb der Fernwartung?;-1;-1;evaluation_failed;Wie können unsichere Protokolle in der Fernwartung vermieden werden?;-1;-1;evaluation_failed;Welche Bedeutung hat die Planung des Einsatzes der Fernwartung in der OT für die Informationssicherheit?;-1;-1;evaluation_failed;;
Wie wird auf den Ausfall von Fernwartung reagiert?;"Um auf den Ausfall von Fernwartung zu reagieren, SOLLTE ein Konzept entwickelt werden, das im Falle eines Ausfalls festhält, wie zu reagieren ist, um Störungen, Schäden und Folgeschäden zu minimieren Quelle: OPS.1.2.5.A21 (S). Dieses Konzept SOLLTE auch festlegen, wie eine zeitnahe Wiederherstellung des Normalbetriebs erfolgen kann Quelle: OPS.1.2.5.A21 (S).

Anschlussfragen:
1. Wie kann ein Notfallplan für den Ausfall von Fernwartungskomponenten erstellt werden?
2. Welche Rolle spielt die Absicherung der Fernwartungszugänge bei der Reaktion auf einen Ausfall?
3. Wie können cloudbasierte Fernwartungsprodukte bei der Reaktion auf einen Ausfall berücksichtigt werden?";Um auf den Ausfall von Fernwartung zu reagieren, SOLLTE ein Konzept entwickelt werden, das im Falle eines Ausfalls festhält, wie zu reagieren ist, um Störungen, Schäden und Folgeschäden zu minimieren Quelle: OPS.1.2.5.A21 (S). Dieses Konzept SOLLTE auch festlegen, wie eine zeitnahe Wiederherstellung des Normalbetriebs erfolgen kann Quelle: OPS.1.2.5.A21 (S).;OPS.1.2.5.A21 Erstellung eines Notfallplans für den Ausfall der Fernwartung (S) Es SOLLTE ein Konzept entwickelt werden, wie die Folgen eines Ausfalls von Fernwartungskomponenten minimiert werden können. Dieses SOLLTE festhalten, wie im Falle eines Ausfalls zu reagieren ist. Durch den Notfallplan SOLLTE sichergestellt sein, dass Störungen, Schäden und Folgeschäden minimiert werden. Außerdem SOLLTE festgelegt werden, wie eine zeitnahe Wiederherstellung des Normalbetriebs erfolgen kann.;"Um auf den Ausfall von Fernwartung zu reagieren, SOLLTE ein Konzept entwickelt werden, das die Minimierung der Folgen eines solchen Ausfalls zum Ziel hat Quelle: Erstellung eines Notfallplans für den Ausfall der Fernwartung. Dieses Konzept SOLLTE festhalten, wie im Falle eines Ausfalls zu reagieren ist, um Störungen, Schäden und Folgeschäden zu minimieren und eine zeitnahe Wiederherstellung des Normalbetriebs zu ermöglichen Quelle: Erstellung eines Notfallplans für den Ausfall der Fernwartung.

Anschlussfragen:
1. Wie kann ein Notfallplan für den Ausfall von Fernwartungskomponenten erstellt werden, um die Folgen eines solchen Ausfalls zu minimieren?
2. Welche Rolle spielen OT-Mitarbeitende bei der Überwachung und Kontrolle von OT-Fernwartungssitzungen, um Personen- oder Sachschäden zu vermeiden?
3. Wie kann die Absicherung von Fernwartungskomponenten gewährleistet werden, um die Informationen, die bei der Fernwartung gespeichert, verarbeitet und übertragen werden, zu schützen?";Um auf den Ausfall von Fernwartung zu reagieren, SOLLTE ein Konzept entwickelt werden, das die Minimierung der Folgen eines solchen Ausfalls zum Ziel hat Quelle: Erstellung eines Notfallplans für den Ausfall der Fernwartung. Dieses Konzept SOLLTE festhalten, wie im Falle eines Ausfalls zu reagieren ist, um Störungen, Schäden und Folgeschäden zu minimieren und eine zeitnahe Wiederherstellung des Normalbetriebs zu ermöglichen Quelle: Erstellung eines Notfallplans für den Ausfall der Fernwartung.;"1. Wie kann ein Notfallplan für den Ausfall von Fernwartungskomponenten erstellt werden, um die Folgen eines solchen Ausfalls zu minimieren?
2. Welche Rolle spielen OT-Mitarbeitende bei der Überwachung und Kontrolle von OT-Fernwartungssitzungen, um Personen- oder Sachschäden zu vermeiden?
3. Wie kann die Absicherung von Fernwartungskomponenten gewährleistet werden, um die Informationen, die bei der Fernwartung gespeichert, verarbeitet und übertragen werden, zu schützen?";3;3;0.9999999999875;1.0;1.0;0.5588219029640948;Wie kann ein Notfallplan für den Ausfall von Fernwartungskomponenten erstellt werden, um die Folgen eines solchen Ausfalls zu minimieren?;-1;-1;evaluation_failed;Welche Rolle spielen OT-Mitarbeitende bei der Überwachung und Kontrolle von OT-Fernwartungssitzungen, um Personen- oder Sachschäden zu vermeiden?;-1;-1;evaluation_failed;Wie kann die Absicherung von Fernwartungskomponenten gewährleistet werden, um die Informationen, die bei der Fernwartung gespeichert, verarbeitet und übertragen werden, zu schützen?;-1;-1;evaluation_failed;;
Was ist der Unterschied zwischen Cloud und normalem Outsourcing?;"Der Unterschied zwischen Cloud und normalem Outsourcing liegt in mehreren Aspekten. Im Gegensatz zum klassischen IT-Outsourcing, bei dem die komplette gemietete Infrastruktur exklusiv von einem Kunden genutzt wird (Single Tenant Architektur), teilen sich in einer Cloud oft mehrere Anwendende eine gemeinsame Infrastruktur aus wirtschaftlichen Gründen Quelle: Abgrenzung und Modellierung (S.1). 

Cloud-Dienste sind dynamisch und innerhalb viel kürzerer Zeiträume nach oben und unten skalierbar, was es ermöglicht, Angebote rascher an den tatsächlichen Bedarf der Anwendenden anzupassen Quelle: Abgrenzung und Modellierung (S.1). 

Darüber hinaus werden Cloud-Dienste in der Regel mittels einer Webschnittstelle durch die Cloud-Anwendenden selbst gesteuert, was eine automatisierte Anpassung der genutzten Dienste auf ihre Bedürfnisse ermöglicht Quelle: Abgrenzung und Modellierung (S.1). 

Schließlich können die Anwendenden die genutzten Dienste und ihre Ressourcen einfach über Web-Oberflächen oder passende Schnittstellen administrieren, wobei wenig Interaktion mit den Cloud-Diensteanbietenden erforderlich ist Quelle: Abgrenzung und Modellierung (S.1).

Anschlussfragen:
1. Wie unterscheidet sich die Skalierbarkeit von Cloud-Diensten im Vergleich zum klassischen IT-Outsourcing?
2. Welche Rolle spielen Webschnittstellen bei der Steuerung von Cloud-Diensten?
3. Wie können Anwendende ihre Ressourcen in der Cloud administrieren?";"Der Unterschied zwischen Cloud und normalem Outsourcing liegt in mehreren Aspekten. Im Gegensatz zum klassischen IT-Outsourcing, bei dem die komplette gemietete Infrastruktur exklusiv von einem Kunden genutzt wird (Single Tenant Architektur), teilen sich in einer Cloud oft mehrere Anwendende eine gemeinsame Infrastruktur aus wirtschaftlichen Gründen Quelle: Abgrenzung und Modellierung (S.1). 

Cloud-Dienste sind dynamisch und innerhalb viel kürzerer Zeiträume nach oben und unten skalierbar, was es ermöglicht, Angebote rascher an den tatsächlichen Bedarf der Anwendenden anzupassen Quelle: Abgrenzung und Modellierung (S.1). 

Darüber hinaus werden Cloud-Dienste in der Regel mittels einer Webschnittstelle durch die Cloud-Anwendenden selbst gesteuert, was eine automatisierte Anpassung der genutzten Dienste auf ihre Bedürfnisse ermöglicht Quelle: Abgrenzung und Modellierung (S.1). 

Schließlich können die Anwendenden die genutzten Dienste und ihre Ressourcen einfach über Web-Oberflächen oder passende Schnittstellen administrieren, wobei wenig Interaktion mit den Cloud-Diensteanbietenden erforderlich ist Quelle: Abgrenzung und Modellierung (S.1).";"1.3. Abgrenzung und Modellierung Der Baustein OPS.2.2 Cloud-Nutzung ist immer auf eine konkrete Cloud-Dienstleistung anzuwenden. Nutzt eine Institution unterschiedliche Cloud-Diensteanbietende, so ist der Baustein für alle Cloud-Diensteanbietenden anzuwenden. Die Schnittstelle zwischen den Cloud-Diensteanbietenden ist ebenfalls Gegenstand des Bausteins und muss für alle Cloud-Dienstleistungen betrachtet werden. In nahezu allen Bereitstellungsmodellen, abgesehen von der Nutzung einer Private Cloud On-Premise, stellen Cloud-Dienste eine Sonderform des Outsourcings (siehe Baustein OPS.2.3 Nutzung von Outsourcing) dar. Die im vorliegenden Baustein beschriebenen Gefährdungen und Anforderungen werden daher häufig auch im Outsourcing angewendet. Bei Cloud-Diensten gibt es jedoch einige Besonderheiten, die sich ausschließlich in diesem Baustein wiederfinden. Der Baustein OPS.2.3 Nutzung von Outsourcing ist daher nicht auf Cloud-Dienste anzuwenden. Die in diesem Baustein beschriebenen Gefährdungen und Anforderungen gelten dabei grundsätzlich unabhängig vom genutzten Service- und Bereitstellungsmodell. Sicherheitsanforderungen, mit denen Anbietende ihre Cloud-Dienste schützen können, sind nicht Gegenstand dieses Bausteins. Gefährdungen und spezifische Sicherheitsanforderungen, die durch die Anbindung eines Cloud-Dienstes über entsprechende Schnittstellen (englisch API, Application Programming Interface) als relevant anzusehen sind, werden ebenfalls nicht in diesem Baustein betrachtet. Abgrenzung zum klassischen IT-Outsourcing Beim Outsourcing werden Arbeits-, Produktions- oder Geschäftsprozesse einer Institution ganz oder teilweise zu externen Dienstleistenden ausgelagert. Dies ist ein etablierter Bestandteil heutiger Organisationsstrategien. Das klassische IT-Outsourcing ist meist so gestaltet, dass die komplette gemietete Infrastruktur exklusiv von einem Kunden oder einer Kundin genutzt wird (Single Tenant Architektur), auch wenn Anbietende von Outsourcing normalerweise mehrere Kunden oder Kundinnen haben. Zudem werden Outsourcing-Verträge meistens über längere Laufzeiten abgeschlossen. Die Nutzung von Cloud-Diensten gleicht in vielen Punkten dem klassischen Outsourcing, aber es kommen noch einige Unterschiede hinzu, die zu berücksichtigen sind:

• Aus wirtschaftlichen Gründen teilen sich oft in einer Cloud mehrere Anwendende eine gemeinsame Infrastruktur.

• Cloud-Dienste sind dynamisch und dadurch innerhalb viel kürzerer Zeiträume nach oben und unten skalierbar. So können Cloud-basierte Angebote rascher an den tatsächlichen Bedarf der Anwendenden angepasst werden.

• Die in Anspruch genommenen Cloud-Dienste werden in der Regel mittels einer Webschnittstelle durch die Cloud-Anwendenden selbst gesteuert. So können sie automatisiert die genutzten Dienste auf ihre Bedürfnisse zuschneiden.

• Durch die beim Cloud Computing genutzten Techniken ist es möglich, die IT-Leistung dynamisch über mehrere Standorte zu verteilen, die geographisch sowohl im In- als auch im Ausland weit verstreut sein können.

• Die Anwendenden können die genutzten Dienste und ihre Ressourcen einfach über WebOberflächen oder passende Schnittstellen administrieren, wobei wenig Interaktion mit den Cloud-Diensteanbietenden erforderlich ist.";"Der Hauptunterschied zwischen Cloud und normalem Outsourcing liegt in der Art und Weise, wie die Dienstleistungen erbracht werden. Beim Outsourcing werden Arbeits-, Produktions- oder Geschäftsprozesse einer Institution ganz oder teilweise zu externen Dienstleistenden ausgelagert, wobei die komplette gemietete Infrastruktur oft exklusiv von einem Kunden genutzt wird (Single Tenant Architektur) Quelle: Abgrenzung zum klassischen IT-Outsourcing (S.12). Im Gegensatz dazu teilen sich bei Cloud-Diensten oft mehrere Anwendende eine gemeinsame Infrastruktur, und die Dienste sind dynamisch und innerhalb viel kürzerer Zeiträume nach oben und unten skalierbar Quelle: Abgrenzung zum klassischen IT-Outsourcing (S.12). 

Weitere Unterschiede liegen in der Selbststeuerung der genutzten Dienste durch die Cloud-Anwendenden, der Möglichkeit, die IT-Leistung dynamisch über mehrere Standorte zu verteilen, und der einfachen Administration der genutzten Dienste und Ressourcen über Web-Oberflächen oder passende Schnittstellen Quelle: Abgrenzung zum klassischen IT-Outsourcing (S.12).

Anschlussfragen:
1. Wie können Institutionen sicherstellen, dass ihre Daten und Prozesse bei der Nutzung von Cloud-Diensten ausreichend geschützt sind?
2. Welche Rolle spielt die Vertragsgestaltung bei der Sicherstellung der Informationssicherheit im Outsourcing?
3. Wie können Nutzende von Outsourcing und Cloud-Diensten ihre Abhängigkeit von den Anbietenden minimieren und ihre Kontrolle über die ausgelagerten Prozesse und Daten aufrechterhalten?";"Der Hauptunterschied zwischen Cloud und normalem Outsourcing liegt in der Art und Weise, wie die Dienstleistungen erbracht werden. Beim Outsourcing werden Arbeits-, Produktions- oder Geschäftsprozesse einer Institution ganz oder teilweise zu externen Dienstleistenden ausgelagert, wobei die komplette gemietete Infrastruktur oft exklusiv von einem Kunden genutzt wird (Single Tenant Architektur) Quelle: Abgrenzung zum klassischen IT-Outsourcing (S.12). Im Gegensatz dazu teilen sich bei Cloud-Diensten oft mehrere Anwendende eine gemeinsame Infrastruktur, und die Dienste sind dynamisch und innerhalb viel kürzerer Zeiträume nach oben und unten skalierbar Quelle: Abgrenzung zum klassischen IT-Outsourcing (S.12). 

Weitere Unterschiede liegen in der Selbststeuerung der genutzten Dienste durch die Cloud-Anwendenden, der Möglichkeit, die IT-Leistung dynamisch über mehrere Standorte zu verteilen, und der einfachen Administration der genutzten Dienste und Ressourcen über Web-Oberflächen oder passende Schnittstellen Quelle: Abgrenzung zum klassischen IT-Outsourcing (S.12).";"1. Wie können Institutionen sicherstellen, dass ihre Daten und Prozesse bei der Nutzung von Cloud-Diensten ausreichend geschützt sind?
2. Welche Rolle spielt die Vertragsgestaltung bei der Sicherstellung der Informationssicherheit im Outsourcing?
3. Wie können Nutzende von Outsourcing und Cloud-Diensten ihre Abhängigkeit von den Anbietenden minimieren und ihre Kontrolle über die ausgelagerten Prozesse und Daten aufrechterhalten?";3;3;0.9379251700546283;1.0;1.0;0.6790367578706209;Wie können Institutionen sicherstellen, dass ihre Daten und Prozesse bei der Nutzung von Cloud-Diensten ausreichend geschützt sind?;-1;-1;evaluation_failed;Welche Rolle spielt die Vertragsgestaltung bei der Sicherstellung der Informationssicherheit im Outsourcing?;-1;-1;evaluation_failed;Wie können Nutzende von Outsourcing und Cloud-Diensten ihre Abhängigkeit von den Anbietenden minimieren und ihre Kontrolle über die ausgelagerten Prozesse und Daten aufrechterhalten?;-1;-1;evaluation_failed;;
Wie finde ich den richtigen Cloud-Anbieter für unsere Bedürfnisse?;"Um den richtigen Cloud-Anbieter für Ihre Bedürfnisse zu finden, sollten Sie basierend auf der Service-Definition für den Cloud-Dienst ein detailliertes Anforderungsprofil für Cloud-Diensteanbietende erstellen. Quelle: OPS.2.2.A8 Sorgfältige Auswahl von Cloud-Diensteanbietenden (S) [Institutionsleitung]. Eine Leistungsbeschreibung und ein Lastenheft sollten erstellt werden, um die Anforderungen zu spezifizieren. Quelle: OPS.2.2.A8 Sorgfältige Auswahl von Cloud-Diensteanbietenden (S) [Institutionsleitung]. Für die Bewertung von Cloud-Diensteanbietenden sollten auch ergänzende Informationsquellen herangezogen werden. Quelle: OPS.2.2.A8 Sorgfältige Auswahl von Cloud-Diensteanbietenden (S) [Institutionsleitung].

Anschlussfragen:
1. Wie können Sie die Sicherheitsanforderungen für die Nutzung von Cloud-Diensten in Ihrem Unternehmen bewerten?
2. Welche Rolle spielt die Skalierbarkeit bei der Auswahl eines Cloud-Anbieters?
3. Wie können Sie die Schnittstellen zwischen verschiedenen Cloud-Diensteanbietenden sicher gestalten?";Um den richtigen Cloud-Anbieter für Ihre Bedürfnisse zu finden, sollten Sie basierend auf der Service-Definition für den Cloud-Dienst ein detailliertes Anforderungsprofil für Cloud-Diensteanbietende erstellen. Quelle: OPS.2.2.A8 Sorgfältige Auswahl von Cloud-Diensteanbietenden (S) [Institutionsleitung]. Eine Leistungsbeschreibung und ein Lastenheft sollten erstellt werden, um die Anforderungen zu spezifizieren. Quelle: OPS.2.2.A8 Sorgfältige Auswahl von Cloud-Diensteanbietenden (S) [Institutionsleitung]. Für die Bewertung von Cloud-Diensteanbietenden sollten auch ergänzende Informationsquellen herangezogen werden. Quelle: OPS.2.2.A8 Sorgfältige Auswahl von Cloud-Diensteanbietenden (S) [Institutionsleitung].;OPS.2.2.A8 Sorgfältige Auswahl von Cloud-Diensteanbietenden (S) [Institutionsleitung] Basierend auf der Service-Definition für den Cloud-Dienst SOLLTE ein detailliertes Anforderungsprofil für Cloud-Diensteanbietende erstellt werden. Eine Leistungsbeschreibung und ein Lastenheft SOLLTEN erstellt werden. Für die Bewertung von Cloud-Diensteanbietenden SOLLTEN auch ergänzende Informationsquellen herangezogen werden. Ebenso SOLLTEN verfügbare ServiceBeschreibungen der Cloud-Diensteanbietenden sorgfältig geprüft und hinterfragt werden.;"Um den richtigen Cloud-Anbieter für Ihre Bedürfnisse zu finden, sollten Sie eine sorgfältige Auswahl von Cloud-Diensteanbietenden durchführen. Basierend auf der Service-Definition für den Cloud-Dienst sollte ein detailliertes Anforderungsprofil für Cloud-Diensteanbietende erstellt werden. Quelle: Cloud-Nutzung (S.1-5). 

Es ist wichtig, eine Leistungsbeschreibung und ein Lastenheft zu erstellen und für die Bewertung von Cloud-Diensteanbietenden auch ergänzende Informationsquellen heranzuziehen. Quelle: Cloud-Nutzung (S.2). 

Darüber hinaus sollten verfügbare Service-Beschreibungen der Cloud-Diensteanbietenden sorgfältig geprüft und hinterfragt werden. Quelle: Cloud-Nutzung (S.3). 

Anschlussfragen:
1. Wie kann ich sicherstellen, dass die ausgewählten Cloud-Dienste mit meiner eigenen IT und internen Geschäftsprozessen kompatibel sind?
2. Welche Rolle spielt die Vertragsgestaltung bei der Auswahl eines Cloud-Anbieters, und wie kann ich sicherstellen, dass alle notwendigen Aspekte abgedeckt sind?
3. Wie kann ich die Sicherheit meiner Daten bei der Nutzung von Cloud-Diensten gewährleisten, und welche Maßnahmen sollte ich ergreifen, um mein Risiko zu minimieren?";"Um den richtigen Cloud-Anbieter für Ihre Bedürfnisse zu finden, sollten Sie eine sorgfältige Auswahl von Cloud-Diensteanbietenden durchführen. Basierend auf der Service-Definition für den Cloud-Dienst sollte ein detailliertes Anforderungsprofil für Cloud-Diensteanbietende erstellt werden. Quelle: Cloud-Nutzung (S.1-5). 

Es ist wichtig, eine Leistungsbeschreibung und ein Lastenheft zu erstellen und für die Bewertung von Cloud-Diensteanbietenden auch ergänzende Informationsquellen heranzuziehen. Quelle: Cloud-Nutzung (S.2). 

Darüber hinaus sollten verfügbare Service-Beschreibungen der Cloud-Diensteanbietenden sorgfältig geprüft und hinterfragt werden. Quelle: Cloud-Nutzung (S.3).";"1. Wie kann ich sicherstellen, dass die ausgewählten Cloud-Dienste mit meiner eigenen IT und internen Geschäftsprozessen kompatibel sind?
2. Welche Rolle spielt die Vertragsgestaltung bei der Auswahl eines Cloud-Anbieters, und wie kann ich sicherstellen, dass alle notwendigen Aspekte abgedeckt sind?
3. Wie kann ich die Sicherheit meiner Daten bei der Nutzung von Cloud-Diensten gewährleisten, und welche Maßnahmen sollte ich ergreifen, um mein Risiko zu minimieren?";3;3;0.9379251700546283;1.0;1.0;0.8327662635321278;Wie kann ich sicherstellen, dass die ausgewählten Cloud-Dienste mit meiner eigenen IT und internen Geschäftsprozessen kompatibel sind?;-1;-1;evaluation_failed;Welche Rolle spielt die Vertragsgestaltung bei der Auswahl eines Cloud-Anbieters, und wie kann ich sicherstellen, dass alle notwendigen Aspekte abgedeckt sind?;-1;-1;evaluation_failed;Wie kann ich die Sicherheit meiner Daten bei der Nutzung von Cloud-Diensten gewährleisten, und welche Maßnahmen sollte ich ergreifen, um mein Risiko zu minimieren?;-1;-1;evaluation_failed;;
Wie detailliert müssen unsere vertraglichen Regelungen bezüglich der Cloud-Nutzung sein?;"Die vertraglichen Regelungen bezüglich der Cloud-Nutzung sollten in Art, Umfang und Detaillierungsgrad dem Schutzbedarf der Informationen angepasst sein, die im Zusammenhang mit der Cloud-Nutzung stehen Quelle: OPS.2.2.A9 (S). Es sollte geregelt werden, an welchem Standort die Cloud-Diensteanbietenden ihre Leistung erbringen, Eskalationsstufen und Kommunikationswege zwischen der Institution und den Cloud-Diensteanbietenden definiert werden, sowie wie die Daten der Institution sicher zu löschen sind und Kündigungsregelungen schriftlich fixiert werden Quelle: OPS.2.2.A9 (S). 

Anschlussfragen:
1. Wie können wir sicherstellen, dass unsere Cloud-Diensteanbietenden alle Subunternehmen offenlegen, die sie für den Cloud-Dienst benötigen?
2. Welche Rolle spielt die Abgrenzung zum klassischen IT-Outsourcing bei der Gestaltung unserer Cloud-Nutzung?
3. Wie können wir die Schnittstelle zwischen den Cloud-Diensteanbietenden sicher gestalten, um eine reibungslose Kommunikation und Datenübertragung zu gewährleisten?";Die vertraglichen Regelungen bezüglich der Cloud-Nutzung sollten in Art, Umfang und Detaillierungsgrad dem Schutzbedarf der Informationen angepasst sein, die im Zusammenhang mit der Cloud-Nutzung stehen Quelle: OPS.2.2.A9 (S). Es sollte geregelt werden, an welchem Standort die Cloud-Diensteanbietenden ihre Leistung erbringen, Eskalationsstufen und Kommunikationswege zwischen der Institution und den Cloud-Diensteanbietenden definiert werden, sowie wie die Daten der Institution sicher zu löschen sind und Kündigungsregelungen schriftlich fixiert werden Quelle: OPS.2.2.A9 (S).;OPS.2.2.A9 Vertragsgestaltung mit den Cloud-Diensteanbietenden (S) [Institutionsleitung] Die vertraglichen Regelungen zwischen der auftraggebenden Institution und den CloudDiensteanbietenden SOLLTEN in Art, Umfang und Detaillierungsgrad dem Schutzbedarf der Informationen angepasst sein, die im Zusammenhang mit der Cloud-Nutzung stehen. Es SOLLTE geregelt werden, an welchem Standort die Cloud-Diensteanbietenden ihre Leistung erbringen. Zusätzlich SOLLTEN Eskalationsstufen und Kommunikationswege zwischen der Institution und den Cloud-Diensteanbietenden definiert werden. Auch SOLLTE vereinbart werden, wie die Daten der Institution sicher zu löschen sind. Ebenso SOLLTEN Kündigungsregelungen schriftlich fixiert werden. Die Cloud-Diensteanbietenden SOLLTEN alle Subunternehmen offenlegen, die sie für den CloudDienst benötigen.;"Die vertraglichen Regelungen zwischen der auftraggebenden Institution und den Cloud-Diensteanbietenden SOLLTEN in Art, Umfang und Detaillierungsgrad dem Schutzbedarf der Informationen angepasst sein, die im Zusammenhang mit der Cloud-Nutzung stehen Quelle: Vertragsgestaltung mit den Cloud-Diensteanbietenden. Es SOLLTE geregelt werden, an welchem Standort die Cloud-Diensteanbietenden ihre Leistung erbringen, sowie Eskalationsstufen und Kommunikationswege zwischen der Institution und den Cloud-Diensteanbietenden definiert werden Quelle: Vertragsgestaltung mit den Cloud-Diensteanbietenden. 

Anschlussfragen:
1. Wie können wir sicherstellen, dass unsere Cloud-Diensteanbietenden die notwendigen Sicherheitsmaßnahmen einhalten?
2. Welche Rolle spielt die Verschlüsselung bei der Cloud-Nutzung, und wie sollten wir diese in unseren Verträgen regeln?
3. Wie können wir eine geordnete Beendigung des Cloud-Nutzungs-Verhältnisses sicherstellen, um unsere Geschäftstätigkeit nicht zu beeinträchtigen?";Die vertraglichen Regelungen zwischen der auftraggebenden Institution und den Cloud-Diensteanbietenden SOLLTEN in Art, Umfang und Detaillierungsgrad dem Schutzbedarf der Informationen angepasst sein, die im Zusammenhang mit der Cloud-Nutzung stehen Quelle: Vertragsgestaltung mit den Cloud-Diensteanbietenden. Es SOLLTE geregelt werden, an welchem Standort die Cloud-Diensteanbietenden ihre Leistung erbringen, sowie Eskalationsstufen und Kommunikationswege zwischen der Institution und den Cloud-Diensteanbietenden definiert werden Quelle: Vertragsgestaltung mit den Cloud-Diensteanbietenden.;"1. Wie können wir sicherstellen, dass unsere Cloud-Diensteanbietenden die notwendigen Sicherheitsmaßnahmen einhalten?
2. Welche Rolle spielt die Verschlüsselung bei der Cloud-Nutzung, und wie sollten wir diese in unseren Verträgen regeln?
3. Wie können wir eine geordnete Beendigung des Cloud-Nutzungs-Verhältnisses sicherstellen, um unsere Geschäftstätigkeit nicht zu beeinträchtigen?";3;3;0.9999999999875;1.0;1.0;0.5955571598439099;Wie können wir sicherstellen, dass unsere Cloud-Diensteanbietenden die notwendigen Sicherheitsmaßnahmen einhalten?;-1;-1;evaluation_failed;Welche Rolle spielt die Verschlüsselung bei der Cloud-Nutzung, und wie sollten wir diese in unseren Verträgen regeln?;-1;-1;evaluation_failed;Wie können wir eine geordnete Beendigung des Cloud-Nutzungs-Verhältnisses sicherstellen, um unsere Geschäftstätigkeit nicht zu beeinträchtigen?;-1;-1;evaluation_failed;;
Wie stellen wir Portabilität sicher, um Lock-in zu vermeiden?;"Um Portabilität sicherzustellen und Lock-in zu vermeiden, SOLLTE die Institution alle Anforderungen definieren, die es ermöglichen, Cloud-Diensteanbietende zu wechseln oder den Cloud-Dienst bzw. die Daten in die eigene IT-Infrastruktur zurückzuholen Quelle: OPS.2.2.A15 (S. nicht spezifiziert). Zudem SOLLTE die Institution regelmäßig Portabilitätstests durchführen. In den Verträgen mit den Cloud-Diensteanbietenden SOLLTEN Vorgaben festgehalten werden, mit denen sich die notwendige Portabilität gewährleisten lässt Quelle: OPS.2.2.A15 (S. nicht spezifiziert).

Anschlussfragen:
1. Wie können wir die Anforderungen für die Portabilität von Cloud-Diensten am besten definieren?
2. Welche Rolle spielen regelmäßige Portabilitätstests bei der Sicherstellung der Portabilität?
3. Wie können wir sicherstellen, dass die Verträge mit Cloud-Diensteanbietenden die notwendigen Vorgaben für die Portabilität enthalten?";Um Portabilität sicherzustellen und Lock-in zu vermeiden, SOLLTE die Institution alle Anforderungen definieren, die es ermöglichen, Cloud-Diensteanbietende zu wechseln oder den Cloud-Dienst bzw. die Daten in die eigene IT-Infrastruktur zurückzuholen Quelle: OPS.2.2.A15 (S. nicht spezifiziert). Zudem SOLLTE die Institution regelmäßig Portabilitätstests durchführen. In den Verträgen mit den Cloud-Diensteanbietenden SOLLTEN Vorgaben festgehalten werden, mit denen sich die notwendige Portabilität gewährleisten lässt Quelle: OPS.2.2.A15 (S. nicht spezifiziert).;OPS.2.2.A15 Sicherstellung der Portabilität von Cloud-Diensten (H) [Fachverantwortliche] Die Institution SOLLTE alle Anforderungen definieren, die es ermöglichen, Cloud-Diensteanbietende zu wechseln oder den Cloud-Dienst bzw. die Daten in die eigene IT-Infrastruktur zurückzuholen. Zudem SOLLTE die Institution regelmäßig Portabilitätstests durchführen. In den Verträgen mit den Cloud-Diensteanbietenden SOLLTEN Vorgaben festgehalten werden, mit denen sich die notwendige Portabilität gewährleisten lässt.;"Um Portabilität sicherzustellen und Lock-in zu vermeiden, sollte die Institution alle Anforderungen definieren, die es ermöglichen, Cloud-Diensteanbietende zu wechseln oder den Cloud-Dienst bzw. die Daten in die eigene IT-Infrastruktur zurückzuholen Quelle: Sicherstellung der Portabilität von Cloud-Diensten (S.?). Dies kann durch regelmäßige Portabilitätstests und die Festlegung von Vorgaben in den Verträgen mit den Cloud-Diensteanbietenden erreicht werden Quelle: Sicherstellung der Portabilität von Cloud-Diensten (S.?).

Anschlussfragen:
1. Wie können regelmäßige Portabilitätstests durchgeführt werden, um die Portabilität von Cloud-Diensten sicherzustellen?
2. Welche Vorgaben sollten in den Verträgen mit den Cloud-Diensteanbietenden festgehalten werden, um die notwendige Portabilität zu gewährleisten?
3. Wie kann die Institution sicherstellen, dass die Daten aus Cloud-Diensten in die eigene IT-Infrastruktur zurückgeholt werden können, wenn dies erforderlich ist?";Um Portabilität sicherzustellen und Lock-in zu vermeiden, sollte die Institution alle Anforderungen definieren, die es ermöglichen, Cloud-Diensteanbietende zu wechseln oder den Cloud-Dienst bzw. die Daten in die eigene IT-Infrastruktur zurückzuholen Quelle: Sicherstellung der Portabilität von Cloud-Diensten (S.?). Dies kann durch regelmäßige Portabilitätstests und die Festlegung von Vorgaben in den Verträgen mit den Cloud-Diensteanbietenden erreicht werden Quelle: Sicherstellung der Portabilität von Cloud-Diensten (S.?).;"1. Wie können regelmäßige Portabilitätstests durchgeführt werden, um die Portabilität von Cloud-Diensten sicherzustellen?
2. Welche Vorgaben sollten in den Verträgen mit den Cloud-Diensteanbietenden festgehalten werden, um die notwendige Portabilität zu gewährleisten?
3. Wie kann die Institution sicherstellen, dass die Daten aus Cloud-Diensten in die eigene IT-Infrastruktur zurückgeholt werden können, wenn dies erforderlich ist?";3;3;0.14285714284285714;1.0;1.0;0.7771964133115308;Wie können regelmäßige Portabilitätstests durchgeführt werden, um die Portabilität von Cloud-Diensten sicherzustellen?;-1;-1;evaluation_failed;Welche Vorgaben sollten in den Verträgen mit den Cloud-Diensteanbietenden festgehalten werden, um die notwendige Portabilität zu gewährleisten?;-1;-1;evaluation_failed;Wie kann die Institution sicherstellen, dass die Daten aus Cloud-Diensten in die eigene IT-Infrastruktur zurückgeholt werden können, wenn dies erforderlich ist?;-1;-1;evaluation_failed;;
Wie integrieren wir Federation Services sicher in unsere Cloud-Strategie?;"Um Federation Services sicher in die Cloud-Strategie zu integrieren, SOLLTE geprüft werden, ob bei einem Cloud-Nutzungs-Vorhaben Verbunddienste eingesetzt werden, wie im Baustein OPS.2.2.A18 beschrieben Quelle: OPS.2.2.A18 Einsatz von Verbunddiensten (H) [Fachverantwortliche] (S. unbekannt, da keine Seitenzahl angegeben). Es SOLLTE sichergestellt sein, dass in einem SAML-Ticket nur die erforderlichen Informationen an die Cloud-Diensteanbietenden übertragen werden. Die Berechtigungen SOLLTEN regelmäßig überprüft werden, sodass nur berechtigten Benutzenden ein SAML-Ticket ausgestellt wird.

Anschlussfragen:
1. Wie können wir sicherstellen, dass die Übertragung von Informationen in SAML-Tickets auf das Minimum reduziert wird?
2. Welche Rolle spielen regelmäßige Überprüfungen der Berechtigungen bei der Sicherstellung der Federation Services in der Cloud?
3. Wie unterscheidet sich die Integration von Federation Services in einer Private Cloud On-Premise von anderen Cloud-Bereitstellungsmodellen?";Um Federation Services sicher in die Cloud-Strategie zu integrieren, SOLLTE geprüft werden, ob bei einem Cloud-Nutzungs-Vorhaben Verbunddienste eingesetzt werden, wie im Baustein OPS.2.2.A18 beschrieben Quelle: OPS.2.2.A18 Einsatz von Verbunddiensten (H) [Fachverantwortliche] (S. unbekannt, da keine Seitenzahl angegeben). Es SOLLTE sichergestellt sein, dass in einem SAML-Ticket nur die erforderlichen Informationen an die Cloud-Diensteanbietenden übertragen werden. Die Berechtigungen SOLLTEN regelmäßig überprüft werden, sodass nur berechtigten Benutzenden ein SAML-Ticket ausgestellt wird.;OPS.2.2.A18 Einsatz von Verbunddiensten (H) [Fachverantwortliche] Es SOLLTE geprüft werden, ob bei einem Cloud-Nutzungs-Vorhaben Verbunddienste (Federation Services) eingesetzt werden. Es SOLLTE sichergestellt sein, dass in einem SAML (Security Assertion Markup Language)-Ticket nur die erforderlichen Informationen an die Cloud-Diensteanbietenden übertragen werden. Die Berechtigungen SOLLTEN regelmäßig überprüft werden, sodass nur berechtigten Benutzenden ein SAML-Ticket ausgestellt wird.;"Um Federation Services sicher in die Cloud-Strategie zu integrieren, SOLLTE geprüft werden, ob bei einem Cloud-Nutzungs-Vorhaben Verbunddienste eingesetzt werden Quelle: Einsatz von Verbunddiensten (S.1). Es SOLLTE sichergestellt sein, dass in einem SAML-Ticket nur die erforderlichen Informationen an die Cloud-Diensteanbietenden übertragen werden Quelle: Einsatz von Verbunddiensten (S.1). 

Eine Strategie für die Cloud-Nutzung MUSS erstellt werden, in der Ziele, Chancen und Risiken definiert werden, die die Institution mit der Cloud-Nutzung verbindet Quelle: Erstellung einer Strategie für die Cloud-Nutzung (S.2). 

Bevor ein Cloud-Dienst genutzt wird, SOLLTE sorgfältig geplant werden, wie er in die IT der Institution eingebunden werden soll Quelle: Planung der sicheren Einbindung von Cloud-Diensten (S.3).

Anschlussfragen:
1. Wie können die Risiken bei der Nutzung von Cloud-Diensten minimiert werden?
2. Welche Anforderungen müssen bei der Einbindung von Cloud-Diensten in die IT-Strukturen einer Institution berücksichtigt werden?
3. Wie kann eine Institution sicherstellen, dass die Verantwortlichkeiten und Risiken bei der Nutzung von Cloud-Diensten klar definiert sind?";"Um Federation Services sicher in die Cloud-Strategie zu integrieren, SOLLTE geprüft werden, ob bei einem Cloud-Nutzungs-Vorhaben Verbunddienste eingesetzt werden Quelle: Einsatz von Verbunddiensten (S.1). Es SOLLTE sichergestellt sein, dass in einem SAML-Ticket nur die erforderlichen Informationen an die Cloud-Diensteanbietenden übertragen werden Quelle: Einsatz von Verbunddiensten (S.1). 

Eine Strategie für die Cloud-Nutzung MUSS erstellt werden, in der Ziele, Chancen und Risiken definiert werden, die die Institution mit der Cloud-Nutzung verbindet Quelle: Erstellung einer Strategie für die Cloud-Nutzung (S.2). 

Bevor ein Cloud-Dienst genutzt wird, SOLLTE sorgfältig geplant werden, wie er in die IT der Institution eingebunden werden soll Quelle: Planung der sicheren Einbindung von Cloud-Diensten (S.3).";"1. Wie können die Risiken bei der Nutzung von Cloud-Diensten minimiert werden?
2. Welche Anforderungen müssen bei der Einbindung von Cloud-Diensten in die IT-Strukturen einer Institution berücksichtigt werden?
3. Wie kann eine Institution sicherstellen, dass die Verantwortlichkeiten und Risiken bei der Nutzung von Cloud-Diensten klar definiert sind?";3;3;0.9266666666481335;1.0;1.0;0.5985680349916607;Wie können die Risiken bei der Nutzung von Cloud-Diensten minimiert werden?;-1;-1;evaluation_failed;Welche Anforderungen müssen bei der Einbindung von Cloud-Diensten in die IT-Strukturen einer Institution berücksichtigt werden?;-1;-1;evaluation_failed;Wie kann eine Institution sicherstellen, dass die Verantwortlichkeiten und Risiken bei der Nutzung von Cloud-Diensten klar definiert sind?;-1;-1;evaluation_failed;;
Sollten wir trotz Provider-Backups eigene Datensicherungen durchführen?;"Die Institution SOLLTE prüfen, ob, zusätzlich zu den vertraglich festgelegten Datensicherungen der Cloud-Diensteanbietenden, eigene Datensicherungen erstellt werden sollen Quelle: OPS.2.2.A16 (S.?). Zudem SOLLTE sie detaillierte Anforderungen an einen Backup-Service erstellen Quelle: OPS.2.2.A16 (S.?).

Anschlussfragen:
1. Wie können die Anforderungen an einen Backup-Service im Detail definiert werden?
2. Welche Rolle spielen die vertraglich festgelegten Datensicherungen der Cloud-Diensteanbietenden bei der Entscheidung für eigene Datensicherungen?
3. Wie können die spezifischen Sicherheitsanforderungen für die Anbindung eines Cloud-Dienstes über entsprechende Schnittstellen berücksichtigt werden?";Die Institution SOLLTE prüfen, ob, zusätzlich zu den vertraglich festgelegten Datensicherungen der Cloud-Diensteanbietenden, eigene Datensicherungen erstellt werden sollen Quelle: OPS.2.2.A16 (S.?). Zudem SOLLTE sie detaillierte Anforderungen an einen Backup-Service erstellen Quelle: OPS.2.2.A16 (S.?).;OPS.2.2.A16 Durchführung eigener Datensicherungen (H) [Fachverantwortliche] Die Institution SOLLTE prüfen, ob, zusätzlich zu den vertraglich festgelegten Datensicherungen der Cloud-Diensteanbietenden, eigene Datensicherungen erstellt werden sollen. Zudem SOLLTE sie detaillierte Anforderungen an einen Backup-Service erstellen.;"Die Institution SOLLTE prüfen, ob, zusätzlich zu den vertraglich festgelegten Datensicherungen der Cloud-Diensteanbietenden, eigene Datensicherungen erstellt werden sollen Quelle: Durchführung eigener Datensicherungen (S.1). Dies ist wichtig, um sicherzustellen, dass die Daten auch im Falle eines Datenverlustes oder einer Ransomware-Attacke wiederhergestellt werden können. Es MUSS definiert sein, welche Speichermedien benutzt werden und wie die Transport- und Aufbewahrungsmodalitäten ausgestaltet sein müssen Quelle: Festlegung der Verfahrensweisen für die Datensicherung (S.2).

Anschlussfragen:
1. Wie oft sollten Datensicherungen durchgeführt werden, um einen angemessenen Schutz vor Datenverlust zu gewährleisten?
2. Welche Rolle spielen Snapshot-Mechanismen bei der Datensicherung in virtuellen Umgebungen und für Storage-Systeme?
3. Wie sollten die Wiederherstellungsparameter für ein Datenbanksystem vorgegeben werden, um einen effektiven Schutz der Daten zu gewährleisten?";Die Institution SOLLTE prüfen, ob, zusätzlich zu den vertraglich festgelegten Datensicherungen der Cloud-Diensteanbietenden, eigene Datensicherungen erstellt werden sollen Quelle: Durchführung eigener Datensicherungen (S.1). Dies ist wichtig, um sicherzustellen, dass die Daten auch im Falle eines Datenverlustes oder einer Ransomware-Attacke wiederhergestellt werden können. Es MUSS definiert sein, welche Speichermedien benutzt werden und wie die Transport- und Aufbewahrungsmodalitäten ausgestaltet sein müssen Quelle: Festlegung der Verfahrensweisen für die Datensicherung (S.2).;"1. Wie oft sollten Datensicherungen durchgeführt werden, um einen angemessenen Schutz vor Datenverlust zu gewährleisten?
2. Welche Rolle spielen Snapshot-Mechanismen bei der Datensicherung in virtuellen Umgebungen und für Storage-Systeme?
3. Wie sollten die Wiederherstellungsparameter für ein Datenbanksystem vorgegeben werden, um einen effektiven Schutz der Daten zu gewährleisten?";3;3;0.9999999999875;1.0;1.0;0.39594156220682875;Wie oft sollten Datensicherungen durchgeführt werden, um einen angemessenen Schutz vor Datenverlust zu gewährleisten?;-1;-1;evaluation_failed;Welche Rolle spielen Snapshot-Mechanismen bei der Datensicherung in virtuellen Umgebungen und für Storage-Systeme?;-1;-1;evaluation_failed;Wie sollten die Wiederherstellungsparameter für ein Datenbanksystem vorgegeben werden, um einen effektiven Schutz der Daten zu gewährleisten?;-1;-1;evaluation_failed;;
Müssen Verantwortlichkeiten für Informationssicherheit festgelegt werden?;"Ja, Verantwortlichkeiten für Informationssicherheit MÜSSEN festgelegt werden. Laut ORP.1.A1 Festlegung von Verantwortlichkeiten und Regelungen (B) [Institutionsleitung] MÜSSEN innerhalb einer Institution alle relevanten Aufgaben und Funktionen klar definiert und voneinander abgegrenzt sein Quelle: ORP.1.A1 (S. nicht spezifiziert, da keine Seitenzahl im Kontext angegeben ist). 

Anschlussfragen:
1. Wie MÜSSEN die Organisationsstrukturen und verbindlichen Regelungen für die Informationssicherheit überarbeitet werden?
2. Welche Rolle spielt der Baustein ORP.1 Organisation bei der Umsetzung von Informationssicherheit in einer Institution?
3. Wie werden Aspekte wie Personal, Schulung von Mitarbeitenden und Identitäts- und Berechtigungsmanagement im Kontext der Informationssicherheit behandelt?";Ja, Verantwortlichkeiten für Informationssicherheit MÜSSEN festgelegt werden. Laut ORP.1.A1 Festlegung von Verantwortlichkeiten und Regelungen (B) [Institutionsleitung] MÜSSEN innerhalb einer Institution alle relevanten Aufgaben und Funktionen klar definiert und voneinander abgegrenzt sein Quelle: ORP.1.A1 (S. nicht spezifiziert, da keine Seitenzahl im Kontext angegeben ist).;ORP.1.A1 Festlegung von Verantwortlichkeiten und Regelungen (B) [Institutionsleitung] Innerhalb einer Institution MÜSSEN alle relevanten Aufgaben und Funktionen klar definiert und voneinander abgegrenzt sein. Es MÜSSEN verbindliche Regelungen für die Informationssicherheit für die verschiedenen betrieblichen Aspekte übergreifend festgelegt werden. Die Organisationsstrukturen sowie verbindliche Regelungen MÜSSEN anlassbezogen überarbeitet werden. Die Änderungen MÜSSEN allen Mitarbeitenden bekannt gegeben werden.;"Ja, Verantwortlichkeiten für Informationssicherheit müssen festgelegt werden. Die oberste Leitungsebene jeder Behörde und jedes Unternehmens ist dafür verantwortlich, dass alle Geschäftsbereiche zielgerichtet und ordnungsgemäß funktionieren und dass Risiken frühzeitig erkannt und minimiert werden. Die Leitungsebene muss den Sicherheitsprozess initiieren, steuern und kontrollieren. Quelle: Kapitel ""Verantwortung und Organisation"" (S.1-5).

Es muss mindestens eine Person benannt werden, die den Informationssicherheitsprozess fördert und koordiniert, typischerweise als Informationssicherheitsbeauftragter (ISB). Jeder Mitarbeiter ist gleichermaßen für seine originäre Aufgabe wie für die Aufrechterhaltung der Informationssicherheit an seinem Arbeitsplatz und in seiner Umgebung verantwortlich. Quelle: Kapitel ""Rollen und Verantwortlichkeiten"" (S.10-12).

Anschlussfragen:
1. Wie sollte die Rolle des Informationssicherheitsbeauftragten (ISB) in einer Institution organisiert sein?
2. Welche Aufgaben hat die Leitungsebene im Rahmen des Informationssicherheitsprozesses?
3. Wie kann die Leitungsebene sicherstellen, dass alle entscheidungsrelevanten Informationen sie rechtzeitig und im nötigen Umfang erreichen?";"Ja, Verantwortlichkeiten für Informationssicherheit müssen festgelegt werden. Die oberste Leitungsebene jeder Behörde und jedes Unternehmens ist dafür verantwortlich, dass alle Geschäftsbereiche zielgerichtet und ordnungsgemäß funktionieren und dass Risiken frühzeitig erkannt und minimiert werden. Die Leitungsebene muss den Sicherheitsprozess initiieren, steuern und kontrollieren. Quelle: Kapitel ""Verantwortung und Organisation"" (S.1-5).

Es muss mindestens eine Person benannt werden, die den Informationssicherheitsprozess fördert und koordiniert, typischerweise als Informationssicherheitsbeauftragter (ISB). Jeder Mitarbeiter ist gleichermaßen für seine originäre Aufgabe wie für die Aufrechterhaltung der Informationssicherheit an seinem Arbeitsplatz und in seiner Umgebung verantwortlich. Quelle: Kapitel ""Rollen und Verantwortlichkeiten"" (S.10-12).";"1. Wie sollte die Rolle des Informationssicherheitsbeauftragten (ISB) in einer Institution organisiert sein?
2. Welche Aufgaben hat die Leitungsebene im Rahmen des Informationssicherheitsprozesses?
3. Wie kann die Leitungsebene sicherstellen, dass alle entscheidungsrelevanten Informationen sie rechtzeitig und im nötigen Umfang erreichen?";3;3;0.9999999999875;1.0;1.0;0.30450676774027086;Wie sollte die Rolle des Informationssicherheitsbeauftragten (ISB) in einer Institution organisiert sein?;-1;-1;evaluation_failed;Welche Aufgaben hat die Leitungsebene im Rahmen des Informationssicherheitsprozesses?;-1;-1;evaluation_failed;Wie kann die Leitungsebene sicherstellen, dass alle entscheidungsrelevanten Informationen sie rechtzeitig und im nötigen Umfang erreichen?;-1;-1;evaluation_failed;;
Wer ist für Geschäftsprozesse und IT-Systeme zuständig?;"Für alle Geschäftsprozesse, Anwendungen, IT-Systeme, Räume und Gebäude sowie Kommunikationsverbindungen MUSS festgelegt werden, wer für diese und deren Sicherheit zuständig ist Quelle: ORP.1.A2 Zuweisung der Zuständigkeiten (B) [Institutionsleitung] (S. nicht spezifiziert). Die Institutionsleitung ist für die Zuweisung dieser Zuständigkeiten verantwortlich.

Anschlussfragen:
1. Wie werden die Zuständigkeiten für die Sicherheit von IT-Systemen und Geschäftsprozessen dokumentiert?
2. Welche Rolle spielt die Institutionsleitung bei der Zuweisung von Zuständigkeiten für Informationssicherheit?
3. Wie werden Mitarbeitende über ihre Zuständigkeiten und Aufgaben im Rahmen der Informationssicherheit informiert?";Für alle Geschäftsprozesse, Anwendungen, IT-Systeme, Räume und Gebäude sowie Kommunikationsverbindungen MUSS festgelegt werden, wer für diese und deren Sicherheit zuständig ist Quelle: ORP.1.A2 Zuweisung der Zuständigkeiten (B) [Institutionsleitung] (S. nicht spezifiziert). Die Institutionsleitung ist für die Zuweisung dieser Zuständigkeiten verantwortlich.;ORP.1.A2 Zuweisung der Zuständigkeiten (B) [Institutionsleitung] Für alle Geschäftsprozesse, Anwendungen, IT-Systeme, Räume und Gebäude sowie Kommunikationsverbindungen MUSS festgelegt werden, wer für diese und deren Sicherheit zuständig ist. Alle Mitarbeitenden MÜSSEN darüber informiert sein, insbesondere wofür sie zuständig sind und welche damit verbundenen Aufgaben sie wahrnehmen.;"Für die Geschäftsprozesse und IT-Systeme ist die Organisationseinheit IT-Abteilung zuständig Quelle: IT-Strategie und IT-Ressourcenmanagement (S.1). Die oberste Leitungsebene jeder Behörde und jedes Unternehmens ist dafür verantwortlich, dass alle Geschäftsbereiche zielgerichtet und ordnungsgemäß funktionieren und dass Risiken frühzeitig erkannt und minimiert werden Quelle: Oberste Leitungsebene (S.2). 

Für alle Geschäftsprozesse, Anwendungen, IT-Systeme, Räume und Gebäude sowie Kommunikationsverbindungen MUSS festgelegt werden, wer für diese und deren Sicherheit zuständig ist Quelle: Zuweisung der Zuständigkeiten (S.3). 

Anschlussfragen:
1. Wie werden die Zuständigkeiten für die IT-Systeme und Geschäftsprozesse in einer Institution festgelegt?
2. Welche Rolle spielt die oberste Leitungsebene bei der Initiierung und Steuerung des Sicherheitsprozesses?
3. Wie werden die Mitarbeiter für Sicherheitsbelange sensibilisiert und welche Maßnahmen werden dazu ergriffen?";"Für die Geschäftsprozesse und IT-Systeme ist die Organisationseinheit IT-Abteilung zuständig Quelle: IT-Strategie und IT-Ressourcenmanagement (S.1). Die oberste Leitungsebene jeder Behörde und jedes Unternehmens ist dafür verantwortlich, dass alle Geschäftsbereiche zielgerichtet und ordnungsgemäß funktionieren und dass Risiken frühzeitig erkannt und minimiert werden Quelle: Oberste Leitungsebene (S.2). 

Für alle Geschäftsprozesse, Anwendungen, IT-Systeme, Räume und Gebäude sowie Kommunikationsverbindungen MUSS festgelegt werden, wer für diese und deren Sicherheit zuständig ist Quelle: Zuweisung der Zuständigkeiten (S.3).";"1. Wie werden die Zuständigkeiten für die IT-Systeme und Geschäftsprozesse in einer Institution festgelegt?
2. Welche Rolle spielt die oberste Leitungsebene bei der Initiierung und Steuerung des Sicherheitsprozesses?
3. Wie werden die Mitarbeiter für Sicherheitsbelange sensibilisiert und welche Maßnahmen werden dazu ergriffen?";3;3;0.9999999999875;1.0;1.0;0.5757848353804169;Wie werden die Zuständigkeiten für die IT-Systeme und Geschäftsprozesse in einer Institution festgelegt?;-1;-1;evaluation_failed;Welche Rolle spielt die oberste Leitungsebene bei der Initiierung und Steuerung des Sicherheitsprozesses?;-1;-1;evaluation_failed;Wie werden die Mitarbeiter für Sicherheitsbelange sensibilisiert und welche Maßnahmen werden dazu ergriffen?;-1;-1;evaluation_failed;;
Warum müssen fremde Personen von externen Dienstleistern innerhalb der Institution begleitet werden?;"Institutionsfremde Personen MÜSSEN von Mitarbeitenden zu den Räumen begleitet werden, um sicherzustellen, dass sie nicht unbeaufsichtigt in den Räumen der Institution bleiben Quelle: ORP.1.A3 (S. nicht spezifiziert). Dies ist notwendig, um die Informationssicherheit innerhalb der Institution zu gewährleisten und unbefugten Zugriff auf sensible Bereiche oder Daten zu verhindern. Die Begleitung durch Mitarbeitende ermöglicht es, die Aktivitäten von Fremdpersonen zu überwachen und sicherzustellen, dass sie die Regeln und Richtlinien der Institution einhalten Quelle: ORP.1.A3 (S. nicht spezifiziert).

Anschlussfragen:
1. Wie sollten Mitarbeitende institutionsfremde Personen in sensiblen Bereichen beaufsichtigen?
2. Warum ist es wichtig, dass institutionsfremde Personen nicht unbeaufsichtigt in den Räumen der Institution bleiben?
3. Welche Rolle spielen die Bausteine ORP.2 bis ORP.5 im Kontext der Informationssicherheit in einer Institution?";Institutionsfremde Personen MÜSSEN von Mitarbeitenden zu den Räumen begleitet werden, um sicherzustellen, dass sie nicht unbeaufsichtigt in den Räumen der Institution bleiben Quelle: ORP.1.A3 (S. nicht spezifiziert). Dies ist notwendig, um die Informationssicherheit innerhalb der Institution zu gewährleisten und unbefugten Zugriff auf sensible Bereiche oder Daten zu verhindern. Die Begleitung durch Mitarbeitende ermöglicht es, die Aktivitäten von Fremdpersonen zu überwachen und sicherzustellen, dass sie die Regeln und Richtlinien der Institution einhalten Quelle: ORP.1.A3 (S. nicht spezifiziert).;ORP.1.A3 Beaufsichtigung oder Begleitung von Fremdpersonen (B) [Mitarbeitende] Institutionsfremde Personen MÜSSEN von Mitarbeitenden zu den Räumen begleitet werden. Die Mitarbeitenden der Institution MÜSSEN institutionsfremde Personen in sensiblen Bereichen beaufsichtigen. Die Mitarbeitenden SOLLTEN dazu angehalten werden, institutionsfremde Personen in den Räumen der Institution nicht unbeaufsichtigt zu lassen.;"Fremde Personen von externen Dienstleistern MÜSSEN innerhalb der Institution begleitet werden, um sicherzustellen, dass sie die geltenden Gesetze, Vorschriften und internen Regelungen einhalten und keine Gefährdung für die Informationssicherheit darstellen. Dies ist besonders wichtig in sensiblen Bereichen, wo der Schutz von Informationen und Systemen von höchster Priorität ist. Die Begleitung durch Mitarbeitende der Institution ermöglicht es, die Tätigkeiten des externen Personals zu überwachen und sicherzustellen, dass sie nicht unbeaufsichtigt bleiben. Quelle: Festlegung von Regelungen für den Einsatz von Fremdpersonal (S. 73).

Anschlussfragen:
1. Wie sollten die Aufgaben im Bereich der Informationssicherheit abgegrenzt und die Schnittstellen festgelegt werden, bevor externe Dienstleister eingesetzt werden?
2. Welche Rolle spielen vertragliche Rahmenbedingungen und die Voraussetzungen für die Umsetzung der Anforderungen des IT-Grundschutzes bei der Einbindung externer Dienstleister?
3. Wie kann die Institution sicherstellen, dass externe Dienstleister die notwendigen Fachkenntnisse besitzen, um die Tätigkeiten kontrollieren zu können, insbesondere bei der Arbeit an VS-IT?";Fremde Personen von externen Dienstleistern MÜSSEN innerhalb der Institution begleitet werden, um sicherzustellen, dass sie die geltenden Gesetze, Vorschriften und internen Regelungen einhalten und keine Gefährdung für die Informationssicherheit darstellen. Dies ist besonders wichtig in sensiblen Bereichen, wo der Schutz von Informationen und Systemen von höchster Priorität ist. Die Begleitung durch Mitarbeitende der Institution ermöglicht es, die Tätigkeiten des externen Personals zu überwachen und sicherzustellen, dass sie nicht unbeaufsichtigt bleiben. Quelle: Festlegung von Regelungen für den Einsatz von Fremdpersonal (S. 73).;"1. Wie sollten die Aufgaben im Bereich der Informationssicherheit abgegrenzt und die Schnittstellen festgelegt werden, bevor externe Dienstleister eingesetzt werden?
2. Welche Rolle spielen vertragliche Rahmenbedingungen und die Voraussetzungen für die Umsetzung der Anforderungen des IT-Grundschutzes bei der Einbindung externer Dienstleister?
3. Wie kann die Institution sicherstellen, dass externe Dienstleister die notwendigen Fachkenntnisse besitzen, um die Tätigkeiten kontrollieren zu können, insbesondere bei der Arbeit an VS-IT?";3;3;0.9249999999815;1.0;1.0;0.5232217457262243;Wie sollten die Aufgaben im Bereich der Informationssicherheit abgegrenzt und die Schnittstellen festgelegt werden, bevor externe Dienstleister eingesetzt werden?;-1;-1;evaluation_failed;Welche Rolle spielen vertragliche Rahmenbedingungen und die Voraussetzungen für die Umsetzung der Anforderungen des IT-Grundschutzes bei der Einbindung externer Dienstleister?;-1;-1;evaluation_failed;Wie kann die Institution sicherstellen, dass externe Dienstleister die notwendigen Fachkenntnisse besitzen, um die Tätigkeiten kontrollieren zu können, insbesondere bei der Arbeit an VS-IT?;-1;-1;evaluation_failed;;
Muss es feste Ansprechpersonen für Sicherheitsfragen geben?;"Ja, es muss feste Ansprechpersonen für Sicherheitsfragen geben. In jeder Institution MUSS es Ansprechpersonen für Sicherheitsfragen geben, die sowohl scheinbar einfache wie auch komplexe oder technische Fragen beantworten können Quelle: ORP.1.A15 (S. nicht spezifiziert). Die Ansprechpersonen MÜSSEN allen Mitarbeitenden der Institution bekannt sein und diesbezügliche Informationen MÜSSEN in der Institution für alle verfügbar und leicht zugänglich sein.

Anschlussfragen:
1. Wie sollten die Ansprechpersonen für Sicherheitsfragen in der Institution bekannt gegeben werden?
2. Welche Rolle spielen die Ansprechpersonen bei der Behandlung von Sicherheitsvorfällen in der Institution?
3. Wie oft sollten die Ansprechpersonen für Sicherheitsfragen geschult oder informiert werden, um ihre Kenntnisse auf dem aktuellen Stand zu halten?";Ja, es muss feste Ansprechpersonen für Sicherheitsfragen geben. In jeder Institution MUSS es Ansprechpersonen für Sicherheitsfragen geben, die sowohl scheinbar einfache wie auch komplexe oder technische Fragen beantworten können Quelle: ORP.1.A15 (S. nicht spezifiziert). Die Ansprechpersonen MÜSSEN allen Mitarbeitenden der Institution bekannt sein und diesbezügliche Informationen MÜSSEN in der Institution für alle verfügbar und leicht zugänglich sein.;ORP.1.A15 Ansprechperson zu Informationssicherheitsfragen (B) In jeder Institution MUSS es Ansprechpersonen für Sicherheitsfragen geben, die sowohl scheinbar einfache wie auch komplexe oder technische Fragen beantworten können. Die Ansprechpersonen MÜSSEN allen Mitarbeitenden der Institution bekannt sein. Diesbezügliche Informationen MÜSSEN in der Institution für alle verfügbar und leicht zugänglich sein.;"Ja, es muss feste Ansprechpersonen für Sicherheitsfragen geben. In jeder Institution MUSS es Ansprechpersonen für Sicherheitsfragen geben, die sowohl scheinbar einfache wie auch komplexe oder technische Fragen beantworten können Quelle: Ansprechperson zu Informationssicherheitsfragen (S.1). Die Ansprechpersonen MÜSSEN allen Mitarbeitenden der Institution bekannt sein Quelle: Ansprechperson zu Informationssicherheitsfragen (S.1).

Anschlussfragen:
1. Wie sollten die Meldewege für Sicherheitsvorfälle in einer Institution aufgebaut sein?
2. Welche Rolle spielt der Informationssicherheitsbeauftragte bei der Kommunikation mit Mitarbeitern und der Behörden- oder Unternehmensleitung?
3. Warum sollte die Position des Informationssicherheitsbeauftragten nicht organisatorisch der IT-Abteilung zugeordnet sein?";Ja, es muss feste Ansprechpersonen für Sicherheitsfragen geben. In jeder Institution MUSS es Ansprechpersonen für Sicherheitsfragen geben, die sowohl scheinbar einfache wie auch komplexe oder technische Fragen beantworten können Quelle: Ansprechperson zu Informationssicherheitsfragen (S.1). Die Ansprechpersonen MÜSSEN allen Mitarbeitenden der Institution bekannt sein Quelle: Ansprechperson zu Informationssicherheitsfragen (S.1).;"1. Wie sollten die Meldewege für Sicherheitsvorfälle in einer Institution aufgebaut sein?
2. Welche Rolle spielt der Informationssicherheitsbeauftragte bei der Kommunikation mit Mitarbeitern und der Behörden- oder Unternehmensleitung?
3. Warum sollte die Position des Informationssicherheitsbeauftragten nicht organisatorisch der IT-Abteilung zugeordnet sein?";3;3;0.9999999999875;1.0;1.0;0.8862810750878823;Wie sollten die Meldewege für Sicherheitsvorfälle in einer Institution aufgebaut sein?;-1;-1;evaluation_failed;Welche Rolle spielt der Informationssicherheitsbeauftragte bei der Kommunikation mit Mitarbeitern und der Behörden- oder Unternehmensleitung?;-1;-1;evaluation_failed;Warum sollte die Position des Informationssicherheitsbeauftragten nicht organisatorisch der IT-Abteilung zugeordnet sein?;-1;-1;evaluation_failed;;
Warum ist eine Funktionstrennung bei Aufgaben notwendig?;"Die Funktionstrennung bei Aufgaben ist notwendig, um unvereinbare Aufgaben wie operative und kontrollierende Funktionen auf verschiedene Personen zu verteilen Quelle: ORP.1.A4 (S. nicht spezifiziert). Dies bedeutet, dass die Aufgaben und die hierfür erforderlichen Rollen und Funktionen so strukturiert sein müssen, dass unvereinbare Aufgaben getrennt werden Quelle: ORP.1.A4 (S. nicht spezifiziert). Die Funktionstrennung soll verhindern, dass eine Person zu viel Macht oder Einfluss auf bestimmte Prozesse oder Systeme hat, was zu Missbrauch oder ungewollten Konsequenzen führen könnte Quelle: ORP.1.A4 (S. nicht spezifiziert).

Anschlussfragen:
1. Wie werden unvereinbare Aufgaben in einer Institution identifiziert und getrennt?
2. Welche Rolle spielt die Dokumentation bei der Funktionstrennung?
3. Wie werden Vertreter bei der Funktionstrennung berücksichtigt?";Die Funktionstrennung bei Aufgaben ist notwendig, um unvereinbare Aufgaben wie operative und kontrollierende Funktionen auf verschiedene Personen zu verteilen Quelle: ORP.1.A4 (S. nicht spezifiziert). Dies bedeutet, dass die Aufgaben und die hierfür erforderlichen Rollen und Funktionen so strukturiert sein müssen, dass unvereinbare Aufgaben getrennt werden Quelle: ORP.1.A4 (S. nicht spezifiziert). Die Funktionstrennung soll verhindern, dass eine Person zu viel Macht oder Einfluss auf bestimmte Prozesse oder Systeme hat, was zu Missbrauch oder ungewollten Konsequenzen führen könnte Quelle: ORP.1.A4 (S. nicht spezifiziert).;ORP.1.A4 Funktionstrennung zwischen unvereinbaren Aufgaben (B) Die Aufgaben und die hierfür erforderlichen Rollen und Funktionen MÜSSEN so strukturiert sein, dass unvereinbare Aufgaben wie operative und kontrollierende Funktionen auf verschiedene Personen verteilt werden. Für unvereinbare Funktionen MUSS eine Funktionstrennung festgelegt und dokumentiert sein. Auch Vertreter MÜSSEN der Funktionstrennung unterliegen.;"Eine Funktionstrennung bei Aufgaben ist notwendig, um unvereinbare Aufgaben wie operative und kontrollierende Funktionen auf verschiedene Personen zu verteilen. Dies soll verhindern, dass eine Person zu viel Macht oder Einfluss auf bestimmte Prozesse oder Entscheidungen hat, was zu Interessenkonflikten oder anderen Problemen führen könnte. Durch die Funktionstrennung kann sichergestellt werden, dass jede Person nur die Aufgaben und Funktionen ausführt, für die sie autorisiert ist, und dass keine Person in der Lage ist, alleine Entscheidungen zu treffen oder Aktionen auszuführen, die nicht im Einklang mit den Zielen und Richtlinien der Institution stehen. Quelle: ORP.1 Organisation (S. nicht spezifiziert).

Anschlussfragen:
1. Wie können unvereinbare Aufgaben in einer Institution identifiziert werden?
2. Welche Rolle spielt die Funktionstrennung bei der Verhinderung von Interessenkonflikten?
3. Wie kann eine Institution sicherstellen, dass die Funktionstrennung effektiv umgesetzt und durchgesetzt wird?";Eine Funktionstrennung bei Aufgaben ist notwendig, um unvereinbare Aufgaben wie operative und kontrollierende Funktionen auf verschiedene Personen zu verteilen. Dies soll verhindern, dass eine Person zu viel Macht oder Einfluss auf bestimmte Prozesse oder Entscheidungen hat, was zu Interessenkonflikten oder anderen Problemen führen könnte. Durch die Funktionstrennung kann sichergestellt werden, dass jede Person nur die Aufgaben und Funktionen ausführt, für die sie autorisiert ist, und dass keine Person in der Lage ist, alleine Entscheidungen zu treffen oder Aktionen auszuführen, die nicht im Einklang mit den Zielen und Richtlinien der Institution stehen. Quelle: ORP.1 Organisation (S. nicht spezifiziert).;"1. Wie können unvereinbare Aufgaben in einer Institution identifiziert werden?
2. Welche Rolle spielt die Funktionstrennung bei der Verhinderung von Interessenkonflikten?
3. Wie kann eine Institution sicherstellen, dass die Funktionstrennung effektiv umgesetzt und durchgesetzt wird?";3;3;0.8134920634785053;1.0;0.2;0.5707421543475397;Wie können unvereinbare Aufgaben in einer Institution identifiziert werden?;-1;-1;evaluation_failed;Welche Rolle spielt die Funktionstrennung bei der Verhinderung von Interessenkonflikten?;-1;-1;evaluation_failed;Wie kann eine Institution sicherstellen, dass die Funktionstrennung effektiv umgesetzt und durchgesetzt wird?;-1;-1;evaluation_failed;;
Wie soll mit Betriebsmitteln und Geräten umgegangen werden?;"Um mit Betriebsmitteln und Geräten umzugehen, SOLLTE die Institution sicherstellen, dass alle Geräte und Betriebsmittel, die Einfluss auf die Informationssicherheit haben, in ausreichender Menge vorhanden sind Quelle: ORP.1.A8 (S). Es SOLLTE geeignete Prüf- und Genehmigungsverfahren vor Einsatz der Geräte und Betriebsmittel geben Quelle: ORP.1.A8 (S). Darüber hinaus SOLLTEN Geräte und Betriebsmittel in geeigneten Bestandsverzeichnissen aufgelistet werden Quelle: ORP.1.A8 (S). Um den Missbrauch von Daten zu verhindern, SOLLTE die zuverlässige Löschung oder Vernichtung von Geräten und Betriebsmitteln geregelt sein Quelle: ORP.1.A8 (S).

Anschlussfragen:
1. Wie sollten die Bestandsverzeichnisse für Geräte und Betriebsmittel gestaltet werden, um eine effiziente Verwaltung zu gewährleisten?
2. Welche Rolle spielt die zuverlässige Löschung oder Vernichtung von Geräten und Betriebsmitteln bei der Verhinderung von Datenmissbrauch?
3. Wie können geeignete Prüf- und Genehmigungsverfahren für den Einsatz neuer Geräte und Betriebsmittel etabliert werden, um die Informationssicherheit zu gewährleisten?";Um mit Betriebsmitteln und Geräten umzugehen, SOLLTE die Institution sicherstellen, dass alle Geräte und Betriebsmittel, die Einfluss auf die Informationssicherheit haben, in ausreichender Menge vorhanden sind Quelle: ORP.1.A8 (S). Es SOLLTE geeignete Prüf- und Genehmigungsverfahren vor Einsatz der Geräte und Betriebsmittel geben Quelle: ORP.1.A8 (S). Darüber hinaus SOLLTEN Geräte und Betriebsmittel in geeigneten Bestandsverzeichnissen aufgelistet werden Quelle: ORP.1.A8 (S). Um den Missbrauch von Daten zu verhindern, SOLLTE die zuverlässige Löschung oder Vernichtung von Geräten und Betriebsmitteln geregelt sein Quelle: ORP.1.A8 (S).;ORP.1.A8 Betriebsmittel- und Geräteverwaltung (S) [IT-Betrieb] Alle Geräte und Betriebsmittel, die Einfluss auf die Informationssicherheit haben und die zur Aufgabenerfüllung und zur Einhaltung der Sicherheitsanforderungen erforderlich sind, SOLLTEN in ausreichender Menge vorhanden sein. Es SOLLTE geeignete Prüf- und Genehmigungsverfahren vor Einsatz der Geräte und Betriebsmittel geben. Geräte und Betriebsmittel SOLLTEN in geeigneten Bestandsverzeichnissen aufgelistet werden. Um den Missbrauch von Daten zu verhindern, SOLLTE die zuverlässige Löschung oder Vernichtung von Geräten und Betriebsmitteln geregelt sein (siehe hierzu CON.6 Löschen und Vernichten).;"Mit Betriebsmitteln und Geräten sollte umsichtig umgegangen werden, um die Informationssicherheit zu gewährleisten. Alle Geräte und Betriebsmittel, die Einfluss auf die Informationssicherheit haben, SOLLTEN in ausreichender Menge vorhanden sein und in geeigneten Bestandsverzeichnissen aufgelistet werden Quelle: Betriebsmittel- und Geräteverwaltung (S.1). Es SOLLTE geeignete Prüf- und Genehmigungsverfahren vor Einsatz der Geräte und Betriebsmittel geben, um Missbrauch zu verhindern Quelle: Betriebsmittel- und Geräteverwaltung (S.2). 

Für mobile Geräte SOLLTE eine verbindliche Richtlinie erstellt werden, die die Nutzung, Pflege, Aufbewahrung und Verlustmeldung regelt Quelle: Richtlinie für Mitarbeitende zur Benutzung von mobilen Geräten (S.3). 

Außerdem SOLLTEN Betriebsmittel und Dokumentation vor unbefugtem Zugriff geschützt werden, und es SOLLTE sichergestellt werden, dass sie zu jeder Zeit verfügbar sind Quelle: Absicherung der Betriebsmittel und der Dokumentation (S.4). 

Anschlussfragen:
1. Wie sollten schützenswerte Betriebsmittel und Informationen ordnungsgemäß gelöscht und vernichtet werden?
2. Welche Anforderungen sollten bei der Planung und dem Einsatz von Betriebsmitteln berücksichtigt werden?
3. Wie sollten Drucker, Kopierer und Multifunktionsgeräte aufgestellt und abgesichert werden, um unbefugten Zugriff zu verhindern?";"Mit Betriebsmitteln und Geräten sollte umsichtig umgegangen werden, um die Informationssicherheit zu gewährleisten. Alle Geräte und Betriebsmittel, die Einfluss auf die Informationssicherheit haben, SOLLTEN in ausreichender Menge vorhanden sein und in geeigneten Bestandsverzeichnissen aufgelistet werden Quelle: Betriebsmittel- und Geräteverwaltung (S.1). Es SOLLTE geeignete Prüf- und Genehmigungsverfahren vor Einsatz der Geräte und Betriebsmittel geben, um Missbrauch zu verhindern Quelle: Betriebsmittel- und Geräteverwaltung (S.2). 

Für mobile Geräte SOLLTE eine verbindliche Richtlinie erstellt werden, die die Nutzung, Pflege, Aufbewahrung und Verlustmeldung regelt Quelle: Richtlinie für Mitarbeitende zur Benutzung von mobilen Geräten (S.3). 

Außerdem SOLLTEN Betriebsmittel und Dokumentation vor unbefugtem Zugriff geschützt werden, und es SOLLTE sichergestellt werden, dass sie zu jeder Zeit verfügbar sind Quelle: Absicherung der Betriebsmittel und der Dokumentation (S.4).";"1. Wie sollten schützenswerte Betriebsmittel und Informationen ordnungsgemäß gelöscht und vernichtet werden?
2. Welche Anforderungen sollten bei der Planung und dem Einsatz von Betriebsmitteln berücksichtigt werden?
3. Wie sollten Drucker, Kopierer und Multifunktionsgeräte aufgestellt und abgesichert werden, um unbefugten Zugriff zu verhindern?";3;3;0.9999999999857143;1.0;1.0;0.5415711994358864;Wie sollten schützenswerte Betriebsmittel und Informationen ordnungsgemäß gelöscht und vernichtet werden?;-1;-1;evaluation_failed;Welche Anforderungen sollten bei der Planung und dem Einsatz von Betriebsmitteln berücksichtigt werden?;-1;-1;evaluation_failed;Wie sollten Drucker, Kopierer und Multifunktionsgeräte aufgestellt und abgesichert werden, um unbefugten Zugriff zu verhindern?;-1;-1;evaluation_failed;;
Welche organisatorischen Maßnahmen gelten bei Umzügen?;"Bei Umzügen gelten organisatorische Maßnahmen, die im Baustein ORP.1.A13 Sicherheit bei Umzügen (S) [IT-Betrieb, Haustechnik] festgelegt sind. Vor einem Umzug SOLLTEN frühzeitig Sicherheitsrichtlinien erarbeitet bzw. aktualisiert werden Quelle: ORP.1.A13 (S). Alle Mitarbeitenden SOLLTEN über die vor, während und nach dem Umzug relevanten Sicherheitsmaßnahmen informiert werden Quelle: ORP.1.A13 (S). Nach dem Umzug SOLLTE überprüft werden, ob das transportierte Umzugsgut vollständig und unbeschädigt bzw. unverändert angekommen ist Quelle: ORP.1.A13 (S).

Anschlussfragen:
1. Wie werden die Sicherheitsrichtlinien vor einem Umzug aktualisiert?
2. Welche Rolle spielt die Information der Mitarbeitenden bei Umzügen?
3. Wie wird die Integrität des Umzugsgutes nach dem Umzug sichergestellt?";Bei Umzügen gelten organisatorische Maßnahmen, die im Baustein ORP.1.A13 Sicherheit bei Umzügen (S) [IT-Betrieb, Haustechnik] festgelegt sind. Vor einem Umzug SOLLTEN frühzeitig Sicherheitsrichtlinien erarbeitet bzw. aktualisiert werden Quelle: ORP.1.A13 (S). Alle Mitarbeitenden SOLLTEN über die vor, während und nach dem Umzug relevanten Sicherheitsmaßnahmen informiert werden Quelle: ORP.1.A13 (S). Nach dem Umzug SOLLTE überprüft werden, ob das transportierte Umzugsgut vollständig und unbeschädigt bzw. unverändert angekommen ist Quelle: ORP.1.A13 (S).;ORP.1.A13 Sicherheit bei Umzügen (S) [IT-Betrieb, Haustechnik] Vor einem Umzug SOLLTEN frühzeitig Sicherheitsrichtlinien erarbeitet bzw. aktualisiert werden. Alle Mitarbeitenden SOLLTEN über die vor, während und nach dem Umzug relevanten Sicherheitsmaßnahmen informiert werden. Nach dem Umzug SOLLTE überprüft werden, ob das transportierte Umzugsgut vollständig und unbeschädigt bzw. unverändert angekommen ist.;"Vor einem Umzug SOLLTEN frühzeitig Sicherheitsrichtlinien erarbeitet bzw. aktualisiert werden Quelle: Sicherheit bei Umzügen (S.1). Alle Mitarbeitenden SOLLTEN über die vor, während und nach dem Umzug relevanten Sicherheitsmaßnahmen informiert werden Quelle: Sicherheit bei Umzügen (S.1). Nach dem Umzug SOLLTE überprüft werden, ob das transportierte Umzugsgut vollständig und unbeschädigt bzw. unverändert angekommen ist Quelle: Sicherheit bei Umzügen (S.1).

Anschlussfragen:
1. Wie sollten die Sicherheitsmaßnahmen für den Transport von vertraulichen Dokumenten während eines Umzugs gehandhabt werden?
2. Welche Rolle spielt die Erstellung von Notfallmaßnahmen bei der Vorbereitung auf einen möglichen Gebäudeausfall?
3. Wie sollten die Mitarbeitenden über die Sicherheitsmaßnahmen informiert werden, die vor, während und nach dem Umzug gelten?";Vor einem Umzug SOLLTEN frühzeitig Sicherheitsrichtlinien erarbeitet bzw. aktualisiert werden Quelle: Sicherheit bei Umzügen (S.1). Alle Mitarbeitenden SOLLTEN über die vor, während und nach dem Umzug relevanten Sicherheitsmaßnahmen informiert werden Quelle: Sicherheit bei Umzügen (S.1). Nach dem Umzug SOLLTE überprüft werden, ob das transportierte Umzugsgut vollständig und unbeschädigt bzw. unverändert angekommen ist Quelle: Sicherheit bei Umzügen (S.1).;"1. Wie sollten die Sicherheitsmaßnahmen für den Transport von vertraulichen Dokumenten während eines Umzugs gehandhabt werden?
2. Welche Rolle spielt die Erstellung von Notfallmaßnahmen bei der Vorbereitung auf einen möglichen Gebäudeausfall?
3. Wie sollten die Mitarbeitenden über die Sicherheitsmaßnahmen informiert werden, die vor, während und nach dem Umzug gelten?";3;3;0.9999999999;1.0;0.5;0.6728844664172303;Wie sollten die Sicherheitsmaßnahmen für den Transport von vertraulichen Dokumenten während eines Umzugs gehandhabt werden?;-1;-1;evaluation_failed;Welche Rolle spielt die Erstellung von Notfallmaßnahmen bei der Vorbereitung auf einen möglichen Gebäudeausfall?;-1;-1;evaluation_failed;Wie sollten die Mitarbeitenden über die Sicherheitsmaßnahmen informiert werden, die vor, während und nach dem Umzug gelten?;-1;-1;evaluation_failed;;
Warum reicht es nicht aus, Regelungen nur festzulegen?;"Es reicht nicht aus, Regelungen nur festzulegen, da ihre Kommunikation an die Mitarbeitenden elementar wichtig ist, damit die Vorgaben auch von allen Betroffenen im Arbeitsalltag gelebt werden können Quelle: 2.2. Nichtbeachtung von Regelungen. Wenn Regelungen nicht bekannt gemacht und verstanden werden, können Sicherheitslücken entstehen, wie beispielsweise das ungewollte Teilen von vertraulichen Informationen oder die unautorisierte Änderung von Daten Quelle: 2.2. Nichtbeachtung von Regelungen.

Anschlussfragen:
1. Wie können Mitarbeitende über Sicherheitsregelungen informiert werden, um sicherzustellen, dass sie diese im Arbeitsalltag anwenden?
2. Welche Arten von Sicherheitslücken können entstehen, wenn Regelungen von Mitarbeitenden missachtet werden?
3. Wie kann sichergestellt werden, dass alle Mitarbeitenden die Brisanz von Integritätsverletzungen einschätzen können, wenn sie Zugriffsrechte administrieren?";Es reicht nicht aus, Regelungen nur festzulegen, da ihre Kommunikation an die Mitarbeitenden elementar wichtig ist, damit die Vorgaben auch von allen Betroffenen im Arbeitsalltag gelebt werden können Quelle: 2.2. Nichtbeachtung von Regelungen. Wenn Regelungen nicht bekannt gemacht und verstanden werden, können Sicherheitslücken entstehen, wie beispielsweise das ungewollte Teilen von vertraulichen Informationen oder die unautorisierte Änderung von Daten Quelle: 2.2. Nichtbeachtung von Regelungen.;"2.2. Nichtbeachtung von Regelungen Allen Mitarbeitenden müssen die geltenden Regelungen bekannt gemacht werden und zum Nachlesen zur Verfügung stehen. Die Erfahrung zeigt, dass es nicht ausreicht, Sicherheitsregeln lediglich festzulegen. Ihre Kommunikation an die Mitarbeitenden ist elementar wichtig, damit die Vorgaben auch von allen Betroffenen im Arbeitsalltag gelebt werden können. Werden Regelungen von Mitarbeitenden missachtet, können beispielsweise folgende Sicherheitslücken entstehen:

• Vertrauliche Informationen werden in Hörweite fremder Personen diskutiert, beispielsweise in Pausengesprächen von Besprechungen oder über Mobiltelefonate in öffentlichen Umgebungen.

• Dokumente werden auf einem Webserver veröffentlicht, ohne dass geprüft wurde, ob diese tatsächlich zur Veröffentlichung vorgesehen und freigegeben sind.

• Aufgrund von fehlerhaft administrierten Zugriffsrechten können Mitarbeitende Daten ändern, ohne die Brisanz dieser Integritätsverletzung einschätzen zu können.";"Es reicht nicht aus, Regelungen nur festzulegen, da dies nicht garantiert, dass sie auch beachtet werden. Die Erfahrung zeigt, dass es nicht ausreicht, Sicherheitsregeln lediglich festzulegen, ihre Kommunikation an die Mitarbeitenden ist elementar wichtig, damit die Vorgaben auch von allen Betroffenen im Arbeitsalltag gelebt werden können Quelle: Sensibilisierung und Schulung zur Informationssicherheit (S.1). 

Die Nichtbeachtung von Regelungen kann zu massiven Sicherheitslücken führen, wie beispielsweise der unsachgemäßen Behandlung von vertraulichen Informationen oder der unzureichenden Umsetzung von Sicherheitsmaßnahmen Quelle: Nichtbeachtung von Regelungen (S.2). 

Daher ist es wichtig, dass die Mitarbeitenden die geltenden Regelungen kennen und verstehen, um sicherzustellen, dass sie im Arbeitsalltag umgesetzt werden Quelle: Unzureichende Kenntnis über Regelungen (S.3).

Anschlussfragen:
1. Wie können Institutionsleitungen sicherstellen, dass die geltenden Regelungen allen Mitarbeitenden bekannt sind?
2. Welche Rolle spielt die Sensibilisierung und Schulung der Mitarbeitenden bei der Umsetzung von Sicherheitsregeln?
3. Wie können unzureichende Qualifikationen der Mitarbeitenden die Informationssicherheit einer Institution gefährden?";"Es reicht nicht aus, Regelungen nur festzulegen, da dies nicht garantiert, dass sie auch beachtet werden. Die Erfahrung zeigt, dass es nicht ausreicht, Sicherheitsregeln lediglich festzulegen, ihre Kommunikation an die Mitarbeitenden ist elementar wichtig, damit die Vorgaben auch von allen Betroffenen im Arbeitsalltag gelebt werden können Quelle: Sensibilisierung und Schulung zur Informationssicherheit (S.1). 

Die Nichtbeachtung von Regelungen kann zu massiven Sicherheitslücken führen, wie beispielsweise der unsachgemäßen Behandlung von vertraulichen Informationen oder der unzureichenden Umsetzung von Sicherheitsmaßnahmen Quelle: Nichtbeachtung von Regelungen (S.2). 

Daher ist es wichtig, dass die Mitarbeitenden die geltenden Regelungen kennen und verstehen, um sicherzustellen, dass sie im Arbeitsalltag umgesetzt werden Quelle: Unzureichende Kenntnis über Regelungen (S.3).";"1. Wie können Institutionsleitungen sicherstellen, dass die geltenden Regelungen allen Mitarbeitenden bekannt sind?
2. Welche Rolle spielt die Sensibilisierung und Schulung der Mitarbeitenden bei der Umsetzung von Sicherheitsregeln?
3. Wie können unzureichende Qualifikationen der Mitarbeitenden die Informationssicherheit einer Institution gefährden?";3;3;0.9999999999875;1.0;1.0;0.6286089358689876;Wie können Institutionsleitungen sicherstellen, dass die geltenden Regelungen allen Mitarbeitenden bekannt sind?;-1;-1;evaluation_failed;Welche Rolle spielt die Sensibilisierung und Schulung der Mitarbeitenden bei der Umsetzung von Sicherheitsregeln?;-1;-1;evaluation_failed;Wie können unzureichende Qualifikationen der Mitarbeitenden die Informationssicherheit einer Institution gefährden?;-1;-1;evaluation_failed;;
Welche Gefahren entstehen durch fehlende organisatorische Regelungen?;"Fehlende oder unzureichende organisatorische Regelungen können zu massiven Sicherheitslücken führen, da Mitarbeitende nicht wissen, wie sie bei Vorfällen reagieren sollen Quelle: 2.1. Fehlende oder unzureichende Regelungen. Probleme können auch durch veraltete, unpraktikable oder unverständlich formulierte Regelungen entstehen Quelle: 2.1. Fehlende oder unzureichende Regelungen. Dies kann insbesondere in komplexen Geschäftsprozessen oder bei der Verarbeitung schutzbedürftiger Informationen zu erheblichen Risiken führen Quelle: 2.1. Fehlende oder unzureichende Regelungen.

Anschlussfragen:
1. Wie können unzureichende Regelungen die Reaktionsfähigkeit von Mitarbeitern bei Sicherheitsvorfällen beeinträchtigen?
2. Welche Rolle spielen veraltete oder unverständlich formulierte Regelungen bei der Entstehung von Sicherheitsproblemen?
3. In welchen Szenarien nimmt die Bedeutung übergreifender organisatorischer Regelungen besonders zu?";Fehlende oder unzureichende organisatorische Regelungen können zu massiven Sicherheitslücken führen, da Mitarbeitende nicht wissen, wie sie bei Vorfällen reagieren sollen Quelle: 2.1. Fehlende oder unzureichende Regelungen. Probleme können auch durch veraltete, unpraktikable oder unverständlich formulierte Regelungen entstehen Quelle: 2.1. Fehlende oder unzureichende Regelungen. Dies kann insbesondere in komplexen Geschäftsprozessen oder bei der Verarbeitung schutzbedürftiger Informationen zu erheblichen Risiken führen Quelle: 2.1. Fehlende oder unzureichende Regelungen.;2.1. Fehlende oder unzureichende Regelungen Fehlende Regelungen können zu massiven Sicherheitslücken führen, wenn beispielsweise Mitarbeitende nicht wissen, wie sie bei Vorfällen reagieren sollen. Probleme können auch dadurch entstehen, dass Regelungen veraltet, unpraktikabel oder unverständlich formuliert sind. Die Bedeutung dieser übergreifenden organisatorischen Regelungen nimmt mit der Komplexität der Geschäftsprozesse und dem Umfang der Informationsverarbeitung, aber auch mit dem Schutzbedarf der zu verarbeitenden Informationen zu.;"Fehlende organisatorische Regelungen können zu massiven Sicherheitslücken führen, wenn beispielsweise Mitarbeitende nicht wissen, wie sie bei Vorfällen reagieren sollen Quelle: Fehlende oder unzureichende Regelungen (S.1). Probleme können auch dadurch entstehen, dass Regelungen veraltet, unpraktikabel oder unverständlich formuliert sind Quelle: Fehlende oder unzureichende Regelungen (S.1). 

Die Bedeutung dieser übergreifenden organisatorischen Regelungen nimmt mit der Komplexität der Geschäftsprozesse und dem Umfang der Informationsverarbeitung, aber auch mit dem Schutzbedarf der zu verarbeitenden Informationen zu Quelle: Fehlende oder unzureichende Regelungen (S.1). 

Anschlussfragen:
1. Wie können unzureichende Kenntnisse über Regelungen die Informationssicherheit gefährden?
2. Welche Rolle spielt die Kommunikation von Sicherheitsregeln bei der Umsetzung von Sicherheitsmaßnahmen?
3. Wie kann eine Institution sicherstellen, dass alle Mitarbeitenden die geltenden Regelungen kennen und einhalten?";"Fehlende organisatorische Regelungen können zu massiven Sicherheitslücken führen, wenn beispielsweise Mitarbeitende nicht wissen, wie sie bei Vorfällen reagieren sollen Quelle: Fehlende oder unzureichende Regelungen (S.1). Probleme können auch dadurch entstehen, dass Regelungen veraltet, unpraktikabel oder unverständlich formuliert sind Quelle: Fehlende oder unzureichende Regelungen (S.1). 

Die Bedeutung dieser übergreifenden organisatorischen Regelungen nimmt mit der Komplexität der Geschäftsprozesse und dem Umfang der Informationsverarbeitung, aber auch mit dem Schutzbedarf der zu verarbeitenden Informationen zu Quelle: Fehlende oder unzureichende Regelungen (S.1).";"1. Wie können unzureichende Kenntnisse über Regelungen die Informationssicherheit gefährden?
2. Welche Rolle spielt die Kommunikation von Sicherheitsregeln bei der Umsetzung von Sicherheitsmaßnahmen?
3. Wie kann eine Institution sicherstellen, dass alle Mitarbeitenden die geltenden Regelungen kennen und einhalten?";3;3;0.9999999999875;1.0;1.0;0.8388499277851467;Wie können unzureichende Kenntnisse über Regelungen die Informationssicherheit gefährden?;-1;-1;evaluation_failed;Welche Rolle spielt die Kommunikation von Sicherheitsregeln bei der Umsetzung von Sicherheitsmaßnahmen?;-1;-1;evaluation_failed;Wie kann eine Institution sicherstellen, dass alle Mitarbeitenden die geltenden Regelungen kennen und einhalten?;-1;-1;evaluation_failed;;
Wie werden organisatorische Regelungen aktuell gehalten?;"Die organisatorischen Regelungen werden aktuell gehalten, indem sie anlassbezogen überarbeitet werden. Dies bedeutet, dass die Regelungen und Organisationsstrukturen bei Bedarf aktualisiert und an veränderte Bedingungen angepasst werden. Nach einer Überarbeitung MÜSSEN die Änderungen allen Mitarbeitenden bekannt gegeben werden, um sicherzustellen, dass alle Beteiligten über die aktuellen Regelungen und Verantwortlichkeiten informiert sind. Quelle: ORP.1.A1 (S. nicht spezifiziert).

Anschlussfragen:
1. Wie werden die Verantwortlichkeiten und Regelungen innerhalb einer Institution festgelegt?
2. Welche Aspekte werden im Baustein ORP.1 Organisation nicht behandelt?
3. Wie werden die Mitarbeiter über Änderungen in den organisatorischen Regelungen informiert?";Die organisatorischen Regelungen werden aktuell gehalten, indem sie anlassbezogen überarbeitet werden. Dies bedeutet, dass die Regelungen und Organisationsstrukturen bei Bedarf aktualisiert und an veränderte Bedingungen angepasst werden. Nach einer Überarbeitung MÜSSEN die Änderungen allen Mitarbeitenden bekannt gegeben werden, um sicherzustellen, dass alle Beteiligten über die aktuellen Regelungen und Verantwortlichkeiten informiert sind. Quelle: ORP.1.A1 (S. nicht spezifiziert).;ORP.1.A1 Festlegung von Verantwortlichkeiten und Regelungen (B) [Institutionsleitung] Innerhalb einer Institution MÜSSEN alle relevanten Aufgaben und Funktionen klar definiert und voneinander abgegrenzt sein. Es MÜSSEN verbindliche Regelungen für die Informationssicherheit für die verschiedenen betrieblichen Aspekte übergreifend festgelegt werden. Die Organisationsstrukturen sowie verbindliche Regelungen MÜSSEN anlassbezogen überarbeitet werden. Die Änderungen MÜSSEN allen Mitarbeitenden bekannt gegeben werden.;"Die organisatorischen Regelungen werden aktuell gehalten, indem sie anlassbezogen überarbeitet und allen Mitarbeitenden bekannt gegeben werden. Es müssen verbindliche Regelungen für die Informationssicherheit festgelegt werden, die an die Bedürfnisse der Institution angepasst sind. Die Organisationsstrukturen und die Dokumentation von Verantwortlichkeiten und Zuständigkeiten müssen regelmäßig aktualisiert werden. Quelle: Festlegung von Verantwortlichkeiten und Regelungen (S.1-5).

Die Dokumentation muss immer aktuell und verfügbar sein, und der Zugriff darauf muss geregelt werden. Es müssen auch Schnittstellen und Meldewege zwischen allen Beteiligten festgelegt und dokumentiert werden. Quelle: Regelung und Dokumentation von Verantwortlichkeiten und Zuständigkeiten im Gebäude (S.10-12).

Anschlussfragen:
1. Wie werden die Verantwortlichkeiten und Zuständigkeiten innerhalb einer Institution definiert und dokumentiert?
2. Welche Rolle spielt die Organisationsabteilung bei der Gestaltung und Pflege von Richtlinien und Anweisungen?
3. Wie wird sichergestellt, dass die Dokumentation von Gebäudeplänen und -strukturen immer auf dem aktuellen Stand gehalten wird?";"Die organisatorischen Regelungen werden aktuell gehalten, indem sie anlassbezogen überarbeitet und allen Mitarbeitenden bekannt gegeben werden. Es müssen verbindliche Regelungen für die Informationssicherheit festgelegt werden, die an die Bedürfnisse der Institution angepasst sind. Die Organisationsstrukturen und die Dokumentation von Verantwortlichkeiten und Zuständigkeiten müssen regelmäßig aktualisiert werden. Quelle: Festlegung von Verantwortlichkeiten und Regelungen (S.1-5).

Die Dokumentation muss immer aktuell und verfügbar sein, und der Zugriff darauf muss geregelt werden. Es müssen auch Schnittstellen und Meldewege zwischen allen Beteiligten festgelegt und dokumentiert werden. Quelle: Regelung und Dokumentation von Verantwortlichkeiten und Zuständigkeiten im Gebäude (S.10-12).";"1. Wie werden die Verantwortlichkeiten und Zuständigkeiten innerhalb einer Institution definiert und dokumentiert?
2. Welche Rolle spielt die Organisationsabteilung bei der Gestaltung und Pflege von Richtlinien und Anweisungen?
3. Wie wird sichergestellt, dass die Dokumentation von Gebäudeplänen und -strukturen immer auf dem aktuellen Stand gehalten wird?";3;3;0.99999999998;1.0;0.7142857142857143;0.398101732560709;Wie werden die Verantwortlichkeiten und Zuständigkeiten innerhalb einer Institution definiert und dokumentiert?;-1;-1;evaluation_failed;Welche Rolle spielt die Organisationsabteilung bei der Gestaltung und Pflege von Richtlinien und Anweisungen?;-1;-1;evaluation_failed;Wie wird sichergestellt, dass die Dokumentation von Gebäudeplänen und -strukturen immer auf dem aktuellen Stand gehalten wird?;-1;-1;evaluation_failed;;
Was ist das Ziel des Identitäts- und Berechtigungsmanagements?;"Das Ziel des Identitäts- und Berechtigungsmanagements ist es, sicherzustellen, dass Benutzende oder IT-Komponenten ausschließlich auf die ITRessourcen und Informationen zugreifen können, die sie für ihre Arbeit benötigen und für die sie autorisiert sind, und unautorisierten Benutzenden oder IT-Komponenten den Zugriff zu verwehren Quelle: 1.2. Zielsetzung. 

Anschlussfragen:
1. Wie können Institutionen ein sicheres Identitäts- und Berechtigungsmanagement aufbauen?
2. Welche Rolle spielen Autorisierungen im Identitäts- und Berechtigungsmanagement?
3. Wie kann man unautorisierten Zugriff auf ITRessourcen und Informationen verhindern?";Das Ziel des Identitäts- und Berechtigungsmanagements ist es, sicherzustellen, dass Benutzende oder IT-Komponenten ausschließlich auf die ITRessourcen und Informationen zugreifen können, die sie für ihre Arbeit benötigen und für die sie autorisiert sind, und unautorisierten Benutzenden oder IT-Komponenten den Zugriff zu verwehren Quelle: 1.2. Zielsetzung.;1.2. Zielsetzung Ziel des Bausteins ist es, dass Benutzende oder auch IT-Komponenten ausschließlich auf die ITRessourcen und Informationen zugreifen können, die sie für ihre Arbeit benötigen und für die sie autorisiert sind, und unautorisierten Benutzenden oder IT-Komponenten den Zugriff zu verwehren. Dazu werden Anforderungen formuliert, mit denen Institutionen ein sicheres Identitäts- und Berechtigungsmanagement aufbauen sollten.;"Das Ziel des Identitäts- und Berechtigungsmanagements ist es, dass Benutzende oder auch IT-Komponenten ausschließlich auf die IT-Ressourcen und Informationen zugreifen können, die sie für ihre Arbeit benötigen und für die sie autorisiert sind, und unautorisierten Benutzenden oder IT-Komponenten den Zugriff zu verwehren Quelle: Zielsetzung (S.2). 

Anschlussfragen:
1. Wie werden Identitäts- und Berechtigungsmanagement-Prozesse in einer Institution umgesetzt?
2. Welche Rolle spielt die Funktionstrennung im Identitäts- und Berechtigungsmanagement?
3. Wie wird ein Notfallkonzept für das Identitäts- und Berechtigungsmanagement-System erstellt?";Das Ziel des Identitäts- und Berechtigungsmanagements ist es, dass Benutzende oder auch IT-Komponenten ausschließlich auf die IT-Ressourcen und Informationen zugreifen können, die sie für ihre Arbeit benötigen und für die sie autorisiert sind, und unautorisierten Benutzenden oder IT-Komponenten den Zugriff zu verwehren Quelle: Zielsetzung (S.2).;"1. Wie werden Identitäts- und Berechtigungsmanagement-Prozesse in einer Institution umgesetzt?
2. Welche Rolle spielt die Funktionstrennung im Identitäts- und Berechtigungsmanagement?
3. Wie wird ein Notfallkonzept für das Identitäts- und Berechtigungsmanagement-System erstellt?";3;3;0.9999999999875;1.0;1.0;0.9977969136253454;Wie werden Identitäts- und Berechtigungsmanagement-Prozesse in einer Institution umgesetzt?;-1;-1;evaluation_failed;Welche Rolle spielt die Funktionstrennung im Identitäts- und Berechtigungsmanagement?;-1;-1;evaluation_failed;Wie wird ein Notfallkonzept für das Identitäts- und Berechtigungsmanagement-System erstellt?;-1;-1;evaluation_failed;;
Warum müssen Benutzendenkennungen eindeutig Personen zugeordnet werden?;"Benutzendenkennungen müssen eindeutig Personen zugeordnet werden, um eine klare Zuordnung und Verwaltung von Benutzerrechten und -zugriffen zu ermöglichen Quelle: ORP.4.A1 (S. nicht spezifiziert, da keine Seitenzahl im Kontext angegeben ist). Dies ist wichtig, um Missbrauch und unerlaubten Zugriff auf Systeme und Daten zu verhindern. Durch die eindeutige Zuordnung kann sichergestellt werden, dass nur autorisierte Personen Zugriff auf bestimmte Ressourcen haben und dass Aktivitäten im System korrekt zugeordnet werden können.

Anschlussfragen:
1. Wie sollten Benutzendenkennungen, die längere Zeit inaktiv sind, behandelt werden?
2. Warum dürfen Benutzendenkennungen und -gruppen nur über separate administrative Rollen eingerichtet und gelöscht werden?
3. Welche Rolle spielt der Baustein ORP.4 im Kontext des Identitäts- und Berechtigungsmanagements?";Benutzendenkennungen müssen eindeutig Personen zugeordnet werden, um eine klare Zuordnung und Verwaltung von Benutzerrechten und -zugriffen zu ermöglichen Quelle: ORP.4.A1 (S. nicht spezifiziert, da keine Seitenzahl im Kontext angegeben ist). Dies ist wichtig, um Missbrauch und unerlaubten Zugriff auf Systeme und Daten zu verhindern. Durch die eindeutige Zuordnung kann sichergestellt werden, dass nur autorisierte Personen Zugriff auf bestimmte Ressourcen haben und dass Aktivitäten im System korrekt zugeordnet werden können.;ORP.4.A1 Regelung für die Einrichtung und Löschung von Benutzenden und Benutzendengruppen (B) [IT-Betrieb] Es MUSS geregelt werden, wie Benutzendenkennungen und -gruppen einzurichten und zu löschen sind. Jede Benutzendenkennung MUSS eindeutig einer Person zugeordnet werden können. Benutzendenkennungen, die längere Zeit inaktiv sind, SOLLTEN deaktiviert werden. Alle Benutzenden und Benutzendengruppen DÜRFEN NUR über separate administrative Rollen eingerichtet und gelöscht werden. Nicht benötigte Benutzendenkennungen, wie z. B. standardmäßig eingerichtete Gastkonten oder Standard-Administrierendenkennungen, MÜSSEN geeignet deaktiviert oder gelöscht werden.;"Benutzendenkennungen müssen eindeutig Personen zugeordnet werden, um sicherzustellen, dass nur autorisierte Benutzende Zugriff auf bestimmte Ressourcen und Informationen haben. Dies ist notwendig, um die Sicherheit und Integrität der Systeme und Daten zu gewährleisten. Wenn Benutzendenkennungen nicht eindeutig sind, kann dies zu Unklarheiten und Sicherheitsrisiken führen, wie z.B. der unbefugten Zugriff auf sensible Informationen.

Quelle: ORP.4 Identitäts- und Berechtigungsmanagement (S.123)

Anschlussfragen:
1. Wie können Institutionen ein sicheres Identitäts- und Berechtigungsmanagement aufbauen?
2. Welche Anforderungen müssen bei der Vergabe von Benutzendenkennungen und Gruppen-IDs berücksichtigt werden?
3. Wie können Unklarheiten und Sicherheitsrisiken durch nicht eindeutige Benutzendenkennungen vermieden werden?";"Benutzendenkennungen müssen eindeutig Personen zugeordnet werden, um sicherzustellen, dass nur autorisierte Benutzende Zugriff auf bestimmte Ressourcen und Informationen haben. Dies ist notwendig, um die Sicherheit und Integrität der Systeme und Daten zu gewährleisten. Wenn Benutzendenkennungen nicht eindeutig sind, kann dies zu Unklarheiten und Sicherheitsrisiken führen, wie z.B. der unbefugten Zugriff auf sensible Informationen.

Quelle: ORP.4 Identitäts- und Berechtigungsmanagement (S.123)";"1. Wie können Institutionen ein sicheres Identitäts- und Berechtigungsmanagement aufbauen?
2. Welche Anforderungen müssen bei der Vergabe von Benutzendenkennungen und Gruppen-IDs berücksichtigt werden?
3. Wie können Unklarheiten und Sicherheitsrisiken durch nicht eindeutige Benutzendenkennungen vermieden werden?";3;3;0.9999999999875;1.0;1.0;0.6769967910032547;Wie können Institutionen ein sicheres Identitäts- und Berechtigungsmanagement aufbauen?;-1;-1;evaluation_failed;Welche Anforderungen müssen bei der Vergabe von Benutzendenkennungen und Gruppen-IDs berücksichtigt werden?;-1;-1;evaluation_failed;Wie können Unklarheiten und Sicherheitsrisiken durch nicht eindeutige Benutzendenkennungen vermieden werden?;-1;-1;evaluation_failed;;
Warum ist eine Dokumentation der Benutzerkonten notwendig?;"Eine Dokumentation der Benutzerkonten ist notwendig, um den Überblick über zugelassene Benutzendenkennungen, angelegte Benutzendengruppen und Rechteprofile zu behalten und sicherzustellen, dass die Rechtevergabe den Sicherheitsanforderungen und den aktuellen Aufgaben der Benutzenden entspricht Quelle: ORP.4.A3 (S. nicht spezifiziert). Dies ermöglicht eine regelmäßige Überprüfung und Anpassung der Rechtevergabe, um unberechtigten Zugriff zu verhindern und die Sicherheit des Systems zu gewährleisten.

Anschlussfragen:
1. Wie oft sollte die Dokumentation der Benutzendenkennungen und Rechteprofile überprüft werden?
2. Welche Rolle spielt die Datensicherung bei der elektronischen Dokumentation von Benutzerkonten?
3. Wie werden Betriebssysteme und Verzeichnisdienste im Kontext des Identitäts- und Berechtigungsmanagements behandelt?";Eine Dokumentation der Benutzerkonten ist notwendig, um den Überblick über zugelassene Benutzendenkennungen, angelegte Benutzendengruppen und Rechteprofile zu behalten und sicherzustellen, dass die Rechtevergabe den Sicherheitsanforderungen und den aktuellen Aufgaben der Benutzenden entspricht Quelle: ORP.4.A3 (S. nicht spezifiziert). Dies ermöglicht eine regelmäßige Überprüfung und Anpassung der Rechtevergabe, um unberechtigten Zugriff zu verhindern und die Sicherheit des Systems zu gewährleisten.;ORP.4.A3 Dokumentation der Benutzendenkennungen und Rechteprofile (B) [IT-Betrieb] Es MUSS dokumentiert werden, welche Benutzendenkennungen, angelegte Benutzendengruppen und Rechteprofile zugelassen und angelegt wurden. Die Dokumentation der zugelassenen Benutzendenkennungen, angelegten Benutzendengruppen und Rechteprofile MUSS regelmäßig daraufhin überprüft werden, ob sie den tatsächlichen Stand der Rechtevergabe widerspiegelt. Dabei MUSS auch geprüft werden, ob die Rechtevergabe noch den Sicherheitsanforderungen und den aktuellen Aufgaben der Benutzenden entspricht. Die Dokumentation MUSS vor unberechtigtem Zugriff geschützt werden. Sofern sie in elektronischer Form erfolgt, SOLLTE sie in das Datensicherungsverfahren einbezogen werden.;"Eine Dokumentation der Benutzerkonten ist notwendig, um eine nachvollziehbare und transparente Verwaltung von Benutzerkonten mit Administrationsrechten zu gewährleisten. Durch die Dokumentation der Entscheidungen für die Konfigurationsparameter der Benutzerkontensteuerung (UAC) kann sichergestellt werden, dass die Abwägung zwischen Bedienbarkeit und Sicherheitsniveau nachvollzogen werden kann. Darüber hinaus ermöglicht die Dokumentation aller Konten mit Administrationsrechten eine regelmäßige Überprüfung, ob es notwendig ist, die Rechte zu erweitern. Quelle: Einsatz der Benutzerkontensteuerung UAC für privilegierte Konten.

Anschlussfragen:
1. Wie sollten die Konfigurationsparameter der Benutzerkontensteuerung (UAC) für privilegierte Konten ausgewählt werden?
2. Welche Informationen sollten in der Dokumentation der Benutzerkonten enthalten sein?
3. Wie oft sollte die Dokumentation der Benutzerkonten überprüft und aktualisiert werden?";Eine Dokumentation der Benutzerkonten ist notwendig, um eine nachvollziehbare und transparente Verwaltung von Benutzerkonten mit Administrationsrechten zu gewährleisten. Durch die Dokumentation der Entscheidungen für die Konfigurationsparameter der Benutzerkontensteuerung (UAC) kann sichergestellt werden, dass die Abwägung zwischen Bedienbarkeit und Sicherheitsniveau nachvollzogen werden kann. Darüber hinaus ermöglicht die Dokumentation aller Konten mit Administrationsrechten eine regelmäßige Überprüfung, ob es notwendig ist, die Rechte zu erweitern. Quelle: Einsatz der Benutzerkontensteuerung UAC für privilegierte Konten.;"1. Wie sollten die Konfigurationsparameter der Benutzerkontensteuerung (UAC) für privilegierte Konten ausgewählt werden?
2. Welche Informationen sollten in der Dokumentation der Benutzerkonten enthalten sein?
3. Wie oft sollte die Dokumentation der Benutzerkonten überprüft und aktualisiert werden?";3;3;0.9999999999875;1.0;1.0;0.543486132268623;Wie sollten die Konfigurationsparameter der Benutzerkontensteuerung (UAC) für privilegierte Konten ausgewählt werden?;-1;-1;evaluation_failed;Welche Informationen sollten in der Dokumentation der Benutzerkonten enthalten sein?;-1;-1;evaluation_failed;Wie oft sollte die Dokumentation der Benutzerkonten überprüft und aktualisiert werden?;-1;-1;evaluation_failed;;
Warum ist Funktionstrennung im Identitätsmanagement wichtig?;"Funktionstrennung im Identitätsmanagement ist wichtig, da sie die von der Institution definierten unvereinbaren Aufgaben und Funktionen durch das Identitäts- und Berechtigungsmanagement trennt Quelle: ORP.4.A4 (S. nicht spezifiziert). Dies bedeutet, dass durch die Funktionstrennung im Identitätsmanagement die institutionellen Anforderungen an die Trennung von Aufgaben und Funktionen umgesetzt werden, um beispielsweise Missbrauch oder unerwünschte Zugriffe zu verhindern Quelle: ORP.4.A4 (S. nicht spezifiziert).

Anschlussfragen:
1. Wie werden die unvereinbaren Aufgaben und Funktionen in einer Institution definiert?
2. Welche Rolle spielt das Identitäts- und Berechtigungsmanagement bei der Umsetzung der Funktionstrennung?
3. Wie werden Anforderungen an Komponenten des Identitäts- und Berechtigungsmanagements in anderen Bausteinen berücksichtigt?";Funktionstrennung im Identitätsmanagement ist wichtig, da sie die von der Institution definierten unvereinbaren Aufgaben und Funktionen durch das Identitäts- und Berechtigungsmanagement trennt Quelle: ORP.4.A4 (S. nicht spezifiziert). Dies bedeutet, dass durch die Funktionstrennung im Identitätsmanagement die institutionellen Anforderungen an die Trennung von Aufgaben und Funktionen umgesetzt werden, um beispielsweise Missbrauch oder unerwünschte Zugriffe zu verhindern Quelle: ORP.4.A4 (S. nicht spezifiziert).;ORP.4.A4 Aufgabenverteilung und Funktionstrennung (B) [IT-Betrieb] Die von der Institution definierten unvereinbaren Aufgaben und Funktionen (siehe Baustein ORP.1 Organisation) MÜSSEN durch das Identitäts- und Berechtigungsmanagement getrennt werden.;"Funktionstrennung im Identitätsmanagement ist wichtig, um sicherzustellen, dass unvereinbare Aufgaben und Funktionen getrennt werden und somit die Integrität und Sicherheit des Systems gewährleistet ist. Dies bedeutet, dass operative und kontrollierende Funktionen auf verschiedene Personen verteilt werden sollten, um Missbrauch und unautorisierten Zugriff zu verhindern. Quelle: ORP.1 Organisation (S.11).

Die Funktionstrennung unterstützt auch den Grundsatz der Least-Privilege, indem sie sicherstellt, dass Benutzende und IT-Komponenten nur die notwendigen Rechte und Berechtigungen erhalten, um ihre Aufgaben auszuführen. Quelle: APP.3.1.A1 (S.391).

Durch die Funktionstrennung kann auch die Verwaltung von Zutritts-, Zugangs- und Zugriffsrechten verbessert werden, indem sie sicherstellt, dass die Vergabe von Berechtigungen geregelt und kontrolliert wird. Quelle: ORP.4.A8 (S.73).

Anschlussfragen:
1. Wie kann die Funktionstrennung im Identitätsmanagement umgesetzt werden, um die Sicherheit und Integrität des Systems zu gewährleisten?
2. Welche Rolle spielt die Funktionstrennung bei der Verwaltung von Zutritts-, Zugangs- und Zugriffsrechten?
3. Wie kann die Funktionstrennung im Identitätsmanagement mit anderen Sicherheitsmaßnahmen kombiniert werden, um ein umfassendes Sicherheitskonzept zu erstellen?";"Funktionstrennung im Identitätsmanagement ist wichtig, um sicherzustellen, dass unvereinbare Aufgaben und Funktionen getrennt werden und somit die Integrität und Sicherheit des Systems gewährleistet ist. Dies bedeutet, dass operative und kontrollierende Funktionen auf verschiedene Personen verteilt werden sollten, um Missbrauch und unautorisierten Zugriff zu verhindern. Quelle: ORP.1 Organisation (S.11).

Die Funktionstrennung unterstützt auch den Grundsatz der Least-Privilege, indem sie sicherstellt, dass Benutzende und IT-Komponenten nur die notwendigen Rechte und Berechtigungen erhalten, um ihre Aufgaben auszuführen. Quelle: APP.3.1.A1 (S.391).

Durch die Funktionstrennung kann auch die Verwaltung von Zutritts-, Zugangs- und Zugriffsrechten verbessert werden, indem sie sicherstellt, dass die Vergabe von Berechtigungen geregelt und kontrolliert wird. Quelle: ORP.4.A8 (S.73).";"1. Wie kann die Funktionstrennung im Identitätsmanagement umgesetzt werden, um die Sicherheit und Integrität des Systems zu gewährleisten?
2. Welche Rolle spielt die Funktionstrennung bei der Verwaltung von Zutritts-, Zugangs- und Zugriffsrechten?
3. Wie kann die Funktionstrennung im Identitätsmanagement mit anderen Sicherheitsmaßnahmen kombiniert werden, um ein umfassendes Sicherheitskonzept zu erstellen?";3;3;0.9617346938638119;1.0;0.5;0.5901090523720978;Wie kann die Funktionstrennung im Identitätsmanagement umgesetzt werden, um die Sicherheit und Integrität des Systems zu gewährleisten?;-1;-1;evaluation_failed;Welche Rolle spielt die Funktionstrennung bei der Verwaltung von Zutritts-, Zugangs- und Zugriffsrechten?;-1;-1;evaluation_failed;Wie kann die Funktionstrennung im Identitätsmanagement mit anderen Sicherheitsmaßnahmen kombiniert werden, um ein umfassendes Sicherheitskonzept zu erstellen?;-1;-1;evaluation_failed;;
Warum sollten Authentisierungsmechanismen an den Schutzbedarf angepasst werden?;"Authentisierungsmechanismen sollten an den Schutzbedarf angepasst werden, um sicherzustellen, dass die verwendeten Identifikations- und Authentisierungsmechanismen dem jeweiligen Schutzbedarf entsprechen. Dies bedeutet, dass die Auswahl der Authentisierungsmechanismen auf die spezifischen Anforderungen des IT-Systems oder der IT-Anwendung abgestimmt werden sollte, um eine angemessene Sicherheit zu gewährleisten. Quelle: ORP.4.A13 (S. nicht spezifiziert).

Anschlussfragen:
1. Wie sollten Authentisierungsdaten bei der Verarbeitung geschützt werden?
2. Welche Maßnahmen sollten nach erfolglosen Authentisierungsversuchen ergriffen werden?
3. Wie oft sollte das Identitäts- und Berechtigungsmanagement im Informationsverbund angewendet werden?";Authentisierungsmechanismen sollten an den Schutzbedarf angepasst werden, um sicherzustellen, dass die verwendeten Identifikations- und Authentisierungsmechanismen dem jeweiligen Schutzbedarf entsprechen. Dies bedeutet, dass die Auswahl der Authentisierungsmechanismen auf die spezifischen Anforderungen des IT-Systems oder der IT-Anwendung abgestimmt werden sollte, um eine angemessene Sicherheit zu gewährleisten. Quelle: ORP.4.A13 (S. nicht spezifiziert).;ORP.4.A13 Geeignete Auswahl von Authentisierungsmechanismen (S) [ITBetrieb] Es SOLLTEN dem Schutzbedarf angemessene Identifikations- und Authentisierungsmechanismen verwendet werden. Authentisierungsdaten SOLLTEN durch das IT-System bzw. die IT-Anwendungen bei der Verarbeitung jederzeit gegen Ausspähung, Veränderung und Zerstörung geschützt werden. Das IT-System bzw. die IT-Anwendung SOLLTE nach jedem erfolglosen Authentisierungsversuch weitere Anmeldeversuche zunehmend verzögern (Time Delay). Die Gesamtdauer eines Anmeldeversuchs SOLLTE begrenzt werden können. Nach Überschreitung der vorgegebenen Anzahl erfolgloser Authentisierungsversuche SOLLTE das IT-System bzw. die IT-Anwendung die Benutzendenkennung sperren.;"Authentisierungsmechanismen sollten an den Schutzbedarf angepasst werden, um sicherzustellen, dass die Authentisierung angemessen und effektiv ist. Dies bedeutet, dass die Auswahl von Authentisierungsmechanismen auf die spezifischen Anforderungen des IT-Systems oder der IT-Anwendung abgestimmt werden sollte. Quelle: Geeignete Auswahl von Authentisierungsmechanismen (S.1).

Durch die Anpassung der Authentisierungsmechanismen an den Schutzbedarf kann die Sicherheit des IT-Systems oder der IT-Anwendung erhöht werden, indem geeignete Identifikations- und Authentisierungsmechanismen verwendet werden. Quelle: Authentisierung (S.2).

Anschlussfragen:
1. Wie können biometrische Authentisierungsverfahren sicher eingesetzt werden?
2. Welche Anforderungen sollten bei der Entwicklung eines Authentisierungskonzeptes für IT-Systeme und Anwendungen berücksichtigt werden?
3. Wie kann eine zentrale Authentisierung in Windows-Netzen sicher konfiguriert werden?";"Authentisierungsmechanismen sollten an den Schutzbedarf angepasst werden, um sicherzustellen, dass die Authentisierung angemessen und effektiv ist. Dies bedeutet, dass die Auswahl von Authentisierungsmechanismen auf die spezifischen Anforderungen des IT-Systems oder der IT-Anwendung abgestimmt werden sollte. Quelle: Geeignete Auswahl von Authentisierungsmechanismen (S.1).

Durch die Anpassung der Authentisierungsmechanismen an den Schutzbedarf kann die Sicherheit des IT-Systems oder der IT-Anwendung erhöht werden, indem geeignete Identifikations- und Authentisierungsmechanismen verwendet werden. Quelle: Authentisierung (S.2).";"1. Wie können biometrische Authentisierungsverfahren sicher eingesetzt werden?
2. Welche Anforderungen sollten bei der Entwicklung eines Authentisierungskonzeptes für IT-Systeme und Anwendungen berücksichtigt werden?
3. Wie kann eine zentrale Authentisierung in Windows-Netzen sicher konfiguriert werden?";3;3;0.9999999999875;1.0;1.0;0.7362624224288492;Wie können biometrische Authentisierungsverfahren sicher eingesetzt werden?;-1;-1;evaluation_failed;Welche Anforderungen sollten bei der Entwicklung eines Authentisierungskonzeptes für IT-Systeme und Anwendungen berücksichtigt werden?;-1;-1;evaluation_failed;Wie kann eine zentrale Authentisierung in Windows-Netzen sicher konfiguriert werden?;-1;-1;evaluation_failed;;
Wie wird die Wirksamkeit der Benutzertrennung überprüft?;"Die Wirksamkeit der Benutzertrennung wird überprüft, indem in angemessenen Zeitabständen kontrolliert wird, ob Benutzende sich regelmäßig nach Aufgabenerfüllung abmelden und nicht unter der gleichen Kennung arbeiten. Dies geschieht im Rahmen des Bausteins ORP.4 Identitäts- und Berechtigungsmanagement, der grundsätzliche Anforderungen für den Aufbau eines Identitäts- und Berechtigungsmanagements beschreibt. Quelle: ORP.4.A14 (S).

Anschlussfragen:
1. Wie oft sollte die Überprüfung der Benutzertrennung durchgeführt werden?
2. Welche Rolle spielt der IT-Betrieb bei der Kontrolle der Wirksamkeit der Benutzertrennung?
3. Wie werden Anforderungen an Komponenten eines Identitäts- und Berechtigungsmanagements, wie Betriebssysteme oder Verzeichnisdienste, im IT-Grundschutz-Kompendium behandelt?";Die Wirksamkeit der Benutzertrennung wird überprüft, indem in angemessenen Zeitabständen kontrolliert wird, ob Benutzende sich regelmäßig nach Aufgabenerfüllung abmelden und nicht unter der gleichen Kennung arbeiten. Dies geschieht im Rahmen des Bausteins ORP.4 Identitäts- und Berechtigungsmanagement, der grundsätzliche Anforderungen für den Aufbau eines Identitäts- und Berechtigungsmanagements beschreibt. Quelle: ORP.4.A14 (S).;ORP.4.A14 Kontrolle der Wirksamkeit der Benutzendentrennung am IT-System bzw. an der Anwendung (S) [IT-Betrieb] In angemessenen Zeitabständen SOLLTE überprüft werden, ob die Benutzenden von IT-Systemen bzw. Anwendungen sich regelmäßig nach Aufgabenerfüllung abmelden. Ebenso SOLLTE kontrolliert werden, dass nicht mehrere Benutzende unter der gleichen Kennung arbeiten.;"Die Wirksamkeit der Benutzertrennung kann überprüft werden, indem die Zugriffsrechte und Berechtigungen der Benutzer regelmäßig überprüft und aktualisiert werden. Es sollte sichergestellt werden, dass Benutzer nur auf die Ressourcen und Anwendungen zugreifen können, die für ihre Aufgaben erforderlich sind. 

Quelle: Trennung von administrativen und anderen Tätigkeiten (S. nicht spezifiziert)

Anschlussfragen:
1. Wie können Administrationsrechte in einem IT-System effektiv verwaltet werden?
2. Welche Rolle spielt die Mandantenfähigkeit unter z/OS bei der Benutzertrennung?
3. Wie kann die Authentisierung von Benutzenden in einem IT-System verbessert werden?";"Die Wirksamkeit der Benutzertrennung kann überprüft werden, indem die Zugriffsrechte und Berechtigungen der Benutzer regelmäßig überprüft und aktualisiert werden. Es sollte sichergestellt werden, dass Benutzer nur auf die Ressourcen und Anwendungen zugreifen können, die für ihre Aufgaben erforderlich sind. 

Quelle: Trennung von administrativen und anderen Tätigkeiten (S. nicht spezifiziert)";"1. Wie können Administrationsrechte in einem IT-System effektiv verwaltet werden?
2. Welche Rolle spielt die Mandantenfähigkeit unter z/OS bei der Benutzertrennung?
3. Wie kann die Authentisierung von Benutzenden in einem IT-System verbessert werden?";3;3;;;;;Wie können Administrationsrechte in einem IT-System effektiv verwaltet werden?;-1;-1;evaluation_failed;Welche Rolle spielt die Mandantenfähigkeit unter z/OS bei der Benutzertrennung?;-1;-1;evaluation_failed;Wie kann die Authentisierung von Benutzenden in einem IT-System verbessert werden?;-1;-1;evaluation_failed;;
Wie müssen Prozesse im Identitäts- und Berechtigungsmanagement strukturiert sein?;"Für das Identitäts- und Berechtigungsmanagement SOLLTEN folgende Prozesse definiert und umgesetzt werden: Richtlinien verwalten, Identitätsprofile verwalten, Benutzendenkennungen verwalten, Berechtigungsprofile verwalten sowie Rollen verwalten Quelle: ORP.4.A15 (S). 

Diese Prozesse sind grundlegend für den Aufbau eines Identitäts- und Berechtigungsmanagements und sollten im IT-Betrieb [IT-Betrieb] umgesetzt werden. Weitere Anforderungen zu Komponenten des Identitäts- und Berechtigungsmanagements können in anderen Bausteinen gefunden werden, wie z.B. SYS.1.3 Server unter Linux und Unix oder APP.2.1 Allgemeiner Verzeichnisdienst Quelle: Kap. 1.3 Abgrenzung und Modellierung – ORP.4 Identitäts- und Berechtigungsmanagement.

Anschlussfragen:
1. Wie sollten die Identitätsprofile im Identitäts- und Berechtigungsmanagement verwaltet werden?
2. Welche Rolle spielt die Verwaltung von Benutzendenkennungen im Identitäts- und Berechtigungsmanagement?
3. Wie können Berechtigungsprofile im Identitäts- und Berechtigungsmanagement effektiv verwaltet werden?";"Für das Identitäts- und Berechtigungsmanagement SOLLTEN folgende Prozesse definiert und umgesetzt werden: Richtlinien verwalten, Identitätsprofile verwalten, Benutzendenkennungen verwalten, Berechtigungsprofile verwalten sowie Rollen verwalten Quelle: ORP.4.A15 (S). 

Diese Prozesse sind grundlegend für den Aufbau eines Identitäts- und Berechtigungsmanagements und sollten im IT-Betrieb [IT-Betrieb] umgesetzt werden. Weitere Anforderungen zu Komponenten des Identitäts- und Berechtigungsmanagements können in anderen Bausteinen gefunden werden, wie z.B. SYS.1.3 Server unter Linux und Unix oder APP.2.1 Allgemeiner Verzeichnisdienst Quelle: Kap. 1.3 Abgrenzung und Modellierung – ORP.4 Identitäts- und Berechtigungsmanagement.";"ORP.4.A15 Vorgehensweise und Konzeption der Prozesse beim Identitäts- und Berechtigungsmanagement (S) [IT-Betrieb] Für das Identitäts- und Berechtigungsmanagement SOLLTEN folgenden Prozesse definiert und umgesetzt werden:

• Richtlinien verwalten,

• Identitätsprofile verwalten,

• Benutzendenkennungen verwalten,

• Berechtigungsprofile verwalten sowie

• Rollen verwalten.";"Für das Identitäts- und Berechtigungsmanagement SOLLTEN folgende Prozesse definiert und umgesetzt werden: 
- Richtlinien verwalten, 
- Identitätsprofile verwalten, 
- Benutzendenkennungen verwalten, 
- Berechtigungsprofile verwalten sowie 
- Rollen verwalten Quelle: Identitäts- und Berechtigungsmanagement, Vorgehensweise und Konzeption der Prozesse beim Identitäts- und Berechtigungsmanagement (S.1).

Anschlussfragen:
1. Wie können unzureichende Prozesse beim Identitäts- und Berechtigungsmanagement die Sicherheit einer Institution beeinträchtigen?
2. Welche Rolle spielt die Funktionstrennung beim Einsatz eines Identitäts- und Berechtigungsmanagement-Systems?
3. Wie kann eine Institution sicherstellen, dass Berechtigungen nach dem Minimalprinzip vergeben und regelmäßig überprüft werden?";"Für das Identitäts- und Berechtigungsmanagement SOLLTEN folgende Prozesse definiert und umgesetzt werden: 
- Richtlinien verwalten, 
- Identitätsprofile verwalten, 
- Benutzendenkennungen verwalten, 
- Berechtigungsprofile verwalten sowie 
- Rollen verwalten Quelle: Identitäts- und Berechtigungsmanagement, Vorgehensweise und Konzeption der Prozesse beim Identitäts- und Berechtigungsmanagement (S.1).";"1. Wie können unzureichende Prozesse beim Identitäts- und Berechtigungsmanagement die Sicherheit einer Institution beeinträchtigen?
2. Welche Rolle spielt die Funktionstrennung beim Einsatz eines Identitäts- und Berechtigungsmanagement-Systems?
3. Wie kann eine Institution sicherstellen, dass Berechtigungen nach dem Minimalprinzip vergeben und regelmäßig überprüft werden?";3;3;;;;;Wie können unzureichende Prozesse beim Identitäts- und Berechtigungsmanagement die Sicherheit einer Institution beeinträchtigen?;-1;-1;evaluation_failed;Welche Rolle spielt die Funktionstrennung beim Einsatz eines Identitäts- und Berechtigungsmanagement-Systems?;-1;-1;evaluation_failed;Wie kann eine Institution sicherstellen, dass Berechtigungen nach dem Minimalprinzip vergeben und regelmäßig überprüft werden?;-1;-1;evaluation_failed;;
Wie wird bei Ausfall des Identitätsmanagementsystems verfahren?;"Bei Ausfall des Identitätsmanagementsystems sollten Vorkehrungen getroffen werden, um weiterhin arbeitsfähig zu sein Quelle: ORP.4.A20 (S.?). Insbesondere sollte das im Notfallkonzept vorgesehene Berechtigungskonzept weiterhin anwendbar sein, wenn das Identitäts- und Berechtigungsmanagement-System ausgefallen ist Quelle: ORP.4.A20 (S.?). Es sollte geprüft werden, inwieweit ein ausgefallenes Identitäts- und Berechtigungsmanagement-System sicherheitskritisch für die Geschäftsprozesse ist Quelle: ORP.4.A20 (S.?).

Anschlussfragen:
1. Wie werden die Auswirkungen eines Identitätsmanagementsystem-Ausfalls auf die Geschäftsprozesse bewertet?
2. Welche Rolle spielt das Notfallkonzept bei der Bewältigung eines Identitätsmanagementsystem-Ausfalls?
3. Wie können Vorkehrungen für die Arbeitsfähigkeit bei einem Identitätsmanagementsystem-Ausfall getroffen werden?";Bei Ausfall des Identitätsmanagementsystems sollten Vorkehrungen getroffen werden, um weiterhin arbeitsfähig zu sein Quelle: ORP.4.A20 (S.?). Insbesondere sollte das im Notfallkonzept vorgesehene Berechtigungskonzept weiterhin anwendbar sein, wenn das Identitäts- und Berechtigungsmanagement-System ausgefallen ist Quelle: ORP.4.A20 (S.?). Es sollte geprüft werden, inwieweit ein ausgefallenes Identitäts- und Berechtigungsmanagement-System sicherheitskritisch für die Geschäftsprozesse ist Quelle: ORP.4.A20 (S.?).;ORP.4.A20 Notfallvorsorge für das Identitäts- und Berechtigungsmanagement-System (H) [IT-Betrieb] Es SOLLTE geprüft werden, inwieweit ein ausgefallenes Identitäts- und BerechtigungsmanagementSystem sicherheitskritisch für die Geschäftsprozesse ist. Es SOLLTEN Vorkehrungen getroffen werden, um bei einem ausgefallenen Identitäts- und Berechtigungsmanagement-System weiterhin arbeitsfähig zu sein. Insbesondere SOLLTE das im Notfallkonzept vorgesehene Berechtigungskonzept weiterhin anwendbar sein, wenn das Identitäts- und Berechtigungsmanagement-System ausgefallen ist.;"Bei Ausfall des Identitätsmanagementsystems sollten Vorkehrungen getroffen werden, um weiterhin arbeitsfähig zu sein. Insbesondere sollte das im Notfallkonzept vorgesehene Berechtigungskonzept weiterhin anwendbar sein, wenn das Identitäts- und Berechtigungsmanagement-System ausgefallen ist Quelle: Notfallvorsorge für das Identitäts- und Berechtigungsmanagement-System. Es SOLLTE geprüft werden, inwieweit ein ausgefallenes Identitäts- und Berechtigungsmanagement-System sicherheitskritisch für die Geschäftsprozesse ist Quelle: Notfallvorsorge für das Identitäts- und Berechtigungsmanagement-System.

Anschlussfragen:
1. Wie kann ein Identitäts- und Berechtigungsmanagement-System bei Ausfall ersetzt werden?
2. Welche Rolle spielt das IT-Service Continuity Management (ITSCM) bei der Aufrechterhaltung der IT-Services im Notfall?
3. Wie können personenbezogene Daten vor unabsichtlicher Verfälschung oder absichtlicher Manipulation geschützt werden?";Bei Ausfall des Identitätsmanagementsystems sollten Vorkehrungen getroffen werden, um weiterhin arbeitsfähig zu sein. Insbesondere sollte das im Notfallkonzept vorgesehene Berechtigungskonzept weiterhin anwendbar sein, wenn das Identitäts- und Berechtigungsmanagement-System ausgefallen ist Quelle: Notfallvorsorge für das Identitäts- und Berechtigungsmanagement-System. Es SOLLTE geprüft werden, inwieweit ein ausgefallenes Identitäts- und Berechtigungsmanagement-System sicherheitskritisch für die Geschäftsprozesse ist Quelle: Notfallvorsorge für das Identitäts- und Berechtigungsmanagement-System.;"1. Wie kann ein Identitäts- und Berechtigungsmanagement-System bei Ausfall ersetzt werden?
2. Welche Rolle spielt das IT-Service Continuity Management (ITSCM) bei der Aufrechterhaltung der IT-Services im Notfall?
3. Wie können personenbezogene Daten vor unabsichtlicher Verfälschung oder absichtlicher Manipulation geschützt werden?";3;3;0.6961904761765524;1.0;0.8;0.7392954315011518;Wie kann ein Identitäts- und Berechtigungsmanagement-System bei Ausfall ersetzt werden?;-1;-1;evaluation_failed;Welche Rolle spielt das IT-Service Continuity Management (ITSCM) bei der Aufrechterhaltung der IT-Services im Notfall?;-1;-1;evaluation_failed;Wie können personenbezogene Daten vor unabsichtlicher Verfälschung oder absichtlicher Manipulation geschützt werden?;-1;-1;evaluation_failed;;
Was ist das Ziel des Compliance Managements im IT-Grundschutz?;"Das Ziel des Compliance Managements im IT-Grundschutz ist es, einen Überblick über die verschiedenen Anforderungen an die einzelnen Bereiche einer Institution zu verschaffen und geeignete Sicherheitsanforderungen zu identifizieren und umzusetzen, um Verstöße gegen diese Vorgaben zu vermeiden Quelle: 1.2. Zielsetzung (S. nicht spezifiziert). 

Anschlussfragen:
1. Wie können geeignete Sicherheitsanforderungen im IT-Grundschutz identifiziert werden?
2. Welche Rolle spielt die Umsetzung von Sicherheitsanforderungen im Compliance Management?
3. Wie kann ein Überblick über die verschiedenen Anforderungen an die einzelnen Bereiche einer Institution sichergestellt werden?";Das Ziel des Compliance Managements im IT-Grundschutz ist es, einen Überblick über die verschiedenen Anforderungen an die einzelnen Bereiche einer Institution zu verschaffen und geeignete Sicherheitsanforderungen zu identifizieren und umzusetzen, um Verstöße gegen diese Vorgaben zu vermeiden Quelle: 1.2. Zielsetzung (S. nicht spezifiziert).;1.2. Zielsetzung Ziel des Bausteins ist es, aufzuzeigen, wie sich Zuständige einen Überblick über die verschiedenen Anforderungen an die einzelnen Bereiche einer Institution verschaffen können. Dazu sind geeignete Sicherheitsanforderungen zu identifizieren und umzusetzen, um Verstöße gegen diese Vorgaben zu vermeiden.;"Das Ziel des Compliance Managements im IT-Grundschutz ist es, sicherzustellen, dass die Institution die relevanten gesetzlichen, vertraglichen und internen Anforderungen an die Informationssicherheit erfüllt. 
Quelle: BSI-Standard 200-2 (S.12), 
Dabei geht es darum, die notwendigen Maßnahmen zu ergreifen, um die Einhaltung dieser Anforderungen zu gewährleisten und somit die Integrität, Vertraulichkeit und Verfügbarkeit von Informationen zu schützen.
Quelle: IT-Grundschutz-Kompendium (S.23)

Anschlussfragen:
1. Wie kann ein Managementsystem für Informationssicherheit in einer Institution aufgebaut werden?
2. Welche Rolle spielt die IT-Grundschutz-Methodik bei der Umsetzung eines Informationssicherheitsmanagements?
3. Wie kann die Zertifizierung nach ISO 27001 auf der Basis von IT-Grundschutz als Sicherheitsanforderung für mögliche Kooperationspartner verwendet werden?";"Das Ziel des Compliance Managements im IT-Grundschutz ist es, sicherzustellen, dass die Institution die relevanten gesetzlichen, vertraglichen und internen Anforderungen an die Informationssicherheit erfüllt. 
Quelle: BSI-Standard 200-2 (S.12), 
Dabei geht es darum, die notwendigen Maßnahmen zu ergreifen, um die Einhaltung dieser Anforderungen zu gewährleisten und somit die Integrität, Vertraulichkeit und Verfügbarkeit von Informationen zu schützen.
Quelle: IT-Grundschutz-Kompendium (S.23)";"1. Wie kann ein Managementsystem für Informationssicherheit in einer Institution aufgebaut werden?
2. Welche Rolle spielt die IT-Grundschutz-Methodik bei der Umsetzung eines Informationssicherheitsmanagements?
3. Wie kann die Zertifizierung nach ISO 27001 auf der Basis von IT-Grundschutz als Sicherheitsanforderung für mögliche Kooperationspartner verwendet werden?";3;3;0.9617346938638119;1.0;0.42857142857142855;0.475169614672831;Wie kann ein Managementsystem für Informationssicherheit in einer Institution aufgebaut werden?;-1;-1;evaluation_failed;Welche Rolle spielt die IT-Grundschutz-Methodik bei der Umsetzung eines Informationssicherheitsmanagements?;-1;-1;evaluation_failed;Wie kann die Zertifizierung nach ISO 27001 auf der Basis von IT-Grundschutz als Sicherheitsanforderung für mögliche Kooperationspartner verwendet werden?;-1;-1;evaluation_failed;;
Welche Arten von Vorgaben müssen berücksichtigt werden?;"Es müssen gesetzliche, vertragliche und sonstige Vorgaben berücksichtigt werden Quelle: ORP.5.A1 (S.?). Diese Vorgaben MÜSSEN identifiziert und dokumentiert werden, um sicherzustellen, dass das Informationssicherheitsmanagement den relevanten Anforderungen entspricht Quelle: ORP.5.A1 (S.?). 

Anschlussfragen:
1. Wie sollten die identifizierten Vorgaben dokumentiert werden?
2. Welche Rolle spielt der Baustein ORP.2 Personal bei der Einhaltung der Vorgaben?
3. Wie oft sollte der Baustein ORP.5 Compliance Management angewendet werden?";Es müssen gesetzliche, vertragliche und sonstige Vorgaben berücksichtigt werden Quelle: ORP.5.A1 (S.?). Diese Vorgaben MÜSSEN identifiziert und dokumentiert werden, um sicherzustellen, dass das Informationssicherheitsmanagement den relevanten Anforderungen entspricht Quelle: ORP.5.A1 (S.?).;ORP.5.A1 Identifikation der Rahmenbedingungen (B) [Zentrale Verwaltung, Institutionsleitung] Alle gesetzlichen, vertraglichen und sonstigen Vorgaben mit Auswirkungen auf das Informationssicherheitsmanagement MÜSSEN identifiziert und dokumentiert werden. Die für die einzelnen Bereiche der Institution relevanten gesetzlichen, vertraglichen und sonstigen Vorgaben SOLLTEN in einer strukturierten Übersicht herausgearbeitet werden. Die Dokumentation MUSS auf dem aktuellen Stand gehalten werden.;"Für die Konfiguration von Terminalservern und die Einhaltung von Sicherheitsanforderungen müssen verschiedene Arten von Vorgaben berücksichtigt werden. Dazu gehören:

- Rollen und Berechtigungen
- Umfang der Verschlüsselung des Terminalserver-Protokolls
- benötigte Authentisierungsfunktionen des Terminalserver-Protokolls
- Möglichkeit zum Anzeigen der Ausgabe fremder Sitzungen
- Kommunikation zwischen Anwendungen in den Terminalserver-Sitzungen und Anwendungen auf anderen Servern
- Kommunikation zwischen Terminalserver und anderen Servern

Darüber hinaus müssen auch gesetzliche, vertragliche und sonstige Vorgaben, wie interne Richtlinien, beachtet werden. Quelle: ORP.5 Compliance Management (Anforderungsmanagement) (S.1), APP.3.1.A1 (S.391).

Anschlussfragen:
1. Wie können die Anforderungen an die technische Einsatzumgebung der geplanten Individualsoftware festgelegt werden?
2. Welche Aspekte müssen bei der Planung des Software-Einsatzes berücksichtigt werden?
3. Wie kann die Auswahl von Liefernden für eine Speicherlösung durchgeführt werden?";"Für die Konfiguration von Terminalservern und die Einhaltung von Sicherheitsanforderungen müssen verschiedene Arten von Vorgaben berücksichtigt werden. Dazu gehören:

- Rollen und Berechtigungen
- Umfang der Verschlüsselung des Terminalserver-Protokolls
- benötigte Authentisierungsfunktionen des Terminalserver-Protokolls
- Möglichkeit zum Anzeigen der Ausgabe fremder Sitzungen
- Kommunikation zwischen Anwendungen in den Terminalserver-Sitzungen und Anwendungen auf anderen Servern
- Kommunikation zwischen Terminalserver und anderen Servern

Darüber hinaus müssen auch gesetzliche, vertragliche und sonstige Vorgaben, wie interne Richtlinien, beachtet werden. Quelle: ORP.5 Compliance Management (Anforderungsmanagement) (S.1), APP.3.1.A1 (S.391).";"1. Wie können die Anforderungen an die technische Einsatzumgebung der geplanten Individualsoftware festgelegt werden?
2. Welche Aspekte müssen bei der Planung des Software-Einsatzes berücksichtigt werden?
3. Wie kann die Auswahl von Liefernden für eine Speicherlösung durchgeführt werden?";3;3;0.7545918367239141;1.0;1.0;0.4633538015726343;Wie können die Anforderungen an die technische Einsatzumgebung der geplanten Individualsoftware festgelegt werden?;-1;-1;evaluation_failed;Welche Aspekte müssen bei der Planung des Software-Einsatzes berücksichtigt werden?;-1;-1;evaluation_failed;Wie kann die Auswahl von Liefernden für eine Speicherlösung durchgeführt werden?;-1;-1;evaluation_failed;;
Wer trägt die Verantwortung für die Einhaltung der Vorgaben?;"Die Verantwortung für die Einhaltung der Vorgaben trägt die Institutionsleitung sowie Führungskräfte, die eine rechtliche Verantwortung für die Institution tragen Quelle: ORP.5.A2 Beachtung der Rahmenbedingungen (B) [Vorgesetzte, Zentrale Verwaltung, Institutionsleitung] (S. nicht spezifiziert). Sie MÜSSEN für die Einhaltung der gesetzlichen, vertraglichen und sonstigen Vorgaben sorgen und geeignete Maßnahmen identifizieren und umsetzen, um Verstöße gegen relevante Anforderungen zu vermeiden Quelle: ORP.5.A2 Beachtung der Rahmenbedingungen (B) (S. nicht spezifiziert).

Anschlussfragen:
1. Wie werden die Verantwortlichkeiten und Zuständigkeiten für die Einhaltung der Vorgaben festgelegt?
2. Welche Maßnahmen MÜSSEN ergriffen werden, wenn Verstöße gegen relevante Anforderungen erkannt werden?
3. Wie wird die Verpflichtung der Mitarbeitenden zur Einhaltung der identifizierten Vorgaben im Baustein ORP.2 Personal behandelt?";Die Verantwortung für die Einhaltung der Vorgaben trägt die Institutionsleitung sowie Führungskräfte, die eine rechtliche Verantwortung für die Institution tragen Quelle: ORP.5.A2 Beachtung der Rahmenbedingungen (B) [Vorgesetzte, Zentrale Verwaltung, Institutionsleitung] (S. nicht spezifiziert). Sie MÜSSEN für die Einhaltung der gesetzlichen, vertraglichen und sonstigen Vorgaben sorgen und geeignete Maßnahmen identifizieren und umsetzen, um Verstöße gegen relevante Anforderungen zu vermeiden Quelle: ORP.5.A2 Beachtung der Rahmenbedingungen (B) (S. nicht spezifiziert).;ORP.5.A2 Beachtung der Rahmenbedingungen (B) [Vorgesetzte, Zentrale Verwaltung, Institutionsleitung] Die als sicherheitsrelevant identifizierten Anforderungen MÜSSEN bei der Planung und Konzeption von Geschäftsprozessen, Anwendungen und IT-Systemen oder bei der Beschaffung neuer Komponenten einfließen. Führungskräfte, die eine rechtliche Verantwortung für die Institution tragen, MÜSSEN für die Einhaltung der gesetzlichen, vertraglichen und sonstigen Vorgaben sorgen. Die Verantwortlichkeiten und Zuständigkeiten für die Einhaltung dieser Vorgaben MÜSSEN festgelegt sein. Es MÜSSEN geeignete Maßnahmen identifiziert und umgesetzt werden, um Verstöße gegen relevante Anforderungen zu vermeiden. Wenn solche Verstöße erkannt werden, MÜSSEN sachgerechte Korrekturmaßnahmen ergriffen werden, um die Abweichungen zu beheben.;"Die Verantwortung für die Einhaltung der Vorgaben trägt die Institutionsleitung. Sie ist für das zielgerichtete und ordnungsgemäße Funktionieren der Institution und damit auch für die Aufrechterhaltung des Geschäftsbetriebs in Notfällen verantwortlich Quelle: ORP.5 Compliance Management (Anforderungsmanagement) (S.1). Die Institutionsleitung muss sich zur Etablierung, Aufrechterhaltung und Verbesserung eines BCMS anhand der Vorgehensweise dieses Standards verpflichten Quelle: ORP.5 Compliance Management (Anforderungsmanagement) (S.2). 

Anschlussfragen:
1. Wie werden die Anforderungen an die einzelnen Bereiche einer Institution identifiziert und umgesetzt?
2. Welche Rolle spielt die Compliance-Abteilung bei der Einhaltung von institutionsweiten Compliance-Anforderungen?
3. Wie trägt die Institutionsleitung zur Etablierung, Aufrechterhaltung und Verbesserung eines BCMS bei?";Die Verantwortung für die Einhaltung der Vorgaben trägt die Institutionsleitung. Sie ist für das zielgerichtete und ordnungsgemäße Funktionieren der Institution und damit auch für die Aufrechterhaltung des Geschäftsbetriebs in Notfällen verantwortlich Quelle: ORP.5 Compliance Management (Anforderungsmanagement) (S.1). Die Institutionsleitung muss sich zur Etablierung, Aufrechterhaltung und Verbesserung eines BCMS anhand der Vorgehensweise dieses Standards verpflichten Quelle: ORP.5 Compliance Management (Anforderungsmanagement) (S.2).;"1. Wie werden die Anforderungen an die einzelnen Bereiche einer Institution identifiziert und umgesetzt?
2. Welche Rolle spielt die Compliance-Abteilung bei der Einhaltung von institutionsweiten Compliance-Anforderungen?
3. Wie trägt die Institutionsleitung zur Etablierung, Aufrechterhaltung und Verbesserung eines BCMS bei?";3;3;0.9093537414836079;1.0;1.0;0.42177647829394;Wie werden die Anforderungen an die einzelnen Bereiche einer Institution identifiziert und umgesetzt?;-1;-1;evaluation_failed;Welche Rolle spielt die Compliance-Abteilung bei der Einhaltung von institutionsweiten Compliance-Anforderungen?;-1;-1;evaluation_failed;Wie trägt die Institutionsleitung zur Etablierung, Aufrechterhaltung und Verbesserung eines BCMS bei?;-1;-1;evaluation_failed;;
Wie müssen Anforderungen in Geschäftsprozesse und IT-Systeme integriert werden?;"Die Anforderungen müssen bei der Planung und Konzeption von Geschäftsprozessen, Anwendungen und IT-Systemen oder bei der Beschaffung neuer Komponenten einfließen Quelle: ORP.5.A2 (S.?). Dies bedeutet, dass sicherheitsrelevante Anforderungen bereits in der Frühphase von Projekten und Prozessen berücksichtigt werden müssen, um eine sichere und compliance-konforme Umsetzung zu gewährleisten. 

Führungskräfte und verantwortliche Personen müssen für die Einhaltung gesetzlicher, vertraglicher und sonstiger Vorgaben sorgen und geeignete Maßnahmen umsetzen, um Verstöße zu vermeiden Quelle: ORP.5.A2 (S.?). 

Anschlussfragen:
1. Wie müssen Verstöße gegen relevante Anforderungen gehandhabt werden?
2. Welche Rolle spielen Führungskräfte bei der Einhaltung von Vorgaben im Rahmen des Compliance Managements?
3. Wie werden die Verpflichtungen der Mitarbeitenden zur Einhaltung von Vorgaben im Baustein ORP.5 Compliance Management berücksichtigt?";"Die Anforderungen müssen bei der Planung und Konzeption von Geschäftsprozessen, Anwendungen und IT-Systemen oder bei der Beschaffung neuer Komponenten einfließen Quelle: ORP.5.A2 (S.?). Dies bedeutet, dass sicherheitsrelevante Anforderungen bereits in der Frühphase von Projekten und Prozessen berücksichtigt werden müssen, um eine sichere und compliance-konforme Umsetzung zu gewährleisten. 

Führungskräfte und verantwortliche Personen müssen für die Einhaltung gesetzlicher, vertraglicher und sonstiger Vorgaben sorgen und geeignete Maßnahmen umsetzen, um Verstöße zu vermeiden Quelle: ORP.5.A2 (S.?).";ORP.5.A2 Beachtung der Rahmenbedingungen (B) [Vorgesetzte, Zentrale Verwaltung, Institutionsleitung] Die als sicherheitsrelevant identifizierten Anforderungen MÜSSEN bei der Planung und Konzeption von Geschäftsprozessen, Anwendungen und IT-Systemen oder bei der Beschaffung neuer Komponenten einfließen. Führungskräfte, die eine rechtliche Verantwortung für die Institution tragen, MÜSSEN für die Einhaltung der gesetzlichen, vertraglichen und sonstigen Vorgaben sorgen. Die Verantwortlichkeiten und Zuständigkeiten für die Einhaltung dieser Vorgaben MÜSSEN festgelegt sein. Es MÜSSEN geeignete Maßnahmen identifiziert und umgesetzt werden, um Verstöße gegen relevante Anforderungen zu vermeiden. Wenn solche Verstöße erkannt werden, MÜSSEN sachgerechte Korrekturmaßnahmen ergriffen werden, um die Abweichungen zu beheben.;"Anforderungen in Geschäftsprozesse und IT-Systeme müssen so integriert werden, dass sie den spezifischen Sicherheitsanforderungen entsprechen. Dazu müssen die Anforderungen an die technische Einsatzumgebung der geplanten Individualsoftware erstellt und mit der Software-Entwicklung abgestimmt werden. Quelle: Festlegung der Sicherheitsfunktionen zur Systemintegration (S.1).

Die Integration des Änderungsmanagements in die Geschäftsprozesse ist ebenfalls wichtig. Der Änderungsmanagementprozess sollte in die Geschäftsprozesse integriert werden, um sicherzustellen, dass alle relevanten Fachabteilungen über anstehende Änderungen informiert werden. Quelle: Integration des Änderungsmanagements in die Geschäftsprozesse (S.2).

Die Anforderungen müssen auch in die Sicherheitskonzeption einbezogen werden. Die Sicherheitskonzeption und die dazugehörige Dokumentation muss nach jeder relevanten Änderung aktualisiert werden. Quelle: Anforderungsspezifikation für das Systemmanagement (S.3).

Anschlussfragen:
1. Wie können die Anforderungen an die technische Einsatzumgebung der geplanten Individualsoftware erstellt werden?
2. Welche Rolle spielt die Integration des Änderungsmanagements in die Geschäftsprozesse bei der Sicherstellung der Informationssicherheit?
3. Wie muss die Sicherheitskonzeption und die dazugehörige Dokumentation nach jeder relevanten Änderung aktualisiert werden?";"Anforderungen in Geschäftsprozesse und IT-Systeme müssen so integriert werden, dass sie den spezifischen Sicherheitsanforderungen entsprechen. Dazu müssen die Anforderungen an die technische Einsatzumgebung der geplanten Individualsoftware erstellt und mit der Software-Entwicklung abgestimmt werden. Quelle: Festlegung der Sicherheitsfunktionen zur Systemintegration (S.1).

Die Integration des Änderungsmanagements in die Geschäftsprozesse ist ebenfalls wichtig. Der Änderungsmanagementprozess sollte in die Geschäftsprozesse integriert werden, um sicherzustellen, dass alle relevanten Fachabteilungen über anstehende Änderungen informiert werden. Quelle: Integration des Änderungsmanagements in die Geschäftsprozesse (S.2).

Die Anforderungen müssen auch in die Sicherheitskonzeption einbezogen werden. Die Sicherheitskonzeption und die dazugehörige Dokumentation muss nach jeder relevanten Änderung aktualisiert werden. Quelle: Anforderungsspezifikation für das Systemmanagement (S.3).";"1. Wie können die Anforderungen an die technische Einsatzumgebung der geplanten Individualsoftware erstellt werden?
2. Welche Rolle spielt die Integration des Änderungsmanagements in die Geschäftsprozesse bei der Sicherstellung der Informationssicherheit?
3. Wie muss die Sicherheitskonzeption und die dazugehörige Dokumentation nach jeder relevanten Änderung aktualisiert werden?";3;3;0.826020408151465;1.0;1.0;0.3245667218726961;Wie können die Anforderungen an die technische Einsatzumgebung der geplanten Individualsoftware erstellt werden?;-1;-1;evaluation_failed;Welche Rolle spielt die Integration des Änderungsmanagements in die Geschäftsprozesse bei der Sicherstellung der Informationssicherheit?;-1;-1;evaluation_failed;Wie muss die Sicherheitskonzeption und die dazugehörige Dokumentation nach jeder relevanten Änderung aktualisiert werden?;-1;-1;evaluation_failed;;
Warum braucht eine Institution eigene Prozesse für Compliance Management?;"Eine Institution braucht eigene Prozesse für Compliance Management, um alle relevanten gesetzlichen, vertraglichen und sonstigen Vorgaben mit Auswirkungen auf das Informationssicherheitsmanagement zu identifizieren und umzusetzen Quelle: ORP.5.A4 Konzeption und Organisation des Compliance Managements (S). Dies ermöglicht es der Institution, den Überblick über verschiedene rechtliche Anforderungen an die einzelnen Bereiche zu gewährleisten und sicherzustellen, dass alle Anforderungen eingehalten werden Quelle: ORP.5.A4 Konzeption und Organisation des Compliance Managements (S). Durch die Festlegung von Zuständigen für das Compliance Management und den regelmäßigen Austausch zwischen Compliance-Beauftragten und Informationssicherheitsbeauftragten kann die Institution sicherstellen, dass Sicherheitsanforderungen ins Compliance Management integriert und sicherheitsrelevante Anforderungen in Sicherheitsmaßnahmen überführt werden Quelle: ORP.5.A4 Konzeption und Organisation des Compliance Managements (S).

Anschlussfragen:
1. Wie sollten die Zuständigen für das Compliance Management in einer Institution festgelegt werden?
2. Welche Rolle spielen Compliance-Beauftragte und Informationssicherheitsbeauftragte im Compliance Management?
3. Wie kann eine Institution sicherstellen, dass alle Mitarbeitenden die im Baustein ORP.5 identifizierten gesetzlichen, vertraglichen und sonstigen Vorgaben einhalten?";Eine Institution braucht eigene Prozesse für Compliance Management, um alle relevanten gesetzlichen, vertraglichen und sonstigen Vorgaben mit Auswirkungen auf das Informationssicherheitsmanagement zu identifizieren und umzusetzen Quelle: ORP.5.A4 Konzeption und Organisation des Compliance Managements (S). Dies ermöglicht es der Institution, den Überblick über verschiedene rechtliche Anforderungen an die einzelnen Bereiche zu gewährleisten und sicherzustellen, dass alle Anforderungen eingehalten werden Quelle: ORP.5.A4 Konzeption und Organisation des Compliance Managements (S). Durch die Festlegung von Zuständigen für das Compliance Management und den regelmäßigen Austausch zwischen Compliance-Beauftragten und Informationssicherheitsbeauftragten kann die Institution sicherstellen, dass Sicherheitsanforderungen ins Compliance Management integriert und sicherheitsrelevante Anforderungen in Sicherheitsmaßnahmen überführt werden Quelle: ORP.5.A4 Konzeption und Organisation des Compliance Managements (S).;ORP.5.A4 Konzeption und Organisation des Compliance Managements (S) [Institutionsleitung] In der Institution SOLLTE ein Prozess aufgebaut werden, um alle relevanten gesetzlichen, vertraglichen und sonstigen Vorgaben mit Auswirkungen auf das Informationssicherheitsmanagement zu identifizieren. Es SOLLTEN geeignete Prozesse und Organisationsstrukturen aufgebaut werden, um basierend auf der Identifikation und Beachtung der rechtlichen Rahmenbedingungen, den Überblick über die verschiedenen rechtlichen Anforderungen an die einzelnen Bereiche der Institution zu gewährleisten. Dafür SOLLTEN Zuständige für das Compliance Management festgelegt werden. Compliance-Beauftragte und Informationssicherheitsbeauftragte SOLLTEN sich regelmäßig austauschen. Sie SOLLTEN gemeinsam Sicherheitsanforderungen ins Compliance Management integrieren, sicherheitsrelevante Anforderungen in Sicherheitsmaßnahmen überführen und deren Umsetzung kontrollieren.;"Eine Institution benötigt eigene Prozesse für Compliance Management, um sicherzustellen, dass alle relevanten gesetzlichen, vertraglichen und internen Vorgaben eingehalten werden. Dies ist notwendig, um Verstöße gegen diese Vorgaben zu vermeiden und die Überlebensfähigkeit der Institution in Notfällen und Krisen zu erhöhen. Durch ein funktionsfähiges Compliance-Management kann die Institution ihre Risiken minimieren und ihre Ziele erreichen. Quelle: ORP.5 Compliance Management (Anforderungsmanagement) (S.1).

Anschlussfragen:
1. Welche Rolle spielt die Institutionsleitung bei der Umsetzung von Compliance Management?
2. Wie können unzureichende Kenntnisse über internationale Gesetzesvorgaben das Risiko von Verstößen erhöhen?
3. Welche Auswirkungen kann ein unzureichendes Sicherheitsmanagement auf die Geschäftsabläufe einer Institution haben?";Eine Institution benötigt eigene Prozesse für Compliance Management, um sicherzustellen, dass alle relevanten gesetzlichen, vertraglichen und internen Vorgaben eingehalten werden. Dies ist notwendig, um Verstöße gegen diese Vorgaben zu vermeiden und die Überlebensfähigkeit der Institution in Notfällen und Krisen zu erhöhen. Durch ein funktionsfähiges Compliance-Management kann die Institution ihre Risiken minimieren und ihre Ziele erreichen. Quelle: ORP.5 Compliance Management (Anforderungsmanagement) (S.1).;"1. Welche Rolle spielt die Institutionsleitung bei der Umsetzung von Compliance Management?
2. Wie können unzureichende Kenntnisse über internationale Gesetzesvorgaben das Risiko von Verstößen erhöhen?
3. Welche Auswirkungen kann ein unzureichendes Sicherheitsmanagement auf die Geschäftsabläufe einer Institution haben?";3;3;0.9999999999875;1.0;0.6;0.4911250705936776;Welche Rolle spielt die Institutionsleitung bei der Umsetzung von Compliance Management?;-1;-1;evaluation_failed;Wie können unzureichende Kenntnisse über internationale Gesetzesvorgaben das Risiko von Verstößen erhöhen?;-1;-1;evaluation_failed;Welche Auswirkungen kann ein unzureichendes Sicherheitsmanagement auf die Geschäftsabläufe einer Institution haben?;-1;-1;evaluation_failed;;
Wie soll die Zusammenarbeit zwischen ISB und Compliance-Beauftragten erfolgen?;"Die Zusammenarbeit zwischen ISB und Compliance-Beauftragten sollte durch regelmäßigen Austausch erfolgen Quelle: ORP.5.A4 (S). Dabei sollten sie gemeinsam Sicherheitsanforderungen ins Compliance Management integrieren, sicherheitsrelevante Anforderungen in Sicherheitsmaßnahmen überführen und deren Umsetzung kontrollieren Quelle: ORP.5.A4 (S). 

Anschlussfragen:
1. Wie sollten die Zuständigkeiten für das Compliance Management innerhalb der Institution festgelegt werden?
2. Welche Rolle spielt der Baustein ORP.2 Personal bei der Einhaltung gesetzlicher, vertraglicher und sonstiger Vorgaben?
3. Wie oft sollten ISB und Compliance-Beauftragte sich austauschen, um eine effektive Zusammenarbeit zu gewährleisten?";Die Zusammenarbeit zwischen ISB und Compliance-Beauftragten sollte durch regelmäßigen Austausch erfolgen Quelle: ORP.5.A4 (S). Dabei sollten sie gemeinsam Sicherheitsanforderungen ins Compliance Management integrieren, sicherheitsrelevante Anforderungen in Sicherheitsmaßnahmen überführen und deren Umsetzung kontrollieren Quelle: ORP.5.A4 (S).;ORP.5.A4 Konzeption und Organisation des Compliance Managements (S) [Institutionsleitung] In der Institution SOLLTE ein Prozess aufgebaut werden, um alle relevanten gesetzlichen, vertraglichen und sonstigen Vorgaben mit Auswirkungen auf das Informationssicherheitsmanagement zu identifizieren. Es SOLLTEN geeignete Prozesse und Organisationsstrukturen aufgebaut werden, um basierend auf der Identifikation und Beachtung der rechtlichen Rahmenbedingungen, den Überblick über die verschiedenen rechtlichen Anforderungen an die einzelnen Bereiche der Institution zu gewährleisten. Dafür SOLLTEN Zuständige für das Compliance Management festgelegt werden. Compliance-Beauftragte und Informationssicherheitsbeauftragte SOLLTEN sich regelmäßig austauschen. Sie SOLLTEN gemeinsam Sicherheitsanforderungen ins Compliance Management integrieren, sicherheitsrelevante Anforderungen in Sicherheitsmaßnahmen überführen und deren Umsetzung kontrollieren.;"Die Zusammenarbeit zwischen dem Informationssicherheitsbeauftragten (ISB) und dem Compliance-Beauftragten sollte eng und regelmäßig erfolgen, um sicherzustellen, dass alle Aspekte der Informationssicherheit und des Compliance-Managements innerhalb der Institution abgedeckt sind. Der ISB sollte den Compliance-Beauftragten über alle sicherheitsrelevanten Aspekte informieren, die Auswirkungen auf die Einhaltung von Gesetzen und Vorschriften haben könnten. Gleichzeitig sollte der Compliance-Beauftragte den ISB über alle compliance-relevanten Aspekte informieren, die Auswirkungen auf die Informationssicherheit haben könnten. Quelle: Kapitel über die Rolle des ISB und des IS-Management-Teams.

Die enge Zusammenarbeit zwischen ISB und Compliance-Beauftragten ist wichtig, um sicherzustellen, dass die Institution die notwendigen Maßnahmen ergreift, um die Informationssicherheit und die Einhaltung von Gesetzen und Vorschriften zu gewährleisten. Durch regelmäßige Abstimmungen und Informationsaustausch können sie sicherstellen, dass alle Aspekte der Informationssicherheit und des Compliance-Managements berücksichtigt werden. Quelle: Kapitel über die Bedeutung der Kommunikation im Informationssicherheitsprozess.

Anschlussfragen:
1. Wie sollte die Rolle des ISB in der Institution organisiert sein, um sicherzustellen, dass die Informationssicherheit effektiv gewährleistet ist?
2. Welche Qualifikationen sollten der ISB und der Compliance-Beauftragte haben, um ihre Aufgaben effektiv wahrzunehmen?
3. Wie kann die Zusammenarbeit zwischen dem ISB und dem Compliance-Beauftragten verbessert werden, um sicherzustellen, dass alle Aspekte der Informationssicherheit und des Compliance-Managements abgedeckt sind?";"Die Zusammenarbeit zwischen dem Informationssicherheitsbeauftragten (ISB) und dem Compliance-Beauftragten sollte eng und regelmäßig erfolgen, um sicherzustellen, dass alle Aspekte der Informationssicherheit und des Compliance-Managements innerhalb der Institution abgedeckt sind. Der ISB sollte den Compliance-Beauftragten über alle sicherheitsrelevanten Aspekte informieren, die Auswirkungen auf die Einhaltung von Gesetzen und Vorschriften haben könnten. Gleichzeitig sollte der Compliance-Beauftragte den ISB über alle compliance-relevanten Aspekte informieren, die Auswirkungen auf die Informationssicherheit haben könnten. Quelle: Kapitel über die Rolle des ISB und des IS-Management-Teams.

Die enge Zusammenarbeit zwischen ISB und Compliance-Beauftragten ist wichtig, um sicherzustellen, dass die Institution die notwendigen Maßnahmen ergreift, um die Informationssicherheit und die Einhaltung von Gesetzen und Vorschriften zu gewährleisten. Durch regelmäßige Abstimmungen und Informationsaustausch können sie sicherstellen, dass alle Aspekte der Informationssicherheit und des Compliance-Managements berücksichtigt werden. Quelle: Kapitel über die Bedeutung der Kommunikation im Informationssicherheitsprozess.";"1. Wie sollte die Rolle des ISB in der Institution organisiert sein, um sicherzustellen, dass die Informationssicherheit effektiv gewährleistet ist?
2. Welche Qualifikationen sollten der ISB und der Compliance-Beauftragte haben, um ihre Aufgaben effektiv wahrzunehmen?
3. Wie kann die Zusammenarbeit zwischen dem ISB und dem Compliance-Beauftragten verbessert werden, um sicherzustellen, dass alle Aspekte der Informationssicherheit und des Compliance-Managements abgedeckt sind?";3;3;0.826020408151465;1.0;0.0;0.47674918902576324;Wie sollte die Rolle des ISB in der Institution organisiert sein, um sicherzustellen, dass die Informationssicherheit effektiv gewährleistet ist?;-1;-1;evaluation_failed;Welche Qualifikationen sollten der ISB und der Compliance-Beauftragte haben, um ihre Aufgaben effektiv wahrzunehmen?;-1;-1;evaluation_failed;Wie kann die Zusammenarbeit zwischen dem ISB und dem Compliance-Beauftragten verbessert werden, um sicherzustellen, dass alle Aspekte der Informationssicherheit und des Compliance-Managements abgedeckt sind?;-1;-1;evaluation_failed;;
Wie sind Ausnahmegenehmigungen von Regelungen zu behandeln?;"Ausnahmegenehmigungen von Regelungen SOLLTEN begründet und durch eine autorisierte Stelle nach einer Risikoabschätzung genehmigt werden Quelle: ORP.5.A5 (S). Es SOLLTE ein Genehmigungsverfahren für Ausnahmegenehmigungen geben, um eine Übersicht über alle erteilten Ausnahmegenehmigungen zu erstellen und zu pflegen Quelle: ORP.5.A5 (S). Alle Ausnahmegenehmigungen SOLLTEN befristet sein Quelle: ORP.5.A5 (S).

Anschlussfragen:
1. Wie sollte das Genehmigungsverfahren für Ausnahmegenehmigungen ausgestaltet sein?
2. Welche Rolle spielt die Risikoabschätzung bei der Genehmigung von Ausnahmegenehmigungen?
3. Wie sollten erteilte Ausnahmegenehmigungen dokumentiert und überprüft werden?";Ausnahmegenehmigungen von Regelungen SOLLTEN begründet und durch eine autorisierte Stelle nach einer Risikoabschätzung genehmigt werden Quelle: ORP.5.A5 (S). Es SOLLTE ein Genehmigungsverfahren für Ausnahmegenehmigungen geben, um eine Übersicht über alle erteilten Ausnahmegenehmigungen zu erstellen und zu pflegen Quelle: ORP.5.A5 (S). Alle Ausnahmegenehmigungen SOLLTEN befristet sein Quelle: ORP.5.A5 (S).;ORP.5.A5 Ausnahmegenehmigungen (S) [Vorgesetzte] Ist es in Einzelfällen erforderlich, von getroffenen Regelungen abzuweichen, SOLLTE die Ausnahme begründet und durch eine autorisierte Stelle nach einer Risikoabschätzung genehmigt werden. Es SOLLTE ein Genehmigungsverfahren für Ausnahmegenehmigungen geben. Es SOLLTE eine Übersicht über alle erteilten Ausnahmegenehmigungen erstellt und gepflegt werden. Ein entsprechendes Verfahren für die Dokumentation und ein Überprüfungsprozess SOLLTE etabliert werden. Alle Ausnahmegenehmigungen SOLLTEN befristet sein.;"Ausnahmegenehmigungen von Regelungen MÜSSEN restriktiv gehandhabt werden. Für die Vergabe von Ausnahmegenehmigungen SOLLTE ein Verfahren eingerichtet werden, das eine klare Begründung und Prüfung der Notwendigkeit einer solchen Ausnahme erfordert. Alle Ausnahmegenehmigungen MÜSSEN dokumentiert und nachvollziehbar sein. Quelle: APP.3.1.A1 (S.391)

Anschlussfragen:
1. Wie sollten Berechtigungen mit hoher Autorisierung innerhalb eines Unternehmens vergeben werden?
2. Welche Rolle spielt die Dokumentation bei der Vergabe von Ausnahmegenehmigungen?
3. Wie können Institutionen sicherstellen, dass Ausnahmegenehmigungen nicht missbräuchlich verwendet werden?";Ausnahmegenehmigungen von Regelungen MÜSSEN restriktiv gehandhabt werden. Für die Vergabe von Ausnahmegenehmigungen SOLLTE ein Verfahren eingerichtet werden, das eine klare Begründung und Prüfung der Notwendigkeit einer solchen Ausnahme erfordert. Alle Ausnahmegenehmigungen MÜSSEN dokumentiert und nachvollziehbar sein. Quelle: APP.3.1.A1 (S.391);"1. Wie sollten Berechtigungen mit hoher Autorisierung innerhalb eines Unternehmens vergeben werden?
2. Welche Rolle spielt die Dokumentation bei der Vergabe von Ausnahmegenehmigungen?
3. Wie können Institutionen sicherstellen, dass Ausnahmegenehmigungen nicht missbräuchlich verwendet werden?";3;3;0.9107142856991072;1.0;0.75;0.612045749655427;Wie sollten Berechtigungen mit hoher Autorisierung innerhalb eines Unternehmens vergeben werden?;-1;-1;evaluation_failed;Welche Rolle spielt die Dokumentation bei der Vergabe von Ausnahmegenehmigungen?;-1;-1;evaluation_failed;Wie können Institutionen sicherstellen, dass Ausnahmegenehmigungen nicht missbräuchlich verwendet werden?;-1;-1;evaluation_failed;;
Warum müssen Verstöße gegen Anforderungen korrigiert werden?;"Verstöße gegen Anforderungen müssen korrigiert werden, um die Abweichungen zu beheben und sicherzustellen, dass die Institution den gesetzlichen, vertraglichen und sonstigen Vorgaben entspricht Quelle: ORP.5.A2 (S. nicht spezifiziert). Dies ist notwendig, um die Einhaltung der Sicherheitsanforderungen zu gewährleisten und rechtliche Verantwortlichkeiten wahrzunehmen Quelle: ORP.5.A2 (S. nicht spezifiziert). 

Anschlussfragen:
1. Wie MÜSSEN Verstöße gegen Anforderungen identifiziert werden?
2. Welche Rolle spielen Führungskräfte bei der Einhaltung gesetzlicher Vorgaben?
3. Wie werden die Verantwortlichkeiten und Zuständigkeiten für die Einhaltung von Vorgaben festgelegt?";Verstöße gegen Anforderungen müssen korrigiert werden, um die Abweichungen zu beheben und sicherzustellen, dass die Institution den gesetzlichen, vertraglichen und sonstigen Vorgaben entspricht Quelle: ORP.5.A2 (S. nicht spezifiziert). Dies ist notwendig, um die Einhaltung der Sicherheitsanforderungen zu gewährleisten und rechtliche Verantwortlichkeiten wahrzunehmen Quelle: ORP.5.A2 (S. nicht spezifiziert).;ORP.5.A2 Beachtung der Rahmenbedingungen (B) [Vorgesetzte, Zentrale Verwaltung, Institutionsleitung] Die als sicherheitsrelevant identifizierten Anforderungen MÜSSEN bei der Planung und Konzeption von Geschäftsprozessen, Anwendungen und IT-Systemen oder bei der Beschaffung neuer Komponenten einfließen. Führungskräfte, die eine rechtliche Verantwortung für die Institution tragen, MÜSSEN für die Einhaltung der gesetzlichen, vertraglichen und sonstigen Vorgaben sorgen. Die Verantwortlichkeiten und Zuständigkeiten für die Einhaltung dieser Vorgaben MÜSSEN festgelegt sein. Es MÜSSEN geeignete Maßnahmen identifiziert und umgesetzt werden, um Verstöße gegen relevante Anforderungen zu vermeiden. Wenn solche Verstöße erkannt werden, MÜSSEN sachgerechte Korrekturmaßnahmen ergriffen werden, um die Abweichungen zu beheben.;"Verstöße gegen Anforderungen müssen korrigiert werden, um sicherzustellen, dass die Informationssicherheit einer Institution aufrechterhalten wird. Dies ist notwendig, um das Risiko von Sicherheitsverletzungen und -verlusten zu minimieren und die Einhaltung gesetzlicher und vertraglicher Vorgaben zu gewährleisten. Quelle: Compliance Management (Anforderungsmanagement) (S. ohne spezifische Seitenzahl).

Anschlussfragen:
1. Wie können Institutionen sicherstellen, dass ihre Sicherheitsmaßnahmen effektiv und wirtschaftlich umgesetzt werden?
2. Welche Rolle spielt die interne Revision bei der Überprüfung und Verbesserung des Informationssicherheitsprozesses?
3. Wie können Verstöße gegen rechtliche Vorgaben und unzulässige Weitergaben von Informationen verhindert werden?";Verstöße gegen Anforderungen müssen korrigiert werden, um sicherzustellen, dass die Informationssicherheit einer Institution aufrechterhalten wird. Dies ist notwendig, um das Risiko von Sicherheitsverletzungen und -verlusten zu minimieren und die Einhaltung gesetzlicher und vertraglicher Vorgaben zu gewährleisten. Quelle: Compliance Management (Anforderungsmanagement) (S. ohne spezifische Seitenzahl).;"1. Wie können Institutionen sicherstellen, dass ihre Sicherheitsmaßnahmen effektiv und wirtschaftlich umgesetzt werden?
2. Welche Rolle spielt die interne Revision bei der Überprüfung und Verbesserung des Informationssicherheitsprozesses?
3. Wie können Verstöße gegen rechtliche Vorgaben und unzulässige Weitergaben von Informationen verhindert werden?";3;3;0.9999999999875;1.0;1.0;0.5119999847111296;Wie können Institutionen sicherstellen, dass ihre Sicherheitsmaßnahmen effektiv und wirtschaftlich umgesetzt werden?;-1;-1;evaluation_failed;Welche Rolle spielt die interne Revision bei der Überprüfung und Verbesserung des Informationssicherheitsprozesses?;-1;-1;evaluation_failed;Wie können Verstöße gegen rechtliche Vorgaben und unzulässige Weitergaben von Informationen verhindert werden?;-1;-1;evaluation_failed;;
Wie wird die Wirksamkeit des Compliance Managements überprüft?;"Die Wirksamkeit des Compliance Managements wird durch regelmäßige Überprüfungen auf ihre Effizienz und Effektivität überprüft Quelle: ORP.5.A8 Regelmäßige Überprüfungen des Compliance Managements (S). Es soll ein Verfahren etabliert werden, um die Effizienz und Effektivität des Compliance Managements und der sich daraus ergebenden Anforderungen und Maßnahmen zu überprüfen Quelle: ORP.5.A8 Regelmäßige Überprüfungen des Compliance Managements (S). 

Anschlussfragen:
1. Wie oft sollten diese Überprüfungen durchgeführt werden?
2. Wer ist für die Durchführung dieser Überprüfungen verantwortlich?
3. Welche Rolle spielen Audits und Revisionen bei der Überprüfung des Compliance Managements?";Die Wirksamkeit des Compliance Managements wird durch regelmäßige Überprüfungen auf ihre Effizienz und Effektivität überprüft Quelle: ORP.5.A8 Regelmäßige Überprüfungen des Compliance Managements (S). Es soll ein Verfahren etabliert werden, um die Effizienz und Effektivität des Compliance Managements und der sich daraus ergebenden Anforderungen und Maßnahmen zu überprüfen Quelle: ORP.5.A8 Regelmäßige Überprüfungen des Compliance Managements (S).;ORP.5.A8 Regelmäßige Überprüfungen des Compliance Managements (S) Es SOLLTE ein Verfahren etabliert sein, wie das Compliance Management und die sich daraus ergebenden Anforderungen und Maßnahmen regelmäßig auf ihre Effizienz und Effektivität überprüft werden (siehe auch DER.3.1 Audits und Revisionen). Es SOLLTE regelmäßig geprüft werden, ob die Organisationsstruktur und die Prozesse des Compliance Managements angemessen sind.;"Die Wirksamkeit des Compliance Managements wird überprüft, indem regelmäßig geprüft wird, ob die Organisationsstruktur und die Prozesse des Compliance Managements angemessen sind. Es SOLLTE ein Verfahren etabliert sein, wie das Compliance Management und die sich daraus ergebenden Anforderungen und Maßnahmen regelmäßig auf ihre Effizienz und Effektivität überprüft werden Quelle: ORP.5 Compliance Management (Anforderungsmanagement). Die Überprüfung dient zur Kontrolle der Aktivitäten im Rahmen des Sicherheitskonzepts und zur Identifizierung von Planungsfehlern. Nach der Einführung von neuen Sicherheitsmaßnahmen sollte durch den ISB geprüft werden, ob die notwendige Akzeptanz seitens der Mitarbeiter vorhanden ist Quelle: Kapitel 13 und 14. 

Anschlussfragen:
1. Wie werden die Ergebnisse der Überprüfung des Compliance Managements dokumentiert und verfolgt?
2. Welche Rolle spielt die Institutionsleitung bei der Überprüfung und Verbesserung des Compliance Managements?
3. Wie werden die Anforderungen und Maßnahmen des Compliance Managements auf ihre Effizienz und Effektivität überprüft?";Die Wirksamkeit des Compliance Managements wird überprüft, indem regelmäßig geprüft wird, ob die Organisationsstruktur und die Prozesse des Compliance Managements angemessen sind. Es SOLLTE ein Verfahren etabliert sein, wie das Compliance Management und die sich daraus ergebenden Anforderungen und Maßnahmen regelmäßig auf ihre Effizienz und Effektivität überprüft werden Quelle: ORP.5 Compliance Management (Anforderungsmanagement). Die Überprüfung dient zur Kontrolle der Aktivitäten im Rahmen des Sicherheitskonzepts und zur Identifizierung von Planungsfehlern. Nach der Einführung von neuen Sicherheitsmaßnahmen sollte durch den ISB geprüft werden, ob die notwendige Akzeptanz seitens der Mitarbeiter vorhanden ist Quelle: Kapitel 13 und 14.;"1. Wie werden die Ergebnisse der Überprüfung des Compliance Managements dokumentiert und verfolgt?
2. Welche Rolle spielt die Institutionsleitung bei der Überprüfung und Verbesserung des Compliance Managements?
3. Wie werden die Anforderungen und Maßnahmen des Compliance Managements auf ihre Effizienz und Effektivität überprüft?";3;3;0.9999999999875;1.0;0.6;0.471107665997723;Wie werden die Ergebnisse der Überprüfung des Compliance Managements dokumentiert und verfolgt?;-1;-1;evaluation_failed;Welche Rolle spielt die Institutionsleitung bei der Überprüfung und Verbesserung des Compliance Managements?;-1;-1;evaluation_failed;Wie werden die Anforderungen und Maßnahmen des Compliance Managements auf ihre Effizienz und Effektivität überprüft?;-1;-1;evaluation_failed;;
Wie lassen sich unterschiedliche Managementsysteme (Informationssicherheit, Datenschutz, Compliance) sinnvoll verzahnen?;"Um unterschiedliche Managementsysteme wie Informationssicherheit, Datenschutz und Compliance sinnvoll zu verzahnen, ist eine enge Zusammenarbeit zwischen den verschiedenen Einheiten erforderlich. Dies ermöglicht es, Synergieeffekte zu nutzen und Konflikte frühzeitig auszuräumen. Die Leitungsebene der Institution muss die Einhaltung der Anforderungen durch angemessene Überwachungsmaßnahmen sicherstellen. Quelle: 1.1. Einleitung (S.1).

Anschlussfragen:
1. Wie können die Anforderungen an das Informationssicherheitsmanagement in verschiedenen Branchen und Ländern berücksichtigt werden?
2. Welche Rolle spielt die Leitungsebene bei der Sicherstellung der Einhaltung von Anforderungen und der Überwachung von Managementprozessen?
3. Wie können Synergieeffekte zwischen Informationssicherheitsmanagement, Datenschutzmanagement und Compliance Management genutzt werden, um eine effektive Risikomanagementstrategie zu entwickeln?";Um unterschiedliche Managementsysteme wie Informationssicherheit, Datenschutz und Compliance sinnvoll zu verzahnen, ist eine enge Zusammenarbeit zwischen den verschiedenen Einheiten erforderlich. Dies ermöglicht es, Synergieeffekte zu nutzen und Konflikte frühzeitig auszuräumen. Die Leitungsebene der Institution muss die Einhaltung der Anforderungen durch angemessene Überwachungsmaßnahmen sicherstellen. Quelle: 1.1. Einleitung (S.1).;1.1. Einleitung In jeder Institution gibt es relevante gesetzliche, vertragliche und sonstige Vorgaben, wie z. B. interne Richtlinien, die beachtet werden müssen. Viele dieser Vorgaben haben direkte oder indirekte Auswirkungen auf das Informationssicherheitsmanagement. Die Anforderungen unterscheiden sich dabei je nach Branche, Land und anderen Rahmenbedingungen. Darüber hinaus unterliegt beispielsweise eine Behörde anderen externen Regelungen als eine Aktiengesellschaft. Die Leitungsebene der Institution muss die Einhaltung der Anforderungen („Compliance“) durch angemessene Überwachungsmaßnahmen sicherstellen. Je nach Größe einer Institution kann diese verschiedene Managementprozesse haben, die sich mit unterschiedlichen Aspekten des Risikomanagements beschäftigen. Dazu zählen beispielsweise Informationssicherheitsmanagement, Datenschutzmanagement, Compliance Management und Controlling. Die verschiedenen Einheiten sollten vertrauensvoll zusammenarbeiten, um Synergieeffekte zu nutzen und Konflikte frühzeitig auszuräumen.;"Um unterschiedliche Managementsysteme wie Informationssicherheit, Datenschutz und Compliance sinnvoll zu verzahnen, ist es wichtig, ein koordiniertes Vorgehen und Schnittstellen abzustimmen. Dies kann durch die Integration von Informationssicherheit in alle Prozesse und Projekte einer Institution erreicht werden, bei denen Informationen verarbeitet werden. Dazu gehören beispielsweise Projektmanagement, Incident Management und Compliance Management. 

Ein funktionierendes Sicherheitsmanagement muss in die existierenden Managementstrukturen jeder Institution eingebettet werden. Der BSI-Standard 200-2 bietet eine systematische Methodik zur Erarbeitung von Sicherheitskonzepten und praxiserprobten Sicherheitsmaßnahmen. 

Quelle: BSI-Standard 200-2 (S.391), IT-Grundschutz-Kompendium.

Anschlussfragen:
1. Wie kann ein Informationssicherheitsmanagementsystem (ISMS) in eine bestehende Organisationsstruktur integriert werden?
2. Welche Rolle spielt das Projektmanagement bei der Integration von Informationssicherheit in eine Institution?
3. Wie können Compliance Management und Informationssicherheitsmanagement sinnvoll verzahnt werden, um ein umfassendes Risikomanagement zu gewährleisten?";"Um unterschiedliche Managementsysteme wie Informationssicherheit, Datenschutz und Compliance sinnvoll zu verzahnen, ist es wichtig, ein koordiniertes Vorgehen und Schnittstellen abzustimmen. Dies kann durch die Integration von Informationssicherheit in alle Prozesse und Projekte einer Institution erreicht werden, bei denen Informationen verarbeitet werden. Dazu gehören beispielsweise Projektmanagement, Incident Management und Compliance Management. 

Ein funktionierendes Sicherheitsmanagement muss in die existierenden Managementstrukturen jeder Institution eingebettet werden. Der BSI-Standard 200-2 bietet eine systematische Methodik zur Erarbeitung von Sicherheitskonzepten und praxiserprobten Sicherheitsmaßnahmen. 

Quelle: BSI-Standard 200-2 (S.391), IT-Grundschutz-Kompendium.";"1. Wie kann ein Informationssicherheitsmanagementsystem (ISMS) in eine bestehende Organisationsstruktur integriert werden?
2. Welche Rolle spielt das Projektmanagement bei der Integration von Informationssicherheit in eine Institution?
3. Wie können Compliance Management und Informationssicherheitsmanagement sinnvoll verzahnt werden, um ein umfassendes Risikomanagement zu gewährleisten?";3;3;0.9999999999875;1.0;1.0;0.33733223171640525;Wie kann ein Informationssicherheitsmanagementsystem (ISMS) in eine bestehende Organisationsstruktur integriert werden?;-1;-1;evaluation_failed;Welche Rolle spielt das Projektmanagement bei der Integration von Informationssicherheit in eine Institution?;-1;-1;evaluation_failed;Wie können Compliance Management und Informationssicherheitsmanagement sinnvoll verzahnt werden, um ein umfassendes Risikomanagement zu gewährleisten?;-1;-1;evaluation_failed;;
Welche organisatorischen Rollen sind für Compliance Management vorgesehen?;"Für das Compliance Management sind mehrere organisatorische Rollen vorgesehen. Dazu gehören die Institutionsleitung, die für die Konzeption und Organisation des Compliance Managements verantwortlich ist, sowie der Compliance-Beauftragte und der Informationssicherheitsbeauftragte. Diese sollen sich regelmäßig austauschen, um sicherheitsrelevante Anforderungen zu identifizieren und deren Umsetzung zu kontrollieren. Quelle: ORP.5.A4 Konzeption und Organisation des Compliance Managements (S) 

Anschlussfragen:
1. Wie sollten die Prozesse und Organisationsstrukturen für das Compliance Management aufgebaut werden?
2. Welche Rolle spielen der Compliance-Beauftragte und der Informationssicherheitsbeauftragte im Compliance Management?
3. Wie wird die Einhaltung der gesetzlichen, vertraglichen und sonstigen Vorgaben durch die Mitarbeitenden sichergestellt?";Für das Compliance Management sind mehrere organisatorische Rollen vorgesehen. Dazu gehören die Institutionsleitung, die für die Konzeption und Organisation des Compliance Managements verantwortlich ist, sowie der Compliance-Beauftragte und der Informationssicherheitsbeauftragte. Diese sollen sich regelmäßig austauschen, um sicherheitsrelevante Anforderungen zu identifizieren und deren Umsetzung zu kontrollieren. Quelle: ORP.5.A4 Konzeption und Organisation des Compliance Managements (S);"ORP.5.A4 Konzeption und Organisation des Compliance Managements (S) [Institutionsleitung] In der Institution SOLLTE ein Prozess aufgebaut werden, um alle relevanten gesetzlichen, vertraglichen und sonstigen Vorgaben mit Auswirkungen auf das Informationssicherheitsmanagement zu identifizieren. Es SOLLTEN geeignete Prozesse und Organisationsstrukturen aufgebaut werden, um basierend auf der Identifikation und Beachtung der rechtlichen Rahmenbedingungen, den Überblick über die verschiedenen rechtlichen Anforderungen an die einzelnen Bereiche der Institution zu gewährleisten. Dafür SOLLTEN Zuständige für das Compliance Management festgelegt werden. Compliance-Beauftragte und Informationssicherheitsbeauftragte SOLLTEN sich regelmäßig austauschen. Sie SOLLTEN gemeinsam Sicherheitsanforderungen ins Compliance Management integrieren, sicherheitsrelevante Anforderungen in Sicherheitsmaßnahmen überführen und deren Umsetzung kontrollieren.
";"Für Compliance Management sind verschiedene organisatorische Rollen vorgesehen, um sicherzustellen, dass institutionsweit Compliance-Anforderungen eingehalten werden. Dazu gehören unter anderem die Leitungsebene der Institution, die für die Einhaltung der Anforderungen durch angemessene Überwachungsmaßnahmen verantwortlich ist, sowie die Compliance-Abteilung, die für die Überwachung und Umsetzung der Compliance-Anforderungen zuständig ist. Weitere Rollen können je nach Größe und Struktur der Institution hinzukommen, wie zum Beispiel die des Informationssicherheitsbeauftragten (ISB), der auch weitere Rollen wie die des Notfallbeauftragten übernehmen kann, solange dies nicht zu Rollenkonflikten führt. Quelle: ORP.5 Compliance Management (Anforderungsmanagement) (S.1-10).

Anschlussfragen:
1. Wie werden die Verantwortlichkeiten und Zuständigkeiten im Rahmen des Compliance Managements geregelt und dokumentiert?
2. Welche Rolle spielt die Leitungsebene der Institution bei der Einhaltung von Compliance-Anforderungen?
3. Wie können potenzielle Rollenkonflikte bei der Übernahme mehrerer Rollen durch eine Person, wie den ISB, vermieden oder gehandhabt werden?";Für Compliance Management sind verschiedene organisatorische Rollen vorgesehen, um sicherzustellen, dass institutionsweit Compliance-Anforderungen eingehalten werden. Dazu gehören unter anderem die Leitungsebene der Institution, die für die Einhaltung der Anforderungen durch angemessene Überwachungsmaßnahmen verantwortlich ist, sowie die Compliance-Abteilung, die für die Überwachung und Umsetzung der Compliance-Anforderungen zuständig ist. Weitere Rollen können je nach Größe und Struktur der Institution hinzukommen, wie zum Beispiel die des Informationssicherheitsbeauftragten (ISB), der auch weitere Rollen wie die des Notfallbeauftragten übernehmen kann, solange dies nicht zu Rollenkonflikten führt. Quelle: ORP.5 Compliance Management (Anforderungsmanagement) (S.1-10).;"1. Wie werden die Verantwortlichkeiten und Zuständigkeiten im Rahmen des Compliance Managements geregelt und dokumentiert?
2. Welche Rolle spielt die Leitungsebene der Institution bei der Einhaltung von Compliance-Anforderungen?
3. Wie können potenzielle Rollenkonflikte bei der Übernahme mehrerer Rollen durch eine Person, wie den ISB, vermieden oder gehandhabt werden?";3;3;0.8761904761729524;1.0;1.0;0.7673027145322386;Wie werden die Verantwortlichkeiten und Zuständigkeiten im Rahmen des Compliance Managements geregelt und dokumentiert?;-1;-1;evaluation_failed;Welche Rolle spielt die Leitungsebene der Institution bei der Einhaltung von Compliance-Anforderungen?;-1;-1;evaluation_failed;Wie können potenzielle Rollenkonflikte bei der Übernahme mehrerer Rollen durch eine Person, wie den ISB, vermieden oder gehandhabt werden?;-1;-1;evaluation_failed;;
Welche Maßnahmen adressieren mehrere Gefährdungen gleichzeitig?;"Die Maßnahmen, die mehrere Gefährdungen gleichzeitig adressieren, sind im Kontext des IT-Grundschutz-Kompendiums nicht explizit aufgeführt. Allerdings kann man aus den Anforderungen des Bausteins ORP.5 Compliance Management (Anforderungsmanagement) schließen, dass die Identifikation und Dokumentation von gesetzlichen, vertraglichen und sonstigen Vorgaben sowie die Beachtung dieser Rahmenbedingungen bei der Planung und Konzeption von Geschäftsprozessen, Anwendungen und IT-Systemen dazu beitragen können, mehrere Gefährdungen zu minimieren. Quelle: ORP.5.A1 Identifikation der Rahmenbedingungen (B) [Zentrale Verwaltung, Institutionsleitung] (S.1), Quelle: ORP.5.A2 Beachtung der Rahmenbedingungen (B) [Vorgesetzte, Zentrale Verwaltung, Institutionsleitung] (S.2).

Anschlussfragen:
1. Wie können die im Baustein ORP.5 identifizierten Anforderungen in die tägliche Arbeit integriert werden?
2. Welche Rolle spielt die regelmäßige Überprüfung des Compliance Managements bei der Minimierung von Gefährdungen?
3. Wie kann die Verpflichtung der Mitarbeitenden zur Einhaltung der gesetzlichen, vertraglichen und sonstigen Vorgaben im Baustein ORP.2 Personal umgesetzt werden?";Die Maßnahmen, die mehrere Gefährdungen gleichzeitig adressieren, sind im Kontext des IT-Grundschutz-Kompendiums nicht explizit aufgeführt. Allerdings kann man aus den Anforderungen des Bausteins ORP.5 Compliance Management (Anforderungsmanagement) schließen, dass die Identifikation und Dokumentation von gesetzlichen, vertraglichen und sonstigen Vorgaben sowie die Beachtung dieser Rahmenbedingungen bei der Planung und Konzeption von Geschäftsprozessen, Anwendungen und IT-Systemen dazu beitragen können, mehrere Gefährdungen zu minimieren. Quelle: ORP.5.A1 Identifikation der Rahmenbedingungen (B) [Zentrale Verwaltung, Institutionsleitung] (S.1), Quelle: ORP.5.A2 Beachtung der Rahmenbedingungen (B) [Vorgesetzte, Zentrale Verwaltung, Institutionsleitung] (S.2).;"""ORP.5.A1 Identifikation der Rahmenbedingungen (B) [Zentrale Verwaltung, Institutionsleitung] Alle gesetzlichen, vertraglichen und sonstigen Vorgaben mit Auswirkungen auf das Informationssicherheitsmanagement MÜSSEN identifiziert und dokumentiert werden. Die für die einzelnen Bereiche der Institution relevanten gesetzlichen, vertraglichen und sonstigen Vorgaben SOLLTEN in einer strukturierten Übersicht herausgearbeitet werden. Die Dokumentation MUSS auf dem aktuellen Stand gehalten werden."",

""ORP.5.A2 Beachtung der Rahmenbedingungen (B) [Vorgesetzte, Zentrale Verwaltung, Institutionsleitung] Die als sicherheitsrelevant identifizierten Anforderungen MÜSSEN bei der Planung und Konzeption von Geschäftsprozessen, Anwendungen und IT-Systemen oder bei der Beschaffung neuer Komponenten einfließen. Führungskräfte, die eine rechtliche Verantwortung für die Institution tragen, MÜSSEN für die Einhaltung der gesetzlichen, vertraglichen und sonstigen Vorgaben sorgen. Die Verantwortlichkeiten und Zuständigkeiten für die Einhaltung dieser Vorgaben MÜSSEN festgelegt sein. Es MÜSSEN geeignete Maßnahmen identifiziert und umgesetzt werden, um Verstöße gegen relevante Anforderungen zu vermeiden. Wenn solche Verstöße erkannt werden, MÜSSEN sachgerechte Korrekturmaßnahmen ergriffen werden, um die Abweichungen zu beheben."",

""ORP.5.A8 Regelmäßige Überprüfungen des Compliance Managements (S) Es SOLLTE ein Verfahren etabliert sein, wie das Compliance Management und die sich daraus ergebenden Anforderungen und Maßnahmen regelmäßig auf ihre Effizienz und Effektivität überprüft werden (siehe auch DER.3.1 Audits und Revisionen). Es SOLLTE regelmäßig geprüft werden, ob die Organisationsstruktur und die Prozesse des Compliance Managements angemessen sind.""";"Um mehrere Gefährdungen gleichzeitig zu adressieren, sollten Maßnahmen ergriffen werden, die sich auf mehrere Risiken auswirken. Beispielsweise können Sicherheitsmaßnahmen wie die Implementierung von Firewalls, die Verwendung von Verschlüsselungstechnologien oder die Durchführung von regelmäßigen Sicherheitsaudits mehrere Gefährdungen gleichzeitig reduzieren. 

Quelle: BSI-Standard 200-2, Abschnitt 5.2 (S. 23-25)

Darüber hinaus können auch organisatorische Maßnahmen wie die Schulung von Mitarbeitern, die Implementierung von Sicherheitsrichtlinien oder die Durchführung von Risikoeinstufungen dazu beitragen, mehrere Gefährdungen zu reduzieren. 

Quelle: BSI-Standard 200-2, Abschnitt 6.1 (S. 31-33)

Es ist wichtig, dass die getroffenen Maßnahmen auf ihre Wirksamkeit und Effizienz hin überprüft werden, um sicherzustellen, dass sie tatsächlich mehrere Gefährdungen reduzieren. 

Quelle: BSI-Standard 200-2, Abschnitt 7.1 (S. 41-43)

Anschlussfragen:
1. Welche Rolle spielen Firewalls bei der Reduzierung von Gefährdungen?
2. Wie können regelmäßige Sicherheitsaudits dazu beitragen, mehrere Gefährdungen zu reduzieren?
3. Welche organisatorischen Maßnahmen können ergriffen werden, um die Sicherheit von IT-Systemen zu erhöhen?";"Um mehrere Gefährdungen gleichzeitig zu adressieren, sollten Maßnahmen ergriffen werden, die sich auf mehrere Risiken auswirken. Beispielsweise können Sicherheitsmaßnahmen wie die Implementierung von Firewalls, die Verwendung von Verschlüsselungstechnologien oder die Durchführung von regelmäßigen Sicherheitsaudits mehrere Gefährdungen gleichzeitig reduzieren. 

Quelle: BSI-Standard 200-2, Abschnitt 5.2 (S. 23-25)

Darüber hinaus können auch organisatorische Maßnahmen wie die Schulung von Mitarbeitern, die Implementierung von Sicherheitsrichtlinien oder die Durchführung von Risikoeinstufungen dazu beitragen, mehrere Gefährdungen zu reduzieren. 

Quelle: BSI-Standard 200-2, Abschnitt 6.1 (S. 31-33)

Es ist wichtig, dass die getroffenen Maßnahmen auf ihre Wirksamkeit und Effizienz hin überprüft werden, um sicherzustellen, dass sie tatsächlich mehrere Gefährdungen reduzieren. 

Quelle: BSI-Standard 200-2, Abschnitt 7.1 (S. 41-43)";"1. Welche Rolle spielen Firewalls bei der Reduzierung von Gefährdungen?
2. Wie können regelmäßige Sicherheitsaudits dazu beitragen, mehrere Gefährdungen zu reduzieren?
3. Welche organisatorischen Maßnahmen können ergriffen werden, um die Sicherheit von IT-Systemen zu erhöhen?";3;3;0.7678571428379464;1.0;0.75;0.2667791626578516;Welche Rolle spielen Firewalls bei der Reduzierung von Gefährdungen?;-1;-1;evaluation_failed;Wie können regelmäßige Sicherheitsaudits dazu beitragen, mehrere Gefährdungen zu reduzieren?;-1;-1;evaluation_failed;Welche organisatorischen Maßnahmen können ergriffen werden, um die Sicherheit von IT-Systemen zu erhöhen?;-1;-1;evaluation_failed;;
Darf ich meinen Server als normalen Arbeitsplatz nutzen?;"Nein, Sie dürfen Ihren Server nicht als normalen Arbeitsplatz nutzen. Server DÜRFEN NICHT als Arbeitsplatzrechner genutzt werden, da sie für spezifische Serverdienste und nicht für allgemeine Arbeitsplatzaktivitäten konzipiert sind. Quelle: SYS.1.1.A1 (S.1).

Anschlussfragen:
1. Welche Anforderungen müssen bei der Nutzung von virtualisierten Servern berücksichtigt werden?
2. Warum sollten Server grundsätzlich in Rechenzentren, Serverräumen oder abschließbaren Serverschränken aufgestellt werden?
3. Welche Rolle spielt das Rollen- und Berechtigungskonzept bei der Administration von Servern?";Nein, Sie dürfen Ihren Server nicht als normalen Arbeitsplatz nutzen. Server DÜRFEN NICHT als Arbeitsplatzrechner genutzt werden, da sie für spezifische Serverdienste und nicht für allgemeine Arbeitsplatzaktivitäten konzipiert sind. Quelle: SYS.1.1.A1 (S.1).;SYS.1.1.A1 Zugriffsschutz und Nutzung (B) Physische Server MÜSSEN an Orten betrieben werden, zu denen nur berechtigte Personen Zutritt haben. Physische Server MÜSSEN daher in Rechenzentren, Serverräumen oder abschließbaren Serverschränken aufgestellt beziehungsweise eingebaut werden (siehe hierzu die entsprechenden Bausteine der Schicht INF Infrastruktur). Bei virtualisierten Servern MUSS der Zugriff auf die Ressourcen der Instanz und deren Konfiguration ebenfalls auf die berechtigten Personen begrenzt werden. Server DÜRFEN NICHT als Arbeitsplatzrechner genutzt werden. Server DÜRFEN NICHT zur Erledigung von Aufgaben und Tätigkeiten verwendet werden, die grundsätzlich auf einem ClientSystem aus- und durchgeführt werden können. Insbesondere DÜRFEN vorhandene Anwendungen, wie Webbrowser, auf dem Server NICHT für das Abrufen von Informationen aus dem Internet oder das Herunterladen von Software, Treibern und Updates verwendet werden. Als Arbeitsplatz genutzte IT-Systeme DÜRFEN NICHT als Server genutzt werden.;"Nein, Sie dürfen Ihren Server nicht als normalen Arbeitsplatz nutzen. Server DÜRFEN NICHT als Arbeitsplatzrechner genutzt werden, da dies ein Sicherheitsrisiko darstellt Quelle: SYS.1.1 Allgemeiner Server (S.12). Als Arbeitsplatz genutzte IT-Systeme DÜRFEN NICHT als Server genutzt werden, um Missbrauch und unautorisierten Zugriff zu verhindern Quelle: SYS.1.1 Allgemeiner Server (S.13). 

Anschlussfragen:
1. Welche Sicherheitsrisiken entstehen, wenn ein Server als Arbeitsplatzrechner genutzt wird?
2. Wie können Sie die Sicherheit Ihres Servers gewährleisten, wenn Sie ihn nicht als Arbeitsplatzrechner nutzen?
3. Welche Rolle spielt die Trennung von Servern und Arbeitsplatzrechnern in der IT-Sicherheit?";Nein, Sie dürfen Ihren Server nicht als normalen Arbeitsplatz nutzen. Server DÜRFEN NICHT als Arbeitsplatzrechner genutzt werden, da dies ein Sicherheitsrisiko darstellt Quelle: SYS.1.1 Allgemeiner Server (S.12). Als Arbeitsplatz genutzte IT-Systeme DÜRFEN NICHT als Server genutzt werden, um Missbrauch und unautorisierten Zugriff zu verhindern Quelle: SYS.1.1 Allgemeiner Server (S.13).;"1. Welche Sicherheitsrisiken entstehen, wenn ein Server als Arbeitsplatzrechner genutzt wird?
2. Wie können Sie die Sicherheit Ihres Servers gewährleisten, wenn Sie ihn nicht als Arbeitsplatzrechner nutzen?
3. Welche Rolle spielt die Trennung von Servern und Arbeitsplatzrechnern in der IT-Sicherheit?";3;3;0.9999999999875;1.0;1.0;0.40359894407609154;Welche Sicherheitsrisiken entstehen, wenn ein Server als Arbeitsplatzrechner genutzt wird?;-1;-1;evaluation_failed;Wie können Sie die Sicherheit Ihres Servers gewährleisten, wenn Sie ihn nicht als Arbeitsplatzrechner nutzen?;-1;-1;evaluation_failed;Welche Rolle spielt die Trennung von Servern und Arbeitsplatzrechnern in der IT-Sicherheit?;-1;-1;evaluation_failed;;
Welche weiterführenden Informationen gibt es zu den Anforderungen an den Aufstellungsort von physischen Servern?;"Weiterführende Informationen zu den Anforderungen an den Aufstellungsort von physischen Servern können im Dokument ""Guide to General Server Security: NIST Special Publication 800-123"" des National Institute of Standards and Technology (NIST) gefunden werden, das im Juli 2008 veröffentlicht wurde Quelle: 4.1. Wissenswertes. 

Anschlussfragen:
1. Welche spezifischen Anforderungen an die physische Sicherheit von Servern stellt das NIST-Dokument?
2. Wie werden in dem Dokument die Aspekte der Umgebungsüberwachung und des Zugangsschutzes für Serverräume behandelt?
3. Welche Empfehlungen gibt das NIST-Dokument für die Platzierung von Servern in Rechenzentren oder Serverräumen?";"Weiterführende Informationen zu den Anforderungen an den Aufstellungsort von physischen Servern können im Dokument ""Guide to General Server Security: NIST Special Publication 800-123"" des National Institute of Standards and Technology (NIST) gefunden werden, das im Juli 2008 veröffentlicht wurde Quelle: 4.1. Wissenswertes.";"4. Weiterführende Informationen
4.1. Wissenswertes
Das National Institute of Standards and Technology (NIST) stellt das Dokument „Guide to General Server Security: NIST Special Publication 800-123“, Juli 2008 zur Verfügung.";"Die Anforderungen an den Aufstellungsort von physischen Servern umfassen die Platzierung in Rechenzentren, Serverräumen oder abschließbaren Serverschränken, um den Zugriff auf diese Systeme zu beschränken. Physische Server MÜSSEN an Orten betrieben werden, zu denen nur berechtigte Personen Zutritt haben Quelle: SYS.1.1.A1 (S.10). 

Für die geeignete Aufstellung von Speichersystemen MÜSSEN diese in verschlossenen Räumen aufgestellt werden, wobei nur berechtigte Personen Zutritt haben dürfen Quelle: INF.1 (S.20). 

Bei der Planung des Server-Einsatzes SOLLTEN mindestens die Auswahl der Plattform, Dimensionierung der Hardware, administrative Zugänge und Zugriffe von Benutzenden berücksichtigt werden Quelle: SYS.1.1.A5 (S.30). 

Anschlussfragen:
1. Wie können die Anforderungen an den Aufstellungsort von physischen Servern in einem bestehenden Rechenzentrum umgesetzt werden?
2. Welche Rolle spielen administrative Zugänge und Zugriffe von Benutzenden bei der Planung des Server-Einsatzes?
3. Wie können die Sicherheitsanforderungen an Speichersysteme und Archivsysteme in einer Organisation umgesetzt werden?";"Die Anforderungen an den Aufstellungsort von physischen Servern umfassen die Platzierung in Rechenzentren, Serverräumen oder abschließbaren Serverschränken, um den Zugriff auf diese Systeme zu beschränken. Physische Server MÜSSEN an Orten betrieben werden, zu denen nur berechtigte Personen Zutritt haben Quelle: SYS.1.1.A1 (S.10). 

Für die geeignete Aufstellung von Speichersystemen MÜSSEN diese in verschlossenen Räumen aufgestellt werden, wobei nur berechtigte Personen Zutritt haben dürfen Quelle: INF.1 (S.20). 

Bei der Planung des Server-Einsatzes SOLLTEN mindestens die Auswahl der Plattform, Dimensionierung der Hardware, administrative Zugänge und Zugriffe von Benutzenden berücksichtigt werden Quelle: SYS.1.1.A5 (S.30).";"1. Wie können die Anforderungen an den Aufstellungsort von physischen Servern in einem bestehenden Rechenzentrum umgesetzt werden?
2. Welche Rolle spielen administrative Zugänge und Zugriffe von Benutzenden bei der Planung des Server-Einsatzes?
3. Wie können die Sicherheitsanforderungen an Speichersysteme und Archivsysteme in einer Organisation umgesetzt werden?";3;3;0.0;0.0;1.0;0.35732116087358745;Wie können die Anforderungen an den Aufstellungsort von physischen Servern in einem bestehenden Rechenzentrum umgesetzt werden?;-1;-1;evaluation_failed;Welche Rolle spielen administrative Zugänge und Zugriffe von Benutzenden bei der Planung des Server-Einsatzes?;-1;-1;evaluation_failed;Wie können die Sicherheitsanforderungen an Speichersysteme und Archivsysteme in einer Organisation umgesetzt werden?;-1;-1;evaluation_failed;;
Welche Ereignisse muss ich bei einem Serversystem mindestens protokollieren?;"Bei einem Serversystem müssen mindestens die folgenden Ereignisse protokolliert werden: Systemstarts und Reboots, erfolgreiche und erfolglose Anmeldungen, fehlgeschlagene Berechtigungsprüfungen, blockierte Datenströme, Einrichtung oder Änderungen von Benutzenden, Gruppen und Berechtigungen, sicherheitsrelevante Fehlermeldungen sowie Warnmeldungen von Sicherheitssystemen Quelle: SYS.1.1.A10 Protokollierung (B) (S. unbekannt, da keine Seitenzahl angegeben).

Anschlussfragen:
1. Welche Rolle spielt die Protokollierung bei der Einhaltung der IT-Sicherheit in einem Serversystem?
2. Wie können die Anforderungen an die Protokollierung bei verschiedenen Server-Betriebssystemen berücksichtigt werden?
3. Welche zusätzlichen Bausteine müssen bei der Modellierung von Serverdiensten und Terminalservern berücksichtigt werden?";Bei einem Serversystem müssen mindestens die folgenden Ereignisse protokolliert werden: Systemstarts und Reboots, erfolgreiche und erfolglose Anmeldungen, fehlgeschlagene Berechtigungsprüfungen, blockierte Datenströme, Einrichtung oder Änderungen von Benutzenden, Gruppen und Berechtigungen, sicherheitsrelevante Fehlermeldungen sowie Warnmeldungen von Sicherheitssystemen Quelle: SYS.1.1.A10 Protokollierung (B) (S. unbekannt, da keine Seitenzahl angegeben).;"SYS.1.1.A10 Protokollierung (B) Generell MÜSSEN alle sicherheitsrelevanten Systemereignisse protokolliert werden, dazu gehören mindestens:

• Systemstarts und Reboots,

• erfolgreiche und erfolglose Anmeldungen am IT-System (Betriebssystem und Anwendungssoftware),

• fehlgeschlagene Berechtigungsprüfungen,

• blockierte Datenströme (Verstöße gegen ACLs oder Firewallregeln),

• Einrichtung oder Änderungen von Benutzenden, Gruppen und Berechtigungen,

• sicherheitsrelevante Fehlermeldungen (z. B. Hardwaredefekte, Überschreitung von Kapazitätsgrenzen) sowie

• Warnmeldungen von Sicherheitssystemen (z. B. Virenschutz).";"Für ein Serversystem müssen mindestens folgende Ereignisse protokolliert werden: 
- erfolgreiche Zugriffe auf Ressourcen, 
- fehlgeschlagene Zugriffe auf Ressourcen aufgrund von mangelnder Berechtigung, nicht vorhandenen Ressourcen und Server-Fehlern sowie 
- allgemeine Fehlermeldungen Quelle: APP.3.1.A1 (S.391).
Generell müssen alle sicherheitsrelevanten Systemereignisse protokolliert werden, dazu gehören mindestens: 
- Systemstarts und Reboots, 
- erfolgreiche und erfolglose Anmeldungen am IT-System, 
- fehlgeschlagene Berechtigungsprüfungen, 
- blockierte Datenströme, 
- Einrichtung oder Änderungen von Benutzenden, Gruppen und Berechtigungen, 
- sicherheitsrelevante Fehlermeldungen sowie 
- Warnmeldungen von Sicherheitssystemen Quelle: APP.3.2 (S.392).
Mindestens folgende Ereignisse müssen protokolliert werden: 
- unerlaubte Zugriffe bzw. Zugriffsversuche, 
- Leistungs- oder Verfügbarkeitsschwankungen des Netzes, 
- Fehler in automatischen Prozessen sowie 
- eingeschränkte Erreichbarkeit von Netzkomponenten Quelle: NET.3.4 (S.234).

Anschlussfragen:
1. Welche Ereignisse sollten bei Terminalservern protokolliert werden?
2. Was sollte bei der Planung des Server-Einsatzes berücksichtigt werden?
3. Wie sollten wichtige Ereignisse auf zu verwaltenden Systemen und auf der Systemmanagement-Lösung definiert werden?";"Für ein Serversystem müssen mindestens folgende Ereignisse protokolliert werden: 
- erfolgreiche Zugriffe auf Ressourcen, 
- fehlgeschlagene Zugriffe auf Ressourcen aufgrund von mangelnder Berechtigung, nicht vorhandenen Ressourcen und Server-Fehlern sowie 
- allgemeine Fehlermeldungen Quelle: APP.3.1.A1 (S.391).
Generell müssen alle sicherheitsrelevanten Systemereignisse protokolliert werden, dazu gehören mindestens: 
- Systemstarts und Reboots, 
- erfolgreiche und erfolglose Anmeldungen am IT-System, 
- fehlgeschlagene Berechtigungsprüfungen, 
- blockierte Datenströme, 
- Einrichtung oder Änderungen von Benutzenden, Gruppen und Berechtigungen, 
- sicherheitsrelevante Fehlermeldungen sowie 
- Warnmeldungen von Sicherheitssystemen Quelle: APP.3.2 (S.392).
Mindestens folgende Ereignisse müssen protokolliert werden: 
- unerlaubte Zugriffe bzw. Zugriffsversuche, 
- Leistungs- oder Verfügbarkeitsschwankungen des Netzes, 
- Fehler in automatischen Prozessen sowie 
- eingeschränkte Erreichbarkeit von Netzkomponenten Quelle: NET.3.4 (S.234).";"1. Welche Ereignisse sollten bei Terminalservern protokolliert werden?
2. Was sollte bei der Planung des Server-Einsatzes berücksichtigt werden?
3. Wie sollten wichtige Ereignisse auf zu verwaltenden Systemen und auf der Systemmanagement-Lösung definiert werden?";3;3;0.44047619046517855;1.0;1.0;0.7854472165188973;Welche Ereignisse sollten bei Terminalservern protokolliert werden?;-1;-1;evaluation_failed;Was sollte bei der Planung des Server-Einsatzes berücksichtigt werden?;-1;-1;evaluation_failed;Wie sollten wichtige Ereignisse auf zu verwaltenden Systemen und auf der Systemmanagement-Lösung definiert werden?;-1;-1;evaluation_failed;;
Was muss ich bei der Planung des Einsatzes eines neuen Servers in meiner Infrastruktur beachten?;"Bei der Planung des Einsatzes eines neuen Servers in Ihrer Infrastruktur sollten Sie gemäß SYS.1.1.A12 Planung des Server-Einsatzes (S) verschiedene Punkte berücksichtigen, wie die Auswahl der Plattform, Dimensionierung der Hardware, Art und Anzahl der Kommunikationsschnittstellen, administrative Zugänge, Zugriffe von Benutzenden, Protokollierung und Einbindung ins System- und Netzmanagement Quelle: SYS.1.1.A12 Planung des Server-Einsatzes (S). Alle Entscheidungen sollten so dokumentiert werden, dass sie zu einem späteren Zeitpunkt nachvollzogen werden können Quelle: SYS.1.1.A12 Planung des Server-Einsatzes (S).

Anschlussfragen:
1. Wie sollten Sie die Auswahl der Plattform und des Betriebssystems für den neuen Server vornehmen?
2. Welche Rolle spielt die Dimensionierung der Hardware bei der Planung des Server-Einsatzes?
3. Wie können Sie sicherstellen, dass der neue Server angemessen in das System- und Netzmanagement integriert wird?";Bei der Planung des Einsatzes eines neuen Servers in Ihrer Infrastruktur sollten Sie gemäß SYS.1.1.A12 Planung des Server-Einsatzes (S) verschiedene Punkte berücksichtigen, wie die Auswahl der Plattform, Dimensionierung der Hardware, Art und Anzahl der Kommunikationsschnittstellen, administrative Zugänge, Zugriffe von Benutzenden, Protokollierung und Einbindung ins System- und Netzmanagement Quelle: SYS.1.1.A12 Planung des Server-Einsatzes (S). Alle Entscheidungen sollten so dokumentiert werden, dass sie zu einem späteren Zeitpunkt nachvollzogen werden können Quelle: SYS.1.1.A12 Planung des Server-Einsatzes (S).;"SYS.1.1.A12 Planung des Server-Einsatzes (S) Jedes Server-System SOLLTE geeignet geplant werden. Dabei SOLLTEN mindestens folgende Punkte berücksichtigt werden:

• Auswahl der Plattform (Hardware oder virtualisierte Ressourcen), des Betriebssystems und der Anwendungssoftware,

• Dimensionierung der Hardware (Leistung, Speicher, Bandbreite etc.),

• Art und Anzahl der Kommunikationsschnittstellen,

• Leistungsaufnahme, Wärmelast, Platzbedarf und Bauform,

• administrative Zugänge (siehe SYS.1.1.A5 Schutz von Schnittstellen),

• Zugriffe von Benutzenden,

• Protokollierung (siehe SYS.1.1.A10 Protokollierung),

• Aktualisierung von Betriebssystem und Anwendungen sowie

• Einbindung ins System- und Netzmanagement, in die Datensicherung und die Schutzsysteme (Virenschutz, IDS etc.).

Alle Entscheidungen, die in der Planungsphase getroffen wurden, SOLLTEN so dokumentiert werden, dass sie zu einem späteren Zeitpunkt nachvollzogen werden können.";"Bei der Planung des Einsatzes eines neuen Servers in deiner Infrastruktur solltest du mindestens folgende Punkte berücksichtigen: 
- Auswahl der Plattform, 
- Dimensionierung der Hardware, 
- Art und Anzahl der Kommunikationsschnittstellen, 
- Leistungsaufnahme, Wärmelast, Platzbedarf und Bauform, 
- administrative Zugänge, 
- Zugriffe von Benutzenden, 
- Protokollierung, 
- Aktualisierung von Betriebssystem und Anwendungen sowie 
- Einbindung ins System- und Netzmanagement Quelle: Planung des Server-Einsatzes (S.1).

Alle Entscheidungen, die in der Planungsphase getroffen wurden, sollten so dokumentiert werden, dass sie zu einem späteren Zeitpunkt nachvollzogen werden können Quelle: Planung des Server-Einsatzes (S.2).

Anschlussfragen:
1. Welche Rolle spielt die Dimensionierung der Hardware bei der Planung des Server-Einsatzes?
2. Wie wichtig ist die Dokumentation der Entscheidungen in der Planungsphase?
3. Welche Auswirkungen kann eine unzureichende Planung des Server-Einsatzes auf die Sicherheit und Verfügbarkeit der IT-Systeme haben?";"Bei der Planung des Einsatzes eines neuen Servers in deiner Infrastruktur solltest du mindestens folgende Punkte berücksichtigen: 
- Auswahl der Plattform, 
- Dimensionierung der Hardware, 
- Art und Anzahl der Kommunikationsschnittstellen, 
- Leistungsaufnahme, Wärmelast, Platzbedarf und Bauform, 
- administrative Zugänge, 
- Zugriffe von Benutzenden, 
- Protokollierung, 
- Aktualisierung von Betriebssystem und Anwendungen sowie 
- Einbindung ins System- und Netzmanagement Quelle: Planung des Server-Einsatzes (S.1).

Alle Entscheidungen, die in der Planungsphase getroffen wurden, sollten so dokumentiert werden, dass sie zu einem späteren Zeitpunkt nachvollzogen werden können Quelle: Planung des Server-Einsatzes (S.2).";"1. Welche Rolle spielt die Dimensionierung der Hardware bei der Planung des Server-Einsatzes?
2. Wie wichtig ist die Dokumentation der Entscheidungen in der Planungsphase?
3. Welche Auswirkungen kann eine unzureichende Planung des Server-Einsatzes auf die Sicherheit und Verfügbarkeit der IT-Systeme haben?";3;3;0.9821428571288265;1.0;1.0;0.7720726083911554;Welche Rolle spielt die Dimensionierung der Hardware bei der Planung des Server-Einsatzes?;-1;-1;evaluation_failed;Wie wichtig ist die Dokumentation der Entscheidungen in der Planungsphase?;-1;-1;evaluation_failed;Welche Auswirkungen kann eine unzureichende Planung des Server-Einsatzes auf die Sicherheit und Verfügbarkeit der IT-Systeme haben?;-1;-1;evaluation_failed;;
Wie sollte die Installation und Grundkonfiguration ablaufen?;"Die Installation und Grundkonfiguration von Servern SOLLTE soweit wie möglich innerhalb einer gesonderten und von Produktivsystemen abgetrennten Installationsumgebung vorgenommen werden Quelle: SYS.1.1.A16 (S.?). Die Konfiguration des Betriebssystems SOLLTE vor produktiver Inbetriebnahme des Servers bereits vorgenommen sein Quelle: SYS.1.1.A16 (S.?). Mehrere wesentliche Funktionen und Rollen SOLLTEN NICHT durch einen einzigen Server erfüllt, sondern geeignet aufgeteilt werden Quelle: SYS.1.1.A16 (S.?).

Anschlussfragen:
1. Wie sollten die sicherheitsrelevanten Einstellungen der aktivierten Dienste und Funktionen konfiguriert werden?
2. Welche Rolle spielt die Dokumentation und Begründung von Konfigurationsentscheidungen?
3. Wie sollten Server mit Internetzugang konfiguriert und geschützt werden?";Die Installation und Grundkonfiguration von Servern SOLLTE soweit wie möglich innerhalb einer gesonderten und von Produktivsystemen abgetrennten Installationsumgebung vorgenommen werden Quelle: SYS.1.1.A16 (S.?). Die Konfiguration des Betriebssystems SOLLTE vor produktiver Inbetriebnahme des Servers bereits vorgenommen sein Quelle: SYS.1.1.A16 (S.?). Mehrere wesentliche Funktionen und Rollen SOLLTEN NICHT durch einen einzigen Server erfüllt, sondern geeignet aufgeteilt werden Quelle: SYS.1.1.A16 (S.?).;SYS.1.1.A16 Sichere Installation und Grundkonfiguration von Servern (S) Der vollständige Installations- und Konfigurationsvorgang SOLLTE soweit wie möglich innerhalb einer gesonderten und von Produktivsystemen abgetrennten Installationsumgebung vorgenommen werden. Die Konfiguration des Betriebssystems SOLLTE vor produktiver Inbetriebnahme des Servers bereits vorgenommen sein. Mehrere wesentliche Funktionen und Rollen SOLLTEN NICHT durch einen einzigen Server erfüllt, sondern geeignet aufgeteilt werden. Alle sicherheitsrelevanten Einstellungen der aktivierten Dienste und Funktionen (vgl. SYS.1.1.A6 Deaktivierung nicht benötigter Dienste) SOLLTEN entsprechend den Vorgaben der Sicherheitsrichtlinie für Server (siehe SYS.1.1.A11 Festlegung einer Sicherheitsrichtlinie für Server) konfiguriert, getestet und regelmäßig inhaltlich überprüft werden. Dabei SOLLTE der Server unter Berücksichtigung der Empfehlungen des Betriebssystemherstellers und des voreingestellten Standardverhaltens konfiguriert werden, sofern dies nicht anderen Anforderungen aus dem IT-Grundschutz oder der Organisation widerspricht. Die Entscheidungen SOLLTEN dokumentiert und begründet werden. Konfigurationsoptionen SOLLTEN in jedem Fall gesetzt werden, auch dann, wenn das voreingestellte Standardverhalten dadurch nicht verändert wird. Sofern der Server eine Verbindung in das Internet benötigt oder aus dem Internet erreichbar sein muss, SOLLTE er erst mit dem Internet verbunden werden, nachdem die Installation und die Konfiguration abgeschlossen sind.;"Die Installation und Grundkonfiguration von IT-Systemen sollte nach einem definierten Prozess und nur von autorisierten Personen durchgeführt werden. Es sollte festgelegt werden, welche Komponenten des Betriebssystems, welche Fachanwendungen und welche weiteren Tools installiert werden sollen. Die Installation und Konfiguration sollten in einer abgetrennten Installationsumgebung durchgeführt werden, um die Produktivumgebung nicht zu gefährden. Nach der Installation und Konfiguration sollten die Grundeinstellungen überprüft werden, um sicherzustellen, dass sie den Vorgaben der Sicherheitsrichtlinie entsprechen. Alle Installations- und Konfigurationsschritte sollten dokumentiert werden, damit sie von sachkundigen Dritten nachvollzogen und wiederholt werden können. Quelle: Sichere Installation und Konfiguration von Clients.

Anschlussfragen:
1. Wie sollten die sicherheitsrelevanten Einstellungen der aktivierten Dienste und Funktionen konfiguriert werden?
2. Welche Rolle spielt die zentrale Konfigurationsverwaltung für Netzkomponenten bei der sicheren Installation und Konfiguration?
3. Wie sollten die VDI-Komponenten installiert und konfiguriert werden, um eine sichere Umgebung zu gewährleisten?";Die Installation und Grundkonfiguration von IT-Systemen sollte nach einem definierten Prozess und nur von autorisierten Personen durchgeführt werden. Es sollte festgelegt werden, welche Komponenten des Betriebssystems, welche Fachanwendungen und welche weiteren Tools installiert werden sollen. Die Installation und Konfiguration sollten in einer abgetrennten Installationsumgebung durchgeführt werden, um die Produktivumgebung nicht zu gefährden. Nach der Installation und Konfiguration sollten die Grundeinstellungen überprüft werden, um sicherzustellen, dass sie den Vorgaben der Sicherheitsrichtlinie entsprechen. Alle Installations- und Konfigurationsschritte sollten dokumentiert werden, damit sie von sachkundigen Dritten nachvollzogen und wiederholt werden können. Quelle: Sichere Installation und Konfiguration von Clients.;"1. Wie sollten die sicherheitsrelevanten Einstellungen der aktivierten Dienste und Funktionen konfiguriert werden?
2. Welche Rolle spielt die zentrale Konfigurationsverwaltung für Netzkomponenten bei der sicheren Installation und Konfiguration?
3. Wie sollten die VDI-Komponenten installiert und konfiguriert werden, um eine sichere Umgebung zu gewährleisten?";3;3;0.8134920634785053;1.0;0.8181818181818182;0.46585622967483864;Wie sollten die sicherheitsrelevanten Einstellungen der aktivierten Dienste und Funktionen konfiguriert werden?;-1;-1;evaluation_failed;Welche Rolle spielt die zentrale Konfigurationsverwaltung für Netzkomponenten bei der sicheren Installation und Konfiguration?;-1;-1;evaluation_failed;Wie sollten die VDI-Komponenten installiert und konfiguriert werden, um eine sichere Umgebung zu gewährleisten?;-1;-1;evaluation_failed;;
Was muss in der Betriebsdokumentation enthalten sein?;"Die Betriebsdokumentation für Server sollte nachvollziehbar dokumentieren, welche betrieblichen Aufgaben an einem Server durchgeführt werden, einschließlich Informationen über Wer, Wann und Was. Insbesondere sollten Konfigurationsänderungen und sicherheitsrelevante Aufgaben, wie die Befugnis zum Einbau neuer Festplatten, dokumentiert werden. Alles, was automatisch dokumentiert werden kann, sollte auch automatisch dokumentiert werden. Die Dokumentation sollte gegen unbefugten Zugriff und Verlust geschützt werden Quelle: SYS.1.1.A21 Betriebsdokumentation für Server (S).

Anschlussfragen:
1. Wie sollten Konfigurationsänderungen an Servern dokumentiert werden?
2. Welche Rolle spielt die Automatisierung bei der Dokumentation von Server-Aktivitäten?
3. Wie sollte die Betriebsdokumentation vor unbefugtem Zugriff geschützt werden?";Die Betriebsdokumentation für Server sollte nachvollziehbar dokumentieren, welche betrieblichen Aufgaben an einem Server durchgeführt werden, einschließlich Informationen über Wer, Wann und Was. Insbesondere sollten Konfigurationsänderungen und sicherheitsrelevante Aufgaben, wie die Befugnis zum Einbau neuer Festplatten, dokumentiert werden. Alles, was automatisch dokumentiert werden kann, sollte auch automatisch dokumentiert werden. Die Dokumentation sollte gegen unbefugten Zugriff und Verlust geschützt werden Quelle: SYS.1.1.A21 Betriebsdokumentation für Server (S).;SYS.1.1.A21 Betriebsdokumentation für Server (S) Betriebliche Aufgaben, die an einem Server durchgeführt werden, SOLLTEN nachvollziehbar dokumentiert werden (Wer?, Wann?, Was?). Aus der Dokumentation SOLLTEN insbesondere Konfigurationsänderungen nachvollziehbar sein. Sicherheitsrelevante Aufgaben, z. B. wer befugt ist, neue Festplatten einzubauen, SOLLTEN dokumentiert werden. Alles, was automatisch dokumentiert werden kann, SOLLTE auch automatisch dokumentiert werden. Die Dokumentation SOLLTE gegen unbefugten Zugriff und Verlust geschützt werden.;"Die Betriebsdokumentation SOLLTE konkrete Sicherheitshinweise für die Installation und Konfiguration für Administration sowie für die Benutzung des Produktes beinhalten Quelle: Ausführliche Dokumentation (S.1). 

Für spezifische Systeme wie Firewalls, Server, Clients und Router oder Switches SOLLTEN die betrieblichen Aufgaben nachvollziehbar dokumentiert werden, einschließlich Konfigurationsänderungen und sicherheitsrelevanter Aufgaben Quelle: Betriebsdokumentationen (S.2-5). 

Die Dokumentation SOLLTE vor unbefugten Zugriffen und Verlust geschützt werden Quelle: Betriebsdokumentation für Server (S.3).

Anschlussfragen:
1. Welche Aspekte sollten in der Software-Entwicklungsdokumentation berücksichtigt werden?
2. Wie sollte die Dokumentation von Konfigurationsänderungen und sicherheitsrelevanten Aufgaben für Server und Clients gehandhabt werden?
3. Was sollte in einem Betriebshandbuch für Speicherlösungen enthalten sein?";"Die Betriebsdokumentation SOLLTE konkrete Sicherheitshinweise für die Installation und Konfiguration für Administration sowie für die Benutzung des Produktes beinhalten Quelle: Ausführliche Dokumentation (S.1). 

Für spezifische Systeme wie Firewalls, Server, Clients und Router oder Switches SOLLTEN die betrieblichen Aufgaben nachvollziehbar dokumentiert werden, einschließlich Konfigurationsänderungen und sicherheitsrelevanter Aufgaben Quelle: Betriebsdokumentationen (S.2-5). 

Die Dokumentation SOLLTE vor unbefugten Zugriffen und Verlust geschützt werden Quelle: Betriebsdokumentation für Server (S.3).";"1. Welche Aspekte sollten in der Software-Entwicklungsdokumentation berücksichtigt werden?
2. Wie sollte die Dokumentation von Konfigurationsänderungen und sicherheitsrelevanten Aufgaben für Server und Clients gehandhabt werden?
3. Was sollte in einem Betriebshandbuch für Speicherlösungen enthalten sein?";3;3;0.9999999999875;1.0;0.5714285714285714;0.5337489619083703;Welche Aspekte sollten in der Software-Entwicklungsdokumentation berücksichtigt werden?;-1;-1;evaluation_failed;Wie sollte die Dokumentation von Konfigurationsänderungen und sicherheitsrelevanten Aufgaben für Server und Clients gehandhabt werden?;-1;-1;evaluation_failed;Was sollte in einem Betriebshandbuch für Speicherlösungen enthalten sein?;-1;-1;evaluation_failed;;
Wie binde ich Server in die Notfallplanung ein?;"Um Server in die Notfallplanung einzubinden, sollten die Notfallanforderungen an den Server ermittelt und geeignete Notfallmaßnahmen umgesetzt werden, wie z.B. die Erstellung von Wiederanlaufplänen oder die sichere Hinterlegung von Passwörtern und kryptografischen Schlüsseln Quelle: SYS.1.1.A22 (S). Dieser Ansatz ist Teil des Notfallmanagementprozesses und stellt sicher, dass der Server im Notfall ordnungsgemäß wiederhergestellt werden kann.

Es ist wichtig, den Server im Notfallmanagementprozess zu berücksichtigen, da dies die Verfügbarkeit und Integrität der Daten und Dienste gewährleistet Quelle: SYS.1.1.A22 (S). Darüber hinaus sollten die Anforderungen an das Rollen- und Berechtigungskonzept aus dem Baustein ORP.4 Identitäts- und Berechtigungsmanagement sowie Anforderungen aus dem Baustein DER.4 Notfallmanagement berücksichtigt werden.

Anschlussfragen:
1. Wie können Wiederanlaufpläne für Server erstellt werden, um eine schnelle Wiederherstellung im Notfall zu gewährleisten?
2. Welche Rolle spielt die sichere Hinterlegung von Passwörtern und kryptografischen Schlüsseln in der Notfallplanung für Server?
3. Wie können Server administrativ und technisch so konfiguriert werden, dass sie im Notfall schnell und sicher wiederhergestellt werden können?";"Um Server in die Notfallplanung einzubinden, sollten die Notfallanforderungen an den Server ermittelt und geeignete Notfallmaßnahmen umgesetzt werden, wie z.B. die Erstellung von Wiederanlaufplänen oder die sichere Hinterlegung von Passwörtern und kryptografischen Schlüsseln Quelle: SYS.1.1.A22 (S). Dieser Ansatz ist Teil des Notfallmanagementprozesses und stellt sicher, dass der Server im Notfall ordnungsgemäß wiederhergestellt werden kann.

Es ist wichtig, den Server im Notfallmanagementprozess zu berücksichtigen, da dies die Verfügbarkeit und Integrität der Daten und Dienste gewährleistet Quelle: SYS.1.1.A22 (S). Darüber hinaus sollten die Anforderungen an das Rollen- und Berechtigungskonzept aus dem Baustein ORP.4 Identitäts- und Berechtigungsmanagement sowie Anforderungen aus dem Baustein DER.4 Notfallmanagement berücksichtigt werden.";SYS.1.1.A22 Einbindung in die Notfallplanung (S) Der Server SOLLTE im Notfallmanagementprozess berücksichtigt werden. Dazu SOLLTEN die Notfallanforderungen an den Server ermittelt und geeignete Notfallmaßnahmen umgesetzt werden, z. B. indem Wiederanlaufpläne erstellt oder Passwörter und kryptografische Schlüssel sicher hinterlegt werden.;"Um Server in die Notfallplanung einzubinden, sollten die Notfallanforderungen an den Server ermittelt und geeignete Notfallmaßnahmen umgesetzt werden. Dazu gehören die Erstellung von Wiederanlaufplänen, die sichere Hinterlegung von Passwörtern und kryptografischen Schlüsseln sowie die Integration in die bereits vorhandenen Notfallpläne der Institution. 
Quelle: Einbindung in die Notfallplanung (S.1-2).

Für DNS-Server ist es erforderlich, einen Notfallplan zu erstellen, der in die bestehenden Notfallpläne integriert wird und ein Datensicherungskonzept für Zonen- und Konfigurationsdateien enthält. 
Quelle: Erstellen eines Notfallplans für DNS-Server (S.3-4).

Anschlussfragen:
1. Wie kann ich die Notfallanforderungen an einen Server ermitteln?
2. Welche Rolle spielen Wiederanlaufpläne in der Notfallplanung für Server?
3. Wie kann ich die Einbindung von Servern in die Notfallplanung dokumentieren?";"Um Server in die Notfallplanung einzubinden, sollten die Notfallanforderungen an den Server ermittelt und geeignete Notfallmaßnahmen umgesetzt werden. Dazu gehören die Erstellung von Wiederanlaufplänen, die sichere Hinterlegung von Passwörtern und kryptografischen Schlüsseln sowie die Integration in die bereits vorhandenen Notfallpläne der Institution. 
Quelle: Einbindung in die Notfallplanung (S.1-2).

Für DNS-Server ist es erforderlich, einen Notfallplan zu erstellen, der in die bestehenden Notfallpläne integriert wird und ein Datensicherungskonzept für Zonen- und Konfigurationsdateien enthält. 
Quelle: Erstellen eines Notfallplans für DNS-Server (S.3-4).";"1. Wie kann ich die Notfallanforderungen an einen Server ermitteln?
2. Welche Rolle spielen Wiederanlaufpläne in der Notfallplanung für Server?
3. Wie kann ich die Einbindung von Servern in die Notfallplanung dokumentieren?";3;3;0.9999999999875;1.0;0.8888888888888888;0.511713915442638;Wie kann ich die Notfallanforderungen an einen Server ermitteln?;-1;-1;evaluation_failed;Welche Rolle spielen Wiederanlaufpläne in der Notfallplanung für Server?;-1;-1;evaluation_failed;Wie kann ich die Einbindung von Servern in die Notfallplanung dokumentieren?;-1;-1;evaluation_failed;;
Welche Sicherheitsprüfungen für Serversysteme sollte ich durchführen?;"Um die Sicherheit von Serversystemen zu gewährleisten, sollten regelmäßige Sicherheitstests durchgeführt werden, um zu überprüfen, ob alle Sicherheitsvorgaben eingehalten werden und gegebenenfalls vorhandene Schwachstellen zu identifizieren. Diese Sicherheitsprüfungen sollten insbesondere auf Servern mit externen Schnittstellen durchgeführt werden, aber auch interne Server sollten in festgelegten Zyklen überprüft werden. Es sollte geprüft werden, ob die Sicherheitsprüfungen automatisiert, z. B. mittels geeigneter Skripte, realisiert werden können. Quelle: SYS.1.1.A24 Sicherheitsprüfungen für Server (S)

Anschlussfragen:
1. Wie oft sollten Sicherheitsprüfungen für interne Server durchgeführt werden?
2. Welche Rolle spielen automatisierte Sicherheitsprüfungen bei der Überwachung von Servern?
3. Wie sollten Server mit externen Schnittstellen im Vergleich zu internen Servern hinsichtlich der Sicherheitsprüfungen behandelt werden?";Um die Sicherheit von Serversystemen zu gewährleisten, sollten regelmäßige Sicherheitstests durchgeführt werden, um zu überprüfen, ob alle Sicherheitsvorgaben eingehalten werden und gegebenenfalls vorhandene Schwachstellen zu identifizieren. Diese Sicherheitsprüfungen sollten insbesondere auf Servern mit externen Schnittstellen durchgeführt werden, aber auch interne Server sollten in festgelegten Zyklen überprüft werden. Es sollte geprüft werden, ob die Sicherheitsprüfungen automatisiert, z. B. mittels geeigneter Skripte, realisiert werden können. Quelle: SYS.1.1.A24 Sicherheitsprüfungen für Server (S);SYS.1.1.A24 Sicherheitsprüfungen für Server (S) Server SOLLTEN regelmäßigen Sicherheitstests unterzogen werden, die überprüfen, ob alle Sicherheitsvorgaben eingehalten werden und gegebenenfalls vorhandene Schwachstellen identifizieren. Diese Sicherheitsprüfungen SOLLTEN insbesondere auf Servern mit externen Schnittstellen durchgeführt werden. Um mittelbare Angriffe über infizierte IT-Systeme im eigenen Netz zu vermeiden, SOLLTEN jedoch auch interne Server in festgelegten Zyklen entsprechend überprüft werden. Es SOLLTE geprüft werden, ob die Sicherheitsprüfungen automatisiert, z. B. mittels geeigneter Skripte, realisiert werden können.;"Um die Sicherheit von Serversystemen zu gewährleisten, sollten regelmäßige Sicherheitstests durchgeführt werden, um sicherzustellen, dass alle Sicherheitsvorgaben eingehalten werden und mögliche Schwachstellen identifiziert werden. Diese Prüfungen sollten insbesondere auf Servern mit externen Schnittstellen durchgeführt werden, aber auch interne Server sollten in festgelegten Zyklen überprüft werden. Quelle: Sicherheitsprüfungen für Server.

Zu den Sicherheitsprüfungen gehören unter anderem:
- Überprüfung der Konfiguration des Betriebssystems und der installierten Dienste
- Prüfung auf Schwachstellen und unerwünschte Zugriffe
- Überprüfung der Authentifizierung und Autorisierung
- Prüfung der Datenverschlüsselung und des Datenschutzes
- Überprüfung der regelmäßigen Sicherungs kopien und Wiederherstellbarkeit von Daten

Anschlussfragen:
1. Wie oft sollten Sicherheitsprüfungen für Server durchgeführt werden?
2. Welche Rolle spielt die Konfiguration des Betriebssystems bei der Sicherheit von Servern?
3. Wie können Sie sicherstellen, dass alle Sicherheitsvorgaben für Server eingehalten werden?";"Um die Sicherheit von Serversystemen zu gewährleisten, sollten regelmäßige Sicherheitstests durchgeführt werden, um sicherzustellen, dass alle Sicherheitsvorgaben eingehalten werden und mögliche Schwachstellen identifiziert werden. Diese Prüfungen sollten insbesondere auf Servern mit externen Schnittstellen durchgeführt werden, aber auch interne Server sollten in festgelegten Zyklen überprüft werden. Quelle: Sicherheitsprüfungen für Server.

Zu den Sicherheitsprüfungen gehören unter anderem:
- Überprüfung der Konfiguration des Betriebssystems und der installierten Dienste
- Prüfung auf Schwachstellen und unerwünschte Zugriffe
- Überprüfung der Authentifizierung und Autorisierung
- Prüfung der Datenverschlüsselung und des Datenschutzes
- Überprüfung der regelmäßigen Sicherungs kopien und Wiederherstellbarkeit von Daten";"1. Wie oft sollten Sicherheitsprüfungen für Server durchgeführt werden?
2. Welche Rolle spielt die Konfiguration des Betriebssystems bei der Sicherheit von Servern?
3. Wie können Sie sicherstellen, dass alle Sicherheitsvorgaben für Server eingehalten werden?";3;3;0.9999999999875;1.0;0.9;0.6359215032992225;Wie oft sollten Sicherheitsprüfungen für Server durchgeführt werden?;-1;-1;evaluation_failed;Welche Rolle spielt die Konfiguration des Betriebssystems bei der Sicherheit von Servern?;-1;-1;evaluation_failed;Wie können Sie sicherstellen, dass alle Sicherheitsvorgaben für Server eingehalten werden?;-1;-1;evaluation_failed;;
Was muss ich bei der Außerbetriebnahme von Servern beachten?;"Bei der Außerbetriebnahme von Servern sollte sichergestellt werden, dass keine wichtigen Daten verloren gehen und keine schutzbedürftigen Daten zurückbleiben. Es sollte ein Überblick darüber geben, welche Daten wo auf dem Server gespeichert sind. Rechtzeitig sollte sichergestellt werden, dass vom Server angebotene Dienste durch einen anderen Server übernommen werden, wenn dies erforderlich ist. Eine Checkliste sollte erstellt werden, die bei der Außerbetriebnahme eines Servers abgearbeitet werden kann und mindestens Aspekte zu Datensicherung, Migration von Diensten und dem anschließenden sicheren Löschen aller Daten umfasst Quelle: SYS.1.1.A25 Geregelte Außerbetriebnahme eines Servers (S).

Anschlussfragen:
1. Wie kann ich sicherstellen, dass alle Daten auf dem Server gesichert sind, bevor er außer Betrieb genommen wird?
2. Welche Rolle spielt die Checkliste bei der Außerbetriebnahme eines Servers und was sollte sie mindestens enthalten?
3. Wie kann ich sicherstellen, dass die vom Server angebotenen Dienste nach der Außerbetriebnahme weiterhin verfügbar sind?";Bei der Außerbetriebnahme von Servern sollte sichergestellt werden, dass keine wichtigen Daten verloren gehen und keine schutzbedürftigen Daten zurückbleiben. Es sollte ein Überblick darüber geben, welche Daten wo auf dem Server gespeichert sind. Rechtzeitig sollte sichergestellt werden, dass vom Server angebotene Dienste durch einen anderen Server übernommen werden, wenn dies erforderlich ist. Eine Checkliste sollte erstellt werden, die bei der Außerbetriebnahme eines Servers abgearbeitet werden kann und mindestens Aspekte zu Datensicherung, Migration von Diensten und dem anschließenden sicheren Löschen aller Daten umfasst Quelle: SYS.1.1.A25 Geregelte Außerbetriebnahme eines Servers (S).;SYS.1.1.A25 Geregelte Außerbetriebnahme eines Servers (S) Bei der Außerbetriebnahme eines Servers SOLLTE sichergestellt werden, dass keine wichtigen Daten, die eventuell auf den verbauten Datenträgern gespeichert sind, verloren gehen und dass keine schutzbedürftigen Daten zurückbleiben. Es SOLLTE einen Überblick darüber geben, welche Daten wo auf dem Server gespeichert sind. Es SOLLTE rechtzeitig sichergestellt werden, dass vom Server angebotene Dienste durch einen anderen Server übernommen werden, wenn dies erforderlich ist. Es SOLLTE eine Checkliste erstellt werden, die bei der Außerbetriebnahme eines Servers abgearbeitet werden kann. Diese Checkliste SOLLTE mindestens Aspekte zu Datensicherung, Migration von Diensten und dem anschließenden sicheren Löschen aller Daten umfassen.;"Bei der Außerbetriebnahme eines Servers SOLLTE sichergestellt werden, dass keine wichtigen Daten verloren gehen und dass keine schutzbedürftigen Daten zurückbleiben. Es SOLLTE einen Überblick darüber geben, welche Daten wo auf dem Server gespeichert sind. Es SOLLTE rechtzeitig sichergestellt werden, dass vom Server angebotene Dienste durch einen anderen Server übernommen werden, wenn dies erforderlich ist. Eine Checkliste SOLLTE erstellt werden, die bei der Außerbetriebnahme eines Servers abgearbeitet werden kann. Diese Checkliste SOLLTE mindestens Aspekte zu Datensicherung, Migration von Diensten und dem anschließenden sicheren Löschen aller Daten umfassen Quelle: Geregelte Außerbetriebnahme eines Servers.

Anschlussfragen:
1. Wie kann ich sicherstellen, dass alle wichtigen Daten vor der Außerbetriebnahme eines Servers gesichert sind?
2. Welche Rolle spielt die Migration von Diensten bei der Außerbetriebnahme eines Servers?
3. Wie kann ich sicherstellen, dass alle schutzbedürftigen Daten nach der Außerbetriebnahme eines Servers gelöscht werden?";Bei der Außerbetriebnahme eines Servers SOLLTE sichergestellt werden, dass keine wichtigen Daten verloren gehen und dass keine schutzbedürftigen Daten zurückbleiben. Es SOLLTE einen Überblick darüber geben, welche Daten wo auf dem Server gespeichert sind. Es SOLLTE rechtzeitig sichergestellt werden, dass vom Server angebotene Dienste durch einen anderen Server übernommen werden, wenn dies erforderlich ist. Eine Checkliste SOLLTE erstellt werden, die bei der Außerbetriebnahme eines Servers abgearbeitet werden kann. Diese Checkliste SOLLTE mindestens Aspekte zu Datensicherung, Migration von Diensten und dem anschließenden sicheren Löschen aller Daten umfassen Quelle: Geregelte Außerbetriebnahme eines Servers.;"1. Wie kann ich sicherstellen, dass alle wichtigen Daten vor der Außerbetriebnahme eines Servers gesichert sind?
2. Welche Rolle spielt die Migration von Diensten bei der Außerbetriebnahme eines Servers?
3. Wie kann ich sicherstellen, dass alle schutzbedürftigen Daten nach der Außerbetriebnahme eines Servers gelöscht werden?";3;3;0.99999999998;1.0;1.0;0.9369344663773529;Wie kann ich sicherstellen, dass alle wichtigen Daten vor der Außerbetriebnahme eines Servers gesichert sind?;-1;-1;evaluation_failed;Welche Rolle spielt die Migration von Diensten bei der Außerbetriebnahme eines Servers?;-1;-1;evaluation_failed;Wie kann ich sicherstellen, dass alle schutzbedürftigen Daten nach der Außerbetriebnahme eines Servers gelöscht werden?;-1;-1;evaluation_failed;;
Wie kann ich sicherheitskritische Anwendungen besser isolieren?;"Um sicherheitskritische Anwendungen besser zu isolieren, SOLLTEN Anwendungen und Betriebssystemkomponenten ihrem Schutzbedarf entsprechend besonders gekapselt oder anderen Anwendungen und Betriebssystemkomponenten gegenüber isoliert werden, wie in SYS.1.1.A37 Kapselung von sicherheitskritischen Anwendungen und Betriebssystemkomponenten (S) beschrieben Quelle: SYS.1.1.A37 (S. unbekannt). Dies gilt insbesondere für sicherheitskritische Anwendungen, die mit Daten aus unsicheren Quellen arbeiten, wie Webbrowser und Bürokommunikations-Anwendungen.

Anschlussfragen:
1. Wie kann ich den Schutzbedarf meiner Anwendungen und Betriebssystemkomponenten bestimmen?
2. Welche Rolle spielt die Kapselung von sicherheitskritischen Anwendungen im Rahmen des IT-Grundschutzes?
3. Wie können Server, die sicherheitskritische Anwendungen ausführen, besonders geschützt werden, um unberechtigten Zugriff zu verhindern?";Um sicherheitskritische Anwendungen besser zu isolieren, SOLLTEN Anwendungen und Betriebssystemkomponenten ihrem Schutzbedarf entsprechend besonders gekapselt oder anderen Anwendungen und Betriebssystemkomponenten gegenüber isoliert werden, wie in SYS.1.1.A37 Kapselung von sicherheitskritischen Anwendungen und Betriebssystemkomponenten (S) beschrieben Quelle: SYS.1.1.A37 (S. unbekannt). Dies gilt insbesondere für sicherheitskritische Anwendungen, die mit Daten aus unsicheren Quellen arbeiten, wie Webbrowser und Bürokommunikations-Anwendungen.;SYS.1.1.A37 Kapselung von sicherheitskritischen Anwendungen und Betriebssystemkomponenten (S) Um sowohl den unberechtigten Zugriff auf das Betriebssystem oder andere Anwendungen bei Angriffen als auch den Zugriff vom Betriebssystem auf besonders schützenswerte Dateien zu verhindern, SOLLTEN Anwendungen und Betriebssystemkomponenten (wie beispielsweise Authentisierung oder Zertifikatsüberprüfung) ihrem Schutzbedarf entsprechend besonders gekapselt oder anderen Anwendungen und Betriebssystemkomponenten gegenüber isoliert werden. Dabei SOLLTEN insbesondere sicherheitskritische Anwendungen berücksichtigt werden, die mit Daten aus unsicheren Quellen arbeiten (z. B. Webbrowser und Bürokommunikations-Anwendungen).;"Um sicherheitskritische Anwendungen besser zu isolieren, sollten diese auf einem isolierten IT-System ausgeführt werden, um eine gezieltere Absicherung und Kosteneffizienz zu erzielen. Eine Alternative dazu ist die Kapselung von sicherheitskritischen Anwendungen und Betriebssystemkomponenten, um den Zugriff auf das Betriebssystem oder andere Anwendungen bei Angriffen zu verhindern. Quelle: Kapselung von sicherheitskritischen Anwendungen und Betriebssystemkomponenten (S.1-2).

Es ist auch ratsam, Anwendungen mit ähnlichem Schutzbedarf in einem eigenen Kubernetes-Namespace laufen zu lassen und nur Anwendungen mit ähnlichem Schutzbedarf und ähnlichen möglichen Angriffsvektoren einen Kubernetes-Cluster teilen zu lassen. Quelle: Planung der Separierung der Anwendungen (S.3-4).

Anwendungen mit einem sehr hohen Schutzbedarf sollten jeweils eigene Kubernetes-Cluster oder dedizierte Nodes nutzen, die nicht für andere Anwendungen bereitstehen. Quelle: Trennung von Anwendungen auf Node- und Cluster-Ebene (S.5).

Anschlussfragen:
1. Wie kann ich den Schutzbedarf meiner Anwendungen bewerten, um eine angemessene Isolierung zu gewährleisten?
2. Welche Rolle spielen virtuelle IT-Systeme und Virtualisierungsserver bei der Isolierung sicherheitskritischer Anwendungen?
3. Wie kann ich die Ausnutzung von Schwachstellen in Anwendungen durch Aktivierung von Sicherheitsfunktionen wie ASLR und DEP/NX verhindern?";"Um sicherheitskritische Anwendungen besser zu isolieren, sollten diese auf einem isolierten IT-System ausgeführt werden, um eine gezieltere Absicherung und Kosteneffizienz zu erzielen. Eine Alternative dazu ist die Kapselung von sicherheitskritischen Anwendungen und Betriebssystemkomponenten, um den Zugriff auf das Betriebssystem oder andere Anwendungen bei Angriffen zu verhindern. Quelle: Kapselung von sicherheitskritischen Anwendungen und Betriebssystemkomponenten (S.1-2).

Es ist auch ratsam, Anwendungen mit ähnlichem Schutzbedarf in einem eigenen Kubernetes-Namespace laufen zu lassen und nur Anwendungen mit ähnlichem Schutzbedarf und ähnlichen möglichen Angriffsvektoren einen Kubernetes-Cluster teilen zu lassen. Quelle: Planung der Separierung der Anwendungen (S.3-4).

Anwendungen mit einem sehr hohen Schutzbedarf sollten jeweils eigene Kubernetes-Cluster oder dedizierte Nodes nutzen, die nicht für andere Anwendungen bereitstehen. Quelle: Trennung von Anwendungen auf Node- und Cluster-Ebene (S.5).";"1. Wie kann ich den Schutzbedarf meiner Anwendungen bewerten, um eine angemessene Isolierung zu gewährleisten?
2. Welche Rolle spielen virtuelle IT-Systeme und Virtualisierungsserver bei der Isolierung sicherheitskritischer Anwendungen?
3. Wie kann ich die Ausnutzung von Schwachstellen in Anwendungen durch Aktivierung von Sicherheitsfunktionen wie ASLR und DEP/NX verhindern?";3;3;0.9999999999875;1.0;1.0;0.45754841172087024;Wie kann ich den Schutzbedarf meiner Anwendungen bewerten, um eine angemessene Isolierung zu gewährleisten?;-1;-1;evaluation_failed;Welche Rolle spielen virtuelle IT-Systeme und Virtualisierungsserver bei der Isolierung sicherheitskritischer Anwendungen?;-1;-1;evaluation_failed;Wie kann ich die Ausnutzung von Schwachstellen in Anwendungen durch Aktivierung von Sicherheitsfunktionen wie ASLR und DEP/NX verhindern?;-1;-1;evaluation_failed;;
Welche Maßnahmen steigern die Verfügbarkeit und schützen vor Ausfällen?;"Um die Verfügbarkeit von Servern zu steigern und vor Ausfällen zu schützen, sollten mehrere Maßnahmen ergriffen werden. Dazu gehören die Implementierung von Redundanzen, der Abschluss von Wartungsverträgen mit Lieferanten und die Prüfung, ob Hochverfügbarkeitsarchitekturen mit automatischem Failover erforderlich sind, gegebenenfalls über verschiedene Standorte hinweg. Diese Maßnahmen sollen sicherstellen, dass Server mit hohen Verfügbarkeitsanforderungen angemessen geschützt sind. Quelle: SYS.1.1.A28 Steigerung der Verfügbarkeit durch Redundanz (H) (S. unbekannt).

Anschlussfragen:
1. Wie können Hochverfügbarkeitsarchitekturen mit automatischem Failover in der Praxis umgesetzt werden?
2. Welche Rolle spielen Wartungsverträge mit Lieferanten bei der Gewährleistung der Server-Verfügbarkeit?
3. Wie können Redundanzen in Server-Systemen effektiv implementiert werden, um Ausfälle zu minimieren?";Um die Verfügbarkeit von Servern zu steigern und vor Ausfällen zu schützen, sollten mehrere Maßnahmen ergriffen werden. Dazu gehören die Implementierung von Redundanzen, der Abschluss von Wartungsverträgen mit Lieferanten und die Prüfung, ob Hochverfügbarkeitsarchitekturen mit automatischem Failover erforderlich sind, gegebenenfalls über verschiedene Standorte hinweg. Diese Maßnahmen sollen sicherstellen, dass Server mit hohen Verfügbarkeitsanforderungen angemessen geschützt sind. Quelle: SYS.1.1.A28 Steigerung der Verfügbarkeit durch Redundanz (H) (S. unbekannt).;SYS.1.1.A28 Steigerung der Verfügbarkeit durch Redundanz (H) Server mit hohen Verfügbarkeitsanforderungen SOLLTEN gegen Ausfälle in geeigneter Weise geschützt sein. Hierzu SOLLTEN mindestens geeignete Redundanzen verfügbar sein sowie Wartungsverträge mit den Lieferanten abgeschlossen werden. Es SOLLTE geprüft werden, ob bei sehr hohen Anforderungen Hochverfügbarkeitsarchitekturen mit automatischem Failover, gegebenenfalls über verschiedene Standorte hinweg, erforderlich sind.;"Um die Verfügbarkeit zu steigern und vor Ausfällen zu schützen, sollten verschiedene Maßnahmen ergriffen werden. Dazu gehören die Implementierung von Redundanzen, der Abschluss von Wartungsverträgen mit Lieferanten und die Prüfung, ob Hochverfügbarkeitsarchitekturen mit automatischem Failover erforderlich sind Quelle: Steigerung der Verfügbarkeit durch Redundanz (S.1). 

Für Drucker, Kopierer und Multifunktionsgeräte sollten Ersatzgeräte bereitstehen, in Wartungsverträgen auf eine angemessene Reaktionszeit geachtet werden und eine Liste mit Fachhandlungen geführt werden, um schnell Ersatzgeräte oder -teile beschaffen zu können Quelle: Verringerung von Ausfallzeiten bei Druckern, Kopierern und Multifunktionsgeräten (S.2).

Die Verfügbarkeit von UCC-Diensten sollte durch redundante Auslegung zentraler Server und Dienste, Benutzung von Call Admission Control (CAC) und möglichst autark funktionierenden UCC-Diensten sichergestellt werden Quelle: Sicherstellung der Verfügbarkeit von Kommunikationsdiensten (S.3).

Anschlussfragen:
1. Wie können Hochverfügbarkeitsarchitekturen mit automatischem Failover die Ausfallsicherheit von Servern erhöhen?
2. Welche Rolle spielen Wartungsverträge bei der Minimierung von Ausfallzeiten für Drucker und Kopierer?
3. Wie kann die redundante Auslegung zentraler Server und Dienste die Verfügbarkeit von UCC-Diensten verbessern?";"Um die Verfügbarkeit zu steigern und vor Ausfällen zu schützen, sollten verschiedene Maßnahmen ergriffen werden. Dazu gehören die Implementierung von Redundanzen, der Abschluss von Wartungsverträgen mit Lieferanten und die Prüfung, ob Hochverfügbarkeitsarchitekturen mit automatischem Failover erforderlich sind Quelle: Steigerung der Verfügbarkeit durch Redundanz (S.1). 

Für Drucker, Kopierer und Multifunktionsgeräte sollten Ersatzgeräte bereitstehen, in Wartungsverträgen auf eine angemessene Reaktionszeit geachtet werden und eine Liste mit Fachhandlungen geführt werden, um schnell Ersatzgeräte oder -teile beschaffen zu können Quelle: Verringerung von Ausfallzeiten bei Druckern, Kopierern und Multifunktionsgeräten (S.2).

Die Verfügbarkeit von UCC-Diensten sollte durch redundante Auslegung zentraler Server und Dienste, Benutzung von Call Admission Control (CAC) und möglichst autark funktionierenden UCC-Diensten sichergestellt werden Quelle: Sicherstellung der Verfügbarkeit von Kommunikationsdiensten (S.3).";"1. Wie können Hochverfügbarkeitsarchitekturen mit automatischem Failover die Ausfallsicherheit von Servern erhöhen?
2. Welche Rolle spielen Wartungsverträge bei der Minimierung von Ausfallzeiten für Drucker und Kopierer?
3. Wie kann die redundante Auslegung zentraler Server und Dienste die Verfügbarkeit von UCC-Diensten verbessern?";3;3;0.826020408151465;1.0;1.0;0.5396889922239403;Wie können Hochverfügbarkeitsarchitekturen mit automatischem Failover die Ausfallsicherheit von Servern erhöhen?;-1;-1;evaluation_failed;Welche Rolle spielen Wartungsverträge bei der Minimierung von Ausfallzeiten für Drucker und Kopierer?;-1;-1;evaluation_failed;Wie kann die redundante Auslegung zentraler Server und Dienste die Verfügbarkeit von UCC-Diensten verbessern?;-1;-1;evaluation_failed;;
Wie setze ich Ausführungskontrolle wirksam ein?;"Um Ausführungskontrolle wirksam einzusetzen, SOLLTE über eine Ausführungskontrolle sichergestellt werden, dass nur explizit erlaubte Programme und Skripte ausgeführt werden können Quelle: SYS.1.1.A31 (S.391). Die Regeln SOLLTEN so eng wie möglich gefasst werden, um Missbrauch zu reduzieren Quelle: SYS.1.1.A31 (S.391). Falls Pfade und Hashes nicht explizit angegeben werden können, SOLLTEN alternativ auch zertifikatsbasierte oder Pfad-Regeln genutzt werden Quelle: SYS.1.1.A31 (S.391).

Anschlussfragen:
1. Wie kann ich die Ausführungskontrolle auf meinem Server-IT-System umsetzen, wenn ich ein verbreitetes Server-Betriebssystem verwende?
2. Welche Rolle spielt die Ausführungskontrolle im Schutz vor Schadsoftware auf Servern?
3. Wie kann ich die Anforderungen an das Rollen- und Berechtigungskonzept bei der Umsetzung der Ausführungskontrolle auf meinem Server berücksichtigen?";Um Ausführungskontrolle wirksam einzusetzen, SOLLTE über eine Ausführungskontrolle sichergestellt werden, dass nur explizit erlaubte Programme und Skripte ausgeführt werden können Quelle: SYS.1.1.A31 (S.391). Die Regeln SOLLTEN so eng wie möglich gefasst werden, um Missbrauch zu reduzieren Quelle: SYS.1.1.A31 (S.391). Falls Pfade und Hashes nicht explizit angegeben werden können, SOLLTEN alternativ auch zertifikatsbasierte oder Pfad-Regeln genutzt werden Quelle: SYS.1.1.A31 (S.391).;SYS.1.1.A31 Einsatz von Ausführungskontrolle (H) Es SOLLTE über eine Ausführungskontrolle sichergestellt werden, dass nur explizit erlaubte Programme und Skripte ausgeführt werden können. Die Regeln SOLLTEN so eng wie möglich gefasst werden. Falls Pfade und Hashes nicht explizit angegeben werden können, SOLLTEN alternativ auch zertifikatsbasierte oder Pfad-Regeln genutzt werden.;"Um Ausführungskontrolle wirksam einzusetzen, sollte über eine Ausführungskontrolle sichergestellt werden, dass nur explizit erlaubte Programme und Skripte ausgeführt werden können. Die Regeln sollten so eng wie möglich gefasst werden. Falls Pfade und Hashes nicht explizit angegeben werden können, sollten alternativ auch zertifikatsbasierte oder Pfad-Regeln genutzt werden Quelle: Kapitel über Einsatz von Ausführungskontrolle.

Anschlussfragen:
1. Wie kann ich die Effektivität meiner Ausführungskontrolle überprüfen?
2. Welche Rolle spielen zertifikatsbasierte Regeln bei der Ausführungskontrolle?
3. Wie kann ich sicherstellen, dass meine Ausführungskontrolle mit den aktuellen Sicherheitsanforderungen übereinstimmt?";Um Ausführungskontrolle wirksam einzusetzen, sollte über eine Ausführungskontrolle sichergestellt werden, dass nur explizit erlaubte Programme und Skripte ausgeführt werden können. Die Regeln sollten so eng wie möglich gefasst werden. Falls Pfade und Hashes nicht explizit angegeben werden können, sollten alternativ auch zertifikatsbasierte oder Pfad-Regeln genutzt werden Quelle: Kapitel über Einsatz von Ausführungskontrolle.;"1. Wie kann ich die Effektivität meiner Ausführungskontrolle überprüfen?
2. Welche Rolle spielen zertifikatsbasierte Regeln bei der Ausführungskontrolle?
3. Wie kann ich sicherstellen, dass meine Ausführungskontrolle mit den aktuellen Sicherheitsanforderungen übereinstimmt?";3;3;0.8736394557698324;1.0;1.0;0.6402392996024897;Wie kann ich die Effektivität meiner Ausführungskontrolle überprüfen?;-1;-1;evaluation_failed;Welche Rolle spielen zertifikatsbasierte Regeln bei der Ausführungskontrolle?;-1;-1;evaluation_failed;Wie kann ich sicherstellen, dass meine Ausführungskontrolle mit den aktuellen Sicherheitsanforderungen übereinstimmt?;-1;-1;evaluation_failed;;
Wie manage ich Wurzelzertifikate im Zuge der Beschaffung und Installation von Servern ?;"Um Wurzelzertifikate im Zuge der Beschaffung und Installation von Servern zu managen, sollte dokumentiert werden, welche Wurzelzertifikate für den Betrieb des Servers notwendig sind Quelle: SYS.1.1.A33 (S.?). Auf dem Server sollten lediglich die für den Betrieb notwendigen und vorab dokumentierten Wurzelzertifikate enthalten sein Quelle: SYS.1.1.A33 (S.?). Es sollte regelmäßig überprüft werden, ob die vorhandenen Wurzelzertifikate noch den Vorgaben der Institution entsprechen Quelle: SYS.1.1.A33 (S.?).

Anschlussfragen:
1. Wie können die notwendigen Wurzelzertifikate für den Server identifiziert werden?
2. Welche Rolle spielt die regelmäßige Überprüfung der Wurzelzertifikate im Rahmen des IT-Grundschutzes?
3. Wie können die Wurzelzertifikate auf dem Server verwaltet und aktualisiert werden, um die Sicherheit zu gewährleisten?";Um Wurzelzertifikate im Zuge der Beschaffung und Installation von Servern zu managen, sollte dokumentiert werden, welche Wurzelzertifikate für den Betrieb des Servers notwendig sind Quelle: SYS.1.1.A33 (S.?). Auf dem Server sollten lediglich die für den Betrieb notwendigen und vorab dokumentierten Wurzelzertifikate enthalten sein Quelle: SYS.1.1.A33 (S.?). Es sollte regelmäßig überprüft werden, ob die vorhandenen Wurzelzertifikate noch den Vorgaben der Institution entsprechen Quelle: SYS.1.1.A33 (S.?).;SYS.1.1.A33 Aktive Verwaltung der Wurzelzertifikate (H) Im Zuge der Beschaffung und Installation des Servers SOLLTE dokumentiert werden, welche Wurzelzertifikate für den Betrieb des Servers notwendig sind. Auf dem Server SOLLTEN lediglich die für den Betrieb notwendigen und vorab dokumentierten Wurzelzertifikate enthalten sein. Es SOLLTE regelmäßig überprüft werden, ob die vorhandenen Wurzelzertifikate noch den Vorgaben der Institution entsprechen. Es SOLLTEN alle auf dem IT-System vorhandenen Zertifikatsspeicher in die Prüfung einbezogen werden.;"Im Zuge der Beschaffung und Installation von Servern SOLLTE dokumentiert werden, welche Wurzelzertifikate für den Betrieb des Servers notwendig sind Quelle: Aktive Verwaltung der Wurzelzertifikate (S.1). Auf dem Server SOLLTEN lediglich die für den Betrieb notwendigen und vorab dokumentierten Wurzelzertifikate enthalten sein Quelle: Aktive Verwaltung der Wurzelzertifikate (S.1). Es SOLLTE regelmäßig überprüft werden, ob die vorhandenen Wurzelzertifikate noch den Vorgaben der Institution entsprechen Quelle: Aktive Verwaltung der Wurzelzertifikate (S.1).

Anschlussfragen:
1. Wie können Wurzelzertifikate auf einem Server aktualisiert werden?
2. Welche Rolle spielt die zentrale Konfigurationsverwaltung bei der Verwaltung von Wurzelzertifikaten?
3. Wie können Benutzende daran gehindert werden, nicht vertrauenswürdige Wurzelzertifikate auf ihrem Client zu installieren?";Im Zuge der Beschaffung und Installation von Servern SOLLTE dokumentiert werden, welche Wurzelzertifikate für den Betrieb des Servers notwendig sind Quelle: Aktive Verwaltung der Wurzelzertifikate (S.1). Auf dem Server SOLLTEN lediglich die für den Betrieb notwendigen und vorab dokumentierten Wurzelzertifikate enthalten sein Quelle: Aktive Verwaltung der Wurzelzertifikate (S.1). Es SOLLTE regelmäßig überprüft werden, ob die vorhandenen Wurzelzertifikate noch den Vorgaben der Institution entsprechen Quelle: Aktive Verwaltung der Wurzelzertifikate (S.1).;"1. Wie können Wurzelzertifikate auf einem Server aktualisiert werden?
2. Welche Rolle spielt die zentrale Konfigurationsverwaltung bei der Verwaltung von Wurzelzertifikaten?
3. Wie können Benutzende daran gehindert werden, nicht vertrauenswürdige Wurzelzertifikate auf ihrem Client zu installieren?";3;3;0.999999999975;1.0;1.0;0.8770315235340495;Wie können Wurzelzertifikate auf einem Server aktualisiert werden?;-1;-1;evaluation_failed;Welche Rolle spielt die zentrale Konfigurationsverwaltung bei der Verwaltung von Wurzelzertifikaten?;-1;-1;evaluation_failed;Wie können Benutzende daran gehindert werden, nicht vertrauenswürdige Wurzelzertifikate auf ihrem Client zu installieren?;-1;-1;evaluation_failed;;
Wie sichere ich den Bootvorgang ab?;"Um den Bootvorgang abzusichern, SOLLTE der Bootloader und der Betriebssystem-Kern durch selbstkontrolliertes Schlüsselmaterial signiert und in einer vertrauenswürdigen Kette geprüft werden, was als Secure Boot bezeichnet wird Quelle: SYS.1.1.A36 (S. nicht spezifiziert). Darüber hinaus SOLLTE nicht benötigtes Schlüsselmaterial entfernt werden, um die Sicherheit zu erhöhen Quelle: SYS.1.1.A36 (S. nicht spezifiziert).

Anschlussfragen:
1. Wie kann ich sicherstellen, dass nur autorisierte Software während des Bootvorgangs geladen wird?
2. Welche Rolle spielt die Verwaltung von Schlüsselmaterial bei der Absicherung des Bootvorgangs?
3. Wie kann ich den Bootvorgang in meinem bestehenden Server-Setup anpassen, um Secure Boot zu implementieren?";Um den Bootvorgang abzusichern, SOLLTE der Bootloader und der Betriebssystem-Kern durch selbstkontrolliertes Schlüsselmaterial signiert und in einer vertrauenswürdigen Kette geprüft werden, was als Secure Boot bezeichnet wird Quelle: SYS.1.1.A36 (S. nicht spezifiziert). Darüber hinaus SOLLTE nicht benötigtes Schlüsselmaterial entfernt werden, um die Sicherheit zu erhöhen Quelle: SYS.1.1.A36 (S. nicht spezifiziert).;SYS.1.1.A36 Absicherung des Bootvorgangs (H) Bootloader und Betriebssystem-Kern SOLLTEN durch selbstkontrolliertes Schlüsselmaterial signiert beim Systemstart in einer vertrauenswürdigen Kette geprüft werden (Secure Boot). Nicht benötigtes Schlüsselmaterial SOLLTE entfernt werden.;"Um den Bootvorgang abzusichern, MUSS der Startvorgang des IT-Systems gegen Manipulation abgesichert werden Quelle: Absicherung des Bootvorgangs (S.1). Es MUSS festgelegt werden, von welchen Medien gebootet werden darf Quelle: Absicherung des Bootvorgangs (S.1). Es SOLLTE entschieden werden, ob und wie der Bootvorgang kryptografisch geschützt werden soll Quelle: Absicherung des Bootvorgangs (S.1). 

Anschlussfragen:
1. Wie kann der Bootprozess eines eingebetteten Systems abgesichert werden?
2. Welche Rolle spielt Secure Boot bei der Absicherung des Bootvorgangs?
3. Wie können Android-basierte Geräte vor Schadsoftware und unbefugtem Zugriff geschützt werden?";Um den Bootvorgang abzusichern, MUSS der Startvorgang des IT-Systems gegen Manipulation abgesichert werden Quelle: Absicherung des Bootvorgangs (S.1). Es MUSS festgelegt werden, von welchen Medien gebootet werden darf Quelle: Absicherung des Bootvorgangs (S.1). Es SOLLTE entschieden werden, ob und wie der Bootvorgang kryptografisch geschützt werden soll Quelle: Absicherung des Bootvorgangs (S.1).;"1. Wie kann der Bootprozess eines eingebetteten Systems abgesichert werden?
2. Welche Rolle spielt Secure Boot bei der Absicherung des Bootvorgangs?
3. Wie können Android-basierte Geräte vor Schadsoftware und unbefugtem Zugriff geschützt werden?";3;3;0.9666666666473333;1.0;1.0;0.5626713947242673;Wie kann der Bootprozess eines eingebetteten Systems abgesichert werden?;-1;-1;evaluation_failed;Welche Rolle spielt Secure Boot bei der Absicherung des Bootvorgangs?;-1;-1;evaluation_failed;Wie können Android-basierte Geräte vor Schadsoftware und unbefugtem Zugriff geschützt werden?;-1;-1;evaluation_failed;;
Welche Windows Server Version soll ich einsetzen?;"Für die Auswahl einer geeigneten Windows Server-Version MUSS eine begründete und dokumentierte Entscheidung getroffen werden, wobei der Einsatzzweck des Servers sowie die Einbindung ins Active Directory spezifiziert werden MÜSSEN Quelle: SYS.1.2.3.A1. Der Baustein SYS.1.2.3 Windows Server ist auf alle Server-Systeme anzuwenden, auf denen das Betriebssystem Microsoft Windows Server in den Versionen 2016, 2019 oder 2022 eingesetzt wird Quelle: Kap. 1.3 Abgrenzung und Modellierung – SYS.1.2.3 Windows Server. 

Anschlussfragen:
1. Welche Rolle spielt die Einbindung ins Active Directory bei der Auswahl einer Windows Server-Version?
2. Wie unterscheiden sich die Sicherheitsanforderungen für Windows Server 2012 im Vergleich zu den Versionen 2016, 2019 und 2022?
3. Welche weiteren Bausteine MÜSSEN bei der Nutzung von Cloud-Diensten mit Windows Server berücksichtigt werden?";Für die Auswahl einer geeigneten Windows Server-Version MUSS eine begründete und dokumentierte Entscheidung getroffen werden, wobei der Einsatzzweck des Servers sowie die Einbindung ins Active Directory spezifiziert werden MÜSSEN Quelle: SYS.1.2.3.A1. Der Baustein SYS.1.2.3 Windows Server ist auf alle Server-Systeme anzuwenden, auf denen das Betriebssystem Microsoft Windows Server in den Versionen 2016, 2019 oder 2022 eingesetzt wird Quelle: Kap. 1.3 Abgrenzung und Modellierung – SYS.1.2.3 Windows Server.;SYS.1.2.3.A1 Planung von Windows Server (B) Es MUSS eine begründete und dokumentierte Entscheidung für eine geeignete Edition von Windows Server getroffen werden. Der Einsatzzweck des Servers sowie die Einbindung ins Active Directory MÜSSEN dabei spezifiziert werden. Die Nutzung von mitgelieferten Cloud-Diensten im Betriebssystem MUSS grundsätzlich abgewogen und gründlich geplant werden. Wenn nicht benötigt, MUSS die Einrichtung von Microsoft-Konten auf dem Server blockiert werden.;"Die Wahl der Windows Server-Version hängt von verschiedenen Faktoren ab, wie den spezifischen Anforderungen der Institution, der Hardware und den Sicherheitsanforderungen. 
Für neuere Systeme sind die Versionen 2016, 2019 und 2022 von Windows Server geeignet Quelle: SYS.1.2.3 Windows Server (S.1). 
Für ältere Systeme oder spezifische Anforderungen könnte Windows Server 2012 noch eine Option sein Quelle: SYS.1.2.2 Windows Server 2012 (S.1). 
Es ist wichtig, die spezifischen Anforderungen und Einschränkungen jeder Version zu berücksichtigen und eine begründete Entscheidung zu treffen Quelle: Planung von Windows Server (S.5).

Anschlussfragen:
1. Welche Sicherheitsanforderungen müssen bei der Installation von Windows Server 2012 berücksichtigt werden?
2. Wie unterscheiden sich die Versionen 2016, 2019 und 2022 von Windows Server in Bezug auf Sicherheitsfunktionen?
3. Welche Rolle spielt die Telemetrie-Einstellung bei der Sicherheit von Windows Server?";"Die Wahl der Windows Server-Version hängt von verschiedenen Faktoren ab, wie den spezifischen Anforderungen der Institution, der Hardware und den Sicherheitsanforderungen. 
Für neuere Systeme sind die Versionen 2016, 2019 und 2022 von Windows Server geeignet Quelle: SYS.1.2.3 Windows Server (S.1). 
Für ältere Systeme oder spezifische Anforderungen könnte Windows Server 2012 noch eine Option sein Quelle: SYS.1.2.2 Windows Server 2012 (S.1). 
Es ist wichtig, die spezifischen Anforderungen und Einschränkungen jeder Version zu berücksichtigen und eine begründete Entscheidung zu treffen Quelle: Planung von Windows Server (S.5).";"1. Welche Sicherheitsanforderungen müssen bei der Installation von Windows Server 2012 berücksichtigt werden?
2. Wie unterscheiden sich die Versionen 2016, 2019 und 2022 von Windows Server in Bezug auf Sicherheitsfunktionen?
3. Welche Rolle spielt die Telemetrie-Einstellung bei der Sicherheit von Windows Server?";3;3;0.9999999999875;1.0;1.0;0.545069736374976;Welche Sicherheitsanforderungen müssen bei der Installation von Windows Server 2012 berücksichtigt werden?;-1;-1;evaluation_failed;Wie unterscheiden sich die Versionen 2016, 2019 und 2022 von Windows Server in Bezug auf Sicherheitsfunktionen?;-1;-1;evaluation_failed;Welche Rolle spielt die Telemetrie-Einstellung bei der Sicherheit von Windows Server?;-1;-1;evaluation_failed;;
Muss ich immer die Server-Core-Variante von Windows installieren?;"Die Installation der Server-Core-Variante von Windows ist nicht immer zwingend erforderlich, aber wenn vom Funktionsumfang her ausreichend, MUSS die Server-Core-Variante installiert werden Quelle: SYS.1.2.3.A2 (S. nicht spezifiziert). Andernfalls MUSS begründet werden, warum die Server-Core-Variante nicht genügt Quelle: SYS.1.2.3.A2 (S. nicht spezifiziert). 

Anschlussfragen:
1. Welche Versionen von Windows Server werden im Baustein SYS.1.2.3 Windows Server behandelt?
2. Was sind die grundlegenden Sicherheitsaspekte, die im Baustein SYS.1.2.3 Windows Server behandelt werden?
3. Welche Rolle spielt die Active-Directory-Domäne im Rahmen des Bausteins SYS.1.2.3 Windows Server?";Die Installation der Server-Core-Variante von Windows ist nicht immer zwingend erforderlich, aber wenn vom Funktionsumfang her ausreichend, MUSS die Server-Core-Variante installiert werden Quelle: SYS.1.2.3.A2 (S. nicht spezifiziert). Andernfalls MUSS begründet werden, warum die Server-Core-Variante nicht genügt Quelle: SYS.1.2.3.A2 (S. nicht spezifiziert).;SYS.1.2.3.A2 Sichere Installation von Windows Server (B) Wenn vom Funktionsumfang her ausreichend, MUSS die Server-Core-Variante installiert werden. Andernfalls MUSS begründet werden, warum die Server-Core-Variante nicht genügt.;"Wenn es vom Funktionsumfang her ausreichend ist, MUSS die Server-Core-Variante installiert werden Quelle: Sichere Installation von Windows Server 2012. Andernfalls MUSS begründet werden, warum die Server-Core-Variante nicht genügt Quelle: Sichere Installation von Windows Server. 

Anschlussfragen:
1. Welche Rolle spielt die Server-Core-Variante bei der sicheren Installation von Windows Server?
2. Wie MUSS die Entscheidung für eine geeignete Edition von Windows Server getroffen werden?
3. Welche Anforderungen MÜSSEN bei der Planung von Windows Server 2012 beachtet werden?";Wenn es vom Funktionsumfang her ausreichend ist, MUSS die Server-Core-Variante installiert werden Quelle: Sichere Installation von Windows Server 2012. Andernfalls MUSS begründet werden, warum die Server-Core-Variante nicht genügt Quelle: Sichere Installation von Windows Server.;"1. Welche Rolle spielt die Server-Core-Variante bei der sicheren Installation von Windows Server?
2. Wie MUSS die Entscheidung für eine geeignete Edition von Windows Server getroffen werden?
3. Welche Anforderungen MÜSSEN bei der Planung von Windows Server 2012 beachtet werden?";3;3;0.9999999999833333;1.0;1.0;0.5291939895472935;Welche Rolle spielt die Server-Core-Variante bei der sicheren Installation von Windows Server?;-1;-1;evaluation_failed;Wie MUSS die Entscheidung für eine geeignete Edition von Windows Server getroffen werden?;-1;-1;evaluation_failed;Welche Anforderungen MÜSSEN bei der Planung von Windows Server 2012 beachtet werden?;-1;-1;evaluation_failed;;
Was muss ich wegen Telemetrie und Datenübertragung an Microsoft beachten?;"Um die Übertragung von Diagnose- und Nutzungsdaten an Microsoft stark zu reduzieren, MUSS das Telemetrie-Level 0 (Security) auf dem Windows Server konfiguriert werden Quelle: SYS.1.2.3.A3 (S. unbekannt, da keine Seitenzahl angegeben). Wenn diese Einstellung nicht wirksam umgesetzt wird, dann MUSS durch geeignete Maßnahmen, etwa auf Netzebene, sichergestellt werden, dass die Daten nicht an den Hersteller übertragen werden Quelle: SYS.1.2.3.A3 (S. unbekannt, da keine Seitenzahl angegeben).

Anschlussfragen:
1. Wie kann ich das Telemetrie-Level 0 (Security) auf meinem Windows Server konfigurieren?
2. Welche Maßnahmen kann ich ergreifen, um die Übertragung von Diagnose- und Nutzungsdaten an Microsoft zu verhindern, wenn die Einstellung des Telemetrie-Levels nicht wirksam umgesetzt wird?
3. Gibt es weitere Anforderungen oder Empfehlungen für die Konfiguration von Windows Server in Bezug auf Telemetrie und Datenübertragung, die ich beachten sollte?";Um die Übertragung von Diagnose- und Nutzungsdaten an Microsoft stark zu reduzieren, MUSS das Telemetrie-Level 0 (Security) auf dem Windows Server konfiguriert werden Quelle: SYS.1.2.3.A3 (S. unbekannt, da keine Seitenzahl angegeben). Wenn diese Einstellung nicht wirksam umgesetzt wird, dann MUSS durch geeignete Maßnahmen, etwa auf Netzebene, sichergestellt werden, dass die Daten nicht an den Hersteller übertragen werden Quelle: SYS.1.2.3.A3 (S. unbekannt, da keine Seitenzahl angegeben).;SYS.1.2.3.A3 Telemetrie- und Nutzungsdaten unter Windows Server (B) Um die Übertragung von Diagnose- und Nutzungsdaten an Microsoft stark zu reduzieren, MUSS das Telemetrie-Level 0 (Security) auf dem Windows Server konfiguriert werden. Wenn diese Einstellung nicht wirksam umgesetzt wird, dann MUSS durch geeignete Maßnahmen, etwa auf Netzebene, sichergestellt werden, dass die Daten nicht an den Hersteller übertragen werden.;"Um die Übertragung von Diagnose- und Nutzungsdaten an Microsoft stark zu reduzieren, MUSS das Telemetrie-Level 0 (Security) in der Enterprise-Edition von Windows konfiguriert werden Quelle: Telemetrie und Datenschutzeinstellungen unter Windows (S.1). Wenn diese Einstellung nicht wirksam umgesetzt wird oder bei anderen Windows-Edition umgesetzt werden kann, dann MUSS durch geeignete Maßnahmen, etwa auf Netzebene, sichergestellt werden, dass die Daten nicht an den Hersteller übertragen werden Quelle: Telemetrie und Datenschutzeinstellungen unter Windows (S.1).

Anschlussfragen:
1. Wie kann ich das Telemetrie-Level 0 (Security) in der Enterprise-Edition von Windows konfigurieren?
2. Welche Risiken bestehen, wenn die Telemetrie- und Nutzungsdaten an Microsoft übertragen werden?
3. Wie kann ich sicherstellen, dass die Daten nicht an den Hersteller übertragen werden, wenn das Telemetrie-Level 0 (Security) nicht wirksam umgesetzt wird?";Um die Übertragung von Diagnose- und Nutzungsdaten an Microsoft stark zu reduzieren, MUSS das Telemetrie-Level 0 (Security) in der Enterprise-Edition von Windows konfiguriert werden Quelle: Telemetrie und Datenschutzeinstellungen unter Windows (S.1). Wenn diese Einstellung nicht wirksam umgesetzt wird oder bei anderen Windows-Edition umgesetzt werden kann, dann MUSS durch geeignete Maßnahmen, etwa auf Netzebene, sichergestellt werden, dass die Daten nicht an den Hersteller übertragen werden Quelle: Telemetrie und Datenschutzeinstellungen unter Windows (S.1).;"1. Wie kann ich das Telemetrie-Level 0 (Security) in der Enterprise-Edition von Windows konfigurieren?
2. Welche Risiken bestehen, wenn die Telemetrie- und Nutzungsdaten an Microsoft übertragen werden?
3. Wie kann ich sicherstellen, dass die Daten nicht an den Hersteller übertragen werden, wenn das Telemetrie-Level 0 (Security) nicht wirksam umgesetzt wird?";3;3;0.99999999998;1.0;1.0;0.7344734848601036;Wie kann ich das Telemetrie-Level 0 (Security) in der Enterprise-Edition von Windows konfigurieren?;-1;-1;evaluation_failed;Welche Risiken bestehen, wenn die Telemetrie- und Nutzungsdaten an Microsoft übertragen werden?;-1;-1;evaluation_failed;Wie kann ich sicherstellen, dass die Daten nicht an den Hersteller übertragen werden, wenn das Telemetrie-Level 0 (Security) nicht wirksam umgesetzt wird?;-1;-1;evaluation_failed;;
Wie sichere ich die Authentisierung in Windows Server ab?;"Um die Authentisierung in Windows Server abzusichern, SOLLTEN alle Konten von Benutzenden Mitglied der Sicherheitsgruppe „Protected Users“ sein Quelle: SYS.1.2.3.A5 (S). Konten für Dienste und Computer SOLLTEN NICHT Mitglied von „Protected Users“ sein Quelle: SYS.1.2.3.A5 (S). Darüber hinaus SOLLTEN Dienste-Konten in Windows Server Mitglied der Gruppe „Managed Service Account“ sein Quelle: SYS.1.2.3.A5 (S).

Anschlussfragen:
1. Wie werden die Sicherheitsaspekte für Server mit dem Baustein SYS.1.1 Allgemeiner Server ergänzt?
2. Welche Rolle spielt die Mitgliedschaft in der Gruppe „Protected Users“ für die Authentisierung?
3. Wie werden Sicherheitsanforderungen für Serverrollen und -funktionen wie Fileserver oder Webserver im IT-Grundschutz-Kompendium behandelt?";Um die Authentisierung in Windows Server abzusichern, SOLLTEN alle Konten von Benutzenden Mitglied der Sicherheitsgruppe „Protected Users“ sein Quelle: SYS.1.2.3.A5 (S). Konten für Dienste und Computer SOLLTEN NICHT Mitglied von „Protected Users“ sein Quelle: SYS.1.2.3.A5 (S). Darüber hinaus SOLLTEN Dienste-Konten in Windows Server Mitglied der Gruppe „Managed Service Account“ sein Quelle: SYS.1.2.3.A5 (S).;SYS.1.2.3.A5 Sichere Authentisierung und Autorisierung in Windows Server (S) In Windows Server SOLLTEN alle Konten von Benutzenden Mitglied der Sicherheitsgruppe „Protected Users“ sein. Konten für Dienste und Computer SOLLTEN NICHT Mitglied von „Protected Users“ sein. Dienste-Konten in Windows Server SOLLTEN Mitglied der Gruppe „Managed Service Account“ sein.;"Um die Authentisierung in Windows Server abzusichern, SOLLTE man alle Konten von Benutzenden Mitglied der Sicherheitsgruppe „Protected Users“ sein lassen. Konten für Dienste und Computer SOLLTEN NICHT Mitglied von „Protected Users“ sein. Dienste-Konten in Windows Server SOLLTEN Mitglied der Gruppe „Managed Service Account“ sein. Für die Anmeldung von Benutzenden und Diensten am Server MÜSSEN Authentisierungsverfahren eingesetzt werden, die dem Schutzbedarf der Server angemessen sind. Dies SOLLTE in besonderem Maße für administrative Zugänge berücksichtigt werden. Quelle: Sichere Authentisierung und Autorisierung in Windows Server.

Für die zentrale Authentisierung SOLLTE ausschließlich Kerberos eingesetzt werden. Eine Gruppenrichtlinie SOLLTE die Verwendung älterer Protokolle verhindern. Quelle: Sichere zentrale Authentisierung in Windows-Netzen.

Anschlussfragen:
1. Wie kann man die Authentisierung in Webanwendungen sicherstellen?
2. Welche Rolle spielt die Gruppe „Managed Service Account“ bei der Absicherung von Dienstekonten?
3. Wie kann man den Zugriff auf die Systemmanagement-Lösung absichern?";"Um die Authentisierung in Windows Server abzusichern, SOLLTE man alle Konten von Benutzenden Mitglied der Sicherheitsgruppe „Protected Users“ sein lassen. Konten für Dienste und Computer SOLLTEN NICHT Mitglied von „Protected Users“ sein. Dienste-Konten in Windows Server SOLLTEN Mitglied der Gruppe „Managed Service Account“ sein. Für die Anmeldung von Benutzenden und Diensten am Server MÜSSEN Authentisierungsverfahren eingesetzt werden, die dem Schutzbedarf der Server angemessen sind. Dies SOLLTE in besonderem Maße für administrative Zugänge berücksichtigt werden. Quelle: Sichere Authentisierung und Autorisierung in Windows Server.

Für die zentrale Authentisierung SOLLTE ausschließlich Kerberos eingesetzt werden. Eine Gruppenrichtlinie SOLLTE die Verwendung älterer Protokolle verhindern. Quelle: Sichere zentrale Authentisierung in Windows-Netzen.";"1. Wie kann man die Authentisierung in Webanwendungen sicherstellen?
2. Welche Rolle spielt die Gruppe „Managed Service Account“ bei der Absicherung von Dienstekonten?
3. Wie kann man den Zugriff auf die Systemmanagement-Lösung absichern?";3;3;0.8134920634785053;1.0;1.0;0.6702522410637317;Wie kann man die Authentisierung in Webanwendungen sicherstellen?;-1;-1;evaluation_failed;Welche Rolle spielt die Gruppe „Managed Service Account“ bei der Absicherung von Dienstekonten?;-1;-1;evaluation_failed;Wie kann man den Zugriff auf die Systemmanagement-Lösung absichern?;-1;-1;evaluation_failed;;
Welche Sicherheitsmaßnahmen sollte ich für RDP-Fernzugriff bei der Nutzung von Windows Servern umsetzen?;"Für die Umsetzung von Sicherheitsmaßnahmen bei der Nutzung von RDP-Fernzugriff auf Windows Servern sollten mehrere Aspekte berücksichtigt werden. Zunächst sollte die Gruppe der Berechtigten und IT-Systeme für den RemoteDesktopzugriff (RDP) durch die Zuweisung entsprechender Berechtigungen festgelegt werden, um den Zugriff zu beschränken Quelle: SYS.1.2.3.A6 (S). 

Es sollten Mechanismen des Betriebssystems berücksichtigt werden, um die übertragenen Anmeldeinformationen zu schützen, wie z.B. Remote Credential Guard oder RestrictedAdmin Quelle: SYS.1.2.3.A6 (S). 

In komplexen Infrastrukturen sollte das RDP-Zielsystem nur durch ein dazwischengeschaltetes RDP-Gateway erreicht werden können, um die Sicherheit zu erhöhen Quelle: SYS.1.2.3.A6 (S). 

Darüber hinaus sollten die eingesetzten kryptografischen Protokolle und Algorithmen den internen Vorgaben der Institution entsprechen, um eine einheitliche Sicherheitspolitik zu gewährleisten Quelle: SYS.1.2.3.A6 (S). 

Sofern der Einsatz von Remote-Desktopzugriffen nicht vorgesehen ist, sollten diese vollständig deaktiviert werden, um unnötige Angriffspunkte zu eliminieren Quelle: SYS.1.2.3.A6 (S).

Anschlussfragen:
1. Wie kann man die Sicherheit von RDP-Verbindungen durch die Konfiguration der lokalen Firewall erhöhen?
2. Welche Rolle spielt die Zuweisung von Berechtigungen bei der Sicherung von RDP-Zugriffen?
3. Wie können kryptografische Protokolle und Algorithmen zur Sicherung von RDP-Verbindungen beitragen?";"Für die Umsetzung von Sicherheitsmaßnahmen bei der Nutzung von RDP-Fernzugriff auf Windows Servern sollten mehrere Aspekte berücksichtigt werden. Zunächst sollte die Gruppe der Berechtigten und IT-Systeme für den RemoteDesktopzugriff (RDP) durch die Zuweisung entsprechender Berechtigungen festgelegt werden, um den Zugriff zu beschränken Quelle: SYS.1.2.3.A6 (S). 

Es sollten Mechanismen des Betriebssystems berücksichtigt werden, um die übertragenen Anmeldeinformationen zu schützen, wie z.B. Remote Credential Guard oder RestrictedAdmin Quelle: SYS.1.2.3.A6 (S). 

In komplexen Infrastrukturen sollte das RDP-Zielsystem nur durch ein dazwischengeschaltetes RDP-Gateway erreicht werden können, um die Sicherheit zu erhöhen Quelle: SYS.1.2.3.A6 (S). 

Darüber hinaus sollten die eingesetzten kryptografischen Protokolle und Algorithmen den internen Vorgaben der Institution entsprechen, um eine einheitliche Sicherheitspolitik zu gewährleisten Quelle: SYS.1.2.3.A6 (S). 

Sofern der Einsatz von Remote-Desktopzugriffen nicht vorgesehen ist, sollten diese vollständig deaktiviert werden, um unnötige Angriffspunkte zu eliminieren Quelle: SYS.1.2.3.A6 (S).";"SYS.1.2.3.A6 Sicherheit beim Fernzugriff über RDP (S) Die Auswirkungen auf die Konfiguration der lokalen Firewall SOLLTEN bei der Planung des Fernzugriffs berücksichtigt werden. Die Gruppe der Berechtigten und IT-Systeme für den RemoteDesktopzugriff (RDP) SOLLTE durch die Zuweisung entsprechender Berechtigungen festgelegt werden. Es SOLLTEN Mechanismen des Betriebssystems berücksichtigt werden, um die übertragenen Anmeldeinformationen zu schützen (z. B. Remote Credential Guard oder RestrictedAdmin). In komplexen Infrastrukturen SOLLTE das RDP-Zielsystem nur durch ein dazwischengeschaltetes RDPGateway erreicht werden können. Für die Verwendung von RDP SOLLTE eine Prüfung und deren Umsetzung sicherstellen, dass die nachfolgend aufgeführten Komfortfunktionen im Einklang mit dem Schutzbedarf des Zielsystems stehen:

• die Verwendung der Zwischenablage,

• die Einbindung von Wechselmedien und Netzlaufwerken sowie

• die Nutzung der Dateiablagen, von weiteren Geräten und Ressourcen, wie z. B. SmartcardLesegeräten.

Die eingesetzten kryptografischen Protokolle und Algorithmen SOLLTEN den internen Vorgaben der Institution entsprechen. Sofern der Einsatz von Remote-Desktopzugriffen nicht vorgesehen ist, SOLLTEN diese vollständig deaktiviert werden.";"Für RDP-Fernzugriff bei der Nutzung von Windows Servern sollten mehrere Sicherheitsmaßnahmen umgesetzt werden. Zunächst SOLLTE die Gruppe der berechtigten Benutzenden für den Remote-Desktopzugriff (RDP) durch die Zuweisung entsprechender Berechtigungen festgelegt werden Quelle: Sicherheit beim Fernzugriff über RDP (S.1). Es SOLLTE auch sichergestellt werden, dass die übertragenen Anmeldeinformationen durch Mechanismen des Betriebssystems geschützt werden, wie z.B. Remote Credential Guard oder RestrictedAdmin Quelle: Sicherheit beim Fernzugriff über RDP (S.2). 

In komplexen Infrastrukturen SOLLTE das RDP-Zielsystem nur durch ein dazwischengeschaltetes RDP-Gateway erreicht werden können Quelle: Sicherheit beim Fernzugriff über RDP (S.3). Für die Verwendung von RDP SOLLTE eine Prüfung und deren Umsetzung sicherstellen, dass die nachfolgend aufgeführten Komfortfunktionen im Einklang mit dem Schutzbedarf des Zielsystems stehen, wie z.B. die Verwendung der Zwischenablage, die Einbindung von Wechselmedien und Netzlaufwerken sowie die Nutzung der Dateiablagen und von Smartcard-Anschlüssen Quelle: Sicherheit beim Fernzugriff über RDP (S.4).

Anschlussfragen:
1. Wie kann man die Sicherheit von RDP-Verbindungen durch kryptografische Protokolle und Algorithmen erhöhen?
2. Welche Rolle spielt die Konfiguration der lokalen Firewall bei der Planung des Fernzugriffs über RDP?
3. Wie kann man die Verwendung von RDP im Einklang mit dem Schutzbedarf des Zielsystems sicherstellen?";"Für RDP-Fernzugriff bei der Nutzung von Windows Servern sollten mehrere Sicherheitsmaßnahmen umgesetzt werden. Zunächst SOLLTE die Gruppe der berechtigten Benutzenden für den Remote-Desktopzugriff (RDP) durch die Zuweisung entsprechender Berechtigungen festgelegt werden Quelle: Sicherheit beim Fernzugriff über RDP (S.1). Es SOLLTE auch sichergestellt werden, dass die übertragenen Anmeldeinformationen durch Mechanismen des Betriebssystems geschützt werden, wie z.B. Remote Credential Guard oder RestrictedAdmin Quelle: Sicherheit beim Fernzugriff über RDP (S.2). 

In komplexen Infrastrukturen SOLLTE das RDP-Zielsystem nur durch ein dazwischengeschaltetes RDP-Gateway erreicht werden können Quelle: Sicherheit beim Fernzugriff über RDP (S.3). Für die Verwendung von RDP SOLLTE eine Prüfung und deren Umsetzung sicherstellen, dass die nachfolgend aufgeführten Komfortfunktionen im Einklang mit dem Schutzbedarf des Zielsystems stehen, wie z.B. die Verwendung der Zwischenablage, die Einbindung von Wechselmedien und Netzlaufwerken sowie die Nutzung der Dateiablagen und von Smartcard-Anschlüssen Quelle: Sicherheit beim Fernzugriff über RDP (S.4).";"1. Wie kann man die Sicherheit von RDP-Verbindungen durch kryptografische Protokolle und Algorithmen erhöhen?
2. Welche Rolle spielt die Konfiguration der lokalen Firewall bei der Planung des Fernzugriffs über RDP?
3. Wie kann man die Verwendung von RDP im Einklang mit dem Schutzbedarf des Zielsystems sicherstellen?";3;3;0.8349999999833;1.0;1.0;0.555153617976729;Wie kann man die Sicherheit von RDP-Verbindungen durch kryptografische Protokolle und Algorithmen erhöhen?;-1;-1;evaluation_failed;Welche Rolle spielt die Konfiguration der lokalen Firewall bei der Planung des Fernzugriffs über RDP?;-1;-1;evaluation_failed;Wie kann man die Verwendung von RDP im Einklang mit dem Schutzbedarf des Zielsystems sicherstellen?;-1;-1;evaluation_failed;;
Welche Sicherheitsmaßnahmen werden zur Einrichtung eines RDP Zugriff auf Windows Server benötigt?;"Um einen RDP-Zugriff auf Windows Server einzurichten, sollten mehrere Sicherheitsmaßnahmen berücksichtigt werden. Zunächst sollte die Gruppe der Berechtigten und IT-Systeme für den RemoteDesktopzugriff (RDP) durch die Zuweisung entsprechender Berechtigungen festgelegt werden, um den Zugriff zu beschränken Quelle: SYS.1.2.3.A6 (S). 

Es sollten Mechanismen des Betriebssystems berücksichtigt werden, um die übertragenen Anmeldeinformationen zu schützen, wie z.B. Remote Credential Guard oder RestrictedAdmin Quelle: SYS.1.2.3.A6 (S). 

In komplexen Infrastrukturen sollte das RDP-Zielsystem nur durch ein dazwischengeschaltetes RDP-Gateway erreicht werden können Quelle: SYS.1.2.3.A6 (S). 

Für die Verwendung von RDP sollte eine Prüfung und deren Umsetzung sicherstellen, dass die nachfolgend aufgeführten Komfortfunktionen im Einklang mit dem Schutzbedarf des Zielsystems stehen, wie z.B. die Verwendung der Zwischenablage, die Einbindung von Wechselmedien und Netzlaufwerken sowie die Nutzung der Dateiablagen, von weiteren Geräten und Ressourcen Quelle: SYS.1.2.3.A6 (S). 

Die eingesetzten kryptografischen Protokolle und Algorithmen sollten den internen Vorgaben der Institution entsprechen Quelle: SYS.1.2.3.A6 (S). 

Anschlussfragen:
1. Welche Rolle spielt die lokale Firewall bei der Planung des Fernzugriffs über RDP?
2. Wie können die übertragenen Anmeldeinformationen bei der Verwendung von RDP geschützt werden?
3. Welche Bedeutung hat die Verwendung eines RDP-Gateways in komplexen Infrastrukturen?";"Um einen RDP-Zugriff auf Windows Server einzurichten, sollten mehrere Sicherheitsmaßnahmen berücksichtigt werden. Zunächst sollte die Gruppe der Berechtigten und IT-Systeme für den RemoteDesktopzugriff (RDP) durch die Zuweisung entsprechender Berechtigungen festgelegt werden, um den Zugriff zu beschränken Quelle: SYS.1.2.3.A6 (S). 

Es sollten Mechanismen des Betriebssystems berücksichtigt werden, um die übertragenen Anmeldeinformationen zu schützen, wie z.B. Remote Credential Guard oder RestrictedAdmin Quelle: SYS.1.2.3.A6 (S). 

In komplexen Infrastrukturen sollte das RDP-Zielsystem nur durch ein dazwischengeschaltetes RDP-Gateway erreicht werden können Quelle: SYS.1.2.3.A6 (S). 

Für die Verwendung von RDP sollte eine Prüfung und deren Umsetzung sicherstellen, dass die nachfolgend aufgeführten Komfortfunktionen im Einklang mit dem Schutzbedarf des Zielsystems stehen, wie z.B. die Verwendung der Zwischenablage, die Einbindung von Wechselmedien und Netzlaufwerken sowie die Nutzung der Dateiablagen, von weiteren Geräten und Ressourcen Quelle: SYS.1.2.3.A6 (S). 

Die eingesetzten kryptografischen Protokolle und Algorithmen sollten den internen Vorgaben der Institution entsprechen Quelle: SYS.1.2.3.A6 (S).";"SYS.1.2.3.A6 Sicherheit beim Fernzugriff über RDP (S) Die Auswirkungen auf die Konfiguration der lokalen Firewall SOLLTEN bei der Planung des Fernzugriffs berücksichtigt werden. Die Gruppe der Berechtigten und IT-Systeme für den RemoteDesktopzugriff (RDP) SOLLTE durch die Zuweisung entsprechender Berechtigungen festgelegt werden. Es SOLLTEN Mechanismen des Betriebssystems berücksichtigt werden, um die übertragenen Anmeldeinformationen zu schützen (z. B. Remote Credential Guard oder RestrictedAdmin). In komplexen Infrastrukturen SOLLTE das RDP-Zielsystem nur durch ein dazwischengeschaltetes RDPGateway erreicht werden können. Für die Verwendung von RDP SOLLTE eine Prüfung und deren Umsetzung sicherstellen, dass die nachfolgend aufgeführten Komfortfunktionen im Einklang mit dem Schutzbedarf des Zielsystems stehen:

• die Verwendung der Zwischenablage,

• die Einbindung von Wechselmedien und Netzlaufwerken sowie

• die Nutzung der Dateiablagen, von weiteren Geräten und Ressourcen, wie z. B. SmartcardLesegeräten.

Die eingesetzten kryptografischen Protokolle und Algorithmen SOLLTEN den internen Vorgaben der Institution entsprechen. Sofern der Einsatz von Remote-Desktopzugriffen nicht vorgesehen ist, SOLLTEN diese vollständig deaktiviert werden.";"Für die Einrichtung eines RDP-Zugriffs auf Windows Server sollten mehrere Sicherheitsmaßnahmen berücksichtigt werden. 

Zunächst sollten die Auswirkungen auf die Konfiguration der lokalen Firewall bei der Planung des Fernzugriffs berücksichtigt werden Quelle: Sicherheit beim Fernzugriff über RDP (S.1). Die Gruppe der Berechtigten für den Remote-Desktopzugriff (RDP) sollte durch die Zuweisung entsprechender Berechtigungen festgelegt werden Quelle: Sicherheit beim Fernzugriff über RDP (S.1). 

Es sollten Mechanismen des Betriebssystems berücksichtigt werden, um die übertragenen Anmeldeinformationen zu schützen, wie z.B. Remote Credential Guard oder RestrictedAdmin Quelle: Erweiterter Schutz der Anmeldeinformationen unter Windows (S.2). 

In komplexen Infrastrukturen sollte das RDP-Zielsystem nur durch ein dazwischengeschaltetes RDP-Gateway erreicht werden können Quelle: Sicherheit beim Fernzugriff über RDP (S.1). 

Für die Verwendung von RDP sollte eine Prüfung und deren Umsetzung sicherstellen, dass die nachfolgend aufgeführten Komfortfunktionen im Einklang mit dem Schutzbedarf des Zielsystems stehen, wie z.B. die Verwendung der Zwischenablage, die Einbindung von Wechselmedien und Netzlaufwerken sowie die Nutzung der Dateiablagen und von Smartcard-Anschlüssen Quelle: Sicherheit beim Fernzugriff über RDP (S.1). 

Die eingesetzten kryptografischen Protokolle und Algorithmen sollten den internen Vorgaben der Institution entsprechen Quelle: Sicherheit beim Fernzugriff über RDP (S.1). 

Sofern der Einsatz von Remote-Desktopzugriffen nicht vorgesehen ist, sollten diese vollständig deaktiviert werden Quelle: Sicherheit beim Fernzugriff über RDP (S.1).

Anschlussfragen:
1. Welche Rolle spielt die Konfiguration der lokalen Firewall bei der Einrichtung eines RDP-Zugriffs auf Windows Server?
2. Wie können Mechanismen des Betriebssystems wie Remote Credential Guard oder RestrictedAdmin den Schutz von Anmeldeinformationen bei RDP verbessern?
3. Welche Komfortfunktionen sollten bei der Verwendung von RDP im Einklang mit dem Schutzbedarf des Zielsystems stehen?";"Für die Einrichtung eines RDP-Zugriffs auf Windows Server sollten mehrere Sicherheitsmaßnahmen berücksichtigt werden. 

Zunächst sollten die Auswirkungen auf die Konfiguration der lokalen Firewall bei der Planung des Fernzugriffs berücksichtigt werden Quelle: Sicherheit beim Fernzugriff über RDP (S.1). Die Gruppe der Berechtigten für den Remote-Desktopzugriff (RDP) sollte durch die Zuweisung entsprechender Berechtigungen festgelegt werden Quelle: Sicherheit beim Fernzugriff über RDP (S.1). 

Es sollten Mechanismen des Betriebssystems berücksichtigt werden, um die übertragenen Anmeldeinformationen zu schützen, wie z.B. Remote Credential Guard oder RestrictedAdmin Quelle: Erweiterter Schutz der Anmeldeinformationen unter Windows (S.2). 

In komplexen Infrastrukturen sollte das RDP-Zielsystem nur durch ein dazwischengeschaltetes RDP-Gateway erreicht werden können Quelle: Sicherheit beim Fernzugriff über RDP (S.1). 

Für die Verwendung von RDP sollte eine Prüfung und deren Umsetzung sicherstellen, dass die nachfolgend aufgeführten Komfortfunktionen im Einklang mit dem Schutzbedarf des Zielsystems stehen, wie z.B. die Verwendung der Zwischenablage, die Einbindung von Wechselmedien und Netzlaufwerken sowie die Nutzung der Dateiablagen und von Smartcard-Anschlüssen Quelle: Sicherheit beim Fernzugriff über RDP (S.1). 

Die eingesetzten kryptografischen Protokolle und Algorithmen sollten den internen Vorgaben der Institution entsprechen Quelle: Sicherheit beim Fernzugriff über RDP (S.1). 

Sofern der Einsatz von Remote-Desktopzugriffen nicht vorgesehen ist, sollten diese vollständig deaktiviert werden Quelle: Sicherheit beim Fernzugriff über RDP (S.1).";"1. Welche Rolle spielt die Konfiguration der lokalen Firewall bei der Einrichtung eines RDP-Zugriffs auf Windows Server?
2. Wie können Mechanismen des Betriebssystems wie Remote Credential Guard oder RestrictedAdmin den Schutz von Anmeldeinformationen bei RDP verbessern?
3. Welche Komfortfunktionen sollten bei der Verwendung von RDP im Einklang mit dem Schutzbedarf des Zielsystems stehen?";3;3;0.9379251700546283;1.0;1.0;0.7980134091985872;Welche Rolle spielt die Konfiguration der lokalen Firewall bei der Einrichtung eines RDP-Zugriffs auf Windows Server?;-1;-1;evaluation_failed;Wie können Mechanismen des Betriebssystems wie Remote Credential Guard oder RestrictedAdmin den Schutz von Anmeldeinformationen bei RDP verbessern?;-1;-1;evaluation_failed;Welche Komfortfunktionen sollten bei der Verwendung von RDP im Einklang mit dem Schutzbedarf des Zielsystems stehen?;-1;-1;evaluation_failed;;
Was muss bei der Nutzung von Windows Servern zum Schutz von Schwachstellen beachtet werden?;"Bei der Nutzung von Windows Servern zum Schutz von Schwachstellen sollte beachtet werden, dass Maßnahmen zum Schutz vor Exploits für alle Programme und Dienste aktiviert werden sollten, die den Exploit-Schutz von Windows unterstützen, wie in SYS.1.2.3.A4 Schutz vor Ausnutzung von Schwachstellen in Anwendungen (S) beschrieben Quelle: SYS.1.2.3.A4 (S). 

Anschlussfragen:
1. Welche Versionen von Microsoft Windows Server werden im Baustein SYS.1.2.3 Windows Server behandelt?
2. Wie werden Sicherheitsanforderungen für Serverrollen und -funktionen wie Fileserver oder Webserver im Baustein SYS.1.2.3 Windows Server berücksichtigt?
3. Welche Rolle spielt der Baustein APP.2.2 Active Directory Domain Services bei der Nutzung von Windows Servern in einer Active-Directory-Domäne?";Bei der Nutzung von Windows Servern zum Schutz von Schwachstellen sollte beachtet werden, dass Maßnahmen zum Schutz vor Exploits für alle Programme und Dienste aktiviert werden sollten, die den Exploit-Schutz von Windows unterstützen, wie in SYS.1.2.3.A4 Schutz vor Ausnutzung von Schwachstellen in Anwendungen (S) beschrieben Quelle: SYS.1.2.3.A4 (S).;SYS.1.2.3.A4 Schutz vor Ausnutzung von Schwachstellen in Anwendungen (S) Maßnahmen zum Schutz vor Exploits SOLLTEN für alle Programme und Dienste aktiviert werden, die den Exploit-Schutz von Windows (vgl. Verweis in Kapitel 4.1 Wissenswertes) unterstützen.;"Um die Ausnutzung von Schwachstellen in Anwendungen zu erschweren, MUSS ASLR und DEP/NX im Kernel aktiviert und von den Anwendungen genutzt werden Quelle: Schutz vor Ausnutzung von Schwachstellen in Anwendungen (S.1). 
Zusätzlich SOLLTEN Sicherheitsfunktionen des Kernels und der Standardbibliotheken wie z. B. Heap- und Stackschutz aktiviert werden Quelle: Schutz vor Ausnutzung von Schwachstellen in Anwendungen (S.2).
Bei der Nutzung von Windows Servern ist es wichtig, die Konfiguration sorgfältig zu planen und durchzuführen, um Sicherheitsrisiken zu minimieren Quelle: Unzureichende Planung von Windows Server 2012 (S.3).
Anschlussfragen:
1. Wie kann man die Ausnutzung von Schwachstellen in Anwendungen auf Windows Servern erschweren?
2. Welche Sicherheitsfunktionen sollten auf Windows Servern aktiviert werden?
3. Wie kann man die Sicherheit von Windows Servern bei der Nutzung von Cloud-Diensten gewährleisten?";"Um die Ausnutzung von Schwachstellen in Anwendungen zu erschweren, MUSS ASLR und DEP/NX im Kernel aktiviert und von den Anwendungen genutzt werden Quelle: Schutz vor Ausnutzung von Schwachstellen in Anwendungen (S.1). 
Zusätzlich SOLLTEN Sicherheitsfunktionen des Kernels und der Standardbibliotheken wie z. B. Heap- und Stackschutz aktiviert werden Quelle: Schutz vor Ausnutzung von Schwachstellen in Anwendungen (S.2).
Bei der Nutzung von Windows Servern ist es wichtig, die Konfiguration sorgfältig zu planen und durchzuführen, um Sicherheitsrisiken zu minimieren Quelle: Unzureichende Planung von Windows Server 2012 (S.3).";"1. Wie kann man die Ausnutzung von Schwachstellen in Anwendungen auf Windows Servern erschweren?
2. Welche Sicherheitsfunktionen sollten auf Windows Servern aktiviert werden?
3. Wie kann man die Sicherheit von Windows Servern bei der Nutzung von Cloud-Diensten gewährleisten?";3;3;0.9999999999875;1.0;1.0;0.5229931947825233;Wie kann man die Ausnutzung von Schwachstellen in Anwendungen auf Windows Servern erschweren?;-1;-1;evaluation_failed;Welche Sicherheitsfunktionen sollten auf Windows Servern aktiviert werden?;-1;-1;evaluation_failed;Wie kann man die Sicherheit von Windows Servern bei der Nutzung von Cloud-Diensten gewährleisten?;-1;-1;evaluation_failed;;
Wie wird Windows PowerShell verwendet?;"Die Windows PowerShell wird verwendet, indem ihre Ausführung zentral protokolliert und die erzeugten Protokolle überwacht werden. Die Ausführung von PowerShell-Skripten sollte mit dem Befehl SetExecutionPolicy AllSigned eingeschränkt werden, um zu verhindern, dass unsignierte Skripte ausgeführt werden. Ältere Windows PowerShell-Versionen sollten deaktiviert werden. Der Einsatz des PowerShell Constrained Language Mode sollte geprüft werden. Zur Einschränkung der Windows PowerShell sollte bei Windows Server mithilfe von Just Enough Administration (JEA) eine rollenbasierte Administration implementiert werden Quelle: SYS.1.2.3.A7 (S. unbekannt, da keine Seitenzahl angegeben).

Anschlussfragen:
1. Wie kann die Ausführung von PowerShell-Skripten eingeschränkt werden?
2. Welche Rolle spielt Just Enough Administration (JEA) bei der Einschränkung der Windows PowerShell?
3. Wie sollten ältere Windows PowerShell-Versionen behandelt werden?";Die Windows PowerShell wird verwendet, indem ihre Ausführung zentral protokolliert und die erzeugten Protokolle überwacht werden. Die Ausführung von PowerShell-Skripten sollte mit dem Befehl SetExecutionPolicy AllSigned eingeschränkt werden, um zu verhindern, dass unsignierte Skripte ausgeführt werden. Ältere Windows PowerShell-Versionen sollten deaktiviert werden. Der Einsatz des PowerShell Constrained Language Mode sollte geprüft werden. Zur Einschränkung der Windows PowerShell sollte bei Windows Server mithilfe von Just Enough Administration (JEA) eine rollenbasierte Administration implementiert werden Quelle: SYS.1.2.3.A7 (S. unbekannt, da keine Seitenzahl angegeben).;SYS.1.2.3.A7 Verwendung der Windows PowerShell (H) Die PowerShell-Ausführung SOLLTE zentral protokolliert werden. Die erzeugten Protokolle SOLLTEN geeignet überwacht werden. Die Ausführung von PowerShell-Skripten SOLLTE mit dem Befehl SetExecutionPolicy AllSigned eingeschränkt werden, um zu verhindern, dass unsignierte Skripte (versehentlich) ausgeführt werden. Ältere Windows PowerShell-Versionen SOLLTEN deaktiviert werden. Der Einsatz des PowerShell Constrained Language Mode SOLLTE geprüft werden. Zur Einschränkung der Windows PowerShell SOLLTE bei Windows Server mithilfe von Just Enough Administration (JEA) eine rollenbasierte Administration implementiert werden.;"Die Windows PowerShell SOLLTE zentral protokolliert werden, um die Ausführung von PowerShell-Skripten zu überwachen Quelle: Verwendung der Windows PowerShell (S.1). Die Ausführung von PowerShell-Skripten SOLLTE mit dem Befehl Set-ExecutionPolicy AllSigned eingeschränkt werden, um zu verhindern, dass unsignierte Skripte (versehentlich) ausgeführt werden Quelle: Verwendung der Windows PowerShell (S.1). Ältere Windows PowerShell-Versionen SOLLTEN deaktiviert werden Quelle: Verwendung der Windows PowerShell (S.1). 

Anschlussfragen:
1. Wie kann die Ausführung von PowerShell-Skripten eingeschränkt werden?
2. Warum sollten ältere Windows PowerShell-Versionen deaktiviert werden?
3. Wie kann die zentrale Protokollierung der Windows PowerShell-Ausführung implementiert werden?";Die Windows PowerShell SOLLTE zentral protokolliert werden, um die Ausführung von PowerShell-Skripten zu überwachen Quelle: Verwendung der Windows PowerShell (S.1). Die Ausführung von PowerShell-Skripten SOLLTE mit dem Befehl Set-ExecutionPolicy AllSigned eingeschränkt werden, um zu verhindern, dass unsignierte Skripte (versehentlich) ausgeführt werden Quelle: Verwendung der Windows PowerShell (S.1). Ältere Windows PowerShell-Versionen SOLLTEN deaktiviert werden Quelle: Verwendung der Windows PowerShell (S.1).;"1. Wie kann die Ausführung von PowerShell-Skripten eingeschränkt werden?
2. Warum sollten ältere Windows PowerShell-Versionen deaktiviert werden?
3. Wie kann die zentrale Protokollierung der Windows PowerShell-Ausführung implementiert werden?";3;3;0.8666666666377778;1.0;1.0;0.7857747989468038;Wie kann die Ausführung von PowerShell-Skripten eingeschränkt werden?;-1;-1;evaluation_failed;Warum sollten ältere Windows PowerShell-Versionen deaktiviert werden?;-1;-1;evaluation_failed;Wie kann die zentrale Protokollierung der Windows PowerShell-Ausführung implementiert werden?;-1;-1;evaluation_failed;;
Was ist  bei der Aufstellung zentraler Speichersysteme zu beachten?;"Bei der Aufstellung zentraler Speichersysteme ist zu beachten, dass die IT-Komponenten in verschlossenen Räumen aufgestellt werden müssen, zu denen nur Berechtigte Zutritt haben dürfen. Zudem muss eine sichere Stromversorgung sichergestellt sein und die Vorgaben des Herstellers zur Umgebungstemperatur und Luftfeuchte müssen eingehalten werden Quelle: SYS.1.8.A1 (S.391). 

Anschlussfragen:
1. Welche Arten von Speicherlösungen werden im Baustein SYS.1.8 Speicherlösungen behandelt?
2. Wie sollten Speicherlösungen im Rollen- und Rechtekonzept berücksichtigt werden?
3. Welche Anforderungen müssen bei der Nutzung von externen Dienstleistungen zur Betreibung von Speicherlösungen berücksichtigt werden?";Bei der Aufstellung zentraler Speichersysteme ist zu beachten, dass die IT-Komponenten in verschlossenen Räumen aufgestellt werden müssen, zu denen nur Berechtigte Zutritt haben dürfen. Zudem muss eine sichere Stromversorgung sichergestellt sein und die Vorgaben des Herstellers zur Umgebungstemperatur und Luftfeuchte müssen eingehalten werden Quelle: SYS.1.8.A1 (S.391).;SYS.1.8.A1 Geeignete Aufstellung von Speichersystemen (B) [Haustechnik] Die IT-Komponenten von Speicherlösungen MÜSSEN in verschlossenen Räumen aufgestellt werden. Zu diesen Räumen DÜRFEN NUR Berechtigte Zutritt haben. Zudem MUSS eine sichere Stromversorgung sichergestellt sein. Die Vorgaben des herstellenden Unternehmens zur empfohlenen Umgebungstemperatur und Luftfeuchte MÜSSEN eingehalten werden.;"Bei der Aufstellung zentraler Speichersysteme ist zu beachten, dass die IT-Komponenten in verschlossenen Räumen aufgestellt werden müssen. Zu diesen Räumen dürfen nur berechtigte Personen Zutritt haben. Zudem muss eine sichere Stromversorgung sichergestellt sein. Die Vorgaben des herstellenden Unternehmens zur empfohlenen Umgebungstemperatur und Luftfeuchte müssen eingehalten werden. Quelle: SYS.1.8 Speicherlösungen (S.1), Abschnitt ""Geeignete Aufstellung von Speichersystemen"".

Anschlussfragen:
1. Welche Anforderungen müssen bei der Planung von Speicherlösungen berücksichtigt werden?
2. Wie sollte die Datensicherung von Speicherlösungen durchgeführt werden?
3. Welche Rolle spielen Speichernetze bei der Implementierung von Speicherlösungen?";"Bei der Aufstellung zentraler Speichersysteme ist zu beachten, dass die IT-Komponenten in verschlossenen Räumen aufgestellt werden müssen. Zu diesen Räumen dürfen nur berechtigte Personen Zutritt haben. Zudem muss eine sichere Stromversorgung sichergestellt sein. Die Vorgaben des herstellenden Unternehmens zur empfohlenen Umgebungstemperatur und Luftfeuchte müssen eingehalten werden. Quelle: SYS.1.8 Speicherlösungen (S.1), Abschnitt ""Geeignete Aufstellung von Speichersystemen"".";"1. Welche Anforderungen müssen bei der Planung von Speicherlösungen berücksichtigt werden?
2. Wie sollte die Datensicherung von Speicherlösungen durchgeführt werden?
3. Welche Rolle spielen Speichernetze bei der Implementierung von Speicherlösungen?";3;3;0.9666666666473333;1.0;1.0;0.994379960356886;Welche Anforderungen müssen bei der Planung von Speicherlösungen berücksichtigt werden?;-1;-1;evaluation_failed;Wie sollte die Datensicherung von Speicherlösungen durchgeführt werden?;-1;-1;evaluation_failed;Welche Rolle spielen Speichernetze bei der Implementierung von Speicherlösungen?;-1;-1;evaluation_failed;;
Was muss ich bei der Grundkonfiguration von Speicherlösungen beachten?;"Bei der Grundkonfiguration von Speicherlösungen muss sichergestellt werden, dass alle eingesetzten Softwarekomponenten und die Firmware aktuell sind. Danach muss eine sichere Grundkonfiguration hergestellt werden, wobei nicht genutzte Schnittstellen des Speichersystems deaktiviert werden müssen. Die Dateien zur Default-Konfiguration, zur vorgenommenen Grundkonfiguration und zur aktuellen Konfiguration sollten redundant und geschützt aufbewahrt werden. Quelle: SYS.1.8.A2 Sichere Grundkonfiguration von Speicherlösungen (B) 

Anschlussfragen:
1. Welche Rolle spielt die Aktualität der Softwarekomponenten und Firmware bei der Grundkonfiguration von Speicherlösungen?
2. Wie sollten nicht genutzte Schnittstellen des Speichersystems behandelt werden?
3. Welche Bedeutung haben die Dateien zur Default-Konfiguration, zur vorgenommenen Grundkonfiguration und zur aktuellen Konfiguration für die Sicherheit der Speicherlösung?";Bei der Grundkonfiguration von Speicherlösungen muss sichergestellt werden, dass alle eingesetzten Softwarekomponenten und die Firmware aktuell sind. Danach muss eine sichere Grundkonfiguration hergestellt werden, wobei nicht genutzte Schnittstellen des Speichersystems deaktiviert werden müssen. Die Dateien zur Default-Konfiguration, zur vorgenommenen Grundkonfiguration und zur aktuellen Konfiguration sollten redundant und geschützt aufbewahrt werden. Quelle: SYS.1.8.A2 Sichere Grundkonfiguration von Speicherlösungen (B);SYS.1.8.A2 Sichere Grundkonfiguration von Speicherlösungen (B) Bevor eine Speicherlösung produktiv eingesetzt wird, MUSS sichergestellt sein, dass alle eingesetzten Softwarekomponenten und die Firmware aktuell sind. Danach MUSS eine sichere Grundkonfiguration hergestellt werden. Nicht genutzte Schnittstellen des Speichersystems MÜSSEN deaktiviert werden. Die Dateien zur Default-Konfiguration, zur vorgenommenen Grundkonfiguration und zur aktuellen Konfiguration SOLLTEN redundant und geschützt aufbewahrt werden.;"Bei der Grundkonfiguration von Speicherlösungen muss sichergestellt werden, dass alle eingesetzten Softwarekomponenten und die Firmware aktuell sind. Danach muss eine sichere Grundkonfiguration hergestellt werden, wobei nicht genutzte Schnittstellen des Speichersystems deaktiviert werden sollten. Quelle: Sichere Grundkonfiguration von Speicherlösungen (S.1).

Die Dateien zur Default-Konfiguration, zur vorgenommenen Grundkonfiguration und zur aktuellen Konfiguration sollten redundant und geschützt aufbewahrt werden. Quelle: Sichere Grundkonfiguration von Speicherlösungen (S.1).

Anschlussfragen:
1. Welche Rolle spielt die Anforderungsanalyse bei der Planung von Speicherlösungen?
2. Wie können Speicherlösungen in ein Rollen- und Rechtekonzept integriert werden?
3. Welche Sicherheitsrisiken können durch unsichere Default-Einstellungen bei Speicherkomponenten entstehen?";"Bei der Grundkonfiguration von Speicherlösungen muss sichergestellt werden, dass alle eingesetzten Softwarekomponenten und die Firmware aktuell sind. Danach muss eine sichere Grundkonfiguration hergestellt werden, wobei nicht genutzte Schnittstellen des Speichersystems deaktiviert werden sollten. Quelle: Sichere Grundkonfiguration von Speicherlösungen (S.1).

Die Dateien zur Default-Konfiguration, zur vorgenommenen Grundkonfiguration und zur aktuellen Konfiguration sollten redundant und geschützt aufbewahrt werden. Quelle: Sichere Grundkonfiguration von Speicherlösungen (S.1).";"1. Welche Rolle spielt die Anforderungsanalyse bei der Planung von Speicherlösungen?
2. Wie können Speicherlösungen in ein Rollen- und Rechtekonzept integriert werden?
3. Welche Sicherheitsrisiken können durch unsichere Default-Einstellungen bei Speicherkomponenten entstehen?";3;3;0.9617346938638119;1.0;1.0;0.9390501131755549;Welche Rolle spielt die Anforderungsanalyse bei der Planung von Speicherlösungen?;-1;-1;evaluation_failed;Wie können Speicherlösungen in ein Rollen- und Rechtekonzept integriert werden?;-1;-1;evaluation_failed;Welche Sicherheitsrisiken können durch unsichere Default-Einstellungen bei Speicherkomponenten entstehen?;-1;-1;evaluation_failed;;
Wie plane ich eine Speicherlösung systematisch?;"Um eine Speicherlösung systematisch zu planen, SOLLTE eine Anforderungsanalyse durchgeführt werden, in der unter anderem die Themen Performance und Kapazität betrachtet werden Quelle: SYS.1.8.A7 (S.?). Auf Basis der ermittelten Anforderungen SOLLTE dann eine detaillierte Planung für Speicherlösungen erstellt werden, die folgende Punkte berücksichtigt: Auswahl von herstellenden Unternehmen und Liefernden, Entscheidung für oder gegen zentrale Verwaltungssysteme, Planung des Netzanschlusses, Planung der Infrastruktur sowie Integration in bestehende Prozesse Quelle: SYS.1.8.A7 (S.?).

Anschlussfragen:
1. Wie können die Anforderungen an eine Speicherlösung systematisch ermittelt werden?
2. Welche Rolle spielt die Auswahl von herstellenden Unternehmen und Liefernden bei der Planung einer Speicherlösung?
3. Wie können Speicherlösungen im Rollen- und Rechtekonzept berücksichtigt werden?";Um eine Speicherlösung systematisch zu planen, SOLLTE eine Anforderungsanalyse durchgeführt werden, in der unter anderem die Themen Performance und Kapazität betrachtet werden Quelle: SYS.1.8.A7 (S.?). Auf Basis der ermittelten Anforderungen SOLLTE dann eine detaillierte Planung für Speicherlösungen erstellt werden, die folgende Punkte berücksichtigt: Auswahl von herstellenden Unternehmen und Liefernden, Entscheidung für oder gegen zentrale Verwaltungssysteme, Planung des Netzanschlusses, Planung der Infrastruktur sowie Integration in bestehende Prozesse Quelle: SYS.1.8.A7 (S.?).;"SYS.1.8.A7 Planung von Speicherlösungen (S) Bevor Speicherlösungen in einer Institution eingesetzt werden, SOLLTE eine Anforderungsanalyse durchgeführt werden. In der Anforderungsanalyse SOLLTEN unter anderem die Themen Performance und Kapazität betrachtet werden. Auf Basis der ermittelten Anforderungen SOLLTE dann eine detaillierte Planung für Speicherlösungen erstellt werden. Darin SOLLTEN folgende Punkte berücksichtigt werden:

• Auswahl von herstellenden Unternehmen und Liefernden,

• Entscheidung für oder gegen zentrale Verwaltungssysteme (Management-Systeme),

• Planung des Netzanschlusses,

• Planung der Infrastruktur sowie

• Integration in bestehende Prozesse.";"Um eine Speicherlösung systematisch zu planen, SOLLTE eine Anforderungsanalyse durchgeführt werden, in der unter anderem die Themen Performance und Kapazität betrachtet werden Quelle: Planung von Speicherlösungen (S.1). Auf Basis der ermittelten Anforderungen SOLLTE dann eine detaillierte Planung für Speicherlösungen erstellt werden, die folgende Punkte berücksichtigt: Auswahl von herstellenden Unternehmen und Liefernden, Entscheidung für oder gegen zentrale Verwaltungssysteme, Planung des Netzanschlusses, Planung der Infrastruktur sowie Integration in bestehende Prozesse Quelle: Planung von Speicherlösungen (S.2).

Anschlussfragen:
1. Wie können die Anforderungen an eine Speicherlösung systematisch ermittelt werden?
2. Welche Rolle spielt die Auswahl von herstellenden Unternehmen und Liefernden bei der Planung einer Speicherlösung?
3. Wie kann die Integration einer Speicherlösung in bestehende Prozesse sichergestellt werden?";Um eine Speicherlösung systematisch zu planen, SOLLTE eine Anforderungsanalyse durchgeführt werden, in der unter anderem die Themen Performance und Kapazität betrachtet werden Quelle: Planung von Speicherlösungen (S.1). Auf Basis der ermittelten Anforderungen SOLLTE dann eine detaillierte Planung für Speicherlösungen erstellt werden, die folgende Punkte berücksichtigt: Auswahl von herstellenden Unternehmen und Liefernden, Entscheidung für oder gegen zentrale Verwaltungssysteme, Planung des Netzanschlusses, Planung der Infrastruktur sowie Integration in bestehende Prozesse Quelle: Planung von Speicherlösungen (S.2).;"1. Wie können die Anforderungen an eine Speicherlösung systematisch ermittelt werden?
2. Welche Rolle spielt die Auswahl von herstellenden Unternehmen und Liefernden bei der Planung einer Speicherlösung?
3. Wie kann die Integration einer Speicherlösung in bestehende Prozesse sichergestellt werden?";3;3;0.8349999999833;1.0;0.8;0.9141549816254718;Wie können die Anforderungen an eine Speicherlösung systematisch ermittelt werden?;-1;-1;evaluation_failed;Welche Rolle spielt die Auswahl von herstellenden Unternehmen und Liefernden bei der Planung einer Speicherlösung?;-1;-1;evaluation_failed;Wie kann die Integration einer Speicherlösung in bestehende Prozesse sichergestellt werden?;-1;-1;evaluation_failed;;
Wie segmentiere ich ein SAN sicher?;"Um ein SAN sicher zu segmentieren, SOLLTE ein Konzept erarbeitet werden, das die SAN-Ressourcen den jeweiligen Servern zuordnet, wie in SYS.1.8.A14 Absicherung eines SANs durch Segmentierung (S) beschrieben. Quelle: SYS.1.8.A14 (S). Hierfür SOLLTE anhand der Sicherheitsanforderungen und des Administrationsaufwands entschieden werden, welche Segmentierung in welcher Implementierung eingesetzt werden soll. Die aktuelle Ressourcenzuordnung SOLLTE mithilfe von Verwaltungswerkzeugen einfach und übersichtlich erkennbar sein. Quelle: SYS.1.8.A14 (S). 

Anschlussfragen:
1. Wie kann die Segmentierung eines SANs durch die Implementierung von Zoning-Konfigurationen unterstützt werden?
2. Welche Rolle spielen Verwaltungswerkzeuge bei der Segmentierung eines SANs?
3. Wie können Sicherheitsanforderungen bei der Segmentierung eines SANs berücksichtigt werden?";Um ein SAN sicher zu segmentieren, SOLLTE ein Konzept erarbeitet werden, das die SAN-Ressourcen den jeweiligen Servern zuordnet, wie in SYS.1.8.A14 Absicherung eines SANs durch Segmentierung (S) beschrieben. Quelle: SYS.1.8.A14 (S). Hierfür SOLLTE anhand der Sicherheitsanforderungen und des Administrationsaufwands entschieden werden, welche Segmentierung in welcher Implementierung eingesetzt werden soll. Die aktuelle Ressourcenzuordnung SOLLTE mithilfe von Verwaltungswerkzeugen einfach und übersichtlich erkennbar sein. Quelle: SYS.1.8.A14 (S).;SYS.1.8.A14 Absicherung eines SANs durch Segmentierung (S) Ein SAN SOLLTE segmentiert werden. Es SOLLTE ein Konzept erarbeitet werden, das die SANRessourcen den jeweiligen Servern zuordnet. Hierfür SOLLTE anhand der Sicherheitsanforderungen und des Administrationsaufwands entschieden werden, welche Segmentierung in welcher Implementierung (z. B. FC-SANs oder iSCSI-Speichernetze) eingesetzt werden soll. Die aktuelle Ressourcenzuordnung SOLLTE mithilfe von Verwaltungswerkzeugen einfach und übersichtlich erkennbar sein. Weiterhin SOLLTE die aktuelle Zoning-Konfiguration dokumentiert werden. Die Dokumentation SOLLTE auch in Notfällen verfügbar sein.;"Um ein SAN sicher zu segmentieren, SOLLTE ein Konzept erarbeitet werden, das die SAN-Ressourcen den jeweiligen Servern zuordnet, wobei anhand der Sicherheitsanforderungen und des Administrationsaufwands entschieden werden sollte, welche Segmentierung in welcher Implementierung eingesetzt werden soll Quelle: Absicherung eines SANs durch Segmentierung (S.1). Hard-Zoning SOLLTE eingesetzt werden, um SANs zu segmentieren Quelle: Absicherung eines SANs durch Hard-Zoning (S.2). 

Die aktuelle Ressourcenzuordnung SOLLTE mithilfe von Verwaltungswerkzeugen einfach und übersichtlich erkennbar sein Quelle: Absicherung eines SANs durch Segmentierung (S.1). Die Segmentierung sollte darauf abzielen, alle Bereiche der IT-Infrastruktur, einschließlich Server, Netze, Storage und Management, zu erfassen Quelle: Zonenkonzept bei virtualisierten Infrastrukturen (S.5).

Anschlussfragen:
1. Wie kann die Integrität der SAN-Fabric durch den Einsatz von Protokollen mit zusätzlichen Sicherheitsmerkmalen gewährleistet werden?
2. Welche Risiken birgt die Verwendung von unsicheren Default-Einstellungen bei Speicherkomponenten?
3. Wie kann die physische Trennung von Management-Segmenten zur Verbesserung der Sicherheit beitragen?";"Um ein SAN sicher zu segmentieren, SOLLTE ein Konzept erarbeitet werden, das die SAN-Ressourcen den jeweiligen Servern zuordnet, wobei anhand der Sicherheitsanforderungen und des Administrationsaufwands entschieden werden sollte, welche Segmentierung in welcher Implementierung eingesetzt werden soll Quelle: Absicherung eines SANs durch Segmentierung (S.1). Hard-Zoning SOLLTE eingesetzt werden, um SANs zu segmentieren Quelle: Absicherung eines SANs durch Hard-Zoning (S.2). 

Die aktuelle Ressourcenzuordnung SOLLTE mithilfe von Verwaltungswerkzeugen einfach und übersichtlich erkennbar sein Quelle: Absicherung eines SANs durch Segmentierung (S.1). Die Segmentierung sollte darauf abzielen, alle Bereiche der IT-Infrastruktur, einschließlich Server, Netze, Storage und Management, zu erfassen Quelle: Zonenkonzept bei virtualisierten Infrastrukturen (S.5).";"1. Wie kann die Integrität der SAN-Fabric durch den Einsatz von Protokollen mit zusätzlichen Sicherheitsmerkmalen gewährleistet werden?
2. Welche Risiken birgt die Verwendung von unsicheren Default-Einstellungen bei Speicherkomponenten?
3. Wie kann die physische Trennung von Management-Segmenten zur Verbesserung der Sicherheit beitragen?";3;3;0.9617346938638119;1.0;1.0;0.6360929955899278;Wie kann die Integrität der SAN-Fabric durch den Einsatz von Protokollen mit zusätzlichen Sicherheitsmerkmalen gewährleistet werden?;-1;-1;evaluation_failed;Welche Risiken birgt die Verwendung von unsicheren Default-Einstellungen bei Speicherkomponenten?;-1;-1;evaluation_failed;Wie kann die physische Trennung von Management-Segmenten zur Verbesserung der Sicherheit beitragen?;-1;-1;evaluation_failed;;
Was muss ich bei der Aussonderung von Speicherlösungen beachten?;"Bei der Aussonderung von Speicherlösungen sollten alle darauf vorhandenen Daten auf andere Speicherlösungen übertragen werden Quelle: SYS.1.8.A19. Eine Übergangsphase sollte eingeplant werden, um einen reibungslosen Übergang zu gewährleisten Quelle: SYS.1.8.A19. Anschließend sollten alle Nutzdaten und Konfigurationsdaten sicher gelöscht werden, um Datenverlust oder -missbrauch zu vermeiden Quelle: SYS.1.8.A19. Zudem sollten alle Verweise auf die außer Betrieb genommene Speicherlösung aus relevanten Dokumenten entfernt werden, um eine konsistente Dokumentation zu gewährleisten Quelle: SYS.1.8.A19.

Anschlussfragen:
1. Wie sollten die Zugriffsrechte für Speicherlösungen im Rollen- und Rechtekonzept berücksichtigt werden?
2. Welche Anforderungen müssen bei der Nutzung von externen Dienstleistungen für die Betreibung von Speicherlösungen berücksichtigt werden?
3. Wie sollten Datensicherungsgeräte, die an das Speichersystem oder an das Speichernetz angeschlossen sind, behandelt werden?";Bei der Aussonderung von Speicherlösungen sollten alle darauf vorhandenen Daten auf andere Speicherlösungen übertragen werden Quelle: SYS.1.8.A19. Eine Übergangsphase sollte eingeplant werden, um einen reibungslosen Übergang zu gewährleisten Quelle: SYS.1.8.A19. Anschließend sollten alle Nutzdaten und Konfigurationsdaten sicher gelöscht werden, um Datenverlust oder -missbrauch zu vermeiden Quelle: SYS.1.8.A19. Zudem sollten alle Verweise auf die außer Betrieb genommene Speicherlösung aus relevanten Dokumenten entfernt werden, um eine konsistente Dokumentation zu gewährleisten Quelle: SYS.1.8.A19.;SYS.1.8.A19 Aussonderung von Speicherlösungen (S) Werden ganze Speicherlösungen oder einzelne Komponenten einer Speicherlösung nicht mehr benötigt, SOLLTEN alle darauf vorhandenen Daten auf andere Speicherlösungen übertragen werden. Hierfür SOLLTE eine Übergangsphase eingeplant werden. Anschließend SOLLTEN alle Nutzdaten und Konfigurationsdaten sicher gelöscht werden. Aus allen relevanten Dokumenten SOLLTEN alle Verweise auf die außer Betrieb genommene Speicherlösung entfernt werden.;"Bei der Aussonderung von Speicherlösungen SOLLTE sichergestellt werden, dass alle darauf vorhandenen Daten auf andere Speicherlösungen übertragen werden Quelle: Aussonderung von Speicherlösungen. Anschließend SOLLTEN alle Nutzdaten und Konfigurationsdaten sicher gelöscht werden Quelle: Aussonderung von Speicherlösungen. Es SOLLTE auch eine Übergangsphase eingeplant werden, um den Übergang zu einer neuen Speicherlösung zu erleichtern Quelle: Aussonderung von Speicherlösungen. 

Anschlussfragen:
1. Wie sollten die technischen Grundlagen unterschiedlicher Speicherlösungen beleuchtet werden, um eine geeignete Speicherlösung auszuwählen?
2. Welche Aspekte sollten bei der Planung von Speicherlösungen berücksichtigt werden, um eine erfolgreiche Implementierung zu gewährleisten?
3. Wie sollten die Sicherheitsanforderungen für Speicherlösungen definiert und umgesetzt werden, um die Daten zu schützen?";Bei der Aussonderung von Speicherlösungen SOLLTE sichergestellt werden, dass alle darauf vorhandenen Daten auf andere Speicherlösungen übertragen werden Quelle: Aussonderung von Speicherlösungen. Anschließend SOLLTEN alle Nutzdaten und Konfigurationsdaten sicher gelöscht werden Quelle: Aussonderung von Speicherlösungen. Es SOLLTE auch eine Übergangsphase eingeplant werden, um den Übergang zu einer neuen Speicherlösung zu erleichtern Quelle: Aussonderung von Speicherlösungen.;"1. Wie sollten die technischen Grundlagen unterschiedlicher Speicherlösungen beleuchtet werden, um eine geeignete Speicherlösung auszuwählen?
2. Welche Aspekte sollten bei der Planung von Speicherlösungen berücksichtigt werden, um eine erfolgreiche Implementierung zu gewährleisten?
3. Wie sollten die Sicherheitsanforderungen für Speicherlösungen definiert und umgesetzt werden, um die Daten zu schützen?";3;3;0.74999999998125;1.0;1.0;0.8621454048602961;Wie sollten die technischen Grundlagen unterschiedlicher Speicherlösungen beleuchtet werden, um eine geeignete Speicherlösung auszuwählen?;-1;-1;evaluation_failed;Welche Aspekte sollten bei der Planung von Speicherlösungen berücksichtigt werden, um eine erfolgreiche Implementierung zu gewährleisten?;-1;-1;evaluation_failed;Wie sollten die Sicherheitsanforderungen für Speicherlösungen definiert und umgesetzt werden, um die Daten zu schützen?;-1;-1;evaluation_failed;;
Wie trenne ich Mandanten in Speicherlösungen bei erhöhtem Schutzbedarf?;"Um Mandanten in Speicherlösungen bei erhöhtem Schutzbedarf zu trennen, sollten Speicherressourcen aus unterschiedlichen sogenannten Speicherpools zugewiesen werden. Dabei sollte ein Speichermedium immer nur einem einzigen Pool zugewiesen werden. Die logischen Festplatten (LUNs), die aus einem solchen Pool generiert werden, sollten nur einem einzigen Mandanten zugeordnet werden Quelle: SYS.1.8.A21 Einsatz von Speicherpools zur Trennung von Mandanten (H) (S. unbekannt, da keine Seitenzahl angegeben ist).

Anschlussfragen:
1. Wie können Netzwerk-Attached-Storage-(NAS)-Systeme und Storage-Area-Networks-(SAN)-Systeme im Kontext der Speicherlösungen abgegrenzt und modelliert werden?
2. Welche Rolle spielen Objekt-Storage und Cloud Storage im Zusammenhang mit der Trennung von Mandanten in Speicherlösungen?
3. Wie sollten Datensicherungsgeräte und konzeptionelle Aspekte der Datensicherung bei der Implementierung von Speicherlösungen berücksichtigt werden?";Um Mandanten in Speicherlösungen bei erhöhtem Schutzbedarf zu trennen, sollten Speicherressourcen aus unterschiedlichen sogenannten Speicherpools zugewiesen werden. Dabei sollte ein Speichermedium immer nur einem einzigen Pool zugewiesen werden. Die logischen Festplatten (LUNs), die aus einem solchen Pool generiert werden, sollten nur einem einzigen Mandanten zugeordnet werden Quelle: SYS.1.8.A21 Einsatz von Speicherpools zur Trennung von Mandanten (H) (S. unbekannt, da keine Seitenzahl angegeben ist).;SYS.1.8.A21 Einsatz von Speicherpools zur Trennung von Mandanten (H) Mandanten SOLLTEN Speicherressourcen aus unterschiedlichen sogenannten Speicherpools zugewiesen werden. Dabei SOLLTE ein Speichermedium immer nur einem einzigen Pool zugewiesen werden. Die logischen Festplatten (LUNs), die aus einem solchen Pool generiert werden, SOLLTEN nur einem einzigen Mandanten zugeordnet werden.;"Um Mandanten in Speicherlösungen bei erhöhtem Schutzbedarf zu trennen, sollten mehrere Maßnahmen ergriffen werden. Zunächst sollten Mandanten Speicherressourcen aus unterschiedlichen Speicherpools zugewiesen werden, wobei ein Speichermedium immer nur einem einzigen Pool zugewiesen werden sollte. Die logischen Festplatten (LUNs), die aus einem solchen Pool generiert werden, sollten nur einem einzigen Mandanten zugeordnet werden. Quelle: Einsatz von Speicherpools zur Trennung von Mandanten (S. 12).

Im Block-Storage-Umfeld sollte LUN-Masking eingesetzt werden, um Mandanten voneinander zu trennen. In Fileservice-Umgebungen sollte es möglich sein, mit virtuellen Fileservern zu agieren, wobei jedem Mandanten ein eigener Fileservice zugeordnet werden sollte. Quelle: Sichere Trennung von Mandanten in Speicherlösungen (S. 2).

Bei der Schutzbedarfsteststellung sollte berücksichtigt werden, dass es Bereiche innerhalb des betrachteten Informationsverbunds gibt, in denen Informationen verarbeitet werden, die einen hohen oder sehr hohen Schutzbedarf haben. Um Risiken und Kosten einzudämmen, sollten daher Sicherheitszonen zur Trennung von Bereichen mit unterschiedlichem Schutzbedarf eingerichtet werden. Quelle: Schutzbedarfsteststellung (S. 5).

Anschlussfragen:
1. Wie können Sicherheitszonen in einer virtualisierten Infrastruktur eingerichtet werden, um den Schutzbedarf von Mandanten zu gewährleisten?
2. Welche Rolle spielen Speicherpools bei der Trennung von Mandanten in Speicherlösungen, und wie sollten sie eingerichtet werden?
3. Wie kann die Schutzbedarfsteststellung durchgeführt werden, um den Schutzbedarf von Mandanten in Speicherlösungen zu bestimmen?";"Um Mandanten in Speicherlösungen bei erhöhtem Schutzbedarf zu trennen, sollten mehrere Maßnahmen ergriffen werden. Zunächst sollten Mandanten Speicherressourcen aus unterschiedlichen Speicherpools zugewiesen werden, wobei ein Speichermedium immer nur einem einzigen Pool zugewiesen werden sollte. Die logischen Festplatten (LUNs), die aus einem solchen Pool generiert werden, sollten nur einem einzigen Mandanten zugeordnet werden. Quelle: Einsatz von Speicherpools zur Trennung von Mandanten (S. 12).

Im Block-Storage-Umfeld sollte LUN-Masking eingesetzt werden, um Mandanten voneinander zu trennen. In Fileservice-Umgebungen sollte es möglich sein, mit virtuellen Fileservern zu agieren, wobei jedem Mandanten ein eigener Fileservice zugeordnet werden sollte. Quelle: Sichere Trennung von Mandanten in Speicherlösungen (S. 2).

Bei der Schutzbedarfsteststellung sollte berücksichtigt werden, dass es Bereiche innerhalb des betrachteten Informationsverbunds gibt, in denen Informationen verarbeitet werden, die einen hohen oder sehr hohen Schutzbedarf haben. Um Risiken und Kosten einzudämmen, sollten daher Sicherheitszonen zur Trennung von Bereichen mit unterschiedlichem Schutzbedarf eingerichtet werden. Quelle: Schutzbedarfsteststellung (S. 5).";"1. Wie können Sicherheitszonen in einer virtualisierten Infrastruktur eingerichtet werden, um den Schutzbedarf von Mandanten zu gewährleisten?
2. Welche Rolle spielen Speicherpools bei der Trennung von Mandanten in Speicherlösungen, und wie sollten sie eingerichtet werden?
3. Wie kann die Schutzbedarfsteststellung durchgeführt werden, um den Schutzbedarf von Mandanten in Speicherlösungen zu bestimmen?";3;3;0.9999999999875;1.0;1.0;0.5479753587681297;Wie können Sicherheitszonen in einer virtualisierten Infrastruktur eingerichtet werden, um den Schutzbedarf von Mandanten zu gewährleisten?;-1;-1;evaluation_failed;Welche Rolle spielen Speicherpools bei der Trennung von Mandanten in Speicherlösungen, und wie sollten sie eingerichtet werden?;-1;-1;evaluation_failed;Wie kann die Schutzbedarfsteststellung durchgeführt werden, um den Schutzbedarf von Mandanten in Speicherlösungen zu bestimmen?;-1;-1;evaluation_failed;;
Welche Verschlüsselung muss ich bei Speicherlösungen für erhöhten Schutzbedarf einsetzen?;"Für Speicherlösungen mit erhöhtem Schutzbedarf SOLLTE die Verschlüsselung auf den Ebenen Data-in-Motion und Data-at-Rest eingesetzt werden Quelle: SYS.1.8.A23 (S.?). Es SOLLTE festgelegt werden, auf welchen Ebenen verschlüsselt wird, wobei die Verschlüsselung auf dem Transportweg auch bei Replikationen und Backup-Traffic relevant ist Quelle: SYS.1.8.A23 (S.?).

Anschlussfragen:
1. Welche Rolle spielt die Verschlüsselung bei der Datensicherung in Speicherlösungen?
2. Wie werden Netzwerk-Attached-Storage-(NAS)-Systeme und Storage-Area-Networks-(SAN)-Systeme im Kontext von Speicherlösungen abgegrenzt?
3. Welche Sicherheitsanforderungen müssen bei der Nutzung von Cloud Storage als Speicherlösung berücksichtigt werden?";Für Speicherlösungen mit erhöhtem Schutzbedarf SOLLTE die Verschlüsselung auf den Ebenen Data-in-Motion und Data-at-Rest eingesetzt werden Quelle: SYS.1.8.A23 (S.?). Es SOLLTE festgelegt werden, auf welchen Ebenen verschlüsselt wird, wobei die Verschlüsselung auf dem Transportweg auch bei Replikationen und Backup-Traffic relevant ist Quelle: SYS.1.8.A23 (S.?).;SYS.1.8.A23 Einsatz von Verschlüsselung für Speicherlösungen (H) Alle in Speicherlösungen abgelegten Daten SOLLTEN verschlüsselt werden. Es SOLLTE festgelegt werden, auf welchen Ebenen (Data-in-Motion und Data-at-Rest) verschlüsselt wird. Dabei SOLLTE beachtet werden, dass die Verschlüsselung auf dem Transportweg auch bei Replikationen und BackupTraffic relevant ist.;"Bei erhöhtem Schutzbedarf SOLLTEN die Datenträger des Servers mit einem als sicher geltenden Produkt oder Verfahren verschlüsselt werden, wobei eine Full Volume oder Full Disk Encryption erfolgen SOLLTE, um die Vertraulichkeit zu gewährleisten Quelle: Festplattenverschlüsselung (S.1). 

Für Speicherlösungen SOLLTEN alle abgelegten Daten verschlüsselt werden, wobei die Verschlüsselung auf den Ebenen Data-in-Motion und Data-at-Rest erfolgen SOLLTE Quelle: Einsatz von Verschlüsselung für Speicherlösungen (S.2). 

Daten mit erhöhtem Schutzbedarf SOLLTEN nur verschlüsselt gespeichert bzw. übertragen werden, wobei ein Verfahren eingesetzt werden SOLLTE, mit dem Makros und Dokumente digital signiert werden können Quelle: Einsatz von Verschlüsselung und Digitalen Signaturen (S.3).

Anschlussfragen:
1. Welche Rolle spielt die Zertifizierung von Hardwareverschlüsselung bei der Auswahl von Produkten für die Verschlüsselung des Datenbestandes?
2. Wie SOLLTE die Protokollierung von Ereignissen bei erhöhtem Schutzbedarf von Anwendungen oder IT-Systemen erfolgen?
3. Welche Anforderungen SOLLTEN an die Authentisierung und die Ablage von Wiederherstellungsinformationen bei der Verschlüsselung von Clients gestellt werden?";"Bei erhöhtem Schutzbedarf SOLLTEN die Datenträger des Servers mit einem als sicher geltenden Produkt oder Verfahren verschlüsselt werden, wobei eine Full Volume oder Full Disk Encryption erfolgen SOLLTE, um die Vertraulichkeit zu gewährleisten Quelle: Festplattenverschlüsselung (S.1). 

Für Speicherlösungen SOLLTEN alle abgelegten Daten verschlüsselt werden, wobei die Verschlüsselung auf den Ebenen Data-in-Motion und Data-at-Rest erfolgen SOLLTE Quelle: Einsatz von Verschlüsselung für Speicherlösungen (S.2). 

Daten mit erhöhtem Schutzbedarf SOLLTEN nur verschlüsselt gespeichert bzw. übertragen werden, wobei ein Verfahren eingesetzt werden SOLLTE, mit dem Makros und Dokumente digital signiert werden können Quelle: Einsatz von Verschlüsselung und Digitalen Signaturen (S.3).";"1. Welche Rolle spielt die Zertifizierung von Hardwareverschlüsselung bei der Auswahl von Produkten für die Verschlüsselung des Datenbestandes?
2. Wie SOLLTE die Protokollierung von Ereignissen bei erhöhtem Schutzbedarf von Anwendungen oder IT-Systemen erfolgen?
3. Welche Anforderungen SOLLTEN an die Authentisierung und die Ablage von Wiederherstellungsinformationen bei der Verschlüsselung von Clients gestellt werden?";3;3;0.9999999999875;1.0;1.0;0.5495392620304745;Welche Rolle spielt die Zertifizierung von Hardwareverschlüsselung bei der Auswahl von Produkten für die Verschlüsselung des Datenbestandes?;-1;-1;evaluation_failed;Wie SOLLTE die Protokollierung von Ereignissen bei erhöhtem Schutzbedarf von Anwendungen oder IT-Systemen erfolgen?;-1;-1;evaluation_failed;Welche Anforderungen SOLLTEN an die Authentisierung und die Ablage von Wiederherstellungsinformationen bei der Verschlüsselung von Clients gestellt werden?;-1;-1;evaluation_failed;;
Wie stelle ich die Integrität der SAN-Fabric bei erhöhtem Schutzbedarf sicher?;"Um die Integrität der SAN-Fabric bei erhöhtem Schutzbedarf sicherzustellen, SOLLTEN Protokolle mit zusätzlichen Sicherheitsmerkmalen eingesetzt werden, wie z.B. Diffie Hellman Challenge Handshake Authentication Protocol (DH-CHAP), Fibre Channel Authentication Protocol (FCAP) und Fibre Channel Password Authentication Protocol (FCPAP) Quelle: SYS.1.8.A24. 

Bei der Konfiguration der SAN-Fabric sollte auch der Baustein NET.1.1 Netzarchitektur und -design berücksichtigt werden, um eine sichere Netzarchitektur zu gewährleisten Quelle: Kap. 1.3 Abgrenzung und Modellierung – SYS.1.8 Speicherlösungen. 

Darüber hinaus sollten auch die Anforderungen des Bausteins ORP.4 Identitäts- und Berechtigungsmanagement beachtet werden, um eine geeignete Rollen- und Rechteverwaltung für die Speicherlösungen zu gewährleisten Quelle: Kap. 1.3 Abgrenzung und Modellierung – SYS.1.8 Speicherlösungen.

Anschlussfragen:
1. Wie können die Sicherheitsmerkmale von Protokollen wie DH-CHAP, FCAP und FCPAP genutzt werden, um die Integrität der SAN-Fabric zu erhöhen?
2. Welche Rolle spielt der Baustein NET.1.1 Netzarchitektur und -design bei der Sicherstellung der Integrität der SAN-Fabric?
3. Wie können die Anforderungen des Bausteins ORP.4 Identitäts- und Berechtigungsmanagement bei der Konfiguration von Speicherlösungen berücksichtigt werden?";"Um die Integrität der SAN-Fabric bei erhöhtem Schutzbedarf sicherzustellen, SOLLTEN Protokolle mit zusätzlichen Sicherheitsmerkmalen eingesetzt werden, wie z.B. Diffie Hellman Challenge Handshake Authentication Protocol (DH-CHAP), Fibre Channel Authentication Protocol (FCAP) und Fibre Channel Password Authentication Protocol (FCPAP) Quelle: SYS.1.8.A24. 

Bei der Konfiguration der SAN-Fabric sollte auch der Baustein NET.1.1 Netzarchitektur und -design berücksichtigt werden, um eine sichere Netzarchitektur zu gewährleisten Quelle: Kap. 1.3 Abgrenzung und Modellierung – SYS.1.8 Speicherlösungen. 

Darüber hinaus sollten auch die Anforderungen des Bausteins ORP.4 Identitäts- und Berechtigungsmanagement beachtet werden, um eine geeignete Rollen- und Rechteverwaltung für die Speicherlösungen zu gewährleisten Quelle: Kap. 1.3 Abgrenzung und Modellierung – SYS.1.8 Speicherlösungen.";"SYS.1.8.A24 Sicherstellung der Integrität der SAN-Fabric (H) Um die Integrität der SAN-Fabric sicherzustellen, SOLLTEN Protokolle mit zusätzlichen Sicherheitsmerkmalen eingesetzt werden. Bei den folgenden Protokollen SOLLTEN deren Sicherheitseigenschaften berücksichtigt und entsprechende Konfigurationen verwendet werden:

• Diffie Hellman Challenge Handshake Authentication Protocol (DH-CHAP),

• Fibre Channel Authentication Protocol (FCAP) und

• Fibre Channel Password Authentication Protocol (FCPAP).";"Um die Integrität der SAN-Fabric bei erhöhtem Schutzbedarf sicherzustellen, SOLLTEN Protokolle mit zusätzlichen Sicherheitsmerkmalen eingesetzt werden, wie z. B. Diffie Hellman Challenge Handshake Authentication Protocol (DH-CHAP), Fibre Channel Authentication Protocol (FCAP) und Fibre Channel Password Authentication Protocol (FCPAP) Quelle: Speicherlösungen (S.1). 

Eine hochverfügbare SAN-Lösung SOLLTE eingesetzt werden, um den Verfügbarkeitsanforderungen der Institution an die Speicherlösung zu entsprechen Quelle: Einsatz einer hochverfügbaren SAN-Lösung (S.2). 

Außerdem SOLLTE ein SAN segmentiert werden, um die SAN-Ressourcen den jeweiligen Servern zuzuordnen Quelle: Absicherung eines SANs durch Segmentierung (S.3).

Anschlussfragen:
1. Wie kann die Sicherheit von Speicherkomponenten durch unsichere Default-Einstellungen beeinträchtigt werden?
2. Welche Risiken birgt die automatisierte Replikation unverschlüsselter Daten in einem Speichernetz?
3. Wie kann die Integrität und Authentizität von Anwendungsprogrammen und Konfigurationsdaten auf einem Logiksystem gewährleistet werden?";"Um die Integrität der SAN-Fabric bei erhöhtem Schutzbedarf sicherzustellen, SOLLTEN Protokolle mit zusätzlichen Sicherheitsmerkmalen eingesetzt werden, wie z. B. Diffie Hellman Challenge Handshake Authentication Protocol (DH-CHAP), Fibre Channel Authentication Protocol (FCAP) und Fibre Channel Password Authentication Protocol (FCPAP) Quelle: Speicherlösungen (S.1). 

Eine hochverfügbare SAN-Lösung SOLLTE eingesetzt werden, um den Verfügbarkeitsanforderungen der Institution an die Speicherlösung zu entsprechen Quelle: Einsatz einer hochverfügbaren SAN-Lösung (S.2). 

Außerdem SOLLTE ein SAN segmentiert werden, um die SAN-Ressourcen den jeweiligen Servern zuzuordnen Quelle: Absicherung eines SANs durch Segmentierung (S.3).";"1. Wie kann die Sicherheit von Speicherkomponenten durch unsichere Default-Einstellungen beeinträchtigt werden?
2. Welche Risiken birgt die automatisierte Replikation unverschlüsselter Daten in einem Speichernetz?
3. Wie kann die Integrität und Authentizität von Anwendungsprogrammen und Konfigurationsdaten auf einem Logiksystem gewährleistet werden?";3;3;0.9266666666481335;1.0;1.0;0.7251675101191409;Wie kann die Sicherheit von Speicherkomponenten durch unsichere Default-Einstellungen beeinträchtigt werden?;-1;-1;evaluation_failed;Welche Risiken birgt die automatisierte Replikation unverschlüsselter Daten in einem Speichernetz?;-1;-1;evaluation_failed;Wie kann die Integrität und Authentizität von Anwendungsprogrammen und Konfigurationsdaten auf einem Logiksystem gewährleistet werden?;-1;-1;evaluation_failed;;
Wie erfolgt die Vererbung des Schutzbedarfs von Geschäftsprozessen und Anwendungen auf IT-Systeme, und welche Effekte müssen dabei berücksichtigt werden?;"Die Vererbung des Schutzbedarfs von Geschäftsprozessen und Anwendungen auf IT-Systeme erfolgt durch die Betrachtung der möglichen Schäden und ihrer Folgen auf die für deren Verarbeitung genutzten Objekte, wie Anwendungen, IT-Systeme, ICS- und sonstige Geräte, Räume und Kommunikationsverbindungen (Vererbung) Quelle: 8.2.2 Vorgehen bei der Schutzbedarfsfeststellung (S.1). Dabei müssen die verschiedenen betrachteten Objekte eines Informationsverbunds und ihre Abhängigkeiten berücksichtigt werden, um den Schutzbedarf eines Objektes zu bestimmen Quelle: 8.2.2 Vorgehen bei der Schutzbedarfsfeststellung (S.1). Es müssen auch Effekte wie der Kumulationseffekt, bei dem durch die Kumulation mehrerer kleinerer Schäden auf einem IT-System ein insgesamt höherer Gesamtschaden entstehen kann, und der Verteilungseffekt, bei dem der Schutzbedarf einer Anwendung nicht vollständig auf ein IT-System übertragen wird, wenn nur unwesentliche Teilbereiche der Anwendung auf diesem IT-System laufen, berücksichtigt werden Quelle: 8.2.2 Vorgehen bei der Schutzbedarfsfeststellung (S.1).

Anschlussfragen:
1. Wie werden die möglichen Schäden und ihre Folgen bei der Vererbung des Schutzbedarfs von Geschäftsprozessen und Anwendungen auf IT-Systeme berücksichtigt?
2. Welche Rolle spielen Abhängigkeiten zwischen verschiedenen Objekten eines Informationsverbunds bei der Bestimmung des Schutzbedarfs?
3. Wie können Kumulationseffekte und Verteilungseffekte den Schutzbedarf von IT-Systemen beeinflussen?";Die Vererbung des Schutzbedarfs von Geschäftsprozessen und Anwendungen auf IT-Systeme erfolgt durch die Betrachtung der möglichen Schäden und ihrer Folgen auf die für deren Verarbeitung genutzten Objekte, wie Anwendungen, IT-Systeme, ICS- und sonstige Geräte, Räume und Kommunikationsverbindungen (Vererbung) Quelle: 8.2.2 Vorgehen bei der Schutzbedarfsfeststellung (S.1). Dabei müssen die verschiedenen betrachteten Objekte eines Informationsverbunds und ihre Abhängigkeiten berücksichtigt werden, um den Schutzbedarf eines Objektes zu bestimmen Quelle: 8.2.2 Vorgehen bei der Schutzbedarfsfeststellung (S.1). Es müssen auch Effekte wie der Kumulationseffekt, bei dem durch die Kumulation mehrerer kleinerer Schäden auf einem IT-System ein insgesamt höherer Gesamtschaden entstehen kann, und der Verteilungseffekt, bei dem der Schutzbedarf einer Anwendung nicht vollständig auf ein IT-System übertragen wird, wenn nur unwesentliche Teilbereiche der Anwendung auf diesem IT-System laufen, berücksichtigt werden Quelle: 8.2.2 Vorgehen bei der Schutzbedarfsfeststellung (S.1).;"8.2.2 Vorgehen bei der Schutzbedarfsfeststellung 
Der für diese Elemente ermittelte Schutzbedarf vererbt sich auf die für deren Verarbeitung genutzten Objekte, also Anwendungen, IT-Systeme, ICS- und sonstige Geräte, Räume und Kommunikationsverbindungen (Vererbung). Zur Ermittlung des Schutzbedarfs eines Objektes müssen die möglichen Schäden der relevanten Teilobjekte in ihrer Gesamtheit betrachtet werden. Beispielsweise müsste bei einem IT-System beleuchtet werden, welche Auswirkungen Schäden bei den darauf betriebenen Anwendungen und den damit verarbeiteten Informationen haben. Im Wesentlichen bestimmt der Schaden bzw. die Summe der Schäden mit den schwerwiegendsten Auswirkungen den Schutzbedarf eines Objektes (Maximumprinzip). Bei der Betrachtung der möglichen Schäden und ihrer Folgen muss auch beachtet werden, dass die verschiedenen betrachteten Objekte eines Informationsverbunds natürlich eng miteinander verzahnt sind. So kann z. B. eine IT-Anwendung Arbeitsergebnisse anderer Anwendungen als Input nutzen. Eine, für sich betrachtet, weniger bedeutende Anwendung A kann wesentlich an Wert gewinnen, wenn eine andere wichtige Anwendung B auf ihre Ergebnisse angewiesen ist. In diesem Fall muss der ermittelte Schutzbedarf der Anwendung B auch auf die Anwendung A übertragen werden. Handelt es sich dabei um Anwendungen verschiedener IT-Systeme, dann müssen Schutzbedarfsanforderun? gen des einen IT-Systems auch auf das andere übertragen werden (Beachtung von Abhängigkeiten). Werden mehrere Anwendungen bzw. Informationen auf einem IT-System (oder in einem Raum oder über eine Kommunikationsverbindung) verarbeitet, so ist zu überlegen, ob durch Kumulation meh? rerer (z. B. kleinerer) Schäden auf einem IT-System ein insgesamt höherer Gesamtschaden entstehen kann. Dann erhöht sich der Schutzbedarf des Objektes, also hier des IT-Systems, entsprechend (Kumulationseffekt).

Auch der umgekehrte Effekt kann eintreten. So ist es möglich, dass eine Anwendung einen hohen Schutzbedarf besitzt, ihn aber deshalb nicht auf ein betrachtetes IT-System überträgt, weil auf diesem IT-System nur unwesentliche Teilbereiche der Anwendung laufen. Hier ist der Schutzbedarf zu relativieren (Verteilungseffekt). Der Verteilungseffekt kann natürlich auch bei anderen Zielobjekten, wie beispielsweise Räumen, Gebäuden oder Kommunikationsverbindungen, auftreten. Beispiel: Der Verteilungseffekt tritt hauptsächlich bezüglich des Grundwertes der Verfügbarkeit auf. So kann bei redundanter Auslegung von IT-Systemen der Schutzbedarf der Einzelkomponenten nied? riger sein als der Schutzbedarf der Gesamtanwendung. Auch im Bereich der Vertraulichkeit sind Ver? teilungseffekte vorstellbar: Falls sichergestellt ist, dass ein Client nur unkritische Daten einer hochver? traulichen Datenbankanwendung abrufen kann, so besitzt der Client im Vergleich zum Datenbank? server unter Umständen einen geringeren Schutzbedarf. Ein Verteilungseffekt tritt häufig auf, wenn bei der Einrichtung oder dem Aufbau von Zielobjekten durch entsprechende Redundanzen bereits den Anforderungen an einen hohen Schutzbedarf Rechnung getragen wurde. Dies ist im Grunde ein Vorgriff auf Betrachtungen, die im Rahmen der Risiko? analyse erforderlich sind. Deshalb sollten im Rahmen der Schutzbedarfsfeststellung getroffene Ent? scheidungen sorgfältig dokumentiert werden.";"Die Vererbung des Schutzbedarfs von Geschäftsprozessen und Anwendungen auf IT-Systeme erfolgt durch die Analyse der Abhängigkeiten zwischen diesen Elementen. Zunächst wird der Schutzbedarf der Geschäftsprozesse und Anwendungen bestimmt, der dann auf die für deren Verarbeitung genutzten Objekte, wie IT-Systeme, vererbt wird. Bei dieser Vererbung müssen mögliche Schäden und ihre Folgen berücksichtigt werden, einschließlich des Maximumprinzips, wonach der Schaden mit den schwerwiegendsten Auswirkungen den Schutzbedarf bestimmt. Es müssen auch Abhängigkeiten zwischen verschiedenen Objekten und ein möglicher Kumulationseffekt berücksichtigt werden, bei dem durch die Kombination mehrerer kleinerer Schäden ein höherer Gesamtschaden entstehen kann. Quelle: Kapitel ""Schutzbedarf"" (S.12-15).

Anschlussfragen:
1. Wie wird der Schutzbedarf von virtuellen IT-Systemen auf den Virtualisierungsserver vererbt?
2. Welche Rolle spielt der Kumulationseffekt bei der Bestimmung des Schutzbedarfs von IT-Systemen?
3. Wie werden Abhängigkeiten zwischen verschiedenen Objekten bei der Schutzbedarfsfeststellung berücksichtigt?";"Die Vererbung des Schutzbedarfs von Geschäftsprozessen und Anwendungen auf IT-Systeme erfolgt durch die Analyse der Abhängigkeiten zwischen diesen Elementen. Zunächst wird der Schutzbedarf der Geschäftsprozesse und Anwendungen bestimmt, der dann auf die für deren Verarbeitung genutzten Objekte, wie IT-Systeme, vererbt wird. Bei dieser Vererbung müssen mögliche Schäden und ihre Folgen berücksichtigt werden, einschließlich des Maximumprinzips, wonach der Schaden mit den schwerwiegendsten Auswirkungen den Schutzbedarf bestimmt. Es müssen auch Abhängigkeiten zwischen verschiedenen Objekten und ein möglicher Kumulationseffekt berücksichtigt werden, bei dem durch die Kombination mehrerer kleinerer Schäden ein höherer Gesamtschaden entstehen kann. Quelle: Kapitel ""Schutzbedarf"" (S.12-15).";"1. Wie wird der Schutzbedarf von virtuellen IT-Systemen auf den Virtualisierungsserver vererbt?
2. Welche Rolle spielt der Kumulationseffekt bei der Bestimmung des Schutzbedarfs von IT-Systemen?
3. Wie werden Abhängigkeiten zwischen verschiedenen Objekten bei der Schutzbedarfsfeststellung berücksichtigt?";3;3;0.9999999999875;1.0;1.0;0.6900920607599128;Wie wird der Schutzbedarf von virtuellen IT-Systemen auf den Virtualisierungsserver vererbt?;-1;-1;evaluation_failed;Welche Rolle spielt der Kumulationseffekt bei der Bestimmung des Schutzbedarfs von IT-Systemen?;-1;-1;evaluation_failed;Wie werden Abhängigkeiten zwischen verschiedenen Objekten bei der Schutzbedarfsfeststellung berücksichtigt?;-1;-1;evaluation_failed;;
