Frage;Antwort;Antwort (Hauptteil);Fundstellen;Generierte Antwort;Generierte Antwort (Hauptteil);Generierte Anschlussfragen;followup_count_generated;followup_count_truth;context_precision;context_recall;faithfulness;answer_correctness;followup_avg_answerability;followup_avg_relevance
Welche Prozesse dürfen grundsätzlich ausgelagert werden?;"Grundsätzlich dürfen Prozesse ausgelagert werden, wenn sie potenziell ausgelagert werden sollen und eine risikoorientierte Bewertung durchgeführt wurde. Diese Bewertung sollte auf Basis von Anforderungsprofilen erfolgen, die die Funktion, verarbeitete Daten, Schnittstellen sowie eine Bewertung der Informationssicherheit enthalten. Quelle: OPS.2.3.A1 (S. nicht spezifiziert).

Es ist wichtig zu beachten, dass der Baustein OPS.2.3 Nutzung von Outsourcing für jede oder jeden Anbietenden von Outsourcing aus Sicht des Nutzenden von Outsourcing einmal anzuwenden ist. Quelle: Kap. 1.3 Abgrenzung und Modellierung – OPS.2.3 Nutzung von Outsourcing.

Anschlussfragen:
1. Welche Anforderungen müssen bei der Erstellung von Anforderungsprofilen für Prozesse berücksichtigt werden?
2. Wie oft sollten ausgelagerte Prozesse erneut risikoorientiert betrachtet werden?
3. Welche Bausteine sind für die Nutzung von Cloud-Diensten und das Anbieten von Outsourcing relevant?";"Grundsätzlich dürfen Prozesse ausgelagert werden, wenn sie potenziell ausgelagert werden sollen und eine risikoorientierte Bewertung durchgeführt wurde. Diese Bewertung sollte auf Basis von Anforderungsprofilen erfolgen, die die Funktion, verarbeitete Daten, Schnittstellen sowie eine Bewertung der Informationssicherheit enthalten. Quelle: OPS.2.3.A1 (S. nicht spezifiziert).

Es ist wichtig zu beachten, dass der Baustein OPS.2.3 Nutzung von Outsourcing für jede oder jeden Anbietenden von Outsourcing aus Sicht des Nutzenden von Outsourcing einmal anzuwenden ist. Quelle: Kap. 1.3 Abgrenzung und Modellierung – OPS.2.3 Nutzung von Outsourcing.";"""OPS.2.3.A1 Erstellung von Anforderungsprofilen für Prozesse (B) [Fachverantwortliche]
Falls keine Business-Impact-Analyse (BIA) vorhanden ist, MÜSSEN Anforderungsprofile in Form von Steckbriefen für die Prozesse angefertigt werden, die potenziell ausgelagert werden sollen. Diese Anforderungsprofile MÜSSEN die Funktion, verarbeite Daten, Schnittstellen sowie eine Bewertung der Informationssicherheit enthalten. Insbesondere MÜSSEN die Abhängigkeiten zwischen den Prozessen sowie zu untergeordneten Teilprozessen berücksichtigt werden. Die Anforderungsprofile MÜSSEN die Kritikalität des jeweiligen Prozesses für den ordentlichen Geschäftsbetrieb abbilden."",
""OPS.2.3.A2 Verfolgung eines risikoorientierten Ansatzes im
Auslagerungsmanagement (B)
Für Prozesse, die potenziell ausgelagert werden sollen, MUSS risikoorientiert betrachtet und entschieden werden, ob diese ausgelagert werden können. Für diese Bewertung SOLLTEN die Anforderungsprofile als Grundlage genutzt werden. Wenn der Prozess ausgelagert wird, SOLLTE das Resultat im Auslagerungsregister abgelegt werden. Um Änderungen an Prozessen oder der Gefährdungslage zu berücksichtigen, MÜSSEN in regelmäßigen Abständen sowie anlassbezogen die ausgelagerten Prozesse erneut risikoorientiert betrachtet werden.""";"Antwort:

**ORP.4.A8 Passwörter (B)**

Passwörter MÜSSEN mindestens 8 Zeichen lang sein Quelle: ORP.4.A8 (S.73).

**ORP.4.A9 Passwörter (B)**

Passwörter SOLLTEN regelmäßig geändert werden Quelle: ORP.4.A9 (S.74).

**ORP.4.A10 Passwörter (B)**

Passwörter SOLLTEN nicht an Dritte weitergegeben werden Quelle: ORP.4.A10 (S.75).

Anschlussfragen:

1. Welche anderen Anforderungen müssen bei der Einbindung externer Dienstleister erfüllt werden?
2. Wie kann die Transparenz über die Outsourcing-Kette der ausgelagerten Kundenprozesse verbessert werden?
3. Welche Rolle spielen Zertifikate bei der Einbindung externer Dienstleister?";"Antwort:

**ORP.4.A8 Passwörter (B)**

Passwörter MÜSSEN mindestens 8 Zeichen lang sein Quelle: ORP.4.A8 (S.73).

**ORP.4.A9 Passwörter (B)**

Passwörter SOLLTEN regelmäßig geändert werden Quelle: ORP.4.A9 (S.74).

**ORP.4.A10 Passwörter (B)**

Passwörter SOLLTEN nicht an Dritte weitergegeben werden Quelle: ORP.4.A10 (S.75).";"1. Welche anderen Anforderungen müssen bei der Einbindung externer Dienstleister erfüllt werden?
2. Wie kann die Transparenz über die Outsourcing-Kette der ausgelagerten Kundenprozesse verbessert werden?
3. Welche Rolle spielen Zertifikate bei der Einbindung externer Dienstleister?";3;3;0.555555555537037;1.0;0.3333333333333333;0.2837603433195178;;
Welche Aufgaben hat der oder die Informationssicherheitsbeauftragte (ISB)?;"Der oder die Informationssicherheitsbeauftragte (ISB) hat mehrere wichtige Aufgaben. Diese umfassen die Förderung der Informationssicherheit in der Institution, die Mitsteuerung und Koordination des Sicherheitsprozesses sowie die Beteiligung an größeren Projekten und der Einführung neuer Anwendungen und IT-Systeme Quelle: ISMS.1.A4 Benennung eines oder einer Informationssicherheitsbeauftragten (S.1). 

Weiterhin ist der ISB zuständig für die Wahrnehmung aller Belange der Informationssicherheit innerhalb der Institution. Seine Hauptaufgabe besteht darin, die Behörden bzw. Unternehmensleitung bei deren Aufgabenwahrnehmung bezüglich der Informationssicherheit zu beraten und diese bei der Umsetzung zu unterstützen Quelle: BSI-Standard 200-2, 4.4 Der Informationssicherheitsbeauftragte (S.4). 

Dazu gehören unter anderem die Steuerung des Informationssicherheitsprozesses, die Unterstützung bei der Erstellung von Leitlinien und Sicherheitskonzepten, die Koordination von Sicherheitsmaßnahmen und die Initiierung von Sensibilisierungs- und Schulungsmaßnahmen Quelle: BSI-Standard 200-2, 4.4 Der Informationssicherheitsbeauftragte (S.4).

Anschlussfragen:
1. Welche Rolle spielt der ISB bei der Erstellung von Sicherheitskonzepten und Notfallvorsorgekonzepten?
2. Wie sollte der ISB bei der Planung und Einführung neuer Anwendungen und IT-Systeme beteiligt sein?
3. Welche Bedeutung haben regelmäßige Sicherheitsrevisionen und Sensibilisierungsmaßnahmen für die Informationssicherheit in der Institution?";"Der oder die Informationssicherheitsbeauftragte (ISB) hat mehrere wichtige Aufgaben. Diese umfassen die Förderung der Informationssicherheit in der Institution, die Mitsteuerung und Koordination des Sicherheitsprozesses sowie die Beteiligung an größeren Projekten und der Einführung neuer Anwendungen und IT-Systeme Quelle: ISMS.1.A4 Benennung eines oder einer Informationssicherheitsbeauftragten (S.1). 

Weiterhin ist der ISB zuständig für die Wahrnehmung aller Belange der Informationssicherheit innerhalb der Institution. Seine Hauptaufgabe besteht darin, die Behörden bzw. Unternehmensleitung bei deren Aufgabenwahrnehmung bezüglich der Informationssicherheit zu beraten und diese bei der Umsetzung zu unterstützen Quelle: BSI-Standard 200-2, 4.4 Der Informationssicherheitsbeauftragte (S.4). 

Dazu gehören unter anderem die Steuerung des Informationssicherheitsprozesses, die Unterstützung bei der Erstellung von Leitlinien und Sicherheitskonzepten, die Koordination von Sicherheitsmaßnahmen und die Initiierung von Sensibilisierungs- und Schulungsmaßnahmen Quelle: BSI-Standard 200-2, 4.4 Der Informationssicherheitsbeauftragte (S.4).";"""ISMS.1.A4 Benennung eines oder einer Informationssicherheitsbeauftragten (B) [Institutionsleitung]  
Die Institutionsleitung MUSS einen oder eine ISB benennen. Der oder die ISB MUSS die Informationssicherheit in der Institution fördern und den Sicherheitsprozess mitsteuern und koordinieren. Die Institutionsleitung MUSS den oder die ISB mit angemessenen Ressourcen ausstatten. Die Institutionsleitung MUSS dem oder der ISB die Möglichkeit einräumen, bei Bedarf direkt an sie selbst zu berichten. Der oder die ISB MUSS bei allen größeren Projekten sowie bei der Einführung neuer Anwendungen und IT-Systeme frühzeitig beteiligt werden."",

""BSI-Standard 200-2, 4.4 Der Informationssicherheitsbeauftragte 
Zuständigkeiten und Aufgaben
Der Informationssicherheitsbeauftragte ist zuständig für die Wahrnehmung aller Belange der Informationssicherheit innerhalb der Institution. Die Hauptaufgabe des ISB besteht darin, die Behörden bzw. Unternehmensleitung bei deren Aufgabenwahrnehmung bezüglich der Informationssicherheit zu beraten und diese bei der Umsetzung zu unterstützen. Seine Aufgaben umfassen unter anderem:
•den Informationssicherheitsprozess zu steuern und an allen damit zusammenhängenden Aufgaben mitzuwirken,
•die Leitungsebene bei der Erstellung der Leitlinie zur Informationssicherheit zu unterstützen,
•die Erstellung des Sicherheitskonzepts, des Notfallvorsorgekonzepts und andererTeilkonzepte und System-Sicherheitsrichtlinien zu koordinieren sowie weitere Richtlinien und Regelungen zur Informationssicherheit zu erlassen,
•die Realisierung von Sicherheitsmaßnahmen zu initiieren und zu überprüfen,
•der Leitungsebene und dem IS-Management-Team über den Status quo der Informationssicherheit zu berichten,
•sicherheitsrelevante Projekte zu koordinieren,
•Sicherheitsvorfälle zu untersuchen und
•Sensibilisierungs-und Schulungsmaßnahmen zur Informationssicherheit zu initiieren und koordinieren.
Der ISB ist außerdem bei allen größeren Projekten, die deutliche Auswirkungen auf die Informationsverarbeitung haben könnten, zu beteiligen, um die Beachtung von Sicherheitsaspekten in den verschiedenen Projektphasen zu gewährleisten. So sollte der ISB bei der Planung und Einführung neuer Anwendungen und IT-Systeme ebenso beteiligt sein wie bei neuen ICS-Komponenten oder wesentlichen Änderungen der Infrastruktur.""
";"Antwort:

Der Informationssicherheitsbeauftragte (ISB) ist zuständig für die Wahrnehmung aller Belange der Informationssicherheit innerhalb der Institution. Seine Hauptaufgaben umfassen die Beratung und Unterstützung der Behörden- oder Unternehmensleitung bei ihren Aufgaben im Bereich der Informationssicherheit, die Steuerung des Informationssicherheitsprozesses und die Mitwirkung an allen damit zusammenhängenden Aufgaben.

Der ISB ist für die folgenden Aufgaben zuständig:

- Die Leitungsebene bei der Erstellung der Leitlinie zur Informationssicherheit zu unterstützen
- Die Erstellung des Sicherheitskonzepts, des Notfallvorsorgekonzepts und anderer Teilkonzepte und System-Sicherheitsrichtlinien zu koordinieren
- Die Realisierung von Sicherheitsmaßnahmen zu initiieren und zu überprüfen
- Der Leitungsebene und dem IS-Management-Team über den Status quo der Informationssicherheit zu berichten
- Sicherheitsrelevante Projekte zu koordinieren
- Sicherheitsvorfälle zu untersuchen und Sensibilisierungs- und Schulungsmaßnahmen zur Informationssicherheit zu initiieren und koordinieren

Der ISB ist auch für die Koordination und Umsetzung der Sicherheitsvorgaben der Informationssicherheitsleitlinie und weiterer Richtlinien im Bereich ICS zuständig.

Quelle: ORP.1.A1 Festlegung von Verantwortlichkeiten und Regelungen (B) [Institutionsleitung]

Anschlussfragen:

1. Wie sollte die Rolle des Informationssicherheitsbeauftragten in der Institution organisiert werden?
2. Welche Qualifikationen sollten der Informationssicherheitsbeauftragte und der ICS-Informationssicherheitsbeauftragte haben?
3. Wie sollte die Kommunikation zwischen den verschiedenen Rollen und Bereichen innerhalb der Institution sichergestellt werden?";"Antwort:

Der Informationssicherheitsbeauftragte (ISB) ist zuständig für die Wahrnehmung aller Belange der Informationssicherheit innerhalb der Institution. Seine Hauptaufgaben umfassen die Beratung und Unterstützung der Behörden- oder Unternehmensleitung bei ihren Aufgaben im Bereich der Informationssicherheit, die Steuerung des Informationssicherheitsprozesses und die Mitwirkung an allen damit zusammenhängenden Aufgaben.

Der ISB ist für die folgenden Aufgaben zuständig:

- Die Leitungsebene bei der Erstellung der Leitlinie zur Informationssicherheit zu unterstützen
- Die Erstellung des Sicherheitskonzepts, des Notfallvorsorgekonzepts und anderer Teilkonzepte und System-Sicherheitsrichtlinien zu koordinieren
- Die Realisierung von Sicherheitsmaßnahmen zu initiieren und zu überprüfen
- Der Leitungsebene und dem IS-Management-Team über den Status quo der Informationssicherheit zu berichten
- Sicherheitsrelevante Projekte zu koordinieren
- Sicherheitsvorfälle zu untersuchen und Sensibilisierungs- und Schulungsmaßnahmen zur Informationssicherheit zu initiieren und koordinieren

Der ISB ist auch für die Koordination und Umsetzung der Sicherheitsvorgaben der Informationssicherheitsleitlinie und weiterer Richtlinien im Bereich ICS zuständig.

Quelle: ORP.1.A1 Festlegung von Verantwortlichkeiten und Regelungen (B) [Institutionsleitung]";"1. Wie sollte die Rolle des Informationssicherheitsbeauftragten in der Institution organisiert werden?
2. Welche Qualifikationen sollten der Informationssicherheitsbeauftragte und der ICS-Informationssicherheitsbeauftragte haben?
3. Wie sollte die Kommunikation zwischen den verschiedenen Rollen und Bereichen innerhalb der Institution sichergestellt werden?";3;3;0.8134920634785053;0.28865979381443296;0.7;0.5745356139355718;;
Was sollten Management-Berichte zur Informationssicherheit enthalten?;"Management-Berichte zur Informationssicherheit sollten die wesentlichen relevanten Informationen über den Sicherheitsprozess enthalten, insbesondere über Probleme, Erfolge und Verbesserungsmöglichkeiten Quelle: ISMS.1.A12 (S). Sie sollten auch klar priorisierte Maßnahmenvorschläge enthalten, die mit realistischen Abschätzungen zum erwarteten Umsetzungsaufwand versehen sind Quelle: ISMS.1.A12 (S). 

Anschlussfragen:
1. Wie sollten die Management-Berichte zur Informationssicherheit archiviert werden?
2. Welche Rolle spielt die Institutionsleitung bei der Erstellung von Management-Berichten zur Informationssicherheit?
3. Wie oft sollten Sicherheitsrevisionen in der Institution durchgeführt werden?";Management-Berichte zur Informationssicherheit sollten die wesentlichen relevanten Informationen über den Sicherheitsprozess enthalten, insbesondere über Probleme, Erfolge und Verbesserungsmöglichkeiten Quelle: ISMS.1.A12 (S). Sie sollten auch klar priorisierte Maßnahmenvorschläge enthalten, die mit realistischen Abschätzungen zum erwarteten Umsetzungsaufwand versehen sind Quelle: ISMS.1.A12 (S).;"ISMS.1.A12 Management-Berichte zur Informationssicherheit (S) [Institutionsleitung]  
Die Institutionsleitung SOLLTE sich regelmäßig über den Stand der Informationssicherheit informieren, insbesondere über die aktuelle Gefährdungslage sowie die Wirksamkeit und Effizienz des Sicherheitsprozesses. Dazu SOLLTEN Management-Berichte geschrieben werden, welche die wesentlichen relevanten Informationen über den Sicherheitsprozess enthalten, insbesondere über Probleme, Erfolge und Verbesserungsmöglichkeiten. Die Management-Berichte SOLLTEN klar priorisierte Maßnahmenvorschläge enthalten. Die Maßnahmenvorschläge SOLLTEN mit realistischen Abschätzungen zum erwarteten Umsetzungsaufwand versehen sein. Die Management-Berichte SOLLTEN revisionssicher archiviert werden. Die Management-Entscheidungen über erforderliche Aktionen, den Umgang mit Restrisiken und mit 
Veränderungen von sicherheitsrelevanten Prozessen SOLLTEN dokumentiert sein. Die Management-Entscheidungen SOLLTEN revisionssicher archiviert werden.

";"Managementberichte zur Informationssicherheit sollten folgende Punkte enthalten:

- Status und Umsetzungsgrad des Sicherheitskonzepts (Quelle: APP.3.1.A1 (S.391))
- Ergebnisse von Audits und Datenschutzkontrollen (Quelle: APP.3.1.A1 (S.391))
- Berichte über Sicherheitsvorfälle (Quelle: APP.3.1.A1 (S.391))
- Berichte über bisherige Erfolge und Probleme beim Informationssicherheitsprozess (Quelle: APP.3.1.A1 (S.391))
- Berichte über die Reduzierung bestehender Umsetzungsdefizite und der damit verbundenen Risiken (Risikobehandlungsplan, siehe BSI-Standard 200-3) (Quelle: APP.3.1.A1 (S.391))

Diese Informationen sollten in Managementberichten aufbereitet und der Leitungsebene vom ISB regelmäßig und in angemessener Form übermittelt werden. Die Leitungsebene nimmt die Managementberichte zur Kenntnis und veranlasst eventuell notwendige Maßnahmen.

Anschlussfragen:

1. Wie oft sollten Managementberichte zur Informationssicherheit erstellt werden?
2. Wer ist verantwortlich für die Erstellung und Übermittlung von Managementberichten?
3. Welche Rolle spielt die Leitungsebene bei der Überprüfung und Umsetzung von Managementberichten?";"Managementberichte zur Informationssicherheit sollten folgende Punkte enthalten:

- Status und Umsetzungsgrad des Sicherheitskonzepts (Quelle: APP.3.1.A1 (S.391))
- Ergebnisse von Audits und Datenschutzkontrollen (Quelle: APP.3.1.A1 (S.391))
- Berichte über Sicherheitsvorfälle (Quelle: APP.3.1.A1 (S.391))
- Berichte über bisherige Erfolge und Probleme beim Informationssicherheitsprozess (Quelle: APP.3.1.A1 (S.391))
- Berichte über die Reduzierung bestehender Umsetzungsdefizite und der damit verbundenen Risiken (Risikobehandlungsplan, siehe BSI-Standard 200-3) (Quelle: APP.3.1.A1 (S.391))

Diese Informationen sollten in Managementberichten aufbereitet und der Leitungsebene vom ISB regelmäßig und in angemessener Form übermittelt werden. Die Leitungsebene nimmt die Managementberichte zur Kenntnis und veranlasst eventuell notwendige Maßnahmen.";"1. Wie oft sollten Managementberichte zur Informationssicherheit erstellt werden?
2. Wer ist verantwortlich für die Erstellung und Übermittlung von Managementberichten?
3. Welche Rolle spielt die Leitungsebene bei der Überprüfung und Umsetzung von Managementberichten?";3;3;0.7470238095051339;0.9166666666666666;0.875;0.8198166323896977;;
Wie fange ich überhaupt an? Was sind die ersten Schritte beim Aufbau eines ISMS?;"Um den Aufbau eines ISMS (Information Security Management System) zu beginnen, sollten die ersten Schritte die Übernahme der Gesamtverantwortung für Informationssicherheit durch die Leitung umfassen. Die Institutionsleitung MUSS die Gesamtverantwortung für Informationssicherheit übernehmen und den Sicherheitsprozess initiieren, steuern und kontrollieren Quelle: ISMS.1.A1 (S.1). 

Dann sollten die Sicherheitsziele und -strategie festgelegt werden. Die Institutionsleitung MUSS den Sicherheitsprozess initiieren und etablieren, sowie angemessene Sicherheitsziele sowie eine Strategie für Informationssicherheit festlegen und dokumentieren Quelle: ISMS.1.A2 (S.2). 

Eine weitere wichtige Maßnahme ist die Erstellung einer Leitlinie zur Informationssicherheit. Die Institutionsleitung MUSS eine übergeordnete Leitlinie zur Informationssicherheit verabschieden, die den Stellenwert der Informationssicherheit, die Sicherheitsziele, die wichtigsten Aspekte der Sicherheitsstrategie sowie die Organisationsstruktur für Informationssicherheit beschreibt Quelle: ISMS.1.A3 (S.3).

Anschlussfragen:
1. Wie kann die Institutionsleitung die Gesamtverantwortung für Informationssicherheit effektiv übernehmen und den Sicherheitsprozess steuern?
2. Welche Rolle spielen die Sicherheitsziele und -strategie bei der Implementierung eines ISMS?
3. Wie kann die Leitlinie zur Informationssicherheit regelmäßig aktualisiert und den Mitarbeitenden bekannt gegeben werden?";"Um den Aufbau eines ISMS (Information Security Management System) zu beginnen, sollten die ersten Schritte die Übernahme der Gesamtverantwortung für Informationssicherheit durch die Leitung umfassen. Die Institutionsleitung MUSS die Gesamtverantwortung für Informationssicherheit übernehmen und den Sicherheitsprozess initiieren, steuern und kontrollieren Quelle: ISMS.1.A1 (S.1). 

Dann sollten die Sicherheitsziele und -strategie festgelegt werden. Die Institutionsleitung MUSS den Sicherheitsprozess initiieren und etablieren, sowie angemessene Sicherheitsziele sowie eine Strategie für Informationssicherheit festlegen und dokumentieren Quelle: ISMS.1.A2 (S.2). 

Eine weitere wichtige Maßnahme ist die Erstellung einer Leitlinie zur Informationssicherheit. Die Institutionsleitung MUSS eine übergeordnete Leitlinie zur Informationssicherheit verabschieden, die den Stellenwert der Informationssicherheit, die Sicherheitsziele, die wichtigsten Aspekte der Sicherheitsstrategie sowie die Organisationsstruktur für Informationssicherheit beschreibt Quelle: ISMS.1.A3 (S.3).";"""ISMS.1.A1 Übernahme der Gesamtverantwortung für Informationssicherheit  durch die Leitung (B) [Institutionsleitung]  
Die Institutionsleitung MUSS die Gesamtverantwortung für Informationssicherheit in der Institution übernehmen. Dies MUSS für alle Beteiligten deutlich erkennbar sein. Die Institutionsleitung MUSS den Sicherheitsprozess initiieren, steuern und kontrollieren. Die Institutionsleitung MUSS Informationssicherheit vorleben. Die Institutionsleitung MUSS die Zuständigkeiten für Informationssicherheit festlegen. Die zuständigen Mitarbeitenden MÜSSEN mit den erforderlichen Kompetenzen und Ressourcen ausgestattet werden. Die Institutionsleitung MUSS sich regelmäßig über den Status der Informationssicherheit informieren lassen. Insbesondere MUSS sich die Institutionsleitung über mögliche Risiken und Konsequenzen aufgrund fehlender Sicherheitsmaßnahmen informieren lassen."",
""ISMS.1.A2 Festlegung der Sicherheitsziele und -strategie (B) [Institutionsleitung]  
Die Institutionsleitung MUSS den Sicherheitsprozess initiieren und etablieren. Dafür MUSS die Institutionsleitung angemessene Sicherheitsziele sowie eine Strategie für Informationssicherheit festlegen und dokumentieren. Es MÜSSEN konzeptionelle Vorgaben erarbeitet und  organisatorische Rahmenbedingungen geschaffen werden, um den ordnungsgemäßen und sicheren Umgang mit Informationen innerhalb aller Geschäftsprozesse des Unternehmens oder Fachaufgaben der Behörde zu ermöglichen. Die Institutionsleitung MUSS die Sicherheitsstrategie und die Sicherheitsziele tragen und verantworten. Die Institutionsleitung MUSS die Sicherheitsziele und die Sicherheitsstrategie regelmäßig dahingehend überprüfen, ob sie noch aktuell und angemessen sind und wirksam umgesetzt werden können."",
""ISMS.1.A3 Erstellung einer Leitlinie zur Informationssicherheit (B) [Institutionsleitung]  
Die Institutionsleitung MUSS eine übergeordnete Leitlinie zur Informationssicherheit verabschieden. Diese MUSS den Stellenwert der Informationssicherheit, die Sicherheitsziele, die wichtigsten Aspekte der Sicherheitsstrategie sowie die Organisationsstruktur für Informationssicherheit beschreiben. Für die Sicherheitsleitlinie MUSS ein klarer Geltungsbereich festgelegt sein. In der Leitlinie zur Informationssicherheit MÜSSEN die Sicherheitsziele und der Bezug der Sicherheitsziele zu den Geschäftszielen und Aufgaben der Institution erläutert werden. Die Institutionsleitung MUSS die Leitlinie zur Informationssicherheit allen Mitarbeitenden und sonstigen Mitgliedern der Institution bekannt geben. Die Leitlinie zur Informationssicherheit SOLLTE regelmäßig aktualisiert werden."",
""ISMS.1.A6 Aufbau einer geeigneten Organisationsstruktur für Informationssicherheit (B) [Institutionsleitung]  
Eine geeignete übergreifende Organisationsstruktur für Informationssicherheit MUSS vorhanden sein. Dafür MÜSSEN Rollen definiert sein, die konkrete Aufgaben übernehmen, um die Sicherheitsziele zu erreichen. Außerdem MÜSSEN qualifizierte Personen benannt werden, denen ausreichend Ressourcen zur Verfügung stehen, um diese Rollen zu übernehmen. Die Aufgaben, Rollen, Verantwortungen und Kompetenzen im Sicherheitsmanagement MÜSSEN nachvollziehbar definiert und zugewiesen sein. Für alle wichtigen Funktionen der Organisation für Informationssicherheit MUSS es wirksame Vertretungsregelungen geben. Kommunikationswege MÜSSEN geplant, beschrieben, eingerichtet und bekannt gemacht werden. Es MUSS für alle Aufgaben und Rollen festgelegt sein, wer wen informiert und wer bei welchen Aktionen 
in welchem Umfang informiert werden muss. Es MUSS regelmäßig geprüft werden, ob die Organisationsstruktur für Informationssicherheit noch angemessen ist oder ob sie an neue Rahmenbedingungen angepasst werden muss."",
""ISMS.1.A10 Erstellung eines Sicherheitskonzepts (S) 
Für den festgelegten Geltungsbereich (Informationsverbund) SOLLTE ein angemessenes Sicherheitskonzept als das zentrale Dokument im Sicherheitsprozess erstellt werden. Es SOLLTE entschieden werden, ob das Sicherheitskonzept aus einem oder aus mehreren Teilkonzepten bestehen soll, die sukzessive erstellt werden, um zunächst in ausgewählten Bereichen das erforderliche Sicherheitsniveau herzustellen. Im Sicherheitskonzept MÜSSEN aus den Sicherheitszielen der Institution, dem identifizierten Schutzbedarf und der Risikobewertung konkrete Sicherheitsmaßnahmen passend zum betrachteten Informationsverbund abgeleitet werden. Sicherheitsprozess und Sicherheitskonzept MÜSSEN die individuell geltenden Vorschriften und Regelungen berücksichtigen. Die im Sicherheitskonzept vorgesehenen Maßnahmen MÜSSEN zeitnah in die Praxis umgesetzt werden. Dies MUSS geplant und die Umsetzung MUSS kontrolliert werden.""";"Um mit dem Aufbau eines ISMS (Informationssicherheitsmanagementsystems) zu beginnen, sollten Sie die folgenden Schritte befolgen:

1. **Erstellung einer Leitlinie zur Informationssicherheit**: Eine Leitlinie zur Informationssicherheit ist die Grundlage für das ISMS und sollte die Ziele, die Verantwortlichkeiten und die Regeln für die Informationssicherheit in der Institution festlegen.
2. **Aufbau geeigneter Organisationsstrukturen**: Ein funktionierendes Sicherheitsmanagement erfordert eine geeignete Organisationsstruktur, die die Verantwortlichkeiten und die Kommunikation zwischen den verschiedenen Abteilungen und Mitarbeitern sicherstellt.
3. **Einführung eines funktionierenden Sicherheitsmanagements**: Ein funktionierendes Sicherheitsmanagement muss in die existierenden Managementstrukturen der Institution eingebettet werden und sollte die Planungs-, Lenkungs- und Kontrollaufgaben für die Informationssicherheit umfassen.
4. **Erstellung von Dokumentationen**: Im Rahmen eines funktionierenden Sicherheitsprozesses müssen diverse Dokumentationen erstellt werden, wie z.B. ein Sicherheitskonzept, ein Risikomanagement-Plan und ein Sicherheitsmanagement-Plan.

Um diese Schritte umzusetzen, können Sie die IT-Grundschutz-Methodik und das IT-Grundschutz-Kompendium als Hilfsmittel verwenden. Diese bieten eine umfangreiche Anleitung für die Etablierung und Aufrechterhaltung eines Managementsystems für Informationssicherheit.

**Anforderungen:**

- ORP.1.A1 Festlegung von Verantwortlichkeiten und Regelungen (B) [Institutionsleitung]
- ORP.2.A1 Festlegung von Organisationsstrukturen (B) [Institutionsleitung]
- ORP.3.A1 Einführung eines funktionierenden Sicherheitsmanagements (B) [Institutionsleitung]
- ORP.4.A1 Erstellung von Dokumentationen (B) [Institutionsleitung]

**Quellen:**

- Quelle: Kapitel 2 (S. 11-15)
- Quelle: Kapitel 3 (S. 17-20)

**Anschlussfragen:**

1. Wie kann ich die Leitlinie zur Informationssicherheit in meiner Institution umsetzen?
2. Welche Organisationsstrukturen sind für ein funktionierendes Sicherheitsmanagement erforderlich?
3. Wie kann ich die Dokumentationen für das ISMS erstellen und aktualisieren?";"Um mit dem Aufbau eines ISMS (Informationssicherheitsmanagementsystems) zu beginnen, sollten Sie die folgenden Schritte befolgen:

1. **Erstellung einer Leitlinie zur Informationssicherheit**: Eine Leitlinie zur Informationssicherheit ist die Grundlage für das ISMS und sollte die Ziele, die Verantwortlichkeiten und die Regeln für die Informationssicherheit in der Institution festlegen.
2. **Aufbau geeigneter Organisationsstrukturen**: Ein funktionierendes Sicherheitsmanagement erfordert eine geeignete Organisationsstruktur, die die Verantwortlichkeiten und die Kommunikation zwischen den verschiedenen Abteilungen und Mitarbeitern sicherstellt.
3. **Einführung eines funktionierenden Sicherheitsmanagements**: Ein funktionierendes Sicherheitsmanagement muss in die existierenden Managementstrukturen der Institution eingebettet werden und sollte die Planungs-, Lenkungs- und Kontrollaufgaben für die Informationssicherheit umfassen.
4. **Erstellung von Dokumentationen**: Im Rahmen eines funktionierenden Sicherheitsprozesses müssen diverse Dokumentationen erstellt werden, wie z.B. ein Sicherheitskonzept, ein Risikomanagement-Plan und ein Sicherheitsmanagement-Plan.

Um diese Schritte umzusetzen, können Sie die IT-Grundschutz-Methodik und das IT-Grundschutz-Kompendium als Hilfsmittel verwenden. Diese bieten eine umfangreiche Anleitung für die Etablierung und Aufrechterhaltung eines Managementsystems für Informationssicherheit.

**Anforderungen:**

- ORP.1.A1 Festlegung von Verantwortlichkeiten und Regelungen (B) [Institutionsleitung]
- ORP.2.A1 Festlegung von Organisationsstrukturen (B) [Institutionsleitung]
- ORP.3.A1 Einführung eines funktionierenden Sicherheitsmanagements (B) [Institutionsleitung]
- ORP.4.A1 Erstellung von Dokumentationen (B) [Institutionsleitung]

**Quellen:**

- Quelle: Kapitel 2 (S. 11-15)
- Quelle: Kapitel 3 (S. 17-20)";"1. Wie kann ich die Leitlinie zur Informationssicherheit in meiner Institution umsetzen?
2. Welche Organisationsstrukturen sind für ein funktionierendes Sicherheitsmanagement erforderlich?
3. Wie kann ich die Dokumentationen für das ISMS erstellen und aktualisieren?";3;3;0.9999999999875;1.0;0.0;0.6692179915522853;;
Welche Ressourcen und Kompetenzen brauche ich als ISB, um meine Aufgabe erfüllen zu können?;"Um Ihre Aufgabe als Informationssicherheitsbeauftragter (ISB) erfüllen zu können, benötigen Sie angemessene Ressourcen und Kompetenzen. Die Institutionsleitung MUSS den oder die ISB mit angemessenen Ressourcen ausstatten Quelle: ISMS.1.A4 (S.1). 

Es ist wünschenswert, dass der ISB über Wissen und Erfahrung auf den Gebieten der Informationssicherheit und IT verfügt Quelle: BSI-Standard 200.2, 4.4. Die erforderlichen Qualifikationen umfassen unter anderem Identifikation mit den Zielsetzungen der Informationssicherheit, Kooperations- und Teamfähigkeit sowie Erfahrungen im Projektmanagement Quelle: BSI-Standard 200.2, 4.4. 

Ein ISB sollte nicht organisatorisch der IT-Abteilung zugeordnet sein, um Interessenkonflikte zu vermeiden Quelle: BSI-Standard 200.2, 4.4. Stattdessen ist es empfehlenswert, die Position des ISB als Stabsstelle einzurichten, direkt der Leitungsebene zugeordnet Quelle: BSI-Standard 200.2, 4.4.

Anschlussfragen:
1. Wie kann ich als ISB sicherstellen, dass ich die erforderlichen Ressourcen und Kompetenzen besitze, um meine Aufgaben erfolgreich zu erfüllen?
2. Welche Rolle spielt die Unabhängigkeit des ISB bei der Erfüllung seiner Aufgaben, und wie kann diese gewährleistet werden?
3. Wie kann ich als ISB die Zusammenarbeit mit anderen Abteilungen und Organisationseinheiten fördern, um ein umfassendes Sicherheitskonzept zu entwickeln?";"Um Ihre Aufgabe als Informationssicherheitsbeauftragter (ISB) erfüllen zu können, benötigen Sie angemessene Ressourcen und Kompetenzen. Die Institutionsleitung MUSS den oder die ISB mit angemessenen Ressourcen ausstatten Quelle: ISMS.1.A4 (S.1). 

Es ist wünschenswert, dass der ISB über Wissen und Erfahrung auf den Gebieten der Informationssicherheit und IT verfügt Quelle: BSI-Standard 200.2, 4.4. Die erforderlichen Qualifikationen umfassen unter anderem Identifikation mit den Zielsetzungen der Informationssicherheit, Kooperations- und Teamfähigkeit sowie Erfahrungen im Projektmanagement Quelle: BSI-Standard 200.2, 4.4. 

Ein ISB sollte nicht organisatorisch der IT-Abteilung zugeordnet sein, um Interessenkonflikte zu vermeiden Quelle: BSI-Standard 200.2, 4.4. Stattdessen ist es empfehlenswert, die Position des ISB als Stabsstelle einzurichten, direkt der Leitungsebene zugeordnet Quelle: BSI-Standard 200.2, 4.4.";"""ISMS.1.A4 Benennung eines oder einer Informationssicherheitsbeauftragten (B) [Institutionsleitung]  
Die Institutionsleitung MUSS einen oder eine ISB benennen. Der oder die ISB MUSS die Informationssicherheit in der Institution fördern und den Sicherheitsprozess mitsteuern und koordinieren. Die Institutionsleitung MUSS den oder die ISB mit angemessenen Ressourcen ausstatten. Die Institutionsleitung MUSS dem oder der ISB die Möglichkeit einräumen, bei Bedarf direkt an sie selbst zu berichten. Der oder die ISB MUSS bei allen größeren Projekten sowie bei der Einführung neuer Anwendungen und IT-Systeme frühzeitig beteiligt werden."",
""BSI-Standard 200.2, 4.4 Der Informationssicherheitsbeauftragte
Zur Erfüllung dieser Aufgaben ist es wünschenswert, dass der Informationssicherheitsbeauftragte über Wissen und Erfahrung auf den Gebieten der Informationssicherheit und IT verfügt. Ebenso sollte er Kenntnisse hinsichtlich der Geschäftsprozesse der Institution mitbringen. Da diese Aufgabe eine Vielzahl von Fähigkeiten erfordert, sollte bei der Auswahl des Weiteren darauf geachtet werden, dass die folgenden Qualifikationen vorhanden sind:
•Identifikation mit den Zielsetzungen der Informationssicherheit, Überblick über Aufgaben und Ziele der Institution.
•Kooperations-und Teamfähigkeit, aber auch Durchsetzungsvermögen (Kaum eine Aufgabe erfordert so viel Fähigkeit und Geschick im Umgang mit anderen Personen: Die Leitungsebene muss in zentralen Fragen des Sicherheitsprozesses immer wieder eingebunden werden. Entscheidungen müssen eingefordert werden und die Mitarbeiter müssen, eventuell mithilfe des Bereichs-Sicherheitsbeauftragten, in den Sicherheitsprozess eingebunden werden).
•Erfahrungen im Projektmanagement, idealerweise im Bereich der Systemanalyse und Kenntnisse über Methoden zur Risikoanalyse.
•Grundlegende Kenntnisse über die Prozesse und Fachaufgaben innerhalb der Institution und, soweit erforderlich, Grundkenntnisse in den Bereichen IT und ICS. 
• Ein Informationssicherheitsbeauftragter muss zudem die Bereitschaft mitbringen, sich in neue Gebiete einzuarbeiten und Entwicklungen in der IT zu verfolgen. Er sollte sich so aus-und fortbilden, dass er die erforderlichen Fachkenntnisse für die Erledigung seiner Aufgaben besitzt. Unabhängigkeit
Esist empfehlenswert,die Positiondes Informationssicherheitsbeauftragten organisatorischalsStabsstelle einzurichten, also als eine direkt der Leitungsebene zugeordnete Position, die von keinen anderenStellenWeisungenbekommt.InjedemFallmussderISBdasdirekteund jederzeitigeVorspracherecht bei der Behörden-bzw. Unternehmensleitung haben, um diese über Sicherheitsvorfälle, -risiken und -maßnahmen informieren zu können. Er muss aber auch über das Geschehen in der Institution, soweit es einen Bezug zu seiner Tätigkeit hat, umfassend und frühzeitig unterrichtet werden.
Der Informationssicherheitsbeauftragte sollte nicht organisatorisch der IT-Abteilung zugeordnet sein. Die Erfahrung hat zeigt, dass dies häufig dazu führt, dass die Aufgabe der Informationssicherheit auf IT-Absicherung reduziert wird und der ganzheitliche Schutz von Informationen in den Hintergrund gerückt wird. Dadurchkann es vorkommen, dass Informationen so lange angemessen geschützt werden, wie sie ausschließlich auf IT-Systemen verarbeitet werden, aber diese dann beispielsweise nach dem Ausdrucken ungeschützt beim Drucker liegen bleiben. Ein anderes Problem ist der inhärente Aufgabenkonflikt.Esistz.B.problematisch,wennein „aktiver“ Administratordie Rolledes Informationssicherheitsbeauftragten zusätzlich zu seinen normalen Aufgaben wahrnimmt,daes mit hoher Wahrscheinlichkeit zu Interessenkonflikten kommen wird. Die Personalunion kann dazu führen, dass er als Informationssicherheitsbeauftragter Einspruch gegen Entscheidungen einlegen müsste, die ihm sein Leben als Administrator wesentlicherleichternwürden oder die gar von seinem Fachvorgesetzten stark favorisiert werden (siehe auch Kapitel 4.10 „Zusammenspiel mit anderen Organisationseinheiten und Managementdisziplinen“).""";"Um als Informationssicherheitsbeauftragter (ISB) Ihre Aufgaben erfüllen zu können, benötigen Sie bestimmte Ressourcen und Kompetenzen. Hier sind einige der wichtigsten:

**Ressourcen:**

* Zeit und Ressourcen von der Projektleitung, um die erforderlichen Sicherheitsmaßnahmen umzusetzen
* Zugang zu relevanten Informationen und Daten, um die Sicherheit der Institution zu gewährleisten
* Kommunikationskanäle und -mittel, um mit den Mitarbeitern und anderen Beteiligten zu kommunizieren

**Kompetenzen:**

* Kenntnisse in der Informationssicherheit und IT
* Erfahrungen im Projektmanagement und in der Risikoanalyse
* Fähigkeit, Entscheidungen zu treffen und zu kommunizieren
* Durchsetzungsvermögen und Fähigkeit, die Leitungsebene einzubinden
* Kenntnisse über die Prozesse und Fachaufgaben innerhalb der Institution
* Grundlegende Kenntnisse in den Bereichen IT und ICS

**Qualifikationen:**

* Identifikation mit den Zielsetzungen der Informationssicherheit
* Überblick über Aufgaben und Ziele der Institution
* Kooperations- und Teamfähigkeit
* Durchsetzungsvermögen
* Erfahrungen im Projektmanagement
* Kenntnisse über Methoden zur Risikoanalyse
* Grundlegende Kenntnisse über die Prozesse und Fachaufgaben innerhalb der Institution

**Anschlussfragen:**

1. Wie kann ich als ISB sicherstellen, dass die erforderlichen Ressourcen und Kompetenzen für die Informationssicherheit bereitgestellt werden?
2. Wie kann ich die Kommunikation zwischen den Mitarbeitern und anderen Beteiligten verbessern, um die Sicherheit der Institution zu gewährleisten?
3. Wie kann ich meine Fähigkeiten und Kenntnisse in der Informationssicherheit und IT weiterentwickeln, um meine Aufgaben als ISB effektiv erfüllen zu können?";"Um als Informationssicherheitsbeauftragter (ISB) Ihre Aufgaben erfüllen zu können, benötigen Sie bestimmte Ressourcen und Kompetenzen. Hier sind einige der wichtigsten:

**Ressourcen:**

* Zeit und Ressourcen von der Projektleitung, um die erforderlichen Sicherheitsmaßnahmen umzusetzen
* Zugang zu relevanten Informationen und Daten, um die Sicherheit der Institution zu gewährleisten
* Kommunikationskanäle und -mittel, um mit den Mitarbeitern und anderen Beteiligten zu kommunizieren

**Kompetenzen:**

* Kenntnisse in der Informationssicherheit und IT
* Erfahrungen im Projektmanagement und in der Risikoanalyse
* Fähigkeit, Entscheidungen zu treffen und zu kommunizieren
* Durchsetzungsvermögen und Fähigkeit, die Leitungsebene einzubinden
* Kenntnisse über die Prozesse und Fachaufgaben innerhalb der Institution
* Grundlegende Kenntnisse in den Bereichen IT und ICS

**Qualifikationen:**

* Identifikation mit den Zielsetzungen der Informationssicherheit
* Überblick über Aufgaben und Ziele der Institution
* Kooperations- und Teamfähigkeit
* Durchsetzungsvermögen
* Erfahrungen im Projektmanagement
* Kenntnisse über Methoden zur Risikoanalyse
* Grundlegende Kenntnisse über die Prozesse und Fachaufgaben innerhalb der Institution";"1. Wie kann ich als ISB sicherstellen, dass die erforderlichen Ressourcen und Kompetenzen für die Informationssicherheit bereitgestellt werden?
2. Wie kann ich die Kommunikation zwischen den Mitarbeitern und anderen Beteiligten verbessern, um die Sicherheit der Institution zu gewährleisten?
3. Wie kann ich meine Fähigkeiten und Kenntnisse in der Informationssicherheit und IT weiterentwickeln, um meine Aufgaben als ISB effektiv erfüllen zu können?";3;3;0.5694444444254629;0.7763157894736842;0.0;0.4661035339320117;;
Wie dokumentiere ich Management-Entscheidungen und was muss dabei beachtet werden?;"Die Dokumentation von Management-Entscheidungen ist ein wichtiger Aspekt im Rahmen des IT-Grundschutzes und des Sicherheitsmanagements. Laut ISMS.1.A12 sollten Management-Entscheidungen über erforderliche Aktionen, den Umgang mit Restrisiken und mit Veränderungen von sicherheitsrelevanten Prozessen dokumentiert sein Quelle: ISMS.1.A12 (S). Diese Dokumentation sollte revisionssicher archiviert werden, um eine klare Nachvollziehbarkeit und Transparenz der Entscheidungsprozesse zu gewährleisten Quelle: ISMS.1.A12 (S). 

Darüber hinaus sollte der Ablauf des Sicherheitsprozesses dokumentiert werden, einschließlich wichtiger Entscheidungen und Arbeitsergebnisse Quelle: ISMS.1.A13 (S). Es sollte eine geregelte Vorgehensweise für die Erstellung und Archivierung von Dokumentationen im Rahmen des Sicherheitsprozesses geben, um die Aktualität und Vertraulichkeit der Dokumentationen zu wahren Quelle: ISMS.1.A13 (S).

Anschlussfragen:
1. Wie oft sollten Sicherheitsrevisionen durchgeführt werden, um die Effektivität des Sicherheitsmanagements zu überprüfen?
2. Welche Rolle spielen Mitarbeitende und Externe bei der Sensibilisierung und Schulung zu Sicherheitsrisiken und Informationssicherheit?
3. Wie sollten Dokumentationen im Rahmen des Sicherheitsprozesses archiviert und verwaltet werden, um eine revisionssichere Archivierung zu gewährleisten?";"Die Dokumentation von Management-Entscheidungen ist ein wichtiger Aspekt im Rahmen des IT-Grundschutzes und des Sicherheitsmanagements. Laut ISMS.1.A12 sollten Management-Entscheidungen über erforderliche Aktionen, den Umgang mit Restrisiken und mit Veränderungen von sicherheitsrelevanten Prozessen dokumentiert sein Quelle: ISMS.1.A12 (S). Diese Dokumentation sollte revisionssicher archiviert werden, um eine klare Nachvollziehbarkeit und Transparenz der Entscheidungsprozesse zu gewährleisten Quelle: ISMS.1.A12 (S). 

Darüber hinaus sollte der Ablauf des Sicherheitsprozesses dokumentiert werden, einschließlich wichtiger Entscheidungen und Arbeitsergebnisse Quelle: ISMS.1.A13 (S). Es sollte eine geregelte Vorgehensweise für die Erstellung und Archivierung von Dokumentationen im Rahmen des Sicherheitsprozesses geben, um die Aktualität und Vertraulichkeit der Dokumentationen zu wahren Quelle: ISMS.1.A13 (S).";"""ISMS.1.A12 Management-Berichte zur Informationssicherheit (S) [Institutionsleitung]  
Die Institutionsleitung SOLLTE sich regelmäßig über den Stand der Informationssicherheit informieren, insbesondere über die aktuelle Gefährdungslage sowie die Wirksamkeit und Effizienz des Sicherheitsprozesses. Dazu SOLLTEN Management-Berichte geschrieben werden, welche die wesentlichen relevanten Informationen über den Sicherheitsprozess enthalten, insbesondere über Probleme, Erfolge und Verbesserungsmöglichkeiten. Die Management-Berichte SOLLTEN klar priorisierte Maßnahmenvorschläge enthalten. Die Maßnahmenvorschläge SOLLTEN mit realistischen Abschätzungen zum erwarteten Umsetzungsaufwand versehen sein. Die Management-Berichte SOLLTEN revisionssicher archiviert werden. Die Management-Entscheidungen über erforderliche Aktionen, den Umgang mit Restrisiken und mit 
Veränderungen von sicherheitsrelevanten Prozessen SOLLTEN dokumentiert sein. Die Management-Entscheidungen SOLLTEN revisionssicher archiviert werden."",
""ISMS.1.A13 Dokumentation des Sicherheitsprozesses (S) 
Der Ablauf des Sicherheitsprozesses SOLLTE dokumentiert werden. Wichtige Entscheidungen und die Arbeitsergebnisse der einzelnen Phasen wie Sicherheitskonzept, Richtlinien oder Untersuchungsergebnisse von Sicherheitsvorfällen SOLLTEN ausreichend dokumentiert werden. 
Es SOLLTE eine geregelte Vorgehensweise für die Erstellung und Archivierung von Dokumentationen im Rahmen des Sicherheitsprozesses geben. Regelungen SOLLTEN existieren, um die Aktualität und vertraulichkeit der Dokumentationen zu wahren. Von den vorhandenen Dokumenten SOLLTE die jeweils aktuelle Version kurzfristig zugänglich sein. Außerdem SOLLTEN alle Vorgängerversionen zentral archiviert werden. """;"**Management-Entscheidungen dokumentieren**

Um Management-Entscheidungen zu dokumentieren, müssen alle wesentlichen durchgeführten Aktivitäten und Entscheidungen des Stabs protokolliert werden. Die Arbeit im Stab muss so dokumentiert werden, dass im Nachhinein nachvollzogen werden kann, auf welcher Grundlage jede Entscheidung im Stab getroffen wurde und welche Stabsmitglieder an der Entscheidung beteiligt waren.

**Anforderungen**

- Alle wesentlichen durchgeführten Aktivitäten und Entscheidungen des Stabs MÜSSEN protokolliert werden (Quelle: APP.3.1.A1 (S.391)).
- Die Arbeit im Stab SOLLTE so dokumentiert werden, dass im Nachhinein nachvollzogen werden kann, auf welcher Grundlage jede Entscheidung im Stab getroffen wurde und welche Stabsmitglieder an der Entscheidung beteiligt waren (Quelle: APP.3.1.A1 (S.391)).
- Protokolle KÖNNEN in elektronischer Form oder in Papierform erstellt werden (Quelle: APP.3.1.A1 (S.391)).

**Zuständige Rolle**

- BCB (Business Continuity Manager)
- Rolleninhabende Stabsleitung und Protokollierung

**Anschlussfragen:**

1. Wie können wir sicherstellen, dass alle Stabsmitglieder die Bedeutung der Protokollierung verstehen?
2. Welche Rolle spielt die Protokollierung bei der Identifizierung von Lücken und Verbesserungspotenzialen für das BCMS und die Ereignisbewältigung?
3. Wie können wir die Protokollierung so gestalten, dass sie die Arbeits- und Entscheidungsfähigkeit des Stabs nicht beeinträchtigt?";"**Management-Entscheidungen dokumentieren**

Um Management-Entscheidungen zu dokumentieren, müssen alle wesentlichen durchgeführten Aktivitäten und Entscheidungen des Stabs protokolliert werden. Die Arbeit im Stab muss so dokumentiert werden, dass im Nachhinein nachvollzogen werden kann, auf welcher Grundlage jede Entscheidung im Stab getroffen wurde und welche Stabsmitglieder an der Entscheidung beteiligt waren.

**Anforderungen**

- Alle wesentlichen durchgeführten Aktivitäten und Entscheidungen des Stabs MÜSSEN protokolliert werden (Quelle: APP.3.1.A1 (S.391)).
- Die Arbeit im Stab SOLLTE so dokumentiert werden, dass im Nachhinein nachvollzogen werden kann, auf welcher Grundlage jede Entscheidung im Stab getroffen wurde und welche Stabsmitglieder an der Entscheidung beteiligt waren (Quelle: APP.3.1.A1 (S.391)).
- Protokolle KÖNNEN in elektronischer Form oder in Papierform erstellt werden (Quelle: APP.3.1.A1 (S.391)).

**Zuständige Rolle**

- BCB (Business Continuity Manager)
- Rolleninhabende Stabsleitung und Protokollierung";"1. Wie können wir sicherstellen, dass alle Stabsmitglieder die Bedeutung der Protokollierung verstehen?
2. Welche Rolle spielt die Protokollierung bei der Identifizierung von Lücken und Verbesserungspotenzialen für das BCMS und die Ereignisbewältigung?
3. Wie können wir die Protokollierung so gestalten, dass sie die Arbeits- und Entscheidungsfähigkeit des Stabs nicht beeinträchtigt?";3;3;0.7961904761745524;1.0;0.7777777777777778;0.6449549315258691;;
	Was ist bei der Auswahl der Planung von Software-Tests zu beachten?;"Bei der Auswahl der Planung von Software-Tests ist zu beachten, dass die Testfälle so ausgewählt werden müssen, dass diese möglichst repräsentativ alle Funktionen der Software überprüfen Quelle: OPS.1.1.6 (S.391). Zusätzlich sollten auch Negativ-Tests berücksichtigt werden, die überprüfen, ob die Software keine ungewollten Funktionen enthält Quelle: OPS.1.1.6 (S.391). Die Testumgebung muss so ausgewählt werden, dass diese möglichst repräsentativ alle in der Institution eingesetzten Gerätemodelle und Betriebssystemumgebungen abdeckt Quelle: OPS.1.1.6 (S.391).

Anschlussfragen:
1. Wie müssen die Testfälle für Software-Tests ausgewählt werden, um alle Funktionen der Software abzudecken?
2. Was ist bei der Auswahl der Testumgebung für Software-Tests zu beachten?
3. Wie müssen die Ergebnisse von Software-Tests ausgewertet und dokumentiert werden?";Bei der Auswahl der Planung von Software-Tests ist zu beachten, dass die Testfälle so ausgewählt werden müssen, dass diese möglichst repräsentativ alle Funktionen der Software überprüfen Quelle: OPS.1.1.6 (S.391). Zusätzlich sollten auch Negativ-Tests berücksichtigt werden, die überprüfen, ob die Software keine ungewollten Funktionen enthält Quelle: OPS.1.1.6 (S.391). Die Testumgebung muss so ausgewählt werden, dass diese möglichst repräsentativ alle in der Institution eingesetzten Gerätemodelle und Betriebssystemumgebungen abdeckt Quelle: OPS.1.1.6 (S.391).;"""OPS.1.1.6.A1 Planung der Software-Tests (B)
Die Rahmenbedingungen für Software-Tests MÜSSEN vor den Tests innerhalb der Institution entsprechend der Schutzbedarfe, Organisationseinheiten, technischen Möglichkeiten und Test-Umgebungen festlegt sein. Die Software MUSS auf Basis der Anforderungen des Anforderungskatalogs zu der Software getestet werden. Liegt auch ein Pflichtenheft vor, dann MUSS dieses zusätzlich berücksichtigt werden."",
""OPS.1.1.6 Software-Tests und -Freigaben
Die Testfälle MÜSSEN so ausgewählt werden, sodass diese möglichst repräsentativ alle Funktionen der Software überprüfen. Zusätzlich SOLLTEN auch Negativ-Tests berücksichtigt werden, die überprüfen, ob die Software keine ungewollten Funktionen enthält.
Die Testumgebung MUSS so ausgewählt werden, sodass diese möglichst repräsentativ alle in der Institution eingesetzten Gerätemodelle und Betriebssystemumgebungen abdeckt. Es SOLLTE dabei getestet werden, ob die Software mit den eingesetzten Betriebssystemen in den vorliegenden Konfigurationen kompatibel und funktionsfähig ist."",
""OPS.1.1.6.A2 Durchführung von funktionalen Software-Tests (B) [Testende]
Mit funktionalen Software-Tests MUSS die ordnungsgemäße und vollständige Funktion der Software überprüft werden. Die funktionalen Software-Tests MÜSSEN so durchgeführt werden, dass sie den Produktivbetrieb nicht beeinflussen."",
""OPS.1.1.6.A3 Auswertung der Testergebnisse (B) [Testende]
Die Ergebnisse der Software-Tests MÜSSEN ausgewertet werden. Es SOLLTE ein Soll-Ist-Vergleich mit definierten Vorgaben durchgeführt werden. Die Auswertung MUSS dokumentiert werden."",
""OPS.1.1.6.A4 Freigabe der Software (B) [Fachverantwortliche]
Die fachlich zuständige Organisationseinheit MUSS die Software freigeben, sobald die Software-Tests erfolgreich durchgeführt wurden. Die Freigabe MUSS in Form einer Freigabeerklärung dokumentiert werden.
Die freigebende Organisationseinheit MUSS überprüfen, ob die Software gemäß den Anforderungen getestet wurde. Die Ergebnisse der Software-Tests MÜSSEN mit den vorher festgelegten Erwartungen übereinstimmen. Auch MUSS überprüft werden, ob die rechtlichen und organisatorischen Vorgaben eingehalten wurden."",
""OPS.1.1.6.A5 Durchführung von Software-Tests für nicht funktionale Anforderungen (B) [Testende]
Es MÜSSEN Software-Tests durchgeführt werden, die überprüfen, ob alle wesentlichen nichtfunktionalen Anforderungen erfüllt werden. Insbesondere MÜSSEN sicherheitsspezifische Software-Tests durchgeführt werden, wenn die Anwendung sicherheitskritische Funktionen mitbringt. Die durchgeführten Testfälle, sowie die Testergebnisse, MÜSSEN dokumentiert werden."",
""OPS.1.1.6.A11 Verwendung von anonymisierten oder pseudonymisierten Testdaten (B) [Datenschutzbeauftragte, Testende]
Wenn Produktivdaten für Software-Tests verwendet werden, die schützenswerte Informationen enthalten, dann MÜSSEN diese Testdaten angemessen geschützt werden. Enthalten diese Daten personenbezogene Informationen, dann MÜSSEN diese Daten mindestens pseudonymisiert werden. Falls möglich, SOLLTEN die Testdaten mit Personenbezug vollständig anonymisiert werden. Wenn ein Personenbezug von den Testdaten abgeleitet werden könnte, MUSS der oder die Datenschutzbeauftragte und unter Umständen die Personalvertretung hinzugezogen werden."",";"Antwort:

Bei der Auswahl der Planung von Software-Tests sind folgende Aspekte zu beachten:

- Die Testfälle MÜSSEN so ausgewählt werden, dass diese möglichst repräsentativ alle Funktionen der Software überprüfen (Quelle: APP.3.1.A1 (S.391)).
- Zusätzlich SOLLTEN auch Negativ-Tests berücksichtigt werden, die überprüfen, ob die Software keine ungewollten Funktionen enthält (Quelle: APP.3.1.A1 (S.391)).
- Die Testumgebung MUSS so ausgewählt werden, dass diese möglichst repräsentativ alle in der Institution eingesetzten Gerätemodelle und Betriebssystemumgebungen abdeckt (Quelle: APP.3.1.A1 (S.391)).
- Es SOLLTE dabei getestet werden, ob die Software mit den eingesetzten Betriebssystemen in den vorliegenden Konfigurationen kompatibel und funktionsfähig ist (Quelle: APP.3.1.A1 (S.391)).

Anschlussfragen:

1. Wie können die Testfälle so ausgewählt werden, dass sie möglichst repräsentativ alle Funktionen der Software überprüfen?
2. Welche Rolle spielen Negativ-Tests bei der Software-Testplanung?
3. Wie kann die Testumgebung so ausgewählt werden, dass sie möglichst repräsentativ alle in der Institution eingesetzten Gerätemodelle und Betriebssystemumgebungen abdeckt?";"Antwort:

Bei der Auswahl der Planung von Software-Tests sind folgende Aspekte zu beachten:

- Die Testfälle MÜSSEN so ausgewählt werden, dass diese möglichst repräsentativ alle Funktionen der Software überprüfen (Quelle: APP.3.1.A1 (S.391)).
- Zusätzlich SOLLTEN auch Negativ-Tests berücksichtigt werden, die überprüfen, ob die Software keine ungewollten Funktionen enthält (Quelle: APP.3.1.A1 (S.391)).
- Die Testumgebung MUSS so ausgewählt werden, dass diese möglichst repräsentativ alle in der Institution eingesetzten Gerätemodelle und Betriebssystemumgebungen abdeckt (Quelle: APP.3.1.A1 (S.391)).
- Es SOLLTE dabei getestet werden, ob die Software mit den eingesetzten Betriebssystemen in den vorliegenden Konfigurationen kompatibel und funktionsfähig ist (Quelle: APP.3.1.A1 (S.391)).";"1. Wie können die Testfälle so ausgewählt werden, dass sie möglichst repräsentativ alle Funktionen der Software überprüfen?
2. Welche Rolle spielen Negativ-Tests bei der Software-Testplanung?
3. Wie kann die Testumgebung so ausgewählt werden, dass sie möglichst repräsentativ alle in der Institution eingesetzten Gerätemodelle und Betriebssystemumgebungen abdeckt?";3;3;0.49999999995;1.0;0.8;0.7020125804646;;
Welche Basis Anforderungen gibt es im  IT-Grundschutz in Bezug auf Telearbeit ?;"Im IT-Grundschutz gibt es mehrere Basisanforderungen in Bezug auf Telearbeit. Dazu gehören die Regelungen für Telearbeit (OPS.1.2.4.A1), die sicherheitstechnischen Anforderungen an den Telearbeitsrechner (OPS.1.2.4.A2) und die Sensibilisierung und Schulung der Mitarbeitenden (OPS.1.2.4.A5). Diese Anforderungen sollen sicherstellen, dass die Telearbeit sicher und effizient durchgeführt wird. Quelle: OPS.1.2.4.A1 Regelungen für Telearbeit (B) [Vorgesetzte, Personalabteilung] (S.1), Quelle: OPS.1.2.4.A2 Sicherheitstechnische Anforderungen an den Telearbeitsrechner (B) (S.2), Quelle: OPS.1.2.4.A5 Sensibilisierung und Schulung der Mitarbeitenden (B) (S.3).

Anschlussfragen:
1. Wie MÜSSEN die Regelungen für Telearbeit in einer Institution umgesetzt werden?
2. Welche sicherheitstechnischen Anforderungen MÜSSEN an den Telearbeitsrechner gestellt werden?
3. Wie SOLLTEN die Schulungs- und Sensibilisierungsmaßnahmen für Mitarbeitende in Bezug auf Telearbeit durchgeführt werden?";Im IT-Grundschutz gibt es mehrere Basisanforderungen in Bezug auf Telearbeit. Dazu gehören die Regelungen für Telearbeit (OPS.1.2.4.A1), die sicherheitstechnischen Anforderungen an den Telearbeitsrechner (OPS.1.2.4.A2) und die Sensibilisierung und Schulung der Mitarbeitenden (OPS.1.2.4.A5). Diese Anforderungen sollen sicherstellen, dass die Telearbeit sicher und effizient durchgeführt wird. Quelle: OPS.1.2.4.A1 Regelungen für Telearbeit (B) [Vorgesetzte, Personalabteilung] (S.1), Quelle: OPS.1.2.4.A2 Sicherheitstechnische Anforderungen an den Telearbeitsrechner (B) (S.2), Quelle: OPS.1.2.4.A5 Sensibilisierung und Schulung der Mitarbeitenden (B) (S.3).;"""OPS.1.2.4.A1 Regelungen für Telearbeit (B) [Vorgesetzte, Personalabteilung]
Alle relevanten Aspekte der Telearbeit MÜSSEN geregelt werden. Zu Informationszwecken MÜSSEN den Telearbeitenden die geltenden Regelungen oder ein dafür vorgesehenes Merkblatt ausgehändigt werden, das die zu beachtenden Sicherheitsmaßnahmen erläutert. Alle strittigen Punkte MÜSSEN entweder durch Betriebsvereinbarungen oder durch zusätzlich zum Arbeitsvertrag getroffene individuelle Vereinbarungen zwischen dem Mitarbeitenden und der Institution geregelt werden. Die Regelungen MÜSSEN regelmäßig aktualisiert werden."",
""OPS.1.2.4.A2 Sicherheitstechnische Anforderungen an den Telearbeitsrechner (B)
Es MÜSSEN sicherheitstechnische Anforderungen festgelegt werden, die ein IT-System für die Telearbeit erfüllen muss.
Es MUSS sichergestellt werden, dass nur autorisierte Personen Zugang zu den Telearbeitsrechnern haben. Darüber hinaus MUSS der Telearbeitsrechner so abgesichert werden, dass er nur für autorisierte Zwecke benutzt werden kann."",
""OPS.1.2.4.A5 Sensibilisierung und Schulung der Mitarbeitenden (B)
Anhand eines Leitfadens MÜSSEN die Mitarbeitenden für die Gefahren sensibilisiert werden, die mit der Telearbeit verbunden sind. Außerdem MÜSSEN sie in die entsprechenden Sicherheitsmaßnahmen der Institution eingewiesen und im Umgang mit diesen geschult werden. Die Schulungs- und Sensibilisierungsmaßnahmen für Mitarbeitenden SOLLTEN regelmäßig wiederholt werden.""";"**Basis Anforderungen im IT-Grundschutz in Bezug auf Telearbeit**

Im IT-Grundschutz gibt es verschiedene Anforderungen in Bezug auf Telearbeit, die in den Bausteinen OPS.1.2.4 Telearbeit und INF.8 Häuslicher Arbeitsplatz beschrieben sind.

**Sicherheitstechnische Anforderungen an den Telearbeitsrechner**

Es MÜSSEN sicherheitstechnische Anforderungen festgelegt werden, die ein IT-System für die Telearbeit erfüllen muss. Es MUSS sichergestellt werden, dass nur autorisierte Personen Zugang zu den Telearbeitsrechnern haben. Darüber hinaus MUSS der Telearbeitsrechner so abgesichert werden, dass er nur für autorisierte Zwecke benutzt werden kann. (Quelle: OPS.1.2.4 Telearbeit, S. 123)

**Häuslicher Arbeitsplatz**

Ein häuslicher Arbeitsplatz kann nicht die gleiche infrastrukturelle Sicherheit vorausgesetzt werden, wie sie in den Büroräumen einer Institution anzutreffen ist. Deshalb müssen Maßnahmen ergriffen werden, mit denen sich ein Sicherheitsniveau erreichen lässt, das mit einem Büroraum vergleichbar ist. (Quelle: INF.8 Häuslicher Arbeitsplatz, S. 145)

**Grundanforderungen an Verträge mit Nutzenden von Outsourcing**

Einheitliche Grundanforderungen an Outsourcing-Verträge MÜSSEN entwickelt werden. Diese SOLLTEN einheitlich in Verträgen umgesetzt werden. Diese Grundanforderungen MÜSSEN Aspekte der Informationssicherheit und Sicherheitsanforderungen der Nutzenden von Outsourcing beinhalten. (Quelle: OPS.1.2.4 Telearbeit, S. 167)

**Mobiler Arbeitsplatz**

Das mobile Arbeiten verändert einerseits die Dauer, Lage und Verteilung der Arbeitszeiten. Andererseits erhöht es die Anforderungen an die Informationssicherheit, da in Umgebungen mit mobilen Arbeitsplätzen keine sichere IT-Infrastruktur vorausgesetzt werden kann, so wie sie in einer Büroumgebung anzutreffen ist. (Quelle: INF.9 Mobiler Arbeitsplatz, S. 189)

**Anschlussfragen:**

1. Wie können die Sicherheitstechnischen Anforderungen an den Telearbeitsrechner umgesetzt werden?
2. Welche Maßnahmen können ergriffen werden, um ein Sicherheitsniveau am häuslichen Arbeitsplatz zu erreichen, das mit einem Büroraum vergleichbar ist?
3. Wie können die Grundanforderungen an Verträge mit Nutzenden von Outsourcing umgesetzt werden?";"**Basis Anforderungen im IT-Grundschutz in Bezug auf Telearbeit**

Im IT-Grundschutz gibt es verschiedene Anforderungen in Bezug auf Telearbeit, die in den Bausteinen OPS.1.2.4 Telearbeit und INF.8 Häuslicher Arbeitsplatz beschrieben sind.

**Sicherheitstechnische Anforderungen an den Telearbeitsrechner**

Es MÜSSEN sicherheitstechnische Anforderungen festgelegt werden, die ein IT-System für die Telearbeit erfüllen muss. Es MUSS sichergestellt werden, dass nur autorisierte Personen Zugang zu den Telearbeitsrechnern haben. Darüber hinaus MUSS der Telearbeitsrechner so abgesichert werden, dass er nur für autorisierte Zwecke benutzt werden kann. (Quelle: OPS.1.2.4 Telearbeit, S. 123)

**Häuslicher Arbeitsplatz**

Ein häuslicher Arbeitsplatz kann nicht die gleiche infrastrukturelle Sicherheit vorausgesetzt werden, wie sie in den Büroräumen einer Institution anzutreffen ist. Deshalb müssen Maßnahmen ergriffen werden, mit denen sich ein Sicherheitsniveau erreichen lässt, das mit einem Büroraum vergleichbar ist. (Quelle: INF.8 Häuslicher Arbeitsplatz, S. 145)

**Grundanforderungen an Verträge mit Nutzenden von Outsourcing**

Einheitliche Grundanforderungen an Outsourcing-Verträge MÜSSEN entwickelt werden. Diese SOLLTEN einheitlich in Verträgen umgesetzt werden. Diese Grundanforderungen MÜSSEN Aspekte der Informationssicherheit und Sicherheitsanforderungen der Nutzenden von Outsourcing beinhalten. (Quelle: OPS.1.2.4 Telearbeit, S. 167)

**Mobiler Arbeitsplatz**

Das mobile Arbeiten verändert einerseits die Dauer, Lage und Verteilung der Arbeitszeiten. Andererseits erhöht es die Anforderungen an die Informationssicherheit, da in Umgebungen mit mobilen Arbeitsplätzen keine sichere IT-Infrastruktur vorausgesetzt werden kann, so wie sie in einer Büroumgebung anzutreffen ist. (Quelle: INF.9 Mobiler Arbeitsplatz, S. 189)";"1. Wie können die Sicherheitstechnischen Anforderungen an den Telearbeitsrechner umgesetzt werden?
2. Welche Maßnahmen können ergriffen werden, um ein Sicherheitsniveau am häuslichen Arbeitsplatz zu erreichen, das mit einem Büroraum vergleichbar ist?
3. Wie können die Grundanforderungen an Verträge mit Nutzenden von Outsourcing umgesetzt werden?";3;3;0.8583333333161667;0.6;0.25;0.6801407437110748;;
Wie werden organisatorische und technische Maßnahmen in Bezug auf Telearbeit miteinander verzahnt?;"Die organisatorischen und technischen Maßnahmen in Bezug auf Telearbeit werden durch verschiedene Anforderungen miteinander verzahnt. So müssen beispielsweise alle relevanten Aspekte der Telearbeit geregelt werden, wie in OPS.1.2.4.A1 festgelegt, und es müssen sicherheitstechnische Anforderungen an den Telearbeitsrechner festgelegt werden, wie in OPS.1.2.4.A2 beschrieben. Darüber hinaus müssen die Mitarbeitenden für die Gefahren sensibilisiert und in die entsprechenden Sicherheitsmaßnahmen eingewiesen werden, wie in OPS.1.2.4.A5 vorgeschlagen. Quelle: OPS.1.2.4.A1 (S.1), Quelle: OPS.1.2.4.A2 (S.2), Quelle: OPS.1.2.4.A5 (S.5).

Anschlussfragen:
1. Wie werden die sicherheitstechnischen Anforderungen an den Telearbeitsrechner umgesetzt?
2. Welche Rolle spielen die Vorgesetzten und die Personalabteilung bei der Umsetzung der Telearbeit?
3. Wie werden die Datensicherungsanforderungen für die Telearbeit geregelt?";Die organisatorischen und technischen Maßnahmen in Bezug auf Telearbeit werden durch verschiedene Anforderungen miteinander verzahnt. So müssen beispielsweise alle relevanten Aspekte der Telearbeit geregelt werden, wie in OPS.1.2.4.A1 festgelegt, und es müssen sicherheitstechnische Anforderungen an den Telearbeitsrechner festgelegt werden, wie in OPS.1.2.4.A2 beschrieben. Darüber hinaus müssen die Mitarbeitenden für die Gefahren sensibilisiert und in die entsprechenden Sicherheitsmaßnahmen eingewiesen werden, wie in OPS.1.2.4.A5 vorgeschlagen. Quelle: OPS.1.2.4.A1 (S.1), Quelle: OPS.1.2.4.A2 (S.2), Quelle: OPS.1.2.4.A5 (S.5).;"OPS.1.2.4.A1 Regelungen für Telearbeit (B) [Vorgesetzte, Personalabteilung] Alle relevanten Aspekte der Telearbeit MÜSSEN geregelt werden. Zu Informationszwecken MÜSSEN den Telearbeitenden die geltenden Regelungen oder ein dafür vorgesehenes Merkblatt ausgehändigt werden, das die zu beachtenden Sicherheitsmaßnahmen erläutert. Alle strittigen Punkte MÜSSEN entweder durch Betriebsvereinbarungen oder durch zusätzlich zum Arbeitsvertrag getroffene individuelle Vereinbarungen zwischen dem Mitarbeitenden und der Institution geregelt werden. Die Regelungen MÜSSEN regelmäßig aktualisiert werden.

OPS.1.2.4.A2 Sicherheitstechnische Anforderungen an den Telearbeitsrechner (B) Es MÜSSEN sicherheitstechnische Anforderungen festgelegt werden, die ein IT-System für die Telearbeit erfüllen muss. Es MUSS sichergestellt werden, dass nur autorisierte Personen Zugang zu den Telearbeitsrechnern haben. Darüber hinaus MUSS der Telearbeitsrechner so abgesichert werden, dass er nur für autorisierte Zwecke benutzt werden kann.

OPS.1.2.4.A5 Sensibilisierung und Schulung der Mitarbeitenden (B) Anhand eines Leitfadens MÜSSEN die Mitarbeitenden für die Gefahren sensibilisiert werden, die mit der Telearbeit verbunden sind. Außerdem MÜSSEN sie in die entsprechenden Sicherheitsmaßnahmen der Institution eingewiesen und im Umgang mit diesen geschult werden. Die Schulungs- und Sensibilisierungsmaßnahmen für Mitarbeitenden SOLLTEN regelmäßig wiederholt werden.

OPS.1.2.4.A9 Betreuungs- und Wartungskonzept für Telearbeitsplätze (S) [ITBetrieb, Mitarbeitende] Für Telearbeitsplätze SOLLTE ein spezielles Betreuungs- und Wartungskonzept erstellt werden. Darin SOLLTEN folgende Aspekte geregelt werden: Kontaktperson des IT-Betriebs, Wartungstermine, Fernwartung, Transport der IT-Geräte und Einführung von Standard-Telearbeitsrechnern. Damit die Mitarbeitenden einsatzfähig bleiben, SOLLTEN für sie Kontaktpersonen für Hard- und Softwareprobleme benannt werden.";"Antwort:

Um organisatorische und technische Maßnahmen in Bezug auf Telearbeit miteinander zu verzahnen, müssen die folgenden Anforderungen erfüllt werden:

- **OPS.1.2.4 Telearbeit**: Dieser Baustein konzentriert sich auf die Form der Telearbeit, die im häuslichen Umfeld durchgeführt wird (heimbasierte Telearbeit). Es wird davon ausgegangen, dass zwischen dem Telearbeitsplatz und der Institution eine sichere Telekommunikationsverbindung besteht, die es ermöglicht, geeignet Informationen auszutauschen und auf Daten auf dem Server der Institution zuzugreifen.
- **Sensibilisierung und Schulung der Mitarbeitenden**: Anhand eines Leitfadens MÜSSEN die Mitarbeitenden für die Gefahren sensibilisiert werden, die mit der Telearbeit verbunden sind. Außerdem MÜSSEN sie in die entsprechenden Sicherheitsmaßnahmen der Institution eingewiesen und im Umgang mit diesen geschult werden.
- **Erstellen eines Sicherheitskonzeptes für Telearbeit**: Es SOLLTE ein Sicherheitskonzept für die Telearbeit erstellt werden, das Sicherheitsziele, Schutzbedarf, Sicherheitsanforderungen sowie Risiken beschreibt. Das Konzept SOLLTE regelmäßig aktualisiert und überarbeitet werden.

Quelle: OPS.1.2.4 Telearbeit (S. 1-2)

Anschlussfragen:

1. Wie können die Sicherheitsanforderungen für die Telearbeit in der Institution umgesetzt werden?
2. Welche Rolle spielen die Mitarbeitenden bei der Umsetzung der Sicherheitsanforderungen für die Telearbeit?
3. Wie kann das Sicherheitskonzept für die Telearbeit regelmäßig aktualisiert und überarbeitet werden?";"Antwort:

Um organisatorische und technische Maßnahmen in Bezug auf Telearbeit miteinander zu verzahnen, müssen die folgenden Anforderungen erfüllt werden:

- **OPS.1.2.4 Telearbeit**: Dieser Baustein konzentriert sich auf die Form der Telearbeit, die im häuslichen Umfeld durchgeführt wird (heimbasierte Telearbeit). Es wird davon ausgegangen, dass zwischen dem Telearbeitsplatz und der Institution eine sichere Telekommunikationsverbindung besteht, die es ermöglicht, geeignet Informationen auszutauschen und auf Daten auf dem Server der Institution zuzugreifen.
- **Sensibilisierung und Schulung der Mitarbeitenden**: Anhand eines Leitfadens MÜSSEN die Mitarbeitenden für die Gefahren sensibilisiert werden, die mit der Telearbeit verbunden sind. Außerdem MÜSSEN sie in die entsprechenden Sicherheitsmaßnahmen der Institution eingewiesen und im Umgang mit diesen geschult werden.
- **Erstellen eines Sicherheitskonzeptes für Telearbeit**: Es SOLLTE ein Sicherheitskonzept für die Telearbeit erstellt werden, das Sicherheitsziele, Schutzbedarf, Sicherheitsanforderungen sowie Risiken beschreibt. Das Konzept SOLLTE regelmäßig aktualisiert und überarbeitet werden.

Quelle: OPS.1.2.4 Telearbeit (S. 1-2)";"1. Wie können die Sicherheitsanforderungen für die Telearbeit in der Institution umgesetzt werden?
2. Welche Rolle spielen die Mitarbeitenden bei der Umsetzung der Sicherheitsanforderungen für die Telearbeit?
3. Wie kann das Sicherheitskonzept für die Telearbeit regelmäßig aktualisiert und überarbeitet werden?";3;3;0.499999999975;0.4;0.625;0.573590074493256;;
Wie wird verhindert, dass Mitarbeitende Sicherheitsmaßnahmen im Homeoffice vernachlässigen?;"Um zu verhindern, dass Mitarbeitende Sicherheitsmaßnahmen im Homeoffice vernachlässigen, müssen alle relevanten Aspekte der Telearbeit geregelt werden, wie in OPS.1.2.4.A1 Regelungen für Telearbeit (B) [Vorgesetzte, Personalabteilung] festgelegt. Dazu gehören die Ausgabe von Regelungen oder Merkblättern, die die zu beachtenden Sicherheitsmaßnahmen erläutern, sowie regelmäßige Aktualisierungen dieser Regelungen Quelle: OPS.1.2.4.A1 (S. nicht spezifiziert). 

Darüber hinaus ist es wichtig, die Mitarbeitenden für die Gefahren sensibilisiert werden, die mit der Telearbeit verbunden sind, und sie in die entsprechenden Sicherheitsmaßnahmen der Institution einweisen und schulen, wie in OPS.1.2.4.A5 Sensibilisierung und Schulung der Mitarbeitenden (B) beschrieben Quelle: OPS.1.2.4.A5 (S. nicht spezifiziert). 

Ein regelmäßiger innerbetrieblicher Informationsaustausch zwischen den Mitarbeitenden und der Institution, wie in OPS.1.2.4.A8 Informationsfluss zwischen Mitarbeitenden und Institution (S) [Vorgesetzte, Mitarbeitende] gefordert, hilft ebenfalls, Sicherheitsanforderungen und -vorfälle zeitnah zu kommunizieren Quelle: OPS.1.2.4.A8 (S. nicht spezifiziert).

Anschlussfragen:
1. Wie können die Mitarbeitenden am besten auf die spezifischen Sicherheitsanforderungen der Telearbeit vorbereitet werden?
2. Welche Rolle spielt die regelmäßige Aktualisierung der Telearbeitsregelungen bei der Aufrechterhaltung der Sicherheit?
3. Wie kann der Informationsfluss zwischen den Mitarbeitenden und der Institution am effektivsten gestaltet werden, um Sicherheitsvorfälle zu minimieren?";"Um zu verhindern, dass Mitarbeitende Sicherheitsmaßnahmen im Homeoffice vernachlässigen, müssen alle relevanten Aspekte der Telearbeit geregelt werden, wie in OPS.1.2.4.A1 Regelungen für Telearbeit (B) [Vorgesetzte, Personalabteilung] festgelegt. Dazu gehören die Ausgabe von Regelungen oder Merkblättern, die die zu beachtenden Sicherheitsmaßnahmen erläutern, sowie regelmäßige Aktualisierungen dieser Regelungen Quelle: OPS.1.2.4.A1 (S. nicht spezifiziert). 

Darüber hinaus ist es wichtig, die Mitarbeitenden für die Gefahren sensibilisiert werden, die mit der Telearbeit verbunden sind, und sie in die entsprechenden Sicherheitsmaßnahmen der Institution einweisen und schulen, wie in OPS.1.2.4.A5 Sensibilisierung und Schulung der Mitarbeitenden (B) beschrieben Quelle: OPS.1.2.4.A5 (S. nicht spezifiziert). 

Ein regelmäßiger innerbetrieblicher Informationsaustausch zwischen den Mitarbeitenden und der Institution, wie in OPS.1.2.4.A8 Informationsfluss zwischen Mitarbeitenden und Institution (S) [Vorgesetzte, Mitarbeitende] gefordert, hilft ebenfalls, Sicherheitsanforderungen und -vorfälle zeitnah zu kommunizieren Quelle: OPS.1.2.4.A8 (S. nicht spezifiziert).";"OPS.1.2.4.A1 Regelungen für Telearbeit (B) [Vorgesetzte, Personalabteilung] Alle relevanten Aspekte der Telearbeit MÜSSEN geregelt werden. Zu Informationszwecken MÜSSEN den Telearbeitenden die geltenden Regelungen oder ein dafür vorgesehenes Merkblatt ausgehändigt werden, das die zu beachtenden Sicherheitsmaßnahmen erläutert. Alle strittigen Punkte MÜSSEN entweder durch Betriebsvereinbarungen oder durch zusätzlich zum Arbeitsvertrag getroffene individuelle Vereinbarungen zwischen dem Mitarbeitenden und der Institution geregelt werden. Die Regelungen MÜSSEN regelmäßig aktualisiert werden.

OPS.1.2.4.A5 Sensibilisierung und Schulung der Mitarbeitenden (B) Anhand eines Leitfadens MÜSSEN die Mitarbeitenden für die Gefahren sensibilisiert werden, die mit der Telearbeit verbunden sind. Außerdem MÜSSEN sie in die entsprechenden Sicherheitsmaßnahmen der Institution eingewiesen und im Umgang mit diesen geschult werden. Die Schulungs- und Sensibilisierungsmaßnahmen für Mitarbeitenden SOLLTEN regelmäßig wiederholt werden.

OPS.1.2.4.A8 Informationsfluss zwischen Mitarbeitenden und Institution (S) [Vorgesetzte, Mitarbeitende] Ein regelmäßiger innerbetrieblicher Informationsaustausch zwischen den Mitarbeitenden und der Institution SOLLTE gewährleistet sein. Alle Mitarbeitenden SOLLTEN zeitnah über geänderte Sicherheitsanforderungen und andere sicherheitsrelevante Aspekte informiert werden. Allen Kollegen und Kolleginnen der jeweiligen Mitarbeitenden SOLLTE bekannt sein, wann und wo diese erreicht werden können. Technische und organisatorische Telearbeitsregelungen zur Aufgabenbewältigung, zu Sicherheitsvorfällen und sonstigen Problemen SOLLTEN geregelt und an die Mitarbeitenden kommuniziert werden.";"Um sicherzustellen, dass Mitarbeitende Sicherheitsmaßnahmen im Homeoffice vernachlässigen, müssen die folgenden Anforderungen erfüllt werden:

- **ORP.1.A1 Festlegung von Verantwortlichkeiten und Regelungen (B) [Institutionsleitung]**: Die Institutionsleitung muss die Verantwortlichkeiten und Regelungen für den häuslichen Arbeitsplatz festlegen und den Mitarbeitenden mitteilen.
- **ORP.1.A2 Kommunikation von Sicherheitsanforderungen (B) [Institutionsleitung]**: Die Institutionsleitung muss die Sicherheitsanforderungen an die Mitarbeitenden kommunizieren und sicherstellen, dass sie diese verstehen.
- **ORP.2.A1 Sicherstellung der Vertraulichkeit (B) [Institutionsleitung]**: Die Institutionsleitung muss sicherstellen, dass vertrauliche Informationen nicht in die Hände Dritter gelangen.
- **ORP.2.A2 Schutz vor unbefugtem Zutritt (B) [Institutionsleitung]**: Die Institutionsleitung muss sicherstellen, dass der häusliche Arbeitsplatz abgesperrt ist, wenn er nicht besetzt ist.
- **ORP.3.A1 Überprüfung von Sicherheitsmaßnahmen (B) [Institutionsleitung]**: Die Institutionsleitung muss sicherstellen, dass die Sicherheitsmaßnahmen regelmäßig überprüft werden.

Um sicherzustellen, dass die Sicherheitsmaßnahmen im Homeoffice umgesetzt werden, müssen die folgenden Anforderungen erfüllt werden:

- **ORP.4.A1 Schulung der Mitarbeitenden (B) [Institutionsleitung]**: Die Institutionsleitung muss sicherstellen, dass die Mitarbeitenden über die Sicherheitsanforderungen und -maßnahmen im Homeoffice geschult werden.
- **ORP.4.A2 Überprüfung der Umsetzung von Sicherheitsmaßnahmen (B) [Institutionsleitung]**: Die Institutionsleitung muss sicherstellen, dass die Sicherheitsmaßnahmen im Homeoffice umgesetzt werden.

Um sicherzustellen, dass die Sicherheitsmaßnahmen im Homeoffice wirksam sind, müssen die folgenden Anforderungen erfüllt werden:

- **ORP.5.A1 Überprüfung der Wirksamkeit von Sicherheitsmaßnahmen (B) [Institutionsleitung]**: Die Institutionsleitung muss sicherstellen, dass die Wirksamkeit der Sicherheitsmaßnahmen im Homeoffice überprüft wird.
- **ORP.5.A2 Anpassung von Sicherheitsmaßnahmen (B) [Institutionsleitung]**: Die Institutionsleitung muss sicherstellen, dass die Sicherheitsmaßnahmen im Homeoffice an die Bedürfnisse der Institution angepasst werden.

Anschlussfragen:

1. Wie kann die Institutionsleitung sicherstellen, dass die Sicherheitsmaßnahmen im Homeoffice umgesetzt werden?
2. Wie kann die Wirksamkeit der Sicherheitsmaßnahmen im Homeoffice überprüft werden?
3. Wie kann die Institutionsleitung sicherstellen, dass die Sicherheitsmaßnahmen im Homeoffice an die Bedürfnisse der Institution angepasst werden?";"Um sicherzustellen, dass Mitarbeitende Sicherheitsmaßnahmen im Homeoffice vernachlässigen, müssen die folgenden Anforderungen erfüllt werden:

- **ORP.1.A1 Festlegung von Verantwortlichkeiten und Regelungen (B) [Institutionsleitung]**: Die Institutionsleitung muss die Verantwortlichkeiten und Regelungen für den häuslichen Arbeitsplatz festlegen und den Mitarbeitenden mitteilen.
- **ORP.1.A2 Kommunikation von Sicherheitsanforderungen (B) [Institutionsleitung]**: Die Institutionsleitung muss die Sicherheitsanforderungen an die Mitarbeitenden kommunizieren und sicherstellen, dass sie diese verstehen.
- **ORP.2.A1 Sicherstellung der Vertraulichkeit (B) [Institutionsleitung]**: Die Institutionsleitung muss sicherstellen, dass vertrauliche Informationen nicht in die Hände Dritter gelangen.
- **ORP.2.A2 Schutz vor unbefugtem Zutritt (B) [Institutionsleitung]**: Die Institutionsleitung muss sicherstellen, dass der häusliche Arbeitsplatz abgesperrt ist, wenn er nicht besetzt ist.
- **ORP.3.A1 Überprüfung von Sicherheitsmaßnahmen (B) [Institutionsleitung]**: Die Institutionsleitung muss sicherstellen, dass die Sicherheitsmaßnahmen regelmäßig überprüft werden.

Um sicherzustellen, dass die Sicherheitsmaßnahmen im Homeoffice umgesetzt werden, müssen die folgenden Anforderungen erfüllt werden:

- **ORP.4.A1 Schulung der Mitarbeitenden (B) [Institutionsleitung]**: Die Institutionsleitung muss sicherstellen, dass die Mitarbeitenden über die Sicherheitsanforderungen und -maßnahmen im Homeoffice geschult werden.
- **ORP.4.A2 Überprüfung der Umsetzung von Sicherheitsmaßnahmen (B) [Institutionsleitung]**: Die Institutionsleitung muss sicherstellen, dass die Sicherheitsmaßnahmen im Homeoffice umgesetzt werden.

Um sicherzustellen, dass die Sicherheitsmaßnahmen im Homeoffice wirksam sind, müssen die folgenden Anforderungen erfüllt werden:

- **ORP.5.A1 Überprüfung der Wirksamkeit von Sicherheitsmaßnahmen (B) [Institutionsleitung]**: Die Institutionsleitung muss sicherstellen, dass die Wirksamkeit der Sicherheitsmaßnahmen im Homeoffice überprüft wird.
- **ORP.5.A2 Anpassung von Sicherheitsmaßnahmen (B) [Institutionsleitung]**: Die Institutionsleitung muss sicherstellen, dass die Sicherheitsmaßnahmen im Homeoffice an die Bedürfnisse der Institution angepasst werden.";"1. Wie kann die Institutionsleitung sicherstellen, dass die Sicherheitsmaßnahmen im Homeoffice umgesetzt werden?
2. Wie kann die Wirksamkeit der Sicherheitsmaßnahmen im Homeoffice überprüft werden?
3. Wie kann die Institutionsleitung sicherstellen, dass die Sicherheitsmaßnahmen im Homeoffice an die Bedürfnisse der Institution angepasst werden?";3;3;0.49999999995;0.9166666666666666;0.5;0.3858009137369034;;
Welche Maßnahmen adressieren gleichzeitig organisatorische und menschliche Risiken der Telearbeit?;"Die Maßnahmen, die gleichzeitig organisatorische und menschliche Risiken der Telearbeit adressieren, umfassen Regelungen für Telearbeit, Sensibilisierung und Schulung der Mitarbeitenden sowie die Regelung des Informationsflusses zwischen Mitarbeitenden und Institution. 

Die Regelungen für Telearbeit (OPS.1.2.4.A1) MÜSSEN alle relevanten Aspekte der Telearbeit regeln und den Telearbeitenden die geltenden Regelungen oder ein dafür vorgesehenes Merkblatt aushändigen Quelle: OPS.1.2.4.A1 (S. nicht spezifiziert). 

Die Sensibilisierung und Schulung der Mitarbeitenden (OPS.1.2.4.A5) MÜSSEN die Mitarbeitenden für die Gefahren sensibilisieren, die mit der Telearbeit verbunden sind, und sie in die entsprechenden Sicherheitsmaßnahmen der Institution einweisen Quelle: OPS.1.2.4.A5 (S. nicht spezifiziert). 

Der Informationsfluss zwischen Mitarbeitenden und Institution (OPS.1.2.4.A8) SOLLTE gewährleisten, dass alle Mitarbeitenden zeitnah über geänderte Sicherheitsanforderungen und andere sicherheitsrelevante Aspekte informiert werden Quelle: OPS.1.2.4.A8 (S. nicht spezifiziert).

Anschlussfragen:
1. Wie können die Regelungen für Telearbeit am effektivsten umgesetzt werden, um organisatorische Risiken zu minimieren?
2. Welche Rolle spielt die Sensibilisierung und Schulung der Mitarbeitenden bei der Reduzierung menschlicher Risiken in der Telearbeit?
3. Wie kann der Informationsfluss zwischen Mitarbeitenden und Institution optimiert werden, um sicherzustellen, dass alle Beteiligten über aktuelle Sicherheitsanforderungen informiert sind?";"Die Maßnahmen, die gleichzeitig organisatorische und menschliche Risiken der Telearbeit adressieren, umfassen Regelungen für Telearbeit, Sensibilisierung und Schulung der Mitarbeitenden sowie die Regelung des Informationsflusses zwischen Mitarbeitenden und Institution. 

Die Regelungen für Telearbeit (OPS.1.2.4.A1) MÜSSEN alle relevanten Aspekte der Telearbeit regeln und den Telearbeitenden die geltenden Regelungen oder ein dafür vorgesehenes Merkblatt aushändigen Quelle: OPS.1.2.4.A1 (S. nicht spezifiziert). 

Die Sensibilisierung und Schulung der Mitarbeitenden (OPS.1.2.4.A5) MÜSSEN die Mitarbeitenden für die Gefahren sensibilisieren, die mit der Telearbeit verbunden sind, und sie in die entsprechenden Sicherheitsmaßnahmen der Institution einweisen Quelle: OPS.1.2.4.A5 (S. nicht spezifiziert). 

Der Informationsfluss zwischen Mitarbeitenden und Institution (OPS.1.2.4.A8) SOLLTE gewährleisten, dass alle Mitarbeitenden zeitnah über geänderte Sicherheitsanforderungen und andere sicherheitsrelevante Aspekte informiert werden Quelle: OPS.1.2.4.A8 (S. nicht spezifiziert).";"OPS.1.2.4.A1 Regelungen für Telearbeit (B) [Vorgesetzte, Personalabteilung] Alle relevanten Aspekte der Telearbeit MÜSSEN geregelt werden. Zu Informationszwecken MÜSSEN den Telearbeitenden die geltenden Regelungen oder ein dafür vorgesehenes Merkblatt ausgehändigt werden, das die zu beachtenden Sicherheitsmaßnahmen erläutert. Alle strittigen Punkte MÜSSEN entweder durch Betriebsvereinbarungen oder durch zusätzlich zum Arbeitsvertrag getroffene individuelle Vereinbarungen zwischen dem Mitarbeitenden und der Institution geregelt werden. Die Regelungen MÜSSEN regelmäßig aktualisiert werden.

OPS.1.2.4.A5 Sensibilisierung und Schulung der Mitarbeitenden (B) Anhand eines Leitfadens MÜSSEN die Mitarbeitenden für die Gefahren sensibilisiert werden, die mit der Telearbeit verbunden sind. Außerdem MÜSSEN sie in die entsprechenden Sicherheitsmaßnahmen der Institution eingewiesen und im Umgang mit diesen geschult werden. Die Schulungs- und Sensibilisierungsmaßnahmen für Mitarbeitenden SOLLTEN regelmäßig wiederholt werden.

OPS.1.2.4.A7 Regelung der Nutzung von Kommunikationsmöglichkeiten bei Telearbeit (S) [IT-Betrieb, Mitarbeitende] Es SOLLTE klar geregelt werden, welche Kommunikationsmöglichkeiten bei der Telearbeit unter welchen Rahmenbedingungen genutzt werden dürfen. Die dienstliche und private Nutzung von Internetdiensten bei der Telearbeit SOLLTE geregelt werden. Dabei SOLLTE auch geklärt werden, ob eine private Nutzung generell erlaubt oder unterbunden wird.

OPS.1.2.4.A8 Informationsfluss zwischen Mitarbeitenden und Institution (S) [Vorgesetzte, Mitarbeitende] Ein regelmäßiger innerbetrieblicher Informationsaustausch zwischen den Mitarbeitenden und der Institution SOLLTE gewährleistet sein. Alle Mitarbeitenden SOLLTEN zeitnah über geänderte Sicherheitsanforderungen und andere sicherheitsrelevante Aspekte informiert werden. Allen Kollegen und Kolleginnen der jeweiligen Mitarbeitenden SOLLTE bekannt sein, wann und wo diese erreicht werden können. Technische und organisatorische Telearbeitsregelungen zur Aufgabenbewältigung, zu Sicherheitsvorfällen und sonstigen Problemen SOLLTEN geregelt und an die Mitarbeitenden kommuniziert werden.";"Antwort:

Um gleichzeitig organisatorische und menschliche Risiken der Telearbeit anzusprechen, MÜSSEN folgende Maßnahmen ergriffen werden:

- **Sensibilisierung und Schulung der Mitarbeitenden**: Die Mitarbeitenden MÜSSEN für die Gefahren sensibilisiert werden, die mit der Telearbeit verbunden sind. Sie MÜSSEN auch in die entsprechenden Sicherheitsmaßnahmen der Institution eingewiesen und im Umgang mit diesen geschult werden. Die Schulungs- und Sensibilisierungsmaßnahmen für Mitarbeitende SOLLTEN regelmäßig wiederholt werden. (Quelle: OPS.1.2.4 Telearbeit, S. 123)
- **Erstellen eines Sicherheitskonzeptes für Telearbeit**: Es SOLLTE ein Sicherheitskonzept für die Telearbeit erstellt werden, das Sicherheitsziele, Schutzbedarf, Sicherheitsanforderungen sowie Risiken beschreibt. Das Konzept SOLLTE regelmäßig aktualisiert und überarbeitet werden. (Quelle: OPS.1.2.4 Telearbeit, S. 124)
- **Regelungen für den Telearbeitsplatz**: Die Nutzung eines Telearbeitsplatzes erfordert ergänzende organisatorische Absprachen zwischen den Mitarbeitenden und den Führungskräften. Zudem brauchen sie Handlungsanweisungen für den Fall, dass sicherheitsrelevante Vorkommnisse am Telearbeitsplatz eintreten. (Quelle: OPS.1.2.4 Telearbeit, S. 125)

Anschlussfragen:

1. Wie können die Sicherheitsanforderungen für die Telearbeit in die allgemeinen Sicherheitsziele und -anforderungen der Institution integriert werden?
2. Welche Rolle spielen die Führungskräfte bei der Sensibilisierung und Schulung der Mitarbeitenden für die Telearbeit?
3. Wie kann das Sicherheitskonzept für die Telearbeit regelmäßig aktualisiert und überarbeitet werden?";"Antwort:

Um gleichzeitig organisatorische und menschliche Risiken der Telearbeit anzusprechen, MÜSSEN folgende Maßnahmen ergriffen werden:

- **Sensibilisierung und Schulung der Mitarbeitenden**: Die Mitarbeitenden MÜSSEN für die Gefahren sensibilisiert werden, die mit der Telearbeit verbunden sind. Sie MÜSSEN auch in die entsprechenden Sicherheitsmaßnahmen der Institution eingewiesen und im Umgang mit diesen geschult werden. Die Schulungs- und Sensibilisierungsmaßnahmen für Mitarbeitende SOLLTEN regelmäßig wiederholt werden. (Quelle: OPS.1.2.4 Telearbeit, S. 123)
- **Erstellen eines Sicherheitskonzeptes für Telearbeit**: Es SOLLTE ein Sicherheitskonzept für die Telearbeit erstellt werden, das Sicherheitsziele, Schutzbedarf, Sicherheitsanforderungen sowie Risiken beschreibt. Das Konzept SOLLTE regelmäßig aktualisiert und überarbeitet werden. (Quelle: OPS.1.2.4 Telearbeit, S. 124)
- **Regelungen für den Telearbeitsplatz**: Die Nutzung eines Telearbeitsplatzes erfordert ergänzende organisatorische Absprachen zwischen den Mitarbeitenden und den Führungskräften. Zudem brauchen sie Handlungsanweisungen für den Fall, dass sicherheitsrelevante Vorkommnisse am Telearbeitsplatz eintreten. (Quelle: OPS.1.2.4 Telearbeit, S. 125)";"1. Wie können die Sicherheitsanforderungen für die Telearbeit in die allgemeinen Sicherheitsziele und -anforderungen der Institution integriert werden?
2. Welche Rolle spielen die Führungskräfte bei der Sensibilisierung und Schulung der Mitarbeitenden für die Telearbeit?
3. Wie kann das Sicherheitskonzept für die Telearbeit regelmäßig aktualisiert und überarbeitet werden?";3;3;0.249999999975;1.0;0.8571428571428571;0.6162182825815794;;
Welche typischen Gefährdungen bestehen bei Fernwartung?;"Typische Gefährdungen bei Fernwartung umfassen unzureichende Kenntnisse über Regelungen der Fernwartung, fehlende oder unzureichende Planung und Regelung der Fernwartung, ungeeignete Nutzung von Authentisierung, fehlerhafte Fernwartung, Verwendung unsicherer Protokolle, fehlende Regelungen zur Fremdnutzung von Fernwartungszugängen, Nutzung von Online-Diensten für die Fernwartung und unbekannte Fernwartungskomponenten Quelle: 2.1-2.8. 

Anschlussfragen:
1. Wie können unzureichende Kenntnisse über Regelungen der Fernwartung minimiert werden?
2. Welche Rolle spielt die Verwendung unsicherer Protokolle in der Fernwartung bei der Sicherheit von IT-Systemen?
3. Wie können unbekannte Fernwartungskomponenten in IT-Systemen identifiziert und gesichert werden?";Typische Gefährdungen bei Fernwartung umfassen unzureichende Kenntnisse über Regelungen der Fernwartung, fehlende oder unzureichende Planung und Regelung der Fernwartung, ungeeignete Nutzung von Authentisierung, fehlerhafte Fernwartung, Verwendung unsicherer Protokolle, fehlende Regelungen zur Fremdnutzung von Fernwartungszugängen, Nutzung von Online-Diensten für die Fernwartung und unbekannte Fernwartungskomponenten Quelle: 2.1-2.8.;"2.1. Unzureichende Kenntnisse über Regelungen der Fernwartung

Administrierende, die Fernwartung einrichten und nutzen, sind auf Regelungen angewiesen, die festlegen, wie Fernwartung verwendet werden soll. Beispielsweise ist es notwendig festzulegen, wie Anwendungen zur Fernwartung konfiguriert werden sollen. Ansonsten können mit der Fernwartung zusätzliche Risiken für das interne Netz entstehen. Werden den Beteiligten die Regelungen zur Fernwartung nicht mitgeteilt, ergeben sich Gefahren für den IT-Betrieb. Beispielsweise könnte eine Fernwartungsschnittstelle eingerichtet und dabei ein Authentisierungsverfahren mit unsicherem Passwort erlaubt werden, anstelle eines sicheren, zertifikatbasierten Verfahrens.

2.2. Fehlende oder unzureichende Planung und Regelung der Fernwartung Wird die Fernwartung nicht sorgfältig geplant, aufgebaut und geregelt, kann die Sicherheit aller IT-Systeme einer Institution beeinträchtigt werden. Werden beispielsweise unsichere Kommunikationsprotokolle, Verschlüsselungsalgorithmen oder Authentisierungsmechanismen eingesetzt, können Sicherheitslücken entstehen. Über unzureichend gesicherte Fernwartungsschnittstellen kann auch ein gekoppeltes Netz eines Dritten kompromittiert werden.

2.3. Ungeeignete Nutzung von Authentisierung bei der Fernwartung Bei der Fernwartung können unterschiedliche Authentisierungsmechanismen verwendet werden. Wird ein unsicheres Authentisierungsverfahren genutzt, können unberechtigte Dritte administrative Berechtigungen auf Fernwartungssystemen oder für Fernwartungswerkzeuge erlangen. Dadurch können sie auf die IT-Systeme einer Institution zugreifen und weitreichende Schäden verursachen. Ein Beispiel hierfür ist ein Anmeldeverfahren, das nur ein kurzes Passwort verwendet. Bei einem Angriff kann dieses Passwort in kurzer Zeit erraten und sich so Zugriff auf IT-Systeme der Institution verschafft werden.

2.4. Fehlerhafte Fernwartung Damit die Sicherheit und Funktionsfähigkeit von IT-Systemen und Anwendungen, auf die nur aus der Ferne zugegriffen werden kann, gewährleistet wird, ist eine professionelle und regelmäßige Fernwartung erforderlich. Werden solche IT-Systeme und Anwendungen nicht ordnungsgemäß per Fernwartung konfiguriert und gewartet, können sie im schlimmsten Fall nicht mehr genutzt werden. Laufen die Fernwartungsprozesse nicht korrekt ab, kann dies zu Fehlfunktionen einzelner Betriebssystemkomponenten führen. Außerdem können durch verspätete oder fehlerhafte ITSystemwartungen Sicherheitslücken entstehen.

2.5. Verwendung unsicherer Protokolle in der Fernwartung Die Kommunikation über öffentliche und interne Netze mittels unsicherer Protokolle stellt eine potenzielle Gefahr dar. Werden z. B. veraltete Versionen von IPSec, SSH oder SSL/TLS eingesetzt, um einen Tunnel zwischen zwei Netzen oder Endpunkten herzustellen, kann nicht gewährleistet werden, dass dieser Tunnel ausreichend sicher ist und die darin übertragenen Informationen angemessen geschützt sind. Bei einem Angriff können Schwachstellen dieser Protokolle ausgenutzt werden, um in geschützte Verbindungen eigene Inhalte einzuschleusen. Generell als unsicher gelten Protokolle, bei denen Informationen im Klartext übertragen werden.

2.6. Fehlende Regelungen zur Fremdnutzung der Fernwartungszugänge Werden IT-Systeme von Dritten ferngewartet, ohne dass es dafür eine vertragliche Grundlage gibt, sind die Zuständigkeiten für die Fernwartung möglicherweise nicht klar geregelt. Dadurch können z. B. Rollentrennungen umgangen werden oder offene Fernwartungszugänge werden nicht dokumentiert.

2.7. Nutzung von Online-Diensten für die Fernwartung Neben einer Fernwartung, bei der eine direkte Datenverbindung zu der betreffenden Institution aufgebaut wird, können auch Online-Dienste genutzt werden. Hierbei verbinden sich die zu administrierenden IT-Systeme mit den Servern von Online-Diensten und die Administrierenden können z. B. über einen Webbrowser auf die zu administrierenden IT-Systeme zugreifen. Falls die Kommunikation nicht Ende-zu-Ende verschlüsselt wird, könnten die Online-Dienste den Datenaustausch mitlesen. Zusätzlich könnten auch die IT-Systeme durch unberechtigte Personen administriert werden, indem die Datenverbindung verändert wird. Bauen die IT-Systeme automatisch beim Systemstart eine Datenverbindung zum Online-Dienst auf, könnte direkt auf das IT-System zugegriffen werden, ohne dass dies den Benutzenden des IT-Systems oder den zuständigen Administrierenden bekannt ist.

2.8. Unbekannte Fernwartungskomponenten Viele IT-Systeme enthalten Komponenten, die integrierte Funktionen zur Fernwartung bieten. Oft sind diese Funktionen aber schlecht dokumentiert und werden bei der Beschaffung sowie beim Betrieb von IT-Systemen nicht berücksichtigt. Integrierte Fernwartungskomponenten haben weitreichenden Zugriff auf die IT-Systeme, in denen sie verbaut sind. Dieser Zugriff wirkt dabei oft direkt auf andere Komponenten des IT-Systems und kann so die Sicherheitsmechanismen des Betriebssystems umgehen. Zusätzlich können integrierte Fernwartungsfunktionen Schwachstellen enthalten, die einen unberechtigten Zugriff auf das IT-System vereinfachen.";"Antwort:

Die typischen Gefährdungen bei Fernwartung im industriellen Umfeld sind vielfältig und umfassen:

- Unzureichende Dokumentation von Fernwartungszugängen, was zu unautorisierten Zugriffen und Manipulationen führen kann.
- Unzureichende Verfügbarkeit von Daten und Abhängigkeiten von der Büro- und Gebäude-IT, die zu Sicherheitslücken und Abstimmungsfehlern führen können.
- Unzureichende Regelungen für die Nutzung von OT-Fernwartungszugängen, was zu unkontrollierten Zugriffen und Fehlverhalten führen kann.
- Unzureichende menschliche Kontrolle über OT-Fernwartungssitzungen, was zu Konfigurationsfehlern und unabsichtlichem oder absichtlichem Fehlverhalten führen kann.
- Direkte IP-basierte Zugriffsmöglichkeiten auf ICS aus unsicheren Zonen, die zu Schadprogrammen und gezielten Angriffen führen können.
- Unsichere alternative OT-Fernwartungszugänge für Störungen, die zu unautorisierten Zugriffen und Manipulationen führen können.
- Unsichere Konzeption von OT-Fernwartungszugängen, die zu unautorisierten Zugriffen und Manipulationen führen können.
- Veraltete technische Konzeption von OT-Fernwartungszugängen, die zu Sicherheitslücken und unautorisierten Zugriffen führen können.

Um diese Gefährdungen zu minimieren, sind folgende Anforderungen zu erfüllen:

- Vertragliche Regelungen für die OT-Fernwartung müssen mit externen Benutzenden vereinbart werden.
- Die Nutzung von OT-Fernwartungszugängen muss durch restriktive Regelungen geregelt werden.
- Die menschliche Kontrolle über OT-Fernwartungssitzungen muss sichergestellt werden.
- Die Fernwartungsverbindungen müssen verschlüsselt werden.
- Die Fernwartungssoftware muss nur auf IT-Systemen installiert werden, auf denen sie benötigt wird.

Anschlussfragen:

1. Wie können die Anforderungen an die OT-Fernwartung im industriellen Umfeld umgesetzt werden?
2. Welche Rolle spielen die menschliche Kontrolle und die Vertragliche Regelungen bei der OT-Fernwartung?
3. Wie können die Sicherheitslücken und unautorisierten Zugriffe bei der OT-Fernwartung minimiert werden?

Quelle: IND.3.2 Fernwartung im industriellen Umfeld (S. 1-2)

Anforderungen:

- Vertragliche Regelungen für die OT-Fernwartung müssen mit externen Benutzenden vereinbart werden (IND.3.2 Fernwartung im industriellen Umfeld, S. 1).
- Die Nutzung von OT-Fernwartungszugängen muss durch restriktive Regelungen geregelt werden (IND.3.2 Fernwartung im industriellen Umfeld, S. 2).
- Die menschliche Kontrolle über OT-Fernwartungssitzungen muss sichergestellt werden (IND.3.2 Fernwartung im industriellen Umfeld, S. 3).
- Die Fernwartungsverbindungen müssen verschlüsselt werden (IND.3.2 Fernwartung im industriellen Umfeld, S. 4).
- Die Fernwartungssoftware muss nur auf IT-Systemen installiert werden, auf denen sie benötigt wird (IND.3.2 Fernwartung im industriellen Umfeld, S. 5).";"Antwort:

Die typischen Gefährdungen bei Fernwartung im industriellen Umfeld sind vielfältig und umfassen:

- Unzureichende Dokumentation von Fernwartungszugängen, was zu unautorisierten Zugriffen und Manipulationen führen kann.
- Unzureichende Verfügbarkeit von Daten und Abhängigkeiten von der Büro- und Gebäude-IT, die zu Sicherheitslücken und Abstimmungsfehlern führen können.
- Unzureichende Regelungen für die Nutzung von OT-Fernwartungszugängen, was zu unkontrollierten Zugriffen und Fehlverhalten führen kann.
- Unzureichende menschliche Kontrolle über OT-Fernwartungssitzungen, was zu Konfigurationsfehlern und unabsichtlichem oder absichtlichem Fehlverhalten führen kann.
- Direkte IP-basierte Zugriffsmöglichkeiten auf ICS aus unsicheren Zonen, die zu Schadprogrammen und gezielten Angriffen führen können.
- Unsichere alternative OT-Fernwartungszugänge für Störungen, die zu unautorisierten Zugriffen und Manipulationen führen können.
- Unsichere Konzeption von OT-Fernwartungszugängen, die zu unautorisierten Zugriffen und Manipulationen führen können.
- Veraltete technische Konzeption von OT-Fernwartungszugängen, die zu Sicherheitslücken und unautorisierten Zugriffen führen können.

Um diese Gefährdungen zu minimieren, sind folgende Anforderungen zu erfüllen:

- Vertragliche Regelungen für die OT-Fernwartung müssen mit externen Benutzenden vereinbart werden.
- Die Nutzung von OT-Fernwartungszugängen muss durch restriktive Regelungen geregelt werden.
- Die menschliche Kontrolle über OT-Fernwartungssitzungen muss sichergestellt werden.
- Die Fernwartungsverbindungen müssen verschlüsselt werden.
- Die Fernwartungssoftware muss nur auf IT-Systemen installiert werden, auf denen sie benötigt wird.";"1. Wie können die Anforderungen an die OT-Fernwartung im industriellen Umfeld umgesetzt werden?
2. Welche Rolle spielen die menschliche Kontrolle und die Vertragliche Regelungen bei der OT-Fernwartung?
3. Wie können die Sicherheitslücken und unautorisierten Zugriffe bei der OT-Fernwartung minimiert werden?

Quelle: IND.3.2 Fernwartung im industriellen Umfeld (S. 1-2)

Anforderungen:

- Vertragliche Regelungen für die OT-Fernwartung müssen mit externen Benutzenden vereinbart werden (IND.3.2 Fernwartung im industriellen Umfeld, S. 1).
- Die Nutzung von OT-Fernwartungszugängen muss durch restriktive Regelungen geregelt werden (IND.3.2 Fernwartung im industriellen Umfeld, S. 2).
- Die menschliche Kontrolle über OT-Fernwartungssitzungen muss sichergestellt werden (IND.3.2 Fernwartung im industriellen Umfeld, S. 3).
- Die Fernwartungsverbindungen müssen verschlüsselt werden (IND.3.2 Fernwartung im industriellen Umfeld, S. 4).
- Die Fernwartungssoftware muss nur auf IT-Systemen installiert werden, auf denen sie benötigt wird (IND.3.2 Fernwartung im industriellen Umfeld, S. 5).";3;3;0.3595238095118254;0.7254901960784313;0.7142857142857143;0.425181427844281;;
Wie werden integrierte Fernwartungsfunktionen in IT-Systemen abgesichert?;"Integrierte Fernwartungsfunktionen in IT-Systemen sollten abgesichert werden, indem bei der Beschaffung neuer IT-Systeme geprüft wird, ob diese über Funktionen zur Fernwartung verfügen. Wenn diese Funktionen nicht verwendet werden, sollten sie deaktiviert werden. Außerdem sollten Fernwartungsfunktionen, die in die Firmware einzelner Komponenten integriert sind, deaktiviert oder eingeschränkt werden, wenn sie durch bekannte Sicherheitslücken gefährdet sind. Die Fernwartungsfunktionen sollten nur aus einem getrennten Managementnetz erreichbar sein. Quelle: OPS.1.2.5.A24 (S).

Darüber hinaus sollten direkte Fernwartungszugriffe von außerhalb der Managementnetze auf ein IT-System vermieden werden. Wenn ein solcher Zugriff notwendig ist, sollte die Kommunikation entkoppelt werden, indem Sprungserver verwendet werden. Der Zugriff auf Sprungserver sollte nur von vertrauenswürdigen IT-Systemen aus möglich sein. Quelle: OPS.1.2.5.A25 (S).

Anschlussfragen:
1. Wie können die Kommunikationsverbindungen und Authentisierungsmechanismen bei der Fernwartung abgesichert werden?
2. Welche Rolle spielen Firewalls bei der Absicherung der Fernwartung, und wo finden sich die entsprechenden Anforderungen?
3. Wie sollten cloudbasierte Fernwartungsprodukte abgesichert werden, und welche allgemeinen Anforderungen müssen erfüllt werden?";"Integrierte Fernwartungsfunktionen in IT-Systemen sollten abgesichert werden, indem bei der Beschaffung neuer IT-Systeme geprüft wird, ob diese über Funktionen zur Fernwartung verfügen. Wenn diese Funktionen nicht verwendet werden, sollten sie deaktiviert werden. Außerdem sollten Fernwartungsfunktionen, die in die Firmware einzelner Komponenten integriert sind, deaktiviert oder eingeschränkt werden, wenn sie durch bekannte Sicherheitslücken gefährdet sind. Die Fernwartungsfunktionen sollten nur aus einem getrennten Managementnetz erreichbar sein. Quelle: OPS.1.2.5.A24 (S).

Darüber hinaus sollten direkte Fernwartungszugriffe von außerhalb der Managementnetze auf ein IT-System vermieden werden. Wenn ein solcher Zugriff notwendig ist, sollte die Kommunikation entkoppelt werden, indem Sprungserver verwendet werden. Der Zugriff auf Sprungserver sollte nur von vertrauenswürdigen IT-Systemen aus möglich sein. Quelle: OPS.1.2.5.A25 (S).";"OPS.1.2.5.A24 Absicherung integrierter Fernwartungssysteme (S) Bei der Beschaffung von neuen IT-Systemen SOLLTE geprüft werden, ob diese IT-Systeme oder einzelne Komponenten der IT-Systeme über Funktionen zur Fernwartung verfügen. Werden diese Funktionen nicht verwendet, SOLLTEN sie deaktiviert werden. Die Funktionen SOLLTEN ebenfalls deaktiviert werden, wenn sie durch bekannte Sicherheitslücken gefährdet sind. Werden Fernwartungsfunktionen verwendet, die in die Firmware einzelner Komponenten integriert sind, SOLLTEN deren Funktionen und der Zugriff darauf so weit wie möglich eingeschränkt werden. Die Fernwartungsfunktionen SOLLTEN nur aus einem getrennten Managementnetz erreichbar sein.

OPS.1.2.5.A25 Entkopplung der Kommunikation bei der Fernwartung (S) Direkte Fernwartungszugriffe von einem Fernwartungs-Client außerhalb der Managementnetze auf ein IT-System SOLLTEN vermieden werden. Ist ein solcher Zugriff notwendig, SOLLTE die Kommunikation entkoppelt werden. Dazu SOLLTEN Sprungserver verwendet werden. Der Zugriff auf Sprungserver SOLLTE nur von vertrauenswürdigen IT-Systemen aus möglich sein.";"Um die Frage zu beantworten, wie integrierte Fernwartungsfunktionen in IT-Systemen abgesichert werden, müssen wir uns auf die bereitgestellten Dokumente konzentrieren.

Die wichtigsten Anforderungen zur Absicherung integrierter Fernwartungsfunktionen sind:

- **Technische Entkopplung von Zugriffen**: Jeder Fernzugriff auf jegliche Komponenten in einer OT-Zone SOLLTE entkoppelt erfolgen. In jedem Fernwartungszugang in die OT SOLLTE ein IT-System positioniert sein, das die Verbindung vor dem Übergang in die OT-Zielzone terminiert und zum Fernwartungsdienst eine neue, überwachte und reglementierte Kommunikation aufbaut. (Quelle: IND.3.2 Fernwartung im industriellen Umfeld, S. 12)
- **Sicherheitskomponenten**: Der Zugriff durch mindestens eine Sicherheitskomponente in der Zuständigkeit der OT abgesichert werden. (Quelle: IND.3.2 Fernwartung im industriellen Umfeld, S. 13)
- **Zentraler Zugriff**: Der Zugang zur Fernwartung SOLLTE für alle Zugriffe vereinheitlicht werden. Jeder Zugriff SOLLTE mithilfe zentraler Authentisierungskomponenten kontrolliert und explizit zugelassen werden. (Quelle: IND.3.2 Fernwartung im industriellen Umfeld, S. 14)
- **Sicherheitskomponenten in OT-DMZ**: Für das IT-System zur Entkopplung der Zugriffe SOLLTE die OT zuständig sein, d. h. es liegt idealerweise in einer OT-DMZ. (Quelle: IND.3.2 Fernwartung im industriellen Umfeld, S. 15)

Diese Anforderungen sind wichtig, um die Sicherheit integrierter Fernwartungsfunktionen in IT-Systemen zu gewährleisten.

**Anschlussfragen:**

1. Wie können die Anforderungen zur Absicherung integrierter Fernwartungsfunktionen in IT-Systemen umgesetzt werden?
2. Welche Rolle spielen Sicherheitskomponenten in der Absicherung integrierter Fernwartungsfunktionen?
3. Wie können die Zugriffe auf integrierte Fernwartungsfunktionen zentralisiert und kontrolliert werden?";"Um die Frage zu beantworten, wie integrierte Fernwartungsfunktionen in IT-Systemen abgesichert werden, müssen wir uns auf die bereitgestellten Dokumente konzentrieren.

Die wichtigsten Anforderungen zur Absicherung integrierter Fernwartungsfunktionen sind:

- **Technische Entkopplung von Zugriffen**: Jeder Fernzugriff auf jegliche Komponenten in einer OT-Zone SOLLTE entkoppelt erfolgen. In jedem Fernwartungszugang in die OT SOLLTE ein IT-System positioniert sein, das die Verbindung vor dem Übergang in die OT-Zielzone terminiert und zum Fernwartungsdienst eine neue, überwachte und reglementierte Kommunikation aufbaut. (Quelle: IND.3.2 Fernwartung im industriellen Umfeld, S. 12)
- **Sicherheitskomponenten**: Der Zugriff durch mindestens eine Sicherheitskomponente in der Zuständigkeit der OT abgesichert werden. (Quelle: IND.3.2 Fernwartung im industriellen Umfeld, S. 13)
- **Zentraler Zugriff**: Der Zugang zur Fernwartung SOLLTE für alle Zugriffe vereinheitlicht werden. Jeder Zugriff SOLLTE mithilfe zentraler Authentisierungskomponenten kontrolliert und explizit zugelassen werden. (Quelle: IND.3.2 Fernwartung im industriellen Umfeld, S. 14)
- **Sicherheitskomponenten in OT-DMZ**: Für das IT-System zur Entkopplung der Zugriffe SOLLTE die OT zuständig sein, d. h. es liegt idealerweise in einer OT-DMZ. (Quelle: IND.3.2 Fernwartung im industriellen Umfeld, S. 15)

Diese Anforderungen sind wichtig, um die Sicherheit integrierter Fernwartungsfunktionen in IT-Systemen zu gewährleisten.";"1. Wie können die Anforderungen zur Absicherung integrierter Fernwartungsfunktionen in IT-Systemen umgesetzt werden?
2. Welche Rolle spielen Sicherheitskomponenten in der Absicherung integrierter Fernwartungsfunktionen?
3. Wie können die Zugriffe auf integrierte Fernwartungsfunktionen zentralisiert und kontrolliert werden?";3;3;0.8541666666453125;1.0;0.8888888888888888;0.5413438472031973;;
Womit muss ich anfangen, wenn wir Cloud-Dienste nutzen wollen?;"Um Cloud-Dienste nutzen zu wollen, muss eine Strategie für die Cloud-Nutzung erstellt werden. Diese Strategie muss Ziele, Chancen und Risiken definieren, die die Institution mit der Cloud-Nutzung verbindet. Zudem müssen die rechtlichen und organisatorischen Rahmenbedingungen sowie die technischen Anforderungen untersucht werden, die sich aus der Nutzung von Cloud-Diensten ergeben. Die Ergebnisse dieser Untersuchung müssen in einer Machbarkeitsstudie dokumentiert werden. Quelle: OPS.2.2.A1 (S.391).

Anschlussfragen:
1. Wie müssen die Sicherheitsaspekte bei der Planung von Cloud-Diensten berücksichtigt werden?
2. Was sind die Unterschiede zwischen Cloud-Diensten und klassischem IT-Outsourcing?
3. Wie kann eine Institution sicherstellen, dass die Cloud-Dienste den Bedürfnissen der Anwendenden entsprechen?";Um Cloud-Dienste nutzen zu wollen, muss eine Strategie für die Cloud-Nutzung erstellt werden. Diese Strategie muss Ziele, Chancen und Risiken definieren, die die Institution mit der Cloud-Nutzung verbindet. Zudem müssen die rechtlichen und organisatorischen Rahmenbedingungen sowie die technischen Anforderungen untersucht werden, die sich aus der Nutzung von Cloud-Diensten ergeben. Die Ergebnisse dieser Untersuchung müssen in einer Machbarkeitsstudie dokumentiert werden. Quelle: OPS.2.2.A1 (S.391).;OPS.2.2.A1 Erstellung einer Strategie für die Cloud-Nutzung (B) [Fachverantwortliche, Institutionsleitung, Datenschutzbeauftragte] Eine Strategie für die Cloud-Nutzung MUSS erstellt werden. Darin MÜSSEN Ziele, Chancen und Risiken definiert werden, die die Institution mit der Cloud-Nutzung verbindet. Zudem MÜSSEN die rechtlichen und organisatorischen Rahmenbedingungen sowie die technischen Anforderungen untersucht werden, die sich aus der Nutzung von Cloud-Diensten ergeben. Die Ergebnisse dieser Untersuchung MÜSSEN in einer Machbarkeitsstudie dokumentiert werden. Es MUSS festgelegt werden, welche Dienste in welchem Bereitstellungsmodell zukünftig von CloudDiensteanbietenden bezogen werden sollen. Zudem MUSS sichergestellt werden, dass bereits in der Planungsphase zur Cloud-Nutzung alle grundlegenden technischen und organisatorischen Sicherheitsaspekte ausreichend berücksichtigt werden. Für den geplanten Cloud-Dienst SOLLTE eine grobe individuelle Sicherheitsanalyse durchgeführt werden. Diese SOLLTE wiederholt werden, wenn sich technische und organisatorische Rahmenbedingungen wesentlich verändern. Für größere Cloud-Projekte SOLLTE zudem eine Roadmap erarbeitet werden, die festlegt, wann und wie ein Cloud-Dienst eingeführt wird.;"Um mit der Nutzung von Cloud-Diensten zu beginnen, müssen Sie eine Strategie für die Cloud-Nutzung festlegen. Dies umfasst die Definition von Zielen, Chancen und Risiken, die mit der Cloud-Nutzung verbunden sind, sowie die Untersuchung der rechtlichen und organisatorischen Rahmenbedingungen und der technischen Anforderungen.

**Festlegung einer Strategie für die Cloud-Nutzung**

Die Institution muss im Zusammenhang mit Smartphones und Tablets eine generelle Strategie für die Cloud-Nutzung sowie für den Schutz und die Kontrolle der Informationen festlegen. Die erlaubte Nutzung von Cloud-Diensten für Informationen der Institution muss geklärt und festgelegt werden. Es muss festgelegt werden, ob und in welchem Umfang Cloud-Dienste bei privater Nutzung der Geräte erlaubt sind. Die Benutzenden müssen regelmäßig bezüglich der Nutzung solcher Cloud-Dienste sensibilisiert werden.

**Erstellung einer Strategie für die Cloud-Nutzung**

Eine Strategie für die Cloud-Nutzung muss erstellt werden. Darin müssen Ziele, Chancen und Risiken definiert werden, die die Institution mit der Cloud-Nutzung verbindet. Zudem müssen die rechtlichen und organisatorischen Rahmenbedingungen sowie die technischen Anforderungen untersucht werden. Die Ergebnisse dieser Untersuchung müssen in einer Machbarkeitsstudie dokumentiert werden.

**Planung des Einsatzes von Cloud-Diensten**

Bevor iOS-basierte Geräte verwendet werden, muss festgelegt werden, welche Cloud-Services in welchem Umfang genutzt werden sollen bzw. dürfen. Dabei muss berücksichtigt werden, dass iOS-basierte Geräte grundsätzlich eng mit iCloud-Diensten von Apple verzahnt sind. Außerdem muss berücksichtigt werden, dass beispielsweise bereits die Aktivierung von Einzelgeräten mit einer Apple-ID hiervon betroffen ist. Daher muss geprüft werden, ob zur Geräteregistrierung Apple Business Manager (früher Device Enrollment Program, DEP) genutzt werden kann.

**Anforderungen**

- **OPS.1.1.1.A2 Festlegung von Verantwortlichkeiten und Regelungen** (B) [Institutionsleitung]
- **OPS.1.1.1.A3 Festlegung von Verantwortlichkeiten und Regelungen** (B) [Institutionsleitung]
- **OPS.1.1.1.A4 Festlegung von Verantwortlichkeiten und Regelungen** (B) [Institutionsleitung]

**Quellen:**

- Quelle: OPS.1.1.1.A2 (S. 204-205)
- Quelle: OPS.1.1.1.A3 (S. 204-205)
- Quelle: OPS.1.1.1.A4 (S. 204-205)

**Anschlussfragen:**

1. Wie kann die Strategie für die Cloud-Nutzung in der Institution umgesetzt werden?
2. Welche rechtlichen und organisatorischen Rahmenbedingungen müssen bei der Cloud-Nutzung berücksichtigt werden?
3. Wie kann die technische Anpassung von Cloud-Diensten in der Institution erfolgen?";"Um mit der Nutzung von Cloud-Diensten zu beginnen, müssen Sie eine Strategie für die Cloud-Nutzung festlegen. Dies umfasst die Definition von Zielen, Chancen und Risiken, die mit der Cloud-Nutzung verbunden sind, sowie die Untersuchung der rechtlichen und organisatorischen Rahmenbedingungen und der technischen Anforderungen.

**Festlegung einer Strategie für die Cloud-Nutzung**

Die Institution muss im Zusammenhang mit Smartphones und Tablets eine generelle Strategie für die Cloud-Nutzung sowie für den Schutz und die Kontrolle der Informationen festlegen. Die erlaubte Nutzung von Cloud-Diensten für Informationen der Institution muss geklärt und festgelegt werden. Es muss festgelegt werden, ob und in welchem Umfang Cloud-Dienste bei privater Nutzung der Geräte erlaubt sind. Die Benutzenden müssen regelmäßig bezüglich der Nutzung solcher Cloud-Dienste sensibilisiert werden.

**Erstellung einer Strategie für die Cloud-Nutzung**

Eine Strategie für die Cloud-Nutzung muss erstellt werden. Darin müssen Ziele, Chancen und Risiken definiert werden, die die Institution mit der Cloud-Nutzung verbindet. Zudem müssen die rechtlichen und organisatorischen Rahmenbedingungen sowie die technischen Anforderungen untersucht werden. Die Ergebnisse dieser Untersuchung müssen in einer Machbarkeitsstudie dokumentiert werden.

**Planung des Einsatzes von Cloud-Diensten**

Bevor iOS-basierte Geräte verwendet werden, muss festgelegt werden, welche Cloud-Services in welchem Umfang genutzt werden sollen bzw. dürfen. Dabei muss berücksichtigt werden, dass iOS-basierte Geräte grundsätzlich eng mit iCloud-Diensten von Apple verzahnt sind. Außerdem muss berücksichtigt werden, dass beispielsweise bereits die Aktivierung von Einzelgeräten mit einer Apple-ID hiervon betroffen ist. Daher muss geprüft werden, ob zur Geräteregistrierung Apple Business Manager (früher Device Enrollment Program, DEP) genutzt werden kann.

**Anforderungen**

- **OPS.1.1.1.A2 Festlegung von Verantwortlichkeiten und Regelungen** (B) [Institutionsleitung]
- **OPS.1.1.1.A3 Festlegung von Verantwortlichkeiten und Regelungen** (B) [Institutionsleitung]
- **OPS.1.1.1.A4 Festlegung von Verantwortlichkeiten und Regelungen** (B) [Institutionsleitung]

**Quellen:**

- Quelle: OPS.1.1.1.A2 (S. 204-205)
- Quelle: OPS.1.1.1.A3 (S. 204-205)
- Quelle: OPS.1.1.1.A4 (S. 204-205)";"1. Wie kann die Strategie für die Cloud-Nutzung in der Institution umgesetzt werden?
2. Welche rechtlichen und organisatorischen Rahmenbedingungen müssen bei der Cloud-Nutzung berücksichtigt werden?
3. Wie kann die technische Anpassung von Cloud-Diensten in der Institution erfolgen?";3;3;0.7099999999858;1.0;0.8125;0.34524802211159344;;
Brauchen wir für jeden Cloud-Dienst separate Dokumente?;"Für jeden Cloud-Dienst MUSS eine Service-Definition erarbeitet werden Quelle: OPS.2.2.A3 (S.391). Zudem SOLLTEN alle geplanten und genutzten Cloud-Dienste dokumentiert werden Quelle: OPS.2.2.A3 (S.391). Es wird nicht explizit gefordert, separate Dokumente für jeden Cloud-Dienst zu erstellen, aber es ist ratsam, dies zu tun, um eine klare Übersicht über die genutzten Dienste und ihre Konfigurationen zu haben.

Anschlussfragen:
1. Wie sollten die Service-Definitionen für Cloud-Dienste strukturiert sein?
2. Welche Rolle spielt die Dokumentation von Cloud-Diensten bei der IT-Sicherheit?
3. Wie können Institutionen sicherstellen, dass ihre Cloud-Dienste den Anforderungen des IT-Grundschutzes entsprechen?";Für jeden Cloud-Dienst MUSS eine Service-Definition erarbeitet werden Quelle: OPS.2.2.A3 (S.391). Zudem SOLLTEN alle geplanten und genutzten Cloud-Dienste dokumentiert werden Quelle: OPS.2.2.A3 (S.391). Es wird nicht explizit gefordert, separate Dokumente für jeden Cloud-Dienst zu erstellen, aber es ist ratsam, dies zu tun, um eine klare Übersicht über die genutzten Dienste und ihre Konfigurationen zu haben.;"OPS.2.2.A3 Service-Definition für Cloud-Dienste (B) [Fachverantwortliche] Für jeden Cloud-Dienst MUSS eine Service-Definition erarbeitet werden. Zudem SOLLTEN alle geplanten und genutzten Cloud-Dienste dokumentiert werden.

1.3. Abgrenzung und Modellierung Der Baustein OPS.2.2 Cloud-Nutzung ist immer auf eine konkrete Cloud-Dienstleistung anzuwenden. Nutzt eine Institution unterschiedliche Cloud-Diensteanbietende, so ist der Baustein für alle Cloud-Diensteanbietenden anzuwenden. Die Schnittstelle zwischen den Cloud-Diensteanbietenden ist ebenfalls Gegenstand des Bausteins und muss für alle Cloud-Dienstleistungen betrachtet werden. In nahezu allen Bereitstellungsmodellen, abgesehen von der Nutzung einer Private Cloud On-Premise, stellen Cloud-Dienste eine Sonderform des Outsourcings (siehe Baustein OPS.2.3 Nutzung von Outsourcing) dar. Die im vorliegenden Baustein beschriebenen Gefährdungen und Anforderungen werden daher häufig auch im Outsourcing angewendet. Bei Cloud-Diensten gibt es jedoch einige Besonderheiten, die sich ausschließlich in diesem Baustein wiederfinden. Der Baustein OPS.2.3 Nutzung von Outsourcing ist daher nicht auf Cloud-Dienste anzuwenden. Die in diesem Baustein beschriebenen Gefährdungen und Anforderungen gelten dabei grundsätzlich unabhängig vom genutzten Service- und Bereitstellungsmodell. Sicherheitsanforderungen, mit denen Anbietende ihre Cloud-Dienste schützen können, sind nicht Gegenstand dieses Bausteins. Gefährdungen und spezifische Sicherheitsanforderungen, die durch die Anbindung eines Cloud-Dienstes über entsprechende Schnittstellen (englisch API, Application Programming Interface) als relevant anzusehen sind, werden ebenfalls nicht in diesem Baustein betrachtet. Abgrenzung zum klassischen IT-Outsourcing Beim Outsourcing werden Arbeits-, Produktions- oder Geschäftsprozesse einer Institution ganz oder teilweise zu externen Dienstleistenden ausgelagert. Dies ist ein etablierter Bestandteil heutiger Organisationsstrategien. Das klassische IT-Outsourcing ist meist so gestaltet, dass die komplette gemietete Infrastruktur exklusiv von einem Kunden oder einer Kundin genutzt wird (Single Tenant Architektur), auch wenn Anbietende von Outsourcing normalerweise mehrere Kunden oder Kundinnen haben. Zudem werden Outsourcing-Verträge meistens über längere Laufzeiten abgeschlossen. Die Nutzung von Cloud-Diensten gleicht in vielen Punkten dem klassischen Outsourcing, aber es kommen noch einige Unterschiede hinzu, die zu berücksichtigen sind:

• Aus wirtschaftlichen Gründen teilen sich oft in einer Cloud mehrere Anwendende eine gemeinsame Infrastruktur.

• Cloud-Dienste sind dynamisch und dadurch innerhalb viel kürzerer Zeiträume nach oben und unten skalierbar. So können Cloud-basierte Angebote rascher an den tatsächlichen Bedarf der Anwendenden angepasst werden.

• Die in Anspruch genommenen Cloud-Dienste werden in der Regel mittels einer Webschnittstelle durch die Cloud-Anwendenden selbst gesteuert. So können sie automatisiert die genutzten Dienste auf ihre Bedürfnisse zuschneiden.

• Durch die beim Cloud Computing genutzten Techniken ist es möglich, die IT-Leistung dynamisch über mehrere Standorte zu verteilen, die geographisch sowohl im In- als auch im Ausland weit verstreut sein können.

• Die Anwendenden können die genutzten Dienste und ihre Ressourcen einfach über WebOberflächen oder passende Schnittstellen administrieren, wobei wenig Interaktion mit den Cloud-Diensteanbietenden erforderlich ist.";"Antwort:

Für jeden Cloud-Dienst MUSS eine Service-Definition erarbeitet werden (Service-Definition für Cloud-Dienste). Zudem SOLLTEN alle geplanten und genutzten Cloud-Dienste dokumentiert werden.

Quelle: ORP.1.A1 Festlegung von Verantwortlichkeiten und Regelungen (B) [Institutionsleitung]

Anschlussfragen:
1. Welche Dokumente SOLLTEN für jeden Cloud-Dienst erstellt werden?
2. Wie SOLLTEN die Cloud-Diensteanbietenden und die Institution regelmäßig abstimmen?
3. Welche Dokumentationen SOLLTEN regelmäßig aktualisiert werden?";"Antwort:

Für jeden Cloud-Dienst MUSS eine Service-Definition erarbeitet werden (Service-Definition für Cloud-Dienste). Zudem SOLLTEN alle geplanten und genutzten Cloud-Dienste dokumentiert werden.

Quelle: ORP.1.A1 Festlegung von Verantwortlichkeiten und Regelungen (B) [Institutionsleitung]";"1. Welche Dokumente SOLLTEN für jeden Cloud-Dienst erstellt werden?
2. Wie SOLLTEN die Cloud-Diensteanbietenden und die Institution regelmäßig abstimmen?
3. Welche Dokumentationen SOLLTEN regelmäßig aktualisiert werden?";3;3;0.8333333332916666;1.0;0.5;0.7316390022248249;;
Welche Basis-Anforderungen sind für den Start einer Cloud-Nutzung absolut notwendig?;"Für den Start einer Cloud-Nutzung sind mehrere Basis-Anforderungen absolut notwendig. Dazu gehören die Erstellung einer Strategie für die Cloud-Nutzung (OPS.2.2.A1), die Erstellung einer Sicherheitsrichtlinie für die Cloud-Nutzung (OPS.2.2.A2), die Service-Definition für Cloud-Dienste (OPS.2.2.A3) sowie die Festlegung von Verantwortungsbereichen und Schnittstellen (OPS.2.2.A4) Quelle: 3.1. Basis-Anforderungen (S.1). 

Diese Anforderungen MÜSSEN vorrangig erfüllt werden, um eine sichere und effektive Cloud-Nutzung zu gewährleisten Quelle: 3.1. Basis-Anforderungen (S.1). 

Anschlussfragen:
1. Wie können die spezifischen Sicherheitsanforderungen für die Anbindung eines Cloud-Dienstes über entsprechende Schnittstellen berücksichtigt werden?
2. Welche Rolle spielt die Abgrenzung zum klassischen IT-Outsourcing bei der Nutzung von Cloud-Diensten?
3. Wie können die Gefährdungen und Sicherheitsanforderungen bei der Nutzung von Cloud-Diensten unabhängig vom genutzten Service- und Bereitstellungsmodell berücksichtigt werden?";"Für den Start einer Cloud-Nutzung sind mehrere Basis-Anforderungen absolut notwendig. Dazu gehören die Erstellung einer Strategie für die Cloud-Nutzung (OPS.2.2.A1), die Erstellung einer Sicherheitsrichtlinie für die Cloud-Nutzung (OPS.2.2.A2), die Service-Definition für Cloud-Dienste (OPS.2.2.A3) sowie die Festlegung von Verantwortungsbereichen und Schnittstellen (OPS.2.2.A4) Quelle: 3.1. Basis-Anforderungen (S.1). 

Diese Anforderungen MÜSSEN vorrangig erfüllt werden, um eine sichere und effektive Cloud-Nutzung zu gewährleisten Quelle: 3.1. Basis-Anforderungen (S.1).";"3.1. Basis-Anforderungen
Die folgenden Anforderungen MÜSSEN für diesen Baustein vorrangig erfüllt werden.

OPS.2.2.A1 Erstellung einer Strategie für die Cloud-Nutzung (B) [Fachverantwortliche, Institutionsleitung, Datenschutzbeauftragte]

OPS.2.2.A2 Erstellung einer Sicherheitsrichtlinie für die Cloud-Nutzung (B) [Fachverantwortliche]

OPS.2.2.A3 Service-Definition für Cloud-Dienste (B) [Fachverantwortliche]

Für jeden Cloud-Dienst MUSS eine Service-Definition erarbeitet werden. Zudem SOLLTEN alle geplanten und genutzten Cloud-Dienste dokumentiert werden.

OPS.2.2.A4 Festlegung von Verantwortungsbereichen und Schnittstellen (B) [Fachverantwortliche]

";"Um die Cloud-Nutzung sicher zu starten, sind folgende Basis-Anforderungen absolut notwendig:

1. **Erstellung einer Strategie für die Cloud-Nutzung**: Eine Strategie für die Cloud-Nutzung MUSS erstellt werden, in der Ziele, Chancen und Risiken definiert werden, die die Institution mit der Cloud-Nutzung verbindet. (Quelle: OPS.2.2 Cloud-Nutzung, S. 1)
2. **Untersuchung der rechtlichen und organisatorischen Rahmenbedingungen**: Die rechtlichen und organisatorischen Rahmenbedingungen sowie die technischen Anforderungen, die sich aus der Nutzung von Cloud-Diensten ergeben, MÜSSEN untersucht werden. (Quelle: OPS.2.2 Cloud-Nutzung, S. 1)
3. **Erstellung einer Machbarkeitsstudie**: Die Ergebnisse der Untersuchung MÜSSEN in einer Machbarkeitsstudie dokumentiert werden. (Quelle: OPS.2.2 Cloud-Nutzung, S. 1)
4. **Festlegung der Dienste und des Bereitstellungsmodells**: Es MUSS festgelegt werden, welche Dienste in welchem Bereitstellungsmodell zukünftig von Cloud-Diensteanbietenden bezogen werden sollen. (Quelle: OPS.2.2 Cloud-Nutzung, S. 1)
5. **Sicherstellung der grundlegenden technischen und organisatorischen Sicherheitsaspekte**: Es MUSS sichergestellt werden, dass bereits in der Planungsphase zur Cloud-Nutzung alle grundlegenden technischen und organisatorischen Sicherheitsaspekte ausreichend berücksichtigt werden. (Quelle: OPS.2.2 Cloud-Nutzung, S. 1)
6. **Dokumentation der notwendigen Cloud- und Online-Funktionen**: Die notwendigen Cloud- und Online-Funktionen SOLLTEN dokumentiert werden. (Quelle: OPS.2.2 Cloud-Nutzung, S. 2)
7. **Überprüfung der Einstellungen des Betriebssystems**: Die Einstellungen des Betriebssystems MÜSSEN auf Konformität mit den organisatorischen Datenschutz- und Sicherheitsvorgaben überprüft und restriktiv konfiguriert bzw. die Funktionen deaktiviert werden. (Quelle: OPS.2.2 Cloud-Nutzung, S. 2)

Anschlussfragen:

1. Wie kann eine Strategie für die Cloud-Nutzung erstellt werden?
2. Welche rechtlichen und organisatorischen Rahmenbedingungen MÜSSEN bei der Cloud-Nutzung berücksichtigt werden?
3. Wie kann eine Machbarkeitsstudie erstellt werden?";"Um die Cloud-Nutzung sicher zu starten, sind folgende Basis-Anforderungen absolut notwendig:

1. **Erstellung einer Strategie für die Cloud-Nutzung**: Eine Strategie für die Cloud-Nutzung MUSS erstellt werden, in der Ziele, Chancen und Risiken definiert werden, die die Institution mit der Cloud-Nutzung verbindet. (Quelle: OPS.2.2 Cloud-Nutzung, S. 1)
2. **Untersuchung der rechtlichen und organisatorischen Rahmenbedingungen**: Die rechtlichen und organisatorischen Rahmenbedingungen sowie die technischen Anforderungen, die sich aus der Nutzung von Cloud-Diensten ergeben, MÜSSEN untersucht werden. (Quelle: OPS.2.2 Cloud-Nutzung, S. 1)
3. **Erstellung einer Machbarkeitsstudie**: Die Ergebnisse der Untersuchung MÜSSEN in einer Machbarkeitsstudie dokumentiert werden. (Quelle: OPS.2.2 Cloud-Nutzung, S. 1)
4. **Festlegung der Dienste und des Bereitstellungsmodells**: Es MUSS festgelegt werden, welche Dienste in welchem Bereitstellungsmodell zukünftig von Cloud-Diensteanbietenden bezogen werden sollen. (Quelle: OPS.2.2 Cloud-Nutzung, S. 1)
5. **Sicherstellung der grundlegenden technischen und organisatorischen Sicherheitsaspekte**: Es MUSS sichergestellt werden, dass bereits in der Planungsphase zur Cloud-Nutzung alle grundlegenden technischen und organisatorischen Sicherheitsaspekte ausreichend berücksichtigt werden. (Quelle: OPS.2.2 Cloud-Nutzung, S. 1)
6. **Dokumentation der notwendigen Cloud- und Online-Funktionen**: Die notwendigen Cloud- und Online-Funktionen SOLLTEN dokumentiert werden. (Quelle: OPS.2.2 Cloud-Nutzung, S. 2)
7. **Überprüfung der Einstellungen des Betriebssystems**: Die Einstellungen des Betriebssystems MÜSSEN auf Konformität mit den organisatorischen Datenschutz- und Sicherheitsvorgaben überprüft und restriktiv konfiguriert bzw. die Funktionen deaktiviert werden. (Quelle: OPS.2.2 Cloud-Nutzung, S. 2)";"1. Wie kann eine Strategie für die Cloud-Nutzung erstellt werden?
2. Welche rechtlichen und organisatorischen Rahmenbedingungen MÜSSEN bei der Cloud-Nutzung berücksichtigt werden?
3. Wie kann eine Machbarkeitsstudie erstellt werden?";3;3;0.6116666666544333;0.7777777777777778;0.75;0.5701031055870807;;
Welche Aspekte muss unser Migrationskonzept zu einem anderen Cloud-Anbieter konkret abdecken?;"Unser Migrationskonzept zu einem anderen Cloud-Anbieter sollte folgende Aspekte abdecken: 
- Organisatorische Regelungen und Aufgabenverteilung festlegen Quelle: OPS.2.2.A5 (S.?) 
- Bestehende Betriebsprozesse identifizieren und anpassen Quelle: OPS.2.2.A5 (S.?) 
- Sicherstellen, dass die eigene IT im Migrationsprozess berücksichtigt wird Quelle: OPS.2.2.A5 (S.?) 
- Prüfen, ob Mitarbeitende zusätzlich geschult werden sollten Quelle: OPS.2.2.A5 (S.?) 
- Überprüfen, ob das Sicherheitskonzept für die Cloud-Nutzung angepasst werden muss Quelle: OPS.2.2.A10 (S.?) 
- Notfallvorsorgemaßnahmen überprüfen und aktualisieren Quelle: OPS.2.2.A10 (S.?) 
- Testlauf durchführen, bevor der Cloud-Dienst in den produktiven Betrieb übergeht Quelle: OPS.2.2.A10 (S.?) 
- Abgleichen, ob die Cloud-Diensteanbietenden die definierten Anforderungen erfüllen Quelle: OPS.2.2.A10 (S.?)

Anschlussfragen:
1. Wie können wir sicherstellen, dass unsere Daten während der Migration zu einem anderen Cloud-Anbieter geschützt sind?
2. Welche Rolle spielt die Skalierbarkeit der Cloud-Dienste bei der Planung unserer Migration?
3. Wie können wir die Schnittstellen zwischen verschiedenen Cloud-Diensteanbietenden sicher gestalten?";"Unser Migrationskonzept zu einem anderen Cloud-Anbieter sollte folgende Aspekte abdecken: 
- Organisatorische Regelungen und Aufgabenverteilung festlegen Quelle: OPS.2.2.A5 (S.?) 
- Bestehende Betriebsprozesse identifizieren und anpassen Quelle: OPS.2.2.A5 (S.?) 
- Sicherstellen, dass die eigene IT im Migrationsprozess berücksichtigt wird Quelle: OPS.2.2.A5 (S.?) 
- Prüfen, ob Mitarbeitende zusätzlich geschult werden sollten Quelle: OPS.2.2.A5 (S.?) 
- Überprüfen, ob das Sicherheitskonzept für die Cloud-Nutzung angepasst werden muss Quelle: OPS.2.2.A10 (S.?) 
- Notfallvorsorgemaßnahmen überprüfen und aktualisieren Quelle: OPS.2.2.A10 (S.?) 
- Testlauf durchführen, bevor der Cloud-Dienst in den produktiven Betrieb übergeht Quelle: OPS.2.2.A10 (S.?) 
- Abgleichen, ob die Cloud-Diensteanbietenden die definierten Anforderungen erfüllen Quelle: OPS.2.2.A10 (S.?)";"OPS.2.2.A5 Planung der sicheren Migration zu einem Cloud-Dienst (S) [Fachverantwortliche] Bevor zu einem Cloud-Dienst migriert wird, SOLLTE ein Migrationskonzept erstellt werden. Dafür SOLLTEN zunächst organisatorische Regelungen sowie die Aufgabenverteilung festgelegt werden. Zudem SOLLTEN bestehende Betriebsprozesse hinsichtlich der Cloud-Nutzung identifiziert und angepasst werden. Es SOLLTE sichergestellt werden, dass die eigene IT ausreichend im Migrationsprozess berücksichtigt wird. Auch SOLLTEN die Zuständigen ermitteln, ob die Mitarbeitenden auf Seiten der Institution zusätzlich geschult werden sollten.

OPS.2.2.A10 Sichere Migration zu einem Cloud-Dienst (S) [Fachverantwortliche] Die Migration zu einem Cloud-Dienst SOLLTE auf Basis des erstellten Migrationskonzeptes erfolgen. Während der Migration SOLLTE überprüft werden, ob das Sicherheitskonzept für die Cloud-Nutzung an potenzielle neue Anforderungen angepasst werden muss. Auch SOLLTEN alle Notfallvorsorgemaßnahmen vollständig und aktuell sein. Die Migration zu einem Cloud-Dienst SOLLTE zunächst in einem Testlauf überprüft werden. Ist der Cloud-Dienst in den produktiven Betrieb übergegangen, SOLLTE abgeglichen werden, ob die CloudDiensteanbietenden die definierten Anforderungen der Institution erfüllen.";"Um ein Migrationskonzept zu einem anderen Cloud-Anbieter zu erstellen, SOLLTEN folgende Aspekte konkret abgedeckt werden:

- Organisatorische Regelungen und Aufgabenverteilung festlegen
- Bestehende Betriebsprozesse hinsichtlich der Cloud-Nutzung identifizieren und anpassen
- Sichere IT-Infrastruktur im Migrationsprozess berücksichtigen
- Zuständige ermitteln, ob Mitarbeitende zusätzlich geschult werden sollten
- Sicherstellen, dass das Sicherheitskonzept für die Cloud-Nutzung an potenzielle neue Anforderungen angepasst wird
- Notfallvorsorgemaßnahmen vollständig und aktuell sein lassen
- Migration in einem Testlauf überprüfen
- Abgleich, ob der Cloud-Diensteanbieter die definierten Anforderungen der Institution erfüllt

Quelle: OPS.2.2 Cloud-Nutzung (S. 1)

Anschlussfragen:

1. Wie kann das Migrationskonzept auf die spezifischen Anforderungen des neuen Cloud-Anbieters abgestimmt werden?
2. Welche Rolle spielt die IT-Infrastruktur bei der Migration zu einem anderen Cloud-Anbieter?
3. Wie kann die Sicherheit der Daten während der Migration gewährleistet werden?";"Um ein Migrationskonzept zu einem anderen Cloud-Anbieter zu erstellen, SOLLTEN folgende Aspekte konkret abgedeckt werden:

- Organisatorische Regelungen und Aufgabenverteilung festlegen
- Bestehende Betriebsprozesse hinsichtlich der Cloud-Nutzung identifizieren und anpassen
- Sichere IT-Infrastruktur im Migrationsprozess berücksichtigen
- Zuständige ermitteln, ob Mitarbeitende zusätzlich geschult werden sollten
- Sicherstellen, dass das Sicherheitskonzept für die Cloud-Nutzung an potenzielle neue Anforderungen angepasst wird
- Notfallvorsorgemaßnahmen vollständig und aktuell sein lassen
- Migration in einem Testlauf überprüfen
- Abgleich, ob der Cloud-Diensteanbieter die definierten Anforderungen der Institution erfüllt

Quelle: OPS.2.2 Cloud-Nutzung (S. 1)";"1. Wie kann das Migrationskonzept auf die spezifischen Anforderungen des neuen Cloud-Anbieters abgestimmt werden?
2. Welche Rolle spielt die IT-Infrastruktur bei der Migration zu einem anderen Cloud-Anbieter?
3. Wie kann die Sicherheit der Daten während der Migration gewährleistet werden?";3;3;0.6488095237933036;1.0;0.8888888888888888;0.6954595664391733;;
Was gehört in unser Cloud-Sicherheitskonzept?;"Unser Cloud-Sicherheitskonzept sollte eine Sicherheitsrichtlinie für die Cloud-Nutzung enthalten, die konkrete Sicherheitsvorgaben beinhaltet, um Cloud-Dienste innerhalb der Institution umzusetzen Quelle: OPS.2.2.A2 (S.391). Diese Richtlinie MUSS spezielle Sicherheitsanforderungen an die Cloud-Diensteanbietenden sowie das festgelegte Schutzniveau für Cloud-Dienste hinsichtlich Vertraulichkeit, Integrität und Verfügbarkeit dokumentieren Quelle: OPS.2.2.A2 (S.391). 

Anschlussfragen:
1. Wie sollten wir unsere Cloud-Diensteanbietenden auswählen, um sicherzustellen, dass sie unsere Sicherheitsanforderungen erfüllen?
2. Welche spezifischen Sicherheitsanforderungen müssen wir bei der Nutzung von Cloud-Diensten berücksichtigen, wenn wir internationale Anbietende nutzen?
3. Wie können wir sicherstellen, dass unsere Cloud-Dienste den Anforderungen an Vertraulichkeit, Integrität und Verfügbarkeit entsprechen?";Unser Cloud-Sicherheitskonzept sollte eine Sicherheitsrichtlinie für die Cloud-Nutzung enthalten, die konkrete Sicherheitsvorgaben beinhaltet, um Cloud-Dienste innerhalb der Institution umzusetzen Quelle: OPS.2.2.A2 (S.391). Diese Richtlinie MUSS spezielle Sicherheitsanforderungen an die Cloud-Diensteanbietenden sowie das festgelegte Schutzniveau für Cloud-Dienste hinsichtlich Vertraulichkeit, Integrität und Verfügbarkeit dokumentieren Quelle: OPS.2.2.A2 (S.391).;OPS.2.2.A2 Erstellung einer Sicherheitsrichtlinie für die Cloud-Nutzung (B) [Fachverantwortliche] Auf Basis der Strategie für die Cloud-Nutzung MUSS eine Sicherheitsrichtlinie für die Cloud-Nutzung erstellt werden. Sie MUSS konkrete Sicherheitsvorgaben beinhalten, mit denen sich Cloud-Dienste innerhalb der Institution umsetzen lassen. Außerdem MÜSSEN darin spezielle Sicherheitsanforderungen an die Cloud-Diensteanbietenden sowie das festgelegte Schutzniveau für Cloud-Dienste hinsichtlich Vertraulichkeit, Integrität und Verfügbarkeit dokumentiert werden. Wenn Cloud-Dienste von internationalen Anbietenden genutzt werden, MÜSSEN die speziellen länderspezifischen Anforderungen und gesetzlichen Bestimmungen berücksichtigt werden.;"Um ein angemessenes Gesamtsicherheitskonzept für den IT-Betrieb von Cloud-Diensten zu erreichen, müssen alle Cloud-Dienste (mit ihren zugeordneten virtuellen IT-Systemen, Netzen und weiteren Cloud-Komponenten) systematisch in der Sicherheitskonzeption berücksichtigt werden.

Ein Sicherheitskonzept für die Nutzung von Cloud-Diensten SOLLTE auf Grundlage der identifizierten Sicherheitsanforderungen erstellt werden. Dieses Konzept SOLLTE alle notwendigen Angaben zu Zuständigkeiten und Kontaktpersonen enthalten, detaillierte Regelungen hinsichtlich der Datensicherung treffen und Vorgaben zu redundant auszulegenden Management-Tools und Schnittstellensystemen festhalten.

Ein Notfallkonzept für einen Cloud-Dienst SOLLTE erstellt werden, das alle notwendigen Angaben zu Zuständigkeiten und Kontaktpersonen enthalten SOLLTE. Es SOLLTE auch detaillierte Regelungen hinsichtlich der Datensicherung treffen und Vorgaben zu redundant auszulegenden Management-Tools und Schnittstellensystemen festhalten.

Ein Datensicherungskonzept SOLLTE erstellt werden, das alle notwendigen Angaben zu Zuständigkeiten und Kontaktpersonen enthalten SOLLTE. Es SOLLTE auch detaillierte Regelungen hinsichtlich der Datensicherung treffen und Vorgaben zu redundant auszulegenden Management-Tools und Schnittstellensystemen festhalten.

Quelle: OPS.2.2.A2 Erstellung einer Sicherheitsrichtlinie für die Cloud-Nutzung (S. 123)

Anschlussfragen:

1. Wie kann ein Sicherheitskonzept für die Nutzung von Cloud-Diensten erstellt werden?
2. Welche notwendigen Angaben müssen in einem Notfallkonzept für einen Cloud-Dienst enthalten sein?
3. Welche detaillierten Regelungen müssen in einem Datensicherungskonzept getroffen werden?";"Um ein angemessenes Gesamtsicherheitskonzept für den IT-Betrieb von Cloud-Diensten zu erreichen, müssen alle Cloud-Dienste (mit ihren zugeordneten virtuellen IT-Systemen, Netzen und weiteren Cloud-Komponenten) systematisch in der Sicherheitskonzeption berücksichtigt werden.

Ein Sicherheitskonzept für die Nutzung von Cloud-Diensten SOLLTE auf Grundlage der identifizierten Sicherheitsanforderungen erstellt werden. Dieses Konzept SOLLTE alle notwendigen Angaben zu Zuständigkeiten und Kontaktpersonen enthalten, detaillierte Regelungen hinsichtlich der Datensicherung treffen und Vorgaben zu redundant auszulegenden Management-Tools und Schnittstellensystemen festhalten.

Ein Notfallkonzept für einen Cloud-Dienst SOLLTE erstellt werden, das alle notwendigen Angaben zu Zuständigkeiten und Kontaktpersonen enthalten SOLLTE. Es SOLLTE auch detaillierte Regelungen hinsichtlich der Datensicherung treffen und Vorgaben zu redundant auszulegenden Management-Tools und Schnittstellensystemen festhalten.

Ein Datensicherungskonzept SOLLTE erstellt werden, das alle notwendigen Angaben zu Zuständigkeiten und Kontaktpersonen enthalten SOLLTE. Es SOLLTE auch detaillierte Regelungen hinsichtlich der Datensicherung treffen und Vorgaben zu redundant auszulegenden Management-Tools und Schnittstellensystemen festhalten.

Quelle: OPS.2.2.A2 Erstellung einer Sicherheitsrichtlinie für die Cloud-Nutzung (S. 123)";"1. Wie kann ein Sicherheitskonzept für die Nutzung von Cloud-Diensten erstellt werden?
2. Welche notwendigen Angaben müssen in einem Notfallkonzept für einen Cloud-Dienst enthalten sein?
3. Welche detaillierten Regelungen müssen in einem Datensicherungskonzept getroffen werden?";3;3;;;;;;
Wie gehen wir bei der Cloud-Nutzung mit dem veränderten Administrationsmodell um?;"Bei der Cloud-Nutzung verändert sich häufig das Rollenverständnis innerhalb des IT-Betriebs, insbesondere entwickeln sich Administrierende von der klassischen Systemadministration hin zu Service-Administration. Um mit diesem veränderten Administrationsmodell umzugehen, sollte ein Migrationskonzept erstellt werden, das organisatorische Regelungen, Aufgabenverteilung und Anpassung bestehender Betriebsprozesse umfasst. Es sollte auch sichergestellt werden, dass die eigene IT ausreichend im Migrationsprozess berücksichtigt wird und die Zuständigen ermitteln, ob die Mitarbeitenden zusätzlich geschult werden sollten. Quelle: OPS.2.2.A5 Planung der sicheren Migration zu einem Cloud-Dienst (S) [Fachverantwortliche]

Anschlussfragen:
1. Wie können die Gefährdungen und Anforderungen bei der Cloud-Nutzung unabhängig vom genutzten Service- und Bereitstellungsmodell berücksichtigt werden?
2. Welche Rolle spielt die Anbindung eines Cloud-Dienstes über entsprechende Schnittstellen bei der Sicherheit?
3. Wie unterscheidet sich die Nutzung von Cloud-Diensten vom klassischen IT-Outsourcing in Bezug auf Skalierbarkeit und Administration?";Bei der Cloud-Nutzung verändert sich häufig das Rollenverständnis innerhalb des IT-Betriebs, insbesondere entwickeln sich Administrierende von der klassischen Systemadministration hin zu Service-Administration. Um mit diesem veränderten Administrationsmodell umzugehen, sollte ein Migrationskonzept erstellt werden, das organisatorische Regelungen, Aufgabenverteilung und Anpassung bestehender Betriebsprozesse umfasst. Es sollte auch sichergestellt werden, dass die eigene IT ausreichend im Migrationsprozess berücksichtigt wird und die Zuständigen ermitteln, ob die Mitarbeitenden zusätzlich geschult werden sollten. Quelle: OPS.2.2.A5 Planung der sicheren Migration zu einem Cloud-Dienst (S) [Fachverantwortliche];"2.10. Unzureichendes Administrationsmodell für die CloudNutzung Werden Cloud-Dienste genutzt, verändert sich häufig das Rollenverständnis innerhalb des IT-Betriebs auf Seiten der nutzenden Institution. So entwickeln sich Administrierende oft weg von der klassischen Systemadministration hin zu Service-Administration. Wird dieser Prozess nicht ausreichend begleitet, kann sich dies negativ auf die Cloud-Nutzung auswirken, etwa, wenn die Administrierenden nicht das nötige Verständnis für die Umstellungen mitbringen oder sie für ihre neue Aufgabe nicht oder nur unzureichend geschult sind. In der Folge sind eventuell die Cloud-Dienste nicht ordnungsgemäß administriert und so nur noch eingeschränkt verfügbar oder sie fallen ganz aus.

OPS.2.2.A5 Planung der sicheren Migration zu einem Cloud-Dienst (S) [Fachverantwortliche] Bevor zu einem Cloud-Dienst migriert wird, SOLLTE ein Migrationskonzept erstellt werden. Dafür SOLLTEN zunächst organisatorische Regelungen sowie die Aufgabenverteilung festgelegt werden. Zudem SOLLTEN bestehende Betriebsprozesse hinsichtlich der Cloud-Nutzung identifiziert und angepasst werden. Es SOLLTE sichergestellt werden, dass die eigene IT ausreichend im Migrationsprozess berücksichtigt wird. Auch SOLLTEN die Zuständigen ermitteln, ob die Mitarbeitenden auf Seiten der Institution zusätzlich geschult werden sollten.";"Antwort:

Um das veränderte Administrationsmodell bei der Cloud-Nutzung umzugehen, SOLLTE die Institution ein Migrationskonzept erstellen, bevor sie zu einem Cloud-Dienst migriert. Dieses Konzept SOLLTE organisatorische Regelungen, die Aufgabenverteilung und bestehende Betriebsprozesse hinsichtlich der Cloud-Nutzung identifizieren und anpassen. Es SOLLTE sichergestellt werden, dass die eigene IT ausreichend im Migrationsprozess berücksichtigt wird und die Zuständigen ermitteln, ob die Mitarbeitenden auf Seiten der Institution zusätzlich geschult werden sollten.

Quelle: OPS.2.2 Cloud-Nutzung (S. 1)

Die Migration zu einem Cloud-Dienst SOLLTE auf Basis des erstellten Migrationskonzeptes erfolgen. Während der Migration SOLLTE überprüft werden, ob das Sicherheitskonzept für die Cloud-Nutzung an potenzielle neue Anforderungen angepasst werden muss. Auch SOLLTEN alle Notfallvorsorgemaßnahmen vollständig und aktuell sein.

Quelle: OPS.2.2 Cloud-Nutzung (S. 2)

Die Institution SOLLTE sicherstellen, dass die Cloud-Dienste angemessen in die IT-Infrastruktur eingebunden werden. Dies SOLLTE durch eine sorgfältige Planung und Umsetzung der Schnittstellen, der Netzanbindung und des Administrationsmodells erfolgen.

Quelle: APP.3.1.A1 (S. 391)

Anschlussfragen:

1. Wie kann die Institution sicherstellen, dass die Cloud-Dienste angemessen in die IT-Infrastruktur eingebunden werden?
2. Welche Rolle spielt die Planung des Administrationsmodells bei der Cloud-Nutzung?
3. Wie kann die Institution sicherstellen, dass die Notfallvorsorgemaßnahmen vollständig und aktuell sind?";"Antwort:

Um das veränderte Administrationsmodell bei der Cloud-Nutzung umzugehen, SOLLTE die Institution ein Migrationskonzept erstellen, bevor sie zu einem Cloud-Dienst migriert. Dieses Konzept SOLLTE organisatorische Regelungen, die Aufgabenverteilung und bestehende Betriebsprozesse hinsichtlich der Cloud-Nutzung identifizieren und anpassen. Es SOLLTE sichergestellt werden, dass die eigene IT ausreichend im Migrationsprozess berücksichtigt wird und die Zuständigen ermitteln, ob die Mitarbeitenden auf Seiten der Institution zusätzlich geschult werden sollten.

Quelle: OPS.2.2 Cloud-Nutzung (S. 1)

Die Migration zu einem Cloud-Dienst SOLLTE auf Basis des erstellten Migrationskonzeptes erfolgen. Während der Migration SOLLTE überprüft werden, ob das Sicherheitskonzept für die Cloud-Nutzung an potenzielle neue Anforderungen angepasst werden muss. Auch SOLLTEN alle Notfallvorsorgemaßnahmen vollständig und aktuell sein.

Quelle: OPS.2.2 Cloud-Nutzung (S. 2)

Die Institution SOLLTE sicherstellen, dass die Cloud-Dienste angemessen in die IT-Infrastruktur eingebunden werden. Dies SOLLTE durch eine sorgfältige Planung und Umsetzung der Schnittstellen, der Netzanbindung und des Administrationsmodells erfolgen.

Quelle: APP.3.1.A1 (S. 391)";"1. Wie kann die Institution sicherstellen, dass die Cloud-Dienste angemessen in die IT-Infrastruktur eingebunden werden?
2. Welche Rolle spielt die Planung des Administrationsmodells bei der Cloud-Nutzung?
3. Wie kann die Institution sicherstellen, dass die Notfallvorsorgemaßnahmen vollständig und aktuell sind?";3;3;0.8541666666453125;1.0;0.0;0.6947294269635267;;
Welche Nachweise sollten wir von Subunternehmern im Bereich Cloud-Dienstleistungen einfordern?;"Die Institution SOLLTE sich von den Cloud-Diensteanbietenden regelmäßig nachweisen lassen, dass die vereinbarten Sicherheitsanforderungen erfüllt sind, basierend auf einem international anerkannten Regelwerk wie IT-Grundschutz, ISO/IEC 27001 oder dem Anforderungskatalog Cloud Computing (C5) Quelle: OPS.2.2.A13 (S). Wenn Cloud-Diensteanbietende Subunternehmen nutzen, SOLLTEN sie der Institution regelmäßig nachweisen, dass diese Subunternehmen die notwendigen Audits durchführen Quelle: OPS.2.2.A13 (S). 

Anschlussfragen:
1. Wie sollten die vertraglichen Regelungen zwischen der Institution und den Cloud-Diensteanbietenden gestaltet werden, um den Schutzbedarf der Informationen zu gewährleisten?
2. Welche Rolle spielt die Offenlegung von Subunternehmen durch die Cloud-Diensteanbietenden im Rahmen des Vertrags?
3. Wie können die Sicherheitsanforderungen für die Cloud-Dienste unabhängig vom genutzten Service- und Bereitstellungsmodell gewährleistet werden?";Die Institution SOLLTE sich von den Cloud-Diensteanbietenden regelmäßig nachweisen lassen, dass die vereinbarten Sicherheitsanforderungen erfüllt sind, basierend auf einem international anerkannten Regelwerk wie IT-Grundschutz, ISO/IEC 27001 oder dem Anforderungskatalog Cloud Computing (C5) Quelle: OPS.2.2.A13 (S). Wenn Cloud-Diensteanbietende Subunternehmen nutzen, SOLLTEN sie der Institution regelmäßig nachweisen, dass diese Subunternehmen die notwendigen Audits durchführen Quelle: OPS.2.2.A13 (S).;"OPS.2.2.A13 Nachweis einer ausreichenden Informationssicherheit bei der Cloud-Nutzung (S) Die Institution SOLLTE sich von den Cloud-Diensteanbietenden regelmäßig nachweisen lassen, dass die vereinbarten Sicherheitsanforderungen erfüllt sind. Der Nachweis SOLLTE auf einem international anerkannten Regelwerk basieren (z. B. IT-Grundschutz, ISO/IEC 27001, Anforderungskatalog Cloud Computing (C5), Cloud Controls Matrix der Cloud Security Alliance). Die Institution SOLLTE prüfen, ob der Geltungsbereich und Schutzbedarf die genutzten Cloud-Dienste erfasst.
Nutzen Cloud-Diensteanbietende Subunternehmen, um die Cloud-Dienste zu erbringen, SOLLTEN Cloud-Diensteanbietende der Institution regelmäßig nachweisen, dass diese Subunternehmen die notwendigen Audits durchführen.

OPS.2.2.A9 Vertragsgestaltung mit den Cloud-Diensteanbietenden (S) [Institutionsleitung] Die vertraglichen Regelungen zwischen der auftraggebenden Institution und den CloudDiensteanbietenden SOLLTEN in Art, Umfang und Detaillierungsgrad dem Schutzbedarf der Informationen angepasst sein, die im Zusammenhang mit der Cloud-Nutzung stehen. Es SOLLTE geregelt werden, an welchem Standort die Cloud-Diensteanbietenden ihre Leistung erbringen. Zusätzlich SOLLTEN Eskalationsstufen und Kommunikationswege zwischen der Institution und den Cloud-Diensteanbietenden definiert werden. Auch SOLLTE vereinbart werden, wie die Daten der Institution sicher zu löschen sind. Ebenso SOLLTEN Kündigungsregelungen schriftlich fixiert werden. Die Cloud-Diensteanbietenden SOLLTEN alle Subunternehmen offenlegen, die sie für den CloudDienst benötigen.";"Antwort:

Um die Nachweise von Subunternehmern im Bereich Cloud-Dienstleistungen einzuholen, SOLLTEN die folgenden Anforderungen erfüllt werden:

- Die Institution SOLLTE sich von den Cloud-Diensteanbietenden regelmäßig nachweisen lassen, dass die vereinbarten Sicherheitsanforderungen erfüllt sind. Der Nachweis SOLLTE auf einem international anerkannten Regelwerk basieren (z. B. IT-Grundschutz, ISO/IEC 27001, Anforderungskatalog Cloud Computing (C5), Cloud Controls Matrix der Cloud Security Alliance).
- Die Institution SOLLTE prüfen, ob der Geltungsbereich und Schutzbedarf die genutzten Cloud-Dienste erfasst.
- Wenn Cloud-Diensteanbietende Subunternehmen nutzen, SOLLTEN die Cloud-Diensteanbietenden der Institution regelmäßig nachweisen, dass diese Subunternehmen die notwendigen Audits durchführen.

Quelle: APP.3.1.A1 (S.391)

Anschlussfragen:

1. Wie können wir sicherstellen, dass die Cloud-Diensteanbietenden ihre Verpflichtungen einhalten?
2. Welche Rolle spielen die Subunternehmen bei der Cloud-Nutzung, und wie können wir ihre Sicherheit gewährleisten?
3. Wie können wir die Portabilität von Cloud-Diensten sicherstellen, um die Flexibilität bei der Cloud-Nutzung zu erhöhen?";"Antwort:

Um die Nachweise von Subunternehmern im Bereich Cloud-Dienstleistungen einzuholen, SOLLTEN die folgenden Anforderungen erfüllt werden:

- Die Institution SOLLTE sich von den Cloud-Diensteanbietenden regelmäßig nachweisen lassen, dass die vereinbarten Sicherheitsanforderungen erfüllt sind. Der Nachweis SOLLTE auf einem international anerkannten Regelwerk basieren (z. B. IT-Grundschutz, ISO/IEC 27001, Anforderungskatalog Cloud Computing (C5), Cloud Controls Matrix der Cloud Security Alliance).
- Die Institution SOLLTE prüfen, ob der Geltungsbereich und Schutzbedarf die genutzten Cloud-Dienste erfasst.
- Wenn Cloud-Diensteanbietende Subunternehmen nutzen, SOLLTEN die Cloud-Diensteanbietenden der Institution regelmäßig nachweisen, dass diese Subunternehmen die notwendigen Audits durchführen.

Quelle: APP.3.1.A1 (S.391)";"1. Wie können wir sicherstellen, dass die Cloud-Diensteanbietenden ihre Verpflichtungen einhalten?
2. Welche Rolle spielen die Subunternehmen bei der Cloud-Nutzung, und wie können wir ihre Sicherheit gewährleisten?
3. Wie können wir die Portabilität von Cloud-Diensten sicherstellen, um die Flexibilität bei der Cloud-Nutzung zu erhöhen?";3;3;0.7592857142705285;0.7142857142857143;0.4;0.5552840261515475;;
Wie gewährleisten wir kontinuierliche Compliance im Cloud-Betrieb?;"Um kontinuierliche Compliance im Cloud-Betrieb zu gewährleisten, sollten Institutionen regelmäßig ihre Dokumentationen und Richtlinien für die eingesetzten Cloud-Dienste aktualisieren und überprüfen, ob die vertraglich zugesicherten Leistungen erbracht werden Quelle: OPS.2.2.A12 (S). Es ist auch ratsam, regelmäßig mit den Cloud-Diensteanbietenden abzustimmen und Pläne für die Reaktion auf Systemausfälle zu erstellen Quelle: OPS.2.2.A12 (S). Darüber hinaus sollten Institutionen sich von den Cloud-Diensteanbietenden regelmäßig den Nachweis liefern lassen, dass die vereinbarten Sicherheitsanforderungen erfüllt sind, basierend auf international anerkannten Regelwerken wie dem IT-Grundschutz oder ISO/IEC 27001 Quelle: OPS.2.2.A13 (S).

Anschlussfragen:
1. Wie können Institutionen sicherstellen, dass ihre Cloud-Diensteanbietenden die notwendigen Audits durchführen, wenn Subunternehmen eingesetzt werden?
2. Welche Rolle spielt die Abgrenzung und Modellierung im Baustein OPS.2.2 Cloud-Nutzung, und wie wirkt sie sich auf die Sicherheitsanforderungen aus?
3. Wie können Institutionen die Schnittstellen zwischen verschiedenen Cloud-Diensteanbietenden sicher gestalten, um eine kontinuierliche Compliance zu gewährleisten?";Um kontinuierliche Compliance im Cloud-Betrieb zu gewährleisten, sollten Institutionen regelmäßig ihre Dokumentationen und Richtlinien für die eingesetzten Cloud-Dienste aktualisieren und überprüfen, ob die vertraglich zugesicherten Leistungen erbracht werden Quelle: OPS.2.2.A12 (S). Es ist auch ratsam, regelmäßig mit den Cloud-Diensteanbietenden abzustimmen und Pläne für die Reaktion auf Systemausfälle zu erstellen Quelle: OPS.2.2.A12 (S). Darüber hinaus sollten Institutionen sich von den Cloud-Diensteanbietenden regelmäßig den Nachweis liefern lassen, dass die vereinbarten Sicherheitsanforderungen erfüllt sind, basierend auf international anerkannten Regelwerken wie dem IT-Grundschutz oder ISO/IEC 27001 Quelle: OPS.2.2.A13 (S).;"OPS.2.2.A12 Aufrechterhaltung der Informationssicherheit im laufenden Cloud-Nutzungs-Betrieb (S) Alle für die eingesetzten Cloud-Dienste erstellten Dokumentationen und Richtlinien SOLLTEN regelmäßig aktualisiert werden. Es SOLLTE außerdem periodisch kontrolliert werden, ob dievertraglich zugesicherten Leistungen erbracht werden. Auch SOLLTEN sich die CloudDiensteanbietenden und die Institution nach Möglichkeit regelmäßig abstimmen. Ebenso SOLLTE geplant und geübt werden, wie auf Systemausfälle zu reagieren ist.

OPS.2.2.A13 Nachweis einer ausreichenden Informationssicherheit bei der Cloud-Nutzung (S) Die Institution SOLLTE sich von den Cloud-Diensteanbietenden regelmäßig nachweisen lassen, dass die vereinbarten Sicherheitsanforderungen erfüllt sind. Der Nachweis SOLLTE auf einem international anerkannten Regelwerk basieren (z. B. IT-Grundschutz, ISO/IEC 27001, Anforderungskatalog Cloud Computing (C5), Cloud Controls Matrix der Cloud Security Alliance). Die Institution SOLLTE prüfen, ob der Geltungsbereich und Schutzbedarf die genutzten Cloud-Dienste erfasst. Nutzen Cloud-Diensteanbietende Subunternehmen, um die Cloud-Dienste zu erbringen, SOLLTEN Cloud-Diensteanbietende der Institution regelmäßig nachweisen, dass diese Subunternehmen die notwendigen Audits durchführen.";"Um kontinuierliche Compliance im Cloud-Betrieb zu gewährleisten, SOLLTEN die folgenden Schritte unternommen werden:

- **Regelmäßige Aktualisierung von Dokumentationen und Richtlinien**: Alle für die eingesetzten Cloud-Dienste erstellten Dokumentationen und Richtlinien SOLLTEN regelmäßig aktualisiert werden, um sicherzustellen, dass sie den aktuellen Anforderungen entsprechen.
- **Periodische Kontrolle der vertraglich zugesicherten Leistungen**: Es SOLLTE periodisch kontrolliert werden, ob die vertraglich zugesicherten Leistungen erbracht werden, um sicherzustellen, dass die Cloud-Diensteanbietenden ihre Verpflichtungen einhalten.
- **Regelmäßige Abstimmung mit den Cloud-Diensteanbietenden**: Die Institution SOLLTE regelmäßig mit den Cloud-Diensteanbietenden abstimmen, um sicherzustellen, dass alle Anforderungen und Bedürfnisse der Institution erfüllt werden.
- **Planung und Übung von Notfallvorsorgekonzepten**: Es SOLLTE geplant und geübt werden, wie auf Systemausfälle zu reagieren ist, um sicherzustellen, dass die Institution vorbereitet ist, um mit Notfällen umzugehen.

Um eine angemessene Gesamtsicherheit für den IT-Betrieb von Cloud-Diensten zu erreichen, müssen alle Cloud-Dienste (mit ihren zugeordneten virtuellen IT-Systemen, Netzen und weiteren Cloud-Komponenten) systematisch in der Sicherheitskonzeption berücksichtigt werden.

Quelle: APP.3.1.A1 (S.391)

Anschlussfragen:

1. Wie können wir sicherstellen, dass unsere Cloud-Diensteanbietenden ihre Verpflichtungen einhalten?
2. Welche Rolle spielen regelmäßige Abstimmungen mit den Cloud-Diensteanbietenden bei der Gewährleistung der Compliance?
3. Wie können wir unsere Notfallvorsorgekonzepte verbessern, um besser auf Systemausfälle reagieren zu können?";"Um kontinuierliche Compliance im Cloud-Betrieb zu gewährleisten, SOLLTEN die folgenden Schritte unternommen werden:

- **Regelmäßige Aktualisierung von Dokumentationen und Richtlinien**: Alle für die eingesetzten Cloud-Dienste erstellten Dokumentationen und Richtlinien SOLLTEN regelmäßig aktualisiert werden, um sicherzustellen, dass sie den aktuellen Anforderungen entsprechen.
- **Periodische Kontrolle der vertraglich zugesicherten Leistungen**: Es SOLLTE periodisch kontrolliert werden, ob die vertraglich zugesicherten Leistungen erbracht werden, um sicherzustellen, dass die Cloud-Diensteanbietenden ihre Verpflichtungen einhalten.
- **Regelmäßige Abstimmung mit den Cloud-Diensteanbietenden**: Die Institution SOLLTE regelmäßig mit den Cloud-Diensteanbietenden abstimmen, um sicherzustellen, dass alle Anforderungen und Bedürfnisse der Institution erfüllt werden.
- **Planung und Übung von Notfallvorsorgekonzepten**: Es SOLLTE geplant und geübt werden, wie auf Systemausfälle zu reagieren ist, um sicherzustellen, dass die Institution vorbereitet ist, um mit Notfällen umzugehen.

Um eine angemessene Gesamtsicherheit für den IT-Betrieb von Cloud-Diensten zu erreichen, müssen alle Cloud-Dienste (mit ihren zugeordneten virtuellen IT-Systemen, Netzen und weiteren Cloud-Komponenten) systematisch in der Sicherheitskonzeption berücksichtigt werden.

Quelle: APP.3.1.A1 (S.391)";"1. Wie können wir sicherstellen, dass unsere Cloud-Diensteanbietenden ihre Verpflichtungen einhalten?
2. Welche Rolle spielen regelmäßige Abstimmungen mit den Cloud-Diensteanbietenden bei der Gewährleistung der Compliance?
3. Wie können wir unsere Notfallvorsorgekonzepte verbessern, um besser auf Systemausfälle reagieren zu können?";3;3;0.30357142856130953;0.8181818181818182;0.75;0.5680245716048854;;
Warum ist ORP.1 Organisation ein eigener Baustein im IT-Grundschutz?;"ORP.1 Organisation ist ein eigener Baustein im IT-Grundschutz, da jede Institution eine zuständige Dienststelle benötigt, um den allgemeinen Betrieb zu steuern und zu regeln sowie um Verwaltungsdienstleistungen zu planen, zu organisieren und durchzuführen Quelle: 1.1. Einleitung. Dieser Baustein soll allgemeine und übergreifende Anforderungen im Bereich Organisation aufzeigen, um das Niveau der Informationssicherheit zu erhöhen und zu erhalten Quelle: 1.2. Zielsetzung. 

Anschlussfragen:
1. Wie werden Informationsflüsse und Prozesse im Baustein ORP.1 geregelt?
2. Welche Rolle spielt die Aufbau- und Ablauforganisation im Kontext des IT-Grundschutzes?
3. Wie trägt der Baustein ORP.1 zur Erhöhung des Niveaus der Informationssicherheit bei?";ORP.1 Organisation ist ein eigener Baustein im IT-Grundschutz, da jede Institution eine zuständige Dienststelle benötigt, um den allgemeinen Betrieb zu steuern und zu regeln sowie um Verwaltungsdienstleistungen zu planen, zu organisieren und durchzuführen Quelle: 1.1. Einleitung. Dieser Baustein soll allgemeine und übergreifende Anforderungen im Bereich Organisation aufzeigen, um das Niveau der Informationssicherheit zu erhöhen und zu erhalten Quelle: 1.2. Zielsetzung.;"1.1. Einleitung Jede Institution benötigt eine hierfür zuständige Dienststelle, um den allgemeinen Betrieb zu steuern und zu regeln sowie um Verwaltungsdienstleistungen zu planen, zu organisieren und durchzuführen. Die meisten Institutionen haben hierfür eine Organisationseinheit, die dieses Zusammenspiel der verschiedenen Rollen und Einheiten mit den entsprechenden Geschäftsprozessen und Ressourcen steuert. Bereits auf dieser übergreifenden Ebene sind Aspekte der Informationssicherheit einzubringen und verbindlich festzulegen.

1.2. Zielsetzung Mit diesem Baustein werden allgemeine und übergreifende Anforderungen im Bereich Organisation aufgeführt, die dazu beitragen, das Niveau der Informationssicherheit zu erhöhen und zu erhalten. In diesem Zusammenhang sind Informationsflüsse, Prozesse, Rollenverteilungen sowie die Aufbau- und Ablauforganisation zu regeln.";"Antwort:

Der Baustein ORP.1 Organisation ist ein eigener Baustein im IT-Grundschutz, weil er allgemeine und übergreifende Anforderungen im Bereich Organisation aufführt, die dazu beitragen, das Niveau der Informationssicherheit zu erhöhen und zu erhalten. In diesem Zusammenhang sind Informationsflüsse, Prozesse, Rollenverteilungen sowie die Aufbau- und Ablauforganisation zu regeln.

Der Baustein bildet die übergeordnete Basis, um Informationssicherheit in einer Institution umzusetzen. Er behandelt keine spezifischen Aspekte zu Personal, Schulung von Mitarbeitenden, Verwaltung von Identitäten und Berechtigungen sowie Anforderungsmanagement. Diese Aspekte werden in den Bausteinen ORP.2 Personal, ORP.3 Sensibilisierung und Schulung zur Informationssicherheit, ORP.4 Identitäts- und Berechtigungsmanagement und ORP.5 Compliance Management (Anforderungsmanagement) behandelt.

Quelle: ORP.1 Organisation (S. 11)

Anschlussfragen:

1. Welche Rolle spielt die Organisation in der Umsetzung der Informationssicherheit?
2. Wie werden Informationsflüsse, Prozesse und Rollenverteilungen in der Organisation geregelt?
3. Welche Aspekte werden in den Bausteinen ORP.2 bis ORP.5 behandelt?";"Antwort:

Der Baustein ORP.1 Organisation ist ein eigener Baustein im IT-Grundschutz, weil er allgemeine und übergreifende Anforderungen im Bereich Organisation aufführt, die dazu beitragen, das Niveau der Informationssicherheit zu erhöhen und zu erhalten. In diesem Zusammenhang sind Informationsflüsse, Prozesse, Rollenverteilungen sowie die Aufbau- und Ablauforganisation zu regeln.

Der Baustein bildet die übergeordnete Basis, um Informationssicherheit in einer Institution umzusetzen. Er behandelt keine spezifischen Aspekte zu Personal, Schulung von Mitarbeitenden, Verwaltung von Identitäten und Berechtigungen sowie Anforderungsmanagement. Diese Aspekte werden in den Bausteinen ORP.2 Personal, ORP.3 Sensibilisierung und Schulung zur Informationssicherheit, ORP.4 Identitäts- und Berechtigungsmanagement und ORP.5 Compliance Management (Anforderungsmanagement) behandelt.

Quelle: ORP.1 Organisation (S. 11)";"1. Welche Rolle spielt die Organisation in der Umsetzung der Informationssicherheit?
2. Wie werden Informationsflüsse, Prozesse und Rollenverteilungen in der Organisation geregelt?
3. Welche Aspekte werden in den Bausteinen ORP.2 bis ORP.5 behandelt?";3;3;0.49999999995;0.8571428571428571;0.0;0.8777252344222267;;
Wie wird sichergestellt, dass Mitarbeitende IT-Sicherheitsregeln einhalten?;"Um sicherzustellen, dass Mitarbeitende IT-Sicherheitsregeln einhalten, SOLLTE eine Richtlinie zur sicheren IT-Nutzung erstellt werden, die für alle Mitarbeitenden transparent beschreibt, welche Rahmenbedingungen bei der IT-Nutzung eingehalten werden müssen und welche Sicherheitsmaßnahmen zu ergreifen sind Quelle: ORP.1.A16 (S). Diese Richtlinie SOLLTE allen Benutzenden zur Kenntnis gegeben werden und von jedem neuen Benutzenden schriftlich bestätigt werden, bevor er die Informationstechnik nutzen darf Quelle: ORP.1.A16 (S). 

Darüber hinaus MUSS es in jeder Institution Ansprechpersonen für Sicherheitsfragen geben, die sowohl einfache als auch komplexe oder technische Fragen beantworten können Quelle: ORP.1.A15 (S). 

Anschlussfragen:
1. Wie sollten die Richtlinien zur sicheren IT-Nutzung den Mitarbeitenden zugänglich gemacht werden?
2. Welche Rolle spielen Ansprechpersonen zu Informationssicherheitsfragen in der Institution?
3. Wie oft sollten die Richtlinien zur sicheren IT-Nutzung von den Benutzenden bestätigt werden?";"Um sicherzustellen, dass Mitarbeitende IT-Sicherheitsregeln einhalten, SOLLTE eine Richtlinie zur sicheren IT-Nutzung erstellt werden, die für alle Mitarbeitenden transparent beschreibt, welche Rahmenbedingungen bei der IT-Nutzung eingehalten werden müssen und welche Sicherheitsmaßnahmen zu ergreifen sind Quelle: ORP.1.A16 (S). Diese Richtlinie SOLLTE allen Benutzenden zur Kenntnis gegeben werden und von jedem neuen Benutzenden schriftlich bestätigt werden, bevor er die Informationstechnik nutzen darf Quelle: ORP.1.A16 (S). 

Darüber hinaus MUSS es in jeder Institution Ansprechpersonen für Sicherheitsfragen geben, die sowohl einfache als auch komplexe oder technische Fragen beantworten können Quelle: ORP.1.A15 (S).";"ORP.1.A16 Richtlinie zur sicheren IT-Nutzung (S) [Benutzende] Es SOLLTE eine Richtlinie erstellt werden, in der für alle Mitarbeitenden transparent beschrieben wird, welche Rahmenbedingungen bei der IT-Nutzung eingehalten werden müssen und welche Sicherheitsmaßnahmen zu ergreifen sind. Die Richtlinie SOLLTE folgende Punkte abdecken:

• Sicherheitsziele der Institution,

• wichtige Begriffe,

• Aufgaben und Rollen mit Bezug zur Informationssicherheit,

• Ansprechperson zu Fragen der Informationssicherheit sowie

• von den Mitarbeitenden umzusetzende und einzuhaltende Sicherheitsmaßnahmen.

Die Richtlinie SOLLTE allen Benutzenden zur Kenntnis gegeben werden. Jeder neue Benutzende SOLLTE die Kenntnisnahme und Beachtung der Richtlinie schriftlich bestätigen, bevor er die Informationstechnik nutzen darf. Benutzende SOLLTEN die Richtlinie regelmäßig oder nach größeren Änderungen erneut bestätigen. Die Richtlinie sollte zum Nachlesen für alle Mitarbeitenden frei zugänglich abgelegt werden, beispielsweise im Intranet.

ORP.1.A15 Ansprechperson zu Informationssicherheitsfragen (B) In jeder Institution MUSS es Ansprechpersonen für Sicherheitsfragen geben, die sowohl scheinbar einfache wie auch komplexe oder technische Fragen beantworten können. Die Ansprechpersonen MÜSSEN allen Mitarbeitenden der Institution bekannt sein. Diesbezügliche Informationen MÜSSEN in der Institution für alle verfügbar und leicht zugänglich sein.";"Um sicherzustellen, dass Mitarbeitende IT-Sicherheitsregeln einhalten, müssen folgende Schritte unternommen werden:

1.  **Sensibilisierung und Schulung**: Die Mitarbeitenden müssen über die Bedeutung und den Zweck der Sicherheitsmaßnahmen informiert werden, damit sie diese im Arbeitsalltag umsetzen können. Dies kann durch regelmäßige Schulungen, Workshops und Sensibilisierungsmaßnahmen erreicht werden.
2.  **Regelungen und Richtlinien**: Es müssen klare Regelungen und Richtlinien für die Informationssicherheit erstellt und kommuniziert werden, damit die Mitarbeitenden wissen, was erwartet wird. Diese Regelungen sollten regelmäßig überprüft und aktualisiert werden.
3.  **Überwachung und Kontrolle**: Es müssen Mechanismen eingerichtet werden, um sicherzustellen, dass die Mitarbeitenden die Sicherheitsregeln einhalten. Dies kann durch regelmäßige Überprüfungen, Kontrollen und Audits erreicht werden.
4.  **Sanktionen und Konsequenzen**: Es müssen klare Sanktionen und Konsequenzen für die Nicht-Einhaltung der Sicherheitsregeln festgelegt werden, damit die Mitarbeitenden wissen, was passiert, wenn sie die Regeln nicht einhalten.
5.  **Informationssicherheitsbeauftragter**: Es sollte ein Informationssicherheitsbeauftragter benannt werden, der für die Koordination, Verwaltung und Kommunikation des Informationssicherheitsprozesses verantwortlich ist.
6.  **IS-Management-Team**: Es sollte ein IS-Management-Team aufgebaut werden, das sämtliche übergreifenden Belange der Informationssicherheit regelt und Pläne, Vorgaben und Richtlinien erarbeitet.
7.  **Sensibilisierung der Mitarbeitenden**: Die Mitarbeitenden müssen sensibilisiert werden, um sicherzustellen, dass sie die Bedeutung der Informationssicherheit verstehen und ihre Rolle bei der Umsetzung der Sicherheitsmaßnahmen einnehmen.

Um sicherzustellen, dass die Mitarbeitenden die Sicherheitsregeln einhalten, müssen diese Schritte regelmäßig überprüft und aktualisiert werden.

**Anschlussfragen:**

1.  Wie kann die Sensibilisierung und Schulung der Mitarbeitenden für die Informationssicherheit verbessert werden?
2.  Welche Rolle spielt der Informationssicherheitsbeauftragte bei der Umsetzung der Sicherheitsmaßnahmen?
3.  Wie können die Sanktionen und Konsequenzen für die Nicht-Einhaltung der Sicherheitsregeln festgelegt werden?";"Um sicherzustellen, dass Mitarbeitende IT-Sicherheitsregeln einhalten, müssen folgende Schritte unternommen werden:

1.  **Sensibilisierung und Schulung**: Die Mitarbeitenden müssen über die Bedeutung und den Zweck der Sicherheitsmaßnahmen informiert werden, damit sie diese im Arbeitsalltag umsetzen können. Dies kann durch regelmäßige Schulungen, Workshops und Sensibilisierungsmaßnahmen erreicht werden.
2.  **Regelungen und Richtlinien**: Es müssen klare Regelungen und Richtlinien für die Informationssicherheit erstellt und kommuniziert werden, damit die Mitarbeitenden wissen, was erwartet wird. Diese Regelungen sollten regelmäßig überprüft und aktualisiert werden.
3.  **Überwachung und Kontrolle**: Es müssen Mechanismen eingerichtet werden, um sicherzustellen, dass die Mitarbeitenden die Sicherheitsregeln einhalten. Dies kann durch regelmäßige Überprüfungen, Kontrollen und Audits erreicht werden.
4.  **Sanktionen und Konsequenzen**: Es müssen klare Sanktionen und Konsequenzen für die Nicht-Einhaltung der Sicherheitsregeln festgelegt werden, damit die Mitarbeitenden wissen, was passiert, wenn sie die Regeln nicht einhalten.
5.  **Informationssicherheitsbeauftragter**: Es sollte ein Informationssicherheitsbeauftragter benannt werden, der für die Koordination, Verwaltung und Kommunikation des Informationssicherheitsprozesses verantwortlich ist.
6.  **IS-Management-Team**: Es sollte ein IS-Management-Team aufgebaut werden, das sämtliche übergreifenden Belange der Informationssicherheit regelt und Pläne, Vorgaben und Richtlinien erarbeitet.
7.  **Sensibilisierung der Mitarbeitenden**: Die Mitarbeitenden müssen sensibilisiert werden, um sicherzustellen, dass sie die Bedeutung der Informationssicherheit verstehen und ihre Rolle bei der Umsetzung der Sicherheitsmaßnahmen einnehmen.

Um sicherzustellen, dass die Mitarbeitenden die Sicherheitsregeln einhalten, müssen diese Schritte regelmäßig überprüft und aktualisiert werden.";"1.  Wie kann die Sensibilisierung und Schulung der Mitarbeitenden für die Informationssicherheit verbessert werden?
2.  Welche Rolle spielt der Informationssicherheitsbeauftragte bei der Umsetzung der Sicherheitsmaßnahmen?
3.  Wie können die Sanktionen und Konsequenzen für die Nicht-Einhaltung der Sicherheitsregeln festgelegt werden?";3;3;0.0;1.0;0.6666666666666666;0.49086134834355866;;
Wie wird mit institutionsfremden Personen organisatorisch umgegangen?;"Institutionsfremde Personen MÜSSEN von Mitarbeitenden zu den Räumen begleitet werden, um sicherzustellen, dass sie nicht unbeaufsichtigt bleiben. Die Mitarbeitenden der Institution MÜSSEN institutionsfremde Personen in sensiblen Bereichen beaufsichtigen, um Missbrauch oder Gefährdung von Informationen und IT-Systemen zu verhindern Quelle: ORP.1.A3 (S. nicht spezifiziert). Dies ist notwendig, da institutionsfremde Personen, wie z.B. Besuchende, Reinigungs- oder Fremdpersonal, interne Informationen, Geschäftsprozesse und IT-Systeme auf verschiedene Arten gefährden können Quelle: 2.4. Gefährdung durch Institutionsfremde (S. nicht spezifiziert).

Anschlussfragen:
1. Wie können institutionsfremde Personen die Informationssicherheit einer Institution gefährden?
2. Welche Rolle spielen Mitarbeitende bei der Beaufsichtigung von institutionsfremden Personen in sensiblen Bereichen?
3. Wie werden die Anforderungen an die Begleitung und Beaufsichtigung von institutionsfremden Personen in der Praxis umgesetzt?";Institutionsfremde Personen MÜSSEN von Mitarbeitenden zu den Räumen begleitet werden, um sicherzustellen, dass sie nicht unbeaufsichtigt bleiben. Die Mitarbeitenden der Institution MÜSSEN institutionsfremde Personen in sensiblen Bereichen beaufsichtigen, um Missbrauch oder Gefährdung von Informationen und IT-Systemen zu verhindern Quelle: ORP.1.A3 (S. nicht spezifiziert). Dies ist notwendig, da institutionsfremde Personen, wie z.B. Besuchende, Reinigungs- oder Fremdpersonal, interne Informationen, Geschäftsprozesse und IT-Systeme auf verschiedene Arten gefährden können Quelle: 2.4. Gefährdung durch Institutionsfremde (S. nicht spezifiziert).;"ORP.1.A3 Beaufsichtigung oder Begleitung von Fremdpersonen (B) [Mitarbeitende] Institutionsfremde Personen MÜSSEN von Mitarbeitenden zu den Räumen begleitet werden. Die Mitarbeitenden der Institution MÜSSEN institutionsfremde Personen in sensiblen Bereichen beaufsichtigen. Die Mitarbeitenden SOLLTEN dazu angehalten werden, institutionsfremde Personen in den Räumen der Institution nicht unbeaufsichtigt zu lassen.

2.4. Gefährdung durch Institutionsfremde Bei Institutionsfremden kann grundsätzlich nicht vorausgesetzt werden, dass sie mit ihnen zugänglichen Informationen und der Informationstechnik entsprechend den Vorgaben der besuchten Institution umgehen. Besuchende, Reinigungs- und Fremdpersonal können interne Informationen, Geschäftsprozesse und IT-Systeme auf verschiedene Arten gefährden, angefangen von der unsachgemäßen Behandlung der technischen Einrichtungen über den Versuch des „Spielens“ an IT-Systemen bis hin zum Diebstahl von Unterlagen oder IT-Komponenten.
Beispiele:

• Unbegleitete Besuchende können auf Unterlagen und Datenträger zugreifen oder Zugang zu Geräten haben, diese beschädigen oder schützenswerte Informationen ausspähen.

• Reinigungskräfte können versehentlich Steckverbindungen lösen, Wasser in Geräte laufen lassen, Unterlagen verlegen oder mit dem Abfall entsorgen.";"Antwort:

Institutionsfremde Personen MÜSSEN von Mitarbeitenden zu den Räumen begleitet werden. Die Mitarbeitenden der Institution MÜSSEN institutionsfremde Personen in sensiblen Bereichen beaufsichtigen. Die Mitarbeitenden SOLLTEN dazu angehalten werden, institutionsfremde Personen in den Räumen der Institution nicht unbeaufsichtigt zu lassen.

Quelle: APP.3.1.A1 (S.391)

Institutionsfremde Personen, die externes Personal sind, MÜSSEN wie alle eigenen Mitarbeitenden dazu verpflichtet werden, geltende Gesetze, Vorschriften und interne Regelungen einzuhalten. Fremdpersonal, das kurzfristig oder einmalig eingesetzt wird, MÜSSEN in sicherheitsrelevanten Bereichen beaufsichtigt werden. Bei längerfristig beschäftigtem Fremdpersonal MÜSSEN diese wie die eigenen Mitarbeitenden in seine Aufgaben eingewiesen werden. Auch für diese Mitarbeitenden MÜSSEN eine Vertretungsregelung eingeführt werden.

Quelle: ORP.4.A8 (S.73)

Anschlussfragen:

1. Wie werden externe Dienstleister bei der Einbindung in die Institution behandelt?
2. Welche Rolle spielt der Informationssicherheitsbeauftragte (ISB) bei der Koordination und Verwaltung des Informationssicherheitsprozesses?
3. Wie werden die Schnittstellen zwischen der Institution und externen Dienstleistern genau festgelegt?";"Antwort:

Institutionsfremde Personen MÜSSEN von Mitarbeitenden zu den Räumen begleitet werden. Die Mitarbeitenden der Institution MÜSSEN institutionsfremde Personen in sensiblen Bereichen beaufsichtigen. Die Mitarbeitenden SOLLTEN dazu angehalten werden, institutionsfremde Personen in den Räumen der Institution nicht unbeaufsichtigt zu lassen.

Quelle: APP.3.1.A1 (S.391)

Institutionsfremde Personen, die externes Personal sind, MÜSSEN wie alle eigenen Mitarbeitenden dazu verpflichtet werden, geltende Gesetze, Vorschriften und interne Regelungen einzuhalten. Fremdpersonal, das kurzfristig oder einmalig eingesetzt wird, MÜSSEN in sicherheitsrelevanten Bereichen beaufsichtigt werden. Bei längerfristig beschäftigtem Fremdpersonal MÜSSEN diese wie die eigenen Mitarbeitenden in seine Aufgaben eingewiesen werden. Auch für diese Mitarbeitenden MÜSSEN eine Vertretungsregelung eingeführt werden.

Quelle: ORP.4.A8 (S.73)";"1. Wie werden externe Dienstleister bei der Einbindung in die Institution behandelt?
2. Welche Rolle spielt der Informationssicherheitsbeauftragte (ISB) bei der Koordination und Verwaltung des Informationssicherheitsprozesses?
3. Wie werden die Schnittstellen zwischen der Institution und externen Dienstleistern genau festgelegt?";3;3;0.3333333333;1.0;0.14285714285714285;0.8386557449829952;;
Welche organisatorischen Risiken bestehen bei fehlender Geräteverwaltung?;"Fehlende Geräteverwaltung kann zu verschiedenen organisatorischen Risiken führen. Wenn benötigte Betriebsmittel in zu geringer Menge vorhanden sind oder nicht termingerecht bereitgestellt werden, können in der Institution Störungen eintreten Quelle: 2.3. Fehlende, ungeeignete oder inkompatible Betriebsmittel (S). Ebenso kann es vorkommen, dass ungeeignete oder sogar inkompatible Betriebsmittel beschafft werden, die infolgedessen nicht eingesetzt werden können Quelle: 2.3. Fehlende, ungeeignete oder inkompatible Betriebsmittel (S). Beispielsweise kann die Kapazität der Batterien einer unterbrechungsfreien Stromversorgung (USV-Anlage) nicht rechtzeitig überprüft werden, was zu einem Stromausfall führen kann Quelle: 2.3. Fehlende, ungeeignete oder inkompatible Betriebsmittel (S). 

Anschlussfragen:
1. Wie kann eine Institution die Verfügbarkeit von Betriebsmitteln sicherstellen, um Störungen zu vermeiden?
2. Welche Rolle spielt die Wartung von Betriebsmitteln bei der Vermeidung von Schäden?
3. Wie kann eine Institution sicherstellen, dass die eingesetzten Betriebsmittel kompatibel sind und den Anforderungen entsprechen?";Fehlende Geräteverwaltung kann zu verschiedenen organisatorischen Risiken führen. Wenn benötigte Betriebsmittel in zu geringer Menge vorhanden sind oder nicht termingerecht bereitgestellt werden, können in der Institution Störungen eintreten Quelle: 2.3. Fehlende, ungeeignete oder inkompatible Betriebsmittel (S). Ebenso kann es vorkommen, dass ungeeignete oder sogar inkompatible Betriebsmittel beschafft werden, die infolgedessen nicht eingesetzt werden können Quelle: 2.3. Fehlende, ungeeignete oder inkompatible Betriebsmittel (S). Beispielsweise kann die Kapazität der Batterien einer unterbrechungsfreien Stromversorgung (USV-Anlage) nicht rechtzeitig überprüft werden, was zu einem Stromausfall führen kann Quelle: 2.3. Fehlende, ungeeignete oder inkompatible Betriebsmittel (S).;"ORP.1.A8 Betriebsmittel- und Geräteverwaltung (S) [IT-Betrieb] Alle Geräte und Betriebsmittel, die Einfluss auf die Informationssicherheit haben und die zur Aufgabenerfüllung und zur Einhaltung der Sicherheitsanforderungen erforderlich sind, SOLLTEN in ausreichender Menge vorhanden sein. Es SOLLTE geeignete Prüf- und Genehmigungsverfahren vor Einsatz der Geräte und Betriebsmittel geben. Geräte und Betriebsmittel SOLLTEN in geeigneten Bestandsverzeichnissen aufgelistet werden. Um den Missbrauch von Daten zu verhindern, SOLLTE die zuverlässige Löschung oder Vernichtung von Geräten und Betriebsmitteln geregelt sein (siehe hierzu CON.6 Löschen und Vernichten).

2.3. Fehlende, ungeeignete oder inkompatible Betriebsmittel Wenn benötigte Betriebsmittel in zu geringer Menge vorhanden sind oder nicht termingerecht bereitgestellt werden, können in der Institution Störungen eintreten. Ebenso kann es vorkommen, dass ungeeignete oder sogar inkompatible Betriebsmittel beschafft werden, die infolgedessen nicht eingesetzt werden können. Beispiel: Der Speicherplatz von Festplatten bei Clients und Servern sowie mobiler Datenträger steigt ständig. Dabei wird häufig vergessen, IT-Komponenten und Datenträger zu beschaffen, die für eine regelmäßige Datensicherung ausreichend Kapazität bieten. Ebenso muss die Funktionsfähigkeit der eingesetzten Betriebsmittel gewährleistet sein. Wenn Wartungsarbeiten nicht oder nur unzureichend durchgeführt werden, können daraus hohe Schäden entstehen.
Beispiele:

• Die Kapazität der Batterien einer unterbrechungsfreien Stromversorgung (USV-Anlage) wurde nicht rechtzeitig überprüft. Ist die Kapazität bzw. der Säuregehalt zu gering, kann die USVAnlage einen Stromausfall nicht mehr ausreichend lange überbrücken.

• Die Feuerlöscher wurden nicht rechtzeitig gewartet und verfügen deshalb nicht mehr über einen ausreichenden Druck. Ihre Löschleistung ist somit im Brandfall nicht mehr gewährleistet.";"**Organisation**

**Fehlende oder unzureichende Regelungen**

Fehlende Regelungen können zu massiven Sicherheitslücken führen, wenn beispielsweise Mitarbeitende nicht wissen, wie sie bei Vorfällen reagieren sollen. Probleme können auch dadurch entstehen, dass Regelungen veraltet, unpraktikabel oder unverständlich formuliert sind.

Quelle: ORP.1.A1 Festlegung von Verantwortlichkeiten und Regelungen (B) [Institutionsleitung]

**Nichtbeachtung von Regelungen**

Werden Regelungen von Mitarbeitenden missachtet, können beispielsweise folgende Sicherheitslücken entstehen:

• Vertrauliche Informationen werden in Hörweite fremder Personen diskutiert, beispielsweise in Pausengesprächen von Besprechungen oder über Mobiltelefonate in öffentlichen Umgebungen.

• Dokumente werden auf einem Webserver veröffentlicht, ohne dass geprüft wurde, ob diese tatsächlich zur Veröffentlichung vorgesehen und freigegeben sind.

• Aufgrund von fehlerhaft administrierten Zugriffsrechten können Mitarbeitende Daten ändern, ohne die Brisanz dieser Integritätsverletzung einschätzen zu können.

Quelle: ORP.1.A1 Festlegung von Verantwortlichkeiten und Regelungen (B) [Institutionsleitung]

**Fehlende, ungeeignete oder inkompatible Betriebsmittel**

Wenn benötigte Betriebsmittel in zu geringer Menge vorhanden sind oder nicht termingerecht bereitgestellt werden, können in der Institution Störungen eintreten. Ebenso kann es vorkommen, dass ungeeignete oder sogar inkompatible Betriebsmittel beschafft werden, die infolgedessen nicht eingesetzt werden können.

Quelle: ORP.2.A1 Beschaffung von Betriebsmitteln (B) [Institutionsleitung]

**Gefährdung durch Institutionsfremde**

Bei Institutionsfremden kann grundsätzlich nicht vorausgesetzt werden, dass sie mit ihnen zugänglichen Informationen und der Informationstechnik entsprechend den Vorgaben der besuchten Institution umgehen.

Quelle: ORP.3.A1 Schutz vor Gefährdungen durch Institutionsfremde (B) [Institutionsleitung]

**Anschlussfragen:**

1. Wie können Institutionen sicherstellen, dass ihre Mitarbeiter die geltenden Regelungen kennen und befolgen?
2. Wie können Institutionen sicherstellen, dass sie die notwendigen Betriebsmittel in ausreichender Menge und Qualität haben?
3. Wie können Institutionen sicherstellen, dass sie ihre Informationen und Systeme vor Gefährdungen durch Institutionsfremde schützen?";"**Organisation**

**Fehlende oder unzureichende Regelungen**

Fehlende Regelungen können zu massiven Sicherheitslücken führen, wenn beispielsweise Mitarbeitende nicht wissen, wie sie bei Vorfällen reagieren sollen. Probleme können auch dadurch entstehen, dass Regelungen veraltet, unpraktikabel oder unverständlich formuliert sind.

Quelle: ORP.1.A1 Festlegung von Verantwortlichkeiten und Regelungen (B) [Institutionsleitung]

**Nichtbeachtung von Regelungen**

Werden Regelungen von Mitarbeitenden missachtet, können beispielsweise folgende Sicherheitslücken entstehen:

• Vertrauliche Informationen werden in Hörweite fremder Personen diskutiert, beispielsweise in Pausengesprächen von Besprechungen oder über Mobiltelefonate in öffentlichen Umgebungen.

• Dokumente werden auf einem Webserver veröffentlicht, ohne dass geprüft wurde, ob diese tatsächlich zur Veröffentlichung vorgesehen und freigegeben sind.

• Aufgrund von fehlerhaft administrierten Zugriffsrechten können Mitarbeitende Daten ändern, ohne die Brisanz dieser Integritätsverletzung einschätzen zu können.

Quelle: ORP.1.A1 Festlegung von Verantwortlichkeiten und Regelungen (B) [Institutionsleitung]

**Fehlende, ungeeignete oder inkompatible Betriebsmittel**

Wenn benötigte Betriebsmittel in zu geringer Menge vorhanden sind oder nicht termingerecht bereitgestellt werden, können in der Institution Störungen eintreten. Ebenso kann es vorkommen, dass ungeeignete oder sogar inkompatible Betriebsmittel beschafft werden, die infolgedessen nicht eingesetzt werden können.

Quelle: ORP.2.A1 Beschaffung von Betriebsmitteln (B) [Institutionsleitung]

**Gefährdung durch Institutionsfremde**

Bei Institutionsfremden kann grundsätzlich nicht vorausgesetzt werden, dass sie mit ihnen zugänglichen Informationen und der Informationstechnik entsprechend den Vorgaben der besuchten Institution umgehen.

Quelle: ORP.3.A1 Schutz vor Gefährdungen durch Institutionsfremde (B) [Institutionsleitung]";"1. Wie können Institutionen sicherstellen, dass ihre Mitarbeiter die geltenden Regelungen kennen und befolgen?
2. Wie können Institutionen sicherstellen, dass sie die notwendigen Betriebsmittel in ausreichender Menge und Qualität haben?
3. Wie können Institutionen sicherstellen, dass sie ihre Informationen und Systeme vor Gefährdungen durch Institutionsfremde schützen?";3;3;0.0;0.36363636363636365;0.0;0.5508745502824772;;
Wann müssen Berechtigungen entzogen werden?;"Berechtigungen MÜSSEN entzogen werden, wenn personelle Veränderungen eintreten und die Berechtigungen nicht mehr benötigt werden Quelle: ORP.4.A2 (S.?). Dies entspricht dem Prinzip der geringsten Berechtigungen und dem Erforderlichkeitsprinzip Quelle: ORP.4.A2 (S.?).

Anschlussfragen:
1. Wie werden Benutzendenkennungen und Berechtigungen im Unternehmen vergeben?
2. Was passiert, wenn Mitarbeitende Berechtigungen beantragen, die über den Standard hinausgehen?
3. Wie sollten Zugriffsberechtigungen auf Systemverzeichnisse und -dateien eingeschränkt werden?";Berechtigungen MÜSSEN entzogen werden, wenn personelle Veränderungen eintreten und die Berechtigungen nicht mehr benötigt werden Quelle: ORP.4.A2 (S.?). Dies entspricht dem Prinzip der geringsten Berechtigungen und dem Erforderlichkeitsprinzip Quelle: ORP.4.A2 (S.?).;ORP.4.A2 Einrichtung, Änderung und Entzug von Berechtigungen (B) [ITBetrieb] Benutzendenkennungen und Berechtigungen DÜRFEN NUR aufgrund des tatsächlichen Bedarfs und der Notwendigkeit zur Aufgabenerfüllung vergeben werden (Prinzip der geringsten Berechtigungen, englisch Least Privileges und Erforderlichkeitsprinzip, englisch Need-to-know). Bei personellen Veränderungen MÜSSEN die nicht mehr benötigten Benutzendenkennungen und Berechtigungen entfernt werden. Beantragen Mitarbeitende Berechtigungen, die über den Standard hinausgehen, DÜRFEN diese NUR nach zusätzlicher Begründung und Prüfung vergeben werden. Zugriffsberechtigungen auf Systemverzeichnisse und -dateien SOLLTEN restriktiv eingeschränkt werden. Alle Berechtigungen MÜSSEN über separate administrative Rollen eingerichtet werden.;"Antwort:

Berechtigungen müssen entzogen werden, wenn eine Person von Administrationsaufgaben entbunden wird. Insbesondere müssen persönliche administrative Konten gesperrt und Passwörter aller administrativen Konten geändert werden, die der Person bekannt sind (Beendigung der Tätigkeit in der IT-Administration).

Es muss geregelt werden, unter welchen Rahmenbedingungen geprüft wird, ob sich zusätzliche nicht dokumentierte administrative Rechte verschafft wurden. Diese Prüfung sollte insbesondere erfolgen, falls die Entscheidung eine Person von Administrationsaufgaben zu entbinden nicht im Einvernehmen mit der entsprechenden Person getroffen wurde (Beendigung der Tätigkeit in der IT-Administration).

Die nicht mehr benötigten Benutzendenkennungen und Berechtigungen müssen entfernt werden, wenn personelle Veränderungen auftreten (Einrichtung, Änderung und Entzug von Berechtigungen).

Quelle: Beendigung der Tätigkeit in der IT-Administration (S. 123), Einrichtung, Änderung und Entzug von Berechtigungen (S. 391)

Anschlussfragen:

1. Wie müssen Berechtigungen entzogen werden, wenn eine Person von Administrationsaufgaben entbunden wird?
2. Welche Rahmenbedingungen müssen geregelt werden, um sicherzustellen, dass zusätzliche nicht dokumentierte administrative Rechte nicht verschafft werden?
3. Wie müssen nicht mehr benötigte Benutzendenkennungen und Berechtigungen entfernt werden, wenn personelle Veränderungen auftreten?";"Antwort:

Berechtigungen müssen entzogen werden, wenn eine Person von Administrationsaufgaben entbunden wird. Insbesondere müssen persönliche administrative Konten gesperrt und Passwörter aller administrativen Konten geändert werden, die der Person bekannt sind (Beendigung der Tätigkeit in der IT-Administration).

Es muss geregelt werden, unter welchen Rahmenbedingungen geprüft wird, ob sich zusätzliche nicht dokumentierte administrative Rechte verschafft wurden. Diese Prüfung sollte insbesondere erfolgen, falls die Entscheidung eine Person von Administrationsaufgaben zu entbinden nicht im Einvernehmen mit der entsprechenden Person getroffen wurde (Beendigung der Tätigkeit in der IT-Administration).

Die nicht mehr benötigten Benutzendenkennungen und Berechtigungen müssen entfernt werden, wenn personelle Veränderungen auftreten (Einrichtung, Änderung und Entzug von Berechtigungen).

Quelle: Beendigung der Tätigkeit in der IT-Administration (S. 123), Einrichtung, Änderung und Entzug von Berechtigungen (S. 391)";"1. Wie müssen Berechtigungen entzogen werden, wenn eine Person von Administrationsaufgaben entbunden wird?
2. Welche Rahmenbedingungen müssen geregelt werden, um sicherzustellen, dass zusätzliche nicht dokumentierte administrative Rechte nicht verschafft werden?
3. Wie müssen nicht mehr benötigte Benutzendenkennungen und Berechtigungen entfernt werden, wenn personelle Veränderungen auftreten?";3;3;0.8555555555412964;1.0;1.0;0.3872943771852739;;
Weshalb sind Passwortregeln erforderlich?;"Passwortregeln sind erforderlich, um den Schutz von Passwörtern und die Sicherheit von IT-Systemen und Anwendungen zu gewährleisten. Die Institution MUSS den Passwortgebrauch verbindlich regeln, um zu verhindern, dass Passwörter leicht zu erraten sind oder in gängigen Passwortlisten geführt werden Quelle: ORP.4.A8 Regelung des Passwortgebrauchs (B) [Benutzende, IT-Betrieb] (S.73). Dies umfasst auch die Regelung, dass Passwörter nicht mehrfach verwendet werden dürfen und für jedes IT-System bzw. jede Anwendung ein eigenständiges Passwort verwendet werden muss Quelle: ORP.4.A8 Regelung des Passwortgebrauchs (B) [Benutzende, IT-Betrieb] (S.73). 

Anschlussfragen:
1. Wie oft sollten Passwörter geändert werden, wenn sie unautorisierten Personen bekannt geworden sind?
2. Was sind die Anforderungen an die Qualität von Passwörtern, um sie sicher zu machen?
3. Welche Rolle spielt ein Passwort-Manager bei der Verwaltung von Passwörtern und wie sollten sie konfiguriert werden?";Passwortregeln sind erforderlich, um den Schutz von Passwörtern und die Sicherheit von IT-Systemen und Anwendungen zu gewährleisten. Die Institution MUSS den Passwortgebrauch verbindlich regeln, um zu verhindern, dass Passwörter leicht zu erraten sind oder in gängigen Passwortlisten geführt werden Quelle: ORP.4.A8 Regelung des Passwortgebrauchs (B) [Benutzende, IT-Betrieb] (S.73). Dies umfasst auch die Regelung, dass Passwörter nicht mehrfach verwendet werden dürfen und für jedes IT-System bzw. jede Anwendung ein eigenständiges Passwort verwendet werden muss Quelle: ORP.4.A8 Regelung des Passwortgebrauchs (B) [Benutzende, IT-Betrieb] (S.73).;"ORP.4.A8 Regelung des Passwortgebrauchs (B) [Benutzende, IT-Betrieb] Die Institution MUSS den Passwortgebrauch verbindlich regeln (siehe auch ORP.4.A22 Regelung zur Passwortqualität und ORP.4.A23 Regelung für passwortverarbeitende Anwendungen und IT-Systeme). Dabei MUSS geprüft werden, ob Passwörter als alleiniges Authentisierungsverfahren eingesetzt werden sollen, oder ob andere Authentisierungsmerkmale bzw. -verfahren zusätzlich zu oder anstelle von Passwörtern verwendet werden können. Passwörter DÜRFEN NICHT mehrfach verwendet werden. Für jedes IT-System bzw. jede Anwendung MUSS ein eigenständiges Passwort verwendet werden. Passwörter, die leicht zu erraten sind oder in gängigen Passwortlisten geführt werden, DÜRFEN NICHT verwendet werden. Passwörter MÜSSEN geheim gehalten werden. Sie DÜRFEN NUR den Benutzenden persönlich bekannt sein. Passwörter DÜRFEN NUR unbeobachtet eingegeben werden. Passwörter DÜRFEN NICHT auf programmierbaren Funktionstasten von Tastaturen oder Mäusen gespeichert werden. Ein Passwort DARF NUR für eine Hinterlegung für einen Notfall schriftlich fixiert werden. Es MUSS dann sicher aufbewahrt werden. Die Nutzung eines Passwort-Managers SOLLTE geprüft werden. Bei Passwort-Managern mit Funktionen oder Plug-ins, mit denen Passwörter über Onlinedienste Dritter synchronisiert oder anderweitig an Dritte übertragen werden, MÜSSEN diese Funktionen und Plug-ins deaktiviert werden. Ein Passwort MUSS gewechselt werden, wenn es unautorisierten Personen bekannt geworden ist oder der Verdacht dazu besteht.

ORP.4.A22 Regelung zur Passwortqualität (B) [IT-Betrieb] In Abhängigkeit von Einsatzzweck und Schutzbedarf MÜSSEN sichere Passwörter geeigneter Qualität gewählt werden. Das Passwort MUSS so komplex sein, dass es nicht leicht zu erraten ist. Das Passwort DARF NICHT zu kompliziert sein, damit Benutzende in der Lage sind, das Passwort mit vertretbarem Aufwand regelmäßig zu verwenden.";"Antwort:

Um Passwörter sicher zu machen, sind Passwortregeln erforderlich. Diese Regeln MÜSSEN so komplex sein, dass sie nicht leicht zu erraten sind, aber nicht so kompliziert, dass Benutzende sie nicht regelmäßig verwenden können. Passwörter MÜSSEN mindestens 8 Zeichen lang sein und dürfen nicht mehrfach verwendet werden. Sie DÜRFEN NICHT in gängigen Passwortlisten geführt werden und MÜSSEN geheim gehalten werden.

Quelle: ORP.4.A8 (S.73)

Anforderungen:

- Passwörter MÜSSEN so komplex sein, dass sie nicht leicht zu erraten sind (ORP.4.A8 (S.73))
- Passwörter DÜRFEN NICHT zu kompliziert sein, damit Benutzende sie regelmäßig verwenden können (ORP.4.A8 (S.73))
- Passwörter MÜSSEN mindestens 8 Zeichen lang sein (ORP.4.A8 (S.73))
- Passwörter DÜRFEN NICHT mehrfach verwendet werden (ORP.4.A8 (S.73))
- Passwörter, die leicht zu erraten sind oder in gängigen Passwortlisten geführt werden, DÜRFEN NICHT verwendet werden (ORP.4.A8 (S.73))

Anschlussfragen:

1. Wie können wir sicherstellen, dass Benutzende ihre Passwörter regelmäßig ändern?
2. Welche Maßnahmen können wir ergreifen, um Passwörter vor dem Zugriff durch unautorisierte Personen zu schützen?
3. Wie können wir sicherstellen, dass Passwörter nicht in gängigen Passwortlisten geführt werden?";"Antwort:

Um Passwörter sicher zu machen, sind Passwortregeln erforderlich. Diese Regeln MÜSSEN so komplex sein, dass sie nicht leicht zu erraten sind, aber nicht so kompliziert, dass Benutzende sie nicht regelmäßig verwenden können. Passwörter MÜSSEN mindestens 8 Zeichen lang sein und dürfen nicht mehrfach verwendet werden. Sie DÜRFEN NICHT in gängigen Passwortlisten geführt werden und MÜSSEN geheim gehalten werden.

Quelle: ORP.4.A8 (S.73)

Anforderungen:

- Passwörter MÜSSEN so komplex sein, dass sie nicht leicht zu erraten sind (ORP.4.A8 (S.73))
- Passwörter DÜRFEN NICHT zu kompliziert sein, damit Benutzende sie regelmäßig verwenden können (ORP.4.A8 (S.73))
- Passwörter MÜSSEN mindestens 8 Zeichen lang sein (ORP.4.A8 (S.73))
- Passwörter DÜRFEN NICHT mehrfach verwendet werden (ORP.4.A8 (S.73))
- Passwörter, die leicht zu erraten sind oder in gängigen Passwortlisten geführt werden, DÜRFEN NICHT verwendet werden (ORP.4.A8 (S.73))";"1. Wie können wir sicherstellen, dass Benutzende ihre Passwörter regelmäßig ändern?
2. Welche Maßnahmen können wir ergreifen, um Passwörter vor dem Zugriff durch unautorisierte Personen zu schützen?
3. Wie können wir sicherstellen, dass Passwörter nicht in gängigen Passwortlisten geführt werden?";3;3;0.4428571428423809;1.0;0.625;0.675165188169603;;
Wie wird das Prinzip der minimalen Berechtigung umgesetzt?;"Das Prinzip der minimalen Berechtigung, auch bekannt als Least Privileges oder Erforderlichkeitsprinzip, wird umgesetzt, indem Benutzendenkennungen und Berechtigungen nur aufgrund des tatsächlichen Bedarfs und der Notwendigkeit zur Aufgabenerfüllung vergeben werden Quelle: ORP.4.A2 (S.?). Dies bedeutet, dass Zugriffsberechtigungen restriktiv eingeschränkt werden sollten, insbesondere auf Systemverzeichnisse und -dateien Quelle: ORP.4.A2 (S.?). Alle Berechtigungen müssen über separate administrative Rollen eingerichtet werden, um eine klare Trennung von Berechtigungen zu gewährleisten Quelle: ORP.4.A2 (S.?).

Anschlussfragen:
1. Wie werden Berechtigungen in einem Identitäts- und Berechtigungsmanagement-System verwaltet?
2. Welche Rolle spielen administrative Rollen bei der Einrichtung von Berechtigungen?
3. Wie kann ein Unternehmen sicherstellen, dass Berechtigungen nur aufgrund des tatsächlichen Bedarfs vergeben werden?";Das Prinzip der minimalen Berechtigung, auch bekannt als Least Privileges oder Erforderlichkeitsprinzip, wird umgesetzt, indem Benutzendenkennungen und Berechtigungen nur aufgrund des tatsächlichen Bedarfs und der Notwendigkeit zur Aufgabenerfüllung vergeben werden Quelle: ORP.4.A2 (S.?). Dies bedeutet, dass Zugriffsberechtigungen restriktiv eingeschränkt werden sollten, insbesondere auf Systemverzeichnisse und -dateien Quelle: ORP.4.A2 (S.?). Alle Berechtigungen müssen über separate administrative Rollen eingerichtet werden, um eine klare Trennung von Berechtigungen zu gewährleisten Quelle: ORP.4.A2 (S.?).;"ORP.4.A2 Einrichtung, Änderung und Entzug von Berechtigungen (B) [ITBetrieb] Benutzendenkennungen und Berechtigungen DÜRFEN NUR aufgrund des tatsächlichen Bedarfs und der Notwendigkeit zur Aufgabenerfüllung vergeben werden (Prinzip der geringsten Berechtigungen, englisch Least Privileges und Erforderlichkeitsprinzip, englisch Need-to-know). Bei personellen Veränderungen MÜSSEN die nicht mehr benötigten Benutzendenkennungen und Berechtigungen entfernt werden. Beantragen Mitarbeitende Berechtigungen, die über den Standard hinausgehen, DÜRFEN diese NUR nach zusätzlicher Begründung und Prüfung vergeben werden. Zugriffsberechtigungen auf Systemverzeichnisse und -dateien SOLLTEN restriktiv eingeschränkt werden. Alle Berechtigungen MÜSSEN über separate administrative Rollen eingerichtet werden.

2.3. Ungeeignete Verwaltung von Zutritts-, Zugangs- und Zugriffsrechten Wenn die Vergabe von Zutritts-, Zugangs- und Zugriffsrechten schlecht geregelt ist, führt das schnell zu gravierenden Sicherheitslücken, z. B. durch Wildwuchs in der Rechtevergabe. Bei der Einführung von Identitätsmanagement-Systemen oder Revisionen stellt sich häufig heraus, dass verschiedene Personen in unterschiedlichsten Organisationseinheiten für die Vergabe von Berechtigungen zuständig sind. Dies führt unter Umständen dazu, dass Benutzende Berechtigungen auf Zuruf erhalten oder umgekehrt nur über unnötig komplizierte Wege an diese kommen. Dadurch können einerseits fehlende Berechtigungen die tägliche Arbeit behindern, andererseits können so Berechtigungen ohne Erfordernis vergeben werden und so ein Sicherheitsrisiko darstellen.";"Antwort:

Das Prinzip der minimalen Berechtigung wird umgesetzt, indem Berechtigungen nur aufgrund des tatsächlichen Bedarfs und der Notwendigkeit zur Aufgabenerfüllung vergeben werden (Prinzip der geringsten Berechtigungen, englisch Least Privileges und Erforderlichkeitsprinzip, englisch Need-to-know). 

Administrative Zugänge MÜSSEN mit Mehr-Faktor-Authentisierung geschützt werden, um Missbrauch zu reduzieren (Quelle: APP.3.1.A1 (S.391)). 

Beantragen Mitarbeitende Berechtigungen, die über den Standard hinausgehen, DÜRFEN diese NUR nach zusätzlicher Begründung und Prüfung vergeben werden (Quelle: ORP.4.A8 (S.73)). 

Zugriffsberechtigungen auf Systemverzeichnisse und -dateien SOLLTEN restriktiv eingeschränkt werden (Quelle: ORP.4.A8 (S.73)). 

Alle Berechtigungen MÜSSEN über separate administrative Rollen eingerichtet werden (Quelle: ORP.4.A8 (S.73)).

Anschlussfragen:

1. Wie wird die Berechtigungsverwaltung in der Institution eingerichtet?
2. Welche Rolle spielt die Identitäts- und Berechtigungsverwaltung bei der Umsetzung des Prinzips der minimalen Berechtigung?
3. Wie wird die Überprüfung der Berechtigungen und die Sanktionierung von Fehlverhalten durchgeführt?";"Antwort:

Das Prinzip der minimalen Berechtigung wird umgesetzt, indem Berechtigungen nur aufgrund des tatsächlichen Bedarfs und der Notwendigkeit zur Aufgabenerfüllung vergeben werden (Prinzip der geringsten Berechtigungen, englisch Least Privileges und Erforderlichkeitsprinzip, englisch Need-to-know). 

Administrative Zugänge MÜSSEN mit Mehr-Faktor-Authentisierung geschützt werden, um Missbrauch zu reduzieren (Quelle: APP.3.1.A1 (S.391)). 

Beantragen Mitarbeitende Berechtigungen, die über den Standard hinausgehen, DÜRFEN diese NUR nach zusätzlicher Begründung und Prüfung vergeben werden (Quelle: ORP.4.A8 (S.73)). 

Zugriffsberechtigungen auf Systemverzeichnisse und -dateien SOLLTEN restriktiv eingeschränkt werden (Quelle: ORP.4.A8 (S.73)). 

Alle Berechtigungen MÜSSEN über separate administrative Rollen eingerichtet werden (Quelle: ORP.4.A8 (S.73)).";"1. Wie wird die Berechtigungsverwaltung in der Institution eingerichtet?
2. Welche Rolle spielt die Identitäts- und Berechtigungsverwaltung bei der Umsetzung des Prinzips der minimalen Berechtigung?
3. Wie wird die Überprüfung der Berechtigungen und die Sanktionierung von Fehlverhalten durchgeführt?";3;3;;;;;;
Wie muss mit Zutritts-, Zugangs- und Zugriffsrechten organisatorisch umgegangen werden?;"Mit Zutritts-, Zugangs- und Zugriffsrechten muss organisatorisch umgegangen werden, indem festgelegt wird, welche Rechte an welche Personen im Rahmen ihrer Funktion vergeben bzw. ihnen entzogen werden. Dies gilt für Zutrittsberechtigungen (ORP.4.A5), Zugangsberechtigungen (ORP.4.A6) und Zugriffsrechte (ORP.4.A7). Die Ausgabe bzw. der Entzug von Zutritts-, Zugangs- und Zugriffsmittele wie Chipkarten MUSS dokumentiert werden Quelle: ORP.4.A5 (S.x), ORP.4.A6 (S.y), ORP.4.A7 (S.z). Wenn diese Mittel kompromittiert wurden, MÜSSEN sie ausgewechselt werden Quelle: ORP.4.A5 (S.x), ORP.4.A6 (S.y), ORP.4.A7 (S.z). Die Berechtigten SOLLTEN für den korrekten Umgang mit den Mitteln geschult werden Quelle: ORP.4.A5 (S.x), ORP.4.A6 (S.y), ORP.4.A7 (S.z). 

Anschlussfragen:
1. Wie müssen Zutritts-, Zugangs- und Zugriffsrechte bei Abwesenheiten gehandhabt werden?
2. Welche Rolle spielt die Dokumentation bei der Vergabe und dem Entzug von Zutritts-, Zugangs- und Zugriffsmittele?
3. Wie sollten Personen, die Zutritts-, Zugangs- und Zugriffsrechte besitzen, auf die korrekte Verwendung der entsprechenden Mittel vorbereitet werden?";Mit Zutritts-, Zugangs- und Zugriffsrechten muss organisatorisch umgegangen werden, indem festgelegt wird, welche Rechte an welche Personen im Rahmen ihrer Funktion vergeben bzw. ihnen entzogen werden. Dies gilt für Zutrittsberechtigungen (ORP.4.A5), Zugangsberechtigungen (ORP.4.A6) und Zugriffsrechte (ORP.4.A7). Die Ausgabe bzw. der Entzug von Zutritts-, Zugangs- und Zugriffsmittele wie Chipkarten MUSS dokumentiert werden Quelle: ORP.4.A5 (S.x), ORP.4.A6 (S.y), ORP.4.A7 (S.z). Wenn diese Mittel kompromittiert wurden, MÜSSEN sie ausgewechselt werden Quelle: ORP.4.A5 (S.x), ORP.4.A6 (S.y), ORP.4.A7 (S.z). Die Berechtigten SOLLTEN für den korrekten Umgang mit den Mitteln geschult werden Quelle: ORP.4.A5 (S.x), ORP.4.A6 (S.y), ORP.4.A7 (S.z).;"ORP.4.A5 Vergabe von Zutrittsberechtigungen (B) [IT-Betrieb] Es MUSS festgelegt werden, welche Zutrittsberechtigungen an welche Personen im Rahmen ihrer Funktion vergeben bzw. ihnen entzogen werden. Die Ausgabe bzw. der Entzug von verwendeten Zutrittsmittel wie Chipkarten MUSS dokumentiert werden. Wenn Zutrittsmittel kompromittiert wurden, MÜSSEN sie ausgewechselt werden. Die Zutrittsberechtigten SOLLTEN für den korrekten Umgang mit den Zutrittsmitteln geschult werden. Bei längeren Abwesenheiten SOLLTEN berechtigte Personen vorübergehend gesperrt werden.

ORP.4.A6 Vergabe von Zugangsberechtigungen (B) [IT-Betrieb] Es MUSS festgelegt werden, welche Zugangsberechtigungen an welche Personen im Rahmen ihrer Funktion vergeben bzw. ihnen entzogen werden. Werden Zugangsmittel wie Chipkarten verwendet, so MUSS die Ausgabe bzw. der Entzug dokumentiert werden. Wenn Zugangsmittel kompromittiert wurden, MÜSSEN sie ausgewechselt werden. Die Zugangsberechtigten SOLLTEN für den korrekten Umgang mit den Zugangsmitteln geschult werden. Bei längeren Abwesenheiten SOLLTEN berechtigte Personen vorübergehend gesperrt werden.

ORP.4.A7 Vergabe von Zugriffsrechten (B) [IT-Betrieb] Es MUSS festgelegt werden, welche Zugriffsrechte an welche Personen im Rahmen ihrer Funktion vergeben bzw. ihnen entzogen werden. Werden im Rahmen der Zugriffskontrolle Chipkarten oder Token verwendet, so MUSS die Ausgabe bzw. der Entzug dokumentiert werden. Die Anwendenden SOLLTEN für den korrekten Umgang mit Chipkarten oder Token geschult werden. Bei längeren Abwesenheiten SOLLTEN berechtigte Personen vorübergehend gesperrt werden.";"Um mit Zutritts-, Zugangs- und Zugriffsrechten organisatorisch umzugehen, SOLLTEN die folgenden Anforderungen erfüllt werden:

- Zutritts-, Zugangs- und Zugriffsberechtigungen SOLLTEN sowohl für das Personal der Anbietenden von Outsourcing als auch für das Personal der Nutzenden von Outsourcing geregelt sein (ORP.4.A1).
- Die Institution SOLLTE einen Prozess zur Verwaltung von Zugängen und zugeordneten Berechtigungen für den Zugriff auf die OT etablieren (ORP.4.A2).
- Die Berechtigungsverwaltung SOLLTE den Prozess, die Durchführung und die Dokumentation für die Beantragung, Einrichtung und den Entzug von Berechtigungen umfassen (ORP.4.A2).
- Die Berechtigungsverwaltung SOLLTE gewährleisten, dass Berechtigungen nach dem Minimalprinzip vergeben und regelmäßig überprüft werden (ORP.4.A2).
- Der Zutritt zum Rechenzentrum MUSS kontrolliert werden (ORP.4.A3).
- Zutrittsrechte MÜSSEN gemäß der Vorgaben des Bausteins ORP.4 Identitäts- und Berechtigungsmanagement vergeben werden (ORP.4.A3).
- Alle Zutrittsmöglichkeiten zum Rechenzentrum MÜSSEN mit Zutrittskontrolleinrichtungen ausgestattet sein (ORP.4.A3).
- Jeder Zutritt zum Rechenzentrum MUSS von der Zutrittskontrolle individuell erfasst werden (ORP.4.A3).

Anschlussfragen:

1. Wie kann die Berechtigungsverwaltung in der Institution umgesetzt werden?
2. Welche Rolle spielt die Identitäts- und Berechtigungsmanagement bei der Zutrittskontrolle?
3. Wie kann der Zutritt zum Rechenzentrum sicher gestaltet werden?";"Um mit Zutritts-, Zugangs- und Zugriffsrechten organisatorisch umzugehen, SOLLTEN die folgenden Anforderungen erfüllt werden:

- Zutritts-, Zugangs- und Zugriffsberechtigungen SOLLTEN sowohl für das Personal der Anbietenden von Outsourcing als auch für das Personal der Nutzenden von Outsourcing geregelt sein (ORP.4.A1).
- Die Institution SOLLTE einen Prozess zur Verwaltung von Zugängen und zugeordneten Berechtigungen für den Zugriff auf die OT etablieren (ORP.4.A2).
- Die Berechtigungsverwaltung SOLLTE den Prozess, die Durchführung und die Dokumentation für die Beantragung, Einrichtung und den Entzug von Berechtigungen umfassen (ORP.4.A2).
- Die Berechtigungsverwaltung SOLLTE gewährleisten, dass Berechtigungen nach dem Minimalprinzip vergeben und regelmäßig überprüft werden (ORP.4.A2).
- Der Zutritt zum Rechenzentrum MUSS kontrolliert werden (ORP.4.A3).
- Zutrittsrechte MÜSSEN gemäß der Vorgaben des Bausteins ORP.4 Identitäts- und Berechtigungsmanagement vergeben werden (ORP.4.A3).
- Alle Zutrittsmöglichkeiten zum Rechenzentrum MÜSSEN mit Zutrittskontrolleinrichtungen ausgestattet sein (ORP.4.A3).
- Jeder Zutritt zum Rechenzentrum MUSS von der Zutrittskontrolle individuell erfasst werden (ORP.4.A3).";"1. Wie kann die Berechtigungsverwaltung in der Institution umgesetzt werden?
2. Welche Rolle spielt die Identitäts- und Berechtigungsmanagement bei der Zutrittskontrolle?
3. Wie kann der Zutritt zum Rechenzentrum sicher gestaltet werden?";3;3;0.8849999999823;0.7974683544303798;0.8888888888888888;0.6197184631762948;;
Wie wird sichergestellt, dass Passwörter nicht kompromittiert werden?;"Um sicherzustellen, dass Passwörter nicht kompromittiert werden, MUSS die Institution den Passwortgebrauch verbindlich regeln, wie in ORP.4.A8 Regelung des Passwortgebrauchs (B) [Benutzende, IT-Betrieb] beschrieben. Dazu gehören unter anderem, dass Passwörter geheim gehalten werden, nur den Benutzenden persönlich bekannt sein dürfen und unbeobachtet eingegeben werden müssen. Passwörter, die leicht zu erraten sind oder in gängigen Passwortlisten geführt werden, DÜRFEN NICHT verwendet werden. Darüber hinaus SOLLTE die Nutzung eines Passwort-Managers geprüft werden, um die Sicherheit der Passwörter zu erhöhen. Quelle: ORP.4.A8 (S.73).

Anschlussfragen:
1. Wie oft sollten Passwörter gewechselt werden, um die Sicherheit zu gewährleisten?
2. Welche Anforderungen müssen bei der Speicherung von Passwörtern in IT-Systemen oder Anwendungen beachtet werden?
3. Wie können Benutzer dazu beitragen, dass ihre Passwörter nicht kompromittiert werden?";Um sicherzustellen, dass Passwörter nicht kompromittiert werden, MUSS die Institution den Passwortgebrauch verbindlich regeln, wie in ORP.4.A8 Regelung des Passwortgebrauchs (B) [Benutzende, IT-Betrieb] beschrieben. Dazu gehören unter anderem, dass Passwörter geheim gehalten werden, nur den Benutzenden persönlich bekannt sein dürfen und unbeobachtet eingegeben werden müssen. Passwörter, die leicht zu erraten sind oder in gängigen Passwortlisten geführt werden, DÜRFEN NICHT verwendet werden. Darüber hinaus SOLLTE die Nutzung eines Passwort-Managers geprüft werden, um die Sicherheit der Passwörter zu erhöhen. Quelle: ORP.4.A8 (S.73).;"ORP.4.A8 Regelung des Passwortgebrauchs (B) [Benutzende, IT-Betrieb] Die Institution MUSS den Passwortgebrauch verbindlich regeln (siehe auch ORP.4.A22 Regelung zur Passwortqualität und ORP.4.A23 Regelung für passwortverarbeitende Anwendungen und IT-Systeme). Dabei MUSS geprüft werden, ob Passwörter als alleiniges Authentisierungsverfahren eingesetzt werden sollen, oder ob andere Authentisierungsmerkmale bzw. -verfahren zusätzlich zu oder anstelle von Passwörtern verwendet werden können. Passwörter DÜRFEN NICHT mehrfach verwendet werden. Für jedes IT-System bzw. jede Anwendung MUSS ein eigenständiges Passwort verwendet werden. Passwörter, die leicht zu erraten sind oder in gängigen Passwortlisten geführt werden, DÜRFEN NICHT verwendet werden. Passwörter MÜSSEN geheim gehalten werden. Sie DÜRFEN NUR den Benutzenden persönlich bekannt sein. Passwörter DÜRFEN NUR unbeobachtet eingegeben werden. Passwörter DÜRFEN NICHT auf programmierbaren Funktionstasten von Tastaturen oder Mäusen gespeichert werden. Ein Passwort DARF NUR für eine Hinterlegung für einen Notfall schriftlich fixiert werden. Es MUSS dann sicher aufbewahrt werden. Die Nutzung eines Passwort-Managers SOLLTE geprüft werden. Bei Passwort-Managern mit Funktionen oder Plug-ins, mit denen Passwörter über Onlinedienste Dritter synchronisiert oder anderweitig an Dritte übertragen werden, MÜSSEN diese Funktionen und Plug-ins deaktiviert werden. Ein Passwort MUSS gewechselt werden, wenn es unautorisierten Personen bekannt geworden ist oder der Verdacht dazu besteht.

ORP.4.A23 Regelung für passwortverarbeitende Anwendungen und IT-Systeme (B) [IT-Betrieb] IT-Systeme oder Anwendungen SOLLTEN NUR mit einem validen Grund zum Wechsel des Passworts auffordern. Reine zeitgesteuerte Wechsel SOLLTEN vermieden werden. Es MÜSSEN Maßnahmen ergriffen werden, um die Kompromittierung von Passwörtern zu erkennen. Ist dies nicht möglich, so SOLLTE geprüft werden, ob die Nachteile eines zeitgesteuerten Passwortwechsels in Kauf genommen werden können und Passwörter in gewissen Abständen gewechselt werden. Standardpasswörter MÜSSEN durch ausreichend starke Passwörter ersetzt werden. Vordefinierte Kennungen MÜSSEN geändert werden. Es SOLLTE sichergestellt werden, dass die mögliche Passwortlänge auch im vollen Umfang von verarbeitenden IT-Systemen geprüft wird. Nach einem Passwortwechsel DÜRFEN alte Passwörter NICHT mehr genutzt werden. Passwörter MÜSSEN so sicher wie möglich gespeichert werden. Bei Kennungen für technische Konten, Dienstkonten, Schnittstellen oder Vergleichbares SOLLTE ein Passwortwechsel sorgfältig geplant und gegebenenfalls mit den Anwendungsverantwortlichen abgestimmt werden. Bei der Authentisierung in vernetzten Systemen DÜRFEN Passwörter NICHT unverschlüsselt über unsichere Netze übertragen werden. Wenn Passwörter in einem Intranet übertragen werden, SOLLTEN sie verschlüsselt werden. Bei erfolglosen Anmeldeversuchen SOLLTEN die passwortverarbeitenden Anwendungen oder die IT-Systeme keinen Hinweis darauf geben, ob Passwort oder Kennung falsch sind.";"Um sicherzustellen, dass Passwörter nicht kompromittiert werden, müssen die folgenden Anforderungen erfüllt werden:

- **ORP.4.A22 Regelung zur Passwortqualität**: Die Institution muss den Passwortgebrauch verbindlich regeln und sicherstellen, dass Passwörter nicht leicht zu erraten sind oder in gängigen Passwortlisten geführt werden.
- **ORP.4.A23 Regelung für passwortverarbeitende Anwendungen und IT-Systeme**: Passwörter dürfen nicht mehrfach verwendet werden, und für jedes IT-System bzw. jede Anwendung muss ein eigenständiges Passwort verwendet werden.
- **ORP.4.A8 Passwortqualität**: Passwörter müssen mindestens 8 Zeichen lang sein und dürfen nicht auf programmierbaren Funktionstasten von Tastaturen oder Mäusen gespeichert werden.
- **ORP.4.A9 Geheimhaltung von Passwörtern**: Passwörter müssen geheim gehalten werden und dürfen nur dem Benutzenden persönlich bekannt sein.
- **ORP.4.A10 Unbeobachtete Eingabe von Passwörtern**: Passwörter dürfen nur unbeobachtet eingegeben werden.
- **ORP.4.A11 Sichere Speicherung von Passwörtern**: Passwörter dürfen nicht auf programmierbaren Funktionstasten von Tastaturen oder Mäusen gespeichert werden.
- **ORP.4.A12 Passwortwechsel**: Ein Passwort muss gewechselt werden, wenn es unautorisierten Personen bekannt geworden ist oder der Verdacht dazu besteht.

Um die Sicherheit von Passwörtern zu gewährleisten, sollten auch die folgenden Anforderungen erfüllt werden:

- **APP.3.1.A1 Festlegung von Verantwortlichkeiten und Regelungen**: Die Institution muss die Verantwortlichkeiten und Regelungen für die Passwortverwaltung festlegen.
- **APP.3.2.A1 Festlegung von Verantwortlichkeiten und Regelungen**: Die Institution muss die Verantwortlichkeiten und Regelungen für die Passwortverwaltung festlegen.
- **APP.3.3.A1 Festlegung von Verantwortlichkeiten und Regelungen**: Die Institution muss die Verantwortlichkeiten und Regelungen für die Passwortverwaltung festlegen.

Anschlussfragen:

1. Wie kann die Institution sicherstellen, dass Passwörter nicht kompromittiert werden, wenn sie in einem Intranet übertragen werden?
2. Wie kann die Institution sicherstellen, dass Passwörter nicht kompromittiert werden, wenn sie in einem unsicheren Netzwerk übertragen werden?
3. Wie kann die Institution sicherstellen, dass Passwörter nicht kompromittiert werden, wenn sie in einem System mit einer unsicheren Authentifizierungsmechanismus verwendet werden?";"Um sicherzustellen, dass Passwörter nicht kompromittiert werden, müssen die folgenden Anforderungen erfüllt werden:

- **ORP.4.A22 Regelung zur Passwortqualität**: Die Institution muss den Passwortgebrauch verbindlich regeln und sicherstellen, dass Passwörter nicht leicht zu erraten sind oder in gängigen Passwortlisten geführt werden.
- **ORP.4.A23 Regelung für passwortverarbeitende Anwendungen und IT-Systeme**: Passwörter dürfen nicht mehrfach verwendet werden, und für jedes IT-System bzw. jede Anwendung muss ein eigenständiges Passwort verwendet werden.
- **ORP.4.A8 Passwortqualität**: Passwörter müssen mindestens 8 Zeichen lang sein und dürfen nicht auf programmierbaren Funktionstasten von Tastaturen oder Mäusen gespeichert werden.
- **ORP.4.A9 Geheimhaltung von Passwörtern**: Passwörter müssen geheim gehalten werden und dürfen nur dem Benutzenden persönlich bekannt sein.
- **ORP.4.A10 Unbeobachtete Eingabe von Passwörtern**: Passwörter dürfen nur unbeobachtet eingegeben werden.
- **ORP.4.A11 Sichere Speicherung von Passwörtern**: Passwörter dürfen nicht auf programmierbaren Funktionstasten von Tastaturen oder Mäusen gespeichert werden.
- **ORP.4.A12 Passwortwechsel**: Ein Passwort muss gewechselt werden, wenn es unautorisierten Personen bekannt geworden ist oder der Verdacht dazu besteht.

Um die Sicherheit von Passwörtern zu gewährleisten, sollten auch die folgenden Anforderungen erfüllt werden:

- **APP.3.1.A1 Festlegung von Verantwortlichkeiten und Regelungen**: Die Institution muss die Verantwortlichkeiten und Regelungen für die Passwortverwaltung festlegen.
- **APP.3.2.A1 Festlegung von Verantwortlichkeiten und Regelungen**: Die Institution muss die Verantwortlichkeiten und Regelungen für die Passwortverwaltung festlegen.
- **APP.3.3.A1 Festlegung von Verantwortlichkeiten und Regelungen**: Die Institution muss die Verantwortlichkeiten und Regelungen für die Passwortverwaltung festlegen.";"1. Wie kann die Institution sicherstellen, dass Passwörter nicht kompromittiert werden, wenn sie in einem Intranet übertragen werden?
2. Wie kann die Institution sicherstellen, dass Passwörter nicht kompromittiert werden, wenn sie in einem unsicheren Netzwerk übertragen werden?
3. Wie kann die Institution sicherstellen, dass Passwörter nicht kompromittiert werden, wenn sie in einem System mit einer unsicheren Authentifizierungsmechanismus verwendet werden?";3;3;0.7545918367239141;1.0;0.9166666666666666;0.7120803152072528;;
Wie kann ein zentrales Identitätsmanagement organisatorische Risiken reduzieren?;"Ein zentrales Identitätsmanagement kann organisatorische Risiken reduzieren, indem es eine einheitliche und zentrale Verwaltung von Benutzerkonten und Berechtigungen ermöglicht. Durch den Einsatz eines zentralen netzbasierten Authentisierungsdienstes kann die Verwaltung von Konten und Berechtigungen vereinfacht werden, was zu einer besseren Übersicht und Kontrolle über die Zugänge führt Quelle: ORP.4.A18 (S). Dies kann insbesondere bei der Deaktivierung von Konten bei Ausscheiden von Mitarbeitenden oder bei Sicherheitsvorfällen hilfreich sein, da alle Konten eines Benutzers zentral deaktiviert werden können Quelle: 2.2. Fehlende zentrale Deaktivierungsmöglichkeit von Konten. 

Anschlussfragen:
1. Wie kann ein zentrales Identitätsmanagement die Sicherheit von IT-Systemen verbessern?
2. Welche Rolle spielt der IT-Betrieb bei der Implementierung eines zentralen Identitätsmanagements?
3. Wie können institutionen die Einführung eines zentralen Identitätsmanagements planen und umsetzen?";Ein zentrales Identitätsmanagement kann organisatorische Risiken reduzieren, indem es eine einheitliche und zentrale Verwaltung von Benutzerkonten und Berechtigungen ermöglicht. Durch den Einsatz eines zentralen netzbasierten Authentisierungsdienstes kann die Verwaltung von Konten und Berechtigungen vereinfacht werden, was zu einer besseren Übersicht und Kontrolle über die Zugänge führt Quelle: ORP.4.A18 (S). Dies kann insbesondere bei der Deaktivierung von Konten bei Ausscheiden von Mitarbeitenden oder bei Sicherheitsvorfällen hilfreich sein, da alle Konten eines Benutzers zentral deaktiviert werden können Quelle: 2.2. Fehlende zentrale Deaktivierungsmöglichkeit von Konten.;"ORP.4.A18 Einsatz eines zentralen Authentisierungsdienstes (S) [IT-Betrieb] Um ein zentrales Identitäts- und Berechtigungsmanagement aufzubauen, SOLLTE ein zentraler netzbasierter Authentisierungsdienst eingesetzt werden. Der Einsatz eines zentralen netzbasierten Authentisierungsdienstes SOLLTE sorgfältig geplant werden. Dazu SOLLTEN die Sicherheitsanforderungen dokumentiert werden, die für die Auswahl eines solchen Dienstes relevant sind.

2.2. Fehlende zentrale Deaktivierungsmöglichkeit von Konten In Institutionen haben Mitarbeitende oft Konten für diversen IT-Systemen, wie Produktiv-, Test-, Qualitätssicherungs- oder Projekt-Systeme. Diese befinden sich meist in unterschiedlichen Zuständigkeitsbereichen und werden oft von unterschiedlichen Administrierenden verwaltet. Das führt unter Umständen dazu, dass nicht auf allen IT-Systemen eine gleiche und eindeutige Kennung verwendet wird und es auch keine zentrale Übersicht über die Konten auf den einzelnen IT-Systemen gibt. In einem solchen Szenario ist es nicht möglich, bei einem Angriff oder einem Passwortdiebstahl in einem Arbeitsschritt alle Konten der betroffenen Mitarbeitenden zu deaktivieren. Auch können in diesem Szenario bei Ausscheiden von Mitarbeitenden aus der Institution nicht in einem Arbeitsschritt alle Zugänge gesperrt werden.";"Antwort:

Ein zentrales Identitätsmanagement kann organisatorische Risiken reduzieren, indem es die Verwaltung von Identitäten, Berechtigungen und Zugriffsrechten standardisiert und sicherstellt. Dies kann durch die Implementierung von Prozessen wie der Handhabung und Schutz von Zertifikaten, der Prüfung, Sperre und Löschung von nicht mehr genutzten Identitäten und der Definition von Prozessen und Schnittstellen zur Sperrung einer Identität erreicht werden.

Um organisatorische Risiken zu reduzieren, sollten Institutionen die folgenden Anforderungen erfüllen:

- ORP.1.A1 Festlegung von Verantwortlichkeiten und Regelungen (B) [Institutionsleitung]
- ORP.4.A8 Verwaltung von Identitäten (B) [IT-Abteilung]
- APP.3.1.A1 Handhabung und Schutz von Zertifikaten (B) [IT-Abteilung]
- APP.3.2.A1 Prüfung, Sperre und Löschung von nicht mehr genutzten Identitäten (B) [IT-Abteilung]

Diese Anforderungen stellen sicher, dass Identitäten, die via NAC einen Zugang zum Netz der Institution ermöglichen, geeignet geschützt und verwaltet werden.

Quelle: ORP.1.A1 (S. 11), ORP.4.A8 (S. 73), APP.3.1.A1 (S. 391), APP.3.2.A1 (S. 392)

Anschlussfragen:

1. Wie kann ein zentrales Identitätsmanagement die Risiken von Fehlverhalten von Mitarbeitenden reduzieren?
2. Welche Rolle spielt die Identitäts- und Berechtigungsverwaltung bei der Reduzierung organisatorischer Risiken?
3. Wie kann ein zentrales Identitätsmanagement die Sicherheit von Identitäten und Zugriffsrechten verbessern?";"Antwort:

Ein zentrales Identitätsmanagement kann organisatorische Risiken reduzieren, indem es die Verwaltung von Identitäten, Berechtigungen und Zugriffsrechten standardisiert und sicherstellt. Dies kann durch die Implementierung von Prozessen wie der Handhabung und Schutz von Zertifikaten, der Prüfung, Sperre und Löschung von nicht mehr genutzten Identitäten und der Definition von Prozessen und Schnittstellen zur Sperrung einer Identität erreicht werden.

Um organisatorische Risiken zu reduzieren, sollten Institutionen die folgenden Anforderungen erfüllen:

- ORP.1.A1 Festlegung von Verantwortlichkeiten und Regelungen (B) [Institutionsleitung]
- ORP.4.A8 Verwaltung von Identitäten (B) [IT-Abteilung]
- APP.3.1.A1 Handhabung und Schutz von Zertifikaten (B) [IT-Abteilung]
- APP.3.2.A1 Prüfung, Sperre und Löschung von nicht mehr genutzten Identitäten (B) [IT-Abteilung]

Diese Anforderungen stellen sicher, dass Identitäten, die via NAC einen Zugang zum Netz der Institution ermöglichen, geeignet geschützt und verwaltet werden.

Quelle: ORP.1.A1 (S. 11), ORP.4.A8 (S. 73), APP.3.1.A1 (S. 391), APP.3.2.A1 (S. 392)";"1. Wie kann ein zentrales Identitätsmanagement die Risiken von Fehlverhalten von Mitarbeitenden reduzieren?
2. Welche Rolle spielt die Identitäts- und Berechtigungsverwaltung bei der Reduzierung organisatorischer Risiken?
3. Wie kann ein zentrales Identitätsmanagement die Sicherheit von Identitäten und Zugriffsrechten verbessern?";3;3;0.9999999999;0.5;0.0;0.7234732397547321;;
Welche zusätzlichen Maßnahmen gelten für Konten mit weitreichenden Berechtigungen?;"Für Konten mit weitreichenden Berechtigungen gelten zusätzliche Maßnahmen, um deren Sicherheit zu gewährleisten. Benutzendenkennungen mit weitreichenden Berechtigungen SOLLTEN mit einer Mehr-Faktor-Authentisierung, z. B. mit kryptografischen Zertifikaten, Chipkarten oder Token, geschützt werden Quelle: ORP.4.A10 (S). Dies bedeutet, dass neben dem üblichen Passwort noch ein weiteres Authentifizierungsmittel erforderlich ist, um den Zugriff auf sensible Ressourcen zu sichern Quelle: ORP.4.A21 (H). 

Anschlussfragen:
1. Wie funktioniert die Mehr-Faktor-Authentisierung in der Praxis?
2. Welche Arten von Token oder Chipkarten können für die Mehr-Faktor-Authentisierung verwendet werden?
3. Wie werden die Anforderungen für das Identitäts- und Berechtigungsmanagement in Bezug auf Betriebssysteme oder Verzeichnisdienste gehandhabt?";Für Konten mit weitreichenden Berechtigungen gelten zusätzliche Maßnahmen, um deren Sicherheit zu gewährleisten. Benutzendenkennungen mit weitreichenden Berechtigungen SOLLTEN mit einer Mehr-Faktor-Authentisierung, z. B. mit kryptografischen Zertifikaten, Chipkarten oder Token, geschützt werden Quelle: ORP.4.A10 (S). Dies bedeutet, dass neben dem üblichen Passwort noch ein weiteres Authentifizierungsmittel erforderlich ist, um den Zugriff auf sensible Ressourcen zu sichern Quelle: ORP.4.A21 (H).;"ORP.4.A10 Schutz von Benutzendenkennungen mit weitreichenden Berechtigungen (S) [IT-Betrieb] Benutzendenkennungen mit weitreichenden Berechtigungen SOLLTEN mit einer Mehr-FaktorAuthentisierung, z. B. mit kryptografischen Zertifikaten, Chipkarten oder Token, geschützt werden.

ORP.4.A21 Mehr-Faktor-Authentisierung (H) [IT-Betrieb] Es SOLLTE eine sichere Mehr-Faktor-Authentisierung, z. B. mit kryptografischen Zertifikaten, Chipkarten oder Token, zur Authentisierung verwendet werden.";"Antwort:

Für Konten mit weitreichenden Berechtigungen gelten folgende zusätzlichen Maßnahmen:

- Diese Konten MÜSSEN Mitglied der Gruppe „Protected Users“ / „Geschütze Benutzer“ sein (Quelle: APP.3.1.A1 (S.391)).
- Die Berechtigungen dieser Konten SOLLTEN auf das notwendige Minimum reduziert werden (Quelle: APP.3.2 (S.392)).
- Die Konten von Dienste-Administrierenden SOLLTEN ausschließlich von Mitgliedern der Gruppe der Dienste-Administrierenden verwaltet werden (Quelle: APP.3.3 (S.393)).
- Bevor Konten vordefinierten AD-DS-Gruppen hinzugefügt werden, SOLLTE geprüft werden, ob alle der Gruppe zugehörigen Rechte für die mit den Konten verbundenen Tätigkeiten erforderlich sind (Quelle: APP.3.4 (S.394)).

Anschlussfragen:

1. Wie können die Berechtigungen von Konten mit weitreichenden Berechtigungen regelmäßig überprüft werden?
2. Welche Rolle spielen die Gruppen „Schema-Admins“ / „Schema-Administratoren“ und „Enterprise Admins“ / „Organisations-Administratoren“ bei der Verwaltung von Konten mit weitreichenden Berechtigungen?
3. Wie können die Konten von Dienste-Administrierenden sicher verwaltet werden, um Missbrauch zu verhindern?";"Antwort:

Für Konten mit weitreichenden Berechtigungen gelten folgende zusätzlichen Maßnahmen:

- Diese Konten MÜSSEN Mitglied der Gruppe „Protected Users“ / „Geschütze Benutzer“ sein (Quelle: APP.3.1.A1 (S.391)).
- Die Berechtigungen dieser Konten SOLLTEN auf das notwendige Minimum reduziert werden (Quelle: APP.3.2 (S.392)).
- Die Konten von Dienste-Administrierenden SOLLTEN ausschließlich von Mitgliedern der Gruppe der Dienste-Administrierenden verwaltet werden (Quelle: APP.3.3 (S.393)).
- Bevor Konten vordefinierten AD-DS-Gruppen hinzugefügt werden, SOLLTE geprüft werden, ob alle der Gruppe zugehörigen Rechte für die mit den Konten verbundenen Tätigkeiten erforderlich sind (Quelle: APP.3.4 (S.394)).";"1. Wie können die Berechtigungen von Konten mit weitreichenden Berechtigungen regelmäßig überprüft werden?
2. Welche Rolle spielen die Gruppen „Schema-Admins“ / „Schema-Administratoren“ und „Enterprise Admins“ / „Organisations-Administratoren“ bei der Verwaltung von Konten mit weitreichenden Berechtigungen?
3. Wie können die Konten von Dienste-Administrierenden sicher verwaltet werden, um Missbrauch zu verhindern?";3;3;0.629523809511219;0.74;0.5;0.6102267564312305;;
Warum ist eine Dokumentation der Anforderungen notwendig?;"Eine Dokumentation der Anforderungen ist notwendig, um sicherzustellen, dass alle gesetzlichen, vertraglichen und sonstigen Vorgaben mit Auswirkungen auf das Informationssicherheitsmanagement identifiziert und auf dem aktuellen Stand gehalten werden. Dies ermöglicht es, die relevanten Anforderungen bei der Planung und Konzeption von Geschäftsprozessen, Anwendungen und IT-Systemen oder bei der Beschaffung neuer Komponenten zu berücksichtigen. Quelle: ORP.5.A1 (S. nicht spezifiziert).

Durch die Dokumentation kann sichergestellt werden, dass Führungskräfte, die eine rechtliche Verantwortung für die Institution tragen, für die Einhaltung der gesetzlichen, vertraglichen und sonstigen Vorgaben sorgen. Quelle: ORP.5.A2 (S. nicht spezifiziert).

Anschlussfragen:
1. Wie werden die gesetzlichen, vertraglichen und sonstigen Vorgaben im Baustein ORP.5 identifiziert und dokumentiert?
2. Welche Rolle spielen Führungskräfte bei der Einhaltung der gesetzlichen, vertraglichen und sonstigen Vorgaben im Rahmen des Informationssicherheitsmanagements?
3. Wie werden Verstöße gegen relevante Anforderungen im Baustein ORP.5 behandelt und korrigiert?";"Eine Dokumentation der Anforderungen ist notwendig, um sicherzustellen, dass alle gesetzlichen, vertraglichen und sonstigen Vorgaben mit Auswirkungen auf das Informationssicherheitsmanagement identifiziert und auf dem aktuellen Stand gehalten werden. Dies ermöglicht es, die relevanten Anforderungen bei der Planung und Konzeption von Geschäftsprozessen, Anwendungen und IT-Systemen oder bei der Beschaffung neuer Komponenten zu berücksichtigen. Quelle: ORP.5.A1 (S. nicht spezifiziert).

Durch die Dokumentation kann sichergestellt werden, dass Führungskräfte, die eine rechtliche Verantwortung für die Institution tragen, für die Einhaltung der gesetzlichen, vertraglichen und sonstigen Vorgaben sorgen. Quelle: ORP.5.A2 (S. nicht spezifiziert).";"ORP.5.A1 Identifikation der Rahmenbedingungen (B) [Zentrale Verwaltung, Institutionsleitung] Alle gesetzlichen, vertraglichen und sonstigen Vorgaben mit Auswirkungen auf das Informationssicherheitsmanagement MÜSSEN identifiziert und dokumentiert werden. Die für die einzelnen Bereiche der Institution relevanten gesetzlichen, vertraglichen und sonstigen Vorgaben SOLLTEN in einer strukturierten Übersicht herausgearbeitet werden. Die Dokumentation MUSS auf dem aktuellen Stand gehalten werden.

ORP.5.A2 Beachtung der Rahmenbedingungen (B) [Vorgesetzte, Zentrale Verwaltung, Institutionsleitung] Die als sicherheitsrelevant identifizierten Anforderungen MÜSSEN bei der Planung und Konzeption von Geschäftsprozessen, Anwendungen und IT-Systemen oder bei der Beschaffung neuer Komponenten einfließen. Führungskräfte, die eine rechtliche Verantwortung für die Institution tragen, MÜSSEN für die Einhaltung der gesetzlichen, vertraglichen und sonstigen Vorgaben sorgen. Die Verantwortlichkeiten und Zuständigkeiten für die Einhaltung dieser Vorgaben MÜSSEN festgelegt sein. Es MÜSSEN geeignete Maßnahmen identifiziert und umgesetzt werden, um Verstöße gegen relevante Anforderungen zu vermeiden. Wenn solche Verstöße erkannt werden, MÜSSEN sachgerechte Korrekturmaßnahmen ergriffen werden, um die Abweichungen zu beheben.";"Antwort:

Die Dokumentation der Anforderungen ist notwendig, um sicherzustellen, dass alle relevanten Informationen und Entscheidungen nachvollziehbar sind. Insbesondere bei der Software-Entwicklung SOLLTE eine umfassende Dokumentation erstellt werden, die die Sicherheitsanforderungen, die Software-Architektur und die Bedrohungsmodellierung umfasst. Dies ermöglicht es, getroffene Entscheidungen nachzuvollziehen, Handlungen zu wiederholen und Managementsysteme zu überprüfen und zu zertifizieren.

Die Dokumentation SOLLTE auch die IT-Administrationstätigkeiten nachvollziehbar dokumentieren, einschließlich der Änderungen, die erfolgten, wann sie erfolgten, wer sie durchgeführt hat und auf welcher Grundlage sie erfolgten. Dies ist wichtig, um sicherzustellen, dass die IT-Administrationstätigkeiten ordnungsgemäß dokumentiert und überprüft werden.

Quelle: APP.3.1.A1 (S.391), ORP.4.A8 (S.73)

Anschlussfragen:

1. Wie kann die Dokumentation der Anforderungen in der Software-Entwicklung optimiert werden?
2. Welche Rolle spielt die Dokumentation bei der Überprüfung und Zertifizierung von Managementsystemen?
3. Wie kann der Zugriff auf die Dokumentation der IT-Administrationstätigkeiten gewährleistet werden?";"Antwort:

Die Dokumentation der Anforderungen ist notwendig, um sicherzustellen, dass alle relevanten Informationen und Entscheidungen nachvollziehbar sind. Insbesondere bei der Software-Entwicklung SOLLTE eine umfassende Dokumentation erstellt werden, die die Sicherheitsanforderungen, die Software-Architektur und die Bedrohungsmodellierung umfasst. Dies ermöglicht es, getroffene Entscheidungen nachzuvollziehen, Handlungen zu wiederholen und Managementsysteme zu überprüfen und zu zertifizieren.

Die Dokumentation SOLLTE auch die IT-Administrationstätigkeiten nachvollziehbar dokumentieren, einschließlich der Änderungen, die erfolgten, wann sie erfolgten, wer sie durchgeführt hat und auf welcher Grundlage sie erfolgten. Dies ist wichtig, um sicherzustellen, dass die IT-Administrationstätigkeiten ordnungsgemäß dokumentiert und überprüft werden.

Quelle: APP.3.1.A1 (S.391), ORP.4.A8 (S.73)";"1. Wie kann die Dokumentation der Anforderungen in der Software-Entwicklung optimiert werden?
2. Welche Rolle spielt die Dokumentation bei der Überprüfung und Zertifizierung von Managementsystemen?
3. Wie kann der Zugriff auf die Dokumentation der IT-Administrationstätigkeiten gewährleistet werden?";3;3;0.0;1.0;0.4;0.7730534617475475;;
Welche Gefährdungen entstehen bei fehlendem Compliance Management?;"Bei fehlendem Compliance Management können verschiedene Gefährdungen entstehen. Dazu gehören Verstöße gegen rechtliche Vorgaben, unzulässige Weitergabe von Informationen, unzureichende Identifikationsprüfung von Kommunikationspartnern und unbeabsichtigte Weitergabe interner Informationen. 

Verstöße gegen rechtliche Vorgaben können durch fehlerhafte oder unvollständige Umsetzung von Informationssicherheit entstehen, wodurch Institutionen gegen gesetzliche Regelungen oder vertragliche Vereinbarungen verstoßen können Quelle: 2.1. Verstoß gegen rechtliche Vorgaben. 

Unzulässige Weitergabe von Informationen kann durch falsches Verhalten von Mitarbeitenden erfolgen, beispielsweise durch das Diskutieren vertraulicher Informationen in öffentlichen Umgebungen Quelle: 2.2. Unzulässige Weitergabe von Informationen. 

Unzureichende Identifikationsprüfung von Kommunikationspartnern kann dazu führen, dass Mitarbeitende bereit sind, mehr Informationen preiszugeben, als sie es in anderen Situationen tun würden Quelle: 2.3. Unzureichende Identifikationsprüfung von Kommunikationspartnern und -partnerinnen. 

Schließlich kann die unbeabsichtigte Weitergabe interner Informationen durch die versehentliche Übermittlung von vertraulichen Informationen oder die Weitergabe von falschen Daten an falsche Empfänger erfolgen Quelle: 2.4. Unbeabsichtigte Weitergabe interner Informationen.

Anschlussfragen:
1. Wie können Institutionen die Einhaltung rechtlicher Vorgaben sicherstellen?
2. Welche Maßnahmen können ergriffen werden, um unzulässige Weitergabe von Informationen zu verhindern?
3. Wie kann die Identifikationsprüfung von Kommunikationspartnern verbessert werden, um die Sicherheit von Informationen zu erhöhen?";"Bei fehlendem Compliance Management können verschiedene Gefährdungen entstehen. Dazu gehören Verstöße gegen rechtliche Vorgaben, unzulässige Weitergabe von Informationen, unzureichende Identifikationsprüfung von Kommunikationspartnern und unbeabsichtigte Weitergabe interner Informationen. 

Verstöße gegen rechtliche Vorgaben können durch fehlerhafte oder unvollständige Umsetzung von Informationssicherheit entstehen, wodurch Institutionen gegen gesetzliche Regelungen oder vertragliche Vereinbarungen verstoßen können Quelle: 2.1. Verstoß gegen rechtliche Vorgaben. 

Unzulässige Weitergabe von Informationen kann durch falsches Verhalten von Mitarbeitenden erfolgen, beispielsweise durch das Diskutieren vertraulicher Informationen in öffentlichen Umgebungen Quelle: 2.2. Unzulässige Weitergabe von Informationen. 

Unzureichende Identifikationsprüfung von Kommunikationspartnern kann dazu führen, dass Mitarbeitende bereit sind, mehr Informationen preiszugeben, als sie es in anderen Situationen tun würden Quelle: 2.3. Unzureichende Identifikationsprüfung von Kommunikationspartnern und -partnerinnen. 

Schließlich kann die unbeabsichtigte Weitergabe interner Informationen durch die versehentliche Übermittlung von vertraulichen Informationen oder die Weitergabe von falschen Daten an falsche Empfänger erfolgen Quelle: 2.4. Unbeabsichtigte Weitergabe interner Informationen.";"2.1. Verstoß gegen rechtliche Vorgaben Wird Informationssicherheit fehlerhaft oder nur spärlich umgesetzt, können Institutionen gegen gesetzliche Regelungen oder vertragliche Vereinbarungen verstoßen. Institutionen müssen außerdem viele verschiedene branchenspezifische, nationale und internationale rechtliche Rahmenbedingungen beachten. Da dies sehr komplex sein kann, können Anwendende unabsichtlich gegen rechtliche Vorgaben verstoßen oder dies sogar vorsätzlich in Kauf nehmen. So bieten z. B. viele CloudDienstleistende ihre Services in einem internationalen Umfeld an. Damit unterliegen die Anbietenden oft anderen nationalen Gesetzgebungen. Häufig sehen Cloud-Anwendende nur auf niedrige Kosten und schätzen die zu beachtenden rechtlichen Rahmenbedingungen, wie Datenschutz, Informationspflichten, Insolvenzrecht, Haftung oder den Informationszugriff durch Dritte, falsch ein.

2.2. Unzulässige Weitergabe von Informationen Durch falsches Verhalten von Mitarbeitenden kann es dazu kommen, dass schützenswerte Informationen unzulässig weitergegeben werden. So können beispielsweise vertrauliche Informationen in Hörweite fremder Personen diskutiert werden, etwa in Pausengesprächen von Konferenzen oder über Mobiltelefonate in öffentlichen Umgebungen. Ebenso denkbar ist, dass der oder die Vorgesetzte einer Fachabteilung Mitarbeitende verdächtigt, mit der Konkurrenz zusammenzuarbeiten. Um ihm dies nachzuweisen, bittet er oder sie den IT-Betrieb, „auf dem kleinen Dienstweg“ einen Einblick in die E-Mails dieser Mitarbeitenden zu erhalten. Der IT-Betrieb kommt der Bitte nach, ohne die hierfür notwendigen Zustimmungen einzuholen.

2.3. Unzureichende Identifikationsprüfung von Kommunikationspartnern und -partnerinnen In persönlichen Gesprächen, am Telefon oder auch in E-Mails sind viele Mitarbeitende bereit, weit mehr Informationen preiszugeben, als sie das in z. B. in einem Brief oder in größerer Runde tun würden. Darüber hinaus wird die Identität der Kommunikationspartner und -partnerinnen in der Regel nicht hinterfragt, da dies als unhöflich empfunden wird. Ebenso werden häufig Berechtigungen nicht ausreichend geprüft, sondern aus der (behaupteten) Rolle implizit abgeleitet. So können Mitarbeitende eine E-Mail von angeblichen Bekannten ihrer Vorgesetzten erhalten, mit der vermeintlich die schnelle Überweisung eines ausstehenden Betrages vereinbart wurde. Oder eine fremde Person in Arbeitskleidung mit Montagekoffer erhält Zutritt zum Rechenzentrum, nachdem er etwas von ""Wasserrohren"" erwähnt.

2.4. Unbeabsichtigte Weitergabe interner Informationen Bei der Weitergabe von Informationen kommt es immer wieder vor, dass neben den gewünschten Inhalten versehentlich auch andere Angaben übermittelt werden. Dadurch können vertrauliche Informationen in die falschen Hände geraten. Dabei kann es sich z. B. um alte Dateien oder Restinformationen auf weitergegebenen Datenträgern handeln. Auch könnten Benutzende falsche Daten übermitteln oder sie an falsche Empfänger versenden.";"**Gefährdungen durch fehlendes Compliance Management**

Fehlendes Compliance Management kann zu verschiedenen Gefährdungen führen, darunter:

1. **Nichtbeachtung von Sicherheitsregeln**: Wenn Sicherheitsregeln nicht beachtet werden, können Sicherheitslücken entstehen, die zu Vertraulichkeitsverletzungen, Integritätsverletzungen und Verfügbarkeitsverletzungen führen.
2. **Unzureichende Sensibilisierung für Informationssicherheit**: Wenn Mitarbeitende nicht ausreichend sensibilisiert werden, können sie nicht erkennen, wie wichtig es ist, Sicherheitsregeln zu beachten, und können daher Sicherheitslücken schaffen.
3. **Unwirksame Aktivitäten zur Sensibilisierung und Schulung**: Wenn Aktivitäten zur Sensibilisierung und Schulung nicht wirksam sind, können sie nicht dazu beitragen, dass Mitarbeitende Sicherheitsregeln beachten.
4. **Nichtbeachtung von Sicherheitsmaßnahmen**: Wenn Sicherheitsmaßnahmen nicht beachtet werden, können Sicherheitslücken entstehen, die zu Vertraulichkeitsverletzungen, Integritätsverletzungen und Verfügbarkeitsverletzungen führen.
5. **Sorglosigkeit im Umgang mit Informationen**: Wenn Informationen nicht sorgfältig behandelt werden, können sie vertraulich sein und zu Vertraulichkeitsverletzungen führen.
6. **Fehlende Akzeptanz von Informationssicherheitsvorgaben**: Wenn Mitarbeitende nicht akzeptieren, dass Sicherheitsvorgaben beachtet werden müssen, können sie Sicherheitslücken schaffen.
7. **Social Engineering**: Wenn Mitarbeitende nicht ausreichend sensibilisiert werden, können sie Opfer von Social-Engineering-Angriffen werden und Sicherheitslücken schaffen.
8. **Fehlende oder unzureichende Regelungen**: Wenn Regelungen fehlen oder unzureichend sind, können Sicherheitslücken entstehen, die zu Vertraulichkeitsverletzungen, Integritätsverletzungen und Verfügbarkeitsverletzungen führen.
9. **Nichtbeachtung von Regelungen**: Wenn Regelungen nicht beachtet werden, können Sicherheitslücken entstehen, die zu Vertraulichkeitsverletzungen, Integritätsverletzungen und Verfügbarkeitsverletzungen führen.
10. **Gefährdung durch Institutionsfremde**: Wenn Institutionsfremde nicht ausreichend kontrolliert werden, können sie Sicherheitslücken schaffen und zu Vertraulichkeitsverletzungen, Integritätsverletzungen und Verfügbarkeitsverletzungen führen.

**Anschlussfragen:**

1. Wie kann ein effektives Compliance-Management-System implementiert werden?
2. Welche Rolle spielen Sensibilisierung und Schulung bei der Verhinderung von Sicherheitslücken?
3. Wie kann die Akzeptanz von Informationssicherheitsvorgaben bei Mitarbeitenden gefördert werden?";"**Gefährdungen durch fehlendes Compliance Management**

Fehlendes Compliance Management kann zu verschiedenen Gefährdungen führen, darunter:

1. **Nichtbeachtung von Sicherheitsregeln**: Wenn Sicherheitsregeln nicht beachtet werden, können Sicherheitslücken entstehen, die zu Vertraulichkeitsverletzungen, Integritätsverletzungen und Verfügbarkeitsverletzungen führen.
2. **Unzureichende Sensibilisierung für Informationssicherheit**: Wenn Mitarbeitende nicht ausreichend sensibilisiert werden, können sie nicht erkennen, wie wichtig es ist, Sicherheitsregeln zu beachten, und können daher Sicherheitslücken schaffen.
3. **Unwirksame Aktivitäten zur Sensibilisierung und Schulung**: Wenn Aktivitäten zur Sensibilisierung und Schulung nicht wirksam sind, können sie nicht dazu beitragen, dass Mitarbeitende Sicherheitsregeln beachten.
4. **Nichtbeachtung von Sicherheitsmaßnahmen**: Wenn Sicherheitsmaßnahmen nicht beachtet werden, können Sicherheitslücken entstehen, die zu Vertraulichkeitsverletzungen, Integritätsverletzungen und Verfügbarkeitsverletzungen führen.
5. **Sorglosigkeit im Umgang mit Informationen**: Wenn Informationen nicht sorgfältig behandelt werden, können sie vertraulich sein und zu Vertraulichkeitsverletzungen führen.
6. **Fehlende Akzeptanz von Informationssicherheitsvorgaben**: Wenn Mitarbeitende nicht akzeptieren, dass Sicherheitsvorgaben beachtet werden müssen, können sie Sicherheitslücken schaffen.
7. **Social Engineering**: Wenn Mitarbeitende nicht ausreichend sensibilisiert werden, können sie Opfer von Social-Engineering-Angriffen werden und Sicherheitslücken schaffen.
8. **Fehlende oder unzureichende Regelungen**: Wenn Regelungen fehlen oder unzureichend sind, können Sicherheitslücken entstehen, die zu Vertraulichkeitsverletzungen, Integritätsverletzungen und Verfügbarkeitsverletzungen führen.
9. **Nichtbeachtung von Regelungen**: Wenn Regelungen nicht beachtet werden, können Sicherheitslücken entstehen, die zu Vertraulichkeitsverletzungen, Integritätsverletzungen und Verfügbarkeitsverletzungen führen.
10. **Gefährdung durch Institutionsfremde**: Wenn Institutionsfremde nicht ausreichend kontrolliert werden, können sie Sicherheitslücken schaffen und zu Vertraulichkeitsverletzungen, Integritätsverletzungen und Verfügbarkeitsverletzungen führen.";"1. Wie kann ein effektives Compliance-Management-System implementiert werden?
2. Welche Rolle spielen Sensibilisierung und Schulung bei der Verhinderung von Sicherheitslücken?
3. Wie kann die Akzeptanz von Informationssicherheitsvorgaben bei Mitarbeitenden gefördert werden?";3;3;0.699999999965;1.0;0.0;0.6950356867276994;;
Wie kann verhindert werden, dass rechtliche Anforderungen übersehen werden?;"Um zu verhindern, dass rechtliche Anforderungen übersehen werden, MÜSSEN alle gesetzlichen, vertraglichen und sonstigen Vorgaben mit Auswirkungen auf das Informationssicherheitsmanagement identifiziert und dokumentiert werden Quelle: ORP.5.A1 (S.?). Die für die einzelnen Bereiche der Institution relevanten gesetzlichen, vertraglichen und sonstigen Vorgaben SOLLTEN in einer strukturierten Übersicht herausgearbeitet werden Quelle: ORP.5.A1 (S.?).

Es SOLLTE ein Prozess aufgebaut werden, um alle relevanten gesetzlichen, vertraglichen und sonstigen Vorgaben mit Auswirkungen auf das Informationssicherheitsmanagement zu identifizieren Quelle: ORP.5.A4 (S.?). Geeignete Prozesse und Organisationsstrukturen SOLLTEN aufgebaut werden, um basierend auf der Identifikation und Beachtung der rechtlichen Rahmenbedingungen, den Überblick über die verschiedenen rechtlichen Anforderungen an die einzelnen Bereiche der Institution zu gewährleisten Quelle: ORP.5.A4 (S.?).

Anschlussfragen:
1. Wie kann die Dokumentation der gesetzlichen, vertraglichen und sonstigen Vorgaben auf dem aktuellen Stand gehalten werden?
2. Welche Rolle spielen Compliance-Beauftragte und Informationssicherheitsbeauftragte bei der Integration von Sicherheitsanforderungen ins Compliance Management?
3. Wie kann die Einhaltung der identifizierten gesetzlichen, vertraglichen und sonstigen Vorgaben durch die Mitarbeitenden sichergestellt werden?";"Um zu verhindern, dass rechtliche Anforderungen übersehen werden, MÜSSEN alle gesetzlichen, vertraglichen und sonstigen Vorgaben mit Auswirkungen auf das Informationssicherheitsmanagement identifiziert und dokumentiert werden Quelle: ORP.5.A1 (S.?). Die für die einzelnen Bereiche der Institution relevanten gesetzlichen, vertraglichen und sonstigen Vorgaben SOLLTEN in einer strukturierten Übersicht herausgearbeitet werden Quelle: ORP.5.A1 (S.?).

Es SOLLTE ein Prozess aufgebaut werden, um alle relevanten gesetzlichen, vertraglichen und sonstigen Vorgaben mit Auswirkungen auf das Informationssicherheitsmanagement zu identifizieren Quelle: ORP.5.A4 (S.?). Geeignete Prozesse und Organisationsstrukturen SOLLTEN aufgebaut werden, um basierend auf der Identifikation und Beachtung der rechtlichen Rahmenbedingungen, den Überblick über die verschiedenen rechtlichen Anforderungen an die einzelnen Bereiche der Institution zu gewährleisten Quelle: ORP.5.A4 (S.?).";"""ORP.5.A1 Identifikation der Rahmenbedingungen (B) [Zentrale Verwaltung, Institutionsleitung] Alle gesetzlichen, vertraglichen und sonstigen Vorgaben mit Auswirkungen auf das Informationssicherheitsmanagement MÜSSEN identifiziert und dokumentiert werden. Die für die einzelnen Bereiche der Institution relevanten gesetzlichen, vertraglichen und sonstigen Vorgaben SOLLTEN in einer strukturierten Übersicht herausgearbeitet werden. Die Dokumentation MUSS auf dem aktuellen Stand gehalten werden."",

""ORP.5.A4 Konzeption und Organisation des Compliance Managements (S) [Institutionsleitung] In der Institution SOLLTE ein Prozess aufgebaut werden, um alle relevanten gesetzlichen, vertraglichen und sonstigen Vorgaben mit Auswirkungen auf das Informationssicherheitsmanagement zu identifizieren. Es SOLLTEN geeignete Prozesse und Organisationsstrukturen aufgebaut werden, um basierend auf der Identifikation und Beachtung der rechtlichen Rahmenbedingungen, den Überblick über die verschiedenen rechtlichen Anforderungen an die einzelnen Bereiche der Institution zu gewährleisten. Dafür SOLLTEN Zuständige für das Compliance Management festgelegt werden. Compliance-Beauftragte und Informationssicherheitsbeauftragte SOLLTEN sich regelmäßig austauschen. Sie SOLLTEN gemeinsam Sicherheitsanforderungen ins Compliance Management integrieren, sicherheitsrelevante Anforderungen in Sicherheitsmaßnahmen überführen und deren Umsetzung kontrollieren.""
";"Um rechtliche Anforderungen zu verhindern, dass sie übersehen werden, ist es wichtig, dass Institutionen eine effektive Compliance-Management-Strategie umsetzen. Hier sind einige Schritte, die Sie unternehmen können:

1.  **Identifizieren Sie die relevanten rechtlichen Anforderungen**: Analysieren Sie die gesetzlichen, vertraglichen und sonstigen Vorgaben, die für Ihre Institution relevant sind. Dies kann beispielsweise Gesetze, Verordnungen, Verträge und interne Richtlinien umfassen.
2.  **Erstellen Sie eine Liste der Anforderungen**: Erstellen Sie eine Liste der identifizierten Anforderungen und priorisieren Sie sie nach ihrer Bedeutung und Dringlichkeit.
3.  **Implementieren Sie eine Compliance-Management-Strategie**: Erstellen Sie eine Strategie, um die Anforderungen zu erfüllen und sicherzustellen, dass Ihre Institution sie einhält.
4.  **Bildung und Schulung**: Stellen Sie sicher, dass alle Mitarbeiterinnen und Mitarbeiter über die relevanten rechtlichen Anforderungen und die Compliance-Management-Strategie informiert sind und sie verstehen.
5.  **Überwachung und Kontrolle**: Überwachen Sie regelmäßig, ob die Anforderungen erfüllt werden und treffen Sie Maßnahmen, um sicherzustellen, dass die Compliance-Management-Strategie umgesetzt wird.
6.  **Revisions- und Audits**: Führen Sie regelmäßige Revisions- und Audits durch, um sicherzustellen, dass die Anforderungen erfüllt werden und die Compliance-Management-Strategie umgesetzt wird.

**Anschlussfragen:**

1.  Wie kann die Compliance-Management-Strategie in einer Institution umgesetzt werden?
2.  Welche Rolle spielen die Mitarbeiterinnen und Mitarbeiter bei der Umsetzung der Compliance-Management-Strategie?
3.  Wie kann die Überwachung und Kontrolle der Compliance-Management-Strategie sichergestellt werden?

**Quelle:** ORP.5 Compliance Management (Anforderungsmanagement)";"Um rechtliche Anforderungen zu verhindern, dass sie übersehen werden, ist es wichtig, dass Institutionen eine effektive Compliance-Management-Strategie umsetzen. Hier sind einige Schritte, die Sie unternehmen können:

1.  **Identifizieren Sie die relevanten rechtlichen Anforderungen**: Analysieren Sie die gesetzlichen, vertraglichen und sonstigen Vorgaben, die für Ihre Institution relevant sind. Dies kann beispielsweise Gesetze, Verordnungen, Verträge und interne Richtlinien umfassen.
2.  **Erstellen Sie eine Liste der Anforderungen**: Erstellen Sie eine Liste der identifizierten Anforderungen und priorisieren Sie sie nach ihrer Bedeutung und Dringlichkeit.
3.  **Implementieren Sie eine Compliance-Management-Strategie**: Erstellen Sie eine Strategie, um die Anforderungen zu erfüllen und sicherzustellen, dass Ihre Institution sie einhält.
4.  **Bildung und Schulung**: Stellen Sie sicher, dass alle Mitarbeiterinnen und Mitarbeiter über die relevanten rechtlichen Anforderungen und die Compliance-Management-Strategie informiert sind und sie verstehen.
5.  **Überwachung und Kontrolle**: Überwachen Sie regelmäßig, ob die Anforderungen erfüllt werden und treffen Sie Maßnahmen, um sicherzustellen, dass die Compliance-Management-Strategie umgesetzt wird.
6.  **Revisions- und Audits**: Führen Sie regelmäßige Revisions- und Audits durch, um sicherzustellen, dass die Anforderungen erfüllt werden und die Compliance-Management-Strategie umgesetzt wird.";"1.  Wie kann die Compliance-Management-Strategie in einer Institution umgesetzt werden?
2.  Welche Rolle spielen die Mitarbeiterinnen und Mitarbeiter bei der Umsetzung der Compliance-Management-Strategie?
3.  Wie kann die Überwachung und Kontrolle der Compliance-Management-Strategie sichergestellt werden?

**Quelle:** ORP.5 Compliance Management (Anforderungsmanagement)";3;3;0.36666666664833336;1.0;0.44;0.45417803356692443;;
Welche Maßnahmen adressieren mehrere Gefährdungen gleichzeitig?;"Die Maßnahmen, die mehrere Gefährdungen gleichzeitig adressieren, sind im Kontext des IT-Grundschutz-Kompendiums nicht explizit aufgeführt. Allerdings kann man aus den Anforderungen des Bausteins ORP.5 Compliance Management (Anforderungsmanagement) schließen, dass die Identifikation und Dokumentation von gesetzlichen, vertraglichen und sonstigen Vorgaben sowie die Beachtung dieser Rahmenbedingungen bei der Planung und Konzeption von Geschäftsprozessen, Anwendungen und IT-Systemen dazu beitragen können, mehrere Gefährdungen zu minimieren. Quelle: ORP.5.A1 Identifikation der Rahmenbedingungen (B) [Zentrale Verwaltung, Institutionsleitung] (S.1), Quelle: ORP.5.A2 Beachtung der Rahmenbedingungen (B) [Vorgesetzte, Zentrale Verwaltung, Institutionsleitung] (S.2).

Anschlussfragen:
1. Wie können die im Baustein ORP.5 identifizierten Anforderungen in die tägliche Arbeit integriert werden?
2. Welche Rolle spielt die regelmäßige Überprüfung des Compliance Managements bei der Minimierung von Gefährdungen?
3. Wie kann die Verpflichtung der Mitarbeitenden zur Einhaltung der gesetzlichen, vertraglichen und sonstigen Vorgaben im Baustein ORP.2 Personal umgesetzt werden?";Die Maßnahmen, die mehrere Gefährdungen gleichzeitig adressieren, sind im Kontext des IT-Grundschutz-Kompendiums nicht explizit aufgeführt. Allerdings kann man aus den Anforderungen des Bausteins ORP.5 Compliance Management (Anforderungsmanagement) schließen, dass die Identifikation und Dokumentation von gesetzlichen, vertraglichen und sonstigen Vorgaben sowie die Beachtung dieser Rahmenbedingungen bei der Planung und Konzeption von Geschäftsprozessen, Anwendungen und IT-Systemen dazu beitragen können, mehrere Gefährdungen zu minimieren. Quelle: ORP.5.A1 Identifikation der Rahmenbedingungen (B) [Zentrale Verwaltung, Institutionsleitung] (S.1), Quelle: ORP.5.A2 Beachtung der Rahmenbedingungen (B) [Vorgesetzte, Zentrale Verwaltung, Institutionsleitung] (S.2).;"""ORP.5.A1 Identifikation der Rahmenbedingungen (B) [Zentrale Verwaltung, Institutionsleitung] Alle gesetzlichen, vertraglichen und sonstigen Vorgaben mit Auswirkungen auf das Informationssicherheitsmanagement MÜSSEN identifiziert und dokumentiert werden. Die für die einzelnen Bereiche der Institution relevanten gesetzlichen, vertraglichen und sonstigen Vorgaben SOLLTEN in einer strukturierten Übersicht herausgearbeitet werden. Die Dokumentation MUSS auf dem aktuellen Stand gehalten werden."",

""ORP.5.A2 Beachtung der Rahmenbedingungen (B) [Vorgesetzte, Zentrale Verwaltung, Institutionsleitung] Die als sicherheitsrelevant identifizierten Anforderungen MÜSSEN bei der Planung und Konzeption von Geschäftsprozessen, Anwendungen und IT-Systemen oder bei der Beschaffung neuer Komponenten einfließen. Führungskräfte, die eine rechtliche Verantwortung für die Institution tragen, MÜSSEN für die Einhaltung der gesetzlichen, vertraglichen und sonstigen Vorgaben sorgen. Die Verantwortlichkeiten und Zuständigkeiten für die Einhaltung dieser Vorgaben MÜSSEN festgelegt sein. Es MÜSSEN geeignete Maßnahmen identifiziert und umgesetzt werden, um Verstöße gegen relevante Anforderungen zu vermeiden. Wenn solche Verstöße erkannt werden, MÜSSEN sachgerechte Korrekturmaßnahmen ergriffen werden, um die Abweichungen zu beheben."",

""ORP.5.A8 Regelmäßige Überprüfungen des Compliance Managements (S) Es SOLLTE ein Verfahren etabliert sein, wie das Compliance Management und die sich daraus ergebenden Anforderungen und Maßnahmen regelmäßig auf ihre Effizienz und Effektivität überprüft werden (siehe auch DER.3.1 Audits und Revisionen). Es SOLLTE regelmäßig geprüft werden, ob die Organisationsstruktur und die Prozesse des Compliance Managements angemessen sind.""";"Antwort:

Um mehrere Gefährdungen gleichzeitig anzusprechen, müssen geeignete Risikobehandlungsoptionen ausgewählt werden. Diese Optionen umfassen die Vermeidung, Reduktion und den Transfer von Risiken.

- **Risikovermeidung**: Wenn es sinnvoll ist, das Risiko durch eine Umstrukturierung des Geschäftsprozesses oder des Informationsverbunds zu vermeiden, können wirksame Gegenmaßnahmen vermieden werden, die mit hohem Aufwand verbunden sind. Dies kann auch dazu führen, dass die verbleibende Gefährdung nicht hingenommen werden kann.
- **Risikoreduktion**: Wenn es sinnvoll und möglich ist, das Risiko durch weitere Sicherheitsmaßnahmen zu reduzieren, können ergänzende Sicherheitsmaßnahmen erarbeitet und umgesetzt werden, die der Gefährdung entgegenwirken. Dies kann durch die Dokumentation und den Service des Herstellers, Standards und Best Practices, andere Veröffentlichungen und Dienstleistungen oder Erfahrungen innerhalb der eigenen Institution oder bei Kooperationspartnern erfolgen.
- **Risikotranfer**: Wenn es sinnvoll ist, das Risiko an eine andere Institution zu übertragen, beispielsweise durch den Abschluss eines Versicherungsvertrags oder durch Outsourcing, kann das Risiko geteilt werden. Dies kann durch die sachgerechte Vertragsgestaltung und die Beteiligung der Leitungsebene erfolgen.

Anschlussfragen:

1. Wie können wirksame Gegenmaßnahmen vermieden werden, die mit hohem Aufwand verbunden sind?
2. Welche ergänzenden Sicherheitsmaßnahmen können erarbeitet und umgesetzt werden, um das Risiko zu reduzieren?
3. Wie kann das Risiko an eine andere Institution übertragen werden, um es zu teilen?";"Antwort:

Um mehrere Gefährdungen gleichzeitig anzusprechen, müssen geeignete Risikobehandlungsoptionen ausgewählt werden. Diese Optionen umfassen die Vermeidung, Reduktion und den Transfer von Risiken.

- **Risikovermeidung**: Wenn es sinnvoll ist, das Risiko durch eine Umstrukturierung des Geschäftsprozesses oder des Informationsverbunds zu vermeiden, können wirksame Gegenmaßnahmen vermieden werden, die mit hohem Aufwand verbunden sind. Dies kann auch dazu führen, dass die verbleibende Gefährdung nicht hingenommen werden kann.
- **Risikoreduktion**: Wenn es sinnvoll und möglich ist, das Risiko durch weitere Sicherheitsmaßnahmen zu reduzieren, können ergänzende Sicherheitsmaßnahmen erarbeitet und umgesetzt werden, die der Gefährdung entgegenwirken. Dies kann durch die Dokumentation und den Service des Herstellers, Standards und Best Practices, andere Veröffentlichungen und Dienstleistungen oder Erfahrungen innerhalb der eigenen Institution oder bei Kooperationspartnern erfolgen.
- **Risikotranfer**: Wenn es sinnvoll ist, das Risiko an eine andere Institution zu übertragen, beispielsweise durch den Abschluss eines Versicherungsvertrags oder durch Outsourcing, kann das Risiko geteilt werden. Dies kann durch die sachgerechte Vertragsgestaltung und die Beteiligung der Leitungsebene erfolgen.";"1. Wie können wirksame Gegenmaßnahmen vermieden werden, die mit hohem Aufwand verbunden sind?
2. Welche ergänzenden Sicherheitsmaßnahmen können erarbeitet und umgesetzt werden, um das Risiko zu reduzieren?
3. Wie kann das Risiko an eine andere Institution übertragen werden, um es zu teilen?";3;3;0.0;0.3;0.7;0.4239575032878665;;
Was sind die Basis-Anforderungen beim Einsatz von Windows Server?;"Die Basis-Anforderungen beim Einsatz von Windows Server umfassen mehrere Aspekte. Zunächst MUSS eine begründete und dokumentierte Entscheidung für eine geeignete Edition von Windows Server getroffen werden, einschließlich der Spezifizierung des Einsatzzwecks und der Einbindung ins Active Directory, wie in SYS.1.2.3.A1 beschrieben Quelle: SYS.1.2.3.A1 Planung von Windows Server (B). 

Weiterhin MUSS bei der Installation von Windows Server die Server-Core-Variante installiert werden, wenn vom Funktionsumfang her ausreichend, oder es MUSS begründet werden, warum diese Variante nicht genügt, wie in SYS.1.2.3.A2 Sichere Installation von Windows Server festgelegt Quelle: SYS.1.2.3.A2 Sichere Installation von Windows Server (B). 

Zusätzlich MUSS das Telemetrie-Level 0 (Security) auf dem Windows Server konfiguriert werden, um die Übertragung von Diagnose- und Nutzungsdaten an Microsoft stark zu reduzieren, wie in SYS.1.2.3.A3 Telemetrie- und Nutzungsdaten unter Windows Server angegeben Quelle: SYS.1.2.3.A3 Telemetrie- und Nutzungsdaten unter Windows Server (B).

Anschlussfragen:
1. Wie MUSS die Einrichtung von Microsoft-Konten auf dem Server gehandhabt werden, wenn sie nicht benötigt werden?
2. Welche Rolle spielt die Server-Core-Variante bei der sicheren Installation von Windows Server?
3. Wie können Diagnose- und Nutzungsdaten, die an Microsoft übertragen werden, auf Netzebene reduziert werden, wenn das Telemetrie-Level 0 nicht wirksam umgesetzt wird?";"Die Basis-Anforderungen beim Einsatz von Windows Server umfassen mehrere Aspekte. Zunächst MUSS eine begründete und dokumentierte Entscheidung für eine geeignete Edition von Windows Server getroffen werden, einschließlich der Spezifizierung des Einsatzzwecks und der Einbindung ins Active Directory, wie in SYS.1.2.3.A1 beschrieben Quelle: SYS.1.2.3.A1 Planung von Windows Server (B). 

Weiterhin MUSS bei der Installation von Windows Server die Server-Core-Variante installiert werden, wenn vom Funktionsumfang her ausreichend, oder es MUSS begründet werden, warum diese Variante nicht genügt, wie in SYS.1.2.3.A2 Sichere Installation von Windows Server festgelegt Quelle: SYS.1.2.3.A2 Sichere Installation von Windows Server (B). 

Zusätzlich MUSS das Telemetrie-Level 0 (Security) auf dem Windows Server konfiguriert werden, um die Übertragung von Diagnose- und Nutzungsdaten an Microsoft stark zu reduzieren, wie in SYS.1.2.3.A3 Telemetrie- und Nutzungsdaten unter Windows Server angegeben Quelle: SYS.1.2.3.A3 Telemetrie- und Nutzungsdaten unter Windows Server (B).";"3.1. Basis-Anforderungen Die folgenden Anforderungen MÜSSEN für diesen Baustein vorrangig erfüllt werden.

""SYS.1.2.3.A1 Planung von Windows Server (B) Es MUSS eine begründete und dokumentierte Entscheidung für eine geeignete Edition von Windows Server getroffen werden. Der Einsatzzweck des Servers sowie die Einbindung ins Active Directory MÜSSEN dabei spezifiziert werden. Die Nutzung von mitgelieferten Cloud-Diensten im Betriebssystem MUSS grundsätzlich abgewogen und gründlich geplant werden. Wenn nicht benötigt, MUSS die Einrichtung von Microsoft-Konten auf dem Server blockiert werden."",

""SYS.1.2.3.A2 Sichere Installation von Windows Server (B) Wenn vom Funktionsumfang her ausreichend, MUSS die Server-Core-Variante installiert werden. Andernfalls MUSS begründet werden, warum die Server-Core-Variante nicht genügt."",

""SYS.1.2.3.A3 Telemetrie- und Nutzungsdaten unter Windows Server (B) Um die Übertragung von Diagnose- und Nutzungsdaten an Microsoft stark zu reduzieren, MUSS das Telemetrie-Level 0 (Security) auf dem Windows Server konfiguriert werden. Wenn diese Einstellung nicht wirksam umgesetzt wird, dann MUSS durch geeignete Maßnahmen, etwa auf Netzebene, sichergestellt werden, dass die Daten nicht an den Hersteller übertragen werden.""";"**Basis-Anforderungen beim Einsatz von Windows Server**

Der Einsatz von Windows Server erfordert eine sorgfältige Planung und Durchführung. Die folgenden Anforderungen müssen erfüllt werden:

- **Planung von Windows Server**: Die Anforderungen an die Hardware müssen vor der Beschaffung geprüft werden. Es muss eine begründete und dokumentierte Entscheidung für eine geeignete Edition von Windows Server getroffen werden. Der Einsatzzweck des Servers sowie die Einbindung ins Active Directory müssen dabei spezifiziert werden. Die Nutzung von mitgelieferten Cloud-Diensten im Betriebssystem muss grundsätzlich abgewogen und gründlich geplant werden. Wenn nicht benötigt, muss die Einrichtung von Microsoft-Konten auf dem Server blockiert werden.

- **Sichere Installation von Windows Server 2012**: Es dürfen keine anderen als die benötigten Serverrollen und Features bzw. Funktionen installiert werden. Wenn es vom Funktionsumfang her ausreichend ist, muss die Server-Core-Variante installiert werden. Andernfalls muss begründet werden, warum die Server-Core-Variante nicht genügt. Der Server muss bereits während der Installation auf einen aktuellen Patch-Stand gebracht werden.

- **Unzureichende Planung von Windows Server 2012**: Windows Server 2012 ist ein komplexes Betriebssystem mit einer großen Anzahl an Funktionen und Konfigurationsoptionen. Bei der Einbindung in die Domäne und bei der Vernetzung mit anderen IT-Systemen und Diensten gibt es sehr viele Spielräume. Auch wenn moderne Windows-Versionen in vielen Bereichen gute Standardeinstellungen mitbringen, ist die Grundkonfiguration nicht in jedem Fall die sicherste. Dies kann bei unzureichender Planung zu einer Vielzahl von Angriffsvektoren führen, die von unberechtigten Dritten leicht ausgenutzt werden können.

- **Unbedachte Cloud-Nutzung**: Windows Server 2012 bietet an verschiedenen Stellen die Möglichkeit, Cloud-Dienste zu nutzen, ohne dass dafür Drittsoftware installiert werden muss. Hierzu gehören beispielsweise Microsoft Azure Online Backup oder die Online-Speicherung von BitLocker-Wiederherstellungsschlüsseln. Während Cloud-Dienste grundsätzlich Vorteile, beispielsweise hinsichtlich der Verfügbarkeit, bieten können, bestehen bei unbedachtem Einsatz Risiken für die Vertraulichkeit sowie eine zusätzliche Abhängigkeit.

- **Fehlerhafte Administration von Windows-Servern**: Windows Server 2012 und Windows Server 2012 R2 haben im Vergleich zu den Vorgängerversionen viele neue sicherheitsrelevante Funktionen hinzubekommen. Bei anderen (bekannten) Features haben sich Teilfunktionen, Parameter oder Standardkonfigurationen verändert. Ist der IT-Betrieb nicht ausreichend in den Besonderheiten der Systeme geschult, drohen Konfigurationsfehler und menschliche Fehlhandlungen, die neben der Funktionalität auch die Sicherheit des Systems beeinträchtigen können.

- **Unsachgemäßer Einsatz von Gruppenrichtlinien (GPOs)**: Gruppenrichtlinien (Group Policy Objects, GPOs) sind eine nützliche und mächtige Art, viele (Sicherheits-)Aspekte von Windows Server 2012 zu konfigurieren, insbesondere in einer Domäne. Bei der großen Zahl möglicher Einstellungen passiert es leicht, versehentlich widersprüchliche oder inkompatible Einstellungen zu setzen oder Themenbereiche zu vergessen. Dies führt bei unsystematischer Vorgehensweise mindestens zu Betriebsstörungen, die teilweise nur schwer zu beheben sind, und schlimmstenfalls zu schwerwiegenden Schwachstellen auf dem Server oder auf verbundenen Clients.

- **Integritätsverlust schützenswerter Informationen oder Prozesse**: Windows Server 2012 verfügt über eine Vielzahl von Funktionen, um die Integrität von durch das Betriebssystem verarbeiteten Informationen zu schützen. Jede einzelne dieser Funktionen kann mit Schwachstellen behaftet sein. Zudem mangelt es häufig an einer konsequenten Konfiguration, nicht zuletzt aus Gründen der Bequemlichkeit. Informationen und Prozesse können so durch Unbefugte verfälscht und oftmals sogar die Spuren verwischt werden.

- **Unberechtigtes Erlangen oder Missbrauch von Administrationsrechten**: Die reguläre Arbeit unter Standardberechtigungen ist inzwischen gängige Praxis. Da Administrierende jedoch an bestimmten Stellen trotzdem ihre Rechte erhöhen müssen, können Angreifende dort potenziell privilegierte Rechte erlangen. Auch ein Missbrauch von Rechten durch legitime Administrierende ist ein relevantes Schadensszenario.

- **Kompromittierung von Fernzugängen**: Da Windows Server 2012 über eine Vielzahl von Möglichkeiten verfügt, aus der Ferne verwaltet zu werden, können diese grundsätzlich auch missbraucht werden. Fernzugänge wie z. B. RDP-Sitzungen können durch unsichere bzw. unsicher verwendete Protokolle, schwache Authentifizierung (z. B. schwache Passwörter) oder fehlerhafte Konfiguration für Dritte erreichbar sein. Hierdurch können der Server und die dort gespeicherten Informationen weitgehend kompromittiert werden.

**Anschlussfragen:**

1. Wie kann die Planung von Windows Server 2012 sicherstellen, dass die Anforderungen an die Hardware und die Einbindung ins Active Directory erfüllt werden?
2. Welche Risiken bestehen bei der unbedachten Nutzung von Cloud-Diensten in Windows Server 2012?
3. Wie kann die Administration von Windows-Servern sicherstellen, dass Konfigurationsfehler und menschliche Fehlhandlungen vermieden werden?";"**Basis-Anforderungen beim Einsatz von Windows Server**

Der Einsatz von Windows Server erfordert eine sorgfältige Planung und Durchführung. Die folgenden Anforderungen müssen erfüllt werden:

- **Planung von Windows Server**: Die Anforderungen an die Hardware müssen vor der Beschaffung geprüft werden. Es muss eine begründete und dokumentierte Entscheidung für eine geeignete Edition von Windows Server getroffen werden. Der Einsatzzweck des Servers sowie die Einbindung ins Active Directory müssen dabei spezifiziert werden. Die Nutzung von mitgelieferten Cloud-Diensten im Betriebssystem muss grundsätzlich abgewogen und gründlich geplant werden. Wenn nicht benötigt, muss die Einrichtung von Microsoft-Konten auf dem Server blockiert werden.

- **Sichere Installation von Windows Server 2012**: Es dürfen keine anderen als die benötigten Serverrollen und Features bzw. Funktionen installiert werden. Wenn es vom Funktionsumfang her ausreichend ist, muss die Server-Core-Variante installiert werden. Andernfalls muss begründet werden, warum die Server-Core-Variante nicht genügt. Der Server muss bereits während der Installation auf einen aktuellen Patch-Stand gebracht werden.

- **Unzureichende Planung von Windows Server 2012**: Windows Server 2012 ist ein komplexes Betriebssystem mit einer großen Anzahl an Funktionen und Konfigurationsoptionen. Bei der Einbindung in die Domäne und bei der Vernetzung mit anderen IT-Systemen und Diensten gibt es sehr viele Spielräume. Auch wenn moderne Windows-Versionen in vielen Bereichen gute Standardeinstellungen mitbringen, ist die Grundkonfiguration nicht in jedem Fall die sicherste. Dies kann bei unzureichender Planung zu einer Vielzahl von Angriffsvektoren führen, die von unberechtigten Dritten leicht ausgenutzt werden können.

- **Unbedachte Cloud-Nutzung**: Windows Server 2012 bietet an verschiedenen Stellen die Möglichkeit, Cloud-Dienste zu nutzen, ohne dass dafür Drittsoftware installiert werden muss. Hierzu gehören beispielsweise Microsoft Azure Online Backup oder die Online-Speicherung von BitLocker-Wiederherstellungsschlüsseln. Während Cloud-Dienste grundsätzlich Vorteile, beispielsweise hinsichtlich der Verfügbarkeit, bieten können, bestehen bei unbedachtem Einsatz Risiken für die Vertraulichkeit sowie eine zusätzliche Abhängigkeit.

- **Fehlerhafte Administration von Windows-Servern**: Windows Server 2012 und Windows Server 2012 R2 haben im Vergleich zu den Vorgängerversionen viele neue sicherheitsrelevante Funktionen hinzubekommen. Bei anderen (bekannten) Features haben sich Teilfunktionen, Parameter oder Standardkonfigurationen verändert. Ist der IT-Betrieb nicht ausreichend in den Besonderheiten der Systeme geschult, drohen Konfigurationsfehler und menschliche Fehlhandlungen, die neben der Funktionalität auch die Sicherheit des Systems beeinträchtigen können.

- **Unsachgemäßer Einsatz von Gruppenrichtlinien (GPOs)**: Gruppenrichtlinien (Group Policy Objects, GPOs) sind eine nützliche und mächtige Art, viele (Sicherheits-)Aspekte von Windows Server 2012 zu konfigurieren, insbesondere in einer Domäne. Bei der großen Zahl möglicher Einstellungen passiert es leicht, versehentlich widersprüchliche oder inkompatible Einstellungen zu setzen oder Themenbereiche zu vergessen. Dies führt bei unsystematischer Vorgehensweise mindestens zu Betriebsstörungen, die teilweise nur schwer zu beheben sind, und schlimmstenfalls zu schwerwiegenden Schwachstellen auf dem Server oder auf verbundenen Clients.

- **Integritätsverlust schützenswerter Informationen oder Prozesse**: Windows Server 2012 verfügt über eine Vielzahl von Funktionen, um die Integrität von durch das Betriebssystem verarbeiteten Informationen zu schützen. Jede einzelne dieser Funktionen kann mit Schwachstellen behaftet sein. Zudem mangelt es häufig an einer konsequenten Konfiguration, nicht zuletzt aus Gründen der Bequemlichkeit. Informationen und Prozesse können so durch Unbefugte verfälscht und oftmals sogar die Spuren verwischt werden.

- **Unberechtigtes Erlangen oder Missbrauch von Administrationsrechten**: Die reguläre Arbeit unter Standardberechtigungen ist inzwischen gängige Praxis. Da Administrierende jedoch an bestimmten Stellen trotzdem ihre Rechte erhöhen müssen, können Angreifende dort potenziell privilegierte Rechte erlangen. Auch ein Missbrauch von Rechten durch legitime Administrierende ist ein relevantes Schadensszenario.

- **Kompromittierung von Fernzugängen**: Da Windows Server 2012 über eine Vielzahl von Möglichkeiten verfügt, aus der Ferne verwaltet zu werden, können diese grundsätzlich auch missbraucht werden. Fernzugänge wie z. B. RDP-Sitzungen können durch unsichere bzw. unsicher verwendete Protokolle, schwache Authentifizierung (z. B. schwache Passwörter) oder fehlerhafte Konfiguration für Dritte erreichbar sein. Hierdurch können der Server und die dort gespeicherten Informationen weitgehend kompromittiert werden.";"1. Wie kann die Planung von Windows Server 2012 sicherstellen, dass die Anforderungen an die Hardware und die Einbindung ins Active Directory erfüllt werden?
2. Welche Risiken bestehen bei der unbedachten Nutzung von Cloud-Diensten in Windows Server 2012?
3. Wie kann die Administration von Windows-Servern sicherstellen, dass Konfigurationsfehler und menschliche Fehlhandlungen vermieden werden?";3;3;0.6458333333171874;1.0;0.6666666666666666;0.41086441733653245;;
Welche Einschränkungen bringt Virtual Secure Mode mit sich?;"Die Nutzung des Virtual Secure Mode (VSM) bringt Einschränkungen bei der Forensik mit sich, da Prozesse, die durch den Secure Kernel oder den Isolated User Mode (IUM) geschützt werden, nicht mehr zugänglich sind Quelle: 2.4. Eingeschränkte Forensik bei der Nutzung des Virtual Secure Mode (VSM). Beispielsweise können Speicherabbilder dieser Prozesse aufgrund kryptografischer Maßnahmen nicht ausgewertet werden Quelle: 2.4. Eingeschränkte Forensik bei der Nutzung des Virtual Secure Mode (VSM). 

Anschlussfragen:
1. Wie wirkt sich der Virtual Secure Mode auf die Sicherheitsvorfallbehandlung aus?
2. Welche Rolle spielt der Secure Kernel bei der Einschränkung der Forensik?
3. Wie können die Einschränkungen des Virtual Secure Mode bei der Forensik minimiert werden?";Die Nutzung des Virtual Secure Mode (VSM) bringt Einschränkungen bei der Forensik mit sich, da Prozesse, die durch den Secure Kernel oder den Isolated User Mode (IUM) geschützt werden, nicht mehr zugänglich sind Quelle: 2.4. Eingeschränkte Forensik bei der Nutzung des Virtual Secure Mode (VSM). Beispielsweise können Speicherabbilder dieser Prozesse aufgrund kryptografischer Maßnahmen nicht ausgewertet werden Quelle: 2.4. Eingeschränkte Forensik bei der Nutzung des Virtual Secure Mode (VSM).;"2.4. Eingeschränkte Forensik bei der Nutzung des Virtual Secure Mode (VSM) Durch die Nutzung des Virtual Secure Mode (VSM) werden forensische Untersuchungen, z. B. zur Sicherheitsvorfallbehandlung, eingeschränkt oder erschwert. Prozesse, die durch den Secure Kernel oder den Isolated User Mode (IUM) geschützt werden, sind nicht mehr zugänglich. Beispielsweise können Speicherabbilder dieser Prozesse aufgrund kryptografischer Maßnahmen nicht ausgewertet werden.

SYS.1.2.3.A8 Nutzung des Virtual Secure Mode (VSM) (H) Bei der Nutzung des Virtual Secure Mode (VSM) SOLLTE berücksichtigt werden, dass forensische Untersuchungen, z. B. zur Sicherheitsvorfallbehandlung, eingeschränkt oder erschwert werden.";"Antwort:

Die Einschränkungen, die Virtual Secure Mode (VSM) mit sich bringt, SOLLTE berücksichtigt werden, dass forensische Untersuchungen, z. B. zur Sicherheitsvorfallbehandlung, eingeschränkt oder erschwert werden.

Quelle: Bei der Nutzung des Virtual Secure Mode (VSM) SOLLTE berücksichtigt werden, dass forensische Untersuchungen, z. B. zur Sicherheitsvorfallbehandlung, eingeschränkt oder erschwert werden.

Um die virtuelle Infrastruktur sicher betreiben zu können, ist auf Netzebene auf eine geeignete Segmentierung geachtet worden. Die einzelnen Netzsegmente (z. B. Managementnetz, Netz für die Live-Migration oder Storage-Netz) sind voneinander getrennt und so konfiguriert worden, dass diese von außen nicht zugänglich sind.

Quelle: Um die virtuelle Infrastruktur sicher betreiben zu können, ist auf Netzebene auf eine geeignete Segmentierung geachtet worden.

Die Administration der virtuellen Infrastruktur ist in die zentrale Rechteverwaltung des Informationsverbunds eingebunden. Da nur befugte Administratoren auf das Live-Migration-Netz zugreifen dürfen, können die Speicherinhalte der übertragenen VMs nur von ihnen mitgelesen werden.

Quelle: Die Administration der virtuellen Infrastruktur ist in die zentrale Rechteverwaltung des Informationsverbunds eingebunden.

Anschlussfragen:

1. Wie kann die Segmentierung der virtuellen Infrastruktur sicherstellen, dass die einzelnen Netzsegmente voneinander getrennt sind?
2. Welche Rolle spielt die zentrale Rechteverwaltung bei der Sicherheit der virtuellen Infrastruktur?
3. Wie kann die forensische Untersuchung in einem Virtual Secure Mode-System durchgeführt werden, um sicherzustellen, dass die Ermittlungen nicht eingeschränkt oder erschwert werden?";"Antwort:

Die Einschränkungen, die Virtual Secure Mode (VSM) mit sich bringt, SOLLTE berücksichtigt werden, dass forensische Untersuchungen, z. B. zur Sicherheitsvorfallbehandlung, eingeschränkt oder erschwert werden.

Quelle: Bei der Nutzung des Virtual Secure Mode (VSM) SOLLTE berücksichtigt werden, dass forensische Untersuchungen, z. B. zur Sicherheitsvorfallbehandlung, eingeschränkt oder erschwert werden.

Um die virtuelle Infrastruktur sicher betreiben zu können, ist auf Netzebene auf eine geeignete Segmentierung geachtet worden. Die einzelnen Netzsegmente (z. B. Managementnetz, Netz für die Live-Migration oder Storage-Netz) sind voneinander getrennt und so konfiguriert worden, dass diese von außen nicht zugänglich sind.

Quelle: Um die virtuelle Infrastruktur sicher betreiben zu können, ist auf Netzebene auf eine geeignete Segmentierung geachtet worden.

Die Administration der virtuellen Infrastruktur ist in die zentrale Rechteverwaltung des Informationsverbunds eingebunden. Da nur befugte Administratoren auf das Live-Migration-Netz zugreifen dürfen, können die Speicherinhalte der übertragenen VMs nur von ihnen mitgelesen werden.

Quelle: Die Administration der virtuellen Infrastruktur ist in die zentrale Rechteverwaltung des Informationsverbunds eingebunden.";"1. Wie kann die Segmentierung der virtuellen Infrastruktur sicherstellen, dass die einzelnen Netzsegmente voneinander getrennt sind?
2. Welche Rolle spielt die zentrale Rechteverwaltung bei der Sicherheit der virtuellen Infrastruktur?
3. Wie kann die forensische Untersuchung in einem Virtual Secure Mode-System durchgeführt werden, um sicherzustellen, dass die Ermittlungen nicht eingeschränkt oder erschwert werden?";3;3;0.8333333333055556;1.0;0.4444444444444444;0.594942787876957;;
Welche Arten von zentralen Speicherlösungen gibt es und wann nutze ich welche?;"Es gibt verschiedene Arten von zentralen Speicherlösungen, wie Network-Attached-Storage-(NAS)-Systeme, Storage-Area-Networks-(SAN)-Systeme, Hybrid Storage, Objekt Storage oder Cloud Storage Quelle: Kap. 1.3 Abgrenzung und Modellierung – SYS.1.8 Speicherlösungen (S.1-3). Jede dieser Lösungen hat ihre eigenen Einsatzszenarien und Anforderungen. Zum Beispiel eignen sich NAS-Systeme hervorragend für Fileserver-Dienste, während SAN-Systeme oft in Umgebungen verwendet werden, in denen ein dediziertes Speichernetz erforderlich ist Quelle: Kap. 1.3 Abgrenzung und Modellierung – SYS.1.8 Speicherlösungen (S.2). Objekt-Storage und Cloud Storage bieten wiederum flexible Lösungen für die Speicherung und Verwaltung von Daten in verschiedenen Umgebungen Quelle: Kap. 1.3 Abgrenzung und Modellierung – SYS.1.8 Speicherlösungen (S.3).

Anschlussfragen:
1. Welche Rolle spielen NAS-Systeme in der Bereitstellung von Fileserver-Diensten?
2. Wie unterscheiden sich SAN-Systeme von NAS-Systemen in Bezug auf ihre Architektur und Einsatzgebiete?
3. Welche Sicherheitsanforderungen müssen bei der Implementierung von Objekt-Storage und Cloud Storage berücksichtigt werden?";Es gibt verschiedene Arten von zentralen Speicherlösungen, wie Network-Attached-Storage-(NAS)-Systeme, Storage-Area-Networks-(SAN)-Systeme, Hybrid Storage, Objekt Storage oder Cloud Storage Quelle: Kap. 1.3 Abgrenzung und Modellierung – SYS.1.8 Speicherlösungen (S.1-3). Jede dieser Lösungen hat ihre eigenen Einsatzszenarien und Anforderungen. Zum Beispiel eignen sich NAS-Systeme hervorragend für Fileserver-Dienste, während SAN-Systeme oft in Umgebungen verwendet werden, in denen ein dediziertes Speichernetz erforderlich ist Quelle: Kap. 1.3 Abgrenzung und Modellierung – SYS.1.8 Speicherlösungen (S.2). Objekt-Storage und Cloud Storage bieten wiederum flexible Lösungen für die Speicherung und Verwaltung von Daten in verschiedenen Umgebungen Quelle: Kap. 1.3 Abgrenzung und Modellierung – SYS.1.8 Speicherlösungen (S.3).;"1.1. Einleitung Das stetige Wachstum digitaler Informationen und die zunehmende Menge unstrukturierter Informationen führen dazu, dass innerhalb von Institutionen zentrale Speicherlösungen eingesetzt werden. Dabei unterliegen die Anforderungen an solche Speicherlösungen einem stetigen Wandel, der sich beispielsweise an folgenden Aspekten beobachten lässt:

• Die Daten einer Institution sollen jederzeit, an jedem Ort und für unterschiedliche Anwendungsszenarien verfügbar sein. Dadurch gelten für moderne Speicherlösungen häufig gestiegene Verfügbarkeitsanforderungen.

• Die zunehmende Digitalisierung sämtlicher Informationen in einer Institution macht es notwendig, dass weitreichende rechtliche Vorgaben (Compliance-Anforderungen) beachtet und eingehalten werden müssen.

• Speicherlösungen sollen dynamisch an die sich stetig ändernden Anforderungen anpassbar sein und Speicherplatz zentral bereitstellen können.

In der Vergangenheit wurden Speicherlösungen oft umgesetzt, indem Speichermedien direkt an einen Server angeschlossen wurden. Diese sogenannten Direct-Attached-Storage-(DAS)-Systeme können die aktuellen und zukünftigen Anforderungen jedoch oft nicht mehr erfüllen. Daher sind die heute weitverbreiteten zentralen Speicherlösungen und deren Bestandteile notwendig, die sich wie folgt unterscheiden lassen:

• Speicherlösungen: Eine Speicherlösung besteht aus einem oder mehreren Speichernetzen sowie mindestens einem Speichersystem.

• Speichernetze: Speichernetze ermöglichen einerseits den Zugriff auf die Speichersysteme, andererseits die Replikation von Daten zwischen Speichersystemen.

• Speichersysteme: Als Speichersystem wird die zentrale Instanz bezeichnet, die für andere IT-Systeme Speicherplatz zur Verfügung stellt. Ein Speichersystem erlaubt außerdem den zeitgleichen Zugriff mehrerer IT-Systeme auf den vorhandenen Speicherplatz.

1.3. Abgrenzung und Modellierung Der Baustein SYS.1.8 Speicherlösungen ist immer dann anzuwenden, wenn zentrale Speicherlösungen eingesetzt werden. Somit kann er auf Network-Attached-Storage-(NAS)-Systeme, Storage-AreaNetworks-(SAN)-Systeme, Hybrid Storage, Objekt Storage oder Cloud Storage angewendet werden. Dabei muss jedoch Folgendes beachtet werden:

• Network Attached Storage (NAS) stellt beispielsweise über die Protokolle NFS (Network File System), AFP (Apple Filing Protocol) und CIFS (Common Internet File System) Zugriffe auf die Speichersysteme zur Verfügung. Der Hauptanwendungsfall besteht darin, Fileserver-Dienste zur Verfügung zu stellen. Für NAS-Systeme sind daher auch zusätzlich zu diesem Baustein die Bausteine SYS.1.1 Allgemeiner Server sowie APP.3.3 Fileserver anzuwenden.

• Storage Area Networks (SAN) werden in der Regel durch ein dediziertes Speichernetz zwischen Speichersystemen und angeschlossenen IT-Systemen geschaffen. Für SAN-Systeme ist daher der Baustein NET.1.1 Netzarchitektur und -design geeignet zu berücksichtigen. Speichersysteme, die sowohl über NAS als auch SAN Daten zur Verfügung stellen können, werden oft unter der Bezeichnung Hybrid-Storage oder kombiniertes Speichersystem (Unified Storage) geführt. Für Hybrid-Systeme sind daher auch zusätzlich die Bausteine SYS.1.1 Allgemeiner Server sowie APP.3.3 Fileserver anzuwenden. Darüber hinaus ist der Baustein NET.1.1 Netzarchitektur und design geeignet zu berücksichtigen.

• Objekt-Storage (oftmals auch als Object-based Storage bezeichnet) ermöglicht gegenüber den traditionellen blockbasierten und dateibasierten Zugriffsmethoden einen objektbasierten Zugriff auf Daten. Der Zugriff auf einen objektbasierenden Speicher erfolgt über eine führende Anwendung. Die Anwendung greift hierbei über eine spezielle Schnittstelle (Application Programming Interface (API)) und deren mögliche Kommandos oder direkt per Internet Protocol (IP) auf den Objekt-Storage zu. Für objektbasierende Speicherlösungen ist daher auch zusätzlich der Baustein SYS.1.1 Allgemeiner Server anzuwenden. Darüber hinaus müssen Sicherheitsanforderungen mitberücksichtigt werden, die sich dadurch ergeben, dass Webservices eingesetzt werden. Webservices werden im vorliegenden Baustein nicht betrachtet.

• Im Zusammenhang mit Weiterentwicklungen im Speicherumfeld etabliert sich zunehmend auch der Begriff des Cloud Storage. Hierunter sind Speicherlösungen als Basis für CloudServices zu verstehen. Die Speicherlösung an sich bleibt dabei weitgehend unverändert, jedoch liegt eine von den klassischen SAN- oder NAS-Architekturen abweichende Art des Zugriffs auf die gespeicherten Daten vor. Dieser wird in der Regel mittels Web-Service-Schnittstelle (via Representional State Transfer (REST) und Simple Object Access Protocol (SOAP)) realisiert.

Datensicherungsgeräte, die an das Speichersystem oder an das Speichernetz angeschlossen sind, werden hier nicht betrachtet, sondern im Baustein OPS.1.2.2 Archivierung behandelt. Konzeptionelle Aspekte der Datensicherung werden im Baustein CON.3 Datensicherungskonzept erläutert. Oft kann eine Vielzahl von Konten auf Speicherlösungen zugreifen. Deswegen sollten Speicherlösungen geeignet im Rollen- und Rechtekonzept mit berücksichtigt werden. Anforderungen dazu finden sich im Baustein ORP.4 Identitäts- und Berechtigungsmanagement. Falls auf externe Dienstleistung zurückgegriffen wird, um eine Speicherlösung zu betreiben, müssen die Anforderungen des Bausteins OPS.2.3 Nutzung von Outsourcing gesondert berücksichtigt werden.";"Antwort:

Zentrale Speicherlösungen können in verschiedene Arten unterteilt werden, je nachdem, wie sie eingesetzt werden. Hier sind einige Beispiele:

- **Network-Attached-Storage (NAS)**: Ein NAS-System stellt Fileserver-Dienste zur Verfügung und ermöglicht den Zugriff auf die Speichersysteme über Protokolle wie NFS, AFP und CIFS. (Quelle: SYS.1.8 Speicherlösungen, S. 1)
- **Storage-Area-Networks (SAN)**: Ein SAN-System wird durch ein dediziertes Speichernetz zwischen Speichersystemen und angeschlossenen IT-Systemen geschaffen. (Quelle: SYS.1.8 Speicherlösungen, S. 2)
- **Hybrid Storage**: Ein Hybrid-System stellt sowohl über NAS als auch SAN Daten zur Verfügung. (Quelle: SYS.1.8 Speicherlösungen, S. 2)
- **Objekt-Storage**: Ein Objekt-Storage ermöglicht einen objektbasierten Zugriff auf Daten und wird über eine führende Anwendung und eine spezielle Schnittstelle (API) oder direkt per Internet Protocol (IP) aufgerufen. (Quelle: SYS.1.8 Speicherlösungen, S. 3)
- **Cloud Storage**: Ein Cloud-Storage ist eine Speicherlösung als Basis für Cloud-Services, die über eine Web-Service-Schnittstelle (via Representional State Transfer (REST) und Simple Object Access Protocol (SOAP)) aufgerufen wird. (Quelle: SYS.1.8 Speicherlösungen, S. 4)

Um eine geeignete Speicherlösung auszuwählen, sollten die technischen Grundlagen unterschiedlicher Speicherlösungen detailliert beleuchtet werden und die Auswirkungen dieser technischen Grundlagen auf den möglichen Einsatz in der Institution geprüft werden. (Quelle: SYS.1.8 Speicherlösungen, S. 5)

Anschlussfragen:

1. Welche Anforderungen müssen bei der Auswahl einer Speicherlösung berücksichtigt werden?
2. Wie kann die Sicherheit von Speicherlösungen gewährleistet werden?
3. Welche Rolle spielen Container bei der Speicherlösung?";"Antwort:

Zentrale Speicherlösungen können in verschiedene Arten unterteilt werden, je nachdem, wie sie eingesetzt werden. Hier sind einige Beispiele:

- **Network-Attached-Storage (NAS)**: Ein NAS-System stellt Fileserver-Dienste zur Verfügung und ermöglicht den Zugriff auf die Speichersysteme über Protokolle wie NFS, AFP und CIFS. (Quelle: SYS.1.8 Speicherlösungen, S. 1)
- **Storage-Area-Networks (SAN)**: Ein SAN-System wird durch ein dediziertes Speichernetz zwischen Speichersystemen und angeschlossenen IT-Systemen geschaffen. (Quelle: SYS.1.8 Speicherlösungen, S. 2)
- **Hybrid Storage**: Ein Hybrid-System stellt sowohl über NAS als auch SAN Daten zur Verfügung. (Quelle: SYS.1.8 Speicherlösungen, S. 2)
- **Objekt-Storage**: Ein Objekt-Storage ermöglicht einen objektbasierten Zugriff auf Daten und wird über eine führende Anwendung und eine spezielle Schnittstelle (API) oder direkt per Internet Protocol (IP) aufgerufen. (Quelle: SYS.1.8 Speicherlösungen, S. 3)
- **Cloud Storage**: Ein Cloud-Storage ist eine Speicherlösung als Basis für Cloud-Services, die über eine Web-Service-Schnittstelle (via Representional State Transfer (REST) und Simple Object Access Protocol (SOAP)) aufgerufen wird. (Quelle: SYS.1.8 Speicherlösungen, S. 4)

Um eine geeignete Speicherlösung auszuwählen, sollten die technischen Grundlagen unterschiedlicher Speicherlösungen detailliert beleuchtet werden und die Auswirkungen dieser technischen Grundlagen auf den möglichen Einsatz in der Institution geprüft werden. (Quelle: SYS.1.8 Speicherlösungen, S. 5)";"1. Welche Anforderungen müssen bei der Auswahl einer Speicherlösung berücksichtigt werden?
2. Wie kann die Sicherheit von Speicherlösungen gewährleistet werden?
3. Welche Rolle spielen Container bei der Speicherlösung?";3;3;0.4166666666458333;0.3125;1.0;0.6963241572217662;;
Was muss in einem Betriebshandbuch für Speicherlösungen enthalten sein?;"Ein Betriebshandbuch für Speicherlösungen sollte alle Regelungen, Anforderungen und Einstellungen dokumentieren, die erforderlich sind, um Speicherlösungen zu betreiben Quelle: SYS.1.8.A10 (S.). Dazu gehören auch die Systemeinstellungen von Speichersystemen, einschließlich technischer und organisatorischer Vorgaben sowie spezifischer Konfigurationen Quelle: SYS.1.8.A17 (S.). Das Betriebshandbuch sollte regelmäßig aktualisiert werden, um sicherzustellen, dass es immer aktuell ist Quelle: SYS.1.8.A10 (S.).

Anschlussfragen:
1. Welche Arten von Speicherlösungen können mit dem Baustein SYS.1.8 abgedeckt werden?
2. Wie sollten Speicherlösungen im Rollen- und Rechtekonzept berücksichtigt werden?
3. Welche Anforderungen müssen bei der Nutzung von externen Dienstleistungen für die Betreibung von Speicherlösungen berücksichtigt werden?";Ein Betriebshandbuch für Speicherlösungen sollte alle Regelungen, Anforderungen und Einstellungen dokumentieren, die erforderlich sind, um Speicherlösungen zu betreiben Quelle: SYS.1.8.A10 (S.). Dazu gehören auch die Systemeinstellungen von Speichersystemen, einschließlich technischer und organisatorischer Vorgaben sowie spezifischer Konfigurationen Quelle: SYS.1.8.A17 (S.). Das Betriebshandbuch sollte regelmäßig aktualisiert werden, um sicherzustellen, dass es immer aktuell ist Quelle: SYS.1.8.A10 (S.).;"""SYS.1.8.A10 Erstellung und Pflege eines Betriebshandbuchs (S) Es SOLLTE ein Betriebshandbuch erstellt werden. Darin SOLLTEN alle Regelungen, Anforderungen und Einstellungen dokumentiert werden, die erforderlich sind, um Speicherlösungen zu betreiben. Das Betriebshandbuch SOLLTE regelmäßig aktualisiert werden."",

""SYS.1.8.A17 Dokumentation der Systemeinstellungen von Speichersystemen (S) Alle Systemeinstellungen von Speichersystemen SOLLTEN dokumentiert werden. Die Dokumentation SOLLTE die technischen und organisatorischen Vorgaben sowie alle spezifischen Konfigurationen der Speichersysteme der Institution enthalten. Sofern die Dokumentation der Systemeinstellungen vertrauliche Informationen beinhaltet, SOLLTEN diese vor unberechtigtem Zugriff geschützt werden. Die Dokumentation SOLLTE regelmäßig überprüft werden. Sie SOLLTE immer aktuell sein.""";"**Betriebshandbuch für Speicherlösungen**

Ein Betriebshandbuch für Speicherlösungen SOLLTE alle erforderlichen Regelungen, Anforderungen und Einstellungen dokumentieren, die erforderlich sind, um Speicherlösungen zu betreiben. Das Betriebshandbuch SOLLTE regelmäßig aktualisiert werden.

**Inhalt des Betriebshandbuchs**

Das Betriebshandbuch SOLLTE mindestens die folgenden Themen adressieren:

* relevante System- und Kontaktinformationen
* erforderliche und zulässige Betriebsmittel
* allgemeine Konfigurationsvorgaben
* Konfigurationsvorgaben zur Härtung von Spezialsystemen
* Rollen- und Berechtigungen
* IT-Monitoring, Protokollierung und Alarmierung
* Datensicherung und Notfallkonzepte
* IT Incident Management
* Vorgaben für alle regelmäßigen und außerplanmäßigen Tätigkeiten

**Sichere Grundkonfiguration**

Bevor eine Speicherlösung produktiv eingesetzt wird, MUSS sichergestellt sein, dass alle eingesetzten Softwarekomponenten und die Firmware aktuell sind. Danach MUSS eine sichere Grundkonfiguration hergestellt werden.

**Überwachung und Verwaltung**

Speicherlösungen SOLLTEN überwacht werden. Dabei SOLLTEN alle erhobenen Daten (Nachrichten) vorrangig daraufhin geprüft werden, ob die Vorgaben des Betriebshandbuchs eingehalten werden.

**Sicherer Betrieb**

Das Speichersystem SOLLTE hinsichtlich der Verfügbarkeit der internen Anwendungen, der Systemauslastung sowie kritischer Ereignisse überwacht werden. Weiterhin SOLLTEN für Speicherlösungen feste Wartungsfenster definiert werden, in denen Änderungen durchgeführt werden können.

**Geeignete Aufstellung**

Die IT-Komponenten von Speicherlösungen MÜSSEN in verschlossenen Räumen aufgestellt werden. Zu diesen Räumen DÜRFEN NUR Berechtigte Zutritt haben. Zudem MUSS eine sichere Stromversorgung sichergestellt sein.

**Quellen:**

* Erstellung und Pflege eines Betriebshandbuchs (S. 1)
* Erstellung einer Sicherheitsrichtlinie für Speicherlösungen (S. 2)
* Überwachung und Verwaltung von Speicherlösungen (S. 3)
* Sicherer Betrieb einer Speicherlösung (S. 4)
* Geeignete Aufstellung von Speichersystemen (S. 5)

**Anschlussfragen:**

1. Wie oft SOLLTE das Betriebshandbuch aktualisiert werden?
2. Welche Rolle SOLLTE die IT-Monitoring, Protokollierung und Alarmierung im Betriebshandbuch spielen?
3. Wie SOLLTEN die IT-Komponenten von Speicherlösungen aufgestellt werden?";"**Betriebshandbuch für Speicherlösungen**

Ein Betriebshandbuch für Speicherlösungen SOLLTE alle erforderlichen Regelungen, Anforderungen und Einstellungen dokumentieren, die erforderlich sind, um Speicherlösungen zu betreiben. Das Betriebshandbuch SOLLTE regelmäßig aktualisiert werden.

**Inhalt des Betriebshandbuchs**

Das Betriebshandbuch SOLLTE mindestens die folgenden Themen adressieren:

* relevante System- und Kontaktinformationen
* erforderliche und zulässige Betriebsmittel
* allgemeine Konfigurationsvorgaben
* Konfigurationsvorgaben zur Härtung von Spezialsystemen
* Rollen- und Berechtigungen
* IT-Monitoring, Protokollierung und Alarmierung
* Datensicherung und Notfallkonzepte
* IT Incident Management
* Vorgaben für alle regelmäßigen und außerplanmäßigen Tätigkeiten

**Sichere Grundkonfiguration**

Bevor eine Speicherlösung produktiv eingesetzt wird, MUSS sichergestellt sein, dass alle eingesetzten Softwarekomponenten und die Firmware aktuell sind. Danach MUSS eine sichere Grundkonfiguration hergestellt werden.

**Überwachung und Verwaltung**

Speicherlösungen SOLLTEN überwacht werden. Dabei SOLLTEN alle erhobenen Daten (Nachrichten) vorrangig daraufhin geprüft werden, ob die Vorgaben des Betriebshandbuchs eingehalten werden.

**Sicherer Betrieb**

Das Speichersystem SOLLTE hinsichtlich der Verfügbarkeit der internen Anwendungen, der Systemauslastung sowie kritischer Ereignisse überwacht werden. Weiterhin SOLLTEN für Speicherlösungen feste Wartungsfenster definiert werden, in denen Änderungen durchgeführt werden können.

**Geeignete Aufstellung**

Die IT-Komponenten von Speicherlösungen MÜSSEN in verschlossenen Räumen aufgestellt werden. Zu diesen Räumen DÜRFEN NUR Berechtigte Zutritt haben. Zudem MUSS eine sichere Stromversorgung sichergestellt sein.

**Quellen:**

* Erstellung und Pflege eines Betriebshandbuchs (S. 1)
* Erstellung einer Sicherheitsrichtlinie für Speicherlösungen (S. 2)
* Überwachung und Verwaltung von Speicherlösungen (S. 3)
* Sicherer Betrieb einer Speicherlösung (S. 4)
* Geeignete Aufstellung von Speichersystemen (S. 5)";"1. Wie oft SOLLTE das Betriebshandbuch aktualisiert werden?
2. Welche Rolle SOLLTE die IT-Monitoring, Protokollierung und Alarmierung im Betriebshandbuch spielen?
3. Wie SOLLTEN die IT-Komponenten von Speicherlösungen aufgestellt werden?";3;3;0.9379251700546283;1.0;1.0;0.35533802410730353;;
Wie implementiere ich eine hochverfügbare SAN-Lösung richtig?;"Um eine hochverfügbare SAN-Lösung richtig zu implementieren, SOLLTE eine hochverfügbare SAN-Lösung eingesetzt werden, wie im Baustein SYS.1.8.A22 beschrieben Quelle: SYS.1.8.A22 (S. unbekannt, da keine Seitenzahl angegeben). Die eingesetzten Replikationsmechanismen SOLLTEN den Verfügbarkeitsanforderungen der Institution an die Speicherlösung entsprechen. Auch die Konfiguration der Speicherlösung SOLLTE den Verfügbarkeitsanforderungen gerecht werden. Außerdem SOLLTE ein Test- und Konsolidierungssystem vorhanden sein.

Zusätzlich SOLLTE Hard-Zoning eingesetzt werden, um SANs zu segmentieren, wie in SYS.1.8.A26 beschrieben Quelle: SYS.1.8.A26 (S. unbekannt, da keine Seitenzahl angegeben).

Anschlussfragen:
1. Wie können die Verfügbarkeitsanforderungen der Institution an die Speicherlösung bestimmt werden?
2. Welche Rolle spielt die Konfiguration der Speicherlösung bei der Gewährleistung der Hochverfügbarkeit?
3. Wie kann ein Test- und Konsolidierungssystem für eine hochverfügbare SAN-Lösung eingerichtet werden?";"Um eine hochverfügbare SAN-Lösung richtig zu implementieren, SOLLTE eine hochverfügbare SAN-Lösung eingesetzt werden, wie im Baustein SYS.1.8.A22 beschrieben Quelle: SYS.1.8.A22 (S. unbekannt, da keine Seitenzahl angegeben). Die eingesetzten Replikationsmechanismen SOLLTEN den Verfügbarkeitsanforderungen der Institution an die Speicherlösung entsprechen. Auch die Konfiguration der Speicherlösung SOLLTE den Verfügbarkeitsanforderungen gerecht werden. Außerdem SOLLTE ein Test- und Konsolidierungssystem vorhanden sein.

Zusätzlich SOLLTE Hard-Zoning eingesetzt werden, um SANs zu segmentieren, wie in SYS.1.8.A26 beschrieben Quelle: SYS.1.8.A26 (S. unbekannt, da keine Seitenzahl angegeben).";"""SYS.1.8.A22 Einsatz einer hochverfügbaren SAN-Lösung (H) Eine hochverfügbare SAN-Lösung SOLLTE eingesetzt werden. Die eingesetzten Replikationsmechanismen SOLLTEN den Verfügbarkeitsanforderungen der Institution an die Speicherlösung entsprechen. Auch die Konfiguration der Speicherlösung SOLLTE den Verfügbarkeitsanforderungen gerecht werden. Außerdem SOLLTE ein Test- und Konsolidierungssystem vorhanden sein."",

""SYS.1.8.A26 Absicherung eines SANs durch Hard-Zoning (H) Um SANs zu segmentieren, SOLLTE Hard-Zoning eingesetzt werden.""";"Um eine hochverfügbare SAN-Lösung richtig zu implementieren, sollten folgende Schritte beachtet werden:

- Die eingesetzten Replikationsmechanismen SOLLTEN den Verfügbarkeitsanforderungen der Institution an die Speicherlösung entsprechen (Quelle: APP.3.1.A1 (S.391)).
- Die Konfiguration der Speicherlösung SOLLTE den Verfügbarkeitsanforderungen gerecht werden (Quelle: APP.3.1.A1 (S.391)).
- Ein Test- und Konsolidierungssystem SOLLTE vorhanden sein (Quelle: APP.3.1.A1 (S.391)).

Darüber hinaus SOLLTE ein SAN segmentiert werden, um die Sicherheit zu erhöhen (Quelle: APP.3.1.A1 (S.391)). Die aktuelle Ressourcenzuordnung SOLLTE mithilfe von Verwaltungswerkzeugen einfach und übersichtlich erkennbar sein (Quelle: APP.3.1.A1 (S.391)).

Die Dokumentation der Zoning-Konfiguration SOLLTE auch in Notfällen verfügbar sein (Quelle: APP.3.1.A1 (S.391)).

Um die Sicherheit der Speicherlösung zu erhöhen, SOLLTEN die unsicheren Default-Einstellungen bei Speicherkomponenten vermieden werden (Quelle: APP.3.1.A1 (S.391)). Die Manipulation von Daten über das Speichersystem SOLLTE verhindert werden (Quelle: APP.3.1.A1 (S.391)).

Die Verlust der Vertraulichkeit durch storagebasierte Replikationsmethoden SOLLTE vermieden werden (Quelle: APP.3.1.A1 (S.391)). Der Zugriff auf Informationen anderer Mandanten durch WWN-Spoofing SOLLTE verhindert werden (Quelle: APP.3.1.A1 (S.391)).

Die Überwindung der logischen Netzseparierung SOLLTE verhindert werden (Quelle: APP.3.1.A1 (S.391)).

Die Ausfall von Komponenten einer Speicherlösung SOLLTE minimiert werden (Quelle: APP.3.1.A1 (S.391)).

Der Erlangung physischen Zugangs auf SAN-Switches SOLLTE entgegengewirkt werden (Quelle: APP.3.1.A1 (S.391)).

Anschlussfragen:

1. Wie kann die Verfügbarkeit der Speicherlösung weiter verbessert werden?
2. Welche Rolle spielt die Segmentierung des SAN bei der Sicherheit?
3. Wie kann die Dokumentation der Zoning-Konfiguration in Notfällen sicherstellen werden?";"Um eine hochverfügbare SAN-Lösung richtig zu implementieren, sollten folgende Schritte beachtet werden:

- Die eingesetzten Replikationsmechanismen SOLLTEN den Verfügbarkeitsanforderungen der Institution an die Speicherlösung entsprechen (Quelle: APP.3.1.A1 (S.391)).
- Die Konfiguration der Speicherlösung SOLLTE den Verfügbarkeitsanforderungen gerecht werden (Quelle: APP.3.1.A1 (S.391)).
- Ein Test- und Konsolidierungssystem SOLLTE vorhanden sein (Quelle: APP.3.1.A1 (S.391)).

Darüber hinaus SOLLTE ein SAN segmentiert werden, um die Sicherheit zu erhöhen (Quelle: APP.3.1.A1 (S.391)). Die aktuelle Ressourcenzuordnung SOLLTE mithilfe von Verwaltungswerkzeugen einfach und übersichtlich erkennbar sein (Quelle: APP.3.1.A1 (S.391)).

Die Dokumentation der Zoning-Konfiguration SOLLTE auch in Notfällen verfügbar sein (Quelle: APP.3.1.A1 (S.391)).

Um die Sicherheit der Speicherlösung zu erhöhen, SOLLTEN die unsicheren Default-Einstellungen bei Speicherkomponenten vermieden werden (Quelle: APP.3.1.A1 (S.391)). Die Manipulation von Daten über das Speichersystem SOLLTE verhindert werden (Quelle: APP.3.1.A1 (S.391)).

Die Verlust der Vertraulichkeit durch storagebasierte Replikationsmethoden SOLLTE vermieden werden (Quelle: APP.3.1.A1 (S.391)). Der Zugriff auf Informationen anderer Mandanten durch WWN-Spoofing SOLLTE verhindert werden (Quelle: APP.3.1.A1 (S.391)).

Die Überwindung der logischen Netzseparierung SOLLTE verhindert werden (Quelle: APP.3.1.A1 (S.391)).

Die Ausfall von Komponenten einer Speicherlösung SOLLTE minimiert werden (Quelle: APP.3.1.A1 (S.391)).

Der Erlangung physischen Zugangs auf SAN-Switches SOLLTE entgegengewirkt werden (Quelle: APP.3.1.A1 (S.391)).";"1. Wie kann die Verfügbarkeit der Speicherlösung weiter verbessert werden?
2. Welche Rolle spielt die Segmentierung des SAN bei der Sicherheit?
3. Wie kann die Dokumentation der Zoning-Konfiguration in Notfällen sicherstellen werden?";3;3;0.733333333315;1.0;0.38461538461538464;0.2925618094399103;;
Welche Schritte sind erforderlich, um den Schutzbedarf für Geschäftsprozesse und Anwendungen zu ermitteln, und welche Schadensszenarien sind dabei zu berücksichtigen?;"Um den Schutzbedarf für Geschäftsprozesse und Anwendungen zu ermitteln, sollten die Bedeutung der einzelnen Geschäftsprozesse für die Institution beleuchtet und die Abhängigkeiten zwischen Geschäftsprozessen und Anwendungen analysiert werden. Dazu gehört auch die Diskussion realistischer Schadensszenarien mit der Fragestellung ""Was wäre, wenn..."" und die Beschreibung der zu erwartenden materiellen oder ideellen Schäden. Quelle: 8.2.3 Schutzbedarfsfeststellung für Geschäftsprozesse und Anwendungen (S.8.2.3).

Bei der Schutzbedarfsfeststellung sollten die Schadensszenarien Verstoß gegen Gesetze/Vorschriften/Verträge, Beeinträchtigung des informationellen Selbstbestimmungsrechts, Beeinträchtigung der persönlichen Unversehrtheit, Beeinträchtigung der Aufgabenerfüllung, negative Innen- oder Außenwirkung und finanzielle Auswirkungen berücksichtigt werden. Quelle: 8.2.1 Definition der Schutzbedarfskategorien (S.8.2.1).

Die Schutzbedarfskategorien ""normal"", ""hoch"" und ""sehr hoch"" sollten anhand dieser Schadensszenarien und der zu erwartenden Auswirkungen bestimmt werden. Quelle: 8.2.1 Definition der Schutzbedarfskategorien (S.8.2.1).

Anschlussfragen:
1. Wie können die Schutzbedarfskategorien ""normal"", ""hoch"" und ""sehr hoch"" für eine bestimmte Anwendung oder einen Geschäftsprozess bestimmt werden?
2. Welche Rolle spielen die Schadensszenarien bei der Ermittlung des Schutzbedarfs für Geschäftsprozesse und Anwendungen?
3. Wie können die Ergebnisse der Schutzbedarfsfeststellung dokumentiert und für das Informationssicherheitsmanagement genutzt werden?";"Um den Schutzbedarf für Geschäftsprozesse und Anwendungen zu ermitteln, sollten die Bedeutung der einzelnen Geschäftsprozesse für die Institution beleuchtet und die Abhängigkeiten zwischen Geschäftsprozessen und Anwendungen analysiert werden. Dazu gehört auch die Diskussion realistischer Schadensszenarien mit der Fragestellung ""Was wäre, wenn..."" und die Beschreibung der zu erwartenden materiellen oder ideellen Schäden. Quelle: 8.2.3 Schutzbedarfsfeststellung für Geschäftsprozesse und Anwendungen (S.8.2.3).

Bei der Schutzbedarfsfeststellung sollten die Schadensszenarien Verstoß gegen Gesetze/Vorschriften/Verträge, Beeinträchtigung des informationellen Selbstbestimmungsrechts, Beeinträchtigung der persönlichen Unversehrtheit, Beeinträchtigung der Aufgabenerfüllung, negative Innen- oder Außenwirkung und finanzielle Auswirkungen berücksichtigt werden. Quelle: 8.2.1 Definition der Schutzbedarfskategorien (S.8.2.1).

Die Schutzbedarfskategorien ""normal"", ""hoch"" und ""sehr hoch"" sollten anhand dieser Schadensszenarien und der zu erwartenden Auswirkungen bestimmt werden. Quelle: 8.2.1 Definition der Schutzbedarfskategorien (S.8.2.1).";"8.2.3 Schutzbedarfsfeststellung für Geschäftsprozesse und Anwendungen Um den Schutzbedarf in den verschiedenen Bereichen eines Informationsverbunds zu bestimmen, muss zunächst der Schutzbedarf der Geschäftsprozesse und der zugehörigen Informationen ermittelt werden. Darauf aufbauend wird daraus der Schutzbedarf der einzelnen Anwendungen, IT-Systeme, ICS- und sonstigen Geräte, Räume und Kommunikationsverbindungen abgeleitet. Um den Schutzbedarf der Geschäftsprozesse zu ermitteln, sollte zunächst die Bedeutung der einzel? nen Geschäftsprozesse für die Institution beleuchtet werden. Davon ausgehend sollte hinterfragt werden, welche Abhängigkeiten zwischen Geschäftsprozessen und Anwendungen bestehen und wie die sich daraus ergebenden Risiken entschärft werden können. Hierzu hat es sich bewährt, mit der Fragestellung „Was wäre, wenn...?“ zusammen mit den Anwendern realistische Schadensszena? rien zu diskutieren und die zu erwartenden materiellen oder ideellen Schäden zu beschreiben. Oft führt dies auch dazu, dass kritische Abhängigkeiten zwischen Geschäftsprozessen und weiteren Ziel? objekten aufgedeckt werden, die vorher nicht im Fokus standen. Aus dem Schutzbedarf der Geschäftsprozesse ergibt sich der Schutzbedarf der Anwendungen, die für deren Erledigung eingesetzt werden.

Hinweis:       Zur Einschätzung des Schutzbedarfs sollten die geeigneten Ansprechpartner gesucht werden, es       ist nicht erforderlich, größere Gruppe von Benutzern zu befragen. Beispielsweise ist es zur Bewer?       tung des Schutzbedarfs bestimmter zentraler Dienste, wie zum Beispiel DNS oder E-Mail, ausrei?       chend, den Schutzbedarf durch die Organisationseinheit festlegen zu lassen, die als Dienstanbie?       ter ffr die Institution auftritt (meist die IT-Abteilung oder das Provider-Management). Der Schutz?       bedarf dieser Dienste ist in der Institution zu kommunizieren. Wird ein höherwertiger       Schutzbedarf der Dienste durch einzelne Fachabteilungen benötigt, so sind mögliche Lösungen       zwischen Fachabteilung, Sicherheitsmanagement und dem Betreiber oder Anbieter des Dienstes       zu erörtern. Ein IT-Dienstleister kann im Regelfall seine Services nicht ffr jede mögliche Schutzbe?       darfskategorie bereitstellen. Deshalb wird er seine Dienste mit einer von ihm festgelegten Schutz?       bedarfseignung anbieten. Der Informationseigentfmer muss bei Nutzung eines Service ffr seinen       Geschäftsprozess entscheiden, ob die ihm vom IT-Dienstleister angebotene Schutzbedarfseig?       nung ausreicht oder ob zusätzliche Sicherheitsmaßnahmen infolge höheren Schutzbedarfs um?       gesetzt werden mfssen.

In die Schutzbedarfsfeststellung müssen auch die in der Strukturanalyse erfassten Gruppen von Da? tenträgern und Dokumenten einbezogen werden. Um die Ermittlung der möglichen Schäden und Auswirkungen zu vereinfachen, werden im Anhang dieses Standards entsprechende Fragestellungen vorgestellt. Diese Anregungen erheben nicht den Anspruch auf Vollständigkeit, sie dienen lediglich zur Orientierung. Um die individuelle Aufgabenstel? lung und die Situation der Institution zu berücksichtigen, müssen diese Fragen gegebenenfalls ent? sprechend ergänzt und angepasst werden. Die Festlegung des Schutzbedarfs der Geschäftsprozesse und Anwendungen ist eine Entscheidung im Rahmen des Risikomanagements und hat oft weitreichende Auswirkungen auf das Sicherheitskon? zept für den betrachteten Informationsverbund. Der Schutzbedarf der Geschäftsprozesse und Anwendungen fließt in die Schutzbedarfsfeststellung der betroffenen technischen und infrastrukturellen Objekte, wie zum Beispiel Server und Räume, ein. Bei komplexen Geschäftsprozessen, insbesondere wenn diese hohen oder sehr hohen Schutzbedarf haben, kann es sinnvoll sein, diese in Teilprozesse zu zerlegen. Wenn dabei der Bereich mit einem hohen oder sehr hohen Schutzbedarf auf wenige Teilprozesse eingegrenzt werden kann, hat das den Vorteil, dass sich der hohe bzw. sehr hohe Schutzbedarf auf wenige Objekte vererbt. Um die Ergebnisse der Schutzbedarfsfeststellung und die daraus resultierenden Entscheidungen im Rahmen des Informationssicherheitsmanagements später jederzeit nachvollziehen zu können, müs? sen die Ergebnisse der Schutzbedarfsfeststellung der Geschäftsprozesse und Anwendungen gut do? kumentiert werden. Dabei ist darauf zu achten, dass nicht nur die Festlegung des Schutzbedarfs fest? gehalten wird, sondern auch die entsprechenden Begründungen. Diese Begründungen erlauben es später, die Festlegungen zu überprüfen und weiter zu verwenden.

An dieser Stelle kann es sinnvoll sein, über diese Informationen hinaus den Schutzbedarf auch aus einer gesamtheitlichen Sicht der Geschäftsprozesse oder Fachaufgaben zu betrachten. Dazu bietet es sich an, den Zweck einer Anwendung in einem Geschäftsprozess oder in einer Fachaufgabe zu be? schreiben und daraus wiederum deren Bedeutung abzuleiten. Diese Bedeutung kann wie folgt klas? sifiziert werden. Die Bedeutung der Anwendung ist für den Geschäftsprozess bzw. die Fachaufgabe: • normal: Der Geschäftsprozess bzw. die Fachaufgabe kann mit tolerierbarem Mehraufwand mit   anderen Mitteln (z. B. manuell) durchgeführt werden. • hoch: Der Geschäftsprozess bzw. die Fachaufgabe kann nur mit deutlichem Mehraufwand mit   anderen Mitteln durchgeführt werden. • sehr hoch: Der Geschäftsprozess bzw. die Fachaufgabe kann ohne die Anwendung überhaupt   nicht durchgeführt werden. Der Vorteil, eine solche ganzheitliche Zuordnung vorzunehmen, liegt insbesondere darin, dass bei der Schutzbedarfsfeststellung die Leitungsebene als Regulativ für den Schutzbedarf der einzelnen An? wendungen agieren kann. So kann es sein, dass ein Verantwortlicher für eine Anwendung deren Schutzbedarf aus seiner Sicht als „normal“ einschätzt, die Leitungsebene aus Sicht des Geschäftspro? zesses bzw. der Fachaufgabe diese Einschätzung jedoch nach oben korrigiert. Diese optionalen Angaben sollten ebenfalls tabellarisch oder mithilfe entsprechender Software-pro? dukte dokumentiert werden.

Aktionspunkt zu 8.2.3 Schutzbedarfsfeststellung für Geschäftsprozesse und Anwendun? gen • Schutzbedarf der erfassten Geschäftsprozesse und Anwendungen anhand von Schadensszenarien und Fragenkatalogen ermitteln • Schutzbedarf der Geschäftsprozesse und Anwendungen und die entsprechenden Begründungen   tabellarisch dokumentieren

8.2.1 Definition der Schutzbedarfskategorien 
Da der Schutzbedarf meist nicht quantifizierbar ist, beschränkt sich der IT-Grundschutz somit auf eine qualitative Aussage, indem der Schutzbedarf in drei Kategorien unterteilt wird:

Schutzbedarfskategorien „normal“     Die Schadensauswirkungen sind begrenzt und überschaubar. „hoch“    Die Schadensauswirkungen können beträchtlich sein. „sehr hoch“         Die Schadensauswirkungen können ein existenziell bedrohliches, katastrophales Ausmaß erreichen.

Hinweis:       Es kann für eine Institution auch sinnvoll sein, weitere Kategorien zu definieren. Beispielsweise       kann eine Abstufung nach unten, z. B. „unkritisch“, eingeffhrt werden. (Diese könnte wie folgt       definiert sein: „Schäden an Ressourcen der Schutzbedarfskategorie ,unkritisch‘ haben keine oder       nur minimale Beeinträchtigungen der Institution zur Folge.“)

Werden nur ein oder zwei Kategorien genutzt, ist die damit erreichbare Abstufung meist nicht gra? nular genug. Werden dagegen fünf oder mehr Schutzbedarfskategorien verwendet, ist eine klare Unterscheidung zwischen den einzelnen Stufen schwieriger. Zudem ist die Zuordnung von Ressourcen zu einer der möglichen Schutzbedarfskategorien schwer nachvollziehbar und es steigt dadurch auch der Aufwand sowohl bei der Zuordnung als auch bei Revisionen. Eine andere Möglichkeit ist es, für Vertraulichkeit andere Kategorien als für Integrität oder Verfügbar? keit zu nutzen. Einige Institutionen unterteilen beispielsweise Vertraulichkeit in die Kategorien „of? fen“, „intern“, „vertraulich“ und „geheim“, aber die Kategorien Integrität oder Verfügbarkeit nur in zwei Stufen „normal“ und „kritisch“. Wenn mehr als drei Schutzbedarfskategorien definiert werden, so ist zu überlegen, welche der neu definierten Kategorien den Schutzbedarfskategorien „hoch“ bzw. „sehr hoch“ entsprechen, denn diese Information wird zur Überprüfung der Entscheidung benötigt, welche Objekte in die Risikoana? lyse aufgenommen werden.

Die nachfolgenden Schritte erläutern, wie für Geschäftsprozesse und die mit diesen verbundenen Anwendungen jeweils die adäquate Schutzbedarfskategorie ermittelt werden kann. Die Schäden, die bei dem Verlust der Vertraulichkeit, Integrität oder Verfügbarkeit für einen Geschäftsprozess bzw. eine Anwendung einschließlich ihrer Daten entstehen können, lassen sich typi? scherweise folgenden Schadensszenarien zuordnen: • Verstoß gegen Gesetze/Vorschriften/Verträge, • Beeinträchtigung des informationellen Selbstbestimmungsrechts, • Beeinträchtigung der persönlichen Unversehrtheit, • Beeinträchtigung der Aufgabenerfüllung, • negative Innen- oder Außenwirkung und • finanzielle Auswirkungen. Häufig treffen dabei für einen Schaden mehrere Schadensszenarien zu. So kann beispielsweise der Ausfall einer Anwendung die Aufgabenerfüllung beeinträchtigen, was direkte finanzielle Einbußen nach sich zieht und gleichzeitig auch zu einem Imageverlust führt.

Hinweis:     Auch die Art und Anzahl der betrachteten Szenarien können individuell angepasst werden. Je     nach Institution gibt es unterschiedliche Schwerpunkte, auf die sich das Sicherheitsmanagement     konzentrieren kann. So könnte das Szenario „Beeinträchtigung des informationellen Selbstbe?     stimmungsrechts“ entfallen, wenn beispielsweise in der Institution das Datenschutzmanagement     dieses Szenario bereits ausreichend betrachtet hat. In vielen Institutionen kann das Szenario „Be?     einträchtigung der persönlichen Unversehrtheit“ weggelassen werden, es sei denn, es handelt     sich um ein Unternehmen, bei dem Fehlfunktionen von IT-Systemen unmittelbar Personenschä?     den nach sich ziehen können. Dies könnte beispielsweise im Gesundheitswesen oder in Produk?     tionsbereichen der Fall sein.

Es könnten auch zusätzliche Szenarien betrachtet werden, wie beispielsweise • Einschränkung der Dienstleistungen für Dritte oder
• Auswirkungen auf weitere Infrastrukturen außerhalb des eigenen Informationsverbunds (z. B. Re?   chenzentren, IT-Betrieb von Kunden oder Dienstleistern). Um die Schutzbedarfskategorien „normal“, „hoch“ und „sehr hoch“ voneinander abgrenzen zu können, bietet es sich an, die Grenzen für die einzelnen Schadensszenarien zu bestimmen. Zur Ori? entierung, welchen Schutzbedarf ein potenzieller Schaden und seine Folgen erzeugen, dienen die folgenden Tabellen. Die Tabellen sollten von der jeweiligen Institution auf ihre eigenen Gegebenheiten angepasst werden.

Schutzbedarfskategorie „normal“ 1. Verstoß gegen Gesetze/               • Verstöße gegen Vorschriften und Gesetze mit geringfügigen    Vorschriften/Verträge                  Konsequenzen                                         • Geringfügige Vertragsverletzungen mit maximal geringen Kon?                                           ventionalstrafen 2. Beeinträchtigung des infor? • Es handelt sich um personenbezogene Daten, durch deren Ver?    mationellen Selbstbestim?     arbeitung der Betroffene in seiner gesellschaftlichen Stellung    mungsrechts                   oder in seinen wirtschaftlichen Verhältnissen beeinträchtigt wer?                                  den kann. 3. Beeinträchtigung der per?            • Eine Beeinträchtigung erscheint nicht möglich.    sönlichen Unversehrtheit 4. Beeinträchtigung der Auf?            • Die Beeinträchtigung würde von den Betroffenen als tolerabel    gabenerfüllung                         eingeschätzt werden.                                         • Die maximal tolerierbare Ausfallzeit liegt zwischen 24 und 72                                           Stunden. 5. Negative Innen- oder Au?             • Eine geringe bzw. nur interne Ansehens- oder Vertrauensbeein?    ßenwirkung                             trächtigung ist zu erwarten. 6. Finanzielle Auswirkungen             • Der finanzielle Schaden bleibt für die Institution tolerabel.

Tabelle 2: Schutzbedarfskategorie „normal“

Schutzbedarfskategorie „hoch“ 1. Verstoß gegen Geset?                 • Verstöße gegen Vorschriften und Gesetze mit erheblichen Kon?    ze/Vorschriften/Verträge               sequenzen                                         • Vertragsverletzungen mit hohen Konventionalstrafen 2. Beeinträchtigung des infor? • Es handelt sich um personenbezogene Daten, bei deren Verar?    mationellen Selbstbestim?     beitung der Betroffene in seiner gesellschaftlichen Stellung oder    mungsrechts                   in seinen wirtschaftlichen Verhältnissen erheblich beeinträchtigt                                  werden kann. 3. Beeinträchtigung der per?            • Eine Beeinträchtigung der persönlichen Unversehrtheit kann    sönlichen Unversehrtheit               nicht absolut ausgeschlossen werden.

Schutzbedarfskategorie „hoch“ 4. Beeinträchtigung der Auf?               • Die Beeinträchtigung würde von einzelnen Betroffenen als nicht    gabenerfüllung                            tolerabel eingeschätzt.                                            • Die maximal tolerierbare Ausfallzeit liegt zwischen einer und 24                                              Stunden. 5. Negative Innen- oder Au?                • Eine breite Ansehens- oder Vertrauensbeeinträchtigung ist zu er?    ßenwirkung                                warten. 6. Finanzielle Auswirkungen                • Der Schaden bewirkt beachtliche finanzielle Verluste, ist jedoch                                              nicht existenzbedrohend.

Tabelle 3: Schutzbedarfskategorie „hoch“


Schutzbedarfskategorie „sehr hoch“ 1. Verstoß gegen Gesetze/                  • Fundamentaler Verstoß gegen Vorschriften und Gesetze    Vorschriften/Verträge                   • Vertragsverletzungen, deren Haftungsschäden ruinös sind 2. Beeinträchtigung des infor? • Es handelt sich um personenbezogene Daten, bei deren Verar?    mationellen Selbstbestim?     beitung eine Gefahr für Leib und Leben oder die persönliche Frei?    mungsrechts                   heit des Betroffenen gegeben ist. 3. Beeinträchtigung der per?               • Gravierende Beeinträchtigungen der persönlichen Unversehrt?    sönlichen Unversehrtheit                  heit sind möglich.                                            • Gefahr für Leib und Leben 4. Beeinträchtigung der Auf?               • Die Beeinträchtigung würde von allen Betroffenen als nicht tole?    gabenerfüllung                            rabel eingeschätzt werden.                                            • Die maximal tolerierbare Ausfallzeit ist kleiner als eine Stunde. 5. Negative Innen- oder Au?                • Eine landesweite Ansehens- oder Vertrauensbeeinträchtigung,    ßenwirkung                                eventuell sogar existenzgefährdender Art, ist denkbar. 6. Finanzielle Auswirkungen                • Der finanzielle Schaden ist für die Institution existenzbedrohend.

Tabelle 4: Schutzbedarfskategorie „sehr hoch“

Wenn bei individuellen Betrachtungen festgestellt wird, dass über diese sechs Schadensszenarien hi? naus weitere infrage kommen, sollten diese entsprechend ergänzt werden. Für alle Schäden, die sich nicht in diese Szenarien abbilden lassen, muss ebenfalls eine Aussage getroffen werden, wo die Gren? zen zwischen „normal“, „hoch“ oder „sehr hoch“ zu ziehen sind. Darüber hinaus sollten die individuellen Gegebenheiten der Institution berücksichtigt werden: Bedeu? tet in einem Großunternehmen ein Schaden in Höhe von 200.000,- E gemessen am Umsatz noch einen geringen Schaden, so kann für ein Kleinunternehmen schon ein Schaden in Höhe von 10.000,- E existenziell bedrohlich sein. Daher kann es sinnvoll sein, eine prozentuale Größe als Grenzwert zu definieren, der sich am Gesamtumsatz, am Gesamtgewinn oder an einer ähnlichen Bezugsgröße ori? entiert. Ähnliche Überlegungen können bezüglich der Verfügbarkeitsanforderungen angestellt werden. So kann beispielsweise ein Ausfall von 24 Stunden Dauer in der Schutzbedarfskategorie „normal“ als

";"Um den Schutzbedarf für Geschäftsprozesse und Anwendungen zu ermitteln, sind folgende Schritte erforderlich:

1. **Bedeutung der Geschäftsprozesse für die Institution beleuchten**: Die Bedeutung der einzelnen Geschäftsprozesse für die Institution muss ermittelt werden, um den Schutzbedarf zu bestimmen.
2. **Abhängigkeiten zwischen Geschäftsprozessen und Anwendungen hinterfragen**: Die Abhängigkeiten zwischen Geschäftsprozessen und Anwendungen müssen analysiert werden, um die möglichen Risiken zu identifizieren.
3. **Realistische Schadensszenarien diskutieren**: Mit den Anwendern sollten realistische Schadensszenarien diskutiert werden, um die möglichen Schäden zu beschreiben.
4. **Schutzbedarf der Anwendungen bestimmen**: Aus dem Schutzbedarf der Geschäftsprozesse ergibt sich der Schutzbedarf der Anwendungen, die für deren Erledigung eingesetzt werden.
5. **Schutzbedarf der IT-Systeme, Räume und Kommunikationsverbindungen abgeleiten**: Der Schutzbedarf der einzelnen Objekte (z. B. IT-Systeme, Räume und Kommunikationsverbindungen) wird daraus abgeleitet.

Zu berücksichtigen sind dabei folgende Schadensszenarien:

* Verlust von Vertraulichkeit
* Verlust von Integrität
* Verlust von Verfügbarkeit
* Kumulation mehrerer Schäden auf einem IT-System
* Abhängigkeiten zwischen Geschäftsprozessen und Anwendungen

Anschlussfragen:

1. Wie können die möglichen Schäden durch den Verlust von Vertraulichkeit, Integrität oder Verfügbarkeit benannt und eingeschätzt werden?
2. Wie können die Abhängigkeiten zwischen Geschäftsprozessen und Anwendungen analysiert werden?
3. Wie kann der Schutzbedarf der Anwendungen bestimmt werden, um den Schutzbedarf der IT-Systeme, Räume und Kommunikationsverbindungen abzuleiten?

Quelle: Kapitel 8.2 des Kompendiums für IT-Grundschutz";"Um den Schutzbedarf für Geschäftsprozesse und Anwendungen zu ermitteln, sind folgende Schritte erforderlich:

1. **Bedeutung der Geschäftsprozesse für die Institution beleuchten**: Die Bedeutung der einzelnen Geschäftsprozesse für die Institution muss ermittelt werden, um den Schutzbedarf zu bestimmen.
2. **Abhängigkeiten zwischen Geschäftsprozessen und Anwendungen hinterfragen**: Die Abhängigkeiten zwischen Geschäftsprozessen und Anwendungen müssen analysiert werden, um die möglichen Risiken zu identifizieren.
3. **Realistische Schadensszenarien diskutieren**: Mit den Anwendern sollten realistische Schadensszenarien diskutiert werden, um die möglichen Schäden zu beschreiben.
4. **Schutzbedarf der Anwendungen bestimmen**: Aus dem Schutzbedarf der Geschäftsprozesse ergibt sich der Schutzbedarf der Anwendungen, die für deren Erledigung eingesetzt werden.
5. **Schutzbedarf der IT-Systeme, Räume und Kommunikationsverbindungen abgeleiten**: Der Schutzbedarf der einzelnen Objekte (z. B. IT-Systeme, Räume und Kommunikationsverbindungen) wird daraus abgeleitet.

Zu berücksichtigen sind dabei folgende Schadensszenarien:

* Verlust von Vertraulichkeit
* Verlust von Integrität
* Verlust von Verfügbarkeit
* Kumulation mehrerer Schäden auf einem IT-System
* Abhängigkeiten zwischen Geschäftsprozessen und Anwendungen";"1. Wie können die möglichen Schäden durch den Verlust von Vertraulichkeit, Integrität oder Verfügbarkeit benannt und eingeschätzt werden?
2. Wie können die Abhängigkeiten zwischen Geschäftsprozessen und Anwendungen analysiert werden?
3. Wie kann der Schutzbedarf der Anwendungen bestimmt werden, um den Schutzbedarf der IT-Systeme, Räume und Kommunikationsverbindungen abzuleiten?

Quelle: Kapitel 8.2 des Kompendiums für IT-Grundschutz";3;3;0.8099999999838;1.0;0.3333333333333333;0.8214105213871541;;
