Frage;Antwort;Antwort (Hauptteil);Fundstellen;Generierte Antwort;Generierte Antwort (Hauptteil);Generierte Anschlussfragen;followup_count_generated;followup_count_truth;context_precision;context_recall;faithfulness;answer_correctness;followup_q1;followup_q1_answerability;followup_q1_relevance;followup_q1_reason;followup_q2;followup_q2_answerability;followup_q2_relevance;followup_q2_reason;followup_q3;followup_q3_answerability;followup_q3_relevance;followup_q3_reason;followup_avg_answerability;followup_avg_relevance
Welche Prozesse dürfen grundsätzlich ausgelagert werden?;"Grundsätzlich dürfen Prozesse ausgelagert werden, wenn sie potenziell ausgelagert werden sollen und eine risikoorientierte Bewertung durchgeführt wurde. Diese Bewertung sollte auf Basis von Anforderungsprofilen erfolgen, die die Funktion, verarbeitete Daten, Schnittstellen sowie eine Bewertung der Informationssicherheit enthalten. Quelle: OPS.2.3.A1 (S. nicht spezifiziert).

Es ist wichtig zu beachten, dass der Baustein OPS.2.3 Nutzung von Outsourcing für jede oder jeden Anbietenden von Outsourcing aus Sicht des Nutzenden von Outsourcing einmal anzuwenden ist. Quelle: Kap. 1.3 Abgrenzung und Modellierung – OPS.2.3 Nutzung von Outsourcing.

Anschlussfragen:
1. Welche Anforderungen müssen bei der Erstellung von Anforderungsprofilen für Prozesse berücksichtigt werden?
2. Wie oft sollten ausgelagerte Prozesse erneut risikoorientiert betrachtet werden?
3. Welche Bausteine sind für die Nutzung von Cloud-Diensten und das Anbieten von Outsourcing relevant?";"Grundsätzlich dürfen Prozesse ausgelagert werden, wenn sie potenziell ausgelagert werden sollen und eine risikoorientierte Bewertung durchgeführt wurde. Diese Bewertung sollte auf Basis von Anforderungsprofilen erfolgen, die die Funktion, verarbeitete Daten, Schnittstellen sowie eine Bewertung der Informationssicherheit enthalten. Quelle: OPS.2.3.A1 (S. nicht spezifiziert).

Es ist wichtig zu beachten, dass der Baustein OPS.2.3 Nutzung von Outsourcing für jede oder jeden Anbietenden von Outsourcing aus Sicht des Nutzenden von Outsourcing einmal anzuwenden ist. Quelle: Kap. 1.3 Abgrenzung und Modellierung – OPS.2.3 Nutzung von Outsourcing.";"""OPS.2.3.A1 Erstellung von Anforderungsprofilen für Prozesse (B) [Fachverantwortliche]
Falls keine Business-Impact-Analyse (BIA) vorhanden ist, MÜSSEN Anforderungsprofile in Form von Steckbriefen für die Prozesse angefertigt werden, die potenziell ausgelagert werden sollen. Diese Anforderungsprofile MÜSSEN die Funktion, verarbeite Daten, Schnittstellen sowie eine Bewertung der Informationssicherheit enthalten. Insbesondere MÜSSEN die Abhängigkeiten zwischen den Prozessen sowie zu untergeordneten Teilprozessen berücksichtigt werden. Die Anforderungsprofile MÜSSEN die Kritikalität des jeweiligen Prozesses für den ordentlichen Geschäftsbetrieb abbilden."",
""OPS.2.3.A2 Verfolgung eines risikoorientierten Ansatzes im
Auslagerungsmanagement (B)
Für Prozesse, die potenziell ausgelagert werden sollen, MUSS risikoorientiert betrachtet und entschieden werden, ob diese ausgelagert werden können. Für diese Bewertung SOLLTEN die Anforderungsprofile als Grundlage genutzt werden. Wenn der Prozess ausgelagert wird, SOLLTE das Resultat im Auslagerungsregister abgelegt werden. Um Änderungen an Prozessen oder der Gefährdungslage zu berücksichtigen, MÜSSEN in regelmäßigen Abständen sowie anlassbezogen die ausgelagerten Prozesse erneut risikoorientiert betrachtet werden.""";"Grundsätzlich dürfen Prozesse, die nicht institutionskritisch sind und deren Auslagerung nicht zu einem unkontrollierbaren Risiko für die Informationssicherheit führt, ausgelagert werden. Bevor ein Prozess ausgelagert wird, MUSS jedoch risikoorientiert betrachtet und entschieden werden, ob diese Auslagerung möglich ist. Quelle: OPS.2.3 Nutzung von Outsourcing (S.391).

Es ist wichtig, dass die auslagernde Institution die Verantwortung für die Informationssicherheit behält und sicherstellt, dass die ausgelagerten Prozesse auf einem vergleichbaren Niveau gemäß den Sicherheitszielen der Institution geschützt werden. Quelle: OPS.2.3 Nutzung von Outsourcing (S.391).

Anschlussfragen:
1. Welche Rolle spielt die Verantwortung bei der Auslagerung von Prozessen?
2. Wie kann die Informationssicherheit bei der Auslagerung von Prozessen gewährleistet werden?
3. Welche Auswirkungen kann eine unzureichende Strategie für das Outsourcing auf die Informationssicherheit haben?";"Grundsätzlich dürfen Prozesse, die nicht institutionskritisch sind und deren Auslagerung nicht zu einem unkontrollierbaren Risiko für die Informationssicherheit führt, ausgelagert werden. Bevor ein Prozess ausgelagert wird, MUSS jedoch risikoorientiert betrachtet und entschieden werden, ob diese Auslagerung möglich ist. Quelle: OPS.2.3 Nutzung von Outsourcing (S.391).

Es ist wichtig, dass die auslagernde Institution die Verantwortung für die Informationssicherheit behält und sicherstellt, dass die ausgelagerten Prozesse auf einem vergleichbaren Niveau gemäß den Sicherheitszielen der Institution geschützt werden. Quelle: OPS.2.3 Nutzung von Outsourcing (S.391).";"1. Welche Rolle spielt die Verantwortung bei der Auslagerung von Prozessen?
2. Wie kann die Informationssicherheit bei der Auslagerung von Prozessen gewährleistet werden?
3. Welche Auswirkungen kann eine unzureichende Strategie für das Outsourcing auf die Informationssicherheit haben?";3;3;0.9999999999875;1.0;1.0;0.6479946620069137;Welche Rolle spielt die Verantwortung bei der Auslagerung von Prozessen?;2;2;IT-Grundschutz behandelt Verantwortlichkeiten, Rollen und Risikomanagement bei Outsourcing, passend zur Vertiefung der Ausgangsfrage.;Wie kann die Informationssicherheit bei der Auslagerung von Prozessen gewährleistet werden?;2;2;"IT-Grundschutz enthält detaillierte Vorgaben zur Sicherstellung der Informationssicherheit beim Outsourcing; die Frage ist eine direkte Vertiefung der Ausgangsfrage.";Welche Auswirkungen kann eine unzureichende Strategie für das Outsourcing auf die Informationssicherheit haben?;2;1;"IT‑Grundschutz behandelt Folgen unzureichender Outsourcing‑Strategie, daher vollständig beantwortbar; jedoch thematisch nur tangential zur Frage nach auslagerbaren Prozessen.";2.0;1.667
Welche Aufgaben hat der oder die Informationssicherheitsbeauftragte (ISB)?;"Der oder die Informationssicherheitsbeauftragte (ISB) hat mehrere wichtige Aufgaben. Diese umfassen die Förderung der Informationssicherheit in der Institution, die Mitsteuerung und Koordination des Sicherheitsprozesses sowie die Beteiligung an größeren Projekten und der Einführung neuer Anwendungen und IT-Systeme Quelle: ISMS.1.A4 Benennung eines oder einer Informationssicherheitsbeauftragten (S.1). 

Weiterhin ist der ISB zuständig für die Wahrnehmung aller Belange der Informationssicherheit innerhalb der Institution. Seine Hauptaufgabe besteht darin, die Behörden bzw. Unternehmensleitung bei deren Aufgabenwahrnehmung bezüglich der Informationssicherheit zu beraten und diese bei der Umsetzung zu unterstützen Quelle: BSI-Standard 200-2, 4.4 Der Informationssicherheitsbeauftragte (S.4). 

Dazu gehören unter anderem die Steuerung des Informationssicherheitsprozesses, die Unterstützung bei der Erstellung von Leitlinien und Sicherheitskonzepten, die Koordination von Sicherheitsmaßnahmen und die Initiierung von Sensibilisierungs- und Schulungsmaßnahmen Quelle: BSI-Standard 200-2, 4.4 Der Informationssicherheitsbeauftragte (S.4).

Anschlussfragen:
1. Welche Rolle spielt der ISB bei der Erstellung von Sicherheitskonzepten und Notfallvorsorgekonzepten?
2. Wie sollte der ISB bei der Planung und Einführung neuer Anwendungen und IT-Systeme beteiligt sein?
3. Welche Bedeutung haben regelmäßige Sicherheitsrevisionen und Sensibilisierungsmaßnahmen für die Informationssicherheit in der Institution?";"Der oder die Informationssicherheitsbeauftragte (ISB) hat mehrere wichtige Aufgaben. Diese umfassen die Förderung der Informationssicherheit in der Institution, die Mitsteuerung und Koordination des Sicherheitsprozesses sowie die Beteiligung an größeren Projekten und der Einführung neuer Anwendungen und IT-Systeme Quelle: ISMS.1.A4 Benennung eines oder einer Informationssicherheitsbeauftragten (S.1). 

Weiterhin ist der ISB zuständig für die Wahrnehmung aller Belange der Informationssicherheit innerhalb der Institution. Seine Hauptaufgabe besteht darin, die Behörden bzw. Unternehmensleitung bei deren Aufgabenwahrnehmung bezüglich der Informationssicherheit zu beraten und diese bei der Umsetzung zu unterstützen Quelle: BSI-Standard 200-2, 4.4 Der Informationssicherheitsbeauftragte (S.4). 

Dazu gehören unter anderem die Steuerung des Informationssicherheitsprozesses, die Unterstützung bei der Erstellung von Leitlinien und Sicherheitskonzepten, die Koordination von Sicherheitsmaßnahmen und die Initiierung von Sensibilisierungs- und Schulungsmaßnahmen Quelle: BSI-Standard 200-2, 4.4 Der Informationssicherheitsbeauftragte (S.4).";"""ISMS.1.A4 Benennung eines oder einer Informationssicherheitsbeauftragten (B) [Institutionsleitung]  
Die Institutionsleitung MUSS einen oder eine ISB benennen. Der oder die ISB MUSS die Informationssicherheit in der Institution fördern und den Sicherheitsprozess mitsteuern und koordinieren. Die Institutionsleitung MUSS den oder die ISB mit angemessenen Ressourcen ausstatten. Die Institutionsleitung MUSS dem oder der ISB die Möglichkeit einräumen, bei Bedarf direkt an sie selbst zu berichten. Der oder die ISB MUSS bei allen größeren Projekten sowie bei der Einführung neuer Anwendungen und IT-Systeme frühzeitig beteiligt werden."",

""BSI-Standard 200-2, 4.4 Der Informationssicherheitsbeauftragte 
Zuständigkeiten und Aufgaben
Der Informationssicherheitsbeauftragte ist zuständig für die Wahrnehmung aller Belange der Informationssicherheit innerhalb der Institution. Die Hauptaufgabe des ISB besteht darin, die Behörden bzw. Unternehmensleitung bei deren Aufgabenwahrnehmung bezüglich der Informationssicherheit zu beraten und diese bei der Umsetzung zu unterstützen. Seine Aufgaben umfassen unter anderem:
•den Informationssicherheitsprozess zu steuern und an allen damit zusammenhängenden Aufgaben mitzuwirken,
•die Leitungsebene bei der Erstellung der Leitlinie zur Informationssicherheit zu unterstützen,
•die Erstellung des Sicherheitskonzepts, des Notfallvorsorgekonzepts und andererTeilkonzepte und System-Sicherheitsrichtlinien zu koordinieren sowie weitere Richtlinien und Regelungen zur Informationssicherheit zu erlassen,
•die Realisierung von Sicherheitsmaßnahmen zu initiieren und zu überprüfen,
•der Leitungsebene und dem IS-Management-Team über den Status quo der Informationssicherheit zu berichten,
•sicherheitsrelevante Projekte zu koordinieren,
•Sicherheitsvorfälle zu untersuchen und
•Sensibilisierungs-und Schulungsmaßnahmen zur Informationssicherheit zu initiieren und koordinieren.
Der ISB ist außerdem bei allen größeren Projekten, die deutliche Auswirkungen auf die Informationsverarbeitung haben könnten, zu beteiligen, um die Beachtung von Sicherheitsaspekten in den verschiedenen Projektphasen zu gewährleisten. So sollte der ISB bei der Planung und Einführung neuer Anwendungen und IT-Systeme ebenso beteiligt sein wie bei neuen ICS-Komponenten oder wesentlichen Änderungen der Infrastruktur.""
";"Der Informationssicherheitsbeauftragte (ISB) ist zuständig für die Wahrnehmung aller Belange der Informationssicherheit innerhalb der Institution. Seine Hauptaufgabe besteht darin, die Behörden- bzw. Unternehmensleitung bei deren Aufgabenwahrnehmung bezüglich der Informationssicherheit zu beraten und diese bei der Umsetzung zu unterstützen. Quelle: Kapitel ""Informationssicherheitsbeauftragter"" (S.1-5). 

Die Aufgaben des ISB umfassen unter anderem: 
- den Informationssicherheitsprozess zu steuern und an allen damit zusammenhängenden Aufgaben mitzuwirken, 
- die Leitungsebene bei der Erstellung der Leitlinie zur Informationssicherheit zu unterstützen, 
- die Erstellung des Sicherheitskonzepts, des Notfallvorsorgekonzepts und anderer Teilkonzepte und System-Sicherheitsrichtlinien zu koordinieren, 
- die Realisierung von Sicherheitsmaßnahmen zu initiieren und zu überprüfen, 
- der Leitungsebene und dem IS-Management-Team über den Status quo der Informationssicherheit zu berichten, 
- sicherheitsrelevante Projekte zu koordinieren, 
- Sicherheitsvorfälle zu untersuchen und 
- Sensibilisierungs- und Schulungsmaßnahmen zur Informationssicherheit zu initiieren und koordinieren. Quelle: Kapitel ""Aufgaben des ISB"" (S.2-3).

Anschlussfragen:
1. Welche Rolle spielt der ISB bei der Erstellung von Sicherheitskonzepten und -richtlinien?
2. Wie koordiniert der ISB die Umsetzung von Sicherheitsmaßnahmen in der Institution?
3. Welche Qualifikationen sollten bei einem ISB vorhanden sein, um seine Aufgaben effektiv wahrzunehmen?";"Der Informationssicherheitsbeauftragte (ISB) ist zuständig für die Wahrnehmung aller Belange der Informationssicherheit innerhalb der Institution. Seine Hauptaufgabe besteht darin, die Behörden- bzw. Unternehmensleitung bei deren Aufgabenwahrnehmung bezüglich der Informationssicherheit zu beraten und diese bei der Umsetzung zu unterstützen. Quelle: Kapitel ""Informationssicherheitsbeauftragter"" (S.1-5). 

Die Aufgaben des ISB umfassen unter anderem: 
- den Informationssicherheitsprozess zu steuern und an allen damit zusammenhängenden Aufgaben mitzuwirken, 
- die Leitungsebene bei der Erstellung der Leitlinie zur Informationssicherheit zu unterstützen, 
- die Erstellung des Sicherheitskonzepts, des Notfallvorsorgekonzepts und anderer Teilkonzepte und System-Sicherheitsrichtlinien zu koordinieren, 
- die Realisierung von Sicherheitsmaßnahmen zu initiieren und zu überprüfen, 
- der Leitungsebene und dem IS-Management-Team über den Status quo der Informationssicherheit zu berichten, 
- sicherheitsrelevante Projekte zu koordinieren, 
- Sicherheitsvorfälle zu untersuchen und 
- Sensibilisierungs- und Schulungsmaßnahmen zur Informationssicherheit zu initiieren und koordinieren. Quelle: Kapitel ""Aufgaben des ISB"" (S.2-3).";"1. Welche Rolle spielt der ISB bei der Erstellung von Sicherheitskonzepten und -richtlinien?
2. Wie koordiniert der ISB die Umsetzung von Sicherheitsmaßnahmen in der Institution?
3. Welche Qualifikationen sollten bei einem ISB vorhanden sein, um seine Aufgaben effektiv wahrzunehmen?";3;3;0.9999999999875;1.0;1.0;0.6135865429622906;Welche Rolle spielt der ISB bei der Erstellung von Sicherheitskonzepten und -richtlinien?;2;2;"IT-Grundschutz beschreibt ISB-Unterstützung bei Leitlinien und Konzepten; Frage vertieft Aufgaben des ISB, daher vollständig beantwortbar und direkt relevant.";Wie koordiniert der ISB die Umsetzung von Sicherheitsmaßnahmen in der Institution?;2;2;"IT‑Grundschutz definiert die Koordination und Steuerung von Sicherheitsmaßnahmen durch den ISB; die Frage vertieft das ursprüngliche Thema direkt.";Welche Qualifikationen sollten bei einem ISB vorhanden sein, um seine Aufgaben effektiv wahrzunehmen?;1;2;"Grundschutz erwähnt qualifizierte Personen für Rollen, aber keine detaillierten Qualifikationsprofile; die Frage ist thematisch eine sinnvolle Vertiefung der Aufgaben.";1.667;2.0
Was sollten Management-Berichte zur Informationssicherheit enthalten?;"Management-Berichte zur Informationssicherheit sollten die wesentlichen relevanten Informationen über den Sicherheitsprozess enthalten, insbesondere über Probleme, Erfolge und Verbesserungsmöglichkeiten Quelle: ISMS.1.A12 (S). Sie sollten auch klar priorisierte Maßnahmenvorschläge enthalten, die mit realistischen Abschätzungen zum erwarteten Umsetzungsaufwand versehen sind Quelle: ISMS.1.A12 (S). 

Anschlussfragen:
1. Wie sollten die Management-Berichte zur Informationssicherheit archiviert werden?
2. Welche Rolle spielt die Institutionsleitung bei der Erstellung von Management-Berichten zur Informationssicherheit?
3. Wie oft sollten Sicherheitsrevisionen in der Institution durchgeführt werden?";Management-Berichte zur Informationssicherheit sollten die wesentlichen relevanten Informationen über den Sicherheitsprozess enthalten, insbesondere über Probleme, Erfolge und Verbesserungsmöglichkeiten Quelle: ISMS.1.A12 (S). Sie sollten auch klar priorisierte Maßnahmenvorschläge enthalten, die mit realistischen Abschätzungen zum erwarteten Umsetzungsaufwand versehen sind Quelle: ISMS.1.A12 (S).;"ISMS.1.A12 Management-Berichte zur Informationssicherheit (S) [Institutionsleitung]  
Die Institutionsleitung SOLLTE sich regelmäßig über den Stand der Informationssicherheit informieren, insbesondere über die aktuelle Gefährdungslage sowie die Wirksamkeit und Effizienz des Sicherheitsprozesses. Dazu SOLLTEN Management-Berichte geschrieben werden, welche die wesentlichen relevanten Informationen über den Sicherheitsprozess enthalten, insbesondere über Probleme, Erfolge und Verbesserungsmöglichkeiten. Die Management-Berichte SOLLTEN klar priorisierte Maßnahmenvorschläge enthalten. Die Maßnahmenvorschläge SOLLTEN mit realistischen Abschätzungen zum erwarteten Umsetzungsaufwand versehen sein. Die Management-Berichte SOLLTEN revisionssicher archiviert werden. Die Management-Entscheidungen über erforderliche Aktionen, den Umgang mit Restrisiken und mit 
Veränderungen von sicherheitsrelevanten Prozessen SOLLTEN dokumentiert sein. Die Management-Entscheidungen SOLLTEN revisionssicher archiviert werden.

";"Management-Berichte zur Informationssicherheit sollten folgende Punkte abdecken: 
- Status und Umsetzungsgrad des Sicherheitskonzepts 
- Ergebnisse von Audits und Datenschutzkontrollen 
- Berichte über Sicherheitsvorfälle 
- Berichte über bisherige Erfolge und Probleme beim Informationssicherheitsprozess 
- Berichte über die Reduzierung bestehender Umsetzungsdefizite und der damit verbundenen Risiken 
Quelle: Kapitel über Managementberichte (S. ohne spezifische Seitenzahl, da nicht angegeben).

Anschlussfragen:
1. Wie sollten die Ergebnisse von Audits und Datenschutzkontrollen in Managementberichten aufbereitet werden?
2. Welche Rolle spielt die Leitungsebene bei der Steuerung und Lenkung des Informationssicherheitsprozesses?
3. Wie können Mitarbeiter über den Sinn und Zweck von Sicherheitsmaßnahmen aufgeklärt werden, um Fehlentscheidungen oder überflüssige Arbeitsschritte zu vermeiden?";"Management-Berichte zur Informationssicherheit sollten folgende Punkte abdecken: 
- Status und Umsetzungsgrad des Sicherheitskonzepts 
- Ergebnisse von Audits und Datenschutzkontrollen 
- Berichte über Sicherheitsvorfälle 
- Berichte über bisherige Erfolge und Probleme beim Informationssicherheitsprozess 
- Berichte über die Reduzierung bestehender Umsetzungsdefizite und der damit verbundenen Risiken 
Quelle: Kapitel über Managementberichte (S. ohne spezifische Seitenzahl, da nicht angegeben).";"1. Wie sollten die Ergebnisse von Audits und Datenschutzkontrollen in Managementberichten aufbereitet werden?
2. Welche Rolle spielt die Leitungsebene bei der Steuerung und Lenkung des Informationssicherheitsprozesses?
3. Wie können Mitarbeiter über den Sinn und Zweck von Sicherheitsmaßnahmen aufgeklärt werden, um Fehlentscheidungen oder überflüssige Arbeitsschritte zu vermeiden?";3;3;0.9999999999875;1.0;1.0;0.5570295337804955;Wie sollten die Ergebnisse von Audits und Datenschutzkontrollen in Managementberichten aufbereitet werden?;1;2;Grundschutz verlangt Aufnahme von Auditergebnissen, liefert jedoch keine detaillierte Vorgabe zur Aufbereitung, aber ist thematisch direkt relevant.;Welche Rolle spielt die Leitungsebene bei der Steuerung und Lenkung des Informationssicherheitsprozesses?;2;1;"IT‑Grundschutz beschreibt die Leitungsrolle im IS‑Prozess umfassend; die Frage erweitert das Thema, ist aber nur indirekt zur Berichtsinhalte‑Frage relevant.";Wie können Mitarbeiter über den Sinn und Zweck von Sicherheitsmaßnahmen aufgeklärt werden, um Fehlentscheidungen oder überflüssige Arbeitsschritte zu vermeiden?;2;1;IT‑Grundschutz deckt Sensibilisierung und Schulung ab, aber die Frage erweitert das Thema von Berichts‑Inhalten zu Mitarbeiterschulungen, nur tangential relevant.;1.667;1.333
Wie fange ich überhaupt an? Was sind die ersten Schritte beim Aufbau eines ISMS?;"Um den Aufbau eines ISMS (Information Security Management System) zu beginnen, sollten die ersten Schritte die Übernahme der Gesamtverantwortung für Informationssicherheit durch die Leitung umfassen. Die Institutionsleitung MUSS die Gesamtverantwortung für Informationssicherheit übernehmen und den Sicherheitsprozess initiieren, steuern und kontrollieren Quelle: ISMS.1.A1 (S.1). 

Dann sollten die Sicherheitsziele und -strategie festgelegt werden. Die Institutionsleitung MUSS den Sicherheitsprozess initiieren und etablieren, sowie angemessene Sicherheitsziele sowie eine Strategie für Informationssicherheit festlegen und dokumentieren Quelle: ISMS.1.A2 (S.2). 

Eine weitere wichtige Maßnahme ist die Erstellung einer Leitlinie zur Informationssicherheit. Die Institutionsleitung MUSS eine übergeordnete Leitlinie zur Informationssicherheit verabschieden, die den Stellenwert der Informationssicherheit, die Sicherheitsziele, die wichtigsten Aspekte der Sicherheitsstrategie sowie die Organisationsstruktur für Informationssicherheit beschreibt Quelle: ISMS.1.A3 (S.3).

Anschlussfragen:
1. Wie kann die Institutionsleitung die Gesamtverantwortung für Informationssicherheit effektiv übernehmen und den Sicherheitsprozess steuern?
2. Welche Rolle spielen die Sicherheitsziele und -strategie bei der Implementierung eines ISMS?
3. Wie kann die Leitlinie zur Informationssicherheit regelmäßig aktualisiert und den Mitarbeitenden bekannt gegeben werden?";"Um den Aufbau eines ISMS (Information Security Management System) zu beginnen, sollten die ersten Schritte die Übernahme der Gesamtverantwortung für Informationssicherheit durch die Leitung umfassen. Die Institutionsleitung MUSS die Gesamtverantwortung für Informationssicherheit übernehmen und den Sicherheitsprozess initiieren, steuern und kontrollieren Quelle: ISMS.1.A1 (S.1). 

Dann sollten die Sicherheitsziele und -strategie festgelegt werden. Die Institutionsleitung MUSS den Sicherheitsprozess initiieren und etablieren, sowie angemessene Sicherheitsziele sowie eine Strategie für Informationssicherheit festlegen und dokumentieren Quelle: ISMS.1.A2 (S.2). 

Eine weitere wichtige Maßnahme ist die Erstellung einer Leitlinie zur Informationssicherheit. Die Institutionsleitung MUSS eine übergeordnete Leitlinie zur Informationssicherheit verabschieden, die den Stellenwert der Informationssicherheit, die Sicherheitsziele, die wichtigsten Aspekte der Sicherheitsstrategie sowie die Organisationsstruktur für Informationssicherheit beschreibt Quelle: ISMS.1.A3 (S.3).";"""ISMS.1.A1 Übernahme der Gesamtverantwortung für Informationssicherheit  durch die Leitung (B) [Institutionsleitung]  
Die Institutionsleitung MUSS die Gesamtverantwortung für Informationssicherheit in der Institution übernehmen. Dies MUSS für alle Beteiligten deutlich erkennbar sein. Die Institutionsleitung MUSS den Sicherheitsprozess initiieren, steuern und kontrollieren. Die Institutionsleitung MUSS Informationssicherheit vorleben. Die Institutionsleitung MUSS die Zuständigkeiten für Informationssicherheit festlegen. Die zuständigen Mitarbeitenden MÜSSEN mit den erforderlichen Kompetenzen und Ressourcen ausgestattet werden. Die Institutionsleitung MUSS sich regelmäßig über den Status der Informationssicherheit informieren lassen. Insbesondere MUSS sich die Institutionsleitung über mögliche Risiken und Konsequenzen aufgrund fehlender Sicherheitsmaßnahmen informieren lassen."",
""ISMS.1.A2 Festlegung der Sicherheitsziele und -strategie (B) [Institutionsleitung]  
Die Institutionsleitung MUSS den Sicherheitsprozess initiieren und etablieren. Dafür MUSS die Institutionsleitung angemessene Sicherheitsziele sowie eine Strategie für Informationssicherheit festlegen und dokumentieren. Es MÜSSEN konzeptionelle Vorgaben erarbeitet und  organisatorische Rahmenbedingungen geschaffen werden, um den ordnungsgemäßen und sicheren Umgang mit Informationen innerhalb aller Geschäftsprozesse des Unternehmens oder Fachaufgaben der Behörde zu ermöglichen. Die Institutionsleitung MUSS die Sicherheitsstrategie und die Sicherheitsziele tragen und verantworten. Die Institutionsleitung MUSS die Sicherheitsziele und die Sicherheitsstrategie regelmäßig dahingehend überprüfen, ob sie noch aktuell und angemessen sind und wirksam umgesetzt werden können."",
""ISMS.1.A3 Erstellung einer Leitlinie zur Informationssicherheit (B) [Institutionsleitung]  
Die Institutionsleitung MUSS eine übergeordnete Leitlinie zur Informationssicherheit verabschieden. Diese MUSS den Stellenwert der Informationssicherheit, die Sicherheitsziele, die wichtigsten Aspekte der Sicherheitsstrategie sowie die Organisationsstruktur für Informationssicherheit beschreiben. Für die Sicherheitsleitlinie MUSS ein klarer Geltungsbereich festgelegt sein. In der Leitlinie zur Informationssicherheit MÜSSEN die Sicherheitsziele und der Bezug der Sicherheitsziele zu den Geschäftszielen und Aufgaben der Institution erläutert werden. Die Institutionsleitung MUSS die Leitlinie zur Informationssicherheit allen Mitarbeitenden und sonstigen Mitgliedern der Institution bekannt geben. Die Leitlinie zur Informationssicherheit SOLLTE regelmäßig aktualisiert werden."",
""ISMS.1.A6 Aufbau einer geeigneten Organisationsstruktur für Informationssicherheit (B) [Institutionsleitung]  
Eine geeignete übergreifende Organisationsstruktur für Informationssicherheit MUSS vorhanden sein. Dafür MÜSSEN Rollen definiert sein, die konkrete Aufgaben übernehmen, um die Sicherheitsziele zu erreichen. Außerdem MÜSSEN qualifizierte Personen benannt werden, denen ausreichend Ressourcen zur Verfügung stehen, um diese Rollen zu übernehmen. Die Aufgaben, Rollen, Verantwortungen und Kompetenzen im Sicherheitsmanagement MÜSSEN nachvollziehbar definiert und zugewiesen sein. Für alle wichtigen Funktionen der Organisation für Informationssicherheit MUSS es wirksame Vertretungsregelungen geben. Kommunikationswege MÜSSEN geplant, beschrieben, eingerichtet und bekannt gemacht werden. Es MUSS für alle Aufgaben und Rollen festgelegt sein, wer wen informiert und wer bei welchen Aktionen 
in welchem Umfang informiert werden muss. Es MUSS regelmäßig geprüft werden, ob die Organisationsstruktur für Informationssicherheit noch angemessen ist oder ob sie an neue Rahmenbedingungen angepasst werden muss."",
""ISMS.1.A10 Erstellung eines Sicherheitskonzepts (S) 
Für den festgelegten Geltungsbereich (Informationsverbund) SOLLTE ein angemessenes Sicherheitskonzept als das zentrale Dokument im Sicherheitsprozess erstellt werden. Es SOLLTE entschieden werden, ob das Sicherheitskonzept aus einem oder aus mehreren Teilkonzepten bestehen soll, die sukzessive erstellt werden, um zunächst in ausgewählten Bereichen das erforderliche Sicherheitsniveau herzustellen. Im Sicherheitskonzept MÜSSEN aus den Sicherheitszielen der Institution, dem identifizierten Schutzbedarf und der Risikobewertung konkrete Sicherheitsmaßnahmen passend zum betrachteten Informationsverbund abgeleitet werden. Sicherheitsprozess und Sicherheitskonzept MÜSSEN die individuell geltenden Vorschriften und Regelungen berücksichtigen. Die im Sicherheitskonzept vorgesehenen Maßnahmen MÜSSEN zeitnah in die Praxis umgesetzt werden. Dies MUSS geplant und die Umsetzung MUSS kontrolliert werden.""";"Um ein Informationssicherheitsmanagementsystem (ISMS) aufzubauen, sollten Sie mit der Erstellung einer Leitlinie zur Informationssicherheit beginnen. Diese Leitlinie dient als Grundlage für die weiteren Aktivitäten und hilft bei der Entscheidung über die geeignete Vorgehensweise zur Absicherung der Informationen und Geschäftsprozesse Ihrer Institution. 

Ein wichtiger Schritt ist die Auswahl einer geeigneten Vorgehensweise, wie z.B. der Basis-Absicherung, die speziell für kleine und mittelständische Institutionen einen ersten Einstieg in die Informationssicherheit bietet. 

Es ist auch ratsam, die IT-Grundschutz-Methodik zu verwenden, die ein umfangreiches Gerüst für ein ISMS bietet und auf die individuellen Rahmenbedingungen Ihrer Institution anzupassen ist. 

Quelle: Kapitel 2 (S.2), BSI-Standard 200-1 Managementsysteme für Informationssicherheit (ISMS)

Anschlussfragen:
1. Was sind die wesentlichen Schritte für die Einführung eines ISMS?
2. Wie kann die IT-Grundschutz-Methodik bei der Erstellung eines Sicherheitskonzepts unterstützen?
3. Welche Vorteile bietet die Zertifizierung nach ISO 27001 auf Basis von IT-Grundschutz für eine Institution?";"Um ein Informationssicherheitsmanagementsystem (ISMS) aufzubauen, sollten Sie mit der Erstellung einer Leitlinie zur Informationssicherheit beginnen. Diese Leitlinie dient als Grundlage für die weiteren Aktivitäten und hilft bei der Entscheidung über die geeignete Vorgehensweise zur Absicherung der Informationen und Geschäftsprozesse Ihrer Institution. 

Ein wichtiger Schritt ist die Auswahl einer geeigneten Vorgehensweise, wie z.B. der Basis-Absicherung, die speziell für kleine und mittelständische Institutionen einen ersten Einstieg in die Informationssicherheit bietet. 

Es ist auch ratsam, die IT-Grundschutz-Methodik zu verwenden, die ein umfangreiches Gerüst für ein ISMS bietet und auf die individuellen Rahmenbedingungen Ihrer Institution anzupassen ist. 

Quelle: Kapitel 2 (S.2), BSI-Standard 200-1 Managementsysteme für Informationssicherheit (ISMS)";"1. Was sind die wesentlichen Schritte für die Einführung eines ISMS?
2. Wie kann die IT-Grundschutz-Methodik bei der Erstellung eines Sicherheitskonzepts unterstützen?
3. Welche Vorteile bietet die Zertifizierung nach ISO 27001 auf Basis von IT-Grundschutz für eine Institution?";3;3;0.9093537414836079;1.0;1.0;0.5007244632700607;Was sind die wesentlichen Schritte für die Einführung eines ISMS?;2;2;Die Frage lässt sich vollständig mit den BSI‑Grundschutz‑Kapitel zu ISMS‑Einführung beantworten und ist direkt zur Ausgangsfrage passend.;Wie kann die IT-Grundschutz-Methodik bei der Erstellung eines Sicherheitskonzepts unterstützen?;2;2;"Die IT‑Grundschutz‑Methodik beschreibt detailliert, wie ein Sicherheitskonzept erstellt wird; damit ist die Frage vollständig beantwortbar und thematisch passend.";Welche Vorteile bietet die Zertifizierung nach ISO 27001 auf Basis von IT-Grundschutz für eine Institution?;2;1;"Dokumente erläutern Zertifizierungsnutzen, daher beantwortbar; die Frage erweitert das Thema ISMS, ist aber nur tangential zu den ersten Schritten.";2.0;1.667
Welche Ressourcen und Kompetenzen brauche ich als ISB, um meine Aufgabe erfüllen zu können?;"Um Ihre Aufgabe als Informationssicherheitsbeauftragter (ISB) erfüllen zu können, benötigen Sie angemessene Ressourcen und Kompetenzen. Die Institutionsleitung MUSS den oder die ISB mit angemessenen Ressourcen ausstatten Quelle: ISMS.1.A4 (S.1). 

Es ist wünschenswert, dass der ISB über Wissen und Erfahrung auf den Gebieten der Informationssicherheit und IT verfügt Quelle: BSI-Standard 200.2, 4.4. Die erforderlichen Qualifikationen umfassen unter anderem Identifikation mit den Zielsetzungen der Informationssicherheit, Kooperations- und Teamfähigkeit sowie Erfahrungen im Projektmanagement Quelle: BSI-Standard 200.2, 4.4. 

Ein ISB sollte nicht organisatorisch der IT-Abteilung zugeordnet sein, um Interessenkonflikte zu vermeiden Quelle: BSI-Standard 200.2, 4.4. Stattdessen ist es empfehlenswert, die Position des ISB als Stabsstelle einzurichten, direkt der Leitungsebene zugeordnet Quelle: BSI-Standard 200.2, 4.4.

Anschlussfragen:
1. Wie kann ich als ISB sicherstellen, dass ich die erforderlichen Ressourcen und Kompetenzen besitze, um meine Aufgaben erfolgreich zu erfüllen?
2. Welche Rolle spielt die Unabhängigkeit des ISB bei der Erfüllung seiner Aufgaben, und wie kann diese gewährleistet werden?
3. Wie kann ich als ISB die Zusammenarbeit mit anderen Abteilungen und Organisationseinheiten fördern, um ein umfassendes Sicherheitskonzept zu entwickeln?";"Um Ihre Aufgabe als Informationssicherheitsbeauftragter (ISB) erfüllen zu können, benötigen Sie angemessene Ressourcen und Kompetenzen. Die Institutionsleitung MUSS den oder die ISB mit angemessenen Ressourcen ausstatten Quelle: ISMS.1.A4 (S.1). 

Es ist wünschenswert, dass der ISB über Wissen und Erfahrung auf den Gebieten der Informationssicherheit und IT verfügt Quelle: BSI-Standard 200.2, 4.4. Die erforderlichen Qualifikationen umfassen unter anderem Identifikation mit den Zielsetzungen der Informationssicherheit, Kooperations- und Teamfähigkeit sowie Erfahrungen im Projektmanagement Quelle: BSI-Standard 200.2, 4.4. 

Ein ISB sollte nicht organisatorisch der IT-Abteilung zugeordnet sein, um Interessenkonflikte zu vermeiden Quelle: BSI-Standard 200.2, 4.4. Stattdessen ist es empfehlenswert, die Position des ISB als Stabsstelle einzurichten, direkt der Leitungsebene zugeordnet Quelle: BSI-Standard 200.2, 4.4.";"""ISMS.1.A4 Benennung eines oder einer Informationssicherheitsbeauftragten (B) [Institutionsleitung]  
Die Institutionsleitung MUSS einen oder eine ISB benennen. Der oder die ISB MUSS die Informationssicherheit in der Institution fördern und den Sicherheitsprozess mitsteuern und koordinieren. Die Institutionsleitung MUSS den oder die ISB mit angemessenen Ressourcen ausstatten. Die Institutionsleitung MUSS dem oder der ISB die Möglichkeit einräumen, bei Bedarf direkt an sie selbst zu berichten. Der oder die ISB MUSS bei allen größeren Projekten sowie bei der Einführung neuer Anwendungen und IT-Systeme frühzeitig beteiligt werden."",
""BSI-Standard 200.2, 4.4 Der Informationssicherheitsbeauftragte
Zur Erfüllung dieser Aufgaben ist es wünschenswert, dass der Informationssicherheitsbeauftragte über Wissen und Erfahrung auf den Gebieten der Informationssicherheit und IT verfügt. Ebenso sollte er Kenntnisse hinsichtlich der Geschäftsprozesse der Institution mitbringen. Da diese Aufgabe eine Vielzahl von Fähigkeiten erfordert, sollte bei der Auswahl des Weiteren darauf geachtet werden, dass die folgenden Qualifikationen vorhanden sind:
•Identifikation mit den Zielsetzungen der Informationssicherheit, Überblick über Aufgaben und Ziele der Institution.
•Kooperations-und Teamfähigkeit, aber auch Durchsetzungsvermögen (Kaum eine Aufgabe erfordert so viel Fähigkeit und Geschick im Umgang mit anderen Personen: Die Leitungsebene muss in zentralen Fragen des Sicherheitsprozesses immer wieder eingebunden werden. Entscheidungen müssen eingefordert werden und die Mitarbeiter müssen, eventuell mithilfe des Bereichs-Sicherheitsbeauftragten, in den Sicherheitsprozess eingebunden werden).
•Erfahrungen im Projektmanagement, idealerweise im Bereich der Systemanalyse und Kenntnisse über Methoden zur Risikoanalyse.
•Grundlegende Kenntnisse über die Prozesse und Fachaufgaben innerhalb der Institution und, soweit erforderlich, Grundkenntnisse in den Bereichen IT und ICS. 
• Ein Informationssicherheitsbeauftragter muss zudem die Bereitschaft mitbringen, sich in neue Gebiete einzuarbeiten und Entwicklungen in der IT zu verfolgen. Er sollte sich so aus-und fortbilden, dass er die erforderlichen Fachkenntnisse für die Erledigung seiner Aufgaben besitzt. Unabhängigkeit
Esist empfehlenswert,die Positiondes Informationssicherheitsbeauftragten organisatorischalsStabsstelle einzurichten, also als eine direkt der Leitungsebene zugeordnete Position, die von keinen anderenStellenWeisungenbekommt.InjedemFallmussderISBdasdirekteund jederzeitigeVorspracherecht bei der Behörden-bzw. Unternehmensleitung haben, um diese über Sicherheitsvorfälle, -risiken und -maßnahmen informieren zu können. Er muss aber auch über das Geschehen in der Institution, soweit es einen Bezug zu seiner Tätigkeit hat, umfassend und frühzeitig unterrichtet werden.
Der Informationssicherheitsbeauftragte sollte nicht organisatorisch der IT-Abteilung zugeordnet sein. Die Erfahrung hat zeigt, dass dies häufig dazu führt, dass die Aufgabe der Informationssicherheit auf IT-Absicherung reduziert wird und der ganzheitliche Schutz von Informationen in den Hintergrund gerückt wird. Dadurchkann es vorkommen, dass Informationen so lange angemessen geschützt werden, wie sie ausschließlich auf IT-Systemen verarbeitet werden, aber diese dann beispielsweise nach dem Ausdrucken ungeschützt beim Drucker liegen bleiben. Ein anderes Problem ist der inhärente Aufgabenkonflikt.Esistz.B.problematisch,wennein „aktiver“ Administratordie Rolledes Informationssicherheitsbeauftragten zusätzlich zu seinen normalen Aufgaben wahrnimmt,daes mit hoher Wahrscheinlichkeit zu Interessenkonflikten kommen wird. Die Personalunion kann dazu führen, dass er als Informationssicherheitsbeauftragter Einspruch gegen Entscheidungen einlegen müsste, die ihm sein Leben als Administrator wesentlicherleichternwürden oder die gar von seinem Fachvorgesetzten stark favorisiert werden (siehe auch Kapitel 4.10 „Zusammenspiel mit anderen Organisationseinheiten und Managementdisziplinen“).""";"Um als Informationssicherheitsbeauftragter (ISB) Ihre Aufgaben erfüllen zu können, benötigen Sie verschiedene Ressourcen und Kompetenzen. Dazu gehören:

- Detaillierte IT-Kenntnisse, um Gespräche mit Mitarbeitern vor Ort zu erleichtern und bei der Suche nach Sicherheitsmaßnahmen für spezielle IT-Systeme zu helfen.
- Kenntnisse im Projektmanagement, die bei der Organisation von Benutzerbefragungen und der Erstellung von Plänen zur Umsetzung und Kontrolle von Sicherheitsmaßnahmen hilfreich sind.
- Identifikation mit den Zielsetzungen der Informationssicherheit und Überblick über Aufgaben und Ziele der Institution.
- Kooperations- und Teamfähigkeit sowie Durchsetzungsvermögen, um Entscheidungen einzufordern und Mitarbeiter in den Sicherheitsprozess einzubinden.
- Erfahrungen im Projektmanagement, idealerweise im Bereich der Systemanalyse, und Kenntnisse über Methoden zur Risikoanalyse.
- Grundlegende Kenntnisse über die Prozesse und Fachaufgaben innerhalb der Institution sowie, soweit erforderlich, Grundkenntnisse in den Bereichen IT und ICS.
- Die Bereitschaft, sich in neue Gebiete einzuarbeiten und Entwicklungen in der IT zu verfolgen.

Quelle: Kapitel über den Informationssicherheitsbeauftragten und das IS-Management-Team.

Anschlussfragen:
1. Welche Rolle spielt der Projekt-Sicherheitsbeauftragte in großen Projekten, und wie unterstützt er die Projektleitung in Fragen der Informationssicherheit?
2. Wie sollten die Ressourcen für die Informationssicherheit in einer Institution geplant und bereitgestellt werden, um das beschlossene Sicherheitsniveau zu erreichen?
3. Welche Qualifikationen und Kenntnisse sollten ein ICS-Informationssicherheitsbeauftragter (ICS-ISB) besitzen, um seine Aufgaben im Bereich der industriellen Steuerung effektiv wahrzunehmen?";"Um als Informationssicherheitsbeauftragter (ISB) Ihre Aufgaben erfüllen zu können, benötigen Sie verschiedene Ressourcen und Kompetenzen. Dazu gehören:

- Detaillierte IT-Kenntnisse, um Gespräche mit Mitarbeitern vor Ort zu erleichtern und bei der Suche nach Sicherheitsmaßnahmen für spezielle IT-Systeme zu helfen.
- Kenntnisse im Projektmanagement, die bei der Organisation von Benutzerbefragungen und der Erstellung von Plänen zur Umsetzung und Kontrolle von Sicherheitsmaßnahmen hilfreich sind.
- Identifikation mit den Zielsetzungen der Informationssicherheit und Überblick über Aufgaben und Ziele der Institution.
- Kooperations- und Teamfähigkeit sowie Durchsetzungsvermögen, um Entscheidungen einzufordern und Mitarbeiter in den Sicherheitsprozess einzubinden.
- Erfahrungen im Projektmanagement, idealerweise im Bereich der Systemanalyse, und Kenntnisse über Methoden zur Risikoanalyse.
- Grundlegende Kenntnisse über die Prozesse und Fachaufgaben innerhalb der Institution sowie, soweit erforderlich, Grundkenntnisse in den Bereichen IT und ICS.
- Die Bereitschaft, sich in neue Gebiete einzuarbeiten und Entwicklungen in der IT zu verfolgen.

Quelle: Kapitel über den Informationssicherheitsbeauftragten und das IS-Management-Team.";"1. Welche Rolle spielt der Projekt-Sicherheitsbeauftragte in großen Projekten, und wie unterstützt er die Projektleitung in Fragen der Informationssicherheit?
2. Wie sollten die Ressourcen für die Informationssicherheit in einer Institution geplant und bereitgestellt werden, um das beschlossene Sicherheitsniveau zu erreichen?
3. Welche Qualifikationen und Kenntnisse sollten ein ICS-Informationssicherheitsbeauftragter (ICS-ISB) besitzen, um seine Aufgaben im Bereich der industriellen Steuerung effektiv wahrzunehmen?";3;3;0.9999999999875;1.0;1.0;0.5167250675903567;Welche Rolle spielt der Projekt-Sicherheitsbeauftragte in großen Projekten, und wie unterstützt er die Projektleitung in Fragen der Informationssicherheit?;2;1;IT‑Grundschutz deckt die Rolle und Unterstützung des Projekt‑Sicherheitsbeauftragten ab, ist aber nur tangential zur ISB‑Ressourcen‑Frage.;Wie sollten die Ressourcen für die Informationssicherheit in einer Institution geplant und bereitgestellt werden, um das beschlossene Sicherheitsniveau zu erreichen?;2;2;"IT‑Grundschutz behandelt geplantes Vorgehen, Organisationsstruktur und Ressourcenplanung zur Erreichung des definierten Sicherheitsniveaus; Frage vertieft das Ausgangsthema.";Welche Qualifikationen und Kenntnisse sollten ein ICS-Informationssicherheitsbeauftragter (ICS-ISB) besitzen, um seine Aufgaben im Bereich der industriellen Steuerung effektiv wahrzunehmen?;1;2;"Grundschutz beschreibt Aufgaben und Kompetenzen, gibt aber keine detaillierte Qualifikationsliste; die Frage vertieft das Kompetenzthema und ist thematisch passend.";1.667;1.667
Wie dokumentiere ich Management-Entscheidungen und was muss dabei beachtet werden?;"Die Dokumentation von Management-Entscheidungen ist ein wichtiger Aspekt im Rahmen des IT-Grundschutzes und des Sicherheitsmanagements. Laut ISMS.1.A12 sollten Management-Entscheidungen über erforderliche Aktionen, den Umgang mit Restrisiken und mit Veränderungen von sicherheitsrelevanten Prozessen dokumentiert sein Quelle: ISMS.1.A12 (S). Diese Dokumentation sollte revisionssicher archiviert werden, um eine klare Nachvollziehbarkeit und Transparenz der Entscheidungsprozesse zu gewährleisten Quelle: ISMS.1.A12 (S). 

Darüber hinaus sollte der Ablauf des Sicherheitsprozesses dokumentiert werden, einschließlich wichtiger Entscheidungen und Arbeitsergebnisse Quelle: ISMS.1.A13 (S). Es sollte eine geregelte Vorgehensweise für die Erstellung und Archivierung von Dokumentationen im Rahmen des Sicherheitsprozesses geben, um die Aktualität und Vertraulichkeit der Dokumentationen zu wahren Quelle: ISMS.1.A13 (S).

Anschlussfragen:
1. Wie oft sollten Sicherheitsrevisionen durchgeführt werden, um die Effektivität des Sicherheitsmanagements zu überprüfen?
2. Welche Rolle spielen Mitarbeitende und Externe bei der Sensibilisierung und Schulung zu Sicherheitsrisiken und Informationssicherheit?
3. Wie sollten Dokumentationen im Rahmen des Sicherheitsprozesses archiviert und verwaltet werden, um eine revisionssichere Archivierung zu gewährleisten?";"Die Dokumentation von Management-Entscheidungen ist ein wichtiger Aspekt im Rahmen des IT-Grundschutzes und des Sicherheitsmanagements. Laut ISMS.1.A12 sollten Management-Entscheidungen über erforderliche Aktionen, den Umgang mit Restrisiken und mit Veränderungen von sicherheitsrelevanten Prozessen dokumentiert sein Quelle: ISMS.1.A12 (S). Diese Dokumentation sollte revisionssicher archiviert werden, um eine klare Nachvollziehbarkeit und Transparenz der Entscheidungsprozesse zu gewährleisten Quelle: ISMS.1.A12 (S). 

Darüber hinaus sollte der Ablauf des Sicherheitsprozesses dokumentiert werden, einschließlich wichtiger Entscheidungen und Arbeitsergebnisse Quelle: ISMS.1.A13 (S). Es sollte eine geregelte Vorgehensweise für die Erstellung und Archivierung von Dokumentationen im Rahmen des Sicherheitsprozesses geben, um die Aktualität und Vertraulichkeit der Dokumentationen zu wahren Quelle: ISMS.1.A13 (S).";"""ISMS.1.A12 Management-Berichte zur Informationssicherheit (S) [Institutionsleitung]  
Die Institutionsleitung SOLLTE sich regelmäßig über den Stand der Informationssicherheit informieren, insbesondere über die aktuelle Gefährdungslage sowie die Wirksamkeit und Effizienz des Sicherheitsprozesses. Dazu SOLLTEN Management-Berichte geschrieben werden, welche die wesentlichen relevanten Informationen über den Sicherheitsprozess enthalten, insbesondere über Probleme, Erfolge und Verbesserungsmöglichkeiten. Die Management-Berichte SOLLTEN klar priorisierte Maßnahmenvorschläge enthalten. Die Maßnahmenvorschläge SOLLTEN mit realistischen Abschätzungen zum erwarteten Umsetzungsaufwand versehen sein. Die Management-Berichte SOLLTEN revisionssicher archiviert werden. Die Management-Entscheidungen über erforderliche Aktionen, den Umgang mit Restrisiken und mit 
Veränderungen von sicherheitsrelevanten Prozessen SOLLTEN dokumentiert sein. Die Management-Entscheidungen SOLLTEN revisionssicher archiviert werden."",
""ISMS.1.A13 Dokumentation des Sicherheitsprozesses (S) 
Der Ablauf des Sicherheitsprozesses SOLLTE dokumentiert werden. Wichtige Entscheidungen und die Arbeitsergebnisse der einzelnen Phasen wie Sicherheitskonzept, Richtlinien oder Untersuchungsergebnisse von Sicherheitsvorfällen SOLLTEN ausreichend dokumentiert werden. 
Es SOLLTE eine geregelte Vorgehensweise für die Erstellung und Archivierung von Dokumentationen im Rahmen des Sicherheitsprozesses geben. Regelungen SOLLTEN existieren, um die Aktualität und vertraulichkeit der Dokumentationen zu wahren. Von den vorhandenen Dokumenten SOLLTE die jeweils aktuelle Version kurzfristig zugänglich sein. Außerdem SOLLTEN alle Vorgängerversionen zentral archiviert werden. """;"Die Dokumentation von Management-Entscheidungen ist ein wichtiger Aspekt im Informationssicherheitsprozess. Grundlegende Entscheidungen zum Informationssicherheitsprozess und zur Sicherheitsstrategie müssen aufgezeichnet werden, damit diese jederzeit nachvollziehbar und wiederholbar sind Quelle: Kapitel ""Dokumentation"" (S.12). 

Dabei sollten alle wesentlichen durchgeführten Aktivitäten und Entscheidungen des Stabs protokolliert werden Quelle: Kapitel ""Protokollierung"" (S.5). Die Arbeit im Stab muss so dokumentiert werden, dass im Nachhinein nachvollzogen werden kann, auf welcher Grundlage jede Entscheidung im Stab getroffen wurde und welche Stabsmitglieder an der Entscheidung beteiligt waren Quelle: Kapitel ""Protokollierung"" (S.5). 

Es ist empfehlenswert, eine Dokumentvorlage oder ein anderes Hilfsmittel für die Protokolle zu entwickeln, um einen Kompromiss zwischen den Nachweispflichten der Institution, der Nachvollziehbarkeit von Entscheidungen und der Arbeits- und Entscheidungsfähigkeit des Stabs zu finden Quelle: Kapitel ""Protokollierung"" (S.6). 

Anschlussfragen:
1. Wie können die Protokolle des Stabs am effizientesten erstellt und verwaltet werden?
2. Welche Rolle spielt die Kommunikation im Informationssicherheitsprozess, und wie kann sie verbessert werden?
3. Wie können die Dokumentationsanforderungen für die verschiedenen Sicherheitsaktivitäten und Zielgruppen innerhalb einer Institution am besten definiert werden?";"Die Dokumentation von Management-Entscheidungen ist ein wichtiger Aspekt im Informationssicherheitsprozess. Grundlegende Entscheidungen zum Informationssicherheitsprozess und zur Sicherheitsstrategie müssen aufgezeichnet werden, damit diese jederzeit nachvollziehbar und wiederholbar sind Quelle: Kapitel ""Dokumentation"" (S.12). 

Dabei sollten alle wesentlichen durchgeführten Aktivitäten und Entscheidungen des Stabs protokolliert werden Quelle: Kapitel ""Protokollierung"" (S.5). Die Arbeit im Stab muss so dokumentiert werden, dass im Nachhinein nachvollzogen werden kann, auf welcher Grundlage jede Entscheidung im Stab getroffen wurde und welche Stabsmitglieder an der Entscheidung beteiligt waren Quelle: Kapitel ""Protokollierung"" (S.5). 

Es ist empfehlenswert, eine Dokumentvorlage oder ein anderes Hilfsmittel für die Protokolle zu entwickeln, um einen Kompromiss zwischen den Nachweispflichten der Institution, der Nachvollziehbarkeit von Entscheidungen und der Arbeits- und Entscheidungsfähigkeit des Stabs zu finden Quelle: Kapitel ""Protokollierung"" (S.6).";"1. Wie können die Protokolle des Stabs am effizientesten erstellt und verwaltet werden?
2. Welche Rolle spielt die Kommunikation im Informationssicherheitsprozess, und wie kann sie verbessert werden?
3. Wie können die Dokumentationsanforderungen für die verschiedenen Sicherheitsaktivitäten und Zielgruppen innerhalb einer Institution am besten definiert werden?";3;3;0.9150793650641138;1.0;1.0;0.4765538978494493;Wie können die Protokolle des Stabs am effizientesten erstellt und verwaltet werden?;2;2;"IT-Grundschutz beschreibt Protokollierung und Verwaltung von Stabsentscheidungen; Frage vertieft das Dokumentationsthema, daher vollständig abgedeckt und direkt relevant.";Welche Rolle spielt die Kommunikation im Informationssicherheitsprozess, und wie kann sie verbessert werden?;2;1;IT‑Grundschutz behandelt Kommunikation im Sicherheitsprozess umfassend, aber die Frage weicht vom Dokumentationsfokus der Ausgangsfrage ab.;Wie können die Dokumentationsanforderungen für die verschiedenen Sicherheitsaktivitäten und Zielgruppen innerhalb einer Institution am besten definiert werden?;2;2;IT‑Grundschutz behandelt Dokumentationsstrukturen, Anforderungen und Zielgruppen, sodass die Frage vollständig beantwortbar ist und direkt die Ausgangsfrage vertieft.;2.0;1.667
	Was ist bei der Auswahl der Planung von Software-Tests zu beachten?;"Bei der Auswahl der Planung von Software-Tests ist zu beachten, dass die Testfälle so ausgewählt werden müssen, dass diese möglichst repräsentativ alle Funktionen der Software überprüfen Quelle: OPS.1.1.6 (S.391). Zusätzlich sollten auch Negativ-Tests berücksichtigt werden, die überprüfen, ob die Software keine ungewollten Funktionen enthält Quelle: OPS.1.1.6 (S.391). Die Testumgebung muss so ausgewählt werden, dass diese möglichst repräsentativ alle in der Institution eingesetzten Gerätemodelle und Betriebssystemumgebungen abdeckt Quelle: OPS.1.1.6 (S.391).

Anschlussfragen:
1. Wie müssen die Testfälle für Software-Tests ausgewählt werden, um alle Funktionen der Software abzudecken?
2. Was ist bei der Auswahl der Testumgebung für Software-Tests zu beachten?
3. Wie müssen die Ergebnisse von Software-Tests ausgewertet und dokumentiert werden?";Bei der Auswahl der Planung von Software-Tests ist zu beachten, dass die Testfälle so ausgewählt werden müssen, dass diese möglichst repräsentativ alle Funktionen der Software überprüfen Quelle: OPS.1.1.6 (S.391). Zusätzlich sollten auch Negativ-Tests berücksichtigt werden, die überprüfen, ob die Software keine ungewollten Funktionen enthält Quelle: OPS.1.1.6 (S.391). Die Testumgebung muss so ausgewählt werden, dass diese möglichst repräsentativ alle in der Institution eingesetzten Gerätemodelle und Betriebssystemumgebungen abdeckt Quelle: OPS.1.1.6 (S.391).;"""OPS.1.1.6.A1 Planung der Software-Tests (B)
Die Rahmenbedingungen für Software-Tests MÜSSEN vor den Tests innerhalb der Institution entsprechend der Schutzbedarfe, Organisationseinheiten, technischen Möglichkeiten und Test-Umgebungen festlegt sein. Die Software MUSS auf Basis der Anforderungen des Anforderungskatalogs zu der Software getestet werden. Liegt auch ein Pflichtenheft vor, dann MUSS dieses zusätzlich berücksichtigt werden."",
""OPS.1.1.6 Software-Tests und -Freigaben
Die Testfälle MÜSSEN so ausgewählt werden, sodass diese möglichst repräsentativ alle Funktionen der Software überprüfen. Zusätzlich SOLLTEN auch Negativ-Tests berücksichtigt werden, die überprüfen, ob die Software keine ungewollten Funktionen enthält.
Die Testumgebung MUSS so ausgewählt werden, sodass diese möglichst repräsentativ alle in der Institution eingesetzten Gerätemodelle und Betriebssystemumgebungen abdeckt. Es SOLLTE dabei getestet werden, ob die Software mit den eingesetzten Betriebssystemen in den vorliegenden Konfigurationen kompatibel und funktionsfähig ist."",
""OPS.1.1.6.A2 Durchführung von funktionalen Software-Tests (B) [Testende]
Mit funktionalen Software-Tests MUSS die ordnungsgemäße und vollständige Funktion der Software überprüft werden. Die funktionalen Software-Tests MÜSSEN so durchgeführt werden, dass sie den Produktivbetrieb nicht beeinflussen."",
""OPS.1.1.6.A3 Auswertung der Testergebnisse (B) [Testende]
Die Ergebnisse der Software-Tests MÜSSEN ausgewertet werden. Es SOLLTE ein Soll-Ist-Vergleich mit definierten Vorgaben durchgeführt werden. Die Auswertung MUSS dokumentiert werden."",
""OPS.1.1.6.A4 Freigabe der Software (B) [Fachverantwortliche]
Die fachlich zuständige Organisationseinheit MUSS die Software freigeben, sobald die Software-Tests erfolgreich durchgeführt wurden. Die Freigabe MUSS in Form einer Freigabeerklärung dokumentiert werden.
Die freigebende Organisationseinheit MUSS überprüfen, ob die Software gemäß den Anforderungen getestet wurde. Die Ergebnisse der Software-Tests MÜSSEN mit den vorher festgelegten Erwartungen übereinstimmen. Auch MUSS überprüft werden, ob die rechtlichen und organisatorischen Vorgaben eingehalten wurden."",
""OPS.1.1.6.A5 Durchführung von Software-Tests für nicht funktionale Anforderungen (B) [Testende]
Es MÜSSEN Software-Tests durchgeführt werden, die überprüfen, ob alle wesentlichen nichtfunktionalen Anforderungen erfüllt werden. Insbesondere MÜSSEN sicherheitsspezifische Software-Tests durchgeführt werden, wenn die Anwendung sicherheitskritische Funktionen mitbringt. Die durchgeführten Testfälle, sowie die Testergebnisse, MÜSSEN dokumentiert werden."",
""OPS.1.1.6.A11 Verwendung von anonymisierten oder pseudonymisierten Testdaten (B) [Datenschutzbeauftragte, Testende]
Wenn Produktivdaten für Software-Tests verwendet werden, die schützenswerte Informationen enthalten, dann MÜSSEN diese Testdaten angemessen geschützt werden. Enthalten diese Daten personenbezogene Informationen, dann MÜSSEN diese Daten mindestens pseudonymisiert werden. Falls möglich, SOLLTEN die Testdaten mit Personenbezug vollständig anonymisiert werden. Wenn ein Personenbezug von den Testdaten abgeleitet werden könnte, MUSS der oder die Datenschutzbeauftragte und unter Umständen die Personalvertretung hinzugezogen werden."",";"Bei der Auswahl der Planung von Software-Tests ist zu beachten, dass die Rahmenbedingungen für Software-Tests vor den Tests innerhalb der Institution entsprechend der Schutzbedarfe, Organisationseinheiten, technischen Möglichkeiten und Test-Umgebungen festgelegt sein müssen. Die Software muss auf Basis der Anforderungen des Anforderungskatalogs getestet werden. Quelle: Planung der Software-Tests (S.1).

Die Testfälle müssen so ausgewählt werden, dass diese möglichst repräsentativ alle Funktionen der Software überprüfen. Zusätzlich sollten auch Negativ-Tests berücksichtigt werden, die überprüfen, ob die Software keine ungewollten Funktionen enthält. Quelle: Planung der Software-Tests (S.2).

Die Testumgebung muss so ausgewählt werden, dass diese möglichst repräsentativ alle in der Institution eingesetzten Gerätemodelle und Betriebssystemumgebungen abdeckt. Quelle: Planung der Software-Tests (S.3).

Anschlussfragen:
1. Wie sollten die Testfälle für Software-Tests ausgewählt werden, um eine repräsentative Überprüfung aller Funktionen zu gewährleisten?
2. Welche Rolle spielen Negativ-Tests bei der Überprüfung von Software, und wie sollten sie in die Testplanung integriert werden?
3. Wie kann die Testumgebung so ausgewählt werden, dass sie alle in der Institution eingesetzten Gerätemodelle und Betriebssystemumgebungen abdeckt?";"Bei der Auswahl der Planung von Software-Tests ist zu beachten, dass die Rahmenbedingungen für Software-Tests vor den Tests innerhalb der Institution entsprechend der Schutzbedarfe, Organisationseinheiten, technischen Möglichkeiten und Test-Umgebungen festgelegt sein müssen. Die Software muss auf Basis der Anforderungen des Anforderungskatalogs getestet werden. Quelle: Planung der Software-Tests (S.1).

Die Testfälle müssen so ausgewählt werden, dass diese möglichst repräsentativ alle Funktionen der Software überprüfen. Zusätzlich sollten auch Negativ-Tests berücksichtigt werden, die überprüfen, ob die Software keine ungewollten Funktionen enthält. Quelle: Planung der Software-Tests (S.2).

Die Testumgebung muss so ausgewählt werden, dass diese möglichst repräsentativ alle in der Institution eingesetzten Gerätemodelle und Betriebssystemumgebungen abdeckt. Quelle: Planung der Software-Tests (S.3).";"1. Wie sollten die Testfälle für Software-Tests ausgewählt werden, um eine repräsentative Überprüfung aller Funktionen zu gewährleisten?
2. Welche Rolle spielen Negativ-Tests bei der Überprüfung von Software, und wie sollten sie in die Testplanung integriert werden?
3. Wie kann die Testumgebung so ausgewählt werden, dass sie alle in der Institution eingesetzten Gerätemodelle und Betriebssystemumgebungen abdeckt?";3;3;0.9999999999857143;1.0;1.0;0.6513260959336775;Wie sollten die Testfälle für Software-Tests ausgewählt werden, um eine repräsentative Überprüfung aller Funktionen zu gewährleisten?;1;2;"Grundschutz verlangt repräsentative Testfallwahl, gibt jedoch keine detaillierte Methode; Frage ist thematisch eng zur Ausgangsfrage.";Welche Rolle spielen Negativ-Tests bei der Überprüfung von Software, und wie sollten sie in die Testplanung integriert werden?;1;2;IT‑Grundschutz erwähnt Negativ‑Tests und deren Einbindung, gibt jedoch keine umfassende Rollenbeschreibung, daher nur teilweise abgedeckt, aber thematisch passend.;Wie kann die Testumgebung so ausgewählt werden, dass sie alle in der Institution eingesetzten Gerätemodelle und Betriebssystemumgebungen abdeckt?;1;2;IT-Grundschutz behandelt Testumgebungen und zulässige Geräte/OS getrennt, sodass nur teilweise, aber nicht vollständig, beantwortet werden kann.;1.0;2.0
Welche Basis Anforderungen gibt es im  IT-Grundschutz in Bezug auf Telearbeit ?;"Im IT-Grundschutz gibt es mehrere Basisanforderungen in Bezug auf Telearbeit. Dazu gehören die Regelungen für Telearbeit (OPS.1.2.4.A1), die sicherheitstechnischen Anforderungen an den Telearbeitsrechner (OPS.1.2.4.A2) und die Sensibilisierung und Schulung der Mitarbeitenden (OPS.1.2.4.A5). Diese Anforderungen sollen sicherstellen, dass die Telearbeit sicher und effizient durchgeführt wird. Quelle: OPS.1.2.4.A1 Regelungen für Telearbeit (B) [Vorgesetzte, Personalabteilung] (S.1), Quelle: OPS.1.2.4.A2 Sicherheitstechnische Anforderungen an den Telearbeitsrechner (B) (S.2), Quelle: OPS.1.2.4.A5 Sensibilisierung und Schulung der Mitarbeitenden (B) (S.3).

Anschlussfragen:
1. Wie MÜSSEN die Regelungen für Telearbeit in einer Institution umgesetzt werden?
2. Welche sicherheitstechnischen Anforderungen MÜSSEN an den Telearbeitsrechner gestellt werden?
3. Wie SOLLTEN die Schulungs- und Sensibilisierungsmaßnahmen für Mitarbeitende in Bezug auf Telearbeit durchgeführt werden?";Im IT-Grundschutz gibt es mehrere Basisanforderungen in Bezug auf Telearbeit. Dazu gehören die Regelungen für Telearbeit (OPS.1.2.4.A1), die sicherheitstechnischen Anforderungen an den Telearbeitsrechner (OPS.1.2.4.A2) und die Sensibilisierung und Schulung der Mitarbeitenden (OPS.1.2.4.A5). Diese Anforderungen sollen sicherstellen, dass die Telearbeit sicher und effizient durchgeführt wird. Quelle: OPS.1.2.4.A1 Regelungen für Telearbeit (B) [Vorgesetzte, Personalabteilung] (S.1), Quelle: OPS.1.2.4.A2 Sicherheitstechnische Anforderungen an den Telearbeitsrechner (B) (S.2), Quelle: OPS.1.2.4.A5 Sensibilisierung und Schulung der Mitarbeitenden (B) (S.3).;"""OPS.1.2.4.A1 Regelungen für Telearbeit (B) [Vorgesetzte, Personalabteilung]
Alle relevanten Aspekte der Telearbeit MÜSSEN geregelt werden. Zu Informationszwecken MÜSSEN den Telearbeitenden die geltenden Regelungen oder ein dafür vorgesehenes Merkblatt ausgehändigt werden, das die zu beachtenden Sicherheitsmaßnahmen erläutert. Alle strittigen Punkte MÜSSEN entweder durch Betriebsvereinbarungen oder durch zusätzlich zum Arbeitsvertrag getroffene individuelle Vereinbarungen zwischen dem Mitarbeitenden und der Institution geregelt werden. Die Regelungen MÜSSEN regelmäßig aktualisiert werden."",
""OPS.1.2.4.A2 Sicherheitstechnische Anforderungen an den Telearbeitsrechner (B)
Es MÜSSEN sicherheitstechnische Anforderungen festgelegt werden, die ein IT-System für die Telearbeit erfüllen muss.
Es MUSS sichergestellt werden, dass nur autorisierte Personen Zugang zu den Telearbeitsrechnern haben. Darüber hinaus MUSS der Telearbeitsrechner so abgesichert werden, dass er nur für autorisierte Zwecke benutzt werden kann."",
""OPS.1.2.4.A5 Sensibilisierung und Schulung der Mitarbeitenden (B)
Anhand eines Leitfadens MÜSSEN die Mitarbeitenden für die Gefahren sensibilisiert werden, die mit der Telearbeit verbunden sind. Außerdem MÜSSEN sie in die entsprechenden Sicherheitsmaßnahmen der Institution eingewiesen und im Umgang mit diesen geschult werden. Die Schulungs- und Sensibilisierungsmaßnahmen für Mitarbeitenden SOLLTEN regelmäßig wiederholt werden.""";"Die Basisanforderungen im IT-Grundschutz in Bezug auf Telearbeit umfassen die folgenden Aspekte: 
- Es MÜSSEN sicherheitstechnische Anforderungen festgelegt werden, die ein IT-System für die Telearbeit erfüllen muss Quelle: OPS.1.2.4 Telearbeit (S.391).
- Es MUSS sichergestellt werden, dass nur autorisierte Personen Zugang zu den Telearbeitsrechnern haben Quelle: OPS.1.2.4 Telearbeit (S.391).
- Der Telearbeitsrechner MUSS so abgesichert werden, dass er nur für autorisierte Zwecke benutzt werden kann Quelle: OPS.1.2.4 Telearbeit (S.391).
- Es SOLLTE ein Sicherheitskonzept für die Telearbeit erstellt werden, das Sicherheitsziele, Schutzbedarf, Sicherheitsanforderungen sowie Risiken beschreibt Quelle: OPS.1.2.4 Telearbeit (S.391).
- Einheitliche Grundanforderungen an Outsourcing-Verträge MÜSSEN entwickelt werden, die Aspekte der Informationssicherheit und Sicherheitsanforderungen der Nutzenden von Outsourcing beinhalten Quelle: BSI-Standard 200-2 (S.17).

Anschlussfragen:
1. Wie können die sicherheitstechnischen Anforderungen an Telearbeitsrechner umgesetzt werden?
2. Welche Rolle spielen Outsourcing-Verträge bei der Absicherung von Telearbeit?
3. Wie kann ein Sicherheitskonzept für Telearbeit erstellt und regelmäßig aktualisiert werden?";"Die Basisanforderungen im IT-Grundschutz in Bezug auf Telearbeit umfassen die folgenden Aspekte: 
- Es MÜSSEN sicherheitstechnische Anforderungen festgelegt werden, die ein IT-System für die Telearbeit erfüllen muss Quelle: OPS.1.2.4 Telearbeit (S.391).
- Es MUSS sichergestellt werden, dass nur autorisierte Personen Zugang zu den Telearbeitsrechnern haben Quelle: OPS.1.2.4 Telearbeit (S.391).
- Der Telearbeitsrechner MUSS so abgesichert werden, dass er nur für autorisierte Zwecke benutzt werden kann Quelle: OPS.1.2.4 Telearbeit (S.391).
- Es SOLLTE ein Sicherheitskonzept für die Telearbeit erstellt werden, das Sicherheitsziele, Schutzbedarf, Sicherheitsanforderungen sowie Risiken beschreibt Quelle: OPS.1.2.4 Telearbeit (S.391).
- Einheitliche Grundanforderungen an Outsourcing-Verträge MÜSSEN entwickelt werden, die Aspekte der Informationssicherheit und Sicherheitsanforderungen der Nutzenden von Outsourcing beinhalten Quelle: BSI-Standard 200-2 (S.17).";"1. Wie können die sicherheitstechnischen Anforderungen an Telearbeitsrechner umgesetzt werden?
2. Welche Rolle spielen Outsourcing-Verträge bei der Absicherung von Telearbeit?
3. Wie kann ein Sicherheitskonzept für Telearbeit erstellt und regelmäßig aktualisiert werden?";3;3;0.8972222222072685;1.0;0.6;0.41281270754672217;Wie können die sicherheitstechnischen Anforderungen an Telearbeitsrechner umgesetzt werden?;2;2;"IT‑Grundschutz enthält konkrete Umsetzungsmaßnahmen für sicherheitstechnische Anforderungen; die Frage vertieft das Thema der Basis‑Anforderungen.";Welche Rolle spielen Outsourcing-Verträge bei der Absicherung von Telearbeit?;1;1;"IT‑Grundschutz behandelt Outsourcing und Telearbeit separat; die Verbindung ist nur indirekt behandelt, daher teilweise beantwortbar und nur tangential relevant.";Wie kann ein Sicherheitskonzept für Telearbeit erstellt und regelmäßig aktualisiert werden?;2;2;"IT-Grundschutz enthält klare Vorgaben zum Erstellen und Aktualisieren von Sicherheitskonzepten für Telearbeit; Frage vertieft die Basisanforderungen.";1.667;1.667
Wie werden organisatorische und technische Maßnahmen in Bezug auf Telearbeit miteinander verzahnt?;"Die organisatorischen und technischen Maßnahmen in Bezug auf Telearbeit werden durch verschiedene Anforderungen miteinander verzahnt. So müssen beispielsweise alle relevanten Aspekte der Telearbeit geregelt werden, wie in OPS.1.2.4.A1 festgelegt, und es müssen sicherheitstechnische Anforderungen an den Telearbeitsrechner festgelegt werden, wie in OPS.1.2.4.A2 beschrieben. Darüber hinaus müssen die Mitarbeitenden für die Gefahren sensibilisiert und in die entsprechenden Sicherheitsmaßnahmen eingewiesen werden, wie in OPS.1.2.4.A5 vorgeschlagen. Quelle: OPS.1.2.4.A1 (S.1), Quelle: OPS.1.2.4.A2 (S.2), Quelle: OPS.1.2.4.A5 (S.5).

Anschlussfragen:
1. Wie werden die sicherheitstechnischen Anforderungen an den Telearbeitsrechner umgesetzt?
2. Welche Rolle spielen die Vorgesetzten und die Personalabteilung bei der Umsetzung der Telearbeit?
3. Wie werden die Datensicherungsanforderungen für die Telearbeit geregelt?";Die organisatorischen und technischen Maßnahmen in Bezug auf Telearbeit werden durch verschiedene Anforderungen miteinander verzahnt. So müssen beispielsweise alle relevanten Aspekte der Telearbeit geregelt werden, wie in OPS.1.2.4.A1 festgelegt, und es müssen sicherheitstechnische Anforderungen an den Telearbeitsrechner festgelegt werden, wie in OPS.1.2.4.A2 beschrieben. Darüber hinaus müssen die Mitarbeitenden für die Gefahren sensibilisiert und in die entsprechenden Sicherheitsmaßnahmen eingewiesen werden, wie in OPS.1.2.4.A5 vorgeschlagen. Quelle: OPS.1.2.4.A1 (S.1), Quelle: OPS.1.2.4.A2 (S.2), Quelle: OPS.1.2.4.A5 (S.5).;"OPS.1.2.4.A1 Regelungen für Telearbeit (B) [Vorgesetzte, Personalabteilung] Alle relevanten Aspekte der Telearbeit MÜSSEN geregelt werden. Zu Informationszwecken MÜSSEN den Telearbeitenden die geltenden Regelungen oder ein dafür vorgesehenes Merkblatt ausgehändigt werden, das die zu beachtenden Sicherheitsmaßnahmen erläutert. Alle strittigen Punkte MÜSSEN entweder durch Betriebsvereinbarungen oder durch zusätzlich zum Arbeitsvertrag getroffene individuelle Vereinbarungen zwischen dem Mitarbeitenden und der Institution geregelt werden. Die Regelungen MÜSSEN regelmäßig aktualisiert werden.

OPS.1.2.4.A2 Sicherheitstechnische Anforderungen an den Telearbeitsrechner (B) Es MÜSSEN sicherheitstechnische Anforderungen festgelegt werden, die ein IT-System für die Telearbeit erfüllen muss. Es MUSS sichergestellt werden, dass nur autorisierte Personen Zugang zu den Telearbeitsrechnern haben. Darüber hinaus MUSS der Telearbeitsrechner so abgesichert werden, dass er nur für autorisierte Zwecke benutzt werden kann.

OPS.1.2.4.A5 Sensibilisierung und Schulung der Mitarbeitenden (B) Anhand eines Leitfadens MÜSSEN die Mitarbeitenden für die Gefahren sensibilisiert werden, die mit der Telearbeit verbunden sind. Außerdem MÜSSEN sie in die entsprechenden Sicherheitsmaßnahmen der Institution eingewiesen und im Umgang mit diesen geschult werden. Die Schulungs- und Sensibilisierungsmaßnahmen für Mitarbeitenden SOLLTEN regelmäßig wiederholt werden.

OPS.1.2.4.A9 Betreuungs- und Wartungskonzept für Telearbeitsplätze (S) [ITBetrieb, Mitarbeitende] Für Telearbeitsplätze SOLLTE ein spezielles Betreuungs- und Wartungskonzept erstellt werden. Darin SOLLTEN folgende Aspekte geregelt werden: Kontaktperson des IT-Betriebs, Wartungstermine, Fernwartung, Transport der IT-Geräte und Einführung von Standard-Telearbeitsrechnern. Damit die Mitarbeitenden einsatzfähig bleiben, SOLLTEN für sie Kontaktpersonen für Hard- und Softwareprobleme benannt werden.";"Die organisatorischen und technischen Maßnahmen in Bezug auf Telearbeit werden miteinander verzahnt, indem sie auf die spezifischen Sicherheitsanforderungen und -ziele der Institution abgestimmt werden. Dazu gehören die Erstellung eines Sicherheitskonzepts für die Telearbeit, die Sensibilisierung und Schulung der Mitarbeitenden sowie die Implementierung von technischen Sicherheitsmaßnahmen wie der Einsatz von Kryptografie und der Schutz vor Schadprogrammen. 
Quelle: OPS.1.2.4 Telearbeit (S.391).

Anschlussfragen:
1. Wie können die Sicherheitsrisiken bei der Telearbeit minimiert werden?
2. Welche Rolle spielt die Sensibilisierung und Schulung der Mitarbeitenden bei der Telearbeit?
3. Wie kann ein Sicherheitskonzept für die Telearbeit erstellt und umgesetzt werden?";"Die organisatorischen und technischen Maßnahmen in Bezug auf Telearbeit werden miteinander verzahnt, indem sie auf die spezifischen Sicherheitsanforderungen und -ziele der Institution abgestimmt werden. Dazu gehören die Erstellung eines Sicherheitskonzepts für die Telearbeit, die Sensibilisierung und Schulung der Mitarbeitenden sowie die Implementierung von technischen Sicherheitsmaßnahmen wie der Einsatz von Kryptografie und der Schutz vor Schadprogrammen. 
Quelle: OPS.1.2.4 Telearbeit (S.391).";"1. Wie können die Sicherheitsrisiken bei der Telearbeit minimiert werden?
2. Welche Rolle spielt die Sensibilisierung und Schulung der Mitarbeitenden bei der Telearbeit?
3. Wie kann ein Sicherheitskonzept für die Telearbeit erstellt und umgesetzt werden?";3;3;0.9821428571288265;1.0;1.0;0.37547329953060093;Wie können die Sicherheitsrisiken bei der Telearbeit minimiert werden?;2;2;"Grundschutz‑Bausteine beschreiben Maßnahmen zur Risikominimierung in Telearbeit; die Frage vertieft das Thema der Verzahnung von Maßnahmen.";Welche Rolle spielt die Sensibilisierung und Schulung der Mitarbeitenden bei der Telearbeit?;2;2;"IT‑Grundschutz behandelt Sensibilisierung/Schulung bei Telearbeit umfassend; die Frage vertieft organisatorische Aspekte der Maßnahmeverzahnung.";Wie kann ein Sicherheitskonzept für die Telearbeit erstellt und umgesetzt werden?;2;2;"IT-Grundschutz enthält klare Anweisungen zum Erstellen und Umsetzen von Sicherheitskonzepten für Telearbeit; Frage vertieft das Ausgangsthema direkt.";2.0;2.0
Wie wird verhindert, dass Mitarbeitende Sicherheitsmaßnahmen im Homeoffice vernachlässigen?;"Um zu verhindern, dass Mitarbeitende Sicherheitsmaßnahmen im Homeoffice vernachlässigen, müssen alle relevanten Aspekte der Telearbeit geregelt werden, wie in OPS.1.2.4.A1 Regelungen für Telearbeit (B) [Vorgesetzte, Personalabteilung] festgelegt. Dazu gehören die Ausgabe von Regelungen oder Merkblättern, die die zu beachtenden Sicherheitsmaßnahmen erläutern, sowie regelmäßige Aktualisierungen dieser Regelungen Quelle: OPS.1.2.4.A1 (S. nicht spezifiziert). 

Darüber hinaus ist es wichtig, die Mitarbeitenden für die Gefahren sensibilisiert werden, die mit der Telearbeit verbunden sind, und sie in die entsprechenden Sicherheitsmaßnahmen der Institution einweisen und schulen, wie in OPS.1.2.4.A5 Sensibilisierung und Schulung der Mitarbeitenden (B) beschrieben Quelle: OPS.1.2.4.A5 (S. nicht spezifiziert). 

Ein regelmäßiger innerbetrieblicher Informationsaustausch zwischen den Mitarbeitenden und der Institution, wie in OPS.1.2.4.A8 Informationsfluss zwischen Mitarbeitenden und Institution (S) [Vorgesetzte, Mitarbeitende] gefordert, hilft ebenfalls, Sicherheitsanforderungen und -vorfälle zeitnah zu kommunizieren Quelle: OPS.1.2.4.A8 (S. nicht spezifiziert).

Anschlussfragen:
1. Wie können die Mitarbeitenden am besten auf die spezifischen Sicherheitsanforderungen der Telearbeit vorbereitet werden?
2. Welche Rolle spielt die regelmäßige Aktualisierung der Telearbeitsregelungen bei der Aufrechterhaltung der Sicherheit?
3. Wie kann der Informationsfluss zwischen den Mitarbeitenden und der Institution am effektivsten gestaltet werden, um Sicherheitsvorfälle zu minimieren?";"Um zu verhindern, dass Mitarbeitende Sicherheitsmaßnahmen im Homeoffice vernachlässigen, müssen alle relevanten Aspekte der Telearbeit geregelt werden, wie in OPS.1.2.4.A1 Regelungen für Telearbeit (B) [Vorgesetzte, Personalabteilung] festgelegt. Dazu gehören die Ausgabe von Regelungen oder Merkblättern, die die zu beachtenden Sicherheitsmaßnahmen erläutern, sowie regelmäßige Aktualisierungen dieser Regelungen Quelle: OPS.1.2.4.A1 (S. nicht spezifiziert). 

Darüber hinaus ist es wichtig, die Mitarbeitenden für die Gefahren sensibilisiert werden, die mit der Telearbeit verbunden sind, und sie in die entsprechenden Sicherheitsmaßnahmen der Institution einweisen und schulen, wie in OPS.1.2.4.A5 Sensibilisierung und Schulung der Mitarbeitenden (B) beschrieben Quelle: OPS.1.2.4.A5 (S. nicht spezifiziert). 

Ein regelmäßiger innerbetrieblicher Informationsaustausch zwischen den Mitarbeitenden und der Institution, wie in OPS.1.2.4.A8 Informationsfluss zwischen Mitarbeitenden und Institution (S) [Vorgesetzte, Mitarbeitende] gefordert, hilft ebenfalls, Sicherheitsanforderungen und -vorfälle zeitnah zu kommunizieren Quelle: OPS.1.2.4.A8 (S. nicht spezifiziert).";"OPS.1.2.4.A1 Regelungen für Telearbeit (B) [Vorgesetzte, Personalabteilung] Alle relevanten Aspekte der Telearbeit MÜSSEN geregelt werden. Zu Informationszwecken MÜSSEN den Telearbeitenden die geltenden Regelungen oder ein dafür vorgesehenes Merkblatt ausgehändigt werden, das die zu beachtenden Sicherheitsmaßnahmen erläutert. Alle strittigen Punkte MÜSSEN entweder durch Betriebsvereinbarungen oder durch zusätzlich zum Arbeitsvertrag getroffene individuelle Vereinbarungen zwischen dem Mitarbeitenden und der Institution geregelt werden. Die Regelungen MÜSSEN regelmäßig aktualisiert werden.

OPS.1.2.4.A5 Sensibilisierung und Schulung der Mitarbeitenden (B) Anhand eines Leitfadens MÜSSEN die Mitarbeitenden für die Gefahren sensibilisiert werden, die mit der Telearbeit verbunden sind. Außerdem MÜSSEN sie in die entsprechenden Sicherheitsmaßnahmen der Institution eingewiesen und im Umgang mit diesen geschult werden. Die Schulungs- und Sensibilisierungsmaßnahmen für Mitarbeitenden SOLLTEN regelmäßig wiederholt werden.

OPS.1.2.4.A8 Informationsfluss zwischen Mitarbeitenden und Institution (S) [Vorgesetzte, Mitarbeitende] Ein regelmäßiger innerbetrieblicher Informationsaustausch zwischen den Mitarbeitenden und der Institution SOLLTE gewährleistet sein. Alle Mitarbeitenden SOLLTEN zeitnah über geänderte Sicherheitsanforderungen und andere sicherheitsrelevante Aspekte informiert werden. Allen Kollegen und Kolleginnen der jeweiligen Mitarbeitenden SOLLTE bekannt sein, wann und wo diese erreicht werden können. Technische und organisatorische Telearbeitsregelungen zur Aufgabenbewältigung, zu Sicherheitsvorfällen und sonstigen Problemen SOLLTEN geregelt und an die Mitarbeitenden kommuniziert werden.";"Um zu verhindern, dass Mitarbeitende Sicherheitsmaßnahmen im Homeoffice vernachlässigen, müssen klare Regelungen und Maßnahmen zum Schutz vor unbefugtem Zutritt am häuslichen Arbeitsplatz festgelegt werden. Dazu gehören beispielsweise die regelmäßige Überprüfung der Einhaltung von Sicherheitsvorschriften und die Schulung der Mitarbeitenden über die Bedeutung von Informationssicherheit. Es muss sichergestellt werden, dass unbefugte Personen nicht den häuslichen Arbeitsplatz betreten und auf dienstliche IT und Unterlagen zugreifen können. Quelle: INF.8 Häuslicher Arbeitsplatz.

Anschlussfragen:
1. Wie können Institutionsleitungen sicherstellen, dass ihre Mitarbeitenden im Homeoffice die notwendigen Sicherheitsmaßnahmen einhalten?
2. Welche Rolle spielt die Sensibilisierung und Schulung der Mitarbeitenden für die Informationssicherheit im Homeoffice?
3. Wie können unzureichende Kenntnisse über Regelungen zur Informationssicherheit bei den Mitarbeitenden im Homeoffice behoben werden?";Um zu verhindern, dass Mitarbeitende Sicherheitsmaßnahmen im Homeoffice vernachlässigen, müssen klare Regelungen und Maßnahmen zum Schutz vor unbefugtem Zutritt am häuslichen Arbeitsplatz festgelegt werden. Dazu gehören beispielsweise die regelmäßige Überprüfung der Einhaltung von Sicherheitsvorschriften und die Schulung der Mitarbeitenden über die Bedeutung von Informationssicherheit. Es muss sichergestellt werden, dass unbefugte Personen nicht den häuslichen Arbeitsplatz betreten und auf dienstliche IT und Unterlagen zugreifen können. Quelle: INF.8 Häuslicher Arbeitsplatz.;"1. Wie können Institutionsleitungen sicherstellen, dass ihre Mitarbeitenden im Homeoffice die notwendigen Sicherheitsmaßnahmen einhalten?
2. Welche Rolle spielt die Sensibilisierung und Schulung der Mitarbeitenden für die Informationssicherheit im Homeoffice?
3. Wie können unzureichende Kenntnisse über Regelungen zur Informationssicherheit bei den Mitarbeitenden im Homeoffice behoben werden?";3;3;0.9999999999857143;1.0;1.0;0.4284964124172497;Wie können Institutionsleitungen sicherstellen, dass ihre Mitarbeitenden im Homeoffice die notwendigen Sicherheitsmaßnahmen einhalten?;1;2;"Grundschutz behandelt Führungsaufgaben und Verantwortlichkeiten, aber nicht spezifisch Homeoffice‑Compliance; Frage ist thematisch eng zur Ausgangsfrage.";Welche Rolle spielt die Sensibilisierung und Schulung der Mitarbeitenden für die Informationssicherheit im Homeoffice?;2;2;"Grundschutz behandelt Sensibilisierung/Schulung für Homeoffice umfassend; Frage vertieft direkt das Verhindern von Vernachlässigungen durch Awareness-Maßnahmen.";Wie können unzureichende Kenntnisse über Regelungen zur Informationssicherheit bei den Mitarbeitenden im Homeoffice behoben werden?;2;2;"IT‑Grundschutz behandelt Schulungen und Sensibilisierung für Home‑Office, damit fehlendes Regelungswissen behoben wird; damit ist die Frage vollständig beantwortbar und thematisch passend.";1.667;2.0
Welche Maßnahmen adressieren gleichzeitig organisatorische und menschliche Risiken der Telearbeit?;"Die Maßnahmen, die gleichzeitig organisatorische und menschliche Risiken der Telearbeit adressieren, umfassen Regelungen für Telearbeit, Sensibilisierung und Schulung der Mitarbeitenden sowie die Regelung des Informationsflusses zwischen Mitarbeitenden und Institution. 

Die Regelungen für Telearbeit (OPS.1.2.4.A1) MÜSSEN alle relevanten Aspekte der Telearbeit regeln und den Telearbeitenden die geltenden Regelungen oder ein dafür vorgesehenes Merkblatt aushändigen Quelle: OPS.1.2.4.A1 (S. nicht spezifiziert). 

Die Sensibilisierung und Schulung der Mitarbeitenden (OPS.1.2.4.A5) MÜSSEN die Mitarbeitenden für die Gefahren sensibilisieren, die mit der Telearbeit verbunden sind, und sie in die entsprechenden Sicherheitsmaßnahmen der Institution einweisen Quelle: OPS.1.2.4.A5 (S. nicht spezifiziert). 

Der Informationsfluss zwischen Mitarbeitenden und Institution (OPS.1.2.4.A8) SOLLTE gewährleisten, dass alle Mitarbeitenden zeitnah über geänderte Sicherheitsanforderungen und andere sicherheitsrelevante Aspekte informiert werden Quelle: OPS.1.2.4.A8 (S. nicht spezifiziert).

Anschlussfragen:
1. Wie können die Regelungen für Telearbeit am effektivsten umgesetzt werden, um organisatorische Risiken zu minimieren?
2. Welche Rolle spielt die Sensibilisierung und Schulung der Mitarbeitenden bei der Reduzierung menschlicher Risiken in der Telearbeit?
3. Wie kann der Informationsfluss zwischen Mitarbeitenden und Institution optimiert werden, um sicherzustellen, dass alle Beteiligten über aktuelle Sicherheitsanforderungen informiert sind?";"Die Maßnahmen, die gleichzeitig organisatorische und menschliche Risiken der Telearbeit adressieren, umfassen Regelungen für Telearbeit, Sensibilisierung und Schulung der Mitarbeitenden sowie die Regelung des Informationsflusses zwischen Mitarbeitenden und Institution. 

Die Regelungen für Telearbeit (OPS.1.2.4.A1) MÜSSEN alle relevanten Aspekte der Telearbeit regeln und den Telearbeitenden die geltenden Regelungen oder ein dafür vorgesehenes Merkblatt aushändigen Quelle: OPS.1.2.4.A1 (S. nicht spezifiziert). 

Die Sensibilisierung und Schulung der Mitarbeitenden (OPS.1.2.4.A5) MÜSSEN die Mitarbeitenden für die Gefahren sensibilisieren, die mit der Telearbeit verbunden sind, und sie in die entsprechenden Sicherheitsmaßnahmen der Institution einweisen Quelle: OPS.1.2.4.A5 (S. nicht spezifiziert). 

Der Informationsfluss zwischen Mitarbeitenden und Institution (OPS.1.2.4.A8) SOLLTE gewährleisten, dass alle Mitarbeitenden zeitnah über geänderte Sicherheitsanforderungen und andere sicherheitsrelevante Aspekte informiert werden Quelle: OPS.1.2.4.A8 (S. nicht spezifiziert).";"OPS.1.2.4.A1 Regelungen für Telearbeit (B) [Vorgesetzte, Personalabteilung] Alle relevanten Aspekte der Telearbeit MÜSSEN geregelt werden. Zu Informationszwecken MÜSSEN den Telearbeitenden die geltenden Regelungen oder ein dafür vorgesehenes Merkblatt ausgehändigt werden, das die zu beachtenden Sicherheitsmaßnahmen erläutert. Alle strittigen Punkte MÜSSEN entweder durch Betriebsvereinbarungen oder durch zusätzlich zum Arbeitsvertrag getroffene individuelle Vereinbarungen zwischen dem Mitarbeitenden und der Institution geregelt werden. Die Regelungen MÜSSEN regelmäßig aktualisiert werden.

OPS.1.2.4.A5 Sensibilisierung und Schulung der Mitarbeitenden (B) Anhand eines Leitfadens MÜSSEN die Mitarbeitenden für die Gefahren sensibilisiert werden, die mit der Telearbeit verbunden sind. Außerdem MÜSSEN sie in die entsprechenden Sicherheitsmaßnahmen der Institution eingewiesen und im Umgang mit diesen geschult werden. Die Schulungs- und Sensibilisierungsmaßnahmen für Mitarbeitenden SOLLTEN regelmäßig wiederholt werden.

OPS.1.2.4.A7 Regelung der Nutzung von Kommunikationsmöglichkeiten bei Telearbeit (S) [IT-Betrieb, Mitarbeitende] Es SOLLTE klar geregelt werden, welche Kommunikationsmöglichkeiten bei der Telearbeit unter welchen Rahmenbedingungen genutzt werden dürfen. Die dienstliche und private Nutzung von Internetdiensten bei der Telearbeit SOLLTE geregelt werden. Dabei SOLLTE auch geklärt werden, ob eine private Nutzung generell erlaubt oder unterbunden wird.

OPS.1.2.4.A8 Informationsfluss zwischen Mitarbeitenden und Institution (S) [Vorgesetzte, Mitarbeitende] Ein regelmäßiger innerbetrieblicher Informationsaustausch zwischen den Mitarbeitenden und der Institution SOLLTE gewährleistet sein. Alle Mitarbeitenden SOLLTEN zeitnah über geänderte Sicherheitsanforderungen und andere sicherheitsrelevante Aspekte informiert werden. Allen Kollegen und Kolleginnen der jeweiligen Mitarbeitenden SOLLTE bekannt sein, wann und wo diese erreicht werden können. Technische und organisatorische Telearbeitsregelungen zur Aufgabenbewältigung, zu Sicherheitsvorfällen und sonstigen Problemen SOLLTEN geregelt und an die Mitarbeitenden kommuniziert werden.";"Um organisatorische und menschliche Risiken der Telearbeit zu adressieren, sollten mehrere Maßnahmen ergriffen werden. Dazu gehören die Sensibilisierung und Schulung der Mitarbeitenden für die Gefahren, die mit der Telearbeit verbunden sind, sowie die Einweisung in die entsprechenden Sicherheitsmaßnahmen der Institution Quelle: Telearbeit, Abschnitt ""Sensibilisierung und Schulung der Mitarbeitenden"". 

Ein weiterer wichtiger Aspekt ist die Erstellung eines Sicherheitskonzepts für die Telearbeit, das Sicherheitsziele, Schutzbedarf, Sicherheitsanforderungen sowie Risiken beschreibt Quelle: Telearbeit, Abschnitt ""Erstellen eines Sicherheitskonzeptes für Telearbeit"". 

Darüber hinaus sollten organisatorische Absprachen zwischen den Mitarbeitenden und den Führungskräften getroffen werden, um sicherzustellen, dass die Telearbeit sicher und effizient durchgeführt wird Quelle: Telearbeit, Abschnitt ""Fehlende oder unzureichende Regelungen für den Telearbeitsplatz"". 

Anschlussfragen:
1. Wie können die Führungskräfte sicherstellen, dass die Mitarbeitenden die notwendigen Sicherheitsmaßnahmen während der Telearbeit einhalten?
2. Welche Rolle spielt die regelmäßige Aktualisierung und Überarbeitung des Sicherheitskonzepts für die Telearbeit bei der Risikominimierung?
3. Wie können die institutionellen Richtlinien und Verfahren zur Telearbeit am besten kommuniziert und umgesetzt werden, um ein hohes Maß an Informationssicherheit zu gewährleisten?";"Um organisatorische und menschliche Risiken der Telearbeit zu adressieren, sollten mehrere Maßnahmen ergriffen werden. Dazu gehören die Sensibilisierung und Schulung der Mitarbeitenden für die Gefahren, die mit der Telearbeit verbunden sind, sowie die Einweisung in die entsprechenden Sicherheitsmaßnahmen der Institution Quelle: Telearbeit, Abschnitt ""Sensibilisierung und Schulung der Mitarbeitenden"". 

Ein weiterer wichtiger Aspekt ist die Erstellung eines Sicherheitskonzepts für die Telearbeit, das Sicherheitsziele, Schutzbedarf, Sicherheitsanforderungen sowie Risiken beschreibt Quelle: Telearbeit, Abschnitt ""Erstellen eines Sicherheitskonzeptes für Telearbeit"". 

Darüber hinaus sollten organisatorische Absprachen zwischen den Mitarbeitenden und den Führungskräften getroffen werden, um sicherzustellen, dass die Telearbeit sicher und effizient durchgeführt wird Quelle: Telearbeit, Abschnitt ""Fehlende oder unzureichende Regelungen für den Telearbeitsplatz"".";"1. Wie können die Führungskräfte sicherstellen, dass die Mitarbeitenden die notwendigen Sicherheitsmaßnahmen während der Telearbeit einhalten?
2. Welche Rolle spielt die regelmäßige Aktualisierung und Überarbeitung des Sicherheitskonzepts für die Telearbeit bei der Risikominimierung?
3. Wie können die institutionellen Richtlinien und Verfahren zur Telearbeit am besten kommuniziert und umgesetzt werden, um ein hohes Maß an Informationssicherheit zu gewährleisten?";3;3;0.9999999999875;1.0;1.0;0.5544343482156378;Wie können die Führungskräfte sicherstellen, dass die Mitarbeitenden die notwendigen Sicherheitsmaßnahmen während der Telearbeit einhalten?;1;2;IT‑Grundschutz gibt Leitlinien zu Führung, Sensibilisierung und Regelungen, deckt aber nicht alle Detailmethoden zur Durchsetzung ab.;Welche Rolle spielt die regelmäßige Aktualisierung und Überarbeitung des Sicherheitskonzepts für die Telearbeit bei der Risikominimierung?;2;2;"IT-Grundschutz fordert regelmäßige Aktualisierung des Sicherheitskonzepts, was als Maßnahme zur Risikominimierung gilt; damit ist die Frage vollständig beantwortbar und thematisch passend.";Wie können die institutionellen Richtlinien und Verfahren zur Telearbeit am besten kommuniziert und umgesetzt werden, um ein hohes Maß an Informationssicherheit zu gewährleisten?;2;2;"IT-Grundschutz behandelt Richtlinien, Verfahren und deren Kommunikation/Umsetzung für Telearbeit; die Frage vertieft das Thema organ. und menschl. Risiken.";1.667;2.0
Welche typischen Gefährdungen bestehen bei Fernwartung?;"Typische Gefährdungen bei Fernwartung umfassen unzureichende Kenntnisse über Regelungen der Fernwartung, fehlende oder unzureichende Planung und Regelung der Fernwartung, ungeeignete Nutzung von Authentisierung, fehlerhafte Fernwartung, Verwendung unsicherer Protokolle, fehlende Regelungen zur Fremdnutzung von Fernwartungszugängen, Nutzung von Online-Diensten für die Fernwartung und unbekannte Fernwartungskomponenten Quelle: 2.1-2.8. 

Anschlussfragen:
1. Wie können unzureichende Kenntnisse über Regelungen der Fernwartung minimiert werden?
2. Welche Rolle spielt die Verwendung unsicherer Protokolle in der Fernwartung bei der Sicherheit von IT-Systemen?
3. Wie können unbekannte Fernwartungskomponenten in IT-Systemen identifiziert und gesichert werden?";Typische Gefährdungen bei Fernwartung umfassen unzureichende Kenntnisse über Regelungen der Fernwartung, fehlende oder unzureichende Planung und Regelung der Fernwartung, ungeeignete Nutzung von Authentisierung, fehlerhafte Fernwartung, Verwendung unsicherer Protokolle, fehlende Regelungen zur Fremdnutzung von Fernwartungszugängen, Nutzung von Online-Diensten für die Fernwartung und unbekannte Fernwartungskomponenten Quelle: 2.1-2.8.;"2.1. Unzureichende Kenntnisse über Regelungen der Fernwartung

Administrierende, die Fernwartung einrichten und nutzen, sind auf Regelungen angewiesen, die festlegen, wie Fernwartung verwendet werden soll. Beispielsweise ist es notwendig festzulegen, wie Anwendungen zur Fernwartung konfiguriert werden sollen. Ansonsten können mit der Fernwartung zusätzliche Risiken für das interne Netz entstehen. Werden den Beteiligten die Regelungen zur Fernwartung nicht mitgeteilt, ergeben sich Gefahren für den IT-Betrieb. Beispielsweise könnte eine Fernwartungsschnittstelle eingerichtet und dabei ein Authentisierungsverfahren mit unsicherem Passwort erlaubt werden, anstelle eines sicheren, zertifikatbasierten Verfahrens.

2.2. Fehlende oder unzureichende Planung und Regelung der Fernwartung Wird die Fernwartung nicht sorgfältig geplant, aufgebaut und geregelt, kann die Sicherheit aller IT-Systeme einer Institution beeinträchtigt werden. Werden beispielsweise unsichere Kommunikationsprotokolle, Verschlüsselungsalgorithmen oder Authentisierungsmechanismen eingesetzt, können Sicherheitslücken entstehen. Über unzureichend gesicherte Fernwartungsschnittstellen kann auch ein gekoppeltes Netz eines Dritten kompromittiert werden.

2.3. Ungeeignete Nutzung von Authentisierung bei der Fernwartung Bei der Fernwartung können unterschiedliche Authentisierungsmechanismen verwendet werden. Wird ein unsicheres Authentisierungsverfahren genutzt, können unberechtigte Dritte administrative Berechtigungen auf Fernwartungssystemen oder für Fernwartungswerkzeuge erlangen. Dadurch können sie auf die IT-Systeme einer Institution zugreifen und weitreichende Schäden verursachen. Ein Beispiel hierfür ist ein Anmeldeverfahren, das nur ein kurzes Passwort verwendet. Bei einem Angriff kann dieses Passwort in kurzer Zeit erraten und sich so Zugriff auf IT-Systeme der Institution verschafft werden.

2.4. Fehlerhafte Fernwartung Damit die Sicherheit und Funktionsfähigkeit von IT-Systemen und Anwendungen, auf die nur aus der Ferne zugegriffen werden kann, gewährleistet wird, ist eine professionelle und regelmäßige Fernwartung erforderlich. Werden solche IT-Systeme und Anwendungen nicht ordnungsgemäß per Fernwartung konfiguriert und gewartet, können sie im schlimmsten Fall nicht mehr genutzt werden. Laufen die Fernwartungsprozesse nicht korrekt ab, kann dies zu Fehlfunktionen einzelner Betriebssystemkomponenten führen. Außerdem können durch verspätete oder fehlerhafte ITSystemwartungen Sicherheitslücken entstehen.

2.5. Verwendung unsicherer Protokolle in der Fernwartung Die Kommunikation über öffentliche und interne Netze mittels unsicherer Protokolle stellt eine potenzielle Gefahr dar. Werden z. B. veraltete Versionen von IPSec, SSH oder SSL/TLS eingesetzt, um einen Tunnel zwischen zwei Netzen oder Endpunkten herzustellen, kann nicht gewährleistet werden, dass dieser Tunnel ausreichend sicher ist und die darin übertragenen Informationen angemessen geschützt sind. Bei einem Angriff können Schwachstellen dieser Protokolle ausgenutzt werden, um in geschützte Verbindungen eigene Inhalte einzuschleusen. Generell als unsicher gelten Protokolle, bei denen Informationen im Klartext übertragen werden.

2.6. Fehlende Regelungen zur Fremdnutzung der Fernwartungszugänge Werden IT-Systeme von Dritten ferngewartet, ohne dass es dafür eine vertragliche Grundlage gibt, sind die Zuständigkeiten für die Fernwartung möglicherweise nicht klar geregelt. Dadurch können z. B. Rollentrennungen umgangen werden oder offene Fernwartungszugänge werden nicht dokumentiert.

2.7. Nutzung von Online-Diensten für die Fernwartung Neben einer Fernwartung, bei der eine direkte Datenverbindung zu der betreffenden Institution aufgebaut wird, können auch Online-Dienste genutzt werden. Hierbei verbinden sich die zu administrierenden IT-Systeme mit den Servern von Online-Diensten und die Administrierenden können z. B. über einen Webbrowser auf die zu administrierenden IT-Systeme zugreifen. Falls die Kommunikation nicht Ende-zu-Ende verschlüsselt wird, könnten die Online-Dienste den Datenaustausch mitlesen. Zusätzlich könnten auch die IT-Systeme durch unberechtigte Personen administriert werden, indem die Datenverbindung verändert wird. Bauen die IT-Systeme automatisch beim Systemstart eine Datenverbindung zum Online-Dienst auf, könnte direkt auf das IT-System zugegriffen werden, ohne dass dies den Benutzenden des IT-Systems oder den zuständigen Administrierenden bekannt ist.

2.8. Unbekannte Fernwartungskomponenten Viele IT-Systeme enthalten Komponenten, die integrierte Funktionen zur Fernwartung bieten. Oft sind diese Funktionen aber schlecht dokumentiert und werden bei der Beschaffung sowie beim Betrieb von IT-Systemen nicht berücksichtigt. Integrierte Fernwartungskomponenten haben weitreichenden Zugriff auf die IT-Systeme, in denen sie verbaut sind. Dieser Zugriff wirkt dabei oft direkt auf andere Komponenten des IT-Systems und kann so die Sicherheitsmechanismen des Betriebssystems umgehen. Zusätzlich können integrierte Fernwartungsfunktionen Schwachstellen enthalten, die einen unberechtigten Zugriff auf das IT-System vereinfachen.";"Typische Gefährdungen bei Fernwartung im industriellen Umfeld umfassen unvollständig dokumentierte Fernwartungszugänge, unzureichende Verfügbarkeit durch Abhängigkeiten von der Büro- und Gebäude-IT, unzureichende Regelungen für die Nutzung von OT-Fernwartungszugängen, unzureichende menschliche Kontrolle über OT-Fernwartungssitzungen, direkte IP-basierte Zugriffsmöglichkeiten auf ICS aus unsicheren Zonen, unsichere alternative OT-Fernwartungszugänge für Störungen, unsichere Konzeption von OT-Fernwartungszugängen und veraltete technische Konzeption von OT-Fernwartungszugängen Quelle: IND.3.2 Fernwartung im industriellen Umfeld (S.1-15). 

Anschlussfragen:
1. Wie können unvollständig dokumentierte Fernwartungszugänge in der OT behoben werden?
2. Welche Rolle spielt die menschliche Kontrolle bei OT-Fernwartungssitzungen?
3. Wie können direkte IP-basierte Zugriffsmöglichkeiten auf ICS aus unsicheren Zonen minimiert werden?";Typische Gefährdungen bei Fernwartung im industriellen Umfeld umfassen unvollständig dokumentierte Fernwartungszugänge, unzureichende Verfügbarkeit durch Abhängigkeiten von der Büro- und Gebäude-IT, unzureichende Regelungen für die Nutzung von OT-Fernwartungszugängen, unzureichende menschliche Kontrolle über OT-Fernwartungssitzungen, direkte IP-basierte Zugriffsmöglichkeiten auf ICS aus unsicheren Zonen, unsichere alternative OT-Fernwartungszugänge für Störungen, unsichere Konzeption von OT-Fernwartungszugängen und veraltete technische Konzeption von OT-Fernwartungszugängen Quelle: IND.3.2 Fernwartung im industriellen Umfeld (S.1-15).;"1. Wie können unvollständig dokumentierte Fernwartungszugänge in der OT behoben werden?
2. Welche Rolle spielt die menschliche Kontrolle bei OT-Fernwartungssitzungen?
3. Wie können direkte IP-basierte Zugriffsmöglichkeiten auf ICS aus unsicheren Zonen minimiert werden?";3;3;0.9999999999875;1.0;1.0;0.373547692494111;Wie können unvollständig dokumentierte Fernwartungszugänge in der OT behoben werden?;2;2;Grundschutz enthält Vorgaben zur vollständigen Dokumentation und Korrektur von OT‑Fernwartungszugängen, passend zur Vertiefung des Fernwartungs‑Themas.;Welche Rolle spielt die menschliche Kontrolle bei OT-Fernwartungssitzungen?;1;2;IT‑Grundschutz behandelt menschliche Beobachtung (Vier‑Augen‑Prinzip) und technische Kontrolle, aber nicht detailliert die Rolle der menschlichen Kontrolle.;Wie können direkte IP-basierte Zugriffsmöglichkeiten auf ICS aus unsicheren Zonen minimiert werden?;2;2;"Grundschutz deckt Zonensegmentierung, DMZ und Zugriffsbeschränkungen ab; Frage vertieft das Thema Fernwartungs‑Sicherheit sinnvoll.";1.667;2.0
Wie werden integrierte Fernwartungsfunktionen in IT-Systemen abgesichert?;"Integrierte Fernwartungsfunktionen in IT-Systemen sollten abgesichert werden, indem bei der Beschaffung neuer IT-Systeme geprüft wird, ob diese über Funktionen zur Fernwartung verfügen. Wenn diese Funktionen nicht verwendet werden, sollten sie deaktiviert werden. Außerdem sollten Fernwartungsfunktionen, die in die Firmware einzelner Komponenten integriert sind, deaktiviert oder eingeschränkt werden, wenn sie durch bekannte Sicherheitslücken gefährdet sind. Die Fernwartungsfunktionen sollten nur aus einem getrennten Managementnetz erreichbar sein. Quelle: OPS.1.2.5.A24 (S).

Darüber hinaus sollten direkte Fernwartungszugriffe von außerhalb der Managementnetze auf ein IT-System vermieden werden. Wenn ein solcher Zugriff notwendig ist, sollte die Kommunikation entkoppelt werden, indem Sprungserver verwendet werden. Der Zugriff auf Sprungserver sollte nur von vertrauenswürdigen IT-Systemen aus möglich sein. Quelle: OPS.1.2.5.A25 (S).

Anschlussfragen:
1. Wie können die Kommunikationsverbindungen und Authentisierungsmechanismen bei der Fernwartung abgesichert werden?
2. Welche Rolle spielen Firewalls bei der Absicherung der Fernwartung, und wo finden sich die entsprechenden Anforderungen?
3. Wie sollten cloudbasierte Fernwartungsprodukte abgesichert werden, und welche allgemeinen Anforderungen müssen erfüllt werden?";"Integrierte Fernwartungsfunktionen in IT-Systemen sollten abgesichert werden, indem bei der Beschaffung neuer IT-Systeme geprüft wird, ob diese über Funktionen zur Fernwartung verfügen. Wenn diese Funktionen nicht verwendet werden, sollten sie deaktiviert werden. Außerdem sollten Fernwartungsfunktionen, die in die Firmware einzelner Komponenten integriert sind, deaktiviert oder eingeschränkt werden, wenn sie durch bekannte Sicherheitslücken gefährdet sind. Die Fernwartungsfunktionen sollten nur aus einem getrennten Managementnetz erreichbar sein. Quelle: OPS.1.2.5.A24 (S).

Darüber hinaus sollten direkte Fernwartungszugriffe von außerhalb der Managementnetze auf ein IT-System vermieden werden. Wenn ein solcher Zugriff notwendig ist, sollte die Kommunikation entkoppelt werden, indem Sprungserver verwendet werden. Der Zugriff auf Sprungserver sollte nur von vertrauenswürdigen IT-Systemen aus möglich sein. Quelle: OPS.1.2.5.A25 (S).";"OPS.1.2.5.A24 Absicherung integrierter Fernwartungssysteme (S) Bei der Beschaffung von neuen IT-Systemen SOLLTE geprüft werden, ob diese IT-Systeme oder einzelne Komponenten der IT-Systeme über Funktionen zur Fernwartung verfügen. Werden diese Funktionen nicht verwendet, SOLLTEN sie deaktiviert werden. Die Funktionen SOLLTEN ebenfalls deaktiviert werden, wenn sie durch bekannte Sicherheitslücken gefährdet sind. Werden Fernwartungsfunktionen verwendet, die in die Firmware einzelner Komponenten integriert sind, SOLLTEN deren Funktionen und der Zugriff darauf so weit wie möglich eingeschränkt werden. Die Fernwartungsfunktionen SOLLTEN nur aus einem getrennten Managementnetz erreichbar sein.

OPS.1.2.5.A25 Entkopplung der Kommunikation bei der Fernwartung (S) Direkte Fernwartungszugriffe von einem Fernwartungs-Client außerhalb der Managementnetze auf ein IT-System SOLLTEN vermieden werden. Ist ein solcher Zugriff notwendig, SOLLTE die Kommunikation entkoppelt werden. Dazu SOLLTEN Sprungserver verwendet werden. Der Zugriff auf Sprungserver SOLLTE nur von vertrauenswürdigen IT-Systemen aus möglich sein.";"Integrierte Fernwartungsfunktionen in IT-Systemen sollten abgesichert werden, indem geprüft wird, ob diese Funktionen verwendet werden oder deaktiviert werden können, wenn sie nicht benötigt werden. Wenn Fernwartungsfunktionen verwendet werden, sollten sie so weit wie möglich eingeschränkt werden und nur aus einem getrennten Managementnetz erreichbar sein. Quelle: OPS.1.2.5 Fernwartung (S.391). 

Ferner sollten alle für die Fernwartung benötigten Werkzeuge und Programme auf einem IT-System installiert und lauffähig sein, das als Sprungserver oder Application Layer Gateway (ALG) in einem dedizierten Sicherheitssegment positioniert ist. Quelle: IND.3.2 Fernwartung im industriellen Umfeld (S.234). 

Anschlussfragen:
1. Wie können integrierte Fernwartungsfunktionen in IT-Systemen abgesichert werden, wenn sie nicht verwendet werden?
2. Welche Anforderungen sollten an die Fernwartung von IT-Systemen im industriellen Umfeld gestellt werden, um die Informationssicherheit zu gewährleisten?
3. Wie können OT-Fernwartungszugänge so konfiguriert werden, dass sie nur aus einem getrennten Managementnetz erreichbar sind?";"Integrierte Fernwartungsfunktionen in IT-Systemen sollten abgesichert werden, indem geprüft wird, ob diese Funktionen verwendet werden oder deaktiviert werden können, wenn sie nicht benötigt werden. Wenn Fernwartungsfunktionen verwendet werden, sollten sie so weit wie möglich eingeschränkt werden und nur aus einem getrennten Managementnetz erreichbar sein. Quelle: OPS.1.2.5 Fernwartung (S.391). 

Ferner sollten alle für die Fernwartung benötigten Werkzeuge und Programme auf einem IT-System installiert und lauffähig sein, das als Sprungserver oder Application Layer Gateway (ALG) in einem dedizierten Sicherheitssegment positioniert ist. Quelle: IND.3.2 Fernwartung im industriellen Umfeld (S.234).";"1. Wie können integrierte Fernwartungsfunktionen in IT-Systemen abgesichert werden, wenn sie nicht verwendet werden?
2. Welche Anforderungen sollten an die Fernwartung von IT-Systemen im industriellen Umfeld gestellt werden, um die Informationssicherheit zu gewährleisten?
3. Wie können OT-Fernwartungszugänge so konfiguriert werden, dass sie nur aus einem getrennten Managementnetz erreichbar sind?";3;3;0.9999999999875;1.0;1.0;0.4729337794713073;Wie können integrierte Fernwartungsfunktionen in IT-Systemen abgesichert werden, wenn sie nicht verwendet werden?;2;2;"Grundschutz gibt klare Vorgaben zum Deaktivieren nicht genutzter Fernwartungsfunktionen; Frage vertieft das ursprüngliche Thema unmittelbar.";Welche Anforderungen sollten an die Fernwartung von IT-Systemen im industriellen Umfeld gestellt werden, um die Informationssicherheit zu gewährleisten?;2;2;IT‑Grundschutz enthält detaillierte Vorgaben für Fernwartungsanforderungen in der OT, sodass die Frage vollständig beantwortbar und thematisch passend ist.;Wie können OT-Fernwartungszugänge so konfiguriert werden, dass sie nur aus einem getrennten Managementnetz erreichbar sind?;2;2;"IT‑Grundschutz beschreibt getrennte Managementnetze für OT‑Fernwartung; Frage ist damit vollständig beantwortbar und thematisch passende Vertiefung.";2.0;2.0
Womit muss ich anfangen, wenn wir Cloud-Dienste nutzen wollen?;"Um Cloud-Dienste nutzen zu wollen, muss eine Strategie für die Cloud-Nutzung erstellt werden. Diese Strategie muss Ziele, Chancen und Risiken definieren, die die Institution mit der Cloud-Nutzung verbindet. Zudem müssen die rechtlichen und organisatorischen Rahmenbedingungen sowie die technischen Anforderungen untersucht werden, die sich aus der Nutzung von Cloud-Diensten ergeben. Die Ergebnisse dieser Untersuchung müssen in einer Machbarkeitsstudie dokumentiert werden. Quelle: OPS.2.2.A1 (S.391).

Anschlussfragen:
1. Wie müssen die Sicherheitsaspekte bei der Planung von Cloud-Diensten berücksichtigt werden?
2. Was sind die Unterschiede zwischen Cloud-Diensten und klassischem IT-Outsourcing?
3. Wie kann eine Institution sicherstellen, dass die Cloud-Dienste den Bedürfnissen der Anwendenden entsprechen?";Um Cloud-Dienste nutzen zu wollen, muss eine Strategie für die Cloud-Nutzung erstellt werden. Diese Strategie muss Ziele, Chancen und Risiken definieren, die die Institution mit der Cloud-Nutzung verbindet. Zudem müssen die rechtlichen und organisatorischen Rahmenbedingungen sowie die technischen Anforderungen untersucht werden, die sich aus der Nutzung von Cloud-Diensten ergeben. Die Ergebnisse dieser Untersuchung müssen in einer Machbarkeitsstudie dokumentiert werden. Quelle: OPS.2.2.A1 (S.391).;OPS.2.2.A1 Erstellung einer Strategie für die Cloud-Nutzung (B) [Fachverantwortliche, Institutionsleitung, Datenschutzbeauftragte] Eine Strategie für die Cloud-Nutzung MUSS erstellt werden. Darin MÜSSEN Ziele, Chancen und Risiken definiert werden, die die Institution mit der Cloud-Nutzung verbindet. Zudem MÜSSEN die rechtlichen und organisatorischen Rahmenbedingungen sowie die technischen Anforderungen untersucht werden, die sich aus der Nutzung von Cloud-Diensten ergeben. Die Ergebnisse dieser Untersuchung MÜSSEN in einer Machbarkeitsstudie dokumentiert werden. Es MUSS festgelegt werden, welche Dienste in welchem Bereitstellungsmodell zukünftig von CloudDiensteanbietenden bezogen werden sollen. Zudem MUSS sichergestellt werden, dass bereits in der Planungsphase zur Cloud-Nutzung alle grundlegenden technischen und organisatorischen Sicherheitsaspekte ausreichend berücksichtigt werden. Für den geplanten Cloud-Dienst SOLLTE eine grobe individuelle Sicherheitsanalyse durchgeführt werden. Diese SOLLTE wiederholt werden, wenn sich technische und organisatorische Rahmenbedingungen wesentlich verändern. Für größere Cloud-Projekte SOLLTE zudem eine Roadmap erarbeitet werden, die festlegt, wann und wie ein Cloud-Dienst eingeführt wird.;"Um Cloud-Dienste sicher zu nutzen, muss eine Institution zunächst eine Strategie für die Cloud-Nutzung festlegen. Diese Strategie sollte Ziele, Chancen und Risiken definieren, die die Institution mit der Cloud-Nutzung verbindet. Quelle: Erstellung einer Strategie für die Cloud-Nutzung (S.1).

Es muss auch geklärt werden, ob und in welchem Umfang Cloud-Dienste bei privater Nutzung der Geräte erlaubt sind. Quelle: Festlegung einer Strategie für die Cloud-Nutzung (S.2).

Die Benutzenden müssen regelmäßig bezüglich der Nutzung solcher Cloud-Dienste sensibilisiert werden. Quelle: Festlegung einer Strategie für die Cloud-Nutzung (S.3).

Anschlussfragen:
1. Wie kann eine Institution sicherstellen, dass die Cloud-Dienste mit ihrer eigenen IT und internen Geschäftsprozessen kompatibel sind?
2. Welche Rolle spielt die Vertragsgestaltung bei der Nutzung von Cloud-Diensten?
3. Wie kann eine Institution das Risiko eines Ausfalls der IT-Systeme der Cloud-Diensteanbietenden minimieren?";"Um Cloud-Dienste sicher zu nutzen, muss eine Institution zunächst eine Strategie für die Cloud-Nutzung festlegen. Diese Strategie sollte Ziele, Chancen und Risiken definieren, die die Institution mit der Cloud-Nutzung verbindet. Quelle: Erstellung einer Strategie für die Cloud-Nutzung (S.1).

Es muss auch geklärt werden, ob und in welchem Umfang Cloud-Dienste bei privater Nutzung der Geräte erlaubt sind. Quelle: Festlegung einer Strategie für die Cloud-Nutzung (S.2).

Die Benutzenden müssen regelmäßig bezüglich der Nutzung solcher Cloud-Dienste sensibilisiert werden. Quelle: Festlegung einer Strategie für die Cloud-Nutzung (S.3).";"1. Wie kann eine Institution sicherstellen, dass die Cloud-Dienste mit ihrer eigenen IT und internen Geschäftsprozessen kompatibel sind?
2. Welche Rolle spielt die Vertragsgestaltung bei der Nutzung von Cloud-Diensten?
3. Wie kann eine Institution das Risiko eines Ausfalls der IT-Systeme der Cloud-Diensteanbietenden minimieren?";3;3;0.9999999999875;1.0;1.0;0.6114199193173971;Wie kann eine Institution sicherstellen, dass die Cloud-Dienste mit ihrer eigenen IT und internen Geschäftsprozessen kompatibel sind?;1;2;"IT‑Grundschutz gibt Leitlinien zur Strategie und Auswahl, aber keine detaillierte Kompatibilitätsprüfung; Frage ist thematisch passend zur Ausgangsfrage.";Welche Rolle spielt die Vertragsgestaltung bei der Nutzung von Cloud-Diensten?;2;2;"IT-Grundschutz behandelt Vertragsgestaltung mit Cloud-Anbietern; die Frage vertieft den ersten Schritt der Cloud‑Nutzung und ist thematisch passend.";Wie kann eine Institution das Risiko eines Ausfalls der IT-Systeme der Cloud-Diensteanbietenden minimieren?;1;2;IT-Grundschutz behandelt Cloud‑Risiken und Kontinuitätsmaßnahmen, aber keine vollständige Anleitung zur Ausfall‑Risiko‑Minimierung des Anbieters.;1.333;2.0
Brauchen wir für jeden Cloud-Dienst separate Dokumente?;"Für jeden Cloud-Dienst MUSS eine Service-Definition erarbeitet werden Quelle: OPS.2.2.A3 (S.391). Zudem SOLLTEN alle geplanten und genutzten Cloud-Dienste dokumentiert werden Quelle: OPS.2.2.A3 (S.391). Es wird nicht explizit gefordert, separate Dokumente für jeden Cloud-Dienst zu erstellen, aber es ist ratsam, dies zu tun, um eine klare Übersicht über die genutzten Dienste und ihre Konfigurationen zu haben.

Anschlussfragen:
1. Wie sollten die Service-Definitionen für Cloud-Dienste strukturiert sein?
2. Welche Rolle spielt die Dokumentation von Cloud-Diensten bei der IT-Sicherheit?
3. Wie können Institutionen sicherstellen, dass ihre Cloud-Dienste den Anforderungen des IT-Grundschutzes entsprechen?";Für jeden Cloud-Dienst MUSS eine Service-Definition erarbeitet werden Quelle: OPS.2.2.A3 (S.391). Zudem SOLLTEN alle geplanten und genutzten Cloud-Dienste dokumentiert werden Quelle: OPS.2.2.A3 (S.391). Es wird nicht explizit gefordert, separate Dokumente für jeden Cloud-Dienst zu erstellen, aber es ist ratsam, dies zu tun, um eine klare Übersicht über die genutzten Dienste und ihre Konfigurationen zu haben.;"OPS.2.2.A3 Service-Definition für Cloud-Dienste (B) [Fachverantwortliche] Für jeden Cloud-Dienst MUSS eine Service-Definition erarbeitet werden. Zudem SOLLTEN alle geplanten und genutzten Cloud-Dienste dokumentiert werden.

1.3. Abgrenzung und Modellierung Der Baustein OPS.2.2 Cloud-Nutzung ist immer auf eine konkrete Cloud-Dienstleistung anzuwenden. Nutzt eine Institution unterschiedliche Cloud-Diensteanbietende, so ist der Baustein für alle Cloud-Diensteanbietenden anzuwenden. Die Schnittstelle zwischen den Cloud-Diensteanbietenden ist ebenfalls Gegenstand des Bausteins und muss für alle Cloud-Dienstleistungen betrachtet werden. In nahezu allen Bereitstellungsmodellen, abgesehen von der Nutzung einer Private Cloud On-Premise, stellen Cloud-Dienste eine Sonderform des Outsourcings (siehe Baustein OPS.2.3 Nutzung von Outsourcing) dar. Die im vorliegenden Baustein beschriebenen Gefährdungen und Anforderungen werden daher häufig auch im Outsourcing angewendet. Bei Cloud-Diensten gibt es jedoch einige Besonderheiten, die sich ausschließlich in diesem Baustein wiederfinden. Der Baustein OPS.2.3 Nutzung von Outsourcing ist daher nicht auf Cloud-Dienste anzuwenden. Die in diesem Baustein beschriebenen Gefährdungen und Anforderungen gelten dabei grundsätzlich unabhängig vom genutzten Service- und Bereitstellungsmodell. Sicherheitsanforderungen, mit denen Anbietende ihre Cloud-Dienste schützen können, sind nicht Gegenstand dieses Bausteins. Gefährdungen und spezifische Sicherheitsanforderungen, die durch die Anbindung eines Cloud-Dienstes über entsprechende Schnittstellen (englisch API, Application Programming Interface) als relevant anzusehen sind, werden ebenfalls nicht in diesem Baustein betrachtet. Abgrenzung zum klassischen IT-Outsourcing Beim Outsourcing werden Arbeits-, Produktions- oder Geschäftsprozesse einer Institution ganz oder teilweise zu externen Dienstleistenden ausgelagert. Dies ist ein etablierter Bestandteil heutiger Organisationsstrategien. Das klassische IT-Outsourcing ist meist so gestaltet, dass die komplette gemietete Infrastruktur exklusiv von einem Kunden oder einer Kundin genutzt wird (Single Tenant Architektur), auch wenn Anbietende von Outsourcing normalerweise mehrere Kunden oder Kundinnen haben. Zudem werden Outsourcing-Verträge meistens über längere Laufzeiten abgeschlossen. Die Nutzung von Cloud-Diensten gleicht in vielen Punkten dem klassischen Outsourcing, aber es kommen noch einige Unterschiede hinzu, die zu berücksichtigen sind:

• Aus wirtschaftlichen Gründen teilen sich oft in einer Cloud mehrere Anwendende eine gemeinsame Infrastruktur.

• Cloud-Dienste sind dynamisch und dadurch innerhalb viel kürzerer Zeiträume nach oben und unten skalierbar. So können Cloud-basierte Angebote rascher an den tatsächlichen Bedarf der Anwendenden angepasst werden.

• Die in Anspruch genommenen Cloud-Dienste werden in der Regel mittels einer Webschnittstelle durch die Cloud-Anwendenden selbst gesteuert. So können sie automatisiert die genutzten Dienste auf ihre Bedürfnisse zuschneiden.

• Durch die beim Cloud Computing genutzten Techniken ist es möglich, die IT-Leistung dynamisch über mehrere Standorte zu verteilen, die geographisch sowohl im In- als auch im Ausland weit verstreut sein können.

• Die Anwendenden können die genutzten Dienste und ihre Ressourcen einfach über WebOberflächen oder passende Schnittstellen administrieren, wobei wenig Interaktion mit den Cloud-Diensteanbietenden erforderlich ist.";"Für jeden Cloud-Dienst MUSS eine Service-Definition erarbeitet werden Quelle: Service-Definition für Cloud-Dienste (S. nicht spezifiziert). Es SOLLTEN alle geplanten und genutzten Cloud-Dienste dokumentiert werden Quelle: Service-Definition für Cloud-Dienste (S. nicht spezifiziert). Dies impliziert, dass separate Dokumente oder Dokumentationen für jeden Cloud-Dienst erstellt werden sollten, um eine umfassende Übersicht und Verwaltung der Cloud-Dienste zu gewährleisten.

Anschlussfragen:
1. Wie sollten die Dokumentationen für Cloud-Dienste strukturiert und aufbewahrt werden, um eine effiziente Verwaltung zu ermöglichen?
2. Welche Rolle spielen vertragliche Regelungen zwischen der Institution und den Cloud-Diensteanbietenden bei der Gewährleistung der Informationssicherheit?
3. Wie kann ein Notfallkonzept für Cloud-Dienste erstellt werden, um auf unvorhergesehene Ereignisse angemessen reagieren zu können?";Für jeden Cloud-Dienst MUSS eine Service-Definition erarbeitet werden Quelle: Service-Definition für Cloud-Dienste (S. nicht spezifiziert). Es SOLLTEN alle geplanten und genutzten Cloud-Dienste dokumentiert werden Quelle: Service-Definition für Cloud-Dienste (S. nicht spezifiziert). Dies impliziert, dass separate Dokumente oder Dokumentationen für jeden Cloud-Dienst erstellt werden sollten, um eine umfassende Übersicht und Verwaltung der Cloud-Dienste zu gewährleisten.;"1. Wie sollten die Dokumentationen für Cloud-Dienste strukturiert und aufbewahrt werden, um eine effiziente Verwaltung zu ermöglichen?
2. Welche Rolle spielen vertragliche Regelungen zwischen der Institution und den Cloud-Diensteanbietenden bei der Gewährleistung der Informationssicherheit?
3. Wie kann ein Notfallkonzept für Cloud-Dienste erstellt werden, um auf unvorhergesehene Ereignisse angemessen reagieren zu können?";3;3;0.9999999999875;1.0;0.4;0.6666474683284083;Wie sollten die Dokumentationen für Cloud-Dienste strukturiert und aufbewahrt werden, um eine effiziente Verwaltung zu ermöglichen?;2;2;IT-Grundschutz gibt Vorgaben zu Dokumentationspflege, zentrale Ablage und Versionierung, passend zur Vertiefung der Frage nach Dokumentenstruktur.;Welche Rolle spielen vertragliche Regelungen zwischen der Institution und den Cloud-Diensteanbietenden bei der Gewährleistung der Informationssicherheit?;2;2;"IT-Grundschutz behandelt Vertragsgestaltung mit Cloud-Anbietern umfassend; die Frage vertieft das Dokumentations-Thema der Ausgangsfrage.";Wie kann ein Notfallkonzept für Cloud-Dienste erstellt werden, um auf unvorhergesehene Ereignisse angemessen reagieren zu können?;2;2;"IT-Grundschutz enthält klare Vorgaben zur Erstellung von Notfallkonzepten für Cloud-Dienste; Frage vertieft das Thema der Dokumentation.";2.0;2.0
Welche Basis-Anforderungen sind für den Start einer Cloud-Nutzung absolut notwendig?;"Für den Start einer Cloud-Nutzung sind mehrere Basis-Anforderungen absolut notwendig. Dazu gehören die Erstellung einer Strategie für die Cloud-Nutzung (OPS.2.2.A1), die Erstellung einer Sicherheitsrichtlinie für die Cloud-Nutzung (OPS.2.2.A2), die Service-Definition für Cloud-Dienste (OPS.2.2.A3) sowie die Festlegung von Verantwortungsbereichen und Schnittstellen (OPS.2.2.A4) Quelle: 3.1. Basis-Anforderungen (S.1). 

Diese Anforderungen MÜSSEN vorrangig erfüllt werden, um eine sichere und effektive Cloud-Nutzung zu gewährleisten Quelle: 3.1. Basis-Anforderungen (S.1). 

Anschlussfragen:
1. Wie können die spezifischen Sicherheitsanforderungen für die Anbindung eines Cloud-Dienstes über entsprechende Schnittstellen berücksichtigt werden?
2. Welche Rolle spielt die Abgrenzung zum klassischen IT-Outsourcing bei der Nutzung von Cloud-Diensten?
3. Wie können die Gefährdungen und Sicherheitsanforderungen bei der Nutzung von Cloud-Diensten unabhängig vom genutzten Service- und Bereitstellungsmodell berücksichtigt werden?";"Für den Start einer Cloud-Nutzung sind mehrere Basis-Anforderungen absolut notwendig. Dazu gehören die Erstellung einer Strategie für die Cloud-Nutzung (OPS.2.2.A1), die Erstellung einer Sicherheitsrichtlinie für die Cloud-Nutzung (OPS.2.2.A2), die Service-Definition für Cloud-Dienste (OPS.2.2.A3) sowie die Festlegung von Verantwortungsbereichen und Schnittstellen (OPS.2.2.A4) Quelle: 3.1. Basis-Anforderungen (S.1). 

Diese Anforderungen MÜSSEN vorrangig erfüllt werden, um eine sichere und effektive Cloud-Nutzung zu gewährleisten Quelle: 3.1. Basis-Anforderungen (S.1).";"3.1. Basis-Anforderungen
Die folgenden Anforderungen MÜSSEN für diesen Baustein vorrangig erfüllt werden.

OPS.2.2.A1 Erstellung einer Strategie für die Cloud-Nutzung (B) [Fachverantwortliche, Institutionsleitung, Datenschutzbeauftragte]

OPS.2.2.A2 Erstellung einer Sicherheitsrichtlinie für die Cloud-Nutzung (B) [Fachverantwortliche]

OPS.2.2.A3 Service-Definition für Cloud-Dienste (B) [Fachverantwortliche]

Für jeden Cloud-Dienst MUSS eine Service-Definition erarbeitet werden. Zudem SOLLTEN alle geplanten und genutzten Cloud-Dienste dokumentiert werden.

OPS.2.2.A4 Festlegung von Verantwortungsbereichen und Schnittstellen (B) [Fachverantwortliche]

";"Für den Start einer Cloud-Nutzung sind mehrere Basis-Anforderungen absolut notwendig. Dazu gehören die Erstellung einer Strategie für die Cloud-Nutzung, in der Ziele, Chancen und Risiken definiert werden Quelle: Erstellung einer Strategie für die Cloud-Nutzung (S.1). Es muss auch eine Sicherheitsrichtlinie für die Cloud-Nutzung erstellt werden, die konkrete Sicherheitsvorgaben und Anforderungen an die Cloud-Diensteanbietenden enthält Quelle: Erstellung einer Sicherheitsrichtlinie für die Cloud-Nutzung (S.2). 

Darüber hinaus sollten die notwendigen Cloud- und Online-Funktionen dokumentiert und ihre Einstellungen auf Konformität mit den organisatorischen Datenschutz- und Sicherheitsvorgaben überprüft werden Quelle: Nutzung von Cloud- und Online-Funktionen (S.3). 

Anschlussfragen:
1. Wie kann eine Institution sicherstellen, dass die Cloud-Diensteanbietenden die definierten Anforderungen erfüllen?
2. Welche Rolle spielt die Erstellung einer Roadmap für größere Cloud-Projekte?
3. Wie kann eine Institution die Abhängigkeit von Cloud-Diensteanbietenden minimieren?";"Für den Start einer Cloud-Nutzung sind mehrere Basis-Anforderungen absolut notwendig. Dazu gehören die Erstellung einer Strategie für die Cloud-Nutzung, in der Ziele, Chancen und Risiken definiert werden Quelle: Erstellung einer Strategie für die Cloud-Nutzung (S.1). Es muss auch eine Sicherheitsrichtlinie für die Cloud-Nutzung erstellt werden, die konkrete Sicherheitsvorgaben und Anforderungen an die Cloud-Diensteanbietenden enthält Quelle: Erstellung einer Sicherheitsrichtlinie für die Cloud-Nutzung (S.2). 

Darüber hinaus sollten die notwendigen Cloud- und Online-Funktionen dokumentiert und ihre Einstellungen auf Konformität mit den organisatorischen Datenschutz- und Sicherheitsvorgaben überprüft werden Quelle: Nutzung von Cloud- und Online-Funktionen (S.3).";"1. Wie kann eine Institution sicherstellen, dass die Cloud-Diensteanbietenden die definierten Anforderungen erfüllen?
2. Welche Rolle spielt die Erstellung einer Roadmap für größere Cloud-Projekte?
3. Wie kann eine Institution die Abhängigkeit von Cloud-Diensteanbietenden minimieren?";3;3;0.6392857142729286;1.0;1.0;0.5045279107830123;Wie kann eine Institution sicherstellen, dass die Cloud-Diensteanbietenden die definierten Anforderungen erfüllen?;2;2;IT-Grundschutz beschreibt Nachweise, Audits und vertragliche Regelungen, um die Erfüllung definierter Anforderungen durch Cloud-Anbieter sicherzustellen.;Welche Rolle spielt die Erstellung einer Roadmap für größere Cloud-Projekte?;1;2;"Roadmap concept is only indirectly covered (BCMS roadmap, not cloud-specific); still relevant to planning cloud projects.";Wie kann eine Institution die Abhängigkeit von Cloud-Diensteanbietenden minimieren?;1;2;"IT‑Grundschutz behandelt Strategien und Vertragsgestaltung, gibt Hinweise, aber keine vollständige Anleitung zur Minimierung von Anbieter‑Abhängigkeit; Frage ist thematisch passend.";1.333;2.0
Welche Aspekte muss unser Migrationskonzept zu einem anderen Cloud-Anbieter konkret abdecken?;"Unser Migrationskonzept zu einem anderen Cloud-Anbieter sollte folgende Aspekte abdecken: 
- Organisatorische Regelungen und Aufgabenverteilung festlegen Quelle: OPS.2.2.A5 (S.?) 
- Bestehende Betriebsprozesse identifizieren und anpassen Quelle: OPS.2.2.A5 (S.?) 
- Sicherstellen, dass die eigene IT im Migrationsprozess berücksichtigt wird Quelle: OPS.2.2.A5 (S.?) 
- Prüfen, ob Mitarbeitende zusätzlich geschult werden sollten Quelle: OPS.2.2.A5 (S.?) 
- Überprüfen, ob das Sicherheitskonzept für die Cloud-Nutzung angepasst werden muss Quelle: OPS.2.2.A10 (S.?) 
- Notfallvorsorgemaßnahmen überprüfen und aktualisieren Quelle: OPS.2.2.A10 (S.?) 
- Testlauf durchführen, bevor der Cloud-Dienst in den produktiven Betrieb übergeht Quelle: OPS.2.2.A10 (S.?) 
- Abgleichen, ob die Cloud-Diensteanbietenden die definierten Anforderungen erfüllen Quelle: OPS.2.2.A10 (S.?)

Anschlussfragen:
1. Wie können wir sicherstellen, dass unsere Daten während der Migration zu einem anderen Cloud-Anbieter geschützt sind?
2. Welche Rolle spielt die Skalierbarkeit der Cloud-Dienste bei der Planung unserer Migration?
3. Wie können wir die Schnittstellen zwischen verschiedenen Cloud-Diensteanbietenden sicher gestalten?";"Unser Migrationskonzept zu einem anderen Cloud-Anbieter sollte folgende Aspekte abdecken: 
- Organisatorische Regelungen und Aufgabenverteilung festlegen Quelle: OPS.2.2.A5 (S.?) 
- Bestehende Betriebsprozesse identifizieren und anpassen Quelle: OPS.2.2.A5 (S.?) 
- Sicherstellen, dass die eigene IT im Migrationsprozess berücksichtigt wird Quelle: OPS.2.2.A5 (S.?) 
- Prüfen, ob Mitarbeitende zusätzlich geschult werden sollten Quelle: OPS.2.2.A5 (S.?) 
- Überprüfen, ob das Sicherheitskonzept für die Cloud-Nutzung angepasst werden muss Quelle: OPS.2.2.A10 (S.?) 
- Notfallvorsorgemaßnahmen überprüfen und aktualisieren Quelle: OPS.2.2.A10 (S.?) 
- Testlauf durchführen, bevor der Cloud-Dienst in den produktiven Betrieb übergeht Quelle: OPS.2.2.A10 (S.?) 
- Abgleichen, ob die Cloud-Diensteanbietenden die definierten Anforderungen erfüllen Quelle: OPS.2.2.A10 (S.?)";"OPS.2.2.A5 Planung der sicheren Migration zu einem Cloud-Dienst (S) [Fachverantwortliche] Bevor zu einem Cloud-Dienst migriert wird, SOLLTE ein Migrationskonzept erstellt werden. Dafür SOLLTEN zunächst organisatorische Regelungen sowie die Aufgabenverteilung festgelegt werden. Zudem SOLLTEN bestehende Betriebsprozesse hinsichtlich der Cloud-Nutzung identifiziert und angepasst werden. Es SOLLTE sichergestellt werden, dass die eigene IT ausreichend im Migrationsprozess berücksichtigt wird. Auch SOLLTEN die Zuständigen ermitteln, ob die Mitarbeitenden auf Seiten der Institution zusätzlich geschult werden sollten.

OPS.2.2.A10 Sichere Migration zu einem Cloud-Dienst (S) [Fachverantwortliche] Die Migration zu einem Cloud-Dienst SOLLTE auf Basis des erstellten Migrationskonzeptes erfolgen. Während der Migration SOLLTE überprüft werden, ob das Sicherheitskonzept für die Cloud-Nutzung an potenzielle neue Anforderungen angepasst werden muss. Auch SOLLTEN alle Notfallvorsorgemaßnahmen vollständig und aktuell sein. Die Migration zu einem Cloud-Dienst SOLLTE zunächst in einem Testlauf überprüft werden. Ist der Cloud-Dienst in den produktiven Betrieb übergegangen, SOLLTE abgeglichen werden, ob die CloudDiensteanbietenden die definierten Anforderungen der Institution erfüllen.";"Ein Migrationskonzept zu einem anderen Cloud-Anbieter sollte organisatorische Regelungen, Aufgabenverteilung, Anpassung bestehender Betriebsprozesse, Berücksichtigung der eigenen IT und Schulung der Mitarbeitenden abdecken. Quelle: Sichere Migration zu einem Cloud-Dienst (S.1-3). 

Zusätzlich sollten Aspekte wie die Sicherstellung der Portabilität von Cloud-Diensten, die Definition von Anforderungen für den Wechsel oder die Rückholung von Cloud-Diensten und die regelmäßige Durchführung von Portabilitätstests berücksichtigt werden. Quelle: Sicherstellung der Portabilität von Cloud-Diensten (S.5-6).

Anschlussfragen:
1. Wie können die notwendigen Anforderungen für die Migration zu einem neuen Cloud-Anbieter systematisch ermittelt werden?
2. Welche Rolle spielt die Schulung der Mitarbeitenden bei der Migration zu einem neuen Cloud-Anbieter?
3. Wie kann die Portabilität von Cloud-Diensten sichergestellt werden, um einen reibungslosen Wechsel zwischen Anbietern zu ermöglichen?";"Ein Migrationskonzept zu einem anderen Cloud-Anbieter sollte organisatorische Regelungen, Aufgabenverteilung, Anpassung bestehender Betriebsprozesse, Berücksichtigung der eigenen IT und Schulung der Mitarbeitenden abdecken. Quelle: Sichere Migration zu einem Cloud-Dienst (S.1-3). 

Zusätzlich sollten Aspekte wie die Sicherstellung der Portabilität von Cloud-Diensten, die Definition von Anforderungen für den Wechsel oder die Rückholung von Cloud-Diensten und die regelmäßige Durchführung von Portabilitätstests berücksichtigt werden. Quelle: Sicherstellung der Portabilität von Cloud-Diensten (S.5-6).";"1. Wie können die notwendigen Anforderungen für die Migration zu einem neuen Cloud-Anbieter systematisch ermittelt werden?
2. Welche Rolle spielt die Schulung der Mitarbeitenden bei der Migration zu einem neuen Cloud-Anbieter?
3. Wie kann die Portabilität von Cloud-Diensten sichergestellt werden, um einen reibungslosen Wechsel zwischen Anbietern zu ermöglichen?";3;3;0.9999999999875;1.0;1.0;0.6635991292858092;Wie können die notwendigen Anforderungen für die Migration zu einem neuen Cloud-Anbieter systematisch ermittelt werden?;1;2;"IT‑Grundschutz gibt Leitlinien zur Anforderungsidentifikation, aber keine vollständige Methodik; die Frage vertieft das ursprüngliche Thema unmittelbar.";Welche Rolle spielt die Schulung der Mitarbeitenden bei der Migration zu einem neuen Cloud-Anbieter?;1;2;"Grundschutz erwähnt Schulungsbedarf im Migrationskonzept, aber keine detaillierte Rollenbeschreibung; Thema ist direkt relevant zur Konzept‑Erstellung.";Wie kann die Portabilität von Cloud-Diensten sichergestellt werden, um einen reibungslosen Wechsel zwischen Anbietern zu ermöglichen?;2;2;"IT-Grundschutz behandelt Portabilität von Cloud-Diensten umfassend; die Frage vertieft das Migrationskonzept um ein zentrales, relevantes Thema.";1.333;2.0
Was gehört in unser Cloud-Sicherheitskonzept?;"Unser Cloud-Sicherheitskonzept sollte eine Sicherheitsrichtlinie für die Cloud-Nutzung enthalten, die konkrete Sicherheitsvorgaben beinhaltet, um Cloud-Dienste innerhalb der Institution umzusetzen Quelle: OPS.2.2.A2 (S.391). Diese Richtlinie MUSS spezielle Sicherheitsanforderungen an die Cloud-Diensteanbietenden sowie das festgelegte Schutzniveau für Cloud-Dienste hinsichtlich Vertraulichkeit, Integrität und Verfügbarkeit dokumentieren Quelle: OPS.2.2.A2 (S.391). 

Anschlussfragen:
1. Wie sollten wir unsere Cloud-Diensteanbietenden auswählen, um sicherzustellen, dass sie unsere Sicherheitsanforderungen erfüllen?
2. Welche spezifischen Sicherheitsanforderungen müssen wir bei der Nutzung von Cloud-Diensten berücksichtigen, wenn wir internationale Anbietende nutzen?
3. Wie können wir sicherstellen, dass unsere Cloud-Dienste den Anforderungen an Vertraulichkeit, Integrität und Verfügbarkeit entsprechen?";Unser Cloud-Sicherheitskonzept sollte eine Sicherheitsrichtlinie für die Cloud-Nutzung enthalten, die konkrete Sicherheitsvorgaben beinhaltet, um Cloud-Dienste innerhalb der Institution umzusetzen Quelle: OPS.2.2.A2 (S.391). Diese Richtlinie MUSS spezielle Sicherheitsanforderungen an die Cloud-Diensteanbietenden sowie das festgelegte Schutzniveau für Cloud-Dienste hinsichtlich Vertraulichkeit, Integrität und Verfügbarkeit dokumentieren Quelle: OPS.2.2.A2 (S.391).;OPS.2.2.A2 Erstellung einer Sicherheitsrichtlinie für die Cloud-Nutzung (B) [Fachverantwortliche] Auf Basis der Strategie für die Cloud-Nutzung MUSS eine Sicherheitsrichtlinie für die Cloud-Nutzung erstellt werden. Sie MUSS konkrete Sicherheitsvorgaben beinhalten, mit denen sich Cloud-Dienste innerhalb der Institution umsetzen lassen. Außerdem MÜSSEN darin spezielle Sicherheitsanforderungen an die Cloud-Diensteanbietenden sowie das festgelegte Schutzniveau für Cloud-Dienste hinsichtlich Vertraulichkeit, Integrität und Verfügbarkeit dokumentiert werden. Wenn Cloud-Dienste von internationalen Anbietenden genutzt werden, MÜSSEN die speziellen länderspezifischen Anforderungen und gesetzlichen Bestimmungen berücksichtigt werden.;"Ein Cloud-Sicherheitskonzept sollte mindestens die folgenden Aspekte umfassen: 
- Notfallkonzept für Cloud-Dienste, 
- Sicherheitskonzept für die Cloud-Nutzung, 
- Datensicherungskonzept, 
- regelmäßige Datensicherungen, 
- redundante Datenbestände, 
- Wiederherstellungsprozesse für Datensicherungen, 
- Speichermedien für die Datensicherung, 
- Datenspiegelungen über RAID-Systeme, 
- Sicherheitsanforderungen für typische Aufgaben des Informationssicherheitsmanagements, 
- organisatorische, personelle, infrastrukturelle und technische Aspekte der Informationssicherheit.

Quelle: CON.3 Datensicherungskonzept (S.123-125)

Anschlussfragen:
1. Wie kann ein Notfallkonzept für Cloud-Dienste erstellt werden, um die Auswirkungen von Datenverlusten zu minimieren?
2. Welche Rolle spielt die Datensicherung im Rahmen der Notfallplanung, und wie kann sie in ein Cloud-Sicherheitskonzept integriert werden?
3. Wie können Institutionen ein geeignetes Sicherheitsniveau für ihre Cloud-Dienste erreichen, und welche Schritte sind dabei zu beachten?";"Ein Cloud-Sicherheitskonzept sollte mindestens die folgenden Aspekte umfassen: 
- Notfallkonzept für Cloud-Dienste, 
- Sicherheitskonzept für die Cloud-Nutzung, 
- Datensicherungskonzept, 
- regelmäßige Datensicherungen, 
- redundante Datenbestände, 
- Wiederherstellungsprozesse für Datensicherungen, 
- Speichermedien für die Datensicherung, 
- Datenspiegelungen über RAID-Systeme, 
- Sicherheitsanforderungen für typische Aufgaben des Informationssicherheitsmanagements, 
- organisatorische, personelle, infrastrukturelle und technische Aspekte der Informationssicherheit.

Quelle: CON.3 Datensicherungskonzept (S.123-125)";"1. Wie kann ein Notfallkonzept für Cloud-Dienste erstellt werden, um die Auswirkungen von Datenverlusten zu minimieren?
2. Welche Rolle spielt die Datensicherung im Rahmen der Notfallplanung, und wie kann sie in ein Cloud-Sicherheitskonzept integriert werden?
3. Wie können Institutionen ein geeignetes Sicherheitsniveau für ihre Cloud-Dienste erreichen, und welche Schritte sind dabei zu beachten?";3;3;0.6845238095066964;1.0;0.9230769230769231;0.26375715671803834;Wie kann ein Notfallkonzept für Cloud-Dienste erstellt werden, um die Auswirkungen von Datenverlusten zu minimieren?;2;2;"IT-Grundschutz enthält Vorgaben zur Erstellung von Notfallkonzepten für Cloud-Dienste; Frage vertieft das Sicherheitskonzept sinnvoll.";Welche Rolle spielt die Datensicherung im Rahmen der Notfallplanung, und wie kann sie in ein Cloud-Sicherheitskonzept integriert werden?;2;2;IT-Grundschutz behandelt Datensicherung im Notfallkonzept und Cloud‑Sicherheitskonzept, sodass die Frage vollständig beantwortbar und thematisch passend ist.;Wie können Institutionen ein geeignetes Sicherheitsniveau für ihre Cloud-Dienste erreichen, und welche Schritte sind dabei zu beachten?;2;2;"IT-Grundschutz deckt Strategien, Sicherheitsrichtlinien und Modellierung für Cloud ab; Frage vertieft das ursprüngliche Cloud‑Sicherheitskonzept.";2.0;2.0
Wie gehen wir bei der Cloud-Nutzung mit dem veränderten Administrationsmodell um?;"Bei der Cloud-Nutzung verändert sich häufig das Rollenverständnis innerhalb des IT-Betriebs, insbesondere entwickeln sich Administrierende von der klassischen Systemadministration hin zu Service-Administration. Um mit diesem veränderten Administrationsmodell umzugehen, sollte ein Migrationskonzept erstellt werden, das organisatorische Regelungen, Aufgabenverteilung und Anpassung bestehender Betriebsprozesse umfasst. Es sollte auch sichergestellt werden, dass die eigene IT ausreichend im Migrationsprozess berücksichtigt wird und die Zuständigen ermitteln, ob die Mitarbeitenden zusätzlich geschult werden sollten. Quelle: OPS.2.2.A5 Planung der sicheren Migration zu einem Cloud-Dienst (S) [Fachverantwortliche]

Anschlussfragen:
1. Wie können die Gefährdungen und Anforderungen bei der Cloud-Nutzung unabhängig vom genutzten Service- und Bereitstellungsmodell berücksichtigt werden?
2. Welche Rolle spielt die Anbindung eines Cloud-Dienstes über entsprechende Schnittstellen bei der Sicherheit?
3. Wie unterscheidet sich die Nutzung von Cloud-Diensten vom klassischen IT-Outsourcing in Bezug auf Skalierbarkeit und Administration?";Bei der Cloud-Nutzung verändert sich häufig das Rollenverständnis innerhalb des IT-Betriebs, insbesondere entwickeln sich Administrierende von der klassischen Systemadministration hin zu Service-Administration. Um mit diesem veränderten Administrationsmodell umzugehen, sollte ein Migrationskonzept erstellt werden, das organisatorische Regelungen, Aufgabenverteilung und Anpassung bestehender Betriebsprozesse umfasst. Es sollte auch sichergestellt werden, dass die eigene IT ausreichend im Migrationsprozess berücksichtigt wird und die Zuständigen ermitteln, ob die Mitarbeitenden zusätzlich geschult werden sollten. Quelle: OPS.2.2.A5 Planung der sicheren Migration zu einem Cloud-Dienst (S) [Fachverantwortliche];"2.10. Unzureichendes Administrationsmodell für die CloudNutzung Werden Cloud-Dienste genutzt, verändert sich häufig das Rollenverständnis innerhalb des IT-Betriebs auf Seiten der nutzenden Institution. So entwickeln sich Administrierende oft weg von der klassischen Systemadministration hin zu Service-Administration. Wird dieser Prozess nicht ausreichend begleitet, kann sich dies negativ auf die Cloud-Nutzung auswirken, etwa, wenn die Administrierenden nicht das nötige Verständnis für die Umstellungen mitbringen oder sie für ihre neue Aufgabe nicht oder nur unzureichend geschult sind. In der Folge sind eventuell die Cloud-Dienste nicht ordnungsgemäß administriert und so nur noch eingeschränkt verfügbar oder sie fallen ganz aus.

OPS.2.2.A5 Planung der sicheren Migration zu einem Cloud-Dienst (S) [Fachverantwortliche] Bevor zu einem Cloud-Dienst migriert wird, SOLLTE ein Migrationskonzept erstellt werden. Dafür SOLLTEN zunächst organisatorische Regelungen sowie die Aufgabenverteilung festgelegt werden. Zudem SOLLTEN bestehende Betriebsprozesse hinsichtlich der Cloud-Nutzung identifiziert und angepasst werden. Es SOLLTE sichergestellt werden, dass die eigene IT ausreichend im Migrationsprozess berücksichtigt wird. Auch SOLLTEN die Zuständigen ermitteln, ob die Mitarbeitenden auf Seiten der Institution zusätzlich geschult werden sollten.";"Bei der Cloud-Nutzung verändert sich häufig das Rollenverständnis innerhalb des IT-Betriebs auf Seiten der nutzenden Institution. So entwickeln sich Administrierende oft weg von der klassischen Systemadministration hin zu Service-Administration. Wird dieser Prozess nicht ausreichend begleitet, kann sich dies negativ auf die Cloud-Nutzung auswirken, etwa, wenn die Administrierenden nicht das nötige Verständnis für die Umstellungen mitbringen oder sie für ihre neue Aufgabe nicht oder nur unzureichend geschult sind. Quelle: OPS.2.2 Cloud-Nutzung (S.12).

Anschlussfragen:
1. Wie können Institutionen sicherstellen, dass ihre Administrierenden auf die veränderten Anforderungen der Cloud-Nutzung vorbereitet sind?
2. Welche Rolle spielt die Service-Administration bei der Cloud-Nutzung, und wie unterscheidet sie sich von der klassischen Systemadministration?
3. Wie können Institutionen das Risiko mindern, dass ihre Administrierenden nicht ausreichend auf die Cloud-Nutzung vorbereitet sind?";Bei der Cloud-Nutzung verändert sich häufig das Rollenverständnis innerhalb des IT-Betriebs auf Seiten der nutzenden Institution. So entwickeln sich Administrierende oft weg von der klassischen Systemadministration hin zu Service-Administration. Wird dieser Prozess nicht ausreichend begleitet, kann sich dies negativ auf die Cloud-Nutzung auswirken, etwa, wenn die Administrierenden nicht das nötige Verständnis für die Umstellungen mitbringen oder sie für ihre neue Aufgabe nicht oder nur unzureichend geschult sind. Quelle: OPS.2.2 Cloud-Nutzung (S.12).;"1. Wie können Institutionen sicherstellen, dass ihre Administrierenden auf die veränderten Anforderungen der Cloud-Nutzung vorbereitet sind?
2. Welche Rolle spielt die Service-Administration bei der Cloud-Nutzung, und wie unterscheidet sie sich von der klassischen Systemadministration?
3. Wie können Institutionen das Risiko mindern, dass ihre Administrierenden nicht ausreichend auf die Cloud-Nutzung vorbereitet sind?";3;3;0.9999999999875;1.0;0.8333333333333334;0.43915446182073803;Wie können Institutionen sicherstellen, dass ihre Administrierenden auf die veränderten Anforderungen der Cloud-Nutzung vorbereitet sind?;1;2;"IT‑Grundschutz behandelt Anpassungen des Administrationsmodells, aber keine konkreten Schulungsmaßnahmen; Frage ist thematisch passend zur Ausgangsfrage.";Welche Rolle spielt die Service-Administration bei der Cloud-Nutzung, und wie unterscheidet sie sich von der klassischen Systemadministration?;1;2;"IT‑Grundschutz behandelt Service‑Administration in der Cloud, aber differenziert nicht detailliert von klassischer Systemadministration; Frage ist thematisch passend.";Wie können Institutionen das Risiko mindern, dass ihre Administrierenden nicht ausreichend auf die Cloud-Nutzung vorbereitet sind?;1;2;"IT‑Grundschutz behandelt Strategien und Sensibilisierung, aber nicht explizit Administrator‑Schulungen; Frage ist thematisch passend zur Cloud‑Administrationsfrage.";1.0;2.0
Welche Nachweise sollten wir von Subunternehmern im Bereich Cloud-Dienstleistungen einfordern?;"Die Institution SOLLTE sich von den Cloud-Diensteanbietenden regelmäßig nachweisen lassen, dass die vereinbarten Sicherheitsanforderungen erfüllt sind, basierend auf einem international anerkannten Regelwerk wie IT-Grundschutz, ISO/IEC 27001 oder dem Anforderungskatalog Cloud Computing (C5) Quelle: OPS.2.2.A13 (S). Wenn Cloud-Diensteanbietende Subunternehmen nutzen, SOLLTEN sie der Institution regelmäßig nachweisen, dass diese Subunternehmen die notwendigen Audits durchführen Quelle: OPS.2.2.A13 (S). 

Anschlussfragen:
1. Wie sollten die vertraglichen Regelungen zwischen der Institution und den Cloud-Diensteanbietenden gestaltet werden, um den Schutzbedarf der Informationen zu gewährleisten?
2. Welche Rolle spielt die Offenlegung von Subunternehmen durch die Cloud-Diensteanbietenden im Rahmen des Vertrags?
3. Wie können die Sicherheitsanforderungen für die Cloud-Dienste unabhängig vom genutzten Service- und Bereitstellungsmodell gewährleistet werden?";Die Institution SOLLTE sich von den Cloud-Diensteanbietenden regelmäßig nachweisen lassen, dass die vereinbarten Sicherheitsanforderungen erfüllt sind, basierend auf einem international anerkannten Regelwerk wie IT-Grundschutz, ISO/IEC 27001 oder dem Anforderungskatalog Cloud Computing (C5) Quelle: OPS.2.2.A13 (S). Wenn Cloud-Diensteanbietende Subunternehmen nutzen, SOLLTEN sie der Institution regelmäßig nachweisen, dass diese Subunternehmen die notwendigen Audits durchführen Quelle: OPS.2.2.A13 (S).;"OPS.2.2.A13 Nachweis einer ausreichenden Informationssicherheit bei der Cloud-Nutzung (S) Die Institution SOLLTE sich von den Cloud-Diensteanbietenden regelmäßig nachweisen lassen, dass die vereinbarten Sicherheitsanforderungen erfüllt sind. Der Nachweis SOLLTE auf einem international anerkannten Regelwerk basieren (z. B. IT-Grundschutz, ISO/IEC 27001, Anforderungskatalog Cloud Computing (C5), Cloud Controls Matrix der Cloud Security Alliance). Die Institution SOLLTE prüfen, ob der Geltungsbereich und Schutzbedarf die genutzten Cloud-Dienste erfasst.
Nutzen Cloud-Diensteanbietende Subunternehmen, um die Cloud-Dienste zu erbringen, SOLLTEN Cloud-Diensteanbietende der Institution regelmäßig nachweisen, dass diese Subunternehmen die notwendigen Audits durchführen.

OPS.2.2.A9 Vertragsgestaltung mit den Cloud-Diensteanbietenden (S) [Institutionsleitung] Die vertraglichen Regelungen zwischen der auftraggebenden Institution und den CloudDiensteanbietenden SOLLTEN in Art, Umfang und Detaillierungsgrad dem Schutzbedarf der Informationen angepasst sein, die im Zusammenhang mit der Cloud-Nutzung stehen. Es SOLLTE geregelt werden, an welchem Standort die Cloud-Diensteanbietenden ihre Leistung erbringen. Zusätzlich SOLLTEN Eskalationsstufen und Kommunikationswege zwischen der Institution und den Cloud-Diensteanbietenden definiert werden. Auch SOLLTE vereinbart werden, wie die Daten der Institution sicher zu löschen sind. Ebenso SOLLTEN Kündigungsregelungen schriftlich fixiert werden. Die Cloud-Diensteanbietenden SOLLTEN alle Subunternehmen offenlegen, die sie für den CloudDienst benötigen.";"Von Subunternehmern im Bereich Cloud-Dienstleistungen sollten Nachweise über die Erfüllung der vereinbarten Sicherheitsanforderungen eingefordert werden. Diese Nachweise sollten auf einem international anerkannten Regelwerk basieren, wie z.B. dem IT-Grundschutz, ISO/IEC 27001 oder dem Anforderungskatalog Cloud Computing (C5). Die Institution sollte prüfen, ob der Geltungsbereich und Schutzbedarf die genutzten Cloud-Dienste erfasst. Quelle: Kapitel ""Nachweis einer ausreichenden Informationssicherheit bei der Cloud-Nutzung"" (S.1-5).

Anschlussfragen:
1. Wie sollten die Sicherheitsanforderungen für Cloud-Dienstleistungen definiert werden?
2. Welche Rolle spielen Subunternehmer bei der Erfüllung der Sicherheitsanforderungen?
3. Wie kann die Einhaltung der Sicherheitsanforderungen durch Cloud-Diensteanbieter und Subunternehmer überwacht werden?";"Von Subunternehmern im Bereich Cloud-Dienstleistungen sollten Nachweise über die Erfüllung der vereinbarten Sicherheitsanforderungen eingefordert werden. Diese Nachweise sollten auf einem international anerkannten Regelwerk basieren, wie z.B. dem IT-Grundschutz, ISO/IEC 27001 oder dem Anforderungskatalog Cloud Computing (C5). Die Institution sollte prüfen, ob der Geltungsbereich und Schutzbedarf die genutzten Cloud-Dienste erfasst. Quelle: Kapitel ""Nachweis einer ausreichenden Informationssicherheit bei der Cloud-Nutzung"" (S.1-5).";"1. Wie sollten die Sicherheitsanforderungen für Cloud-Dienstleistungen definiert werden?
2. Welche Rolle spielen Subunternehmer bei der Erfüllung der Sicherheitsanforderungen?
3. Wie kann die Einhaltung der Sicherheitsanforderungen durch Cloud-Diensteanbieter und Subunternehmer überwacht werden?";3;3;0.9999999999875;1.0;0.2857142857142857;0.7253350467788992;Wie sollten die Sicherheitsanforderungen für Cloud-Dienstleistungen definiert werden?;2;2;IT‑Grundschutz beschreibt Erstellung von Sicherheitsrichtlinien und konkrete Vorgaben, damit Sicherheitsanforderungen für Cloud‑Dienste definiert werden können.;Welche Rolle spielen Subunternehmer bei der Erfüllung der Sicherheitsanforderungen?;1;2;"IT‑Grundschutz behandelt Outsourcing‑Verantwortung, aber keine detaillierte Rollenbeschreibung; Frage ist thematisch passend zur Ausgangsfrage.";Wie kann die Einhaltung der Sicherheitsanforderungen durch Cloud-Diensteanbieter und Subunternehmer überwacht werden?;2;2;Grundschutz beschreibt Nachweise, regelmäßige Kontrollen und Monitoring von Sicherheitsanforderungen, passend zur Vertiefung der Nachweis‑Thematik.;1.667;2.0
Wie gewährleisten wir kontinuierliche Compliance im Cloud-Betrieb?;"Um kontinuierliche Compliance im Cloud-Betrieb zu gewährleisten, sollten Institutionen regelmäßig ihre Dokumentationen und Richtlinien für die eingesetzten Cloud-Dienste aktualisieren und überprüfen, ob die vertraglich zugesicherten Leistungen erbracht werden Quelle: OPS.2.2.A12 (S). Es ist auch ratsam, regelmäßig mit den Cloud-Diensteanbietenden abzustimmen und Pläne für die Reaktion auf Systemausfälle zu erstellen Quelle: OPS.2.2.A12 (S). Darüber hinaus sollten Institutionen sich von den Cloud-Diensteanbietenden regelmäßig den Nachweis liefern lassen, dass die vereinbarten Sicherheitsanforderungen erfüllt sind, basierend auf international anerkannten Regelwerken wie dem IT-Grundschutz oder ISO/IEC 27001 Quelle: OPS.2.2.A13 (S).

Anschlussfragen:
1. Wie können Institutionen sicherstellen, dass ihre Cloud-Diensteanbietenden die notwendigen Audits durchführen, wenn Subunternehmen eingesetzt werden?
2. Welche Rolle spielt die Abgrenzung und Modellierung im Baustein OPS.2.2 Cloud-Nutzung, und wie wirkt sie sich auf die Sicherheitsanforderungen aus?
3. Wie können Institutionen die Schnittstellen zwischen verschiedenen Cloud-Diensteanbietenden sicher gestalten, um eine kontinuierliche Compliance zu gewährleisten?";Um kontinuierliche Compliance im Cloud-Betrieb zu gewährleisten, sollten Institutionen regelmäßig ihre Dokumentationen und Richtlinien für die eingesetzten Cloud-Dienste aktualisieren und überprüfen, ob die vertraglich zugesicherten Leistungen erbracht werden Quelle: OPS.2.2.A12 (S). Es ist auch ratsam, regelmäßig mit den Cloud-Diensteanbietenden abzustimmen und Pläne für die Reaktion auf Systemausfälle zu erstellen Quelle: OPS.2.2.A12 (S). Darüber hinaus sollten Institutionen sich von den Cloud-Diensteanbietenden regelmäßig den Nachweis liefern lassen, dass die vereinbarten Sicherheitsanforderungen erfüllt sind, basierend auf international anerkannten Regelwerken wie dem IT-Grundschutz oder ISO/IEC 27001 Quelle: OPS.2.2.A13 (S).;"OPS.2.2.A12 Aufrechterhaltung der Informationssicherheit im laufenden Cloud-Nutzungs-Betrieb (S) Alle für die eingesetzten Cloud-Dienste erstellten Dokumentationen und Richtlinien SOLLTEN regelmäßig aktualisiert werden. Es SOLLTE außerdem periodisch kontrolliert werden, ob dievertraglich zugesicherten Leistungen erbracht werden. Auch SOLLTEN sich die CloudDiensteanbietenden und die Institution nach Möglichkeit regelmäßig abstimmen. Ebenso SOLLTE geplant und geübt werden, wie auf Systemausfälle zu reagieren ist.

OPS.2.2.A13 Nachweis einer ausreichenden Informationssicherheit bei der Cloud-Nutzung (S) Die Institution SOLLTE sich von den Cloud-Diensteanbietenden regelmäßig nachweisen lassen, dass die vereinbarten Sicherheitsanforderungen erfüllt sind. Der Nachweis SOLLTE auf einem international anerkannten Regelwerk basieren (z. B. IT-Grundschutz, ISO/IEC 27001, Anforderungskatalog Cloud Computing (C5), Cloud Controls Matrix der Cloud Security Alliance). Die Institution SOLLTE prüfen, ob der Geltungsbereich und Schutzbedarf die genutzten Cloud-Dienste erfasst. Nutzen Cloud-Diensteanbietende Subunternehmen, um die Cloud-Dienste zu erbringen, SOLLTEN Cloud-Diensteanbietende der Institution regelmäßig nachweisen, dass diese Subunternehmen die notwendigen Audits durchführen.";"Um kontinuierliche Compliance im Cloud-Betrieb zu gewährleisten, sollten alle für die eingesetzten Cloud-Dienste erstellten Dokumentationen und Richtlinien regelmäßig aktualisiert werden. Es sollte auch periodisch kontrolliert werden, ob die vertraglich zugesicherten Leistungen erbracht werden. Die Institution sollte sich von den Cloud-Diensteanbietenden regelmäßig nachweisen lassen, dass die vereinbarten Sicherheitsanforderungen erfüllt sind, basierend auf einem international anerkannten Regelwerk wie IT-Grundschutz, ISO/IEC 27001 oder dem Anforderungskatalog Cloud Computing (C5). Quelle: APP.3.1.A1 (S.391).

Die Institution sollte außerdem alle Anforderungen definieren, die es ermöglichen, Cloud-Diensteanbietende zu wechseln oder den Cloud-Dienst bzw. die Daten in die eigene IT-Infrastruktur zurückzuholen. Zudem sollte die Institution regelmäßig Portabilitätstests durchführen. Quelle: APP.3.2.A2 (S.392).

Anschlussfragen:
1. Wie können Institutionen sicherstellen, dass ihre Cloud-Diensteanbietenden die notwendigen Audits durchführen, um die Informationssicherheit zu gewährleisten?
2. Welche Rolle spielt die Erstellung einer Sicherheitsrichtlinie für die Cloud-Nutzung bei der Gewährleistung der kontinuierlichen Compliance im Cloud-Betrieb?
3. Wie können Institutionen die Abhängigkeit von Cloud-Diensteanbietenden minimieren, um die Kontrolle über ihre Daten und Prozesse zu behalten?";"Um kontinuierliche Compliance im Cloud-Betrieb zu gewährleisten, sollten alle für die eingesetzten Cloud-Dienste erstellten Dokumentationen und Richtlinien regelmäßig aktualisiert werden. Es sollte auch periodisch kontrolliert werden, ob die vertraglich zugesicherten Leistungen erbracht werden. Die Institution sollte sich von den Cloud-Diensteanbietenden regelmäßig nachweisen lassen, dass die vereinbarten Sicherheitsanforderungen erfüllt sind, basierend auf einem international anerkannten Regelwerk wie IT-Grundschutz, ISO/IEC 27001 oder dem Anforderungskatalog Cloud Computing (C5). Quelle: APP.3.1.A1 (S.391).

Die Institution sollte außerdem alle Anforderungen definieren, die es ermöglichen, Cloud-Diensteanbietende zu wechseln oder den Cloud-Dienst bzw. die Daten in die eigene IT-Infrastruktur zurückzuholen. Zudem sollte die Institution regelmäßig Portabilitätstests durchführen. Quelle: APP.3.2.A2 (S.392).";"1. Wie können Institutionen sicherstellen, dass ihre Cloud-Diensteanbietenden die notwendigen Audits durchführen, um die Informationssicherheit zu gewährleisten?
2. Welche Rolle spielt die Erstellung einer Sicherheitsrichtlinie für die Cloud-Nutzung bei der Gewährleistung der kontinuierlichen Compliance im Cloud-Betrieb?
3. Wie können Institutionen die Abhängigkeit von Cloud-Diensteanbietenden minimieren, um die Kontrolle über ihre Daten und Prozesse zu behalten?";3;3;0.9999999999875;1.0;1.0;0.6878660117591663;Wie können Institutionen sicherstellen, dass ihre Cloud-Diensteanbietenden die notwendigen Audits durchführen, um die Informationssicherheit zu gewährleisten?;2;2;"IT-Grundschutz beschreibt Nachweis, Audits und kontinuierliche Kontrolle von Cloud-Anbietern; Frage ist damit vollständig abdeckbar und thematisch passend.";Welche Rolle spielt die Erstellung einer Sicherheitsrichtlinie für die Cloud-Nutzung bei der Gewährleistung der kontinuierlichen Compliance im Cloud-Betrieb?;2;2;IT-Grundschutz behandelt die Sicherheitsrichtlinie für Cloud-Nutzung und deren Bedeutung für kontinuierliche Compliance, passend zur Ausgangsfrage.;Wie können Institutionen die Abhängigkeit von Cloud-Diensteanbietenden minimieren, um die Kontrolle über ihre Daten und Prozesse zu behalten?;2;2;"IT-Grundschutz deckt Portabilität und Strategien zur Reduktion von Anbieterabhängigkeit ab; Frage vertieft das Compliance-Thema sinnvoll.";2.0;2.0
Warum ist ORP.1 Organisation ein eigener Baustein im IT-Grundschutz?;"ORP.1 Organisation ist ein eigener Baustein im IT-Grundschutz, da jede Institution eine zuständige Dienststelle benötigt, um den allgemeinen Betrieb zu steuern und zu regeln sowie um Verwaltungsdienstleistungen zu planen, zu organisieren und durchzuführen Quelle: 1.1. Einleitung. Dieser Baustein soll allgemeine und übergreifende Anforderungen im Bereich Organisation aufzeigen, um das Niveau der Informationssicherheit zu erhöhen und zu erhalten Quelle: 1.2. Zielsetzung. 

Anschlussfragen:
1. Wie werden Informationsflüsse und Prozesse im Baustein ORP.1 geregelt?
2. Welche Rolle spielt die Aufbau- und Ablauforganisation im Kontext des IT-Grundschutzes?
3. Wie trägt der Baustein ORP.1 zur Erhöhung des Niveaus der Informationssicherheit bei?";ORP.1 Organisation ist ein eigener Baustein im IT-Grundschutz, da jede Institution eine zuständige Dienststelle benötigt, um den allgemeinen Betrieb zu steuern und zu regeln sowie um Verwaltungsdienstleistungen zu planen, zu organisieren und durchzuführen Quelle: 1.1. Einleitung. Dieser Baustein soll allgemeine und übergreifende Anforderungen im Bereich Organisation aufzeigen, um das Niveau der Informationssicherheit zu erhöhen und zu erhalten Quelle: 1.2. Zielsetzung.;"1.1. Einleitung Jede Institution benötigt eine hierfür zuständige Dienststelle, um den allgemeinen Betrieb zu steuern und zu regeln sowie um Verwaltungsdienstleistungen zu planen, zu organisieren und durchzuführen. Die meisten Institutionen haben hierfür eine Organisationseinheit, die dieses Zusammenspiel der verschiedenen Rollen und Einheiten mit den entsprechenden Geschäftsprozessen und Ressourcen steuert. Bereits auf dieser übergreifenden Ebene sind Aspekte der Informationssicherheit einzubringen und verbindlich festzulegen.

1.2. Zielsetzung Mit diesem Baustein werden allgemeine und übergreifende Anforderungen im Bereich Organisation aufgeführt, die dazu beitragen, das Niveau der Informationssicherheit zu erhöhen und zu erhalten. In diesem Zusammenhang sind Informationsflüsse, Prozesse, Rollenverteilungen sowie die Aufbau- und Ablauforganisation zu regeln.";"ORP.1 Organisation ist ein eigener Baustein im IT-Grundschutz, da er die grundlegenden Anforderungen an die Organisation und das Management von Informationssicherheit in einer Institution behandelt. Dieser Baustein bildet die Basis für die Umsetzung von Informationssicherheit in einer Institution und behandelt Aspekte wie die Festlegung von Verantwortlichkeiten, die Steuerung von Informationsflüssen und die Regelung von Prozessen und Rollenverteilungen Quelle: ORP.1 Organisation (S.1).

Der Baustein ORP.1 Organisation ist auf den Informationsverbund mindestens einmal anzuwenden, um eine übergreifende Basis für die Informationssicherheit zu schaffen Quelle: ORP.1 Organisation (S.2). Er behandelt keine spezifischen Aspekte zu Personal, Schulung von Mitarbeitenden, Verwaltung von Identitäten und Berechtigungen sowie Anforderungsmanagement, diese Aspekte werden in anderen Bausteinen wie ORP.2 Personal, ORP.3 Sensibilisierung und Schulung zur Informationssicherheit, ORP.4 Identitäts- und Berechtigungsmanagement und ORP.5 Compliance Management (Anforderungsmanagement) behandelt Quelle: ORP.1 Organisation (S.3).

Anschlussfragen:
1. Wie werden die Anforderungen an die Informationssicherheit in einer Institution festgelegt und umgesetzt?
2. Welche Rolle spielt der Baustein ORP.1 Organisation bei der Umsetzung von Informationssicherheit in einer Institution?
3. Wie werden die spezifischen Aspekte zu Personal, Schulung von Mitarbeitenden, Verwaltung von Identitäten und Berechtigungen sowie Anforderungsmanagement in den anderen Bausteinen behandelt?";"ORP.1 Organisation ist ein eigener Baustein im IT-Grundschutz, da er die grundlegenden Anforderungen an die Organisation und das Management von Informationssicherheit in einer Institution behandelt. Dieser Baustein bildet die Basis für die Umsetzung von Informationssicherheit in einer Institution und behandelt Aspekte wie die Festlegung von Verantwortlichkeiten, die Steuerung von Informationsflüssen und die Regelung von Prozessen und Rollenverteilungen Quelle: ORP.1 Organisation (S.1).

Der Baustein ORP.1 Organisation ist auf den Informationsverbund mindestens einmal anzuwenden, um eine übergreifende Basis für die Informationssicherheit zu schaffen Quelle: ORP.1 Organisation (S.2). Er behandelt keine spezifischen Aspekte zu Personal, Schulung von Mitarbeitenden, Verwaltung von Identitäten und Berechtigungen sowie Anforderungsmanagement, diese Aspekte werden in anderen Bausteinen wie ORP.2 Personal, ORP.3 Sensibilisierung und Schulung zur Informationssicherheit, ORP.4 Identitäts- und Berechtigungsmanagement und ORP.5 Compliance Management (Anforderungsmanagement) behandelt Quelle: ORP.1 Organisation (S.3).";"1. Wie werden die Anforderungen an die Informationssicherheit in einer Institution festgelegt und umgesetzt?
2. Welche Rolle spielt der Baustein ORP.1 Organisation bei der Umsetzung von Informationssicherheit in einer Institution?
3. Wie werden die spezifischen Aspekte zu Personal, Schulung von Mitarbeitenden, Verwaltung von Identitäten und Berechtigungen sowie Anforderungsmanagement in den anderen Bausteinen behandelt?";3;3;0.6783333333197666;1.0;1.0;0.488876075812372;Wie werden die Anforderungen an die Informationssicherheit in einer Institution festgelegt und umgesetzt?;2;2;"IT‑Grundschutz beschreibt detailliert Zieldefinition, Anforderungsfestlegung und Umsetzung; die Frage vertieft das Thema der Organisationsbausteins ORP.1.";Welche Rolle spielt der Baustein ORP.1 Organisation bei der Umsetzung von Informationssicherheit in einer Institution?;2;2;"Der Baustein ORP.1 wird im IT‑Grundschutz detailliert beschrieben; die Frage vertieft das Thema und ist thematisch passend zur Ausgangsfrage.";Wie werden die spezifischen Aspekte zu Personal, Schulung von Mitarbeitenden, Verwaltung von Identitäten und Berechtigungen sowie Anforderungsmanagement in den anderen Bausteinen behandelt?;1;2;"IT‑Grundschutz behandelt diese Themen, aber nicht immer explizit in allen anderen Bausteinen; Frage ist thematisch eine sinnvolle Vertiefung.";1.667;2.0
Wie wird sichergestellt, dass Mitarbeitende IT-Sicherheitsregeln einhalten?;"Um sicherzustellen, dass Mitarbeitende IT-Sicherheitsregeln einhalten, SOLLTE eine Richtlinie zur sicheren IT-Nutzung erstellt werden, die für alle Mitarbeitenden transparent beschreibt, welche Rahmenbedingungen bei der IT-Nutzung eingehalten werden müssen und welche Sicherheitsmaßnahmen zu ergreifen sind Quelle: ORP.1.A16 (S). Diese Richtlinie SOLLTE allen Benutzenden zur Kenntnis gegeben werden und von jedem neuen Benutzenden schriftlich bestätigt werden, bevor er die Informationstechnik nutzen darf Quelle: ORP.1.A16 (S). 

Darüber hinaus MUSS es in jeder Institution Ansprechpersonen für Sicherheitsfragen geben, die sowohl einfache als auch komplexe oder technische Fragen beantworten können Quelle: ORP.1.A15 (S). 

Anschlussfragen:
1. Wie sollten die Richtlinien zur sicheren IT-Nutzung den Mitarbeitenden zugänglich gemacht werden?
2. Welche Rolle spielen Ansprechpersonen zu Informationssicherheitsfragen in der Institution?
3. Wie oft sollten die Richtlinien zur sicheren IT-Nutzung von den Benutzenden bestätigt werden?";"Um sicherzustellen, dass Mitarbeitende IT-Sicherheitsregeln einhalten, SOLLTE eine Richtlinie zur sicheren IT-Nutzung erstellt werden, die für alle Mitarbeitenden transparent beschreibt, welche Rahmenbedingungen bei der IT-Nutzung eingehalten werden müssen und welche Sicherheitsmaßnahmen zu ergreifen sind Quelle: ORP.1.A16 (S). Diese Richtlinie SOLLTE allen Benutzenden zur Kenntnis gegeben werden und von jedem neuen Benutzenden schriftlich bestätigt werden, bevor er die Informationstechnik nutzen darf Quelle: ORP.1.A16 (S). 

Darüber hinaus MUSS es in jeder Institution Ansprechpersonen für Sicherheitsfragen geben, die sowohl einfache als auch komplexe oder technische Fragen beantworten können Quelle: ORP.1.A15 (S).";"ORP.1.A16 Richtlinie zur sicheren IT-Nutzung (S) [Benutzende] Es SOLLTE eine Richtlinie erstellt werden, in der für alle Mitarbeitenden transparent beschrieben wird, welche Rahmenbedingungen bei der IT-Nutzung eingehalten werden müssen und welche Sicherheitsmaßnahmen zu ergreifen sind. Die Richtlinie SOLLTE folgende Punkte abdecken:

• Sicherheitsziele der Institution,

• wichtige Begriffe,

• Aufgaben und Rollen mit Bezug zur Informationssicherheit,

• Ansprechperson zu Fragen der Informationssicherheit sowie

• von den Mitarbeitenden umzusetzende und einzuhaltende Sicherheitsmaßnahmen.

Die Richtlinie SOLLTE allen Benutzenden zur Kenntnis gegeben werden. Jeder neue Benutzende SOLLTE die Kenntnisnahme und Beachtung der Richtlinie schriftlich bestätigen, bevor er die Informationstechnik nutzen darf. Benutzende SOLLTEN die Richtlinie regelmäßig oder nach größeren Änderungen erneut bestätigen. Die Richtlinie sollte zum Nachlesen für alle Mitarbeitenden frei zugänglich abgelegt werden, beispielsweise im Intranet.

ORP.1.A15 Ansprechperson zu Informationssicherheitsfragen (B) In jeder Institution MUSS es Ansprechpersonen für Sicherheitsfragen geben, die sowohl scheinbar einfache wie auch komplexe oder technische Fragen beantworten können. Die Ansprechpersonen MÜSSEN allen Mitarbeitenden der Institution bekannt sein. Diesbezügliche Informationen MÜSSEN in der Institution für alle verfügbar und leicht zugänglich sein.";"Um sicherzustellen, dass Mitarbeitende IT-Sicherheitsregeln einhalten, müssen sie über die geltenden Regelungen informiert und zur Einhaltung verpflichtet werden. Quelle: Aufgaben und Zuständigkeiten von Mitarbeitenden. 
Dabei sollten die Mitarbeitenden auch über die Bedeutung und den Zweck der Maßnahmen aufgeklärt werden, um sicherzustellen, dass sie diese im Arbeitsalltag einhalten. Quelle: Unzureichende Kenntnis über Regelungen. 
Zusätzlich sollten regelmäßige Sensibilisierungs- und Schulungsmaßnahmen durchgeführt werden, um die Mitarbeitenden auf mögliche Sicherheitsrisiken aufmerksam zu machen und ihnen die notwendigen Kenntnisse und Fähigkeiten zu vermitteln, um diese Risiken zu minimieren. Quelle: Sensibilisierung der Mitarbeitenden zur Informationssicherheit auf Auslandsreisen. 
Anschlussfragen:
1. Wie können Mitarbeitende am effektivsten über IT-Sicherheitsregeln informiert werden?
2. Welche Rolle spielen Sensibilisierungs- und Schulungsmaßnahmen bei der Einhaltung von IT-Sicherheitsregeln?
3. Wie können Institutionsleitungen sicherstellen, dass ihre Mitarbeitenden die IT-Sicherheitsregeln einhalten und die Informationssicherheit der Institution schützen?";"Um sicherzustellen, dass Mitarbeitende IT-Sicherheitsregeln einhalten, müssen sie über die geltenden Regelungen informiert und zur Einhaltung verpflichtet werden. Quelle: Aufgaben und Zuständigkeiten von Mitarbeitenden. 
Dabei sollten die Mitarbeitenden auch über die Bedeutung und den Zweck der Maßnahmen aufgeklärt werden, um sicherzustellen, dass sie diese im Arbeitsalltag einhalten. Quelle: Unzureichende Kenntnis über Regelungen. 
Zusätzlich sollten regelmäßige Sensibilisierungs- und Schulungsmaßnahmen durchgeführt werden, um die Mitarbeitenden auf mögliche Sicherheitsrisiken aufmerksam zu machen und ihnen die notwendigen Kenntnisse und Fähigkeiten zu vermitteln, um diese Risiken zu minimieren. Quelle: Sensibilisierung der Mitarbeitenden zur Informationssicherheit auf Auslandsreisen.";"1. Wie können Mitarbeitende am effektivsten über IT-Sicherheitsregeln informiert werden?
2. Welche Rolle spielen Sensibilisierungs- und Schulungsmaßnahmen bei der Einhaltung von IT-Sicherheitsregeln?
3. Wie können Institutionsleitungen sicherstellen, dass ihre Mitarbeitenden die IT-Sicherheitsregeln einhalten und die Informationssicherheit der Institution schützen?";3;3;0.9999999999875;1.0;1.0;0.3781593637931691;Wie können Mitarbeitende am effektivsten über IT-Sicherheitsregeln informiert werden?;2;2;"IT-Grundschutz behandelt umfassend Sensibilisierung, Schulung und Kommunikation von Sicherheitsregeln; die Frage vertieft das Thema der Einhaltung durch Information.";Welche Rolle spielen Sensibilisierungs- und Schulungsmaßnahmen bei der Einhaltung von IT-Sicherheitsregeln?;2;2;Grundschutz behandelt Sensibilisierung/Schulung als zentrale Maßnahmen zur Regelbefolgung, passend zur Vertiefung der Einhaltungs‑Sicherstellung.;Wie können Institutionsleitungen sicherstellen, dass ihre Mitarbeitenden die IT-Sicherheitsregeln einhalten und die Informationssicherheit der Institution schützen?;2;2;"IT‑Grundschutz regelt Führungskräfte‑Sensibilisierung, Schulung und Vorbildfunktion; Frage fokussiert Leitung, ist damit vollständig abgedeckt und direkt relevant.";2.0;2.0
Wie wird mit institutionsfremden Personen organisatorisch umgegangen?;"Institutionsfremde Personen MÜSSEN von Mitarbeitenden zu den Räumen begleitet werden, um sicherzustellen, dass sie nicht unbeaufsichtigt bleiben. Die Mitarbeitenden der Institution MÜSSEN institutionsfremde Personen in sensiblen Bereichen beaufsichtigen, um Missbrauch oder Gefährdung von Informationen und IT-Systemen zu verhindern Quelle: ORP.1.A3 (S. nicht spezifiziert). Dies ist notwendig, da institutionsfremde Personen, wie z.B. Besuchende, Reinigungs- oder Fremdpersonal, interne Informationen, Geschäftsprozesse und IT-Systeme auf verschiedene Arten gefährden können Quelle: 2.4. Gefährdung durch Institutionsfremde (S. nicht spezifiziert).

Anschlussfragen:
1. Wie können institutionsfremde Personen die Informationssicherheit einer Institution gefährden?
2. Welche Rolle spielen Mitarbeitende bei der Beaufsichtigung von institutionsfremden Personen in sensiblen Bereichen?
3. Wie werden die Anforderungen an die Begleitung und Beaufsichtigung von institutionsfremden Personen in der Praxis umgesetzt?";Institutionsfremde Personen MÜSSEN von Mitarbeitenden zu den Räumen begleitet werden, um sicherzustellen, dass sie nicht unbeaufsichtigt bleiben. Die Mitarbeitenden der Institution MÜSSEN institutionsfremde Personen in sensiblen Bereichen beaufsichtigen, um Missbrauch oder Gefährdung von Informationen und IT-Systemen zu verhindern Quelle: ORP.1.A3 (S. nicht spezifiziert). Dies ist notwendig, da institutionsfremde Personen, wie z.B. Besuchende, Reinigungs- oder Fremdpersonal, interne Informationen, Geschäftsprozesse und IT-Systeme auf verschiedene Arten gefährden können Quelle: 2.4. Gefährdung durch Institutionsfremde (S. nicht spezifiziert).;"ORP.1.A3 Beaufsichtigung oder Begleitung von Fremdpersonen (B) [Mitarbeitende] Institutionsfremde Personen MÜSSEN von Mitarbeitenden zu den Räumen begleitet werden. Die Mitarbeitenden der Institution MÜSSEN institutionsfremde Personen in sensiblen Bereichen beaufsichtigen. Die Mitarbeitenden SOLLTEN dazu angehalten werden, institutionsfremde Personen in den Räumen der Institution nicht unbeaufsichtigt zu lassen.

2.4. Gefährdung durch Institutionsfremde Bei Institutionsfremden kann grundsätzlich nicht vorausgesetzt werden, dass sie mit ihnen zugänglichen Informationen und der Informationstechnik entsprechend den Vorgaben der besuchten Institution umgehen. Besuchende, Reinigungs- und Fremdpersonal können interne Informationen, Geschäftsprozesse und IT-Systeme auf verschiedene Arten gefährden, angefangen von der unsachgemäßen Behandlung der technischen Einrichtungen über den Versuch des „Spielens“ an IT-Systemen bis hin zum Diebstahl von Unterlagen oder IT-Komponenten.
Beispiele:

• Unbegleitete Besuchende können auf Unterlagen und Datenträger zugreifen oder Zugang zu Geräten haben, diese beschädigen oder schützenswerte Informationen ausspähen.

• Reinigungskräfte können versehentlich Steckverbindungen lösen, Wasser in Geräte laufen lassen, Unterlagen verlegen oder mit dem Abfall entsorgen.";"Institutionsfremde Personen MÜSSEN von Mitarbeitenden zu den Räumen begleitet werden. Die Mitarbeitenden der Institution MÜSSEN institutionsfremde Personen in sensiblen Bereichen beaufsichtigen. Quelle: ORP.1.A1 (S.73). 

Festlegung von Regelungen für den Einsatz von Fremdpersonal ist erforderlich, um sicherzustellen, dass auch Fremdpersonal die geltenden Gesetze, Vorschriften und internen Regelungen einhält. Quelle: ORP.4.A8 (S.391). 

Anschlussfragen:
1. Wie werden institutionsfremde Personen in sensiblen Bereichen beaufsichtigt?
2. Welche Regelungen müssen für den Einsatz von Fremdpersonal festgelegt werden?
3. Wie wird sichergestellt, dass Fremdpersonal die geltenden Gesetze und Vorschriften einhält?";"Institutionsfremde Personen MÜSSEN von Mitarbeitenden zu den Räumen begleitet werden. Die Mitarbeitenden der Institution MÜSSEN institutionsfremde Personen in sensiblen Bereichen beaufsichtigen. Quelle: ORP.1.A1 (S.73). 

Festlegung von Regelungen für den Einsatz von Fremdpersonal ist erforderlich, um sicherzustellen, dass auch Fremdpersonal die geltenden Gesetze, Vorschriften und internen Regelungen einhält. Quelle: ORP.4.A8 (S.391).";"1. Wie werden institutionsfremde Personen in sensiblen Bereichen beaufsichtigt?
2. Welche Regelungen müssen für den Einsatz von Fremdpersonal festgelegt werden?
3. Wie wird sichergestellt, dass Fremdpersonal die geltenden Gesetze und Vorschriften einhält?";3;3;0.8551587301444776;1.0;1.0;0.5263398396323323;Wie werden institutionsfremde Personen in sensiblen Bereichen beaufsichtigt?;2;2;"Grundschutz-Abschnitt 1 regelt Begleitung und Aufsicht von institutionsfremden Personen, deckt die Frage vollständig ab; die Frage vertieft das Ausgangsthema direkt.";Welche Regelungen müssen für den Einsatz von Fremdpersonal festgelegt werden?;2;2;IT-Grundschutz definiert detaillierte Vorgaben für Regelungen zum Einsatz von Fremdpersonal, passend zur ursprünglichen Organisationsfrage.;Wie wird sichergestellt, dass Fremdpersonal die geltenden Gesetze und Vorschriften einhält?;2;2;Grundschutz regelt Verpflichtung, Aufsicht und Einweisung von Fremdpersonal, deckt die Compliance‑Sicherung vollständig ab und ist direkte Vertiefung der Ausgangsfrage.;2.0;2.0
Welche organisatorischen Risiken bestehen bei fehlender Geräteverwaltung?;"Fehlende Geräteverwaltung kann zu verschiedenen organisatorischen Risiken führen. Wenn benötigte Betriebsmittel in zu geringer Menge vorhanden sind oder nicht termingerecht bereitgestellt werden, können in der Institution Störungen eintreten Quelle: 2.3. Fehlende, ungeeignete oder inkompatible Betriebsmittel (S). Ebenso kann es vorkommen, dass ungeeignete oder sogar inkompatible Betriebsmittel beschafft werden, die infolgedessen nicht eingesetzt werden können Quelle: 2.3. Fehlende, ungeeignete oder inkompatible Betriebsmittel (S). Beispielsweise kann die Kapazität der Batterien einer unterbrechungsfreien Stromversorgung (USV-Anlage) nicht rechtzeitig überprüft werden, was zu einem Stromausfall führen kann Quelle: 2.3. Fehlende, ungeeignete oder inkompatible Betriebsmittel (S). 

Anschlussfragen:
1. Wie kann eine Institution die Verfügbarkeit von Betriebsmitteln sicherstellen, um Störungen zu vermeiden?
2. Welche Rolle spielt die Wartung von Betriebsmitteln bei der Vermeidung von Schäden?
3. Wie kann eine Institution sicherstellen, dass die eingesetzten Betriebsmittel kompatibel sind und den Anforderungen entsprechen?";Fehlende Geräteverwaltung kann zu verschiedenen organisatorischen Risiken führen. Wenn benötigte Betriebsmittel in zu geringer Menge vorhanden sind oder nicht termingerecht bereitgestellt werden, können in der Institution Störungen eintreten Quelle: 2.3. Fehlende, ungeeignete oder inkompatible Betriebsmittel (S). Ebenso kann es vorkommen, dass ungeeignete oder sogar inkompatible Betriebsmittel beschafft werden, die infolgedessen nicht eingesetzt werden können Quelle: 2.3. Fehlende, ungeeignete oder inkompatible Betriebsmittel (S). Beispielsweise kann die Kapazität der Batterien einer unterbrechungsfreien Stromversorgung (USV-Anlage) nicht rechtzeitig überprüft werden, was zu einem Stromausfall führen kann Quelle: 2.3. Fehlende, ungeeignete oder inkompatible Betriebsmittel (S).;"ORP.1.A8 Betriebsmittel- und Geräteverwaltung (S) [IT-Betrieb] Alle Geräte und Betriebsmittel, die Einfluss auf die Informationssicherheit haben und die zur Aufgabenerfüllung und zur Einhaltung der Sicherheitsanforderungen erforderlich sind, SOLLTEN in ausreichender Menge vorhanden sein. Es SOLLTE geeignete Prüf- und Genehmigungsverfahren vor Einsatz der Geräte und Betriebsmittel geben. Geräte und Betriebsmittel SOLLTEN in geeigneten Bestandsverzeichnissen aufgelistet werden. Um den Missbrauch von Daten zu verhindern, SOLLTE die zuverlässige Löschung oder Vernichtung von Geräten und Betriebsmitteln geregelt sein (siehe hierzu CON.6 Löschen und Vernichten).

2.3. Fehlende, ungeeignete oder inkompatible Betriebsmittel Wenn benötigte Betriebsmittel in zu geringer Menge vorhanden sind oder nicht termingerecht bereitgestellt werden, können in der Institution Störungen eintreten. Ebenso kann es vorkommen, dass ungeeignete oder sogar inkompatible Betriebsmittel beschafft werden, die infolgedessen nicht eingesetzt werden können. Beispiel: Der Speicherplatz von Festplatten bei Clients und Servern sowie mobiler Datenträger steigt ständig. Dabei wird häufig vergessen, IT-Komponenten und Datenträger zu beschaffen, die für eine regelmäßige Datensicherung ausreichend Kapazität bieten. Ebenso muss die Funktionsfähigkeit der eingesetzten Betriebsmittel gewährleistet sein. Wenn Wartungsarbeiten nicht oder nur unzureichend durchgeführt werden, können daraus hohe Schäden entstehen.
Beispiele:

• Die Kapazität der Batterien einer unterbrechungsfreien Stromversorgung (USV-Anlage) wurde nicht rechtzeitig überprüft. Ist die Kapazität bzw. der Säuregehalt zu gering, kann die USVAnlage einen Stromausfall nicht mehr ausreichend lange überbrücken.

• Die Feuerlöscher wurden nicht rechtzeitig gewartet und verfügen deshalb nicht mehr über einen ausreichenden Druck. Ihre Löschleistung ist somit im Brandfall nicht mehr gewährleistet.";"Die organisatorischen Risiken bei fehlender Geräteverwaltung im Kontext von Fernwartung im industriellen Umfeld umfassen unter anderem:

- Unzureichende Dokumentation und Verwaltung von Fernwartungszugängen, was zu unautorisierten Zugriffen und Manipulationen führen kann.
- Fehlende oder unzureichende Regelungen für die Nutzung von OT-Fernwartungszugängen, die zu einem unkontrollierten Zugriff durch unbefugte Personen führen können.
- Unsichere Konzeption von OT-Fernwartungszugängen, die Angreifern leichten Zugriff auf OT-Netze ermöglichen.
- Unzureichende menschliche Kontrolle über OT-Fernwartungssitzungen, was zu unerkannten Konfigurationsfehlern und unautorisierten Zugriffen führen kann.
- Direkte IP-basierte Zugriffsmöglichkeiten auf ICS aus unsicheren Zonen, die zu Schadprogrammen und gezielten Angriffen führen können.

Quelle: Kapitel über Fernwartung im industriellen Umfeld (S.1-20)

Anschlussfragen:
1. Wie können unzureichende Dokumentationen von Fernwartungszugängen zu Sicherheitsrisiken führen?
2. Welche Rolle spielen fehlende oder unzureichende Regelungen für die Nutzung von OT-Fernwartungszugängen bei der Sicherheit?
3. Wie kann eine unsichere Konzeption von OT-Fernwartungszugängen die Sicherheit des gesamten OT-Netzes gefährden?";"Die organisatorischen Risiken bei fehlender Geräteverwaltung im Kontext von Fernwartung im industriellen Umfeld umfassen unter anderem:

- Unzureichende Dokumentation und Verwaltung von Fernwartungszugängen, was zu unautorisierten Zugriffen und Manipulationen führen kann.
- Fehlende oder unzureichende Regelungen für die Nutzung von OT-Fernwartungszugängen, die zu einem unkontrollierten Zugriff durch unbefugte Personen führen können.
- Unsichere Konzeption von OT-Fernwartungszugängen, die Angreifern leichten Zugriff auf OT-Netze ermöglichen.
- Unzureichende menschliche Kontrolle über OT-Fernwartungssitzungen, was zu unerkannten Konfigurationsfehlern und unautorisierten Zugriffen führen kann.
- Direkte IP-basierte Zugriffsmöglichkeiten auf ICS aus unsicheren Zonen, die zu Schadprogrammen und gezielten Angriffen führen können.

Quelle: Kapitel über Fernwartung im industriellen Umfeld (S.1-20)";"1. Wie können unzureichende Dokumentationen von Fernwartungszugängen zu Sicherheitsrisiken führen?
2. Welche Rolle spielen fehlende oder unzureichende Regelungen für die Nutzung von OT-Fernwartungszugängen bei der Sicherheit?
3. Wie kann eine unsichere Konzeption von OT-Fernwartungszugängen die Sicherheit des gesamten OT-Netzes gefährden?";3;3;0.9999999999875;1.0;1.0;0.16066426820918192;Wie können unzureichende Dokumentationen von Fernwartungszugängen zu Sicherheitsrisiken führen?;2;2;"IT-Grundschutz behandelt unzureichende Dokumentation von Fernwartungszugängen und deren Risiken; Frage vertieft das organisatorische Risiko der Geräteverwaltung.";Welche Rolle spielen fehlende oder unzureichende Regelungen für die Nutzung von OT-Fernwartungszugängen bei der Sicherheit?;2;2;"IT‑Grundschutz behandelt OT‑Fernwartungsregelungen ausführlich; die Frage vertieft das organisatorische Risiko‑Thema der Ausgangsfrage.";Wie kann eine unsichere Konzeption von OT-Fernwartungszugängen die Sicherheit des gesamten OT-Netzes gefährden?;2;1;IT‑Grundschutz behandelt OT‑Fernwartungszugänge umfassend, aber die Frage weicht vom ursprünglichen Fokus Geräteverwaltung ab, bleibt nur tangential relevant.;2.0;1.667
Wann müssen Berechtigungen entzogen werden?;"Berechtigungen MÜSSEN entzogen werden, wenn personelle Veränderungen eintreten und die Berechtigungen nicht mehr benötigt werden Quelle: ORP.4.A2 (S.?). Dies entspricht dem Prinzip der geringsten Berechtigungen und dem Erforderlichkeitsprinzip Quelle: ORP.4.A2 (S.?).

Anschlussfragen:
1. Wie werden Benutzendenkennungen und Berechtigungen im Unternehmen vergeben?
2. Was passiert, wenn Mitarbeitende Berechtigungen beantragen, die über den Standard hinausgehen?
3. Wie sollten Zugriffsberechtigungen auf Systemverzeichnisse und -dateien eingeschränkt werden?";Berechtigungen MÜSSEN entzogen werden, wenn personelle Veränderungen eintreten und die Berechtigungen nicht mehr benötigt werden Quelle: ORP.4.A2 (S.?). Dies entspricht dem Prinzip der geringsten Berechtigungen und dem Erforderlichkeitsprinzip Quelle: ORP.4.A2 (S.?).;ORP.4.A2 Einrichtung, Änderung und Entzug von Berechtigungen (B) [ITBetrieb] Benutzendenkennungen und Berechtigungen DÜRFEN NUR aufgrund des tatsächlichen Bedarfs und der Notwendigkeit zur Aufgabenerfüllung vergeben werden (Prinzip der geringsten Berechtigungen, englisch Least Privileges und Erforderlichkeitsprinzip, englisch Need-to-know). Bei personellen Veränderungen MÜSSEN die nicht mehr benötigten Benutzendenkennungen und Berechtigungen entfernt werden. Beantragen Mitarbeitende Berechtigungen, die über den Standard hinausgehen, DÜRFEN diese NUR nach zusätzlicher Begründung und Prüfung vergeben werden. Zugriffsberechtigungen auf Systemverzeichnisse und -dateien SOLLTEN restriktiv eingeschränkt werden. Alle Berechtigungen MÜSSEN über separate administrative Rollen eingerichtet werden.;"Berechtigungen MÜSSEN entzogen werden, wenn personelle Veränderungen eintreten, wie beispielsweise bei der Beendigung der Tätigkeit in der IT-Administration oder wenn Mitarbeitende in eine neue Abteilung versetzt werden und ihre alten Berechtigungen nicht mehr benötigen. Quelle: Einrichtung, Änderung und Entzug von Berechtigungen (S.1), Beendigung der Tätigkeit in der IT-Administration (S.2). 

Anschlussfragen:
1. Wie MÜSSEN administrative Zugänge geschützt werden, um Missbrauch zu reduzieren?
2. Welche Rolle spielt das Identitäts- und Berechtigungsmanagement bei der Verhinderung von Sicherheitslücken?
3. Wie SOLLTE die Vergabe von Zugangsberechtigungen und Zugriffsrechten geregelt werden, um ein Sicherheitsrisiko zu minimieren?";Berechtigungen MÜSSEN entzogen werden, wenn personelle Veränderungen eintreten, wie beispielsweise bei der Beendigung der Tätigkeit in der IT-Administration oder wenn Mitarbeitende in eine neue Abteilung versetzt werden und ihre alten Berechtigungen nicht mehr benötigen. Quelle: Einrichtung, Änderung und Entzug von Berechtigungen (S.1), Beendigung der Tätigkeit in der IT-Administration (S.2).;"1. Wie MÜSSEN administrative Zugänge geschützt werden, um Missbrauch zu reduzieren?
2. Welche Rolle spielt das Identitäts- und Berechtigungsmanagement bei der Verhinderung von Sicherheitslücken?
3. Wie SOLLTE die Vergabe von Zugangsberechtigungen und Zugriffsrechten geregelt werden, um ein Sicherheitsrisiko zu minimieren?";3;3;0.9999999999875;1.0;0.6;0.36922781910448543;Wie MÜSSEN administrative Zugänge geschützt werden, um Missbrauch zu reduzieren?;2;1;"IT‑Grundschutz beschreibt detailliert Schutzmaßnahmen für Administrationszugänge, daher vollständig beantwortbar; die Frage ist nur tangential zur ursprünglichen Frage nach Entzugzeitpunkt.";Welche Rolle spielt das Identitäts- und Berechtigungsmanagement bei der Verhinderung von Sicherheitslücken?;2;2;"IT‑Grundschutz behandelt IAM als Kernmaßnahme zur Vermeidung von Sicherheitslücken; Frage vertieft das Thema der Berechtigungsentziehung.";Wie SOLLTE die Vergabe von Zugangsberechtigungen und Zugriffsrechten geregelt werden, um ein Sicherheitsrisiko zu minimieren?;2;1;IT‑Grundschutz beschreibt Prozesse und Prinzipien für die Vergabe von Zugangsrechten, aber die Frage fokussiert nicht direkt das Entziehen von Berechtigungen.;2.0;1.333
Weshalb sind Passwortregeln erforderlich?;"Passwortregeln sind erforderlich, um den Schutz von Passwörtern und die Sicherheit von IT-Systemen und Anwendungen zu gewährleisten. Die Institution MUSS den Passwortgebrauch verbindlich regeln, um zu verhindern, dass Passwörter leicht zu erraten sind oder in gängigen Passwortlisten geführt werden Quelle: ORP.4.A8 Regelung des Passwortgebrauchs (B) [Benutzende, IT-Betrieb] (S.73). Dies umfasst auch die Regelung, dass Passwörter nicht mehrfach verwendet werden dürfen und für jedes IT-System bzw. jede Anwendung ein eigenständiges Passwort verwendet werden muss Quelle: ORP.4.A8 Regelung des Passwortgebrauchs (B) [Benutzende, IT-Betrieb] (S.73). 

Anschlussfragen:
1. Wie oft sollten Passwörter geändert werden, wenn sie unautorisierten Personen bekannt geworden sind?
2. Was sind die Anforderungen an die Qualität von Passwörtern, um sie sicher zu machen?
3. Welche Rolle spielt ein Passwort-Manager bei der Verwaltung von Passwörtern und wie sollten sie konfiguriert werden?";Passwortregeln sind erforderlich, um den Schutz von Passwörtern und die Sicherheit von IT-Systemen und Anwendungen zu gewährleisten. Die Institution MUSS den Passwortgebrauch verbindlich regeln, um zu verhindern, dass Passwörter leicht zu erraten sind oder in gängigen Passwortlisten geführt werden Quelle: ORP.4.A8 Regelung des Passwortgebrauchs (B) [Benutzende, IT-Betrieb] (S.73). Dies umfasst auch die Regelung, dass Passwörter nicht mehrfach verwendet werden dürfen und für jedes IT-System bzw. jede Anwendung ein eigenständiges Passwort verwendet werden muss Quelle: ORP.4.A8 Regelung des Passwortgebrauchs (B) [Benutzende, IT-Betrieb] (S.73).;"ORP.4.A8 Regelung des Passwortgebrauchs (B) [Benutzende, IT-Betrieb] Die Institution MUSS den Passwortgebrauch verbindlich regeln (siehe auch ORP.4.A22 Regelung zur Passwortqualität und ORP.4.A23 Regelung für passwortverarbeitende Anwendungen und IT-Systeme). Dabei MUSS geprüft werden, ob Passwörter als alleiniges Authentisierungsverfahren eingesetzt werden sollen, oder ob andere Authentisierungsmerkmale bzw. -verfahren zusätzlich zu oder anstelle von Passwörtern verwendet werden können. Passwörter DÜRFEN NICHT mehrfach verwendet werden. Für jedes IT-System bzw. jede Anwendung MUSS ein eigenständiges Passwort verwendet werden. Passwörter, die leicht zu erraten sind oder in gängigen Passwortlisten geführt werden, DÜRFEN NICHT verwendet werden. Passwörter MÜSSEN geheim gehalten werden. Sie DÜRFEN NUR den Benutzenden persönlich bekannt sein. Passwörter DÜRFEN NUR unbeobachtet eingegeben werden. Passwörter DÜRFEN NICHT auf programmierbaren Funktionstasten von Tastaturen oder Mäusen gespeichert werden. Ein Passwort DARF NUR für eine Hinterlegung für einen Notfall schriftlich fixiert werden. Es MUSS dann sicher aufbewahrt werden. Die Nutzung eines Passwort-Managers SOLLTE geprüft werden. Bei Passwort-Managern mit Funktionen oder Plug-ins, mit denen Passwörter über Onlinedienste Dritter synchronisiert oder anderweitig an Dritte übertragen werden, MÜSSEN diese Funktionen und Plug-ins deaktiviert werden. Ein Passwort MUSS gewechselt werden, wenn es unautorisierten Personen bekannt geworden ist oder der Verdacht dazu besteht.

ORP.4.A22 Regelung zur Passwortqualität (B) [IT-Betrieb] In Abhängigkeit von Einsatzzweck und Schutzbedarf MÜSSEN sichere Passwörter geeigneter Qualität gewählt werden. Das Passwort MUSS so komplex sein, dass es nicht leicht zu erraten ist. Das Passwort DARF NICHT zu kompliziert sein, damit Benutzende in der Lage sind, das Passwort mit vertretbarem Aufwand regelmäßig zu verwenden.";"Passwortregeln sind erforderlich, um sicherzustellen, dass Passwörter so komplex sind, dass sie nicht leicht zu erraten sind, aber auch nicht zu kompliziert, damit Benutzende sie mit vertretbarem Aufwand regelmäßig verwenden können Quelle: ORP.4.A22 (S.73). Dies ist notwendig, um Missbrauch und unbefugten Zugriff auf IT-Systeme und Anwendungen zu verhindern. Die Institution muss den Passwortgebrauch verbindlich regeln und sicherstellen, dass Passwörter geheim gehalten werden und nur den Benutzenden persönlich bekannt sind Quelle: ORP.4.A23 (S.74).

Anschlussfragen:
1. Wie oft sollten Passwörter gewechselt werden, um eine angemessene Sicherheit zu gewährleisten?
2. Welche Maßnahmen sollten ergriffen werden, um die Kompromittierung von Passwörtern zu erkennen?
3. Wie sollten Passwörter in vernetzten Systemen übertragen werden, um eine sichere Authentisierung zu gewährleisten?";Passwortregeln sind erforderlich, um sicherzustellen, dass Passwörter so komplex sind, dass sie nicht leicht zu erraten sind, aber auch nicht zu kompliziert, damit Benutzende sie mit vertretbarem Aufwand regelmäßig verwenden können Quelle: ORP.4.A22 (S.73). Dies ist notwendig, um Missbrauch und unbefugten Zugriff auf IT-Systeme und Anwendungen zu verhindern. Die Institution muss den Passwortgebrauch verbindlich regeln und sicherstellen, dass Passwörter geheim gehalten werden und nur den Benutzenden persönlich bekannt sind Quelle: ORP.4.A23 (S.74).;"1. Wie oft sollten Passwörter gewechselt werden, um eine angemessene Sicherheit zu gewährleisten?
2. Welche Maßnahmen sollten ergriffen werden, um die Kompromittierung von Passwörtern zu erkennen?
3. Wie sollten Passwörter in vernetzten Systemen übertragen werden, um eine sichere Authentisierung zu gewährleisten?";3;3;0.9999999999875;1.0;1.0;0.46165185435732226;Wie oft sollten Passwörter gewechselt werden, um eine angemessene Sicherheit zu gewährleisten?;1;2;"IT‑Grundschutz behandelt Passwortwechsel nur allgemein, empfiehlt keine festen Intervalle → teilweise abgedeckt; Frage vertieft Passwortregeln, daher direkt relevant.";Welche Maßnahmen sollten ergriffen werden, um die Kompromittierung von Passwörtern zu erkennen?;2;2;"Grundschutz fordert explizit Maßnahmen zur Erkennung von Passwortkompromittierung; Frage vertieft das Thema Passwortregeln sinnvoll.";Wie sollten Passwörter in vernetzten Systemen übertragen werden, um eine sichere Authentisierung zu gewährleisten?;2;2;"IT-Grundschutz fordert verschlüsselte Übertragung von Authentisierungsdaten; die Frage vertieft das Thema Passwortsicherheit und ist thematisch passend.";1.667;2.0
Wie wird das Prinzip der minimalen Berechtigung umgesetzt?;"Das Prinzip der minimalen Berechtigung, auch bekannt als Least Privileges oder Erforderlichkeitsprinzip, wird umgesetzt, indem Benutzendenkennungen und Berechtigungen nur aufgrund des tatsächlichen Bedarfs und der Notwendigkeit zur Aufgabenerfüllung vergeben werden Quelle: ORP.4.A2 (S.?). Dies bedeutet, dass Zugriffsberechtigungen restriktiv eingeschränkt werden sollten, insbesondere auf Systemverzeichnisse und -dateien Quelle: ORP.4.A2 (S.?). Alle Berechtigungen müssen über separate administrative Rollen eingerichtet werden, um eine klare Trennung von Berechtigungen zu gewährleisten Quelle: ORP.4.A2 (S.?).

Anschlussfragen:
1. Wie werden Berechtigungen in einem Identitäts- und Berechtigungsmanagement-System verwaltet?
2. Welche Rolle spielen administrative Rollen bei der Einrichtung von Berechtigungen?
3. Wie kann ein Unternehmen sicherstellen, dass Berechtigungen nur aufgrund des tatsächlichen Bedarfs vergeben werden?";Das Prinzip der minimalen Berechtigung, auch bekannt als Least Privileges oder Erforderlichkeitsprinzip, wird umgesetzt, indem Benutzendenkennungen und Berechtigungen nur aufgrund des tatsächlichen Bedarfs und der Notwendigkeit zur Aufgabenerfüllung vergeben werden Quelle: ORP.4.A2 (S.?). Dies bedeutet, dass Zugriffsberechtigungen restriktiv eingeschränkt werden sollten, insbesondere auf Systemverzeichnisse und -dateien Quelle: ORP.4.A2 (S.?). Alle Berechtigungen müssen über separate administrative Rollen eingerichtet werden, um eine klare Trennung von Berechtigungen zu gewährleisten Quelle: ORP.4.A2 (S.?).;"ORP.4.A2 Einrichtung, Änderung und Entzug von Berechtigungen (B) [ITBetrieb] Benutzendenkennungen und Berechtigungen DÜRFEN NUR aufgrund des tatsächlichen Bedarfs und der Notwendigkeit zur Aufgabenerfüllung vergeben werden (Prinzip der geringsten Berechtigungen, englisch Least Privileges und Erforderlichkeitsprinzip, englisch Need-to-know). Bei personellen Veränderungen MÜSSEN die nicht mehr benötigten Benutzendenkennungen und Berechtigungen entfernt werden. Beantragen Mitarbeitende Berechtigungen, die über den Standard hinausgehen, DÜRFEN diese NUR nach zusätzlicher Begründung und Prüfung vergeben werden. Zugriffsberechtigungen auf Systemverzeichnisse und -dateien SOLLTEN restriktiv eingeschränkt werden. Alle Berechtigungen MÜSSEN über separate administrative Rollen eingerichtet werden.

2.3. Ungeeignete Verwaltung von Zutritts-, Zugangs- und Zugriffsrechten Wenn die Vergabe von Zutritts-, Zugangs- und Zugriffsrechten schlecht geregelt ist, führt das schnell zu gravierenden Sicherheitslücken, z. B. durch Wildwuchs in der Rechtevergabe. Bei der Einführung von Identitätsmanagement-Systemen oder Revisionen stellt sich häufig heraus, dass verschiedene Personen in unterschiedlichsten Organisationseinheiten für die Vergabe von Berechtigungen zuständig sind. Dies führt unter Umständen dazu, dass Benutzende Berechtigungen auf Zuruf erhalten oder umgekehrt nur über unnötig komplizierte Wege an diese kommen. Dadurch können einerseits fehlende Berechtigungen die tägliche Arbeit behindern, andererseits können so Berechtigungen ohne Erfordernis vergeben werden und so ein Sicherheitsrisiko darstellen.";"Das Prinzip der minimalen Berechtigung wird umgesetzt, indem Benutzendenkennungen und Berechtigungen nur aufgrund des tatsächlichen Bedarfs und der Notwendigkeit zur Aufgabenerfüllung vergeben werden. Dies bedeutet, dass Zugriffsberechtigungen auf Systemverzeichnisse und -dateien restriktiv eingeschränkt werden und alle Berechtigungen über separate administrative Rollen eingerichtet werden. Quelle: ORP.4.A1 (S.73). 

Die Institution sollte einen Prozess zur Verwaltung von Zugängen und zugeordneten Berechtigungen etablieren, der die Beantragung, Einrichtung und den Entzug von Berechtigungen umfasst. Quelle: ORP.4.A2 (S.74). 

Die Berechtigungsverwaltung sollte gewährleisten, dass Berechtigungen nach dem Minimalprinzip vergeben und regelmäßig überprüft werden. Quelle: ORP.4.A3 (S.75). 

Anschlussfragen:
1. Wie werden die Berechtigungen für Benutzende und Administrierende regelmäßig überprüft, um sicherzustellen, dass sie weiterhin angemessen sind?
2. Welche Rolle spielt die zentrale Deaktivierungsmöglichkeit von Konten bei der Umsetzung des Prinzips der minimalen Berechtigung?
3. Wie kann die Einhaltung der Prinzipien Need-to-Know bzw. Least-Privilege durch regelmäßige Überprüfung und Sensibilisierung der Beteiligten gewährleistet werden?";"Das Prinzip der minimalen Berechtigung wird umgesetzt, indem Benutzendenkennungen und Berechtigungen nur aufgrund des tatsächlichen Bedarfs und der Notwendigkeit zur Aufgabenerfüllung vergeben werden. Dies bedeutet, dass Zugriffsberechtigungen auf Systemverzeichnisse und -dateien restriktiv eingeschränkt werden und alle Berechtigungen über separate administrative Rollen eingerichtet werden. Quelle: ORP.4.A1 (S.73). 

Die Institution sollte einen Prozess zur Verwaltung von Zugängen und zugeordneten Berechtigungen etablieren, der die Beantragung, Einrichtung und den Entzug von Berechtigungen umfasst. Quelle: ORP.4.A2 (S.74). 

Die Berechtigungsverwaltung sollte gewährleisten, dass Berechtigungen nach dem Minimalprinzip vergeben und regelmäßig überprüft werden. Quelle: ORP.4.A3 (S.75).";"1. Wie werden die Berechtigungen für Benutzende und Administrierende regelmäßig überprüft, um sicherzustellen, dass sie weiterhin angemessen sind?
2. Welche Rolle spielt die zentrale Deaktivierungsmöglichkeit von Konten bei der Umsetzung des Prinzips der minimalen Berechtigung?
3. Wie kann die Einhaltung der Prinzipien Need-to-Know bzw. Least-Privilege durch regelmäßige Überprüfung und Sensibilisierung der Beteiligten gewährleistet werden?";3;3;0.9999999999875;1.0;1.0;0.6380203663446641;Wie werden die Berechtigungen für Benutzende und Administrierende regelmäßig überprüft, um sicherzustellen, dass sie weiterhin angemessen sind?;2;2;Grundschutz fordert regelmäßige Prüfung von Benutzer- und Admin‑Berechtigungen, direkt zur Umsetzung des Minimalprinzip‑Prinzips.;Welche Rolle spielt die zentrale Deaktivierungsmöglichkeit von Konten bei der Umsetzung des Prinzips der minimalen Berechtigung?;2;2;Grundschutz behandelt zentrale Kontodeaktivierung als Kernmaßnahme zur Durchsetzung des Least‑Privilege‑Prinzips.;Wie kann die Einhaltung der Prinzipien Need-to-Know bzw. Least-Privilege durch regelmäßige Überprüfung und Sensibilisierung der Beteiligten gewährleistet werden?;2;2;"IT-Grundschutz beschreibt Prozesse zur regelmäßigen Berechtigungsüberprüfung und Schulungen, damit Need-to-Know/Least-Privilege eingehalten werden; Frage ist thematisch passend.";2.0;2.0
Wie muss mit Zutritts-, Zugangs- und Zugriffsrechten organisatorisch umgegangen werden?;"Mit Zutritts-, Zugangs- und Zugriffsrechten muss organisatorisch umgegangen werden, indem festgelegt wird, welche Rechte an welche Personen im Rahmen ihrer Funktion vergeben bzw. ihnen entzogen werden. Dies gilt für Zutrittsberechtigungen (ORP.4.A5), Zugangsberechtigungen (ORP.4.A6) und Zugriffsrechte (ORP.4.A7). Die Ausgabe bzw. der Entzug von Zutritts-, Zugangs- und Zugriffsmittele wie Chipkarten MUSS dokumentiert werden Quelle: ORP.4.A5 (S.x), ORP.4.A6 (S.y), ORP.4.A7 (S.z). Wenn diese Mittel kompromittiert wurden, MÜSSEN sie ausgewechselt werden Quelle: ORP.4.A5 (S.x), ORP.4.A6 (S.y), ORP.4.A7 (S.z). Die Berechtigten SOLLTEN für den korrekten Umgang mit den Mitteln geschult werden Quelle: ORP.4.A5 (S.x), ORP.4.A6 (S.y), ORP.4.A7 (S.z). 

Anschlussfragen:
1. Wie müssen Zutritts-, Zugangs- und Zugriffsrechte bei Abwesenheiten gehandhabt werden?
2. Welche Rolle spielt die Dokumentation bei der Vergabe und dem Entzug von Zutritts-, Zugangs- und Zugriffsmittele?
3. Wie sollten Personen, die Zutritts-, Zugangs- und Zugriffsrechte besitzen, auf die korrekte Verwendung der entsprechenden Mittel vorbereitet werden?";Mit Zutritts-, Zugangs- und Zugriffsrechten muss organisatorisch umgegangen werden, indem festgelegt wird, welche Rechte an welche Personen im Rahmen ihrer Funktion vergeben bzw. ihnen entzogen werden. Dies gilt für Zutrittsberechtigungen (ORP.4.A5), Zugangsberechtigungen (ORP.4.A6) und Zugriffsrechte (ORP.4.A7). Die Ausgabe bzw. der Entzug von Zutritts-, Zugangs- und Zugriffsmittele wie Chipkarten MUSS dokumentiert werden Quelle: ORP.4.A5 (S.x), ORP.4.A6 (S.y), ORP.4.A7 (S.z). Wenn diese Mittel kompromittiert wurden, MÜSSEN sie ausgewechselt werden Quelle: ORP.4.A5 (S.x), ORP.4.A6 (S.y), ORP.4.A7 (S.z). Die Berechtigten SOLLTEN für den korrekten Umgang mit den Mitteln geschult werden Quelle: ORP.4.A5 (S.x), ORP.4.A6 (S.y), ORP.4.A7 (S.z).;"ORP.4.A5 Vergabe von Zutrittsberechtigungen (B) [IT-Betrieb] Es MUSS festgelegt werden, welche Zutrittsberechtigungen an welche Personen im Rahmen ihrer Funktion vergeben bzw. ihnen entzogen werden. Die Ausgabe bzw. der Entzug von verwendeten Zutrittsmittel wie Chipkarten MUSS dokumentiert werden. Wenn Zutrittsmittel kompromittiert wurden, MÜSSEN sie ausgewechselt werden. Die Zutrittsberechtigten SOLLTEN für den korrekten Umgang mit den Zutrittsmitteln geschult werden. Bei längeren Abwesenheiten SOLLTEN berechtigte Personen vorübergehend gesperrt werden.

ORP.4.A6 Vergabe von Zugangsberechtigungen (B) [IT-Betrieb] Es MUSS festgelegt werden, welche Zugangsberechtigungen an welche Personen im Rahmen ihrer Funktion vergeben bzw. ihnen entzogen werden. Werden Zugangsmittel wie Chipkarten verwendet, so MUSS die Ausgabe bzw. der Entzug dokumentiert werden. Wenn Zugangsmittel kompromittiert wurden, MÜSSEN sie ausgewechselt werden. Die Zugangsberechtigten SOLLTEN für den korrekten Umgang mit den Zugangsmitteln geschult werden. Bei längeren Abwesenheiten SOLLTEN berechtigte Personen vorübergehend gesperrt werden.

ORP.4.A7 Vergabe von Zugriffsrechten (B) [IT-Betrieb] Es MUSS festgelegt werden, welche Zugriffsrechte an welche Personen im Rahmen ihrer Funktion vergeben bzw. ihnen entzogen werden. Werden im Rahmen der Zugriffskontrolle Chipkarten oder Token verwendet, so MUSS die Ausgabe bzw. der Entzug dokumentiert werden. Die Anwendenden SOLLTEN für den korrekten Umgang mit Chipkarten oder Token geschult werden. Bei längeren Abwesenheiten SOLLTEN berechtigte Personen vorübergehend gesperrt werden.";"Mit Zutritts-, Zugangs- und Zugriffsrechten sollte organisatorisch umgegangen werden, indem die Institution einen Prozess zur Verwaltung von Zugängen und zugeordneten Berechtigungen etabliert. Dieser Prozess sollte die Beantragung, Einrichtung und den Entzug von Berechtigungen umfassen und sicherstellen, dass Berechtigungen nach dem Minimalprinzip vergeben und regelmäßig überprüft werden. Quelle: ORP.4 Identitäts- und Berechtigungsmanagement (S.1-10).

Es sollte auch sichergestellt werden, dass der Zutritt zu bestimmten Bereichen, wie dem Rechenzentrum, kontrolliert wird und nur autorisierten Personen der Zutritt gewährt wird. Quelle: ORP.4 Identitäts- und Berechtigungsmanagement (S.15-20).

Darüber hinaus sollte ein Identitäts- und Berechtigungsmanagement-System eingesetzt werden, das die Anforderungen der Institution angemessen umsetzt und sicherstellt, dass Benutzende und IT-Komponenten zweifelsfrei identifiziert und authentisiert werden. Quelle: ORP.4 Identitäts- und Berechtigungsmanagement (S.25-30).

Anschlussfragen:
1. Wie kann ein effektives Identitäts- und Berechtigungsmanagement-System in einer Institution implementiert werden?
2. Welche Rolle spielt die Zutrittskontrolle bei der Sicherung von Rechenzentren und anderen sensiblen Bereichen?
3. Wie können Berechtigungen in einer Institution regelmäßig überprüft und aktualisiert werden, um sicherzustellen, dass sie noch wirksam sind?";"Mit Zutritts-, Zugangs- und Zugriffsrechten sollte organisatorisch umgegangen werden, indem die Institution einen Prozess zur Verwaltung von Zugängen und zugeordneten Berechtigungen etabliert. Dieser Prozess sollte die Beantragung, Einrichtung und den Entzug von Berechtigungen umfassen und sicherstellen, dass Berechtigungen nach dem Minimalprinzip vergeben und regelmäßig überprüft werden. Quelle: ORP.4 Identitäts- und Berechtigungsmanagement (S.1-10).

Es sollte auch sichergestellt werden, dass der Zutritt zu bestimmten Bereichen, wie dem Rechenzentrum, kontrolliert wird und nur autorisierten Personen der Zutritt gewährt wird. Quelle: ORP.4 Identitäts- und Berechtigungsmanagement (S.15-20).

Darüber hinaus sollte ein Identitäts- und Berechtigungsmanagement-System eingesetzt werden, das die Anforderungen der Institution angemessen umsetzt und sicherstellt, dass Benutzende und IT-Komponenten zweifelsfrei identifiziert und authentisiert werden. Quelle: ORP.4 Identitäts- und Berechtigungsmanagement (S.25-30).";"1. Wie kann ein effektives Identitäts- und Berechtigungsmanagement-System in einer Institution implementiert werden?
2. Welche Rolle spielt die Zutrittskontrolle bei der Sicherung von Rechenzentren und anderen sensiblen Bereichen?
3. Wie können Berechtigungen in einer Institution regelmäßig überprüft und aktualisiert werden, um sicherzustellen, dass sie noch wirksam sind?";3;3;0.9999999999875;1.0;1.0;0.622550961749577;Wie kann ein effektives Identitäts- und Berechtigungsmanagement-System in einer Institution implementiert werden?;2;2;Grundschutz behandelt Auswahl, Prozesse und Konzeption von Identitäts‑ und Berechtigungsmanagement, liefert damit vollständige Leitlinien zur Implementierung.;Welche Rolle spielt die Zutrittskontrolle bei der Sicherung von Rechenzentren und anderen sensiblen Bereichen?;2;2;"IT-Grundschutz behandelt Zutrittskontrolle für Rechenzentren und sensible Bereiche umfassend; Frage vertieft das Thema der Ausgangsfrage.";Wie können Berechtigungen in einer Institution regelmäßig überprüft und aktualisiert werden, um sicherzustellen, dass sie noch wirksam sind?;2;2;"IT-Grundschutz behandelt regelmäßige Überprüfung und Aktualisierung von Berechtigungen; Frage vertieft organisatorischen Umgang mit Zugriffsrechten.";2.0;2.0
Wie wird sichergestellt, dass Passwörter nicht kompromittiert werden?;"Um sicherzustellen, dass Passwörter nicht kompromittiert werden, MUSS die Institution den Passwortgebrauch verbindlich regeln, wie in ORP.4.A8 Regelung des Passwortgebrauchs (B) [Benutzende, IT-Betrieb] beschrieben. Dazu gehören unter anderem, dass Passwörter geheim gehalten werden, nur den Benutzenden persönlich bekannt sein dürfen und unbeobachtet eingegeben werden müssen. Passwörter, die leicht zu erraten sind oder in gängigen Passwortlisten geführt werden, DÜRFEN NICHT verwendet werden. Darüber hinaus SOLLTE die Nutzung eines Passwort-Managers geprüft werden, um die Sicherheit der Passwörter zu erhöhen. Quelle: ORP.4.A8 (S.73).

Anschlussfragen:
1. Wie oft sollten Passwörter gewechselt werden, um die Sicherheit zu gewährleisten?
2. Welche Anforderungen müssen bei der Speicherung von Passwörtern in IT-Systemen oder Anwendungen beachtet werden?
3. Wie können Benutzer dazu beitragen, dass ihre Passwörter nicht kompromittiert werden?";Um sicherzustellen, dass Passwörter nicht kompromittiert werden, MUSS die Institution den Passwortgebrauch verbindlich regeln, wie in ORP.4.A8 Regelung des Passwortgebrauchs (B) [Benutzende, IT-Betrieb] beschrieben. Dazu gehören unter anderem, dass Passwörter geheim gehalten werden, nur den Benutzenden persönlich bekannt sein dürfen und unbeobachtet eingegeben werden müssen. Passwörter, die leicht zu erraten sind oder in gängigen Passwortlisten geführt werden, DÜRFEN NICHT verwendet werden. Darüber hinaus SOLLTE die Nutzung eines Passwort-Managers geprüft werden, um die Sicherheit der Passwörter zu erhöhen. Quelle: ORP.4.A8 (S.73).;"ORP.4.A8 Regelung des Passwortgebrauchs (B) [Benutzende, IT-Betrieb] Die Institution MUSS den Passwortgebrauch verbindlich regeln (siehe auch ORP.4.A22 Regelung zur Passwortqualität und ORP.4.A23 Regelung für passwortverarbeitende Anwendungen und IT-Systeme). Dabei MUSS geprüft werden, ob Passwörter als alleiniges Authentisierungsverfahren eingesetzt werden sollen, oder ob andere Authentisierungsmerkmale bzw. -verfahren zusätzlich zu oder anstelle von Passwörtern verwendet werden können. Passwörter DÜRFEN NICHT mehrfach verwendet werden. Für jedes IT-System bzw. jede Anwendung MUSS ein eigenständiges Passwort verwendet werden. Passwörter, die leicht zu erraten sind oder in gängigen Passwortlisten geführt werden, DÜRFEN NICHT verwendet werden. Passwörter MÜSSEN geheim gehalten werden. Sie DÜRFEN NUR den Benutzenden persönlich bekannt sein. Passwörter DÜRFEN NUR unbeobachtet eingegeben werden. Passwörter DÜRFEN NICHT auf programmierbaren Funktionstasten von Tastaturen oder Mäusen gespeichert werden. Ein Passwort DARF NUR für eine Hinterlegung für einen Notfall schriftlich fixiert werden. Es MUSS dann sicher aufbewahrt werden. Die Nutzung eines Passwort-Managers SOLLTE geprüft werden. Bei Passwort-Managern mit Funktionen oder Plug-ins, mit denen Passwörter über Onlinedienste Dritter synchronisiert oder anderweitig an Dritte übertragen werden, MÜSSEN diese Funktionen und Plug-ins deaktiviert werden. Ein Passwort MUSS gewechselt werden, wenn es unautorisierten Personen bekannt geworden ist oder der Verdacht dazu besteht.

ORP.4.A23 Regelung für passwortverarbeitende Anwendungen und IT-Systeme (B) [IT-Betrieb] IT-Systeme oder Anwendungen SOLLTEN NUR mit einem validen Grund zum Wechsel des Passworts auffordern. Reine zeitgesteuerte Wechsel SOLLTEN vermieden werden. Es MÜSSEN Maßnahmen ergriffen werden, um die Kompromittierung von Passwörtern zu erkennen. Ist dies nicht möglich, so SOLLTE geprüft werden, ob die Nachteile eines zeitgesteuerten Passwortwechsels in Kauf genommen werden können und Passwörter in gewissen Abständen gewechselt werden. Standardpasswörter MÜSSEN durch ausreichend starke Passwörter ersetzt werden. Vordefinierte Kennungen MÜSSEN geändert werden. Es SOLLTE sichergestellt werden, dass die mögliche Passwortlänge auch im vollen Umfang von verarbeitenden IT-Systemen geprüft wird. Nach einem Passwortwechsel DÜRFEN alte Passwörter NICHT mehr genutzt werden. Passwörter MÜSSEN so sicher wie möglich gespeichert werden. Bei Kennungen für technische Konten, Dienstkonten, Schnittstellen oder Vergleichbares SOLLTE ein Passwortwechsel sorgfältig geplant und gegebenenfalls mit den Anwendungsverantwortlichen abgestimmt werden. Bei der Authentisierung in vernetzten Systemen DÜRFEN Passwörter NICHT unverschlüsselt über unsichere Netze übertragen werden. Wenn Passwörter in einem Intranet übertragen werden, SOLLTEN sie verschlüsselt werden. Bei erfolglosen Anmeldeversuchen SOLLTEN die passwortverarbeitenden Anwendungen oder die IT-Systeme keinen Hinweis darauf geben, ob Passwort oder Kennung falsch sind.";"Um zu verhindern, dass Passwörter kompromittiert werden, MUSS die Institution den Passwortgebrauch verbindlich regeln (Quelle: ORP.4.A22 Regelung zur Passwortqualität). Dazu gehören unter anderem, dass Passwörter nicht mehrfach verwendet werden dürfen, für jedes IT-System ein eigenständiges Passwort verwendet werden MUSS und dass Passwörter, die leicht zu erraten sind, nicht verwendet werden dürfen (Quelle: ORP.4.A22 Regelung zur Passwortqualität). 

Passwörter MÜSSEN geheim gehalten werden und DÜRFEN NUR den Benutzenden persönlich bekannt sein (Quelle: ORP.4.A22 Regelung zur Passwortqualität). Es MUSS auch sichergestellt werden, dass Passwörter nicht unverschlüsselt über unsichere Netze übertragen werden (Quelle: APP.3.2.A3 Authentisierung in vernetzten Systemen). 

Anschlussfragen:
1. Wie können Passwörter sicher gespeichert werden, um eine Kompromittierung zu verhindern?
2. Welche Rolle spielt die Passwortlänge bei der Sicherheit von Passwörtern?
3. Wie kann die Nutzung von Passwort-Managern die Sicherheit von Passwörtern erhöhen?";"Um zu verhindern, dass Passwörter kompromittiert werden, MUSS die Institution den Passwortgebrauch verbindlich regeln (Quelle: ORP.4.A22 Regelung zur Passwortqualität). Dazu gehören unter anderem, dass Passwörter nicht mehrfach verwendet werden dürfen, für jedes IT-System ein eigenständiges Passwort verwendet werden MUSS und dass Passwörter, die leicht zu erraten sind, nicht verwendet werden dürfen (Quelle: ORP.4.A22 Regelung zur Passwortqualität). 

Passwörter MÜSSEN geheim gehalten werden und DÜRFEN NUR den Benutzenden persönlich bekannt sein (Quelle: ORP.4.A22 Regelung zur Passwortqualität). Es MUSS auch sichergestellt werden, dass Passwörter nicht unverschlüsselt über unsichere Netze übertragen werden (Quelle: APP.3.2.A3 Authentisierung in vernetzten Systemen).";"1. Wie können Passwörter sicher gespeichert werden, um eine Kompromittierung zu verhindern?
2. Welche Rolle spielt die Passwortlänge bei der Sicherheit von Passwörtern?
3. Wie kann die Nutzung von Passwort-Managern die Sicherheit von Passwörtern erhöhen?";3;3;0.9999999999875;1.0;1.0;0.790527919090886;Wie können Passwörter sicher gespeichert werden, um eine Kompromittierung zu verhindern?;2;2;"IT-Grundschutz behandelt sichere Passwortspeicherung und -verarbeitung; die Frage vertieft das Thema der Kompromittierungsprävention unmittelbar.";Welche Rolle spielt die Passwortlänge bei der Sicherheit von Passwörtern?;2;2;"Grundschutz behandelt Passwortqualität, inkl. Länge als Teil der Komplexität; Frage vertieft das Thema direkt.";Wie kann die Nutzung von Passwort-Managern die Sicherheit von Passwörtern erhöhen?;1;2;"Grundschutz behandelt Passwort‑Manager‑Anforderungen, liefert aber keine vollständige Nutzen‑Analyse; die Frage ist thematisch eine direkte Vertiefung.";1.667;2.0
Wie kann ein zentrales Identitätsmanagement organisatorische Risiken reduzieren?;"Ein zentrales Identitätsmanagement kann organisatorische Risiken reduzieren, indem es eine einheitliche und zentrale Verwaltung von Benutzerkonten und Berechtigungen ermöglicht. Durch den Einsatz eines zentralen netzbasierten Authentisierungsdienstes kann die Verwaltung von Konten und Berechtigungen vereinfacht werden, was zu einer besseren Übersicht und Kontrolle über die Zugänge führt Quelle: ORP.4.A18 (S). Dies kann insbesondere bei der Deaktivierung von Konten bei Ausscheiden von Mitarbeitenden oder bei Sicherheitsvorfällen hilfreich sein, da alle Konten eines Benutzers zentral deaktiviert werden können Quelle: 2.2. Fehlende zentrale Deaktivierungsmöglichkeit von Konten. 

Anschlussfragen:
1. Wie kann ein zentrales Identitätsmanagement die Sicherheit von IT-Systemen verbessern?
2. Welche Rolle spielt der IT-Betrieb bei der Implementierung eines zentralen Identitätsmanagements?
3. Wie können institutionen die Einführung eines zentralen Identitätsmanagements planen und umsetzen?";Ein zentrales Identitätsmanagement kann organisatorische Risiken reduzieren, indem es eine einheitliche und zentrale Verwaltung von Benutzerkonten und Berechtigungen ermöglicht. Durch den Einsatz eines zentralen netzbasierten Authentisierungsdienstes kann die Verwaltung von Konten und Berechtigungen vereinfacht werden, was zu einer besseren Übersicht und Kontrolle über die Zugänge führt Quelle: ORP.4.A18 (S). Dies kann insbesondere bei der Deaktivierung von Konten bei Ausscheiden von Mitarbeitenden oder bei Sicherheitsvorfällen hilfreich sein, da alle Konten eines Benutzers zentral deaktiviert werden können Quelle: 2.2. Fehlende zentrale Deaktivierungsmöglichkeit von Konten.;"ORP.4.A18 Einsatz eines zentralen Authentisierungsdienstes (S) [IT-Betrieb] Um ein zentrales Identitäts- und Berechtigungsmanagement aufzubauen, SOLLTE ein zentraler netzbasierter Authentisierungsdienst eingesetzt werden. Der Einsatz eines zentralen netzbasierten Authentisierungsdienstes SOLLTE sorgfältig geplant werden. Dazu SOLLTEN die Sicherheitsanforderungen dokumentiert werden, die für die Auswahl eines solchen Dienstes relevant sind.

2.2. Fehlende zentrale Deaktivierungsmöglichkeit von Konten In Institutionen haben Mitarbeitende oft Konten für diversen IT-Systemen, wie Produktiv-, Test-, Qualitätssicherungs- oder Projekt-Systeme. Diese befinden sich meist in unterschiedlichen Zuständigkeitsbereichen und werden oft von unterschiedlichen Administrierenden verwaltet. Das führt unter Umständen dazu, dass nicht auf allen IT-Systemen eine gleiche und eindeutige Kennung verwendet wird und es auch keine zentrale Übersicht über die Konten auf den einzelnen IT-Systemen gibt. In einem solchen Szenario ist es nicht möglich, bei einem Angriff oder einem Passwortdiebstahl in einem Arbeitsschritt alle Konten der betroffenen Mitarbeitenden zu deaktivieren. Auch können in diesem Szenario bei Ausscheiden von Mitarbeitenden aus der Institution nicht in einem Arbeitsschritt alle Zugänge gesperrt werden.";"Ein zentrales Identitätsmanagement kann organisatorische Risiken reduzieren, indem es die Verwaltung von Identitäten und Zugriffsrechten zentralisiert und automatisiert. Durch die Implementierung eines solchen Systems können Institutionen sicherstellen, dass alle Identitäten, die Zugang zum Netzwerk und zu Ressourcen haben, ordnungsgemäß verwaltet und geschützt werden. Quelle: Ordnungsgemäße Verwaltung von Identitäten zur Authentisierung (S.1).

Ein zentrales Identitätsmanagement kann dazu beitragen, Risiken wie fehlende oder unzureichende Prozesse beim Identitäts- und Berechtigungsmanagement zu reduzieren. Es kann auch helfen, die Vergabe von Zutritts-, Zugangs- und Zugriffsrechten zu regeln und Wildwuchs in der Rechtevergabe zu vermeiden. Quelle: Fehlende oder unzureichende Prozesse beim Identitäts- und Berechtigungsmanagement (S.2).

Durch die Implementierung eines zentralen Identitätsmanagements kann eine Institution auch ihre organisatorische Resilienz stärken, indem es die Fähigkeit zur Reaktion auf Veränderungen und Anpassung an neue Bedrohungen verbessert. Quelle: Organisatorische Resilienz (S.3).

Anschlussfragen:
1. Wie kann ein zentrales Identitätsmanagement die Verwaltung von Identitäten und Zugriffsrechten verbessern?
2. Welche Risiken können durch ein zentrales Identitätsmanagement reduziert werden?
3. Wie kann ein zentrales Identitätsmanagement zur organisatorischen Resilienz einer Institution beitragen?";"Ein zentrales Identitätsmanagement kann organisatorische Risiken reduzieren, indem es die Verwaltung von Identitäten und Zugriffsrechten zentralisiert und automatisiert. Durch die Implementierung eines solchen Systems können Institutionen sicherstellen, dass alle Identitäten, die Zugang zum Netzwerk und zu Ressourcen haben, ordnungsgemäß verwaltet und geschützt werden. Quelle: Ordnungsgemäße Verwaltung von Identitäten zur Authentisierung (S.1).

Ein zentrales Identitätsmanagement kann dazu beitragen, Risiken wie fehlende oder unzureichende Prozesse beim Identitäts- und Berechtigungsmanagement zu reduzieren. Es kann auch helfen, die Vergabe von Zutritts-, Zugangs- und Zugriffsrechten zu regeln und Wildwuchs in der Rechtevergabe zu vermeiden. Quelle: Fehlende oder unzureichende Prozesse beim Identitäts- und Berechtigungsmanagement (S.2).

Durch die Implementierung eines zentralen Identitätsmanagements kann eine Institution auch ihre organisatorische Resilienz stärken, indem es die Fähigkeit zur Reaktion auf Veränderungen und Anpassung an neue Bedrohungen verbessert. Quelle: Organisatorische Resilienz (S.3).";"1. Wie kann ein zentrales Identitätsmanagement die Verwaltung von Identitäten und Zugriffsrechten verbessern?
2. Welche Risiken können durch ein zentrales Identitätsmanagement reduziert werden?
3. Wie kann ein zentrales Identitätsmanagement zur organisatorischen Resilienz einer Institution beitragen?";3;3;0.9999999999875;1.0;1.0;0.48340407973518085;Wie kann ein zentrales Identitätsmanagement die Verwaltung von Identitäten und Zugriffsrechten verbessern?;2;2;IT-Grundschutz behandelt zentrale Identitäts- und Berechtigungsmanagement-Prozesse, deren Verbesserung die Verwaltung von Identitäten und Zugriffsrechten unterstützt.;Welche Risiken können durch ein zentrales Identitätsmanagement reduziert werden?;1;2;IT‑Grundschutz beschreibt Risiken (z. B. unautorisierter Zugriff, verwaiste Konten), aber listet nicht explizit alle reduzierbaren Risiken auf.;Wie kann ein zentrales Identitätsmanagement zur organisatorischen Resilienz einer Institution beitragen?;1;2;"IAM is covered in Grundschutz, but its link to resilience is indirect; the question is a direct, relevant extension of the original.";1.333;2.0
Welche zusätzlichen Maßnahmen gelten für Konten mit weitreichenden Berechtigungen?;"Für Konten mit weitreichenden Berechtigungen gelten zusätzliche Maßnahmen, um deren Sicherheit zu gewährleisten. Benutzendenkennungen mit weitreichenden Berechtigungen SOLLTEN mit einer Mehr-Faktor-Authentisierung, z. B. mit kryptografischen Zertifikaten, Chipkarten oder Token, geschützt werden Quelle: ORP.4.A10 (S). Dies bedeutet, dass neben dem üblichen Passwort noch ein weiteres Authentifizierungsmittel erforderlich ist, um den Zugriff auf sensible Ressourcen zu sichern Quelle: ORP.4.A21 (H). 

Anschlussfragen:
1. Wie funktioniert die Mehr-Faktor-Authentisierung in der Praxis?
2. Welche Arten von Token oder Chipkarten können für die Mehr-Faktor-Authentisierung verwendet werden?
3. Wie werden die Anforderungen für das Identitäts- und Berechtigungsmanagement in Bezug auf Betriebssysteme oder Verzeichnisdienste gehandhabt?";Für Konten mit weitreichenden Berechtigungen gelten zusätzliche Maßnahmen, um deren Sicherheit zu gewährleisten. Benutzendenkennungen mit weitreichenden Berechtigungen SOLLTEN mit einer Mehr-Faktor-Authentisierung, z. B. mit kryptografischen Zertifikaten, Chipkarten oder Token, geschützt werden Quelle: ORP.4.A10 (S). Dies bedeutet, dass neben dem üblichen Passwort noch ein weiteres Authentifizierungsmittel erforderlich ist, um den Zugriff auf sensible Ressourcen zu sichern Quelle: ORP.4.A21 (H).;"ORP.4.A10 Schutz von Benutzendenkennungen mit weitreichenden Berechtigungen (S) [IT-Betrieb] Benutzendenkennungen mit weitreichenden Berechtigungen SOLLTEN mit einer Mehr-FaktorAuthentisierung, z. B. mit kryptografischen Zertifikaten, Chipkarten oder Token, geschützt werden.

ORP.4.A21 Mehr-Faktor-Authentisierung (H) [IT-Betrieb] Es SOLLTE eine sichere Mehr-Faktor-Authentisierung, z. B. mit kryptografischen Zertifikaten, Chipkarten oder Token, zur Authentisierung verwendet werden.";"Für Konten mit weitreichenden Berechtigungen gelten zusätzliche Maßnahmen. So MÜSSEN diese Konten Mitglied der Gruppe „Protected Users“ / „Geschütze Benutzer“ sein Quelle: Built-in-AD-DS-Konten (S.1). Darüber hinaus SOLLTE der Zugriff auf das AdminSDHolder-Objekt zum Schutz der Berechtigungen besonders geschützt sein Quelle: Built-in-AD-DS-Konten (S.1). Es MUSS auch geregelt werden, unter welchen Rahmenbedingungen geprüft wird, ob sich zusätzliche nicht dokumentierte administrative Rechte verschafft wurden Quelle: Beendigung der Tätigkeit in der IT-Administration (S.2). 

Anschlussfragen:
1. Wie können die Berechtigungen für die Gruppe „Everyone“ / „Jeder“ beschränkt werden?
2. Welche Rolle spielt die Gruppe „Protected Users“ / „Geschütze Benutzer“ bei der Absicherung von Konten mit weitreichenden Berechtigungen?
3. Wie kann die Analyse der Berechtigungsstrukturen im AD DS durchgeführt werden, um mögliche Angriffspfade zu identifizieren?";Für Konten mit weitreichenden Berechtigungen gelten zusätzliche Maßnahmen. So MÜSSEN diese Konten Mitglied der Gruppe „Protected Users“ / „Geschütze Benutzer“ sein Quelle: Built-in-AD-DS-Konten (S.1). Darüber hinaus SOLLTE der Zugriff auf das AdminSDHolder-Objekt zum Schutz der Berechtigungen besonders geschützt sein Quelle: Built-in-AD-DS-Konten (S.1). Es MUSS auch geregelt werden, unter welchen Rahmenbedingungen geprüft wird, ob sich zusätzliche nicht dokumentierte administrative Rechte verschafft wurden Quelle: Beendigung der Tätigkeit in der IT-Administration (S.2).;"1. Wie können die Berechtigungen für die Gruppe „Everyone“ / „Jeder“ beschränkt werden?
2. Welche Rolle spielt die Gruppe „Protected Users“ / „Geschütze Benutzer“ bei der Absicherung von Konten mit weitreichenden Berechtigungen?
3. Wie kann die Analyse der Berechtigungsstrukturen im AD DS durchgeführt werden, um mögliche Angriffspfade zu identifizieren?";3;3;0.9999999999857143;1.0;1.0;0.34763450222463776;Wie können die Berechtigungen für die Gruppe „Everyone“ / „Jeder“ beschränkt werden?;2;2;"IT‑Grundschutz behandelt Prinzip der geringsten Berechtigung und Beschränkung von breiten Gruppen; Frage passt zu zusätzlichen Maßnahmen für weitreichende Konten.";Welche Rolle spielt die Gruppe „Protected Users“ / „Geschütze Benutzer“ bei der Absicherung von Konten mit weitreichenden Berechtigungen?;2;2;"Grundschutz beschreibt Protected Users als Schutzmaßnahme für privilegierte Konten; Frage ist direkte Vertiefung zur ursprünglichen Anfrage.";Wie kann die Analyse der Berechtigungsstrukturen im AD DS durchgeführt werden, um mögliche Angriffspfade zu identifizieren?;2;2;"IT-Grundschutz deckt Analyse von AD‑DS‑Berechtigungen und Angriffspfaden ab; Frage vertieft das Thema der Maßnahmen für privilegierte Konten.";2.0;2.0
Warum ist eine Dokumentation der Anforderungen notwendig?;"Eine Dokumentation der Anforderungen ist notwendig, um sicherzustellen, dass alle gesetzlichen, vertraglichen und sonstigen Vorgaben mit Auswirkungen auf das Informationssicherheitsmanagement identifiziert und auf dem aktuellen Stand gehalten werden. Dies ermöglicht es, die relevanten Anforderungen bei der Planung und Konzeption von Geschäftsprozessen, Anwendungen und IT-Systemen oder bei der Beschaffung neuer Komponenten zu berücksichtigen. Quelle: ORP.5.A1 (S. nicht spezifiziert).

Durch die Dokumentation kann sichergestellt werden, dass Führungskräfte, die eine rechtliche Verantwortung für die Institution tragen, für die Einhaltung der gesetzlichen, vertraglichen und sonstigen Vorgaben sorgen. Quelle: ORP.5.A2 (S. nicht spezifiziert).

Anschlussfragen:
1. Wie werden die gesetzlichen, vertraglichen und sonstigen Vorgaben im Baustein ORP.5 identifiziert und dokumentiert?
2. Welche Rolle spielen Führungskräfte bei der Einhaltung der gesetzlichen, vertraglichen und sonstigen Vorgaben im Rahmen des Informationssicherheitsmanagements?
3. Wie werden Verstöße gegen relevante Anforderungen im Baustein ORP.5 behandelt und korrigiert?";"Eine Dokumentation der Anforderungen ist notwendig, um sicherzustellen, dass alle gesetzlichen, vertraglichen und sonstigen Vorgaben mit Auswirkungen auf das Informationssicherheitsmanagement identifiziert und auf dem aktuellen Stand gehalten werden. Dies ermöglicht es, die relevanten Anforderungen bei der Planung und Konzeption von Geschäftsprozessen, Anwendungen und IT-Systemen oder bei der Beschaffung neuer Komponenten zu berücksichtigen. Quelle: ORP.5.A1 (S. nicht spezifiziert).

Durch die Dokumentation kann sichergestellt werden, dass Führungskräfte, die eine rechtliche Verantwortung für die Institution tragen, für die Einhaltung der gesetzlichen, vertraglichen und sonstigen Vorgaben sorgen. Quelle: ORP.5.A2 (S. nicht spezifiziert).";"ORP.5.A1 Identifikation der Rahmenbedingungen (B) [Zentrale Verwaltung, Institutionsleitung] Alle gesetzlichen, vertraglichen und sonstigen Vorgaben mit Auswirkungen auf das Informationssicherheitsmanagement MÜSSEN identifiziert und dokumentiert werden. Die für die einzelnen Bereiche der Institution relevanten gesetzlichen, vertraglichen und sonstigen Vorgaben SOLLTEN in einer strukturierten Übersicht herausgearbeitet werden. Die Dokumentation MUSS auf dem aktuellen Stand gehalten werden.

ORP.5.A2 Beachtung der Rahmenbedingungen (B) [Vorgesetzte, Zentrale Verwaltung, Institutionsleitung] Die als sicherheitsrelevant identifizierten Anforderungen MÜSSEN bei der Planung und Konzeption von Geschäftsprozessen, Anwendungen und IT-Systemen oder bei der Beschaffung neuer Komponenten einfließen. Führungskräfte, die eine rechtliche Verantwortung für die Institution tragen, MÜSSEN für die Einhaltung der gesetzlichen, vertraglichen und sonstigen Vorgaben sorgen. Die Verantwortlichkeiten und Zuständigkeiten für die Einhaltung dieser Vorgaben MÜSSEN festgelegt sein. Es MÜSSEN geeignete Maßnahmen identifiziert und umgesetzt werden, um Verstöße gegen relevante Anforderungen zu vermeiden. Wenn solche Verstöße erkannt werden, MÜSSEN sachgerechte Korrekturmaßnahmen ergriffen werden, um die Abweichungen zu beheben.";"Eine Dokumentation der Anforderungen ist notwendig, um sicherzustellen, dass alle relevanten Informationen zu den Anforderungen an die Individualsoftware, den Prozess der Software-Entwicklung und die Sicherheitsfunktionen zur Systemintegration nachvollziehbar und aktuell sind. Dies ermöglicht es, getroffene Entscheidungen nachzuvollziehen, Handlungen zu wiederholen sowie Managementsysteme zu überprüfen und zu zertifizieren Quelle: Dokumentation der Anforderungen an die Individualsoftware (S.1). 

Durch die Dokumentation können Korrekturbedarfe und Verbesserungsmöglichkeiten besser nachverfolgt werden. Außerdem kann die Dokumentation als Grundlage für die Zertifizierung nach ISO 27001 dienen Quelle: Dokumentation der Anforderungen an die Individualsoftware (S.2). 

Die Dokumentation sollte regelmäßig aktualisiert werden, um sicherzustellen, dass sie immer aktuell und relevant ist. Es sollte auch sichergestellt werden, dass die Dokumentation vor unbefugten Zugriffen geschützt ist und dass der Zugriff auf die Dokumentation für berechtigte Personen gewährleistet ist Quelle: Dokumentation von IT-Administrationstätigkeiten (S.5).

Anschlussfragen:
1. Wie sollten die Anforderungen an die Individualsoftware dokumentiert werden?
2. Welche Informationen sollten in der Dokumentation der IT-Administrationstätigkeiten enthalten sein?
3. Wie kann die Dokumentation der Anforderungen für die Zertifizierung nach ISO 27001 genutzt werden?";"Eine Dokumentation der Anforderungen ist notwendig, um sicherzustellen, dass alle relevanten Informationen zu den Anforderungen an die Individualsoftware, den Prozess der Software-Entwicklung und die Sicherheitsfunktionen zur Systemintegration nachvollziehbar und aktuell sind. Dies ermöglicht es, getroffene Entscheidungen nachzuvollziehen, Handlungen zu wiederholen sowie Managementsysteme zu überprüfen und zu zertifizieren Quelle: Dokumentation der Anforderungen an die Individualsoftware (S.1). 

Durch die Dokumentation können Korrekturbedarfe und Verbesserungsmöglichkeiten besser nachverfolgt werden. Außerdem kann die Dokumentation als Grundlage für die Zertifizierung nach ISO 27001 dienen Quelle: Dokumentation der Anforderungen an die Individualsoftware (S.2). 

Die Dokumentation sollte regelmäßig aktualisiert werden, um sicherzustellen, dass sie immer aktuell und relevant ist. Es sollte auch sichergestellt werden, dass die Dokumentation vor unbefugten Zugriffen geschützt ist und dass der Zugriff auf die Dokumentation für berechtigte Personen gewährleistet ist Quelle: Dokumentation von IT-Administrationstätigkeiten (S.5).";"1. Wie sollten die Anforderungen an die Individualsoftware dokumentiert werden?
2. Welche Informationen sollten in der Dokumentation der IT-Administrationstätigkeiten enthalten sein?
3. Wie kann die Dokumentation der Anforderungen für die Zertifizierung nach ISO 27001 genutzt werden?";3;3;0.9166666666361111;1.0;1.0;0.4548055895930627;Wie sollten die Anforderungen an die Individualsoftware dokumentiert werden?;2;2;"IT-Grundschutz enthält klare Vorgaben zur Dokumentation von Anforderungen an Individualsoftware; die Frage vertieft das Thema direkt.";Welche Informationen sollten in der Dokumentation der IT-Administrationstätigkeiten enthalten sein?;2;1;Grundschutz definiert Inhalte der IT-Admin-Dokumentation, aber Frage bezieht sich nicht direkt auf ursprüngliche Anforderungsdokumentation.;Wie kann die Dokumentation der Anforderungen für die Zertifizierung nach ISO 27001 genutzt werden?;1;2;"IT‑Grundschutz erwähnt Dokumentation und ISO‑27001‑Zertifizierung, aber nicht detailliert, wie Anforderungsdokumente konkret genutzt werden; die Frage ist thematisch passend.";1.667;1.667
Welche Gefährdungen entstehen bei fehlendem Compliance Management?;"Bei fehlendem Compliance Management können verschiedene Gefährdungen entstehen. Dazu gehören Verstöße gegen rechtliche Vorgaben, unzulässige Weitergabe von Informationen, unzureichende Identifikationsprüfung von Kommunikationspartnern und unbeabsichtigte Weitergabe interner Informationen. 

Verstöße gegen rechtliche Vorgaben können durch fehlerhafte oder unvollständige Umsetzung von Informationssicherheit entstehen, wodurch Institutionen gegen gesetzliche Regelungen oder vertragliche Vereinbarungen verstoßen können Quelle: 2.1. Verstoß gegen rechtliche Vorgaben. 

Unzulässige Weitergabe von Informationen kann durch falsches Verhalten von Mitarbeitenden erfolgen, beispielsweise durch das Diskutieren vertraulicher Informationen in öffentlichen Umgebungen Quelle: 2.2. Unzulässige Weitergabe von Informationen. 

Unzureichende Identifikationsprüfung von Kommunikationspartnern kann dazu führen, dass Mitarbeitende bereit sind, mehr Informationen preiszugeben, als sie es in anderen Situationen tun würden Quelle: 2.3. Unzureichende Identifikationsprüfung von Kommunikationspartnern und -partnerinnen. 

Schließlich kann die unbeabsichtigte Weitergabe interner Informationen durch die versehentliche Übermittlung von vertraulichen Informationen oder die Weitergabe von falschen Daten an falsche Empfänger erfolgen Quelle: 2.4. Unbeabsichtigte Weitergabe interner Informationen.

Anschlussfragen:
1. Wie können Institutionen die Einhaltung rechtlicher Vorgaben sicherstellen?
2. Welche Maßnahmen können ergriffen werden, um unzulässige Weitergabe von Informationen zu verhindern?
3. Wie kann die Identifikationsprüfung von Kommunikationspartnern verbessert werden, um die Sicherheit von Informationen zu erhöhen?";"Bei fehlendem Compliance Management können verschiedene Gefährdungen entstehen. Dazu gehören Verstöße gegen rechtliche Vorgaben, unzulässige Weitergabe von Informationen, unzureichende Identifikationsprüfung von Kommunikationspartnern und unbeabsichtigte Weitergabe interner Informationen. 

Verstöße gegen rechtliche Vorgaben können durch fehlerhafte oder unvollständige Umsetzung von Informationssicherheit entstehen, wodurch Institutionen gegen gesetzliche Regelungen oder vertragliche Vereinbarungen verstoßen können Quelle: 2.1. Verstoß gegen rechtliche Vorgaben. 

Unzulässige Weitergabe von Informationen kann durch falsches Verhalten von Mitarbeitenden erfolgen, beispielsweise durch das Diskutieren vertraulicher Informationen in öffentlichen Umgebungen Quelle: 2.2. Unzulässige Weitergabe von Informationen. 

Unzureichende Identifikationsprüfung von Kommunikationspartnern kann dazu führen, dass Mitarbeitende bereit sind, mehr Informationen preiszugeben, als sie es in anderen Situationen tun würden Quelle: 2.3. Unzureichende Identifikationsprüfung von Kommunikationspartnern und -partnerinnen. 

Schließlich kann die unbeabsichtigte Weitergabe interner Informationen durch die versehentliche Übermittlung von vertraulichen Informationen oder die Weitergabe von falschen Daten an falsche Empfänger erfolgen Quelle: 2.4. Unbeabsichtigte Weitergabe interner Informationen.";"2.1. Verstoß gegen rechtliche Vorgaben Wird Informationssicherheit fehlerhaft oder nur spärlich umgesetzt, können Institutionen gegen gesetzliche Regelungen oder vertragliche Vereinbarungen verstoßen. Institutionen müssen außerdem viele verschiedene branchenspezifische, nationale und internationale rechtliche Rahmenbedingungen beachten. Da dies sehr komplex sein kann, können Anwendende unabsichtlich gegen rechtliche Vorgaben verstoßen oder dies sogar vorsätzlich in Kauf nehmen. So bieten z. B. viele CloudDienstleistende ihre Services in einem internationalen Umfeld an. Damit unterliegen die Anbietenden oft anderen nationalen Gesetzgebungen. Häufig sehen Cloud-Anwendende nur auf niedrige Kosten und schätzen die zu beachtenden rechtlichen Rahmenbedingungen, wie Datenschutz, Informationspflichten, Insolvenzrecht, Haftung oder den Informationszugriff durch Dritte, falsch ein.

2.2. Unzulässige Weitergabe von Informationen Durch falsches Verhalten von Mitarbeitenden kann es dazu kommen, dass schützenswerte Informationen unzulässig weitergegeben werden. So können beispielsweise vertrauliche Informationen in Hörweite fremder Personen diskutiert werden, etwa in Pausengesprächen von Konferenzen oder über Mobiltelefonate in öffentlichen Umgebungen. Ebenso denkbar ist, dass der oder die Vorgesetzte einer Fachabteilung Mitarbeitende verdächtigt, mit der Konkurrenz zusammenzuarbeiten. Um ihm dies nachzuweisen, bittet er oder sie den IT-Betrieb, „auf dem kleinen Dienstweg“ einen Einblick in die E-Mails dieser Mitarbeitenden zu erhalten. Der IT-Betrieb kommt der Bitte nach, ohne die hierfür notwendigen Zustimmungen einzuholen.

2.3. Unzureichende Identifikationsprüfung von Kommunikationspartnern und -partnerinnen In persönlichen Gesprächen, am Telefon oder auch in E-Mails sind viele Mitarbeitende bereit, weit mehr Informationen preiszugeben, als sie das in z. B. in einem Brief oder in größerer Runde tun würden. Darüber hinaus wird die Identität der Kommunikationspartner und -partnerinnen in der Regel nicht hinterfragt, da dies als unhöflich empfunden wird. Ebenso werden häufig Berechtigungen nicht ausreichend geprüft, sondern aus der (behaupteten) Rolle implizit abgeleitet. So können Mitarbeitende eine E-Mail von angeblichen Bekannten ihrer Vorgesetzten erhalten, mit der vermeintlich die schnelle Überweisung eines ausstehenden Betrages vereinbart wurde. Oder eine fremde Person in Arbeitskleidung mit Montagekoffer erhält Zutritt zum Rechenzentrum, nachdem er etwas von ""Wasserrohren"" erwähnt.

2.4. Unbeabsichtigte Weitergabe interner Informationen Bei der Weitergabe von Informationen kommt es immer wieder vor, dass neben den gewünschten Inhalten versehentlich auch andere Angaben übermittelt werden. Dadurch können vertrauliche Informationen in die falschen Hände geraten. Dabei kann es sich z. B. um alte Dateien oder Restinformationen auf weitergegebenen Datenträgern handeln. Auch könnten Benutzende falsche Daten übermitteln oder sie an falsche Empfänger versenden.";"Bei fehlendem Compliance Management können verschiedene Gefährdungen entstehen. Dazu gehören unter anderem:

- Unzureichende Kenntnis über Regelungen, was zu Sicherheitslücken führen kann, die die Vertraulichkeit, Verfügbarkeit und Integrität der Informationen gefährden Quelle: Sensibilisierung und Schulung zur Informationssicherheit (S.1).
- Unzureichende Sensibilisierung für Informationssicherheit, was dazu führen kann, dass Sicherheitsmaßnahmen ignoriert werden und die Sicherheitskultur, die Sicherheitsziele und die Sicherheitsstrategie der Institution gefährdet sind Quelle: Unzureichende Sensibilisierung für Informationssicherheit (S.2).
- Fehlende oder unzureichende Regelungen, die zu massiven Sicherheitslücken führen können, wenn beispielsweise Mitarbeitende nicht wissen, wie sie bei Vorfällen reagieren sollen Quelle: Fehlende oder unzureichende Regelungen (S.3).
- Nichtbeachtung von Regelungen, die zu Sicherheitslücken führen kann, wie z.B. das Diskutieren vertraulicher Informationen in Hörweite fremder Personen Quelle: Nichtbeachtung von Regelungen (S.4).
- Fehlende, ungeeignete oder inkompatible Betriebsmittel, die zu Störungen in der Institution führen können Quelle: Fehlende, ungeeignete oder inkompatible Betriebsmittel (S.5).
- Gefährdung durch Institutionsfremde, die interne Informationen, Geschäftsprozesse und IT-Systeme auf verschiedene Arten gefährden können Quelle: Gefährdung durch Institutionsfremde (S.6).

Anschlussfragen:
1. Wie können unzureichende Kenntnisse über Regelungen zu Sicherheitslücken führen?
2. Welche Rolle spielt die Sensibilisierung für Informationssicherheit bei der Verhinderung von Sicherheitsvorfällen?
3. Wie können fehlende oder unzureichende Regelungen die Sicherheit einer Institution beeinträchtigen?";"Bei fehlendem Compliance Management können verschiedene Gefährdungen entstehen. Dazu gehören unter anderem:

- Unzureichende Kenntnis über Regelungen, was zu Sicherheitslücken führen kann, die die Vertraulichkeit, Verfügbarkeit und Integrität der Informationen gefährden Quelle: Sensibilisierung und Schulung zur Informationssicherheit (S.1).
- Unzureichende Sensibilisierung für Informationssicherheit, was dazu führen kann, dass Sicherheitsmaßnahmen ignoriert werden und die Sicherheitskultur, die Sicherheitsziele und die Sicherheitsstrategie der Institution gefährdet sind Quelle: Unzureichende Sensibilisierung für Informationssicherheit (S.2).
- Fehlende oder unzureichende Regelungen, die zu massiven Sicherheitslücken führen können, wenn beispielsweise Mitarbeitende nicht wissen, wie sie bei Vorfällen reagieren sollen Quelle: Fehlende oder unzureichende Regelungen (S.3).
- Nichtbeachtung von Regelungen, die zu Sicherheitslücken führen kann, wie z.B. das Diskutieren vertraulicher Informationen in Hörweite fremder Personen Quelle: Nichtbeachtung von Regelungen (S.4).
- Fehlende, ungeeignete oder inkompatible Betriebsmittel, die zu Störungen in der Institution führen können Quelle: Fehlende, ungeeignete oder inkompatible Betriebsmittel (S.5).
- Gefährdung durch Institutionsfremde, die interne Informationen, Geschäftsprozesse und IT-Systeme auf verschiedene Arten gefährden können Quelle: Gefährdung durch Institutionsfremde (S.6).";"1. Wie können unzureichende Kenntnisse über Regelungen zu Sicherheitslücken führen?
2. Welche Rolle spielt die Sensibilisierung für Informationssicherheit bei der Verhinderung von Sicherheitsvorfällen?
3. Wie können fehlende oder unzureichende Regelungen die Sicherheit einer Institution beeinträchtigen?";3;3;0.6746031745919312;1.0;0.6666666666666666;0.44215173881589986;Wie können unzureichende Kenntnisse über Regelungen zu Sicherheitslücken führen?;2;2;"IT-Grundschutz behandelt unzureichende Kenntnis von Regelungen als Ursache für Sicherheitslücken; Frage vertieft das Thema der Compliance‑Gefährdungen.";Welche Rolle spielt die Sensibilisierung für Informationssicherheit bei der Verhinderung von Sicherheitsvorfällen?;2;2;"IT‑Grundschutz behandelt Sensibilisierung als Teil des Compliance‑Managements; die Frage vertieft, wie Awareness Sicherheitsvorfälle verhindert.";Wie können fehlende oder unzureichende Regelungen die Sicherheit einer Institution beeinträchtigen?;2;2;"IT‑Grundschutz behandelt fehlende/unzureichende Regelungen und deren Sicherheitsfolgen; die Frage vertieft das Thema Compliance‑Management direkt.";2.0;2.0
Wie kann verhindert werden, dass rechtliche Anforderungen übersehen werden?;"Um zu verhindern, dass rechtliche Anforderungen übersehen werden, MÜSSEN alle gesetzlichen, vertraglichen und sonstigen Vorgaben mit Auswirkungen auf das Informationssicherheitsmanagement identifiziert und dokumentiert werden Quelle: ORP.5.A1 (S.?). Die für die einzelnen Bereiche der Institution relevanten gesetzlichen, vertraglichen und sonstigen Vorgaben SOLLTEN in einer strukturierten Übersicht herausgearbeitet werden Quelle: ORP.5.A1 (S.?).

Es SOLLTE ein Prozess aufgebaut werden, um alle relevanten gesetzlichen, vertraglichen und sonstigen Vorgaben mit Auswirkungen auf das Informationssicherheitsmanagement zu identifizieren Quelle: ORP.5.A4 (S.?). Geeignete Prozesse und Organisationsstrukturen SOLLTEN aufgebaut werden, um basierend auf der Identifikation und Beachtung der rechtlichen Rahmenbedingungen, den Überblick über die verschiedenen rechtlichen Anforderungen an die einzelnen Bereiche der Institution zu gewährleisten Quelle: ORP.5.A4 (S.?).

Anschlussfragen:
1. Wie kann die Dokumentation der gesetzlichen, vertraglichen und sonstigen Vorgaben auf dem aktuellen Stand gehalten werden?
2. Welche Rolle spielen Compliance-Beauftragte und Informationssicherheitsbeauftragte bei der Integration von Sicherheitsanforderungen ins Compliance Management?
3. Wie kann die Einhaltung der identifizierten gesetzlichen, vertraglichen und sonstigen Vorgaben durch die Mitarbeitenden sichergestellt werden?";"Um zu verhindern, dass rechtliche Anforderungen übersehen werden, MÜSSEN alle gesetzlichen, vertraglichen und sonstigen Vorgaben mit Auswirkungen auf das Informationssicherheitsmanagement identifiziert und dokumentiert werden Quelle: ORP.5.A1 (S.?). Die für die einzelnen Bereiche der Institution relevanten gesetzlichen, vertraglichen und sonstigen Vorgaben SOLLTEN in einer strukturierten Übersicht herausgearbeitet werden Quelle: ORP.5.A1 (S.?).

Es SOLLTE ein Prozess aufgebaut werden, um alle relevanten gesetzlichen, vertraglichen und sonstigen Vorgaben mit Auswirkungen auf das Informationssicherheitsmanagement zu identifizieren Quelle: ORP.5.A4 (S.?). Geeignete Prozesse und Organisationsstrukturen SOLLTEN aufgebaut werden, um basierend auf der Identifikation und Beachtung der rechtlichen Rahmenbedingungen, den Überblick über die verschiedenen rechtlichen Anforderungen an die einzelnen Bereiche der Institution zu gewährleisten Quelle: ORP.5.A4 (S.?).";"""ORP.5.A1 Identifikation der Rahmenbedingungen (B) [Zentrale Verwaltung, Institutionsleitung] Alle gesetzlichen, vertraglichen und sonstigen Vorgaben mit Auswirkungen auf das Informationssicherheitsmanagement MÜSSEN identifiziert und dokumentiert werden. Die für die einzelnen Bereiche der Institution relevanten gesetzlichen, vertraglichen und sonstigen Vorgaben SOLLTEN in einer strukturierten Übersicht herausgearbeitet werden. Die Dokumentation MUSS auf dem aktuellen Stand gehalten werden."",

""ORP.5.A4 Konzeption und Organisation des Compliance Managements (S) [Institutionsleitung] In der Institution SOLLTE ein Prozess aufgebaut werden, um alle relevanten gesetzlichen, vertraglichen und sonstigen Vorgaben mit Auswirkungen auf das Informationssicherheitsmanagement zu identifizieren. Es SOLLTEN geeignete Prozesse und Organisationsstrukturen aufgebaut werden, um basierend auf der Identifikation und Beachtung der rechtlichen Rahmenbedingungen, den Überblick über die verschiedenen rechtlichen Anforderungen an die einzelnen Bereiche der Institution zu gewährleisten. Dafür SOLLTEN Zuständige für das Compliance Management festgelegt werden. Compliance-Beauftragte und Informationssicherheitsbeauftragte SOLLTEN sich regelmäßig austauschen. Sie SOLLTEN gemeinsam Sicherheitsanforderungen ins Compliance Management integrieren, sicherheitsrelevante Anforderungen in Sicherheitsmaßnahmen überführen und deren Umsetzung kontrollieren.""
";"Um zu verhindern, dass rechtliche Anforderungen übersehen werden, sollten Institutionen ein Compliance-Management-System etablieren, das die Identifizierung, Bewertung und Umsetzung von gesetzlichen, vertraglichen und internen Vorgaben umfasst. Quelle: ORP.5 Compliance Management (Anforderungsmanagement) (S.123). 

Dabei sollten sie sicherstellen, dass alle relevanten Anforderungen bekannt sind, dokumentiert und regelmäßig überprüft werden. Quelle: ORP.5 Compliance Management (Anforderungsmanagement) (S.125). 

Ein wichtiger Aspekt ist auch die Sensibilisierung und Schulung der Mitarbeitenden, um sicherzustellen, dass sie die Bedeutung und den Zweck der Maßnahmen verstehen und anwenden können. Quelle: ORP.2 Personal (S.45). 

Anschlussfragen:
1. Wie kann ein effektives Compliance-Management-System in einer Institution implementiert werden?
2. Welche Rolle spielen die Mitarbeitenden bei der Einhaltung von rechtlichen Anforderungen, und wie können sie entsprechend geschult werden?
3. Wie können Institutionen sicherstellen, dass ihre Compliance-Management-Prozesse regelmäßig überprüft und aktualisiert werden, um neue oder geänderte rechtliche Anforderungen zu berücksichtigen?";"Um zu verhindern, dass rechtliche Anforderungen übersehen werden, sollten Institutionen ein Compliance-Management-System etablieren, das die Identifizierung, Bewertung und Umsetzung von gesetzlichen, vertraglichen und internen Vorgaben umfasst. Quelle: ORP.5 Compliance Management (Anforderungsmanagement) (S.123). 

Dabei sollten sie sicherstellen, dass alle relevanten Anforderungen bekannt sind, dokumentiert und regelmäßig überprüft werden. Quelle: ORP.5 Compliance Management (Anforderungsmanagement) (S.125). 

Ein wichtiger Aspekt ist auch die Sensibilisierung und Schulung der Mitarbeitenden, um sicherzustellen, dass sie die Bedeutung und den Zweck der Maßnahmen verstehen und anwenden können. Quelle: ORP.2 Personal (S.45).";"1. Wie kann ein effektives Compliance-Management-System in einer Institution implementiert werden?
2. Welche Rolle spielen die Mitarbeitenden bei der Einhaltung von rechtlichen Anforderungen, und wie können sie entsprechend geschult werden?
3. Wie können Institutionen sicherstellen, dass ihre Compliance-Management-Prozesse regelmäßig überprüft und aktualisiert werden, um neue oder geänderte rechtliche Anforderungen zu berücksichtigen?";3;3;0.9999999999875;1.0;1.0;0.6080401419812531;Wie kann ein effektives Compliance-Management-System in einer Institution implementiert werden?;2;2;"IT-Grundschutz enthält Anleitungen zu Compliance-Management und Implementierung; die Frage vertieft das Thema der Vermeidung übersehener rechtlicher Vorgaben.";Welche Rolle spielen die Mitarbeitenden bei der Einhaltung von rechtlichen Anforderungen, und wie können sie entsprechend geschult werden?;2;2;"IT-Grundschutz deckt Mitarbeitendenrollen, Aufgaben, Qualifikation und Schulung ab; Frage vertieft direkt das Verhindern übersehener rechtlicher Anforderungen.";Wie können Institutionen sicherstellen, dass ihre Compliance-Management-Prozesse regelmäßig überprüft und aktualisiert werden, um neue oder geänderte rechtliche Anforderungen zu berücksichtigen?;2;2;IT‑Grundschutz enthält Vorgaben für regelmäßige Überprüfung und Aktualisierung des Compliance‑Managements, passend zur Ausgangsfrage nach Vermeidung übersehener Rechtsanforderungen.;2.0;2.0
Welche Maßnahmen adressieren mehrere Gefährdungen gleichzeitig?;"Die Maßnahmen, die mehrere Gefährdungen gleichzeitig adressieren, sind im Kontext des IT-Grundschutz-Kompendiums nicht explizit aufgeführt. Allerdings kann man aus den Anforderungen des Bausteins ORP.5 Compliance Management (Anforderungsmanagement) schließen, dass die Identifikation und Dokumentation von gesetzlichen, vertraglichen und sonstigen Vorgaben sowie die Beachtung dieser Rahmenbedingungen bei der Planung und Konzeption von Geschäftsprozessen, Anwendungen und IT-Systemen dazu beitragen können, mehrere Gefährdungen zu minimieren. Quelle: ORP.5.A1 Identifikation der Rahmenbedingungen (B) [Zentrale Verwaltung, Institutionsleitung] (S.1), Quelle: ORP.5.A2 Beachtung der Rahmenbedingungen (B) [Vorgesetzte, Zentrale Verwaltung, Institutionsleitung] (S.2).

Anschlussfragen:
1. Wie können die im Baustein ORP.5 identifizierten Anforderungen in die tägliche Arbeit integriert werden?
2. Welche Rolle spielt die regelmäßige Überprüfung des Compliance Managements bei der Minimierung von Gefährdungen?
3. Wie kann die Verpflichtung der Mitarbeitenden zur Einhaltung der gesetzlichen, vertraglichen und sonstigen Vorgaben im Baustein ORP.2 Personal umgesetzt werden?";Die Maßnahmen, die mehrere Gefährdungen gleichzeitig adressieren, sind im Kontext des IT-Grundschutz-Kompendiums nicht explizit aufgeführt. Allerdings kann man aus den Anforderungen des Bausteins ORP.5 Compliance Management (Anforderungsmanagement) schließen, dass die Identifikation und Dokumentation von gesetzlichen, vertraglichen und sonstigen Vorgaben sowie die Beachtung dieser Rahmenbedingungen bei der Planung und Konzeption von Geschäftsprozessen, Anwendungen und IT-Systemen dazu beitragen können, mehrere Gefährdungen zu minimieren. Quelle: ORP.5.A1 Identifikation der Rahmenbedingungen (B) [Zentrale Verwaltung, Institutionsleitung] (S.1), Quelle: ORP.5.A2 Beachtung der Rahmenbedingungen (B) [Vorgesetzte, Zentrale Verwaltung, Institutionsleitung] (S.2).;"""ORP.5.A1 Identifikation der Rahmenbedingungen (B) [Zentrale Verwaltung, Institutionsleitung] Alle gesetzlichen, vertraglichen und sonstigen Vorgaben mit Auswirkungen auf das Informationssicherheitsmanagement MÜSSEN identifiziert und dokumentiert werden. Die für die einzelnen Bereiche der Institution relevanten gesetzlichen, vertraglichen und sonstigen Vorgaben SOLLTEN in einer strukturierten Übersicht herausgearbeitet werden. Die Dokumentation MUSS auf dem aktuellen Stand gehalten werden."",

""ORP.5.A2 Beachtung der Rahmenbedingungen (B) [Vorgesetzte, Zentrale Verwaltung, Institutionsleitung] Die als sicherheitsrelevant identifizierten Anforderungen MÜSSEN bei der Planung und Konzeption von Geschäftsprozessen, Anwendungen und IT-Systemen oder bei der Beschaffung neuer Komponenten einfließen. Führungskräfte, die eine rechtliche Verantwortung für die Institution tragen, MÜSSEN für die Einhaltung der gesetzlichen, vertraglichen und sonstigen Vorgaben sorgen. Die Verantwortlichkeiten und Zuständigkeiten für die Einhaltung dieser Vorgaben MÜSSEN festgelegt sein. Es MÜSSEN geeignete Maßnahmen identifiziert und umgesetzt werden, um Verstöße gegen relevante Anforderungen zu vermeiden. Wenn solche Verstöße erkannt werden, MÜSSEN sachgerechte Korrekturmaßnahmen ergriffen werden, um die Abweichungen zu beheben."",

""ORP.5.A8 Regelmäßige Überprüfungen des Compliance Managements (S) Es SOLLTE ein Verfahren etabliert sein, wie das Compliance Management und die sich daraus ergebenden Anforderungen und Maßnahmen regelmäßig auf ihre Effizienz und Effektivität überprüft werden (siehe auch DER.3.1 Audits und Revisionen). Es SOLLTE regelmäßig geprüft werden, ob die Organisationsstruktur und die Prozesse des Compliance Managements angemessen sind.""";"Um mehrere Gefährdungen gleichzeitig zu adressieren, sollten Maßnahmen ergriffen werden, die sich auf mehrere Risiken auswirken. Beispielsweise können Sicherheitsmaßnahmen wie die Implementierung von Firewalls, die Verwendung von Verschlüsselungstechnologien oder die Durchführung von regelmäßigen Sicherheitsaudits mehrere Gefährdungen gleichzeitig reduzieren. 

Quelle: BSI-Standard 200-2, Abschnitt 5.2 (S. 23-25)

Darüber hinaus können auch organisatorische Maßnahmen wie die Schulung von Mitarbeitern, die Implementierung von Sicherheitsrichtlinien oder die Durchführung von Risikoeinstufungen dazu beitragen, mehrere Gefährdungen zu reduzieren. 

Quelle: BSI-Standard 200-2, Abschnitt 6.1 (S. 31-33)

Es ist wichtig, dass die getroffenen Maßnahmen auf ihre Wirksamkeit und Effizienz hin überprüft werden, um sicherzustellen, dass sie tatsächlich mehrere Gefährdungen reduzieren. 

Quelle: BSI-Standard 200-2, Abschnitt 7.1 (S. 41-43)

Anschlussfragen:
1. Welche Rolle spielen Firewalls bei der Reduzierung von Gefährdungen?
2. Wie können regelmäßige Sicherheitsaudits dazu beitragen, mehrere Gefährdungen zu reduzieren?
3. Welche organisatorischen Maßnahmen können ergriffen werden, um die Sicherheit von IT-Systemen zu erhöhen?";"Um mehrere Gefährdungen gleichzeitig zu adressieren, sollten Maßnahmen ergriffen werden, die sich auf mehrere Risiken auswirken. Beispielsweise können Sicherheitsmaßnahmen wie die Implementierung von Firewalls, die Verwendung von Verschlüsselungstechnologien oder die Durchführung von regelmäßigen Sicherheitsaudits mehrere Gefährdungen gleichzeitig reduzieren. 

Quelle: BSI-Standard 200-2, Abschnitt 5.2 (S. 23-25)

Darüber hinaus können auch organisatorische Maßnahmen wie die Schulung von Mitarbeitern, die Implementierung von Sicherheitsrichtlinien oder die Durchführung von Risikoeinstufungen dazu beitragen, mehrere Gefährdungen zu reduzieren. 

Quelle: BSI-Standard 200-2, Abschnitt 6.1 (S. 31-33)

Es ist wichtig, dass die getroffenen Maßnahmen auf ihre Wirksamkeit und Effizienz hin überprüft werden, um sicherzustellen, dass sie tatsächlich mehrere Gefährdungen reduzieren. 

Quelle: BSI-Standard 200-2, Abschnitt 7.1 (S. 41-43)";"1. Welche Rolle spielen Firewalls bei der Reduzierung von Gefährdungen?
2. Wie können regelmäßige Sicherheitsaudits dazu beitragen, mehrere Gefährdungen zu reduzieren?
3. Welche organisatorischen Maßnahmen können ergriffen werden, um die Sicherheit von IT-Systemen zu erhöhen?";3;3;0.5873015872820105;1.0;0.75;0.2785438685402045;Welche Rolle spielen Firewalls bei der Reduzierung von Gefährdungen?;2;2;"IT‑Grundschutz beschreibt Firewall‑Funktionen und deren Beitrag zur Gefährdungsreduktion; die Frage vertieft das Thema der Maßnahmen, die mehrere Gefährdungen adressieren.";Wie können regelmäßige Sicherheitsaudits dazu beitragen, mehrere Gefährdungen zu reduzieren?;2;2;"IT‑Grundschutz beschreibt Audits als Maßnahme, die mehrere Gefährdungen gleichzeitig identifiziert und mindert; Frage vertieft das Thema der Ausgangsfrage.";Welche organisatorischen Maßnahmen können ergriffen werden, um die Sicherheit von IT-Systemen zu erhöhen?;2;1;"IT‑Grundschutz beschreibt zahlreiche organisatorische Maßnahmen; die Frage ist jedoch nur allgemein und nicht speziell zu Mehrfachgefährdungen, daher nur tangential relevant.";2.0;1.667
Was sind die Basis-Anforderungen beim Einsatz von Windows Server?;"Die Basis-Anforderungen beim Einsatz von Windows Server umfassen mehrere Aspekte. Zunächst MUSS eine begründete und dokumentierte Entscheidung für eine geeignete Edition von Windows Server getroffen werden, einschließlich der Spezifizierung des Einsatzzwecks und der Einbindung ins Active Directory, wie in SYS.1.2.3.A1 beschrieben Quelle: SYS.1.2.3.A1 Planung von Windows Server (B). 

Weiterhin MUSS bei der Installation von Windows Server die Server-Core-Variante installiert werden, wenn vom Funktionsumfang her ausreichend, oder es MUSS begründet werden, warum diese Variante nicht genügt, wie in SYS.1.2.3.A2 Sichere Installation von Windows Server festgelegt Quelle: SYS.1.2.3.A2 Sichere Installation von Windows Server (B). 

Zusätzlich MUSS das Telemetrie-Level 0 (Security) auf dem Windows Server konfiguriert werden, um die Übertragung von Diagnose- und Nutzungsdaten an Microsoft stark zu reduzieren, wie in SYS.1.2.3.A3 Telemetrie- und Nutzungsdaten unter Windows Server angegeben Quelle: SYS.1.2.3.A3 Telemetrie- und Nutzungsdaten unter Windows Server (B).

Anschlussfragen:
1. Wie MUSS die Einrichtung von Microsoft-Konten auf dem Server gehandhabt werden, wenn sie nicht benötigt werden?
2. Welche Rolle spielt die Server-Core-Variante bei der sicheren Installation von Windows Server?
3. Wie können Diagnose- und Nutzungsdaten, die an Microsoft übertragen werden, auf Netzebene reduziert werden, wenn das Telemetrie-Level 0 nicht wirksam umgesetzt wird?";"Die Basis-Anforderungen beim Einsatz von Windows Server umfassen mehrere Aspekte. Zunächst MUSS eine begründete und dokumentierte Entscheidung für eine geeignete Edition von Windows Server getroffen werden, einschließlich der Spezifizierung des Einsatzzwecks und der Einbindung ins Active Directory, wie in SYS.1.2.3.A1 beschrieben Quelle: SYS.1.2.3.A1 Planung von Windows Server (B). 

Weiterhin MUSS bei der Installation von Windows Server die Server-Core-Variante installiert werden, wenn vom Funktionsumfang her ausreichend, oder es MUSS begründet werden, warum diese Variante nicht genügt, wie in SYS.1.2.3.A2 Sichere Installation von Windows Server festgelegt Quelle: SYS.1.2.3.A2 Sichere Installation von Windows Server (B). 

Zusätzlich MUSS das Telemetrie-Level 0 (Security) auf dem Windows Server konfiguriert werden, um die Übertragung von Diagnose- und Nutzungsdaten an Microsoft stark zu reduzieren, wie in SYS.1.2.3.A3 Telemetrie- und Nutzungsdaten unter Windows Server angegeben Quelle: SYS.1.2.3.A3 Telemetrie- und Nutzungsdaten unter Windows Server (B).";"3.1. Basis-Anforderungen Die folgenden Anforderungen MÜSSEN für diesen Baustein vorrangig erfüllt werden.

""SYS.1.2.3.A1 Planung von Windows Server (B) Es MUSS eine begründete und dokumentierte Entscheidung für eine geeignete Edition von Windows Server getroffen werden. Der Einsatzzweck des Servers sowie die Einbindung ins Active Directory MÜSSEN dabei spezifiziert werden. Die Nutzung von mitgelieferten Cloud-Diensten im Betriebssystem MUSS grundsätzlich abgewogen und gründlich geplant werden. Wenn nicht benötigt, MUSS die Einrichtung von Microsoft-Konten auf dem Server blockiert werden."",

""SYS.1.2.3.A2 Sichere Installation von Windows Server (B) Wenn vom Funktionsumfang her ausreichend, MUSS die Server-Core-Variante installiert werden. Andernfalls MUSS begründet werden, warum die Server-Core-Variante nicht genügt."",

""SYS.1.2.3.A3 Telemetrie- und Nutzungsdaten unter Windows Server (B) Um die Übertragung von Diagnose- und Nutzungsdaten an Microsoft stark zu reduzieren, MUSS das Telemetrie-Level 0 (Security) auf dem Windows Server konfiguriert werden. Wenn diese Einstellung nicht wirksam umgesetzt wird, dann MUSS durch geeignete Maßnahmen, etwa auf Netzebene, sichergestellt werden, dass die Daten nicht an den Hersteller übertragen werden.""";"Die Basis-Anforderungen beim Einsatz von Windows Server umfassen eine sorgfältige Planung vor der Installation, einschließlich der Auswahl einer geeigneten Edition und der Spezifikation des Einsatzzwecks sowie der Einbindung ins Active Directory. Es muss eine begründete und dokumentierte Entscheidung für eine geeignete Edition von Windows Server getroffen werden. Die Nutzung von mitgelieferten Cloud-Diensten im Betriebssystem muss grundsätzlich abgewogen und gründlich geplant werden. Wenn nicht benötigt, muss die Einrichtung von Microsoft-Konten auf dem Server blockiert werden. Quelle: SYS.1.2.3 Windows Server (S.1-5).

Anschlussfragen:
1. Welche Rolle spielt die Planung bei der Installation von Windows Server, und welche Aspekte müssen dabei berücksichtigt werden?
2. Wie wichtig ist es, die Einbindung von Windows Server in eine Active-Directory-Domäne zu planen, und welche Auswirkungen kann eine unzureichende Planung haben?
3. Welche Risiken bestehen beim Einsatz von Cloud-Diensten in Windows Server, und wie können diese Risiken minimiert werden?";Die Basis-Anforderungen beim Einsatz von Windows Server umfassen eine sorgfältige Planung vor der Installation, einschließlich der Auswahl einer geeigneten Edition und der Spezifikation des Einsatzzwecks sowie der Einbindung ins Active Directory. Es muss eine begründete und dokumentierte Entscheidung für eine geeignete Edition von Windows Server getroffen werden. Die Nutzung von mitgelieferten Cloud-Diensten im Betriebssystem muss grundsätzlich abgewogen und gründlich geplant werden. Wenn nicht benötigt, muss die Einrichtung von Microsoft-Konten auf dem Server blockiert werden. Quelle: SYS.1.2.3 Windows Server (S.1-5).;"1. Welche Rolle spielt die Planung bei der Installation von Windows Server, und welche Aspekte müssen dabei berücksichtigt werden?
2. Wie wichtig ist es, die Einbindung von Windows Server in eine Active-Directory-Domäne zu planen, und welche Auswirkungen kann eine unzureichende Planung haben?
3. Welche Risiken bestehen beim Einsatz von Cloud-Diensten in Windows Server, und wie können diese Risiken minimiert werden?";3;3;0.9999999999857143;1.0;1.0;0.3249012507055233;Welche Rolle spielt die Planung bei der Installation von Windows Server, und welche Aspekte müssen dabei berücksichtigt werden?;2;2;IT-Grundschutz behandelt detailliert die Planung von Windows Server, was die Frage vollständig beantwortet und thematisch zur Basis‑Anforderung passt.;Wie wichtig ist es, die Einbindung von Windows Server in eine Active-Directory-Domäne zu planen, und welche Auswirkungen kann eine unzureichende Planung haben?;2;2;"IT-Grundschutz fordert Planung der AD‑Einbindung und beschreibt Risiken bei mangelhafter Planung; Frage vertieft Basis‑Anforderungen sinnvoll.";Welche Risiken bestehen beim Einsatz von Cloud-Diensten in Windows Server, und wie können diese Risiken minimiert werden?;2;1;IT-Grundschutz behandelt Cloud‑Risiken bei Windows Server und Gegenmaßnahmen, aber die Frage erweitert das Thema Basis‑Anforderungen nur tangential.;2.0;1.667
Welche Einschränkungen bringt Virtual Secure Mode mit sich?;"Die Nutzung des Virtual Secure Mode (VSM) bringt Einschränkungen bei der Forensik mit sich, da Prozesse, die durch den Secure Kernel oder den Isolated User Mode (IUM) geschützt werden, nicht mehr zugänglich sind Quelle: 2.4. Eingeschränkte Forensik bei der Nutzung des Virtual Secure Mode (VSM). Beispielsweise können Speicherabbilder dieser Prozesse aufgrund kryptografischer Maßnahmen nicht ausgewertet werden Quelle: 2.4. Eingeschränkte Forensik bei der Nutzung des Virtual Secure Mode (VSM). 

Anschlussfragen:
1. Wie wirkt sich der Virtual Secure Mode auf die Sicherheitsvorfallbehandlung aus?
2. Welche Rolle spielt der Secure Kernel bei der Einschränkung der Forensik?
3. Wie können die Einschränkungen des Virtual Secure Mode bei der Forensik minimiert werden?";Die Nutzung des Virtual Secure Mode (VSM) bringt Einschränkungen bei der Forensik mit sich, da Prozesse, die durch den Secure Kernel oder den Isolated User Mode (IUM) geschützt werden, nicht mehr zugänglich sind Quelle: 2.4. Eingeschränkte Forensik bei der Nutzung des Virtual Secure Mode (VSM). Beispielsweise können Speicherabbilder dieser Prozesse aufgrund kryptografischer Maßnahmen nicht ausgewertet werden Quelle: 2.4. Eingeschränkte Forensik bei der Nutzung des Virtual Secure Mode (VSM).;"2.4. Eingeschränkte Forensik bei der Nutzung des Virtual Secure Mode (VSM) Durch die Nutzung des Virtual Secure Mode (VSM) werden forensische Untersuchungen, z. B. zur Sicherheitsvorfallbehandlung, eingeschränkt oder erschwert. Prozesse, die durch den Secure Kernel oder den Isolated User Mode (IUM) geschützt werden, sind nicht mehr zugänglich. Beispielsweise können Speicherabbilder dieser Prozesse aufgrund kryptografischer Maßnahmen nicht ausgewertet werden.

SYS.1.2.3.A8 Nutzung des Virtual Secure Mode (VSM) (H) Bei der Nutzung des Virtual Secure Mode (VSM) SOLLTE berücksichtigt werden, dass forensische Untersuchungen, z. B. zur Sicherheitsvorfallbehandlung, eingeschränkt oder erschwert werden.";"Die Nutzung des Virtual Secure Mode (VSM) bringt Einschränkungen mit sich, insbesondere im Hinblick auf forensische Untersuchungen. Diese können durch den VSM eingeschränkt oder erschwert werden, da er die Möglichkeit bietet, sensible Daten oder Aktivitäten zu verbergen oder zu verschleiern. Quelle: Nutzung des Virtual Secure Mode (VSM).

Anschlussfragen:
1. Wie können die Einschränkungen des Virtual Secure Mode im Hinblick auf forensische Untersuchungen minimiert werden?
2. Welche Rolle spielt die Segmentierung bei der Nutzung von Virtualisierungstechnologien, um den Schutzbedarf unterschiedlicher Anwendungen und Dienste zu gewährleisten?
3. Wie kann ein Zonenkonzept bei virtualisierten Infrastrukturen und beim Cloud Computing umgesetzt werden, um eine verlässliche Trennung der Anwender und eine angemessene Sicherheit zu gewährleisten?";Die Nutzung des Virtual Secure Mode (VSM) bringt Einschränkungen mit sich, insbesondere im Hinblick auf forensische Untersuchungen. Diese können durch den VSM eingeschränkt oder erschwert werden, da er die Möglichkeit bietet, sensible Daten oder Aktivitäten zu verbergen oder zu verschleiern. Quelle: Nutzung des Virtual Secure Mode (VSM).;"1. Wie können die Einschränkungen des Virtual Secure Mode im Hinblick auf forensische Untersuchungen minimiert werden?
2. Welche Rolle spielt die Segmentierung bei der Nutzung von Virtualisierungstechnologien, um den Schutzbedarf unterschiedlicher Anwendungen und Dienste zu gewährleisten?
3. Wie kann ein Zonenkonzept bei virtualisierten Infrastrukturen und beim Cloud Computing umgesetzt werden, um eine verlässliche Trennung der Anwender und eine angemessene Sicherheit zu gewährleisten?";3;3;0.7916666666402777;1.0;0.42857142857142855;0.48473590371052544;Wie können die Einschränkungen des Virtual Secure Mode im Hinblick auf forensische Untersuchungen minimiert werden?;1;2;"Grundschutz erwähnt forensische Einschränkungen, liefert aber keine konkreten Minimierungsmaßnahmen; Frage ist thematisch direkt relevant.";Welche Rolle spielt die Segmentierung bei der Nutzung von Virtualisierungstechnologien, um den Schutzbedarf unterschiedlicher Anwendungen und Dienste zu gewährleisten?;2;1;Grundschutz deckt Mikro‑ und Netzsegmentierung in virtuellen Umgebungen ab, jedoch ist die Frage nur tangential zu den VSM‑Einschränkungen relevant.;Wie kann ein Zonenkonzept bei virtualisierten Infrastrukturen und beim Cloud Computing umgesetzt werden, um eine verlässliche Trennung der Anwender und eine angemessene Sicherheit zu gewährleisten?;2;1;Frage behandelt Zonenkonzepte, die im IT‑Grundschutz behandelt werden, ist aber nur tangential zur ursprünglichen VSM‑Frage.;1.667;1.333
Welche Arten von zentralen Speicherlösungen gibt es und wann nutze ich welche?;"Es gibt verschiedene Arten von zentralen Speicherlösungen, wie Network-Attached-Storage-(NAS)-Systeme, Storage-Area-Networks-(SAN)-Systeme, Hybrid Storage, Objekt Storage oder Cloud Storage Quelle: Kap. 1.3 Abgrenzung und Modellierung – SYS.1.8 Speicherlösungen (S.1-3). Jede dieser Lösungen hat ihre eigenen Einsatzszenarien und Anforderungen. Zum Beispiel eignen sich NAS-Systeme hervorragend für Fileserver-Dienste, während SAN-Systeme oft in Umgebungen verwendet werden, in denen ein dediziertes Speichernetz erforderlich ist Quelle: Kap. 1.3 Abgrenzung und Modellierung – SYS.1.8 Speicherlösungen (S.2). Objekt-Storage und Cloud Storage bieten wiederum flexible Lösungen für die Speicherung und Verwaltung von Daten in verschiedenen Umgebungen Quelle: Kap. 1.3 Abgrenzung und Modellierung – SYS.1.8 Speicherlösungen (S.3).

Anschlussfragen:
1. Welche Rolle spielen NAS-Systeme in der Bereitstellung von Fileserver-Diensten?
2. Wie unterscheiden sich SAN-Systeme von NAS-Systemen in Bezug auf ihre Architektur und Einsatzgebiete?
3. Welche Sicherheitsanforderungen müssen bei der Implementierung von Objekt-Storage und Cloud Storage berücksichtigt werden?";Es gibt verschiedene Arten von zentralen Speicherlösungen, wie Network-Attached-Storage-(NAS)-Systeme, Storage-Area-Networks-(SAN)-Systeme, Hybrid Storage, Objekt Storage oder Cloud Storage Quelle: Kap. 1.3 Abgrenzung und Modellierung – SYS.1.8 Speicherlösungen (S.1-3). Jede dieser Lösungen hat ihre eigenen Einsatzszenarien und Anforderungen. Zum Beispiel eignen sich NAS-Systeme hervorragend für Fileserver-Dienste, während SAN-Systeme oft in Umgebungen verwendet werden, in denen ein dediziertes Speichernetz erforderlich ist Quelle: Kap. 1.3 Abgrenzung und Modellierung – SYS.1.8 Speicherlösungen (S.2). Objekt-Storage und Cloud Storage bieten wiederum flexible Lösungen für die Speicherung und Verwaltung von Daten in verschiedenen Umgebungen Quelle: Kap. 1.3 Abgrenzung und Modellierung – SYS.1.8 Speicherlösungen (S.3).;"1.1. Einleitung Das stetige Wachstum digitaler Informationen und die zunehmende Menge unstrukturierter Informationen führen dazu, dass innerhalb von Institutionen zentrale Speicherlösungen eingesetzt werden. Dabei unterliegen die Anforderungen an solche Speicherlösungen einem stetigen Wandel, der sich beispielsweise an folgenden Aspekten beobachten lässt:

• Die Daten einer Institution sollen jederzeit, an jedem Ort und für unterschiedliche Anwendungsszenarien verfügbar sein. Dadurch gelten für moderne Speicherlösungen häufig gestiegene Verfügbarkeitsanforderungen.

• Die zunehmende Digitalisierung sämtlicher Informationen in einer Institution macht es notwendig, dass weitreichende rechtliche Vorgaben (Compliance-Anforderungen) beachtet und eingehalten werden müssen.

• Speicherlösungen sollen dynamisch an die sich stetig ändernden Anforderungen anpassbar sein und Speicherplatz zentral bereitstellen können.

In der Vergangenheit wurden Speicherlösungen oft umgesetzt, indem Speichermedien direkt an einen Server angeschlossen wurden. Diese sogenannten Direct-Attached-Storage-(DAS)-Systeme können die aktuellen und zukünftigen Anforderungen jedoch oft nicht mehr erfüllen. Daher sind die heute weitverbreiteten zentralen Speicherlösungen und deren Bestandteile notwendig, die sich wie folgt unterscheiden lassen:

• Speicherlösungen: Eine Speicherlösung besteht aus einem oder mehreren Speichernetzen sowie mindestens einem Speichersystem.

• Speichernetze: Speichernetze ermöglichen einerseits den Zugriff auf die Speichersysteme, andererseits die Replikation von Daten zwischen Speichersystemen.

• Speichersysteme: Als Speichersystem wird die zentrale Instanz bezeichnet, die für andere IT-Systeme Speicherplatz zur Verfügung stellt. Ein Speichersystem erlaubt außerdem den zeitgleichen Zugriff mehrerer IT-Systeme auf den vorhandenen Speicherplatz.

1.3. Abgrenzung und Modellierung Der Baustein SYS.1.8 Speicherlösungen ist immer dann anzuwenden, wenn zentrale Speicherlösungen eingesetzt werden. Somit kann er auf Network-Attached-Storage-(NAS)-Systeme, Storage-AreaNetworks-(SAN)-Systeme, Hybrid Storage, Objekt Storage oder Cloud Storage angewendet werden. Dabei muss jedoch Folgendes beachtet werden:

• Network Attached Storage (NAS) stellt beispielsweise über die Protokolle NFS (Network File System), AFP (Apple Filing Protocol) und CIFS (Common Internet File System) Zugriffe auf die Speichersysteme zur Verfügung. Der Hauptanwendungsfall besteht darin, Fileserver-Dienste zur Verfügung zu stellen. Für NAS-Systeme sind daher auch zusätzlich zu diesem Baustein die Bausteine SYS.1.1 Allgemeiner Server sowie APP.3.3 Fileserver anzuwenden.

• Storage Area Networks (SAN) werden in der Regel durch ein dediziertes Speichernetz zwischen Speichersystemen und angeschlossenen IT-Systemen geschaffen. Für SAN-Systeme ist daher der Baustein NET.1.1 Netzarchitektur und -design geeignet zu berücksichtigen. Speichersysteme, die sowohl über NAS als auch SAN Daten zur Verfügung stellen können, werden oft unter der Bezeichnung Hybrid-Storage oder kombiniertes Speichersystem (Unified Storage) geführt. Für Hybrid-Systeme sind daher auch zusätzlich die Bausteine SYS.1.1 Allgemeiner Server sowie APP.3.3 Fileserver anzuwenden. Darüber hinaus ist der Baustein NET.1.1 Netzarchitektur und design geeignet zu berücksichtigen.

• Objekt-Storage (oftmals auch als Object-based Storage bezeichnet) ermöglicht gegenüber den traditionellen blockbasierten und dateibasierten Zugriffsmethoden einen objektbasierten Zugriff auf Daten. Der Zugriff auf einen objektbasierenden Speicher erfolgt über eine führende Anwendung. Die Anwendung greift hierbei über eine spezielle Schnittstelle (Application Programming Interface (API)) und deren mögliche Kommandos oder direkt per Internet Protocol (IP) auf den Objekt-Storage zu. Für objektbasierende Speicherlösungen ist daher auch zusätzlich der Baustein SYS.1.1 Allgemeiner Server anzuwenden. Darüber hinaus müssen Sicherheitsanforderungen mitberücksichtigt werden, die sich dadurch ergeben, dass Webservices eingesetzt werden. Webservices werden im vorliegenden Baustein nicht betrachtet.

• Im Zusammenhang mit Weiterentwicklungen im Speicherumfeld etabliert sich zunehmend auch der Begriff des Cloud Storage. Hierunter sind Speicherlösungen als Basis für CloudServices zu verstehen. Die Speicherlösung an sich bleibt dabei weitgehend unverändert, jedoch liegt eine von den klassischen SAN- oder NAS-Architekturen abweichende Art des Zugriffs auf die gespeicherten Daten vor. Dieser wird in der Regel mittels Web-Service-Schnittstelle (via Representional State Transfer (REST) und Simple Object Access Protocol (SOAP)) realisiert.

Datensicherungsgeräte, die an das Speichersystem oder an das Speichernetz angeschlossen sind, werden hier nicht betrachtet, sondern im Baustein OPS.1.2.2 Archivierung behandelt. Konzeptionelle Aspekte der Datensicherung werden im Baustein CON.3 Datensicherungskonzept erläutert. Oft kann eine Vielzahl von Konten auf Speicherlösungen zugreifen. Deswegen sollten Speicherlösungen geeignet im Rollen- und Rechtekonzept mit berücksichtigt werden. Anforderungen dazu finden sich im Baustein ORP.4 Identitäts- und Berechtigungsmanagement. Falls auf externe Dienstleistung zurückgegriffen wird, um eine Speicherlösung zu betreiben, müssen die Anforderungen des Bausteins OPS.2.3 Nutzung von Outsourcing gesondert berücksichtigt werden.";"Es gibt verschiedene Arten von zentralen Speicherlösungen, wie z.B. Network-Attached-Storage-(NAS)-Systeme, Storage-Area-Networks-(SAN)-Systeme, Hybrid Storage, Objekt Storage oder Cloud Storage. Die Auswahl einer geeigneten Speicherlösung hängt von den spezifischen Anforderungen der Institution ab, wie z.B. der erforderlichen Performance, Kapazität und Verfügbarkeit. 
Quelle: SYS.1.8 Speicherlösungen (S.1-15)

Anschlussfragen:
1. Welche Rolle spielt die Anforderungsanalyse bei der Planung von Speicherlösungen?
2. Wie unterscheiden sich NAS- und SAN-Systeme in Bezug auf ihre Architektur und Einsatzszenarien?
3. Welche Sicherheitsanforderungen müssen bei der Verwendung von Cloud Storage berücksichtigt werden?";"Es gibt verschiedene Arten von zentralen Speicherlösungen, wie z.B. Network-Attached-Storage-(NAS)-Systeme, Storage-Area-Networks-(SAN)-Systeme, Hybrid Storage, Objekt Storage oder Cloud Storage. Die Auswahl einer geeigneten Speicherlösung hängt von den spezifischen Anforderungen der Institution ab, wie z.B. der erforderlichen Performance, Kapazität und Verfügbarkeit. 
Quelle: SYS.1.8 Speicherlösungen (S.1-15)";"1. Welche Rolle spielt die Anforderungsanalyse bei der Planung von Speicherlösungen?
2. Wie unterscheiden sich NAS- und SAN-Systeme in Bezug auf ihre Architektur und Einsatzszenarien?
3. Welche Sicherheitsanforderungen müssen bei der Verwendung von Cloud Storage berücksichtigt werden?";3;3;;;;;Welche Rolle spielt die Anforderungsanalyse bei der Planung von Speicherlösungen?;2;2;"IT-Grundschutz behandelt Anforderungsanalyse bei Speicherplanung; Frage vertieft Entscheidungsgrundlage, passend zur ursprünglichen Speicherlösungs‑Frage.";Wie unterscheiden sich NAS- und SAN-Systeme in Bezug auf ihre Architektur und Einsatzszenarien?;2;2;"NAS/SAN comparison is covered in Speicherlösungen; question directly deepens the original query about storage types and use cases.";Welche Sicherheitsanforderungen müssen bei der Verwendung von Cloud Storage berücksichtigt werden?;2;2;"IT‑Grundschutz enthält Vorgaben für Cloud‑Sicherheitsrichtlinien, die Cloud‑Storage abdecken; die Frage vertieft das Speicher‑Thema direkt.";2.0;2.0
Was muss in einem Betriebshandbuch für Speicherlösungen enthalten sein?;"Ein Betriebshandbuch für Speicherlösungen sollte alle Regelungen, Anforderungen und Einstellungen dokumentieren, die erforderlich sind, um Speicherlösungen zu betreiben Quelle: SYS.1.8.A10 (S.). Dazu gehören auch die Systemeinstellungen von Speichersystemen, einschließlich technischer und organisatorischer Vorgaben sowie spezifischer Konfigurationen Quelle: SYS.1.8.A17 (S.). Das Betriebshandbuch sollte regelmäßig aktualisiert werden, um sicherzustellen, dass es immer aktuell ist Quelle: SYS.1.8.A10 (S.).

Anschlussfragen:
1. Welche Arten von Speicherlösungen können mit dem Baustein SYS.1.8 abgedeckt werden?
2. Wie sollten Speicherlösungen im Rollen- und Rechtekonzept berücksichtigt werden?
3. Welche Anforderungen müssen bei der Nutzung von externen Dienstleistungen für die Betreibung von Speicherlösungen berücksichtigt werden?";Ein Betriebshandbuch für Speicherlösungen sollte alle Regelungen, Anforderungen und Einstellungen dokumentieren, die erforderlich sind, um Speicherlösungen zu betreiben Quelle: SYS.1.8.A10 (S.). Dazu gehören auch die Systemeinstellungen von Speichersystemen, einschließlich technischer und organisatorischer Vorgaben sowie spezifischer Konfigurationen Quelle: SYS.1.8.A17 (S.). Das Betriebshandbuch sollte regelmäßig aktualisiert werden, um sicherzustellen, dass es immer aktuell ist Quelle: SYS.1.8.A10 (S.).;"""SYS.1.8.A10 Erstellung und Pflege eines Betriebshandbuchs (S) Es SOLLTE ein Betriebshandbuch erstellt werden. Darin SOLLTEN alle Regelungen, Anforderungen und Einstellungen dokumentiert werden, die erforderlich sind, um Speicherlösungen zu betreiben. Das Betriebshandbuch SOLLTE regelmäßig aktualisiert werden."",

""SYS.1.8.A17 Dokumentation der Systemeinstellungen von Speichersystemen (S) Alle Systemeinstellungen von Speichersystemen SOLLTEN dokumentiert werden. Die Dokumentation SOLLTE die technischen und organisatorischen Vorgaben sowie alle spezifischen Konfigurationen der Speichersysteme der Institution enthalten. Sofern die Dokumentation der Systemeinstellungen vertrauliche Informationen beinhaltet, SOLLTEN diese vor unberechtigtem Zugriff geschützt werden. Die Dokumentation SOLLTE regelmäßig überprüft werden. Sie SOLLTE immer aktuell sein.""";"Ein Betriebshandbuch für Speicherlösungen SOLLTE alle Regelungen, Anforderungen und Einstellungen dokumentieren, die erforderlich sind, um Speicherlösungen zu betreiben Quelle: Erstellung und Pflege eines Betriebshandbuchs. Es SOLLTE mindestens die folgenden Themen adressieren: relevante System- und Kontaktinformationen, erforderliche und zulässige Betriebsmittel, allgemeine Konfigurationsvorgaben, Konfigurationsvorgaben zur Härtung von Spezialsystemen, Rollen- und Berechtigungen, IT-Monitoring, Protokollierung und Alarmierung, Datensicherung und Notfallkonzepte, IT Incident Management sowie Vorgaben für alle regelmäßigen und außerplanmäßigen Tätigkeiten Quelle: Erstellen von Betriebshandbüchern für die betriebene IT.

Anschlussfragen:
1. Wie oft SOLLTE das Betriebshandbuch aktualisiert werden?
2. Welche Rolle spielt die Sicherheitsrichtlinie für Speicherlösungen bei der Erstellung des Betriebshandbuchs?
3. Wie SOLLTEN nicht genutzte Schnittstellen des Speichersystems behandelt werden?";Ein Betriebshandbuch für Speicherlösungen SOLLTE alle Regelungen, Anforderungen und Einstellungen dokumentieren, die erforderlich sind, um Speicherlösungen zu betreiben Quelle: Erstellung und Pflege eines Betriebshandbuchs. Es SOLLTE mindestens die folgenden Themen adressieren: relevante System- und Kontaktinformationen, erforderliche und zulässige Betriebsmittel, allgemeine Konfigurationsvorgaben, Konfigurationsvorgaben zur Härtung von Spezialsystemen, Rollen- und Berechtigungen, IT-Monitoring, Protokollierung und Alarmierung, Datensicherung und Notfallkonzepte, IT Incident Management sowie Vorgaben für alle regelmäßigen und außerplanmäßigen Tätigkeiten Quelle: Erstellen von Betriebshandbüchern für die betriebene IT.;"1. Wie oft SOLLTE das Betriebshandbuch aktualisiert werden?
2. Welche Rolle spielt die Sicherheitsrichtlinie für Speicherlösungen bei der Erstellung des Betriebshandbuchs?
3. Wie SOLLTEN nicht genutzte Schnittstellen des Speichersystems behandelt werden?";3;3;;;;;Wie oft SOLLTE das Betriebshandbuch aktualisiert werden?;1;2;"Grundschutz fordert regelmäßige Aktualisierung, gibt aber keinen genauen Zeitraum für Betriebshandbücher an; Frage ist thematisch passend.";Welche Rolle spielt die Sicherheitsrichtlinie für Speicherlösungen bei der Erstellung des Betriebshandbuchs?;2;2;"IT-Grundschutz verknüpft Sicherheitsrichtlinie und Betriebshandbuch; Frage ist direkt relevant zur Handbuch‑Erstellung.";Wie SOLLTEN nicht genutzte Schnittstellen des Speichersystems behandelt werden?;2;2;"Grundschutz fordert das Deaktivieren nicht genutzter Schnittstellen; Frage vertieft Handbuchinhalt zu diesem Aspekt.";1.667;2.0
Wie implementiere ich eine hochverfügbare SAN-Lösung richtig?;"Um eine hochverfügbare SAN-Lösung richtig zu implementieren, SOLLTE eine hochverfügbare SAN-Lösung eingesetzt werden, wie im Baustein SYS.1.8.A22 beschrieben Quelle: SYS.1.8.A22 (S. unbekannt, da keine Seitenzahl angegeben). Die eingesetzten Replikationsmechanismen SOLLTEN den Verfügbarkeitsanforderungen der Institution an die Speicherlösung entsprechen. Auch die Konfiguration der Speicherlösung SOLLTE den Verfügbarkeitsanforderungen gerecht werden. Außerdem SOLLTE ein Test- und Konsolidierungssystem vorhanden sein.

Zusätzlich SOLLTE Hard-Zoning eingesetzt werden, um SANs zu segmentieren, wie in SYS.1.8.A26 beschrieben Quelle: SYS.1.8.A26 (S. unbekannt, da keine Seitenzahl angegeben).

Anschlussfragen:
1. Wie können die Verfügbarkeitsanforderungen der Institution an die Speicherlösung bestimmt werden?
2. Welche Rolle spielt die Konfiguration der Speicherlösung bei der Gewährleistung der Hochverfügbarkeit?
3. Wie kann ein Test- und Konsolidierungssystem für eine hochverfügbare SAN-Lösung eingerichtet werden?";"Um eine hochverfügbare SAN-Lösung richtig zu implementieren, SOLLTE eine hochverfügbare SAN-Lösung eingesetzt werden, wie im Baustein SYS.1.8.A22 beschrieben Quelle: SYS.1.8.A22 (S. unbekannt, da keine Seitenzahl angegeben). Die eingesetzten Replikationsmechanismen SOLLTEN den Verfügbarkeitsanforderungen der Institution an die Speicherlösung entsprechen. Auch die Konfiguration der Speicherlösung SOLLTE den Verfügbarkeitsanforderungen gerecht werden. Außerdem SOLLTE ein Test- und Konsolidierungssystem vorhanden sein.

Zusätzlich SOLLTE Hard-Zoning eingesetzt werden, um SANs zu segmentieren, wie in SYS.1.8.A26 beschrieben Quelle: SYS.1.8.A26 (S. unbekannt, da keine Seitenzahl angegeben).";"""SYS.1.8.A22 Einsatz einer hochverfügbaren SAN-Lösung (H) Eine hochverfügbare SAN-Lösung SOLLTE eingesetzt werden. Die eingesetzten Replikationsmechanismen SOLLTEN den Verfügbarkeitsanforderungen der Institution an die Speicherlösung entsprechen. Auch die Konfiguration der Speicherlösung SOLLTE den Verfügbarkeitsanforderungen gerecht werden. Außerdem SOLLTE ein Test- und Konsolidierungssystem vorhanden sein."",

""SYS.1.8.A26 Absicherung eines SANs durch Hard-Zoning (H) Um SANs zu segmentieren, SOLLTE Hard-Zoning eingesetzt werden.""";"Um eine hochverfügbare SAN-Lösung richtig zu implementieren, SOLLTE die Institution die folgenden Aspekte beachten: 
- Die eingesetzten Replikationsmechanismen SOLLTEN den Verfügbarkeitsanforderungen der Institution an die Speicherlösung entsprechen Quelle: SYS.1.8 Speicherlösungen (S.1).
- Die Konfiguration der Speicherlösung SOLLTE den Verfügbarkeitsanforderungen gerecht werden Quelle: SYS.1.8 Speicherlösungen (S.2).
- Ein Test- und Konsolidierungssystem SOLLTE vorhanden sein Quelle: SYS.1.8 Speicherlösungen (S.3).
- Die SAN-Lösung SOLLTE segmentiert werden, um die Sicherheit zu erhöhen Quelle: SYS.1.8 Speicherlösungen (S.5).
- Die Institution SOLLTE die potenziellen Risiken und Bedrohungen identifizieren und entsprechende Maßnahmen ergreifen, um diese zu minimieren Quelle: SYS.1.8 Speicherlösungen (S.7).

Anschlussfragen:
1. Wie können die Verfügbarkeitsanforderungen der Institution an die Speicherlösung am besten definiert werden?
2. Welche Rolle spielt die Segmentierung in einer SAN-Lösung, um die Sicherheit zu erhöhen?
3. Wie können potenzielle Risiken und Bedrohungen bei der Implementierung einer hochverfügbaren SAN-Lösung identifiziert und minimiert werden?";"Um eine hochverfügbare SAN-Lösung richtig zu implementieren, SOLLTE die Institution die folgenden Aspekte beachten: 
- Die eingesetzten Replikationsmechanismen SOLLTEN den Verfügbarkeitsanforderungen der Institution an die Speicherlösung entsprechen Quelle: SYS.1.8 Speicherlösungen (S.1).
- Die Konfiguration der Speicherlösung SOLLTE den Verfügbarkeitsanforderungen gerecht werden Quelle: SYS.1.8 Speicherlösungen (S.2).
- Ein Test- und Konsolidierungssystem SOLLTE vorhanden sein Quelle: SYS.1.8 Speicherlösungen (S.3).
- Die SAN-Lösung SOLLTE segmentiert werden, um die Sicherheit zu erhöhen Quelle: SYS.1.8 Speicherlösungen (S.5).
- Die Institution SOLLTE die potenziellen Risiken und Bedrohungen identifizieren und entsprechende Maßnahmen ergreifen, um diese zu minimieren Quelle: SYS.1.8 Speicherlösungen (S.7).";"1. Wie können die Verfügbarkeitsanforderungen der Institution an die Speicherlösung am besten definiert werden?
2. Welche Rolle spielt die Segmentierung in einer SAN-Lösung, um die Sicherheit zu erhöhen?
3. Wie können potenzielle Risiken und Bedrohungen bei der Implementierung einer hochverfügbaren SAN-Lösung identifiziert und minimiert werden?";3;3;0.7329365079242922;1.0;0.8;0.6740599564925146;Wie können die Verfügbarkeitsanforderungen der Institution an die Speicherlösung am besten definiert werden?;2;2;"IT‑Grundschutz behandelt Anforderungsanalyse und Verfügbarkeitskriterien für Speicherlösungen; die Frage vertieft das Thema der SAN‑Implementierung sinnvoll.";Welche Rolle spielt die Segmentierung in einer SAN-Lösung, um die Sicherheit zu erhöhen?;2;1;"IT-Grundschutz behandelt SAN-Segmentierung umfassend; die Frage ist thematisch nah, aber fokussiert Sicherheit, nicht primär Hochverfügbarkeit.";Wie können potenzielle Risiken und Bedrohungen bei der Implementierung einer hochverfügbaren SAN-Lösung identifiziert und minimiert werden?;2;2;Grundschutz behandelt Risikoanalyse für Speicherlösungen und generelle Risikobewertung, passend zur Vertiefung der SAN‑Implementierung.;2.0;1.667
Welche Schritte sind erforderlich, um den Schutzbedarf für Geschäftsprozesse und Anwendungen zu ermitteln, und welche Schadensszenarien sind dabei zu berücksichtigen?;"Um den Schutzbedarf für Geschäftsprozesse und Anwendungen zu ermitteln, sollten die Bedeutung der einzelnen Geschäftsprozesse für die Institution beleuchtet und die Abhängigkeiten zwischen Geschäftsprozessen und Anwendungen analysiert werden. Dazu gehört auch die Diskussion realistischer Schadensszenarien mit der Fragestellung ""Was wäre, wenn..."" und die Beschreibung der zu erwartenden materiellen oder ideellen Schäden. Quelle: 8.2.3 Schutzbedarfsfeststellung für Geschäftsprozesse und Anwendungen (S.8.2.3).

Bei der Schutzbedarfsfeststellung sollten die Schadensszenarien Verstoß gegen Gesetze/Vorschriften/Verträge, Beeinträchtigung des informationellen Selbstbestimmungsrechts, Beeinträchtigung der persönlichen Unversehrtheit, Beeinträchtigung der Aufgabenerfüllung, negative Innen- oder Außenwirkung und finanzielle Auswirkungen berücksichtigt werden. Quelle: 8.2.1 Definition der Schutzbedarfskategorien (S.8.2.1).

Die Schutzbedarfskategorien ""normal"", ""hoch"" und ""sehr hoch"" sollten anhand dieser Schadensszenarien und der zu erwartenden Auswirkungen bestimmt werden. Quelle: 8.2.1 Definition der Schutzbedarfskategorien (S.8.2.1).

Anschlussfragen:
1. Wie können die Schutzbedarfskategorien ""normal"", ""hoch"" und ""sehr hoch"" für eine bestimmte Anwendung oder einen Geschäftsprozess bestimmt werden?
2. Welche Rolle spielen die Schadensszenarien bei der Ermittlung des Schutzbedarfs für Geschäftsprozesse und Anwendungen?
3. Wie können die Ergebnisse der Schutzbedarfsfeststellung dokumentiert und für das Informationssicherheitsmanagement genutzt werden?";"Um den Schutzbedarf für Geschäftsprozesse und Anwendungen zu ermitteln, sollten die Bedeutung der einzelnen Geschäftsprozesse für die Institution beleuchtet und die Abhängigkeiten zwischen Geschäftsprozessen und Anwendungen analysiert werden. Dazu gehört auch die Diskussion realistischer Schadensszenarien mit der Fragestellung ""Was wäre, wenn..."" und die Beschreibung der zu erwartenden materiellen oder ideellen Schäden. Quelle: 8.2.3 Schutzbedarfsfeststellung für Geschäftsprozesse und Anwendungen (S.8.2.3).

Bei der Schutzbedarfsfeststellung sollten die Schadensszenarien Verstoß gegen Gesetze/Vorschriften/Verträge, Beeinträchtigung des informationellen Selbstbestimmungsrechts, Beeinträchtigung der persönlichen Unversehrtheit, Beeinträchtigung der Aufgabenerfüllung, negative Innen- oder Außenwirkung und finanzielle Auswirkungen berücksichtigt werden. Quelle: 8.2.1 Definition der Schutzbedarfskategorien (S.8.2.1).

Die Schutzbedarfskategorien ""normal"", ""hoch"" und ""sehr hoch"" sollten anhand dieser Schadensszenarien und der zu erwartenden Auswirkungen bestimmt werden. Quelle: 8.2.1 Definition der Schutzbedarfskategorien (S.8.2.1).";"8.2.3 Schutzbedarfsfeststellung für Geschäftsprozesse und Anwendungen Um den Schutzbedarf in den verschiedenen Bereichen eines Informationsverbunds zu bestimmen, muss zunächst der Schutzbedarf der Geschäftsprozesse und der zugehörigen Informationen ermittelt werden. Darauf aufbauend wird daraus der Schutzbedarf der einzelnen Anwendungen, IT-Systeme, ICS- und sonstigen Geräte, Räume und Kommunikationsverbindungen abgeleitet. Um den Schutzbedarf der Geschäftsprozesse zu ermitteln, sollte zunächst die Bedeutung der einzel? nen Geschäftsprozesse für die Institution beleuchtet werden. Davon ausgehend sollte hinterfragt werden, welche Abhängigkeiten zwischen Geschäftsprozessen und Anwendungen bestehen und wie die sich daraus ergebenden Risiken entschärft werden können. Hierzu hat es sich bewährt, mit der Fragestellung „Was wäre, wenn...?“ zusammen mit den Anwendern realistische Schadensszena? rien zu diskutieren und die zu erwartenden materiellen oder ideellen Schäden zu beschreiben. Oft führt dies auch dazu, dass kritische Abhängigkeiten zwischen Geschäftsprozessen und weiteren Ziel? objekten aufgedeckt werden, die vorher nicht im Fokus standen. Aus dem Schutzbedarf der Geschäftsprozesse ergibt sich der Schutzbedarf der Anwendungen, die für deren Erledigung eingesetzt werden.

Hinweis:       Zur Einschätzung des Schutzbedarfs sollten die geeigneten Ansprechpartner gesucht werden, es       ist nicht erforderlich, größere Gruppe von Benutzern zu befragen. Beispielsweise ist es zur Bewer?       tung des Schutzbedarfs bestimmter zentraler Dienste, wie zum Beispiel DNS oder E-Mail, ausrei?       chend, den Schutzbedarf durch die Organisationseinheit festlegen zu lassen, die als Dienstanbie?       ter ffr die Institution auftritt (meist die IT-Abteilung oder das Provider-Management). Der Schutz?       bedarf dieser Dienste ist in der Institution zu kommunizieren. Wird ein höherwertiger       Schutzbedarf der Dienste durch einzelne Fachabteilungen benötigt, so sind mögliche Lösungen       zwischen Fachabteilung, Sicherheitsmanagement und dem Betreiber oder Anbieter des Dienstes       zu erörtern. Ein IT-Dienstleister kann im Regelfall seine Services nicht ffr jede mögliche Schutzbe?       darfskategorie bereitstellen. Deshalb wird er seine Dienste mit einer von ihm festgelegten Schutz?       bedarfseignung anbieten. Der Informationseigentfmer muss bei Nutzung eines Service ffr seinen       Geschäftsprozess entscheiden, ob die ihm vom IT-Dienstleister angebotene Schutzbedarfseig?       nung ausreicht oder ob zusätzliche Sicherheitsmaßnahmen infolge höheren Schutzbedarfs um?       gesetzt werden mfssen.

In die Schutzbedarfsfeststellung müssen auch die in der Strukturanalyse erfassten Gruppen von Da? tenträgern und Dokumenten einbezogen werden. Um die Ermittlung der möglichen Schäden und Auswirkungen zu vereinfachen, werden im Anhang dieses Standards entsprechende Fragestellungen vorgestellt. Diese Anregungen erheben nicht den Anspruch auf Vollständigkeit, sie dienen lediglich zur Orientierung. Um die individuelle Aufgabenstel? lung und die Situation der Institution zu berücksichtigen, müssen diese Fragen gegebenenfalls ent? sprechend ergänzt und angepasst werden. Die Festlegung des Schutzbedarfs der Geschäftsprozesse und Anwendungen ist eine Entscheidung im Rahmen des Risikomanagements und hat oft weitreichende Auswirkungen auf das Sicherheitskon? zept für den betrachteten Informationsverbund. Der Schutzbedarf der Geschäftsprozesse und Anwendungen fließt in die Schutzbedarfsfeststellung der betroffenen technischen und infrastrukturellen Objekte, wie zum Beispiel Server und Räume, ein. Bei komplexen Geschäftsprozessen, insbesondere wenn diese hohen oder sehr hohen Schutzbedarf haben, kann es sinnvoll sein, diese in Teilprozesse zu zerlegen. Wenn dabei der Bereich mit einem hohen oder sehr hohen Schutzbedarf auf wenige Teilprozesse eingegrenzt werden kann, hat das den Vorteil, dass sich der hohe bzw. sehr hohe Schutzbedarf auf wenige Objekte vererbt. Um die Ergebnisse der Schutzbedarfsfeststellung und die daraus resultierenden Entscheidungen im Rahmen des Informationssicherheitsmanagements später jederzeit nachvollziehen zu können, müs? sen die Ergebnisse der Schutzbedarfsfeststellung der Geschäftsprozesse und Anwendungen gut do? kumentiert werden. Dabei ist darauf zu achten, dass nicht nur die Festlegung des Schutzbedarfs fest? gehalten wird, sondern auch die entsprechenden Begründungen. Diese Begründungen erlauben es später, die Festlegungen zu überprüfen und weiter zu verwenden.

An dieser Stelle kann es sinnvoll sein, über diese Informationen hinaus den Schutzbedarf auch aus einer gesamtheitlichen Sicht der Geschäftsprozesse oder Fachaufgaben zu betrachten. Dazu bietet es sich an, den Zweck einer Anwendung in einem Geschäftsprozess oder in einer Fachaufgabe zu be? schreiben und daraus wiederum deren Bedeutung abzuleiten. Diese Bedeutung kann wie folgt klas? sifiziert werden. Die Bedeutung der Anwendung ist für den Geschäftsprozess bzw. die Fachaufgabe: • normal: Der Geschäftsprozess bzw. die Fachaufgabe kann mit tolerierbarem Mehraufwand mit   anderen Mitteln (z. B. manuell) durchgeführt werden. • hoch: Der Geschäftsprozess bzw. die Fachaufgabe kann nur mit deutlichem Mehraufwand mit   anderen Mitteln durchgeführt werden. • sehr hoch: Der Geschäftsprozess bzw. die Fachaufgabe kann ohne die Anwendung überhaupt   nicht durchgeführt werden. Der Vorteil, eine solche ganzheitliche Zuordnung vorzunehmen, liegt insbesondere darin, dass bei der Schutzbedarfsfeststellung die Leitungsebene als Regulativ für den Schutzbedarf der einzelnen An? wendungen agieren kann. So kann es sein, dass ein Verantwortlicher für eine Anwendung deren Schutzbedarf aus seiner Sicht als „normal“ einschätzt, die Leitungsebene aus Sicht des Geschäftspro? zesses bzw. der Fachaufgabe diese Einschätzung jedoch nach oben korrigiert. Diese optionalen Angaben sollten ebenfalls tabellarisch oder mithilfe entsprechender Software-pro? dukte dokumentiert werden.

Aktionspunkt zu 8.2.3 Schutzbedarfsfeststellung für Geschäftsprozesse und Anwendun? gen • Schutzbedarf der erfassten Geschäftsprozesse und Anwendungen anhand von Schadensszenarien und Fragenkatalogen ermitteln • Schutzbedarf der Geschäftsprozesse und Anwendungen und die entsprechenden Begründungen   tabellarisch dokumentieren

8.2.1 Definition der Schutzbedarfskategorien 
Da der Schutzbedarf meist nicht quantifizierbar ist, beschränkt sich der IT-Grundschutz somit auf eine qualitative Aussage, indem der Schutzbedarf in drei Kategorien unterteilt wird:

Schutzbedarfskategorien „normal“     Die Schadensauswirkungen sind begrenzt und überschaubar. „hoch“    Die Schadensauswirkungen können beträchtlich sein. „sehr hoch“         Die Schadensauswirkungen können ein existenziell bedrohliches, katastrophales Ausmaß erreichen.

Hinweis:       Es kann für eine Institution auch sinnvoll sein, weitere Kategorien zu definieren. Beispielsweise       kann eine Abstufung nach unten, z. B. „unkritisch“, eingeffhrt werden. (Diese könnte wie folgt       definiert sein: „Schäden an Ressourcen der Schutzbedarfskategorie ,unkritisch‘ haben keine oder       nur minimale Beeinträchtigungen der Institution zur Folge.“)

Werden nur ein oder zwei Kategorien genutzt, ist die damit erreichbare Abstufung meist nicht gra? nular genug. Werden dagegen fünf oder mehr Schutzbedarfskategorien verwendet, ist eine klare Unterscheidung zwischen den einzelnen Stufen schwieriger. Zudem ist die Zuordnung von Ressourcen zu einer der möglichen Schutzbedarfskategorien schwer nachvollziehbar und es steigt dadurch auch der Aufwand sowohl bei der Zuordnung als auch bei Revisionen. Eine andere Möglichkeit ist es, für Vertraulichkeit andere Kategorien als für Integrität oder Verfügbar? keit zu nutzen. Einige Institutionen unterteilen beispielsweise Vertraulichkeit in die Kategorien „of? fen“, „intern“, „vertraulich“ und „geheim“, aber die Kategorien Integrität oder Verfügbarkeit nur in zwei Stufen „normal“ und „kritisch“. Wenn mehr als drei Schutzbedarfskategorien definiert werden, so ist zu überlegen, welche der neu definierten Kategorien den Schutzbedarfskategorien „hoch“ bzw. „sehr hoch“ entsprechen, denn diese Information wird zur Überprüfung der Entscheidung benötigt, welche Objekte in die Risikoana? lyse aufgenommen werden.

Die nachfolgenden Schritte erläutern, wie für Geschäftsprozesse und die mit diesen verbundenen Anwendungen jeweils die adäquate Schutzbedarfskategorie ermittelt werden kann. Die Schäden, die bei dem Verlust der Vertraulichkeit, Integrität oder Verfügbarkeit für einen Geschäftsprozess bzw. eine Anwendung einschließlich ihrer Daten entstehen können, lassen sich typi? scherweise folgenden Schadensszenarien zuordnen: • Verstoß gegen Gesetze/Vorschriften/Verträge, • Beeinträchtigung des informationellen Selbstbestimmungsrechts, • Beeinträchtigung der persönlichen Unversehrtheit, • Beeinträchtigung der Aufgabenerfüllung, • negative Innen- oder Außenwirkung und • finanzielle Auswirkungen. Häufig treffen dabei für einen Schaden mehrere Schadensszenarien zu. So kann beispielsweise der Ausfall einer Anwendung die Aufgabenerfüllung beeinträchtigen, was direkte finanzielle Einbußen nach sich zieht und gleichzeitig auch zu einem Imageverlust führt.

Hinweis:     Auch die Art und Anzahl der betrachteten Szenarien können individuell angepasst werden. Je     nach Institution gibt es unterschiedliche Schwerpunkte, auf die sich das Sicherheitsmanagement     konzentrieren kann. So könnte das Szenario „Beeinträchtigung des informationellen Selbstbe?     stimmungsrechts“ entfallen, wenn beispielsweise in der Institution das Datenschutzmanagement     dieses Szenario bereits ausreichend betrachtet hat. In vielen Institutionen kann das Szenario „Be?     einträchtigung der persönlichen Unversehrtheit“ weggelassen werden, es sei denn, es handelt     sich um ein Unternehmen, bei dem Fehlfunktionen von IT-Systemen unmittelbar Personenschä?     den nach sich ziehen können. Dies könnte beispielsweise im Gesundheitswesen oder in Produk?     tionsbereichen der Fall sein.

Es könnten auch zusätzliche Szenarien betrachtet werden, wie beispielsweise • Einschränkung der Dienstleistungen für Dritte oder
• Auswirkungen auf weitere Infrastrukturen außerhalb des eigenen Informationsverbunds (z. B. Re?   chenzentren, IT-Betrieb von Kunden oder Dienstleistern). Um die Schutzbedarfskategorien „normal“, „hoch“ und „sehr hoch“ voneinander abgrenzen zu können, bietet es sich an, die Grenzen für die einzelnen Schadensszenarien zu bestimmen. Zur Ori? entierung, welchen Schutzbedarf ein potenzieller Schaden und seine Folgen erzeugen, dienen die folgenden Tabellen. Die Tabellen sollten von der jeweiligen Institution auf ihre eigenen Gegebenheiten angepasst werden.

Schutzbedarfskategorie „normal“ 1. Verstoß gegen Gesetze/               • Verstöße gegen Vorschriften und Gesetze mit geringfügigen    Vorschriften/Verträge                  Konsequenzen                                         • Geringfügige Vertragsverletzungen mit maximal geringen Kon?                                           ventionalstrafen 2. Beeinträchtigung des infor? • Es handelt sich um personenbezogene Daten, durch deren Ver?    mationellen Selbstbestim?     arbeitung der Betroffene in seiner gesellschaftlichen Stellung    mungsrechts                   oder in seinen wirtschaftlichen Verhältnissen beeinträchtigt wer?                                  den kann. 3. Beeinträchtigung der per?            • Eine Beeinträchtigung erscheint nicht möglich.    sönlichen Unversehrtheit 4. Beeinträchtigung der Auf?            • Die Beeinträchtigung würde von den Betroffenen als tolerabel    gabenerfüllung                         eingeschätzt werden.                                         • Die maximal tolerierbare Ausfallzeit liegt zwischen 24 und 72                                           Stunden. 5. Negative Innen- oder Au?             • Eine geringe bzw. nur interne Ansehens- oder Vertrauensbeein?    ßenwirkung                             trächtigung ist zu erwarten. 6. Finanzielle Auswirkungen             • Der finanzielle Schaden bleibt für die Institution tolerabel.

Tabelle 2: Schutzbedarfskategorie „normal“

Schutzbedarfskategorie „hoch“ 1. Verstoß gegen Geset?                 • Verstöße gegen Vorschriften und Gesetze mit erheblichen Kon?    ze/Vorschriften/Verträge               sequenzen                                         • Vertragsverletzungen mit hohen Konventionalstrafen 2. Beeinträchtigung des infor? • Es handelt sich um personenbezogene Daten, bei deren Verar?    mationellen Selbstbestim?     beitung der Betroffene in seiner gesellschaftlichen Stellung oder    mungsrechts                   in seinen wirtschaftlichen Verhältnissen erheblich beeinträchtigt                                  werden kann. 3. Beeinträchtigung der per?            • Eine Beeinträchtigung der persönlichen Unversehrtheit kann    sönlichen Unversehrtheit               nicht absolut ausgeschlossen werden.

Schutzbedarfskategorie „hoch“ 4. Beeinträchtigung der Auf?               • Die Beeinträchtigung würde von einzelnen Betroffenen als nicht    gabenerfüllung                            tolerabel eingeschätzt.                                            • Die maximal tolerierbare Ausfallzeit liegt zwischen einer und 24                                              Stunden. 5. Negative Innen- oder Au?                • Eine breite Ansehens- oder Vertrauensbeeinträchtigung ist zu er?    ßenwirkung                                warten. 6. Finanzielle Auswirkungen                • Der Schaden bewirkt beachtliche finanzielle Verluste, ist jedoch                                              nicht existenzbedrohend.

Tabelle 3: Schutzbedarfskategorie „hoch“


Schutzbedarfskategorie „sehr hoch“ 1. Verstoß gegen Gesetze/                  • Fundamentaler Verstoß gegen Vorschriften und Gesetze    Vorschriften/Verträge                   • Vertragsverletzungen, deren Haftungsschäden ruinös sind 2. Beeinträchtigung des infor? • Es handelt sich um personenbezogene Daten, bei deren Verar?    mationellen Selbstbestim?     beitung eine Gefahr für Leib und Leben oder die persönliche Frei?    mungsrechts                   heit des Betroffenen gegeben ist. 3. Beeinträchtigung der per?               • Gravierende Beeinträchtigungen der persönlichen Unversehrt?    sönlichen Unversehrtheit                  heit sind möglich.                                            • Gefahr für Leib und Leben 4. Beeinträchtigung der Auf?               • Die Beeinträchtigung würde von allen Betroffenen als nicht tole?    gabenerfüllung                            rabel eingeschätzt werden.                                            • Die maximal tolerierbare Ausfallzeit ist kleiner als eine Stunde. 5. Negative Innen- oder Au?                • Eine landesweite Ansehens- oder Vertrauensbeeinträchtigung,    ßenwirkung                                eventuell sogar existenzgefährdender Art, ist denkbar. 6. Finanzielle Auswirkungen                • Der finanzielle Schaden ist für die Institution existenzbedrohend.

Tabelle 4: Schutzbedarfskategorie „sehr hoch“

Wenn bei individuellen Betrachtungen festgestellt wird, dass über diese sechs Schadensszenarien hi? naus weitere infrage kommen, sollten diese entsprechend ergänzt werden. Für alle Schäden, die sich nicht in diese Szenarien abbilden lassen, muss ebenfalls eine Aussage getroffen werden, wo die Gren? zen zwischen „normal“, „hoch“ oder „sehr hoch“ zu ziehen sind. Darüber hinaus sollten die individuellen Gegebenheiten der Institution berücksichtigt werden: Bedeu? tet in einem Großunternehmen ein Schaden in Höhe von 200.000,- E gemessen am Umsatz noch einen geringen Schaden, so kann für ein Kleinunternehmen schon ein Schaden in Höhe von 10.000,- E existenziell bedrohlich sein. Daher kann es sinnvoll sein, eine prozentuale Größe als Grenzwert zu definieren, der sich am Gesamtumsatz, am Gesamtgewinn oder an einer ähnlichen Bezugsgröße ori? entiert. Ähnliche Überlegungen können bezüglich der Verfügbarkeitsanforderungen angestellt werden. So kann beispielsweise ein Ausfall von 24 Stunden Dauer in der Schutzbedarfskategorie „normal“ als

";"Um den Schutzbedarf für Geschäftsprozesse und Anwendungen zu ermitteln, müssen die Bedeutung der einzelnen Geschäftsprozesse für die Institution beleuchtet und die Abhängigkeiten zwischen Geschäftsprozessen und Anwendungen analysiert werden. Dazu gehören die Diskussion realistischer Schadensszenarien mit der Fragestellung ""Was wäre, wenn..."" und die Beschreibung der zu erwartenden materiellen oder ideellen Schäden Quelle: Kapitel 8.2. 

Der Schutzbedarf der Anwendungen wird bestimmt, indem berücksichtigt wird, welche Informationen mit diesen Anwendungen verarbeitet werden Quelle: Kapitel 8.2. 

Anschlussfragen:
1. Wie werden die Schutzbedarfskategorien für die Geschäftsprozesse und Anwendungen definiert?
2. Welche Rolle spielen Abhängigkeiten zwischen Geschäftsprozessen und Anwendungen bei der Ermittlung des Schutzbedarfs?
3. Wie wird der Schutzbedarf von IT-Systemen und Räumen aus dem Schutzbedarf der Anwendungen abgeleitet?";"Um den Schutzbedarf für Geschäftsprozesse und Anwendungen zu ermitteln, müssen die Bedeutung der einzelnen Geschäftsprozesse für die Institution beleuchtet und die Abhängigkeiten zwischen Geschäftsprozessen und Anwendungen analysiert werden. Dazu gehören die Diskussion realistischer Schadensszenarien mit der Fragestellung ""Was wäre, wenn..."" und die Beschreibung der zu erwartenden materiellen oder ideellen Schäden Quelle: Kapitel 8.2. 

Der Schutzbedarf der Anwendungen wird bestimmt, indem berücksichtigt wird, welche Informationen mit diesen Anwendungen verarbeitet werden Quelle: Kapitel 8.2.";"1. Wie werden die Schutzbedarfskategorien für die Geschäftsprozesse und Anwendungen definiert?
2. Welche Rolle spielen Abhängigkeiten zwischen Geschäftsprozessen und Anwendungen bei der Ermittlung des Schutzbedarfs?
3. Wie wird der Schutzbedarf von IT-Systemen und Räumen aus dem Schutzbedarf der Anwendungen abgeleitet?";3;3;0.9999999999875;1.0;1.0;0.5440438879849305;Wie werden die Schutzbedarfskategorien für die Geschäftsprozesse und Anwendungen definiert?;2;2;IT-Grundschutz beschreibt detailliert die Definition der Schutzbedarfskategorien, passend zur Vertiefung der ursprünglichen Schutzbedarfs‑Ermittlung.;Welche Rolle spielen Abhängigkeiten zwischen Geschäftsprozessen und Anwendungen bei der Ermittlung des Schutzbedarfs?;2;2;"IT-Grundschutz behandelt explizit Abhängigkeiten zwischen Prozessen und Anwendungen bei der Schutzbedarfsbestimmung; Frage vertieft das Thema direkt.";Wie wird der Schutzbedarf von IT-Systemen und Räumen aus dem Schutzbedarf der Anwendungen abgeleitet?;2;2;Grundschutz beschreibt klar die Ableitung des Schutzbedarfs von Anwendungen auf IT‑Systeme und Räume (Maximumprinzip, Vererbung).;2.0;2.0
