Frage;Antwort;Antwort (Hauptteil);Fundstellen;Generierte Antwort;Generierte Antwort (Hauptteil);Generierte Anschlussfragen;followup_count_generated;followup_count_truth;context_precision;context_recall;faithfulness;answer_correctness;followup_q1;followup_q1_answerability;followup_q1_relevance;followup_q1_reason;followup_q2;followup_q2_answerability;followup_q2_relevance;followup_q2_reason;followup_q3;followup_q3_answerability;followup_q3_relevance;followup_q3_reason;followup_avg_answerability;followup_avg_relevance
Welche grundlegenden Sicherheitsmaßnahmen müssen beim Einrichten eines Webservers ergriffen werden?;"Beim Einrichten eines Webservers müssen grundlegende Sicherheitsmaßnahmen ergriffen werden, um eine sichere Grundkonfiguration zu gewährleisten. Dazu gehört, dass der Webserver-Prozess einem Konto mit minimalen Rechten zugeordnet wird und in einer gekapselten Umgebung ausgeführt wird, sofern dies vom Betriebssystem unterstützt wird Quelle: APP.3.2.A1 (S.391). Wenn eine gekapselte Umgebung nicht möglich ist, sollte jeder Webserver auf einem eigenen physischen oder virtuellen Server ausgeführt werden. Des Weiteren müssen dem Webserver-Dienst alle nicht notwendigen Schreibberechtigungen entzogen werden und nicht benötigte Module und Funktionen deaktiviert werden Quelle: APP.3.2.A1 (S.391).

Anschlussfragen:
1. Wie sollten Webserver in die Netzarchitektur integriert und mit Firewalls abgesichert werden?
2. Welche Rolle spielt das Identitäts- und Berechtigungsmanagement bei der Authentisierung von Webservern?
3. Wie können kryptografische Schlüssel für verschlüsselte Verbindungen zu Webservern sicher verwaltet werden?";Beim Einrichten eines Webservers müssen grundlegende Sicherheitsmaßnahmen ergriffen werden, um eine sichere Grundkonfiguration zu gewährleisten. Dazu gehört, dass der Webserver-Prozess einem Konto mit minimalen Rechten zugeordnet wird und in einer gekapselten Umgebung ausgeführt wird, sofern dies vom Betriebssystem unterstützt wird Quelle: APP.3.2.A1 (S.391). Wenn eine gekapselte Umgebung nicht möglich ist, sollte jeder Webserver auf einem eigenen physischen oder virtuellen Server ausgeführt werden. Des Weiteren müssen dem Webserver-Dienst alle nicht notwendigen Schreibberechtigungen entzogen werden und nicht benötigte Module und Funktionen deaktiviert werden Quelle: APP.3.2.A1 (S.391).;"APP.3.2.A1 Sichere Konfiguration eines Webservers (B)
Nachdem der IT-Betrieb einen Webserver installiert hat, MUSS er eine sichere Grundkonfiguration vornehmen. Dazu MUSS er insbesondere den Webserver-Prozess einem Konto mit minimalen Rechten zuweisen. Der Webserver MUSS in einer gekapselten Umgebung ausgeführt werden, sofern dies vom Betriebssystem unterstützt wird. Ist dies nicht möglich, SOLLTE jeder Webserver auf einem eigenen physischen oder virtuellen Server ausgeführt werden. Dem Webserver-Dienst MÜSSEN alle nicht notwendige Schreibberechtigungen entzogen werden.
Nicht benötigte Module und Funktionen des Webservers MÜSSEN deaktiviert werden.";"Beim Einrichten eines Webservers müssen folgende grundlegende Sicherheitsmaßnahmen ergriffen werden:

1. **Zuweisung von Rechten und gekapselte Umgebung**:
   - Der Webserver-Prozess MUSS einem Konto mit minimalen Rechten zugewiesen werden.
   - Der Webserver MUSS in einer gekapselten Umgebung ausgeführt werden, sofern dies vom Betriebssystem unterstützt wird. Ist dies nicht möglich, SOLLTE jeder Webserver auf einem eigenen physischen oder virtuellen Server ausgeführt werden.
   - Quelle: Sichere Konfiguration eines Webservers (S.1)

2. **Entzug von Schreibberechtigungen und Deaktivierung nicht benötigter Module**:
   - Dem Webserver-Dienst MÜSSEN alle nicht notwendigen Schreibberechtigungen entzogen werden.
   - Nicht benötigte Module und Funktionen des Webservers MÜSSEN deaktiviert werden.
   - Quelle: Sichere Konfiguration eines Webservers (S.1)

3. **Sicherheitsrichtlinie und Härtung**:
   - Vor Inbetriebnahme SOLLTE das System grundlegend gehärtet werden. Dafür SOLLTEN funktionsspezifische und institutionsweite Sicherheitsvorlagen erstellt und gepflegt werden, die auf die Server ausgerollt werden.
   - Quelle: Sichere Konfiguration von Windows Server 2012 (S.1)

4. **Vertragliche Regelungen bei Nutzung eines Webhosters**:
   - Es SOLLTE vertraglich geregelt werden, wie die Dienste zu erbringen sind. Dabei SOLLTEN Sicherheitsaspekte innerhalb des Vertrags schriftlich in einem Service Level Agreement (SLA) festgehalten werden.
   - Quelle: Auswahl eines geeigneten Webhosters (S.1)

5. **Sichere Installation und Grundkonfiguration von Servern**:
   - Der vollständige Installations- und Konfigurationsvorgang SOLLTE soweit wie möglich innerhalb einer gesonderten und von Produktivsystemen abgetrennten Installationsumgebung vorgenommen werden.
   - Quelle: Sichere Installation und Grundkonfiguration von Servern (S.1)

Anschlussfragen:
1. Welche zusätzlichen Sicherheitsmaßnahmen sind bei der Beschaffung von Webanwendungen und Webservices zu beachten?
2. Wie kann die Netzarchitektur und -design für Webserver abgesichert werden?
3. Welche Anforderungen gelten für die sichere Konfiguration und Nutzung eines eingebetteten Webservers?";"Beim Einrichten eines Webservers müssen folgende grundlegende Sicherheitsmaßnahmen ergriffen werden:

1. **Zuweisung von Rechten und gekapselte Umgebung**:
   - Der Webserver-Prozess MUSS einem Konto mit minimalen Rechten zugewiesen werden.
   - Der Webserver MUSS in einer gekapselten Umgebung ausgeführt werden, sofern dies vom Betriebssystem unterstützt wird. Ist dies nicht möglich, SOLLTE jeder Webserver auf einem eigenen physischen oder virtuellen Server ausgeführt werden.
   - Quelle: Sichere Konfiguration eines Webservers (S.1)

2. **Entzug von Schreibberechtigungen und Deaktivierung nicht benötigter Module**:
   - Dem Webserver-Dienst MÜSSEN alle nicht notwendigen Schreibberechtigungen entzogen werden.
   - Nicht benötigte Module und Funktionen des Webservers MÜSSEN deaktiviert werden.
   - Quelle: Sichere Konfiguration eines Webservers (S.1)

3. **Sicherheitsrichtlinie und Härtung**:
   - Vor Inbetriebnahme SOLLTE das System grundlegend gehärtet werden. Dafür SOLLTEN funktionsspezifische und institutionsweite Sicherheitsvorlagen erstellt und gepflegt werden, die auf die Server ausgerollt werden.
   - Quelle: Sichere Konfiguration von Windows Server 2012 (S.1)

4. **Vertragliche Regelungen bei Nutzung eines Webhosters**:
   - Es SOLLTE vertraglich geregelt werden, wie die Dienste zu erbringen sind. Dabei SOLLTEN Sicherheitsaspekte innerhalb des Vertrags schriftlich in einem Service Level Agreement (SLA) festgehalten werden.
   - Quelle: Auswahl eines geeigneten Webhosters (S.1)

5. **Sichere Installation und Grundkonfiguration von Servern**:
   - Der vollständige Installations- und Konfigurationsvorgang SOLLTE soweit wie möglich innerhalb einer gesonderten und von Produktivsystemen abgetrennten Installationsumgebung vorgenommen werden.
   - Quelle: Sichere Installation und Grundkonfiguration von Servern (S.1)";"1. Welche zusätzlichen Sicherheitsmaßnahmen sind bei der Beschaffung von Webanwendungen und Webservices zu beachten?
2. Wie kann die Netzarchitektur und -design für Webserver abgesichert werden?
3. Welche Anforderungen gelten für die sichere Konfiguration und Nutzung eines eingebetteten Webservers?";3;3;0.7928571428373213;1.0;1.0;0.6968229809180047;Welche zusätzlichen Sicherheitsmaßnahmen sind bei der Beschaffung von Webanwendungen und Webservices zu beachten?;2;2;Direkt relevant zu Webanwendungen;Wie kann die Netzarchitektur und -design für Webserver abgesichert werden?;2;2;Direkt relevant und abgedeckt;Welche Anforderungen gelten für die sichere Konfiguration und Nutzung eines eingebetteten Webservers?;2;2;Direkte Relevanz zu Webserver-Sicherheit;2.0;2.0
Wie müssen Webserver-Dateien geschützt werden?;"Der IT-Betrieb MUSS alle Dateien auf dem Webserver, insbesondere Skripte und Konfigurationsdateien, so schützen, dass sie nicht unbefugt gelesen und geändert werden können Quelle: APP.3.2.A2 (S.391). Es MUSS sichergestellt werden, dass Webanwendungen nur auf einen definierten Verzeichnisbaum zugreifen können, dem WWW-Wurzelverzeichnis Quelle: APP.3.2.A2 (S.391). Der Webserver MUSS so konfiguriert sein, dass er nur Dateien ausliefert, die sich innerhalb des WWW-Wurzelverzeichnisses befinden Quelle: APP.3.2.A2 (S.391). Vertrauliche Daten MÜSSEN vor unberechtigtem Zugriff geschützt werden Quelle: APP.3.2.A2 (S.391).

Anschlussfragen:
1. Wie müssen Webserver-Dateien vor unbefugtem Zugriff geschützt werden, wenn sie vertrauliche Informationen enthalten?
2. Welche Rolle spielt die Konfiguration des Webservers bei der Sicherstellung, dass nur autorisierte Dateien ausgeliefert werden?
3. Wie oft sollte der IT-Betrieb überprüfen, ob vertrauliche Dateien in öffentlichen Verzeichnissen des Webservers gespeichert wurden?";Der IT-Betrieb MUSS alle Dateien auf dem Webserver, insbesondere Skripte und Konfigurationsdateien, so schützen, dass sie nicht unbefugt gelesen und geändert werden können Quelle: APP.3.2.A2 (S.391). Es MUSS sichergestellt werden, dass Webanwendungen nur auf einen definierten Verzeichnisbaum zugreifen können, dem WWW-Wurzelverzeichnis Quelle: APP.3.2.A2 (S.391). Der Webserver MUSS so konfiguriert sein, dass er nur Dateien ausliefert, die sich innerhalb des WWW-Wurzelverzeichnisses befinden Quelle: APP.3.2.A2 (S.391). Vertrauliche Daten MÜSSEN vor unberechtigtem Zugriff geschützt werden Quelle: APP.3.2.A2 (S.391).;"APP.3.2.A2 Schutz der Webserver-Dateien (B)
Der IT-Betrieb MUSS alle Dateien auf dem Webserver, insbesondere Skripte und Konfigurationsdateien, so schützen, dass sie nicht unbefugt gelesen und geändert werden können. Es MUSS sichergestellt werden, dass Webanwendungen nur auf einen definierten Verzeichnisbaum
zugreifen können (WWW-Wurzelverzeichnis). Der Webserver MUSS so konfiguriert sein, dass er nur Dateien ausliefert, die sich innerhalb des WWW-Wurzelverzeichnisses befinden.Der IT-Betrieb MUSS alle nicht benötigten Funktionen, die Verzeichnisse auflisten, deaktivieren.
Vertrauliche Daten MÜSSEN vor unberechtigtem Zugriff geschützt werden. Insbesondere MUSS der IT-Betrieb sicherstellen, dass vertrauliche Dateien nicht in öffentlichen Verzeichnissen des Webservers liegen. Der IT-Betrieb MUSS regelmäßig überprüfen, ob vertrauliche Dateien in öffentlichen Verzeichnissen gespeichert wurden.";"Um Webserver-Dateien angemessen zu schützen, müssen folgende Maßnahmen ergriffen werden:

1. **Schutz der Webserver-Dateien**:
   - Der IT-Betrieb MUSS alle Dateien auf dem Webserver, insbesondere Skripte und Konfigurationsdateien, so schützen, dass sie nicht unbefugt gelesen und geändert werden können.
   - Es MUSS sichergestellt werden, dass Webanwendungen nur auf einen definierten Verzeichnisbaum zugreifen können (WWW-Wurzelverzeichnis). Der Webserver MUSS so konfiguriert sein, dass er nur Dateien ausliefert, die sich innerhalb des WWW-Wurzelverzeichnisses befinden.
   - Der IT-Betrieb MUSS alle nicht benötigten Funktionen, die Verzeichnisse auflisten, deaktivieren.
   - Vertrauliche Daten MÜSSEN vor unberechtigtem Zugriff geschützt werden. Insbesondere MUSS der IT-Betrieb sicherstellen, dass vertrauliche Dateien nicht in öffentlichen Verzeichnissen des Webservers liegen.
   - Der IT-Betrieb MUSS regelmäßig überprüfen, ob vertrauliche Dateien in öffentlichen Verzeichnissen gespeichert wurden.
   Quelle: Schutz der Webserver-Dateien (S.1-2)

2. **Schutz vertraulicher Daten**:
   - Die Entwickelnden MÜSSEN sicherstellen, dass vertrauliche Daten von den Clients zu den Servern nur mit der HTTP-Post-Methode übertragen werden.
   - Entwickelnde MÜSSEN durch Direktiven in der Webanwendung gewährleisten, dass clientseitig keine schützenswerten Daten zwischengespeichert werden.
   - Entwickelnde MÜSSEN sicherstellen, dass in Formularen keine vertraulichen Formulardaten im Klartext angezeigt werden.
   - Die Webanwendung SOLLTE verhindern, dass vertrauliche Daten vom Webbrowser unerwartet gespeichert werden.
   - Sämtliche Zugangsdaten der Webanwendung MÜSSEN serverseitig mithilfe von sicheren kryptografischen Algorithmen vor unbefugtem Zugriff geschützt werden (Salted Hash).
   - Die Dateien mit den Quelltexten der Webanwendung MÜSSEN vor unerlaubten Abrufen geschützt werden.
   Quelle: Schutz vertraulicher Daten (S.2-3)

3. **Absicherung von Datei-Uploads und -Downloads**:
   - Alle mithilfe des Webservers veröffentlichten Dateien MÜSSEN vorher auf Schadprogramme geprüft werden.
   - Es MUSS eine Maximalgröße für Datei-Uploads spezifiziert sein.
   - Für Uploads MUSS genügend Speicherplatz reserviert werden.
   Quelle: Absicherung von Datei-Uploads und -Downloads (S.4)

4. **Sichere Konfiguration eines Webservers**:
   - Nachdem der IT-Betrieb einen Webserver installiert hat, MUSS er eine sichere Grundkonfiguration vornehmen.
   - Dazu MUSS er insbesondere den Webserver-Prozess einem Konto mit minimalen Rechten zuweisen.
   - Der Webserver MUSS in einer gekapselten Umgebung ausgeführt werden, sofern dies vom Betriebssystem unterstützt wird. Ist dies nicht möglich, SOLLTE jeder Webserver auf einem eigenen physischen oder virtuellen Server ausgeführt werden.
   - Dem Webserver-Dienst MÜSSEN alle nicht notwendige Schreibberechtigungen entzogen werden.
   - Nicht benötigte Module und Funktionen des Webservers MÜSSEN deaktiviert werden.
   Quelle: Sichere Konfiguration eines Webservers (S.4-5)

Anschlussfragen:
1. Welche Maßnahmen sind erforderlich, um Webserver vor Denial-of-Service-Angriffen zu schützen?
2. Wie können Zugangsdaten zur Webanwendung oder zum Webservice serverseitig mithilfe von sicheren kryptografischen Algorithmen geschützt werden?
3. Welche Anforderungen gelten für die sichere Konfiguration eines Webservers?";"Um Webserver-Dateien angemessen zu schützen, müssen folgende Maßnahmen ergriffen werden:

1. **Schutz der Webserver-Dateien**:
   - Der IT-Betrieb MUSS alle Dateien auf dem Webserver, insbesondere Skripte und Konfigurationsdateien, so schützen, dass sie nicht unbefugt gelesen und geändert werden können.
   - Es MUSS sichergestellt werden, dass Webanwendungen nur auf einen definierten Verzeichnisbaum zugreifen können (WWW-Wurzelverzeichnis). Der Webserver MUSS so konfiguriert sein, dass er nur Dateien ausliefert, die sich innerhalb des WWW-Wurzelverzeichnisses befinden.
   - Der IT-Betrieb MUSS alle nicht benötigten Funktionen, die Verzeichnisse auflisten, deaktivieren.
   - Vertrauliche Daten MÜSSEN vor unberechtigtem Zugriff geschützt werden. Insbesondere MUSS der IT-Betrieb sicherstellen, dass vertrauliche Dateien nicht in öffentlichen Verzeichnissen des Webservers liegen.
   - Der IT-Betrieb MUSS regelmäßig überprüfen, ob vertrauliche Dateien in öffentlichen Verzeichnissen gespeichert wurden.
   Quelle: Schutz der Webserver-Dateien (S.1-2)

2. **Schutz vertraulicher Daten**:
   - Die Entwickelnden MÜSSEN sicherstellen, dass vertrauliche Daten von den Clients zu den Servern nur mit der HTTP-Post-Methode übertragen werden.
   - Entwickelnde MÜSSEN durch Direktiven in der Webanwendung gewährleisten, dass clientseitig keine schützenswerten Daten zwischengespeichert werden.
   - Entwickelnde MÜSSEN sicherstellen, dass in Formularen keine vertraulichen Formulardaten im Klartext angezeigt werden.
   - Die Webanwendung SOLLTE verhindern, dass vertrauliche Daten vom Webbrowser unerwartet gespeichert werden.
   - Sämtliche Zugangsdaten der Webanwendung MÜSSEN serverseitig mithilfe von sicheren kryptografischen Algorithmen vor unbefugtem Zugriff geschützt werden (Salted Hash).
   - Die Dateien mit den Quelltexten der Webanwendung MÜSSEN vor unerlaubten Abrufen geschützt werden.
   Quelle: Schutz vertraulicher Daten (S.2-3)

3. **Absicherung von Datei-Uploads und -Downloads**:
   - Alle mithilfe des Webservers veröffentlichten Dateien MÜSSEN vorher auf Schadprogramme geprüft werden.
   - Es MUSS eine Maximalgröße für Datei-Uploads spezifiziert sein.
   - Für Uploads MUSS genügend Speicherplatz reserviert werden.
   Quelle: Absicherung von Datei-Uploads und -Downloads (S.4)

4. **Sichere Konfiguration eines Webservers**:
   - Nachdem der IT-Betrieb einen Webserver installiert hat, MUSS er eine sichere Grundkonfiguration vornehmen.
   - Dazu MUSS er insbesondere den Webserver-Prozess einem Konto mit minimalen Rechten zuweisen.
   - Der Webserver MUSS in einer gekapselten Umgebung ausgeführt werden, sofern dies vom Betriebssystem unterstützt wird. Ist dies nicht möglich, SOLLTE jeder Webserver auf einem eigenen physischen oder virtuellen Server ausgeführt werden.
   - Dem Webserver-Dienst MÜSSEN alle nicht notwendige Schreibberechtigungen entzogen werden.
   - Nicht benötigte Module und Funktionen des Webservers MÜSSEN deaktiviert werden.
   Quelle: Sichere Konfiguration eines Webservers (S.4-5)";"1. Welche Maßnahmen sind erforderlich, um Webserver vor Denial-of-Service-Angriffen zu schützen?
2. Wie können Zugangsdaten zur Webanwendung oder zum Webservice serverseitig mithilfe von sicheren kryptografischen Algorithmen geschützt werden?
3. Welche Anforderungen gelten für die sichere Konfiguration eines Webservers?";3;3;0.999999999975;0.875;1.0;0.6998776637924651;Welche Maßnahmen sind erforderlich, um Webserver vor Denial-of-Service-Angriffen zu schützen?;2;2;Direkt relevante Vertiefung;Wie können Zugangsdaten zur Webanwendung oder zum Webservice serverseitig mithilfe von sicheren kryptografischen Algorithmen geschützt werden?;2;2;Direkte Abdeckung durch IT-Grundschutz;Welche Anforderungen gelten für die sichere Konfiguration eines Webservers?;2;2;Direkte Relevanz zur Webserver-Konfiguration;2.0;2.0
Welche Sicherheitsanforderungen gelten für Datei-Uploads und -Downloads über einen Webserver?;"Für Datei-Uploads und -Downloads über einen Webserver gelten folgende Sicherheitsanforderungen: Alle veröffentlichten Dateien MÜSSEN vorher auf Schadprogramme geprüft werden Quelle: APP.3.2.A3 (S.391). Es MUSS eine Maximalgröße für Datei-Uploads spezifiziert sein Quelle: APP.3.2.A3 (S.391). Für Uploads MUSS genügend Speicherplatz reserviert werden Quelle: APP.3.2.A3 (S.391).

Anschlussfragen:
1. Wie sollten Webserver in die Netzarchitektur integriert werden, um eine angemessene Absicherung zu gewährleisten?
2. Welche Rolle spielt das Identitäts- und Berechtigungsmanagement bei der Absicherung von Webservern?
3. Wie können kryptografische Schlüssel für verschlüsselte Verbindungen zu Webservern sicher verwaltet werden?";Für Datei-Uploads und -Downloads über einen Webserver gelten folgende Sicherheitsanforderungen: Alle veröffentlichten Dateien MÜSSEN vorher auf Schadprogramme geprüft werden Quelle: APP.3.2.A3 (S.391). Es MUSS eine Maximalgröße für Datei-Uploads spezifiziert sein Quelle: APP.3.2.A3 (S.391). Für Uploads MUSS genügend Speicherplatz reserviert werden Quelle: APP.3.2.A3 (S.391).;"APP.3.2.A3 Absicherung von Datei-Uploads und -Downloads (B)
Alle mithilfe des Webservers veröffentlichten Dateien MÜSSEN vorher auf Schadprogramme geprüft werden. Es MUSS eine Maximalgröße für Datei-Uploads spezifiziert sein. Für Uploads MUSS genügend Speicherplatz reserviert werden.";"Für Datei-Uploads und -Downloads über einen Webserver gelten folgende Sicherheitsanforderungen:

1. **Schadprogrammprüfung**: Alle mithilfe des Webservers veröffentlichten Dateien MÜSSEN vorher auf Schadprogramme geprüft werden. Quelle: Absicherung von Datei-Uploads und -Downloads (S.1)

2. **Maximalgröße für Datei-Uploads**: Es MUSS eine Maximalgröße für Datei-Uploads spezifiziert sein. Quelle: Absicherung von Datei-Uploads und -Downloads (S.1)

3. **Speicherplatzreservierung**: Für Uploads MUSS genügend Speicherplatz reserviert werden. Quelle: Absicherung von Datei-Uploads und -Downloads (S.1)

4. **Einschränkung der Upload-Funktion**: Falls eine Webanwendung oder ein Webservice eine Upload-Funktion für Dateien anbietet, MUSS diese Funktion durch den IT-Betrieb so weit wie möglich eingeschränkt werden. Insbesondere MÜSSEN die erlaubte Dateigröße, erlaubte Dateitypen und erlaubte Speicherorte festgelegt werden. Quelle: Kontrolliertes Einbinden von Dateien und Inhalten (S.1)

5. **Zugriffsrechte**: Es MUSS festgelegt werden, welche Clients die Funktion verwenden dürfen. Auch MÜSSEN Zugriffs- und Ausführungsrechte restriktiv gesetzt werden. Quelle: Kontrolliertes Einbinden von Dateien und Inhalten (S.1)

6. **Speicherortbeschränkung**: Zudem MUSS sichergestellt werden, dass Clients Dateien nur im vorgegebenen erlaubten Speicherort speichern können. Quelle: Kontrolliertes Einbinden von Dateien und Inhalten (S.1)

7. **Schutz der Webserver-Dateien**: Der IT-Betrieb MUSS alle Dateien auf dem Webserver, insbesondere Skripte und Konfigurationsdateien, so schützen, dass sie nicht unbefugt gelesen und geändert werden können. Quelle: Schutz der Webserver-Dateien (S.1)

8. **WWW-Wurzelverzeichnis**: Es MUSS sichergestellt werden, dass Webanwendungen nur auf einen definierten Verzeichnisbaum zugreifen können (WWW-Wurzelverzeichnis). Der Webserver MUSS so konfiguriert sein, dass er nur Dateien ausliefert, die sich innerhalb des WWW-Wurzelverzeichnisses befinden. Quelle: Schutz der Webserver-Dateien (S.1)

9. **Deaktivierung nicht benötigter Funktionen**: Der IT-Betrieb MUSS alle nicht benötigten Funktionen, die Verzeichnisse auflisten, deaktivieren. Quelle: Schutz der Webserver-Dateien (S.1)

10. **Schutz vertraulicher Daten**: Vertrauliche Daten MÜSSEN vor unberechtigtem Zugriff geschützt werden. Insbesondere MUSS der IT-Betrieb sicherstellen, dass vertrauliche Dateien nicht in öffentlichen Verzeichnissen des Webservers liegen. Der IT-Betrieb MUSS regelmäßig überprüfen, ob vertrauliche Dateien in öffentlichen Verzeichnissen gespeichert wurden. Quelle: Schutz der Webserver-Dateien (S.1)

Anschlussfragen:
1. Welche Maßnahmen können ergriffen werden, um die Schadprogrammprüfung bei Datei-Uploads zu optimieren?
2. Wie kann der IT-Betrieb sicherstellen, dass die Zugriffs- und Ausführungsrechte für Datei-Uploads restriktiv gesetzt werden?
3. Welche zusätzlichen Sicherheitsmaßnahmen sollten bei der Verwendung von Webanwendungen und Webservices berücksichtigt werden?";"Für Datei-Uploads und -Downloads über einen Webserver gelten folgende Sicherheitsanforderungen:

1. **Schadprogrammprüfung**: Alle mithilfe des Webservers veröffentlichten Dateien MÜSSEN vorher auf Schadprogramme geprüft werden. Quelle: Absicherung von Datei-Uploads und -Downloads (S.1)

2. **Maximalgröße für Datei-Uploads**: Es MUSS eine Maximalgröße für Datei-Uploads spezifiziert sein. Quelle: Absicherung von Datei-Uploads und -Downloads (S.1)

3. **Speicherplatzreservierung**: Für Uploads MUSS genügend Speicherplatz reserviert werden. Quelle: Absicherung von Datei-Uploads und -Downloads (S.1)

4. **Einschränkung der Upload-Funktion**: Falls eine Webanwendung oder ein Webservice eine Upload-Funktion für Dateien anbietet, MUSS diese Funktion durch den IT-Betrieb so weit wie möglich eingeschränkt werden. Insbesondere MÜSSEN die erlaubte Dateigröße, erlaubte Dateitypen und erlaubte Speicherorte festgelegt werden. Quelle: Kontrolliertes Einbinden von Dateien und Inhalten (S.1)

5. **Zugriffsrechte**: Es MUSS festgelegt werden, welche Clients die Funktion verwenden dürfen. Auch MÜSSEN Zugriffs- und Ausführungsrechte restriktiv gesetzt werden. Quelle: Kontrolliertes Einbinden von Dateien und Inhalten (S.1)

6. **Speicherortbeschränkung**: Zudem MUSS sichergestellt werden, dass Clients Dateien nur im vorgegebenen erlaubten Speicherort speichern können. Quelle: Kontrolliertes Einbinden von Dateien und Inhalten (S.1)

7. **Schutz der Webserver-Dateien**: Der IT-Betrieb MUSS alle Dateien auf dem Webserver, insbesondere Skripte und Konfigurationsdateien, so schützen, dass sie nicht unbefugt gelesen und geändert werden können. Quelle: Schutz der Webserver-Dateien (S.1)

8. **WWW-Wurzelverzeichnis**: Es MUSS sichergestellt werden, dass Webanwendungen nur auf einen definierten Verzeichnisbaum zugreifen können (WWW-Wurzelverzeichnis). Der Webserver MUSS so konfiguriert sein, dass er nur Dateien ausliefert, die sich innerhalb des WWW-Wurzelverzeichnisses befinden. Quelle: Schutz der Webserver-Dateien (S.1)

9. **Deaktivierung nicht benötigter Funktionen**: Der IT-Betrieb MUSS alle nicht benötigten Funktionen, die Verzeichnisse auflisten, deaktivieren. Quelle: Schutz der Webserver-Dateien (S.1)

10. **Schutz vertraulicher Daten**: Vertrauliche Daten MÜSSEN vor unberechtigtem Zugriff geschützt werden. Insbesondere MUSS der IT-Betrieb sicherstellen, dass vertrauliche Dateien nicht in öffentlichen Verzeichnissen des Webservers liegen. Der IT-Betrieb MUSS regelmäßig überprüfen, ob vertrauliche Dateien in öffentlichen Verzeichnissen gespeichert wurden. Quelle: Schutz der Webserver-Dateien (S.1)";"1. Welche Maßnahmen können ergriffen werden, um die Schadprogrammprüfung bei Datei-Uploads zu optimieren?
2. Wie kann der IT-Betrieb sicherstellen, dass die Zugriffs- und Ausführungsrechte für Datei-Uploads restriktiv gesetzt werden?
3. Welche zusätzlichen Sicherheitsmaßnahmen sollten bei der Verwendung von Webanwendungen und Webservices berücksichtigt werden?";3;3;0.9999999999;1.0;1.0;0.4744646565306242;Welche Maßnahmen können ergriffen werden, um die Schadprogrammprüfung bei Datei-Uploads zu optimieren?;2;2;Direkte Vertiefung von Datei-Upload-Sicherheit;Wie kann der IT-Betrieb sicherstellen, dass die Zugriffs- und Ausführungsrechte für Datei-Uploads restriktiv gesetzt werden?;2;2;Direkte Relevanz und klare Antwort;Welche zusätzlichen Sicherheitsmaßnahmen sollten bei der Verwendung von Webanwendungen und Webservices berücksichtigt werden?;2;2;Direkt relevant zu Webanwendungen;2.0;2.0
Welche Ereignisse müssen auf einem Webserver protokolliert werden?;"Auf einem Webserver müssen mindestens folgende Ereignisse protokolliert werden: 
- erfolgreiche Zugriffe auf Ressourcen, 
- fehlgeschlagene Zugriffe auf Ressourcen aufgrund von mangelnder Berechtigung, nicht vorhandenen Ressourcen und Server-Fehlern sowie 
- allgemeine Fehlermeldungen Quelle: APP.3.2.A4 (S.391). 
Die Protokollierungsdaten sollten regelmäßig ausgewertet werden, um potenzielle Sicherheitsprobleme frühzeitig zu erkennen.

Anschlussfragen:
1. Wie sollten die Protokollierungsdaten eines Webservers ausgewertet werden, um Sicherheitsprobleme zu erkennen?
2. Welche Rolle spielt die Webserver-Software bei der Sicherheit des gesamten IT-Systems?
3. Wie können Webserver in die Netzarchitektur integriert und mit Firewalls abgesichert werden?";"Auf einem Webserver müssen mindestens folgende Ereignisse protokolliert werden: 
- erfolgreiche Zugriffe auf Ressourcen, 
- fehlgeschlagene Zugriffe auf Ressourcen aufgrund von mangelnder Berechtigung, nicht vorhandenen Ressourcen und Server-Fehlern sowie 
- allgemeine Fehlermeldungen Quelle: APP.3.2.A4 (S.391). 
Die Protokollierungsdaten sollten regelmäßig ausgewertet werden, um potenzielle Sicherheitsprobleme frühzeitig zu erkennen.";"APP.3.2.A4 Protokollierung von Ereignissen (B)
Der Webserver MUSS mindestens folgende Ereignisse protokollieren:
•erfolgreiche Zugriffe auf Ressourcen,
•fehlgeschlagene Zugriffe auf Ressourcen aufgrund von mangelnder Berechtigung, nicht vorhandenen Ressourcen und Server-Fehlern sowie
•allgemeine Fehlermeldungen.
Die Protokollierungsdaten SOLLTEN regelmäßig ausgewertet werden.";"Auf einem Webserver müssen mindestens folgende Ereignisse protokolliert werden:

- **Erfolgreiche Zugriffe auf Ressourcen**,
- **Fehlgeschlagene Zugriffe auf Ressourcen** aufgrund von mangelnder Berechtigung, nicht vorhandenen Ressourcen oder Server-Fehlern sowie
- **Allgemeine Fehlermeldungen**.

Diese Protokollierungsdaten sollten regelmäßig ausgewertet werden, um potenzielle Sicherheitsrisiken frühzeitig zu erkennen und darauf zu reagieren.

Quelle: Protokollierung von Ereignissen (S.1)

Anschlussfragen:
1. Wie können die Protokollierungsdaten eines Webservers effektiv ausgewertet werden?
2. Welche zusätzlichen Ereignisse sollten bei der Protokollierung auf einem Webserver berücksichtigt werden?
3. Welche Tools oder Methoden eignen sich zur regelmäßigen Auswertung der Protokollierungsdaten?";"Auf einem Webserver müssen mindestens folgende Ereignisse protokolliert werden:

- **Erfolgreiche Zugriffe auf Ressourcen**,
- **Fehlgeschlagene Zugriffe auf Ressourcen** aufgrund von mangelnder Berechtigung, nicht vorhandenen Ressourcen oder Server-Fehlern sowie
- **Allgemeine Fehlermeldungen**.

Diese Protokollierungsdaten sollten regelmäßig ausgewertet werden, um potenzielle Sicherheitsrisiken frühzeitig zu erkennen und darauf zu reagieren.

Quelle: Protokollierung von Ereignissen (S.1)";"1. Wie können die Protokollierungsdaten eines Webservers effektiv ausgewertet werden?
2. Welche zusätzlichen Ereignisse sollten bei der Protokollierung auf einem Webserver berücksichtigt werden?
3. Welche Tools oder Methoden eignen sich zur regelmäßigen Auswertung der Protokollierungsdaten?";3;3;0.9999999999;0.8333333333333334;0.75;0.8424506470886305;Wie können die Protokollierungsdaten eines Webservers effektiv ausgewertet werden?;2;2;Direkte Auswertung von Protokollierungsdaten;Welche zusätzlichen Ereignisse sollten bei der Protokollierung auf einem Webserver berücksichtigt werden?;2;2;Direkte Erweiterung der Protokollierung;Welche Tools oder Methoden eignen sich zur regelmäßigen Auswertung der Protokollierungsdaten?;2;2;Direkte Auswertungsmethoden;2.0;2.0
Wie müssen Passwörter bei der Authentisierung am Webserver gesichert werden?;"Wenn sich Clients mit Hilfe von Passwörtern am Webserver authentisieren, MÜSSEN diese kryptografisch gesichert und vor unbefugtem Zugriff geschützt gespeichert werden Quelle: APP.3.2.A5 (S.391). 

Anschlussfragen:
1. Wie sollten Webserver in die Netzarchitektur integriert werden, um eine sichere Umgebung zu gewährleisten?
2. Welche Rolle spielt das Kryptokonzept bei der sicheren Verwaltung von kryptografischen Schlüsseln für Webserver?
3. Wie sollten Authentisierungsmechanismen für Webserver ergänzt werden, um ein umfassendes Identitäts- und Berechtigungsmanagement zu gewährleisten?";Wenn sich Clients mit Hilfe von Passwörtern am Webserver authentisieren, MÜSSEN diese kryptografisch gesichert und vor unbefugtem Zugriff geschützt gespeichert werden Quelle: APP.3.2.A5 (S.391).;"APP.3.2.A5 Authentisierung (B)
Wenn sich Clients mit Hilfe von Passwörtern am Webserver authentisieren, MÜSSEN diese kryptografisch gesichert und vor unbefugtem Zugriff geschützt gespeichert werden.";"Passwörter bei der Authentisierung am Webserver müssen kryptografisch gesichert und vor unbefugtem Zugriff geschützt gespeichert werden. Die Webanwendung muss die Möglichkeit bieten, Grenzwerte für fehlgeschlagene Anmeldeversuche festzulegen und Benutzende sofort informieren, wenn deren Passwort zurückgesetzt wurde. Zudem müssen die Entwickelnden sicherstellen, dass sich die Benutzenden gegenüber der Webanwendung sicher und angemessen authentisieren, bevor diese auf geschützte Funktionen oder Inhalte zugreifen können. Eine zentrale Authentisierungskomponente muss verwendet werden, und es sollte auf etablierte Standardkomponenten zurückgegriffen werden. Falls eine Webanwendung Authentisierungsdaten auf einem Client speichert, muss explizit auf die Risiken der Funktion hingewiesen werden und eine Zustimmung („Opt-In“) eingeholt werden. Quelle: Authentisierung (S.1-2), Authentisierung bei Webanwendungen (S.1-2), Webserver (S.1-2), Authentisierung an Servern (S.1-2), Kennwortmanagement im Webbrowser (S.1-2), Sicherer Zugriff auf den Terminalserver (S.1-2)

Anschlussfragen:
1. Welche kryptografischen Verfahren sind für die Sicherung von Passwörtern am Webserver geeignet?
2. Wie kann die zentrale Authentisierungskomponente implementiert werden?
3. Welche Maßnahmen sind erforderlich, um die Kommunikation zwischen Client und Terminalserver abzusichern?";Passwörter bei der Authentisierung am Webserver müssen kryptografisch gesichert und vor unbefugtem Zugriff geschützt gespeichert werden. Die Webanwendung muss die Möglichkeit bieten, Grenzwerte für fehlgeschlagene Anmeldeversuche festzulegen und Benutzende sofort informieren, wenn deren Passwort zurückgesetzt wurde. Zudem müssen die Entwickelnden sicherstellen, dass sich die Benutzenden gegenüber der Webanwendung sicher und angemessen authentisieren, bevor diese auf geschützte Funktionen oder Inhalte zugreifen können. Eine zentrale Authentisierungskomponente muss verwendet werden, und es sollte auf etablierte Standardkomponenten zurückgegriffen werden. Falls eine Webanwendung Authentisierungsdaten auf einem Client speichert, muss explizit auf die Risiken der Funktion hingewiesen werden und eine Zustimmung („Opt-In“) eingeholt werden. Quelle: Authentisierung (S.1-2), Authentisierung bei Webanwendungen (S.1-2), Webserver (S.1-2), Authentisierung an Servern (S.1-2), Kennwortmanagement im Webbrowser (S.1-2), Sicherer Zugriff auf den Terminalserver (S.1-2);"1. Welche kryptografischen Verfahren sind für die Sicherung von Passwörtern am Webserver geeignet?
2. Wie kann die zentrale Authentisierungskomponente implementiert werden?
3. Welche Maßnahmen sind erforderlich, um die Kommunikation zwischen Client und Terminalserver abzusichern?";3;3;0.8041666666465626;0.5;1.0;0.3941725736407778;Welche kryptografischen Verfahren sind für die Sicherung von Passwörtern am Webserver geeignet?;2;2;Direkte kryptografische Verfahren;Wie kann die zentrale Authentisierungskomponente implementiert werden?;2;2;Zentrale Authentisierungskomponente;Welche Maßnahmen sind erforderlich, um die Kommunikation zwischen Client und Terminalserver abzusichern?;2;1;Thematisch verwandt, aber nicht direkt;2.0;1.667
Welche Anforderungen gelten an die Verschlüsselung von Verbindungen zu Webservern?;"Für die Verschlüsselung von Verbindungen zu Webservern gelten folgende Anforderungen: Der Webserver MUSS für alle Verbindungen durch nicht vertrauenswürdige Netze eine sichere Verschlüsselung über TLS anbieten (HTTPS) Quelle: APP.3.2.A11 (S.391). Wenn eine HTTPS-Verbindung genutzt wird, MÜSSEN alle Inhalte über HTTPS ausgeliefert werden Quelle: APP.3.2.A11 (S.391). Sogenannter Mixed Content DARF NICHT verwendet werden Quelle: APP.3.2.A11 (S.391).

Anschlussfragen:
1. Wie sollten veraltete Verschlüsselungsverfahren bei der Kommunikation mit Webservern behandelt werden?
2. Welche Rolle spielt die Verwaltung kryptografischer Schlüssel bei der Verschlüsselung von Webserver-Verbindungen?
3. Gibt es besondere Anforderungen an die Authentisierung bei der Nutzung von Webservern, und wenn ja, wo finden sich diese?";Für die Verschlüsselung von Verbindungen zu Webservern gelten folgende Anforderungen: Der Webserver MUSS für alle Verbindungen durch nicht vertrauenswürdige Netze eine sichere Verschlüsselung über TLS anbieten (HTTPS) Quelle: APP.3.2.A11 (S.391). Wenn eine HTTPS-Verbindung genutzt wird, MÜSSEN alle Inhalte über HTTPS ausgeliefert werden Quelle: APP.3.2.A11 (S.391). Sogenannter Mixed Content DARF NICHT verwendet werden Quelle: APP.3.2.A11 (S.391).;"APP.3.2.A11 Verschlüsselung über TLS (B)
Der Webserver MUSS für alle Verbindungen durch nicht vertrauenswürdige Netze eine sichere Verschlüsselung über TLS anbieten (HTTPS). Falls es aus Kompatibilitätsgründen erforderlich ist, veraltete Verfahren zu verwenden, SOLLTEN diese auf so wenige Fälle wie möglich beschränkt werden. Wenn eine HTTPS-Verbindung genutzt wird, MÜSSEN alle Inhalte über HTTPS ausgeliefert werden. Sogenannter Mixed Content DARF NICHT verwendet werden.";"Für die Verschlüsselung von Verbindungen zu Webservern gelten folgende Anforderungen:

1. **Verschlüsselung über TLS**:
   - Der Webserver MUSS für alle Verbindungen durch nicht vertrauenswürdige Netze eine sichere Verschlüsselung über TLS (HTTPS) anbieten. Veraltete Verfahren SOLLTEN auf ein Minimum beschränkt werden.
   - Bei Nutzung von HTTPS MÜSSEN alle Inhalte über HTTPS ausgeliefert werden. Mixed Content DARF NICHT verwendet werden.
   - Der Webbrowser MUSS TLS in einer sicheren Version unterstützen. Verbindungen zu Webservern MÜSSEN mit TLS verschlüsselt werden, falls dies vom Webserver unterstützt wird. Unsichere Versionen von TLS SOLLTEN deaktiviert werden.
   - Der Webbrowser MUSS den Sicherheitsmechanismus HTTP Strict Transport Security (HSTS) gemäß RFC 6797 unterstützen und einsetzen.
   - Jegliche Kommunikation zwischen Client und Terminalserver SOLLTE geeignet verschlüsselt werden. Dabei SOLLTEN sichere Protokolle gemäß BSI TR-02102 verwendet werden.
   - Werden vertrauliche Informationen übertragen, SOLLTE die gesamte Kommunikation mit dem Verzeichnisdienst über ein sicheres Protokoll entsprechend der Technischen Richtlinie TR-02102 des BSI (z. B. TLS) verschlüsselt werden. Der Datenaustausch zwischen Client und Verzeichnisdienst-Server SOLLTE abgesichert werden. Es SOLLTE definiert werden, auf welche Daten zugegriffen werden darf.
   Quelle: Verschlüsselung über TLS (S.1-2), Unterstützung sicherer Verschlüsselung der Kommunikation (S.3), Verschlüsselung der Übertragung (S.3), Absicherung der Kommunikation mit Verzeichnisdiensten (S.4)

2. **Schutz vertraulicher Daten**:
   - Die Entwickelnden MÜSSEN sicherstellen, dass vertrauliche Daten von den Clients zu den Servern nur mit der HTTP-Post-Methode übertragen werden.
   - Entwickelnde MÜSSEN durch Direktiven in der Webanwendung gewährleisten, dass clientseitig keine schützenswerten Daten zwischengespeichert werden. Entwickelnde MÜSSEN sicherstellen, dass in Formularen keine vertraulichen Formulardaten im Klartext angezeigt werden. Die Webanwendung SOLLTE verhindern, dass vertrauliche Daten vom Webbrowser unerwartet gespeichert werden. Sämtliche Zugangsdaten der Webanwendung MÜSSEN serverseitig mithilfe von sicheren kryptografischen Algorithmen vor unbefugtem Zugriff geschützt werden (Salted Hash). Die Dateien mit den Quelltexten der Webanwendung MÜSSEN vor unerlaubten Abrufen geschützt werden.
   Quelle: Schutz vertraulicher Daten (S.3)

Anschlussfragen:
1. Welche Anforderungen gelten für die Absicherung der Kommunikation mit Verzeichnisdiensten?
2. Wie können veraltete Verschlüsselungsverfahren sicher ersetzt werden?
3. Welche Maßnahmen sind erforderlich, um Mixed Content zu vermeiden?";"Für die Verschlüsselung von Verbindungen zu Webservern gelten folgende Anforderungen:

1. **Verschlüsselung über TLS**:
   - Der Webserver MUSS für alle Verbindungen durch nicht vertrauenswürdige Netze eine sichere Verschlüsselung über TLS (HTTPS) anbieten. Veraltete Verfahren SOLLTEN auf ein Minimum beschränkt werden.
   - Bei Nutzung von HTTPS MÜSSEN alle Inhalte über HTTPS ausgeliefert werden. Mixed Content DARF NICHT verwendet werden.
   - Der Webbrowser MUSS TLS in einer sicheren Version unterstützen. Verbindungen zu Webservern MÜSSEN mit TLS verschlüsselt werden, falls dies vom Webserver unterstützt wird. Unsichere Versionen von TLS SOLLTEN deaktiviert werden.
   - Der Webbrowser MUSS den Sicherheitsmechanismus HTTP Strict Transport Security (HSTS) gemäß RFC 6797 unterstützen und einsetzen.
   - Jegliche Kommunikation zwischen Client und Terminalserver SOLLTE geeignet verschlüsselt werden. Dabei SOLLTEN sichere Protokolle gemäß BSI TR-02102 verwendet werden.
   - Werden vertrauliche Informationen übertragen, SOLLTE die gesamte Kommunikation mit dem Verzeichnisdienst über ein sicheres Protokoll entsprechend der Technischen Richtlinie TR-02102 des BSI (z. B. TLS) verschlüsselt werden. Der Datenaustausch zwischen Client und Verzeichnisdienst-Server SOLLTE abgesichert werden. Es SOLLTE definiert werden, auf welche Daten zugegriffen werden darf.
   Quelle: Verschlüsselung über TLS (S.1-2), Unterstützung sicherer Verschlüsselung der Kommunikation (S.3), Verschlüsselung der Übertragung (S.3), Absicherung der Kommunikation mit Verzeichnisdiensten (S.4)

2. **Schutz vertraulicher Daten**:
   - Die Entwickelnden MÜSSEN sicherstellen, dass vertrauliche Daten von den Clients zu den Servern nur mit der HTTP-Post-Methode übertragen werden.
   - Entwickelnde MÜSSEN durch Direktiven in der Webanwendung gewährleisten, dass clientseitig keine schützenswerten Daten zwischengespeichert werden. Entwickelnde MÜSSEN sicherstellen, dass in Formularen keine vertraulichen Formulardaten im Klartext angezeigt werden. Die Webanwendung SOLLTE verhindern, dass vertrauliche Daten vom Webbrowser unerwartet gespeichert werden. Sämtliche Zugangsdaten der Webanwendung MÜSSEN serverseitig mithilfe von sicheren kryptografischen Algorithmen vor unbefugtem Zugriff geschützt werden (Salted Hash). Die Dateien mit den Quelltexten der Webanwendung MÜSSEN vor unerlaubten Abrufen geschützt werden.
   Quelle: Schutz vertraulicher Daten (S.3)";"1. Welche Anforderungen gelten für die Absicherung der Kommunikation mit Verzeichnisdiensten?
2. Wie können veraltete Verschlüsselungsverfahren sicher ersetzt werden?
3. Welche Maßnahmen sind erforderlich, um Mixed Content zu vermeiden?";3;3;0.8357142857003571;1.0;1.0;0.42368035044475627;Welche Anforderungen gelten für die Absicherung der Kommunikation mit Verzeichnisdiensten?;2;1;Thematisch verwandt, aber spezifischer;Wie können veraltete Verschlüsselungsverfahren sicher ersetzt werden?;2;2;Direkt relevante Vertiefung;Welche Maßnahmen sind erforderlich, um Mixed Content zu vermeiden?;2;2;Direkte Verbindung zu TLS und HTTPS;2.0;1.667
Welche Maßnahmen sollten bei der Planung des Einsatzes eines Webservers berücksichtigt werden?;"Bei der Planung des Einsatzes eines Webservers sollten mehrere Maßnahmen berücksichtigt werden. Es SOLLTE geplant und dokumentiert werden, für welchen Zweck der Webserver eingesetzt und welche Inhalte er bereitstellen soll Quelle: APP.3.2.A8 (S). In der Dokumentation SOLLTEN auch die Informationen oder Dienstleistungen des Webangebots und die jeweiligen Zielgruppen beschrieben werden Quelle: APP.3.2.A8 (S). Für den technischen Betrieb und die Webinhalte SOLLTEN geeignete Zuständige festgelegt werden Quelle: APP.3.2.A8 (S).

Anschlussfragen:
1. Wie sollten die Verbindungen zu Webservern abgesichert werden?
2. Welche Rolle spielt die Netzarchitektur bei der Integration von Webservern?
3. Wie sollten Authentisierungsmechanismen für Webserver umgesetzt werden?";Bei der Planung des Einsatzes eines Webservers sollten mehrere Maßnahmen berücksichtigt werden. Es SOLLTE geplant und dokumentiert werden, für welchen Zweck der Webserver eingesetzt und welche Inhalte er bereitstellen soll Quelle: APP.3.2.A8 (S). In der Dokumentation SOLLTEN auch die Informationen oder Dienstleistungen des Webangebots und die jeweiligen Zielgruppen beschrieben werden Quelle: APP.3.2.A8 (S). Für den technischen Betrieb und die Webinhalte SOLLTEN geeignete Zuständige festgelegt werden Quelle: APP.3.2.A8 (S).;"APP.3.2.A8 Planung des Einsatzes eines Webservers (S)
Es SOLLTE geplant und dokumentiert werden, für welchen Zweck der Webserver eingesetzt und welche Inhalte er bereitstellen soll. In der Dokumentation SOLLTEN auch die Informationen oder Dienstleistungen des Webangebots und die jeweiligen Zielgruppen beschrieben werden. Für den technischen Betrieb und die Webinhalte SOLLTEN geeignete Zuständige festgelegt werden.";"Bei der Planung des Einsatzes eines Webservers sollten folgende Maßnahmen berücksichtigt werden:

1. **Zweck und Inhalte des Webservers** festlegen und dokumentieren, einschließlich der bereitgestellten Informationen oder Dienstleistungen und der Zielgruppen. Quelle: Planung des Einsatzes eines Webservers (S.1)
2. **Technische und organisatorische Verantwortlichkeiten** für den Betrieb und die Inhalte des Webservers festlegen. Quelle: Planung des Einsatzes eines Webservers (S.1)
3. **Sicherheitsaspekte** in die Planung einbeziehen, wie z. B. Schutz von Schnittstellen (SYS.1.1.A5) und Protokollierung (SYS.1.1.A10). Quelle: Planung des Server-Einsatzes (S.1)
4. **Hardware und Software** geeignet auswählen und dimensionieren, einschließlich Betriebssystem und Anwendungssoftware. Quelle: Planung des Server-Einsatzes (S.1)
5. **Einbindung in das Netzwerk und Management-Systeme** planen, einschließlich Datensicherung und Schutzsysteme (z. B. Virenschutz, IDS). Quelle: Planung des Server-Einsatzes (S.1)

Anschlussfragen:
1. Welche spezifischen Sicherheitsmaßnahmen sollten bei der Einbindung des Webservers in das Netzwerk berücksichtigt werden?
2. Wie kann die Protokollierung (SYS.1.1.A10) für einen Webserver umgesetzt werden?
3. Welche Rolle spielt die Dokumentation bei der Planung und dem Betrieb eines Webservers?";"Bei der Planung des Einsatzes eines Webservers sollten folgende Maßnahmen berücksichtigt werden:

1. **Zweck und Inhalte des Webservers** festlegen und dokumentieren, einschließlich der bereitgestellten Informationen oder Dienstleistungen und der Zielgruppen. Quelle: Planung des Einsatzes eines Webservers (S.1)
2. **Technische und organisatorische Verantwortlichkeiten** für den Betrieb und die Inhalte des Webservers festlegen. Quelle: Planung des Einsatzes eines Webservers (S.1)
3. **Sicherheitsaspekte** in die Planung einbeziehen, wie z. B. Schutz von Schnittstellen (SYS.1.1.A5) und Protokollierung (SYS.1.1.A10). Quelle: Planung des Server-Einsatzes (S.1)
4. **Hardware und Software** geeignet auswählen und dimensionieren, einschließlich Betriebssystem und Anwendungssoftware. Quelle: Planung des Server-Einsatzes (S.1)
5. **Einbindung in das Netzwerk und Management-Systeme** planen, einschließlich Datensicherung und Schutzsysteme (z. B. Virenschutz, IDS). Quelle: Planung des Server-Einsatzes (S.1)";"1. Welche spezifischen Sicherheitsmaßnahmen sollten bei der Einbindung des Webservers in das Netzwerk berücksichtigt werden?
2. Wie kann die Protokollierung (SYS.1.1.A10) für einen Webserver umgesetzt werden?
3. Welche Rolle spielt die Dokumentation bei der Planung und dem Betrieb eines Webservers?";3;3;0.14285714284285714;0.75;1.0;0.5341704305083704;Welche spezifischen Sicherheitsmaßnahmen sollten bei der Einbindung des Webservers in das Netzwerk berücksichtigt werden?;2;2;Direkt relevante Sicherheitsmaßnahmen;Wie kann die Protokollierung (SYS.1.1.A10) für einen Webserver umgesetzt werden?;1;2;Teilweise abgedeckt durch SYS.1.1.A10;Welche Rolle spielt die Dokumentation bei der Planung und dem Betrieb eines Webservers?;2;2;Dokumentation bei Webserver-Planung;1.667;2.0
Was ist bei der Auswahl eines externen Webhosters zu beachten?;"Bei der Auswahl eines externen Webhosters SOLLTE die Institution auf folgende Punkte achten: 
- Es SOLLTE vertraglich geregelt werden, wie die Dienste zu erbringen sind, wobei Sicherheitsaspekte innerhalb des Vertrags schriftlich in einem Service Level Agreement (SLA) festgehalten werden SOLLTEN Quelle: APP.3.2.A10 (S).
- Die eingesetzten IT-Systeme SOLLTEN vom Webhoster regelmäßig kontrolliert und gewartet werden Quelle: APP.3.2.A10 (S).
- Der Webhoster SOLLTE grundlegende technische und organisatorische Maßnahmen umsetzen, um seinen Informationsverbund zu schützen Quelle: APP.3.2.A10 (S).

Anschlussfragen:
1. Wie sollten die Sicherheitsaspekte innerhalb des Vertrags mit dem Webhoster festgehalten werden?
2. Welche Rolle spielt die regelmäßige Kontrolle und Wartung der IT-Systeme durch den Webhoster?
3. Welche grundlegenden technischen und organisatorischen Maßnahmen sollte der Webhoster umsetzen, um seinen Informationsverbund zu schützen?";"Bei der Auswahl eines externen Webhosters SOLLTE die Institution auf folgende Punkte achten: 
- Es SOLLTE vertraglich geregelt werden, wie die Dienste zu erbringen sind, wobei Sicherheitsaspekte innerhalb des Vertrags schriftlich in einem Service Level Agreement (SLA) festgehalten werden SOLLTEN Quelle: APP.3.2.A10 (S).
- Die eingesetzten IT-Systeme SOLLTEN vom Webhoster regelmäßig kontrolliert und gewartet werden Quelle: APP.3.2.A10 (S).
- Der Webhoster SOLLTE grundlegende technische und organisatorische Maßnahmen umsetzen, um seinen Informationsverbund zu schützen Quelle: APP.3.2.A10 (S).";"APP.3.2 Webserver
APP.3.2.A10 Auswahl eines geeigneten Webhosters (S)
Betreibt die Institution den Webserver nicht selbst, sondern nutzt Angebote externer Unternehmen im Rahmen von Webhosting, SOLLTE die Institution bei der Auswahl eines geeigneten Webhosters auf folgende Punkte achten:
•Es SOLLTE vertraglich geregelt werden, wie die Dienste zu erbringen sind. Dabei SOLLTEN Sicherheitsaspekte innerhalb des Vertrags schriftlich in einem Service Level Agreement (SLA) festgehalten werden.
•Die eingesetzten IT-Systeme SOLLTEN vom Webhoster regelmäßig kontrolliert und gewartet werden. Der Webhoster SOLLTE dazu verpflichtet werden, bei technischen Problemen oder einer Kompromittierung von Kundschaftssystemen zeitnah zu reagieren.
•Der Webhoster SOLLTE grundlegende technische und organisatorische Maßnahmen umsetzen, um seinen Informationsverbund zu schützen.";"Bei der Auswahl eines externen Webhosters SOLLTE die Institution auf folgende Punkte achten:

1. **Vertragliche Regelungen**: Es SOLLTE vertraglich geregelt werden, wie die Dienste zu erbringen sind, wobei Sicherheitsaspekte in einem Service Level Agreement (SLA) festgehalten werden SOLLTEN. Quelle: Auswahl eines geeigneten Webhosters (S.1)

2. **Regelmäßige Wartung und Kontrolle**: Die eingesetzten IT-Systeme SOLLTEN vom Webhoster regelmäßig kontrolliert und gewartet werden. Der Webhoster SOLLTE verpflichtet werden, bei technischen Problemen oder einer Kompromittierung von Kundschaftssystemen zeitnah zu reagieren. Quelle: Auswahl eines geeigneten Webhosters (S.1)

3. **Technische und organisatorische Maßnahmen**: Der Webhoster SOLLTE grundlegende technische und organisatorische Maßnahmen umsetzen, um seinen Informationsverbund zu schützen. Quelle: Auswahl eines geeigneten Webhosters (S.1)

4. **Verantwortung und Risikomanagement**: Die Verantwortung für die Informationssicherheit verbleibt immer bei der auslagernden Institution. Es muss geklärt sein, welche sicherheitsrelevanten Aufgaben durch den externen Dienstleister und welche durch das eigene Sicherheitsmanagement abgedeckt werden. Quelle: Auswahl eines geeigneten Webhosters (S.1)

5. **Ereignistransparenz und Sicherheitsanforderungen**: Es muss Mechanismen geben, die gewährleisten, dass Gefährdungen und Risiken, die Auswirkungen auf die Dienstleistungen haben könnten, erkannt und entsprechend kommuniziert werden. Sicherheitsanforderungen sowie die regelmäßige Überwachung ihrer Einhaltung SOLLTEN in den Verträgen aufgenommen werden. Quelle: Auswahl eines geeigneten Webhosters (S.1)

6. **Zertifikate und Geltungsbereich**: Sofern der Dienstleister bereits ein Zertifikat vorweisen kann, muss berücksichtigt werden, ob der Geltungsbereich des ausgestellten Zertifikates die Dienstleistung auch tatsächlich umfasst. Quelle: Auswahl eines geeigneten Webhosters (S.1)

Anschlussfragen:
1. Welche vertraglichen Regelungen sind bei der Einbindung externer Dienstleister für die Informationssicherheit besonders wichtig?
2. Wie kann die Ereignistransparenz bei der Nutzung externer Dienstleister sichergestellt werden?
3. Welche Maßnahmen SOLLTEN ergriffen werden, um die Verantwortung für die Informationssicherheit bei der Auslagerung von IT-Systemen zu klären?";"Bei der Auswahl eines externen Webhosters SOLLTE die Institution auf folgende Punkte achten:

1. **Vertragliche Regelungen**: Es SOLLTE vertraglich geregelt werden, wie die Dienste zu erbringen sind, wobei Sicherheitsaspekte in einem Service Level Agreement (SLA) festgehalten werden SOLLTEN. Quelle: Auswahl eines geeigneten Webhosters (S.1)

2. **Regelmäßige Wartung und Kontrolle**: Die eingesetzten IT-Systeme SOLLTEN vom Webhoster regelmäßig kontrolliert und gewartet werden. Der Webhoster SOLLTE verpflichtet werden, bei technischen Problemen oder einer Kompromittierung von Kundschaftssystemen zeitnah zu reagieren. Quelle: Auswahl eines geeigneten Webhosters (S.1)

3. **Technische und organisatorische Maßnahmen**: Der Webhoster SOLLTE grundlegende technische und organisatorische Maßnahmen umsetzen, um seinen Informationsverbund zu schützen. Quelle: Auswahl eines geeigneten Webhosters (S.1)

4. **Verantwortung und Risikomanagement**: Die Verantwortung für die Informationssicherheit verbleibt immer bei der auslagernden Institution. Es muss geklärt sein, welche sicherheitsrelevanten Aufgaben durch den externen Dienstleister und welche durch das eigene Sicherheitsmanagement abgedeckt werden. Quelle: Auswahl eines geeigneten Webhosters (S.1)

5. **Ereignistransparenz und Sicherheitsanforderungen**: Es muss Mechanismen geben, die gewährleisten, dass Gefährdungen und Risiken, die Auswirkungen auf die Dienstleistungen haben könnten, erkannt und entsprechend kommuniziert werden. Sicherheitsanforderungen sowie die regelmäßige Überwachung ihrer Einhaltung SOLLTEN in den Verträgen aufgenommen werden. Quelle: Auswahl eines geeigneten Webhosters (S.1)

6. **Zertifikate und Geltungsbereich**: Sofern der Dienstleister bereits ein Zertifikat vorweisen kann, muss berücksichtigt werden, ob der Geltungsbereich des ausgestellten Zertifikates die Dienstleistung auch tatsächlich umfasst. Quelle: Auswahl eines geeigneten Webhosters (S.1)";"1. Welche vertraglichen Regelungen sind bei der Einbindung externer Dienstleister für die Informationssicherheit besonders wichtig?
2. Wie kann die Ereignistransparenz bei der Nutzung externer Dienstleister sichergestellt werden?
3. Welche Maßnahmen SOLLTEN ergriffen werden, um die Verantwortung für die Informationssicherheit bei der Auslagerung von IT-Systemen zu klären?";3;3;0.99999999995;0.6666666666666666;1.0;0.6985605591761039;Welche vertraglichen Regelungen sind bei der Einbindung externer Dienstleister für die Informationssicherheit besonders wichtig?;2;2;Direkte Verbindung zu IT-Grundschutz;Wie kann die Ereignistransparenz bei der Nutzung externer Dienstleister sichergestellt werden?;2;2;Ereignistransparenz bei externen Dienstleistern;Welche Maßnahmen SOLLTEN ergriffen werden, um die Verantwortung für die Informationssicherheit bei der Auslagerung von IT-Systemen zu klären?;2;2;Direkte Relevanz zu Outsourcing;2.0;2.0
Wie sollten Fehlermeldungen auf einem Webserver gestaltet sein?;"Fehlermeldungen auf einem Webserver sollten so gestaltet sein, dass sie weder den Produktnamen noch die verwendete Version des Webservers preisgeben. Sie sollten auch keine Details zu Systeminformationen oder Konfigurationen ausgeben. Stattdessen sollten allgemeine Fehlermeldungen ausgegeben werden, die Clients darauf hinweisen, dass ein Fehler aufgetreten ist. Diese Fehlermeldungen sollten ein eindeutiges Merkmal enthalten, das es dem IT-Betrieb ermöglicht, den Fehler nachzuvollziehen. Quelle: APP.3.2.A12 (S).

Anschlussfragen:
1. Wie sollten Webserver in die Netzarchitektur integriert werden, um sie abzusichern?
2. Welche Rolle spielt das Identitäts- und Berechtigungsmanagement bei der Authentisierung von Webservern?
3. Wie können kryptografische Schlüssel für verschlüsselte Verbindungen zu Webservern sicher verwaltet werden?";Fehlermeldungen auf einem Webserver sollten so gestaltet sein, dass sie weder den Produktnamen noch die verwendete Version des Webservers preisgeben. Sie sollten auch keine Details zu Systeminformationen oder Konfigurationen ausgeben. Stattdessen sollten allgemeine Fehlermeldungen ausgegeben werden, die Clients darauf hinweisen, dass ein Fehler aufgetreten ist. Diese Fehlermeldungen sollten ein eindeutiges Merkmal enthalten, das es dem IT-Betrieb ermöglicht, den Fehler nachzuvollziehen. Quelle: APP.3.2.A12 (S).;"APP.3.2 Webserver
APP.3.2.A12 Geeigneter Umgang mit Fehlern und Fehlermeldungen (S)
Aus den HTTP-Informationen und den angezeigten Fehlermeldungen SOLLTEN weder der Produktname noch die verwendete Version des Webservers ersichtlich sein. Fehlermeldungen SOLLTEN keine Details zu Systeminformationen oder Konfigurationen ausgeben. Der IT-Betrieb SOLLTE sicherstellen, dass der Webserver ausschließlich allgemeine Fehlermeldungen ausgibt, die Clients darauf hinweisen, dass ein Fehler aufgetreten ist. Die Fehlermeldung SOLLTE ein eindeutiges Merkmal enthalten, das es dem IT-Betrieb ermöglicht, den Fehler nachzuvollziehen. Bei unerwarteten Fehlern SOLLTE sichergestellt sein, dass der Webserver nicht in einem Zustand verbleibt, in dem er anfällig für Angriffe ist.";"Fehlermeldungen auf einem Webserver sollten so gestaltet sein, dass sie keine sensiblen Informationen preisgeben. Aus den HTTP-Informationen und den angezeigten Fehlermeldungen sollten weder der Produktname noch die verwendete Version des Webservers ersichtlich sein. Fehlermeldungen sollten keine Details zu Systeminformationen oder Konfigurationen ausgeben. Der IT-Betrieb sollte sicherstellen, dass der Webserver ausschließlich allgemeine Fehlermeldungen ausgibt, die Clients darauf hinweisen, dass ein Fehler aufgetreten ist. Die Fehlermeldung sollte ein eindeutiges Merkmal enthalten, das es dem IT-Betrieb ermöglicht, den Fehler nachzuvollziehen. Bei unerwarteten Fehlern sollte sichergestellt sein, dass der Webserver nicht in einem Zustand verbleibt, in dem er anfällig für Angriffe ist. Quelle: Geeigneter Umgang mit Fehlern und Fehlermeldungen (S.1-2)

Anschlussfragen:
1. Welche Maßnahmen können ergriffen werden, um sicherzustellen, dass der Webserver nicht in einem anfälligen Zustand verbleibt, wenn ein Fehler auftritt?
2. Wie kann der IT-Betrieb sicherstellen, dass die Fehlermeldungen keine sensiblen Informationen preisgeben?
3. Welche Tools oder Methoden können verwendet werden, um die Fehlermeldungen zu protokollieren und auszuwerten?";Fehlermeldungen auf einem Webserver sollten so gestaltet sein, dass sie keine sensiblen Informationen preisgeben. Aus den HTTP-Informationen und den angezeigten Fehlermeldungen sollten weder der Produktname noch die verwendete Version des Webservers ersichtlich sein. Fehlermeldungen sollten keine Details zu Systeminformationen oder Konfigurationen ausgeben. Der IT-Betrieb sollte sicherstellen, dass der Webserver ausschließlich allgemeine Fehlermeldungen ausgibt, die Clients darauf hinweisen, dass ein Fehler aufgetreten ist. Die Fehlermeldung sollte ein eindeutiges Merkmal enthalten, das es dem IT-Betrieb ermöglicht, den Fehler nachzuvollziehen. Bei unerwarteten Fehlern sollte sichergestellt sein, dass der Webserver nicht in einem Zustand verbleibt, in dem er anfällig für Angriffe ist. Quelle: Geeigneter Umgang mit Fehlern und Fehlermeldungen (S.1-2);"1. Welche Maßnahmen können ergriffen werden, um sicherzustellen, dass der Webserver nicht in einem anfälligen Zustand verbleibt, wenn ein Fehler auftritt?
2. Wie kann der IT-Betrieb sicherstellen, dass die Fehlermeldungen keine sensiblen Informationen preisgeben?
3. Welche Tools oder Methoden können verwendet werden, um die Fehlermeldungen zu protokollieren und auszuwerten?";3;3;0.62499999996875;0.7142857142857143;1.0;0.7681091011834567;Welche Maßnahmen können ergriffen werden, um sicherzustellen, dass der Webserver nicht in einem anfälligen Zustand verbleibt, wenn ein Fehler auftritt?;2;2;Fehlerbehandlung und Webserver-Sicherheit;Wie kann der IT-Betrieb sicherstellen, dass die Fehlermeldungen keine sensiblen Informationen preisgeben?;2;2;Direkt abgedeckt durch IT-Grundschutz;Welche Tools oder Methoden können verwendet werden, um die Fehlermeldungen zu protokollieren und auszuwerten?;2;2;Direkte Verbindung zu Protokollierung;2.0;2.0
Wer trägt die Verantwortung für Informationssicherheit beim Outsourcing?;"Die Verantwortung für Informationssicherheit beim Outsourcing verbleibt stets bei der auslagernden Institution Quelle: OPS.2.3, Kap. 1.1. Dies bedeutet, dass die Institution, die Geschäftsprozesse oder Tätigkeiten auslagert, die Verantwortung für die Informationssicherheit trägt, auch wenn die tatsächliche Ausführung durch externe Dienstleistungsunternehmen erfolgt.

Anschlussfragen:
1. Wie werden die Sicherheitsanforderungen für die auslagernden Institutionen und die Anbieter von Outsourcing-Leistungen im Baustein OPS.2.3 behandelt?
2. Welche Arten von Outsourcing-Szenarien können mit dem Baustein OPS.2.3 nicht abschließend abgebildet werden und benötigen eine separate Risikoanalyse?
3. Wie unterscheidet sich der Baustein OPS.2.3 von dem Baustein OPS.3.2 in Bezug auf die Perspektive auf das Outsourcing-Verhältnis?";Die Verantwortung für Informationssicherheit beim Outsourcing verbleibt stets bei der auslagernden Institution Quelle: OPS.2.3, Kap. 1.1. Dies bedeutet, dass die Institution, die Geschäftsprozesse oder Tätigkeiten auslagert, die Verantwortung für die Informationssicherheit trägt, auch wenn die tatsächliche Ausführung durch externe Dienstleistungsunternehmen erfolgt.;"OPS.2.3, Kap. 1.1
1.1. Einleitung
Beim Outsourcing lagern Institutionen (Nutzende von Outsourcing) Geschäftsprozesse oder Tätigkeiten ganz oder teilweise zu einem oder mehreren externen  Dienstleistungsunternehmen (Anbietende von Outsourcing) aus. Diese sogenannten Anbietenden von Outsourcing betreiben im Rahmen des vereinbarten Outsourcing-Verhältnisses die Geschäftsprozesse oder Tätigkeiten nach festgelegten Kriterien. Allerdings verbleibt die Verantwortung aus Sicht der Informationssicherheit stets bei der auslagernden Institution.";"Die Verantwortung für Informationssicherheit beim Outsourcing verbleibt stets bei der auslagernden Institution (Nutzenden von Outsourcing). Dies wird in den IT-Grundschutz-Dokumenten klar hervorgehoben. Die Institution muss sicherstellen, dass die Schutzziele der Informationssicherheit (Vertraulichkeit, Integrität und Verfügbarkeit) über den gesamten Outsourcing-Prozess hinweg eingehalten werden. Die Anbietenden von Outsourcing sind zwar für die Umsetzung der vereinbarten Sicherheitsmaßnahmen verantwortlich, die Gesamtverantwortung liegt jedoch bei der auslagernden Institution.

Die oberste Managementebene der auslagernden Institution trägt die Verantwortung für die Informationssicherheit. Diese Aufgabe wird typischerweise an einen Beauftragten für Informationssicherheit (ISB) delegiert. Der ISB koordiniert und fördert den Informationssicherheitsprozess innerhalb der Institution. Die Gesamtverantwortung für die ordnungsgemäße und sichere Aufgabenerfüllung bleibt jedoch bei der Leitungsebene.

Die Institution muss sicherstellen, dass das geforderte Minimum an Informationssicherheit eingehalten wird und dass die geltenden regulatorischen und gesetzlichen Aspekte berücksichtigt werden. Dies umfasst die Festlegung von Verantwortlichkeiten, die Überwachung der Einhaltung der Sicherheitsanforderungen und die Sicherstellung, dass die Anbietenden von Outsourcing die vereinbarten Sicherheitsmaßnahmen umsetzen.

Quelle: Einleitung (S. 1-2), Zielsetzung (S. 3), Einhaltung der Schutzziele der Informationssicherheit durch ein Informationssicherheitsmanagement (S. 4-5), Informationssicherheit wird häufig vernachlässigt (S. 6-7)

Anschlussfragen:
1. Welche konkreten Maßnahmen müssen die Nutzenden von Outsourcing ergreifen, um die Informationssicherheit zu gewährleisten?
2. Wie können die Anbietenden von Outsourcing die vereinbarten Sicherheitsanforderungen nachweisen?
3. Welche Rolle spielt der Informationssicherheitsbeauftragte (ISB) bei der Umsetzung der Informationssicherheit im Outsourcing-Prozess?";"Die Verantwortung für Informationssicherheit beim Outsourcing verbleibt stets bei der auslagernden Institution (Nutzenden von Outsourcing). Dies wird in den IT-Grundschutz-Dokumenten klar hervorgehoben. Die Institution muss sicherstellen, dass die Schutzziele der Informationssicherheit (Vertraulichkeit, Integrität und Verfügbarkeit) über den gesamten Outsourcing-Prozess hinweg eingehalten werden. Die Anbietenden von Outsourcing sind zwar für die Umsetzung der vereinbarten Sicherheitsmaßnahmen verantwortlich, die Gesamtverantwortung liegt jedoch bei der auslagernden Institution.

Die oberste Managementebene der auslagernden Institution trägt die Verantwortung für die Informationssicherheit. Diese Aufgabe wird typischerweise an einen Beauftragten für Informationssicherheit (ISB) delegiert. Der ISB koordiniert und fördert den Informationssicherheitsprozess innerhalb der Institution. Die Gesamtverantwortung für die ordnungsgemäße und sichere Aufgabenerfüllung bleibt jedoch bei der Leitungsebene.

Die Institution muss sicherstellen, dass das geforderte Minimum an Informationssicherheit eingehalten wird und dass die geltenden regulatorischen und gesetzlichen Aspekte berücksichtigt werden. Dies umfasst die Festlegung von Verantwortlichkeiten, die Überwachung der Einhaltung der Sicherheitsanforderungen und die Sicherstellung, dass die Anbietenden von Outsourcing die vereinbarten Sicherheitsmaßnahmen umsetzen.

Quelle: Einleitung (S. 1-2), Zielsetzung (S. 3), Einhaltung der Schutzziele der Informationssicherheit durch ein Informationssicherheitsmanagement (S. 4-5), Informationssicherheit wird häufig vernachlässigt (S. 6-7)";"1. Welche konkreten Maßnahmen müssen die Nutzenden von Outsourcing ergreifen, um die Informationssicherheit zu gewährleisten?
2. Wie können die Anbietenden von Outsourcing die vereinbarten Sicherheitsanforderungen nachweisen?
3. Welche Rolle spielt der Informationssicherheitsbeauftragte (ISB) bei der Umsetzung der Informationssicherheit im Outsourcing-Prozess?";3;3;0.8736394557698324;0.6;0.875;0.5577862421999217;Welche konkreten Maßnahmen müssen die Nutzenden von Outsourcing ergreifen, um die Informationssicherheit zu gewährleisten?;2;2;Direkte Maßnahmen zur Informationssicherheit;Wie können die Anbietenden von Outsourcing die vereinbarten Sicherheitsanforderungen nachweisen?;2;2;Direkte Relevanz zu Sicherheitsanforderungen;Welche Rolle spielt der Informationssicherheitsbeauftragte (ISB) bei der Umsetzung der Informationssicherheit im Outsourcing-Prozess?;2;2;ISB-Rolle im Outsourcing;2.0;2.0
Welche Mindestanforderungen gelten für Outsourcing-Verträge?;"Die Mindestanforderungen für Outsourcing-Verträge umfassen die Entwicklung einheitlicher Grundanforderungen, die Aspekte der Informationssicherheit, einen Zustimmungsvorbehalt bei Weiterverlagerungen sowie ein Recht auf Prüfung, Revision und Audit beinhalten Quelle: OPS.2.3.A4 (S. nicht spezifiziert). Diese Grundanforderungen MÜSSEN in Vereinbarungen und Verträgen einheitlich umgesetzt werden Quelle: OPS.2.3.A4 (S. nicht spezifiziert). 

Anschlussfragen:
1. Wie MÜSSEN die Resultate der risikoorientierten Betrachtung bei der Entwicklung der Grundanforderungen für Outsourcing-Verträge berücksichtigt werden?
2. Welche Rolle spielt die Verschwiegenheitserklärung zum Schutz von sensiblen Daten in Outsourcing-Verträgen?
3. Wie unterscheidet sich der Baustein OPS.2.3 Nutzung von Outsourcing von anderen Bausteinen wie OPS.2.2 Cloud-Nutzung?";Die Mindestanforderungen für Outsourcing-Verträge umfassen die Entwicklung einheitlicher Grundanforderungen, die Aspekte der Informationssicherheit, einen Zustimmungsvorbehalt bei Weiterverlagerungen sowie ein Recht auf Prüfung, Revision und Audit beinhalten Quelle: OPS.2.3.A4 (S. nicht spezifiziert). Diese Grundanforderungen MÜSSEN in Vereinbarungen und Verträgen einheitlich umgesetzt werden Quelle: OPS.2.3.A4 (S. nicht spezifiziert).;"OPS.2.3.A4 Grundanforderungen an Verträge mit Anbietenden von
Outsourcing (B)
Einheitliche Grundanforderungen an Outsourcing-Verträge MÜSSEN entwickelt werden. Diese Grundanforderungen MÜSSEN Aspekte der Informationssicherheit, einen Zustimmungsvorbehalt bei Weiterverlagerungen sowie ein Recht auf Prüfung, Revision und Audit beinhalten. Bei der Entwicklung der Grundanforderungen SOLLTEN die Resultate der risikoorientierten Betrachtung sowie Eignungsanforderungen an Anbietende von Outsourcing mit einfließen. Mit den Anbietenden von Outsourcing SOLLTE eine Verschwiegenheitserklärung zum Schutz von sensiblen Daten vereinbart werden. Die Grundanforderungen MÜSSEN in Vereinbarungen und Verträgen einheitlich umgesetzt werden. Auf Basis der Grundanforderungen SOLLTE eine einheitliche Vertragsvorlage erstellt und für alle Outsourcing-Vorhaben genutzt werden.";"Die Mindestanforderungen für Outsourcing-Verträge umfassen folgende Punkte:

1. **Einheitliche Grundanforderungen entwickeln und umsetzen**:
   - Einheitliche Grundanforderungen an Outsourcing-Verträge MÜSSEN entwickelt werden. Diese SOLLTEN einheitlich in Verträgen umgesetzt werden. Quelle: Grundanforderungen an Verträge mit Nutzenden von Outsourcing (S.1-2), Grundanforderungen an Verträge mit Anbietenden von Outsourcing (S.2-3)
   - Die Grundanforderungen MÜSSEN Aspekte der Informationssicherheit und Sicherheitsanforderungen der Nutzenden von Outsourcing beinhalten. Quelle: Grundanforderungen an Verträge mit Nutzenden von Outsourcing (S.1), Grundanforderungen an Verträge mit Anbietenden von Outsourcing (S.2)
   - Die Grundanforderungen MÜSSEN beinhalten, wie mit Weiterverlagerungen durch die Anbietenden umgegangen wird. Quelle: Grundanforderungen an Verträge mit Nutzenden von Outsourcing (S.1)
   - Die Grundanforderungen MÜSSEN beinhalten, dass die Nutzenden das Recht haben Prüfungen, Revisionen und Auditierungen durchzuführen, um sicherzustellen, dass die vertraglich geregelten Anforderungen an die Informationssicherheit eingehalten werden. Quelle: Grundanforderungen an Verträge mit Nutzenden von Outsourcing (S.1), Grundanforderungen an Verträge mit Anbietenden von Outsourcing (S.2)
   - Die Grundanforderungen MÜSSEN in Vereinbarungen und Verträgen einheitlich umgesetzt werden. Quelle: Grundanforderungen an Verträge mit Nutzenden von Outsourcing (S.2), Grundanforderungen an Verträge mit Anbietenden von Outsourcing (S.3)
   - Auf Basis der Grundanforderungen SOLLTE eine einheitliche Vertragsvorlage erstellt und für alle Outsourcing-Vorhaben genutzt werden. Quelle: Grundanforderungen an Verträge mit Nutzenden von Outsourcing (S.2), Grundanforderungen an Verträge mit Anbietenden von Outsourcing (S.3)

2. **Verschwiegenheitserklärung und Service-Level-Agreements**:
   - Mit den Nutzenden von Outsourcing SOLLTE eine Verschwiegenheitserklärung zum Schutz von sensiblen Daten, Vereinbarungen zum Informationsaustausch und Service-Level-Agreements vereinbart werden. Quelle: Grundanforderungen an Verträge mit Nutzenden von Outsourcing (S.1)
   - Mit den Anbietenden von Outsourcing SOLLTE eine Verschwiegenheitserklärung zum Schutz von sensiblen Daten vereinbart werden. Quelle: Grundanforderungen an Verträge mit Anbietenden von Outsourcing (S.2)

3. **Erweiterte Anforderungen an Verträge mit Anbietenden von Outsourcing**:
   - Mit Anbietenden von Outsourcing SOLLTE vereinbart werden, auf welche Bereiche und Dienste die Anbietenden im Netz der Nutzenden von Outsourcing zugreifen dürfen. Quelle: Erweiterte Anforderungen an Verträge mit Anbietenden von Outsourcing (S.1)
   - Der Umgang mit anfallenden Metadaten SOLLTE geregelt werden. Quelle: Erweiterte Anforderungen an Verträge mit Anbietenden von Outsourcing (S.1)
   - Die Nutzenden SOLLTEN Leistungskennzahlen für die Anbietenden von Outsourcing definieren und im Vertrag festlegen. Quelle: Erweiterte Anforderungen an Verträge mit Anbietenden von Outsourcing (S.1)
   - Für den Fall, dass die vereinbarten Leistungskennzahlen unzureichend erfüllt werden, SOLLTEN mit den Anbietenden von Outsourcing Konsequenzen, wie z. B. Vertragsstrafen, festgelegt werden. Quelle: Erweiterte Anforderungen an Verträge mit Anbietenden von Outsourcing (S.1)
   - Die Verträge SOLLTEN Kündigungsoptionen, um das Outsourcing-Verhältnis aufzulösen, enthalten. Quelle: Erweiterte Anforderungen an Verträge mit Anbietenden von Outsourcing (S.1)
   - Im Vertrag SOLLTEN Verantwortlichkeiten hinsichtlich des Notfall- und Krisenmanagements definiert und benannt werden. Quelle: Erweiterte Anforderungen an Verträge mit Anbietenden von Outsourcing (S.1)

4. **Festlegung von Sicherheitsanforderungen und Erstellung eines Sicherheitskonzeptes für das Outsourcing-Vorhaben**:
   - Mit den Anbietenden von Outsourcing MUSS vertraglich vereinbart werden, dass IT-Grundschutz umgesetzt oder mindestens die Anforderungen aus den relevanten Bausteinen geeignet erfüllt werden. Quelle: Festlegung von Sicherheitsanforderungen und Erstellung eines Sicherheitskonzeptes für das Outsourcing-Vorhaben (S.1)
   - Die Nutzenden von Outsourcing MÜSSEN für jedes Outsourcing-Vorhaben ein Sicherheitskonzept basierend auf den sich aus dem IT-Grundschutz ergebenen Sicherheitsanforderungen erstellen. Quelle: Festlegung von Sicherheitsanforderungen und Erstellung eines Sicherheitskonzeptes für das Outsourcing-Vorhaben (S.1)
   - Das Sicherheitskonzept der Nutzenden mit den Anbietenden von Outsourcing MUSS abgestimmt werden. Quelle: Festlegung von Sicherheitsanforderungen und Erstellung eines Sicherheitskonzeptes für das Outsourcing-Vorhaben (S.1)
   - Die Nutzenden von Outsourcing oder unabhängige Dritte MÜSSEN regelmäßig überprüfen, ob das Sicherheitskonzept wirksam ist. Quelle: Festlegung von Sicherheitsanforderungen und Erstellung eines Sicherheitskonzeptes für das Outsourcing-Vorhaben (S.1)

Anschlussfragen:
1. Welche spezifischen Sicherheitsanforderungen müssen in einem Sicherheitskonzept für Outsourcing-Vorhaben berücksichtigt werden?
2. Wie können die vereinbarten Leistungskennzahlen im Outsourcing-Verhältnis überwacht und sichergestellt werden?
3. Welche Maßnahmen sollten in einer Richtlinie zur Auslagerung von Outsourcing-Dienstleistungen enthalten sein?";"Die Mindestanforderungen für Outsourcing-Verträge umfassen folgende Punkte:

1. **Einheitliche Grundanforderungen entwickeln und umsetzen**:
   - Einheitliche Grundanforderungen an Outsourcing-Verträge MÜSSEN entwickelt werden. Diese SOLLTEN einheitlich in Verträgen umgesetzt werden. Quelle: Grundanforderungen an Verträge mit Nutzenden von Outsourcing (S.1-2), Grundanforderungen an Verträge mit Anbietenden von Outsourcing (S.2-3)
   - Die Grundanforderungen MÜSSEN Aspekte der Informationssicherheit und Sicherheitsanforderungen der Nutzenden von Outsourcing beinhalten. Quelle: Grundanforderungen an Verträge mit Nutzenden von Outsourcing (S.1), Grundanforderungen an Verträge mit Anbietenden von Outsourcing (S.2)
   - Die Grundanforderungen MÜSSEN beinhalten, wie mit Weiterverlagerungen durch die Anbietenden umgegangen wird. Quelle: Grundanforderungen an Verträge mit Nutzenden von Outsourcing (S.1)
   - Die Grundanforderungen MÜSSEN beinhalten, dass die Nutzenden das Recht haben Prüfungen, Revisionen und Auditierungen durchzuführen, um sicherzustellen, dass die vertraglich geregelten Anforderungen an die Informationssicherheit eingehalten werden. Quelle: Grundanforderungen an Verträge mit Nutzenden von Outsourcing (S.1), Grundanforderungen an Verträge mit Anbietenden von Outsourcing (S.2)
   - Die Grundanforderungen MÜSSEN in Vereinbarungen und Verträgen einheitlich umgesetzt werden. Quelle: Grundanforderungen an Verträge mit Nutzenden von Outsourcing (S.2), Grundanforderungen an Verträge mit Anbietenden von Outsourcing (S.3)
   - Auf Basis der Grundanforderungen SOLLTE eine einheitliche Vertragsvorlage erstellt und für alle Outsourcing-Vorhaben genutzt werden. Quelle: Grundanforderungen an Verträge mit Nutzenden von Outsourcing (S.2), Grundanforderungen an Verträge mit Anbietenden von Outsourcing (S.3)

2. **Verschwiegenheitserklärung und Service-Level-Agreements**:
   - Mit den Nutzenden von Outsourcing SOLLTE eine Verschwiegenheitserklärung zum Schutz von sensiblen Daten, Vereinbarungen zum Informationsaustausch und Service-Level-Agreements vereinbart werden. Quelle: Grundanforderungen an Verträge mit Nutzenden von Outsourcing (S.1)
   - Mit den Anbietenden von Outsourcing SOLLTE eine Verschwiegenheitserklärung zum Schutz von sensiblen Daten vereinbart werden. Quelle: Grundanforderungen an Verträge mit Anbietenden von Outsourcing (S.2)

3. **Erweiterte Anforderungen an Verträge mit Anbietenden von Outsourcing**:
   - Mit Anbietenden von Outsourcing SOLLTE vereinbart werden, auf welche Bereiche und Dienste die Anbietenden im Netz der Nutzenden von Outsourcing zugreifen dürfen. Quelle: Erweiterte Anforderungen an Verträge mit Anbietenden von Outsourcing (S.1)
   - Der Umgang mit anfallenden Metadaten SOLLTE geregelt werden. Quelle: Erweiterte Anforderungen an Verträge mit Anbietenden von Outsourcing (S.1)
   - Die Nutzenden SOLLTEN Leistungskennzahlen für die Anbietenden von Outsourcing definieren und im Vertrag festlegen. Quelle: Erweiterte Anforderungen an Verträge mit Anbietenden von Outsourcing (S.1)
   - Für den Fall, dass die vereinbarten Leistungskennzahlen unzureichend erfüllt werden, SOLLTEN mit den Anbietenden von Outsourcing Konsequenzen, wie z. B. Vertragsstrafen, festgelegt werden. Quelle: Erweiterte Anforderungen an Verträge mit Anbietenden von Outsourcing (S.1)
   - Die Verträge SOLLTEN Kündigungsoptionen, um das Outsourcing-Verhältnis aufzulösen, enthalten. Quelle: Erweiterte Anforderungen an Verträge mit Anbietenden von Outsourcing (S.1)
   - Im Vertrag SOLLTEN Verantwortlichkeiten hinsichtlich des Notfall- und Krisenmanagements definiert und benannt werden. Quelle: Erweiterte Anforderungen an Verträge mit Anbietenden von Outsourcing (S.1)

4. **Festlegung von Sicherheitsanforderungen und Erstellung eines Sicherheitskonzeptes für das Outsourcing-Vorhaben**:
   - Mit den Anbietenden von Outsourcing MUSS vertraglich vereinbart werden, dass IT-Grundschutz umgesetzt oder mindestens die Anforderungen aus den relevanten Bausteinen geeignet erfüllt werden. Quelle: Festlegung von Sicherheitsanforderungen und Erstellung eines Sicherheitskonzeptes für das Outsourcing-Vorhaben (S.1)
   - Die Nutzenden von Outsourcing MÜSSEN für jedes Outsourcing-Vorhaben ein Sicherheitskonzept basierend auf den sich aus dem IT-Grundschutz ergebenen Sicherheitsanforderungen erstellen. Quelle: Festlegung von Sicherheitsanforderungen und Erstellung eines Sicherheitskonzeptes für das Outsourcing-Vorhaben (S.1)
   - Das Sicherheitskonzept der Nutzenden mit den Anbietenden von Outsourcing MUSS abgestimmt werden. Quelle: Festlegung von Sicherheitsanforderungen und Erstellung eines Sicherheitskonzeptes für das Outsourcing-Vorhaben (S.1)
   - Die Nutzenden von Outsourcing oder unabhängige Dritte MÜSSEN regelmäßig überprüfen, ob das Sicherheitskonzept wirksam ist. Quelle: Festlegung von Sicherheitsanforderungen und Erstellung eines Sicherheitskonzeptes für das Outsourcing-Vorhaben (S.1)";"1. Welche spezifischen Sicherheitsanforderungen müssen in einem Sicherheitskonzept für Outsourcing-Vorhaben berücksichtigt werden?
2. Wie können die vereinbarten Leistungskennzahlen im Outsourcing-Verhältnis überwacht und sichergestellt werden?
3. Welche Maßnahmen sollten in einer Richtlinie zur Auslagerung von Outsourcing-Dienstleistungen enthalten sein?";3;3;0.8333333333055556;1.0;1.0;0.6018866748714096;Welche spezifischen Sicherheitsanforderungen müssen in einem Sicherheitskonzept für Outsourcing-Vorhaben berücksichtigt werden?;2;2;Direkte Sicherheitsanforderungen;Wie können die vereinbarten Leistungskennzahlen im Outsourcing-Verhältnis überwacht und sichergestellt werden?;2;2;Direkte Überwachung von Leistungskennzahlen;Welche Maßnahmen sollten in einer Richtlinie zur Auslagerung von Outsourcing-Dienstleistungen enthalten sein?;2;2;Direkte Relevanz zu Richtlinien;2.0;2.0
Muss ich ein Sicherheitskonzept für jedes Outsourcing-Vorhaben erstellen?;"Ja, für jedes Outsourcing-Vorhaben MUSS ein Sicherheitskonzept erstellt werden, das auf den sich aus dem IT-Grundschutz ergebenen Sicherheitsanforderungen basiert Quelle: OPS.2.3.A6 (S. nicht spezifiziert). Dieses Sicherheitskonzept MUSS mit den Anbietenden von Outsourcing abgestimmt werden Quelle: OPS.2.3.A6 (S. nicht spezifiziert). 

Anschlussfragen:
1. Wie sollten die Sicherheitsanforderungen für ein Outsourcing-Vorhaben festgelegt werden?
2. Was sollte mit den Anbietenden von Outsourcing hinsichtlich der Umsetzung von IT-Grundschutz oder der Erfüllung von Anforderungen aus relevanten Bausteinen vereinbart werden?
3. Wie oft sollten die Nutzenden von Outsourcing oder unabhängige Dritte überprüfen, ob das Sicherheitskonzept wirksam ist?";Ja, für jedes Outsourcing-Vorhaben MUSS ein Sicherheitskonzept erstellt werden, das auf den sich aus dem IT-Grundschutz ergebenen Sicherheitsanforderungen basiert Quelle: OPS.2.3.A6 (S. nicht spezifiziert). Dieses Sicherheitskonzept MUSS mit den Anbietenden von Outsourcing abgestimmt werden Quelle: OPS.2.3.A6 (S. nicht spezifiziert).;"OPS.2.3.A6 Festlegung von Sicherheitsanforderungen und Erstellung eines Sicherheitskonzeptes für das Outsourcing-Vorhaben (B)
Mit den Anbietenden von Outsourcing MUSS vertraglich vereinbart werden, dass IT-Grundschutz umgesetzt oder mindestens die Anforderungen aus den relevanten Bausteinen geeignet erfüllt werden. Darüber hinaus SOLLTE mit den Anbietenden von Outsourcing vereinbart werden, dass sie ein Managementsystem für Informationssicherheit (ISMS) etablieren. Die Nutzenden von Outsourcing MÜSSEN für jedes Outsourcing-Vorhaben ein Sicherheitskonzept basierend auf den sich aus dem IT- Grundschutz ergebenen Sicherheitsanforderungen erstellen. Dabei MUSS das Sicherheitskonzept der Nutzenden mit den Anbietenden von Outsourcing abgestimmt werden. Ebenso SOLLTE jeder Anbietende ein individuelles Sicherheitskonzept für das jeweilige Outsourcing-Vorhaben vorlegen. Das Sicherheitskonzept der Anbietenden von Outsourcing und dessen Umsetzung SOLLTE zu einem gesamten Sicherheitskonzept zusammengeführt werden. Wenn Risikoanalysen notwendig sind, MÜSSEN Vereinbarungen getroffen werden, wie die Risikoanalyse geprüft und gegebenenfalls in das eigene Risikomanagement überführt werden kann. Die Nutzenden von Outsourcing oder unabhängige Dritte MÜSSEN regelmäßig überprüfen, ob das Sicherheitskonzept wirksam ist.";"Ja, für jedes Outsourcing-Vorhaben MUSS ein Sicherheitskonzept erstellt werden. Die Nutzenden von Outsourcing MÜSSEN für jedes Outsourcing-Vorhaben ein Sicherheitskonzept basierend auf den sich aus dem IT-Grundschutz ergebenen Sicherheitsanforderungen erstellen. Dabei MUSS das Sicherheitskonzept der Nutzenden mit den Anbietenden von Outsourcing abgestimmt werden. Ebenso SOLLTE jeder Anbietende ein individuelles Sicherheitskonzept für das jeweilige Outsourcing-Vorhaben vorlegen. Das Sicherheitskonzept der Anbietenden von Outsourcing und dessen Umsetzung SOLLTE zu einem gesamten Sicherheitskonzept zusammengeführt werden. Quelle: Festlegung von Sicherheitsanforderungen und Erstellung eines Sicherheitskonzeptes für das Outsourcing-Vorhaben (S.1-2)

Anschlussfragen:
1. Welche spezifischen Sicherheitsanforderungen müssen im Sicherheitskonzept für Outsourcing-Vorhaben berücksichtigt werden?
2. Wie kann die Abstimmung des Sicherheitskonzepts zwischen Nutzenden und Anbietenden von Outsourcing praktisch umgesetzt werden?
3. Welche Rolle spielt die Risikoanalyse bei der Erstellung und Überprüfung des Sicherheitskonzepts für Outsourcing-Vorhaben?";Ja, für jedes Outsourcing-Vorhaben MUSS ein Sicherheitskonzept erstellt werden. Die Nutzenden von Outsourcing MÜSSEN für jedes Outsourcing-Vorhaben ein Sicherheitskonzept basierend auf den sich aus dem IT-Grundschutz ergebenen Sicherheitsanforderungen erstellen. Dabei MUSS das Sicherheitskonzept der Nutzenden mit den Anbietenden von Outsourcing abgestimmt werden. Ebenso SOLLTE jeder Anbietende ein individuelles Sicherheitskonzept für das jeweilige Outsourcing-Vorhaben vorlegen. Das Sicherheitskonzept der Anbietenden von Outsourcing und dessen Umsetzung SOLLTE zu einem gesamten Sicherheitskonzept zusammengeführt werden. Quelle: Festlegung von Sicherheitsanforderungen und Erstellung eines Sicherheitskonzeptes für das Outsourcing-Vorhaben (S.1-2);"1. Welche spezifischen Sicherheitsanforderungen müssen im Sicherheitskonzept für Outsourcing-Vorhaben berücksichtigt werden?
2. Wie kann die Abstimmung des Sicherheitskonzepts zwischen Nutzenden und Anbietenden von Outsourcing praktisch umgesetzt werden?
3. Welche Rolle spielt die Risikoanalyse bei der Erstellung und Überprüfung des Sicherheitskonzepts für Outsourcing-Vorhaben?";3;3;0.66666666665;1.0;0.8;0.7973421758086932;Welche spezifischen Sicherheitsanforderungen müssen im Sicherheitskonzept für Outsourcing-Vorhaben berücksichtigt werden?;2;2;Direkte Berücksichtigung von Sicherheitsanforderungen;Wie kann die Abstimmung des Sicherheitskonzepts zwischen Nutzenden und Anbietenden von Outsourcing praktisch umgesetzt werden?;2;2;Direkte Umsetzung von Sicherheitskonzepten;Welche Rolle spielt die Risikoanalyse bei der Erstellung und Überprüfung des Sicherheitskonzepts für Outsourcing-Vorhaben?;2;2;Risikoanalyse im Sicherheitskonzept;2.0;2.0
Wie gehe ich mit Sub-Dienstleistern um?;"Um mit Sub-Dienstleistern umzugehen, MÜSSEN einheitliche Grundanforderungen an Outsourcing-Verträge entwickelt werden, die Aspekte der Informationssicherheit und einen Zustimmungsvorbehalt bei Weiterverlagerungen beinhalten Quelle: OPS.2.3.A4 (S. nicht spezifiziert). Diese Grundanforderungen SOLLTEN auch bei der Entwicklung von Verträgen mit Sub-Dienstleistern berücksichtigt werden, um sicherzustellen, dass die Informationssicherheit gewährleistet ist. 

Anschlussfragen:
1. Wie können die Risiken bei der Nutzung von Sub-Dienstleistern minimiert werden?
2. Welche Rolle spielen Verschwiegenheitserklärungen bei der Zusammenarbeit mit Sub-Dienstleistern?
3. Wie können die Anforderungen an die Informationssicherheit bei der Vertragsgestaltung mit Sub-Dienstleistern umgesetzt werden?";Um mit Sub-Dienstleistern umzugehen, MÜSSEN einheitliche Grundanforderungen an Outsourcing-Verträge entwickelt werden, die Aspekte der Informationssicherheit und einen Zustimmungsvorbehalt bei Weiterverlagerungen beinhalten Quelle: OPS.2.3.A4 (S. nicht spezifiziert). Diese Grundanforderungen SOLLTEN auch bei der Entwicklung von Verträgen mit Sub-Dienstleistern berücksichtigt werden, um sicherzustellen, dass die Informationssicherheit gewährleistet ist.;"OPS.2.3.A4 Grundanforderungen an Verträge mit Anbietenden von Outsourcing (B)
Einheitliche Grundanforderungen an Outsourcing-Verträge MÜSSEN entwickelt werden. Diese Grundanforderungen MÜSSEN Aspekte der Informationssicherheit, einen Zustimmungsvorbehalt bei Weiterverlagerungen sowie ein Recht auf Prüfung, Revision und Audit beinhalten. Bei der Entwicklung der Grundanforderungen SOLLTEN die Resultate der risikoorientierten Betrachtung sowie Eignungsanforderungen an Anbietende von Outsourcing mit einfließen. Mit den Anbietenden von Outsourcing SOLLTE eine Verschwiegenheitserklärung zum Schutz von sensiblen Daten vereinbart werden. Die Grundanforderungen MÜSSEN in Vereinbarungen und Verträgen einheitlich umgesetzt werden. Auf Basis der Grundanforderungen SOLLTE eine einheitliche Vertragsvorlage erstellt und für alle Outsourcing-Vorhaben genutzt werden.";"Um mit Sub-Dienstleistern umzugehen, müssen mehrere Aspekte berücksichtigt werden, um die Informationssicherheit zu gewährleisten. Hier sind die wichtigsten Schritte und Anforderungen:

1. **Vertragliche Regelungen**:
   - **Verantwortlichkeiten und Schutzbedarf**: Es muss klar geregelt werden, welche Geschäftsprozesse, IT-Systeme oder Dienstleistungen an Sub-Dienstleister ausgelagert werden und welchen Schutzbedarf diese haben. Quelle: Kapitel 8.3.4 „Zuordnung von Bausteinen"" (S. nicht spezifiziert)
   - **Zugang zu Zielobjekten**: Es muss definiert werden, auf welche Zielobjekte und Informationen der Sub-Dienstleister Zugriff hat. Quelle: Kapitel 8.3.4 „Zuordnung von Bausteinen"" (S. nicht spezifiziert)
   - **Vertragliche Vereinbarungen**: Die Verträge mit Sub-Dienstleistern müssen Sicherheitsanforderungen und die regelmäßige Überwachung ihrer Einhaltung enthalten. Quelle: Kapitel 8.3.4 „Zuordnung von Bausteinen"" (S. nicht spezifiziert)

2. **Personal und Schulung**:
   - **Einweisung und Unterrichtung**: Das Personal der Sub-Dienstleister muss in ihre Aufgaben eingewiesen und über bestehende Regelungen zur Informationssicherheit unterrichtet werden. Quelle: Regelungen für den Einsatz von Sub-Dienstleistenden (S. nicht spezifiziert)
   - **Überprüfung des Personals**: Soweit erforderlich, sollte das Personal der Sub-Dienstleister nach Vorgaben der Nutzenden überprüft werden, z. B. durch ein Führungszeugnis. Quelle: Regelungen für den Einsatz von Sub-Dienstleistenden (S. nicht spezifiziert)
   - **Vertraulichkeitsvereinbarungen**: Das Personal der Sub-Dienstleister sollte schriftlich verpflichtet werden, einschlägige Gesetze und Vorschriften, Vertraulichkeitsvereinbarungen sowie interne Regelungen einzuhalten. Quelle: Regelungen für den Einsatz von Sub-Dienstleistenden (S. nicht spezifiziert)

3. **Kontrolle und Steuerung**:
   - **Kontrollmechanismen**: Es müssen Mechanismen existieren, um die Einhaltung der Sicherheitsanforderungen durch Sub-Dienstleister zu überwachen. Quelle: Kapitel 8.3.4 „Zuordnung von Bausteinen"" (S. nicht spezifiziert)
   - **Ereignistransparenz**: Es muss sichergestellt sein, dass Gefährdungen und Risiken, die Auswirkungen auf die Dienstleistungen haben könnten, erkannt und kommuniziert werden. Quelle: Kapitel 8.3.4 „Zuordnung von Bausteinen"" (S. nicht spezifiziert)

4. **Vertragsgestaltung**:
   - **Leistungskennzahlen und Konsequenzen**: Leistungskennzahlen für Sub-Dienstleister sollten definiert und im Vertrag festgelegt werden. Bei unzureichender Erfüllung sollten Konsequenzen, wie z. B. Vertragsstrafen, festgelegt werden. Quelle: Erweiterte Anforderungen an Verträge mit Anbietenden von Outsourcing (S. nicht spezifiziert)
   - **Kündigungsoptionen**: Die Verträge sollten Kündigungsoptionen enthalten, die auch die Rückgabe des Eigentums der Nutzenden regeln. Quelle: Erweiterte Anforderungen an Verträge mit Anbietenden von Outsourcing (S. nicht spezifiziert)

5. **Richtlinien und Compliance**:
   - **Richtlinie für Outsourcing-Dienstleistungen**: Es sollte eine Richtlinie für das Anbieten von Outsourcing-Dienstleistungen erstellt und in der Institution etabliert werden. Diese sollte auch die Weiterverlagerung an Sub-Dienstleister berücksichtigen. Quelle: Erstellung einer Richtlinie für die Outsourcing-Dienstleistungen (S. nicht spezifiziert)
   - **Compliance-Risiken**: Die Richtlinie sollte Maßnahmen berücksichtigen, um Compliance-Risiken bei Sub-Dienstleistern zu bewältigen. Quelle: Erstellung einer Richtlinie für die Outsourcing-Dienstleistungen (S. nicht spezifiziert)

Anschlussfragen:
1. Wie kann die Ereignistransparenz bei der Einbindung von Sub-Dienstleistern sichergestellt werden?
2. Welche spezifischen Leistungskennzahlen sollten für Sub-Dienstleister definiert werden?
3. Wie kann die Rückgabe des Eigentums der Nutzenden bei Beendigung des Vertrags mit Sub-Dienstleistern geregelt werden?";"Um mit Sub-Dienstleistern umzugehen, müssen mehrere Aspekte berücksichtigt werden, um die Informationssicherheit zu gewährleisten. Hier sind die wichtigsten Schritte und Anforderungen:

1. **Vertragliche Regelungen**:
   - **Verantwortlichkeiten und Schutzbedarf**: Es muss klar geregelt werden, welche Geschäftsprozesse, IT-Systeme oder Dienstleistungen an Sub-Dienstleister ausgelagert werden und welchen Schutzbedarf diese haben. Quelle: Kapitel 8.3.4 „Zuordnung von Bausteinen"" (S. nicht spezifiziert)
   - **Zugang zu Zielobjekten**: Es muss definiert werden, auf welche Zielobjekte und Informationen der Sub-Dienstleister Zugriff hat. Quelle: Kapitel 8.3.4 „Zuordnung von Bausteinen"" (S. nicht spezifiziert)
   - **Vertragliche Vereinbarungen**: Die Verträge mit Sub-Dienstleistern müssen Sicherheitsanforderungen und die regelmäßige Überwachung ihrer Einhaltung enthalten. Quelle: Kapitel 8.3.4 „Zuordnung von Bausteinen"" (S. nicht spezifiziert)

2. **Personal und Schulung**:
   - **Einweisung und Unterrichtung**: Das Personal der Sub-Dienstleister muss in ihre Aufgaben eingewiesen und über bestehende Regelungen zur Informationssicherheit unterrichtet werden. Quelle: Regelungen für den Einsatz von Sub-Dienstleistenden (S. nicht spezifiziert)
   - **Überprüfung des Personals**: Soweit erforderlich, sollte das Personal der Sub-Dienstleister nach Vorgaben der Nutzenden überprüft werden, z. B. durch ein Führungszeugnis. Quelle: Regelungen für den Einsatz von Sub-Dienstleistenden (S. nicht spezifiziert)
   - **Vertraulichkeitsvereinbarungen**: Das Personal der Sub-Dienstleister sollte schriftlich verpflichtet werden, einschlägige Gesetze und Vorschriften, Vertraulichkeitsvereinbarungen sowie interne Regelungen einzuhalten. Quelle: Regelungen für den Einsatz von Sub-Dienstleistenden (S. nicht spezifiziert)

3. **Kontrolle und Steuerung**:
   - **Kontrollmechanismen**: Es müssen Mechanismen existieren, um die Einhaltung der Sicherheitsanforderungen durch Sub-Dienstleister zu überwachen. Quelle: Kapitel 8.3.4 „Zuordnung von Bausteinen"" (S. nicht spezifiziert)
   - **Ereignistransparenz**: Es muss sichergestellt sein, dass Gefährdungen und Risiken, die Auswirkungen auf die Dienstleistungen haben könnten, erkannt und kommuniziert werden. Quelle: Kapitel 8.3.4 „Zuordnung von Bausteinen"" (S. nicht spezifiziert)

4. **Vertragsgestaltung**:
   - **Leistungskennzahlen und Konsequenzen**: Leistungskennzahlen für Sub-Dienstleister sollten definiert und im Vertrag festgelegt werden. Bei unzureichender Erfüllung sollten Konsequenzen, wie z. B. Vertragsstrafen, festgelegt werden. Quelle: Erweiterte Anforderungen an Verträge mit Anbietenden von Outsourcing (S. nicht spezifiziert)
   - **Kündigungsoptionen**: Die Verträge sollten Kündigungsoptionen enthalten, die auch die Rückgabe des Eigentums der Nutzenden regeln. Quelle: Erweiterte Anforderungen an Verträge mit Anbietenden von Outsourcing (S. nicht spezifiziert)

5. **Richtlinien und Compliance**:
   - **Richtlinie für Outsourcing-Dienstleistungen**: Es sollte eine Richtlinie für das Anbieten von Outsourcing-Dienstleistungen erstellt und in der Institution etabliert werden. Diese sollte auch die Weiterverlagerung an Sub-Dienstleister berücksichtigen. Quelle: Erstellung einer Richtlinie für die Outsourcing-Dienstleistungen (S. nicht spezifiziert)
   - **Compliance-Risiken**: Die Richtlinie sollte Maßnahmen berücksichtigen, um Compliance-Risiken bei Sub-Dienstleistern zu bewältigen. Quelle: Erstellung einer Richtlinie für die Outsourcing-Dienstleistungen (S. nicht spezifiziert)";"1. Wie kann die Ereignistransparenz bei der Einbindung von Sub-Dienstleistern sichergestellt werden?
2. Welche spezifischen Leistungskennzahlen sollten für Sub-Dienstleister definiert werden?
3. Wie kann die Rückgabe des Eigentums der Nutzenden bei Beendigung des Vertrags mit Sub-Dienstleistern geregelt werden?";3;3;0.62499999996875;0.8571428571428571;1.0;0.4021151603811313;Wie kann die Ereignistransparenz bei der Einbindung von Sub-Dienstleistern sichergestellt werden?;2;2;Ereignistransparenz bei Sub-Dienstleistern;Welche spezifischen Leistungskennzahlen sollten für Sub-Dienstleister definiert werden?;2;2;Direkte Relevanz zu Outsourcing;Wie kann die Rückgabe des Eigentums der Nutzenden bei Beendigung des Vertrags mit Sub-Dienstleistern geregelt werden?;2;2;Direkte Regelungen;2.0;2.0
Was soll in Bezug auf Mandanten bedacht werden?;"In Bezug auf Mandanten sollte sichergestellt werden, dass die Daten und Verarbeitungskontexte durch den Anbietenden von Outsourcing ausreichend sicher getrennt sind Quelle: OPS.2.3.A5 (S.?). Ein Mandantentrennungskonzept sollte von den Anbietenden von Outsourcing gefordert werden, das zwischen mandantenabhängigen und mandantenübergreifenden Daten und Objekten unterscheidet Quelle: OPS.2.3.A5 (S.?).

Anschlussfragen:
1. Wie sollte das Mandantentrennungskonzept die Trennung von mandantenabhängigen und mandantenübergreifenden Daten und Objekten darlegen?
2. Welche Mechanismen sollten die Anbietenden von Outsourcing verwenden, um die Trennung zwischen Mandanten sicherzustellen?
3. Wie sollten die Nutzenden von Outsourcing-Leistungen die Einhaltung des Mandantentrennungskonzepts durch die Anbietenden von Outsourcing überwachen?";In Bezug auf Mandanten sollte sichergestellt werden, dass die Daten und Verarbeitungskontexte durch den Anbietenden von Outsourcing ausreichend sicher getrennt sind Quelle: OPS.2.3.A5 (S.?). Ein Mandantentrennungskonzept sollte von den Anbietenden von Outsourcing gefordert werden, das zwischen mandantenabhängigen und mandantenübergreifenden Daten und Objekten unterscheidet Quelle: OPS.2.3.A5 (S.?).;"OPS.2.3.A5 Vereinbarung der Mandantenfähigkeit (B)
In einer Vereinbarung zur Mandantenfähigkeit mit den Anbietenden von Outsourcing MUSS sichergestellt werden, dass die Daten und Verarbeitungskontexte durch den Anbietenden von Outsourcing ausreichend sicher getrennt sind. In dieser Vereinbarung SOLLTE ein Mandantentrennungskonzept von den Anbietenden von Outsourcing gefordert werden. Das Mandantentrennungskonzept SOLLTE zwischen mandantenabhängigen und mandantenübergreifenden Daten und Objekten unterscheiden und darlegen, mit welchen Mechanismen die Anbietenden von Outsourcing trennen.";"In Bezug auf Mandanten sind folgende Aspekte zu beachten:

1. **Vereinbarung der Mandantenfähigkeit**:
   - Es MUSS sichergestellt werden, dass Daten und Verarbeitungskontexte durch den Anbietenden von Outsourcing ausreichend sicher getrennt sind.
   - Es SOLLTE ein Mandantentrennungskonzept von den Anbietenden gefordert werden, das zwischen mandantenabhängigen und mandantenübergreifenden Daten und Objekten unterscheidet.
   Quelle: Vereinbarung der Mandantenfähigkeit (S.1-2)

2. **Mandantenfähigkeit unter z/OS**:
   - Es MUSS ein RACF-Konzept zur Mandantentrennung erstellt werden.
   - Daten und Anwendungen der Mandanten MÜSSEN durch RACF-Profile getrennt werden.
   - Hohe Berechtigungen im RACF und ändernder Zugriff auf Dateien des z/OS-Betriebssystems DÜRFEN NUR Mitarbeitende der Betreibenden haben.
   - Wartungsfenster MÜSSEN mit allen Mandanten abgestimmt werden.
   Quelle: Mandantenfähigkeit unter z/OS (S.3-4)

3. **Sichere Trennung von Mandanten in Speicherlösungen**:
   - Anforderungen an die Mandantenfähigkeit SOLLTEN definiert und dokumentiert werden.
   - Speicherlösungen SOLLTEN diese Anforderungen erfüllen.
   - Im Block-Storage-Umfeld SOLLTE LUN Masking eingesetzt werden.
   - In Fileservice-Umgebungen SOLLTE die Trennung durch virtuelle Fileserver erfolgen.
   - Bei IP oder iSCSI SOLLTEN Mandanten durch Netzsegmentierung getrennt werden.
   - Bei Fibre Channel SOLLTE Soft-Zoning oder VSANs eingesetzt werden.
   Quelle: Sichere Trennung von Mandanten in Speicherlösungen (S.5-6)

4. **Keine Zugriffe auf Daten anderer Mandanten**:
   - Die automatische Mandantentrennung SOLLTE NICHT umgangen werden.
   - Auf Daten anderer Mandanten SOLLTE NICHT zugegriffen werden.
   Quelle: Keine Zugriffe auf Daten eines anderen Mandanten (S.7)

5. **Verzicht auf mandantenabhängige Funktionsausführung**:
   - ABAP-Programme SOLLTEN NICHT mandantenabhängig programmiert werden.
   - Falls erforderlich, SOLLTE dies detailliert dokumentiert und zusätzliche Sicherheitsmaßnahmen ergriffen werden.
   Quelle: Verzicht auf mandantenabhängige Funktionsausführung (S.8)

6. **Härtung der virtuellen Clients**:
   - Virtuelle Clients SOLLTEN gehärtet werden, einschließlich Einschränkung der Datenübertragung, Deaktivierung unnötiger Netzdienste und expliziter Freigabe von Anwendungen.
   Quelle: Härtung der virtuellen Clients (S.9)

7. **Einsatz des Multi-User- und Gäste-Modus**:
   - Es SOLLTE geregelt sein, ob Geräte mit anderen Personen geteilt werden dürfen und welcher Modus verwendet werden muss.
   Quelle: Einsatz des Multi-User- und Gäste-Modus (S.10)

8. **Beschaffung von Clients**:
   - Vor der Beschaffung SOLLTE eine Anforderungsliste erstellt werden.
   - Die herstellenden Unternehmen SOLLTEN zeitnahe Patches für Schwachstellen bereitstellen.
   - Auf Betriebssysteme mit Rolling-Release-Modell SOLLTE verzichtet werden.
   - Die Systeme SOLLTEN über Firmware-Konfigurationsoberflächen für UEFI SecureBoot und TPM verfügen.
   Quelle: Beschaffung von Clients (S.11)

Anschlussfragen:
1. Wie kann ein Mandantentrennungskonzept konkret umgesetzt werden?
2. Welche zusätzlichen Sicherheitsmaßnahmen sind bei mandantenabhängiger Programmierung erforderlich?
3. Welche Schritte sind bei der Härtung virtueller Clients zu beachten?";"In Bezug auf Mandanten sind folgende Aspekte zu beachten:

1. **Vereinbarung der Mandantenfähigkeit**:
   - Es MUSS sichergestellt werden, dass Daten und Verarbeitungskontexte durch den Anbietenden von Outsourcing ausreichend sicher getrennt sind.
   - Es SOLLTE ein Mandantentrennungskonzept von den Anbietenden gefordert werden, das zwischen mandantenabhängigen und mandantenübergreifenden Daten und Objekten unterscheidet.
   Quelle: Vereinbarung der Mandantenfähigkeit (S.1-2)

2. **Mandantenfähigkeit unter z/OS**:
   - Es MUSS ein RACF-Konzept zur Mandantentrennung erstellt werden.
   - Daten und Anwendungen der Mandanten MÜSSEN durch RACF-Profile getrennt werden.
   - Hohe Berechtigungen im RACF und ändernder Zugriff auf Dateien des z/OS-Betriebssystems DÜRFEN NUR Mitarbeitende der Betreibenden haben.
   - Wartungsfenster MÜSSEN mit allen Mandanten abgestimmt werden.
   Quelle: Mandantenfähigkeit unter z/OS (S.3-4)

3. **Sichere Trennung von Mandanten in Speicherlösungen**:
   - Anforderungen an die Mandantenfähigkeit SOLLTEN definiert und dokumentiert werden.
   - Speicherlösungen SOLLTEN diese Anforderungen erfüllen.
   - Im Block-Storage-Umfeld SOLLTE LUN Masking eingesetzt werden.
   - In Fileservice-Umgebungen SOLLTE die Trennung durch virtuelle Fileserver erfolgen.
   - Bei IP oder iSCSI SOLLTEN Mandanten durch Netzsegmentierung getrennt werden.
   - Bei Fibre Channel SOLLTE Soft-Zoning oder VSANs eingesetzt werden.
   Quelle: Sichere Trennung von Mandanten in Speicherlösungen (S.5-6)

4. **Keine Zugriffe auf Daten anderer Mandanten**:
   - Die automatische Mandantentrennung SOLLTE NICHT umgangen werden.
   - Auf Daten anderer Mandanten SOLLTE NICHT zugegriffen werden.
   Quelle: Keine Zugriffe auf Daten eines anderen Mandanten (S.7)

5. **Verzicht auf mandantenabhängige Funktionsausführung**:
   - ABAP-Programme SOLLTEN NICHT mandantenabhängig programmiert werden.
   - Falls erforderlich, SOLLTE dies detailliert dokumentiert und zusätzliche Sicherheitsmaßnahmen ergriffen werden.
   Quelle: Verzicht auf mandantenabhängige Funktionsausführung (S.8)

6. **Härtung der virtuellen Clients**:
   - Virtuelle Clients SOLLTEN gehärtet werden, einschließlich Einschränkung der Datenübertragung, Deaktivierung unnötiger Netzdienste und expliziter Freigabe von Anwendungen.
   Quelle: Härtung der virtuellen Clients (S.9)

7. **Einsatz des Multi-User- und Gäste-Modus**:
   - Es SOLLTE geregelt sein, ob Geräte mit anderen Personen geteilt werden dürfen und welcher Modus verwendet werden muss.
   Quelle: Einsatz des Multi-User- und Gäste-Modus (S.10)

8. **Beschaffung von Clients**:
   - Vor der Beschaffung SOLLTE eine Anforderungsliste erstellt werden.
   - Die herstellenden Unternehmen SOLLTEN zeitnahe Patches für Schwachstellen bereitstellen.
   - Auf Betriebssysteme mit Rolling-Release-Modell SOLLTE verzichtet werden.
   - Die Systeme SOLLTEN über Firmware-Konfigurationsoberflächen für UEFI SecureBoot und TPM verfügen.
   Quelle: Beschaffung von Clients (S.11)";"1. Wie kann ein Mandantentrennungskonzept konkret umgesetzt werden?
2. Welche zusätzlichen Sicherheitsmaßnahmen sind bei mandantenabhängiger Programmierung erforderlich?
3. Welche Schritte sind bei der Härtung virtueller Clients zu beachten?";3;3;0.9999999999;0.75;1.0;0.3110018868121246;Wie kann ein Mandantentrennungskonzept konkret umgesetzt werden?;2;2;Konkretes Umsetzen;Welche zusätzlichen Sicherheitsmaßnahmen sind bei mandantenabhängiger Programmierung erforderlich?;2;2;Direkte Bezugnahme auf mandantenabhängige Programmierung;Welche Schritte sind bei der Härtung virtueller Clients zu beachten?;2;1;Thematisch verwandt, aber nicht direkt;2.0;1.667
Was ist bei der Beendigung eines Outsourcing-Verhältnisses zu regeln?;"Bei der Beendigung eines Outsourcing-Verhältnisses MÜSSEN Regelungen getroffen werden, um sicherzustellen, dass alle Informationen, Daten und Hardware der Nutzenden vom Anbietenden von Outsourcing zurückgegeben werden Quelle: OPS.2.3.A7 (S. nicht spezifiziert). Hierbei MÜSSEN gesetzliche Vorgaben zur Aufbewahrung von Daten beachtet werden. Ferner SOLLTE überprüft werden, ob die Zugangs-, Zutritts- und Zugriffsrechte für die Anbietenden von Outsourcing mit der Beendigung des Outsourcing-Verhältnisses aufgehoben wurden Quelle: OPS.2.3.A7 (S. nicht spezifiziert).

Anschlussfragen:
1. Wie sollten die Regelungen für die Beendigung eines Outsourcing-Verhältnisses dokumentiert werden?
2. Welche Rolle spielen gesetzliche Vorgaben zur Aufbewahrung von Daten bei der Beendigung eines Outsourcing-Verhältnisses?
3. Wie kann sichergestellt werden, dass die Zugangs-, Zutritts- und Zugriffsrechte für die Anbietenden von Outsourcing nach der Beendigung des Verhältnisses aufgehoben werden?";Bei der Beendigung eines Outsourcing-Verhältnisses MÜSSEN Regelungen getroffen werden, um sicherzustellen, dass alle Informationen, Daten und Hardware der Nutzenden vom Anbietenden von Outsourcing zurückgegeben werden Quelle: OPS.2.3.A7 (S. nicht spezifiziert). Hierbei MÜSSEN gesetzliche Vorgaben zur Aufbewahrung von Daten beachtet werden. Ferner SOLLTE überprüft werden, ob die Zugangs-, Zutritts- und Zugriffsrechte für die Anbietenden von Outsourcing mit der Beendigung des Outsourcing-Verhältnisses aufgehoben wurden Quelle: OPS.2.3.A7 (S. nicht spezifiziert).;"OPS.2.3.A7 Regelungen für eine geplante oder ungeplante Beendigung eines Outsourcing-Verhältnisses (B) [Fachverantwortliche, Institutionsleitung]
Für geplante sowie ungeplante Beendigungen des Outsourcing-Verhältnisses MÜSSEN Regelungen getroffen werden. Es MUSS festgelegt werden, wie alle Informationen, Daten und Hardware der Nutzenden vom Anbietenden von Outsourcing zurückgegeben werden. Hierbei MÜSSEN gesetzliche Vorgaben zur Aufbewahrung von Daten beachtet werden. Ferner SOLLTE überprüft werden, ob die Zugangs-, Zutritts- und Zugriffsrechte für die Anbietenden von Outsourcing mit der Beendigung des Outsourcing-Verhältnisses aufgehoben wurden.";"Bei der Beendigung eines Outsourcing-Verhältnisses müssen folgende Regelungen getroffen werden:

1. **Rückgabe von Informationen, Daten und Hardware**: Alle Informationen, Daten und Hardware der Nutzenden müssen vom Anbietenden von Outsourcing zurückgegeben werden. Dabei müssen gesetzliche Vorgaben zur Aufbewahrung von Daten beachtet werden (Quelle: Regelungen für eine geplante oder ungeplante Beendigung eines Outsourcing-Verhältnisses (S.1)).

2. **Aufhebung von Zugangs-, Zutritts- und Zugriffsrechten**: Es sollte überprüft werden, ob die Zugangs-, Zutritts- und Zugriffsrechte für die Anbietenden von Outsourcing mit der Beendigung des Outsourcing-Verhältnisses aufgehoben wurden (Quelle: Regelungen für eine geplante oder ungeplante Beendigung eines Outsourcing-Verhältnisses (S.1)).

3. **Vertragliche Regelungen**: Verträge sollten Kündigungsoptionen enthalten, die regeln, wie das Eigentum der Nutzenden von Outsourcing zurückgegeben wird (Quelle: Erweiterte Anforderungen an Verträge mit Anbietenden von Outsourcing (S.2)).

4. **Verantwortlichkeiten im Notfall- und Krisenmanagement**: Im Vertrag sollten Verantwortlichkeiten hinsichtlich des Notfall- und Krisenmanagements definiert und benannt werden (Quelle: Erweiterte Anforderungen an Verträge mit Anbietenden von Outsourcing (S.2)).

5. **Beendigung des Auftragsverhältnisses mit Personal**: Es sollte ein geregeltes Verfahren festgelegt werden, das beschreibt, wie das Auftragsverhältnis mit den Beschäftigten der Anbietenden von Outsourcing beendet wird (Quelle: Regelungen für den Einsatz des Personals von Anbietenden von Outsourcing (S.3)).

6. **ESCROW-Verträge bei softwarenahen Dienstleistungen**: Bei Bezug von Software von Anbietenden von Outsourcing sollte ein ESCROW-Vertrag abgeschlossen werden, der Verwertungs- und Bearbeitungsrechte der Software sowie Herausgabefälle des Quellcodes regelt (Quelle: Abschluss von ESCROW-Verträgen bei softwarenahen Dienstleistungen (S.4)).

Anschlussfragen:
1. Welche spezifischen gesetzlichen Vorgaben zur Aufbewahrung von Daten müssen bei der Rückgabe von Informationen und Daten beachtet werden?
2. Wie können Zugangs-, Zutritts- und Zugriffsrechte effektiv überwacht und aufgehoben werden?
3. Welche weiteren vertraglichen Regelungen sind bei der Beendigung eines Outsourcing-Verhältnisses zu berücksichtigen?";"Bei der Beendigung eines Outsourcing-Verhältnisses müssen folgende Regelungen getroffen werden:

1. **Rückgabe von Informationen, Daten und Hardware**: Alle Informationen, Daten und Hardware der Nutzenden müssen vom Anbietenden von Outsourcing zurückgegeben werden. Dabei müssen gesetzliche Vorgaben zur Aufbewahrung von Daten beachtet werden (Quelle: Regelungen für eine geplante oder ungeplante Beendigung eines Outsourcing-Verhältnisses (S.1)).

2. **Aufhebung von Zugangs-, Zutritts- und Zugriffsrechten**: Es sollte überprüft werden, ob die Zugangs-, Zutritts- und Zugriffsrechte für die Anbietenden von Outsourcing mit der Beendigung des Outsourcing-Verhältnisses aufgehoben wurden (Quelle: Regelungen für eine geplante oder ungeplante Beendigung eines Outsourcing-Verhältnisses (S.1)).

3. **Vertragliche Regelungen**: Verträge sollten Kündigungsoptionen enthalten, die regeln, wie das Eigentum der Nutzenden von Outsourcing zurückgegeben wird (Quelle: Erweiterte Anforderungen an Verträge mit Anbietenden von Outsourcing (S.2)).

4. **Verantwortlichkeiten im Notfall- und Krisenmanagement**: Im Vertrag sollten Verantwortlichkeiten hinsichtlich des Notfall- und Krisenmanagements definiert und benannt werden (Quelle: Erweiterte Anforderungen an Verträge mit Anbietenden von Outsourcing (S.2)).

5. **Beendigung des Auftragsverhältnisses mit Personal**: Es sollte ein geregeltes Verfahren festgelegt werden, das beschreibt, wie das Auftragsverhältnis mit den Beschäftigten der Anbietenden von Outsourcing beendet wird (Quelle: Regelungen für den Einsatz des Personals von Anbietenden von Outsourcing (S.3)).

6. **ESCROW-Verträge bei softwarenahen Dienstleistungen**: Bei Bezug von Software von Anbietenden von Outsourcing sollte ein ESCROW-Vertrag abgeschlossen werden, der Verwertungs- und Bearbeitungsrechte der Software sowie Herausgabefälle des Quellcodes regelt (Quelle: Abschluss von ESCROW-Verträgen bei softwarenahen Dienstleistungen (S.4)).";"1. Welche spezifischen gesetzlichen Vorgaben zur Aufbewahrung von Daten müssen bei der Rückgabe von Informationen und Daten beachtet werden?
2. Wie können Zugangs-, Zutritts- und Zugriffsrechte effektiv überwacht und aufgehoben werden?
3. Welche weiteren vertraglichen Regelungen sind bei der Beendigung eines Outsourcing-Verhältnisses zu berücksichtigen?";3;3;0.62499999996875;1.0;1.0;0.5964799709386176;Welche spezifischen gesetzlichen Vorgaben zur Aufbewahrung von Daten müssen bei der Rückgabe von Informationen und Daten beachtet werden?;1;2;Teilweise abgedeckt;Wie können Zugangs-, Zutritts- und Zugriffsrechte effektiv überwacht und aufgehoben werden?;2;2;Direkte Relevanz zu Zugriffsrechten;Welche weiteren vertraglichen Regelungen sind bei der Beendigung eines Outsourcing-Verhältnisses zu berücksichtigen?;2;2;Direkte Vertragsregelungen;1.667;2.0
Muss es eine zentrale Stelle für Outsourcing geben?;"Es sollte eine zentrale Stelle für das Auslagerungsmanagement geben, die durch eine zuständige Person verwaltet wird. Diese Person sollte ernannt und mit festgelegten Befugnissen ausgestattet werden, um als Schnittstelle zwischen den Nutzenden und Anbietenden von Outsourcing zu fungieren. Quelle: OPS.2.3.A10 Etablierung einer zuständigen Person für das Auslagerungsmanagement (S) [Personalabteilung].

Anschlussfragen:
1. Welche Rolle spielt die zuständige Person im Auslagerungsmanagement bei der Vertragsgestaltung?
2. Wie oft sollten Berichte über das Outsourcing erstellt und der Institutionsleitung übergeben werden?
3. Welche Ausbildung sollte die zuständige Person hinsichtlich Informationssicherheit erhalten?";Es sollte eine zentrale Stelle für das Auslagerungsmanagement geben, die durch eine zuständige Person verwaltet wird. Diese Person sollte ernannt und mit festgelegten Befugnissen ausgestattet werden, um als Schnittstelle zwischen den Nutzenden und Anbietenden von Outsourcing zu fungieren. Quelle: OPS.2.3.A10 Etablierung einer zuständigen Person für das Auslagerungsmanagement (S) [Personalabteilung].;"OPS.2.3.A10 Etablierung einer zuständigen Person für das Auslagerungsmanagement (S) [Personalabteilung]
Die verschiedenen Outsourcing-Vorhaben SOLLTEN durch eine zuständige Person für das Auslagerungsmanagement verwaltet werden. Die zuständige Person SOLLTE ernannt und die Befugnisse festgelegt und dokumentiert werden. Die zuständige Person SOLLTE als Schnittstelle in der Kommunikation zwischen den Nutzenden und Anbietenden von Outsourcing eingesetzt werden. Darüber hinaus SOLLTE die zuständige Person Berichte über das Outsourcing in regelmäßigen Abständen und anlassbezogen anfertigen und der Institutionsleitung übergeben. In der Vertragsgestaltung SOLLTE die zuständige Person einbezogen werden. Die zuständige Person SOLLTE ein angemessenes Kontingent von Arbeitstagen für die Aufgaben des Auslagerungsmanagements eingeräumt bekommen. Darüber hinaus SOLLTE die zuständige Person hinsichtlich Informationssicherheit geschult und sensibilisiert sein.";"Ja, es sollte eine zentrale Stelle für Outsourcing geben. Gemäß dem Baustein OPS.3.2 Anbieten von Outsourcing SOLLTEN die verschiedenen Outsourcing-Vorhaben durch eine zuständige Person für das Auslagerungsmanagement verwaltet werden. Diese Person SOLLTE ernannt und ihre Befugnisse festgelegt und dokumentiert werden. Sie SOLLTE als Schnittstelle in der Kommunikation zwischen den Nutzenden und Anbietenden von Outsourcing eingesetzt werden und Berichte über das Outsourcing in regelmäßigen Abständen und anlassbezogen anfertigen und der Institutionsleitung übergeben. Zudem SOLLTE die zuständige Person in der Vertragsgestaltung einbezogen werden und ein angemessenes Kontingent von Arbeitstagen für die Aufgaben des Auslagerungsmanagements erhalten. Darüber hinaus SOLLTE die zuständige Person hinsichtlich Informationssicherheit geschult und sensibilisiert sein. Quelle: Etablierung einer zuständigen Person für das Auslagerungsmanagement (S. 1-2)

Anschlussfragen:
1. Welche spezifischen Verantwortlichkeiten hat die zuständige Person für das Auslagerungsmanagement?
2. Wie kann die Kommunikation zwischen den Nutzenden und Anbietenden von Outsourcing effektiv gestaltet werden?
3. Welche Maßnahmen können ergriffen werden, um die Informationssicherheit bei Outsourcing-Vorhaben zu gewährleisten?";Ja, es sollte eine zentrale Stelle für Outsourcing geben. Gemäß dem Baustein OPS.3.2 Anbieten von Outsourcing SOLLTEN die verschiedenen Outsourcing-Vorhaben durch eine zuständige Person für das Auslagerungsmanagement verwaltet werden. Diese Person SOLLTE ernannt und ihre Befugnisse festgelegt und dokumentiert werden. Sie SOLLTE als Schnittstelle in der Kommunikation zwischen den Nutzenden und Anbietenden von Outsourcing eingesetzt werden und Berichte über das Outsourcing in regelmäßigen Abständen und anlassbezogen anfertigen und der Institutionsleitung übergeben. Zudem SOLLTE die zuständige Person in der Vertragsgestaltung einbezogen werden und ein angemessenes Kontingent von Arbeitstagen für die Aufgaben des Auslagerungsmanagements erhalten. Darüber hinaus SOLLTE die zuständige Person hinsichtlich Informationssicherheit geschult und sensibilisiert sein. Quelle: Etablierung einer zuständigen Person für das Auslagerungsmanagement (S. 1-2);"1. Welche spezifischen Verantwortlichkeiten hat die zuständige Person für das Auslagerungsmanagement?
2. Wie kann die Kommunikation zwischen den Nutzenden und Anbietenden von Outsourcing effektiv gestaltet werden?
3. Welche Maßnahmen können ergriffen werden, um die Informationssicherheit bei Outsourcing-Vorhaben zu gewährleisten?";3;3;0.5845238095091964;1.0;0.875;0.68963666927408;Welche spezifischen Verantwortlichkeiten hat die zuständige Person für das Auslagerungsmanagement?;2;2;Direkte Verantwortlichkeiten;Wie kann die Kommunikation zwischen den Nutzenden und Anbietenden von Outsourcing effektiv gestaltet werden?;2;2;Direkte Relevanz zu Kommunikation;Welche Maßnahmen können ergriffen werden, um die Informationssicherheit bei Outsourcing-Vorhaben zu gewährleisten?;2;2;Direkte Relevanz zu Outsourcing und Informationssicherheit;2.0;2.0
Wie ist Outsourcing im Notfallmanagement zu berücksichtigen?;"Im Notfallmanagement sollte Outsourcing wie folgt berücksichtigt werden: Ein Notfallkonzept SOLLTE etabliert sein, das auf einer Business-Impact-Analyse basiert und die Abhängigkeiten der ausgelagerten Prozesse mit den intern verbliebenen Prozessen berücksichtigt. Das Notfallkonzept SOLLTE den Anbietenden von Outsourcing in seiner Notfallvorsorge und -bewältigung berücksichtigen und mit diesem abgestimmt sein Quelle: OPS.2.3.A20 (S). 

Anschlussfragen:
1. Wie sollten die Schnittstellen zu Anbietenden von Outsourcing im Notfallkonzept definiert werden?
2. Welche Rolle spielen gemeinsame Not- und Krisenfallpläne bei der Zusammenarbeit mit Anbietenden von Outsourcing?
3. Wie können standardisierte Protokolle und Berichte zur Meldung von Sicherheitsvorfällen im Rahmen des Outsourcings etabliert werden?";Im Notfallmanagement sollte Outsourcing wie folgt berücksichtigt werden: Ein Notfallkonzept SOLLTE etabliert sein, das auf einer Business-Impact-Analyse basiert und die Abhängigkeiten der ausgelagerten Prozesse mit den intern verbliebenen Prozessen berücksichtigt. Das Notfallkonzept SOLLTE den Anbietenden von Outsourcing in seiner Notfallvorsorge und -bewältigung berücksichtigen und mit diesem abgestimmt sein Quelle: OPS.2.3.A20 (S).;"OPS.2.3.A20 Etablierung sowie Einbeziehung von Anbietenden von Outsourcing im Notfallkonzept (S) [Notfallbeauftragte]
Ein Notfallkonzept SOLLTE in der Institution etabliert sein. Dies SOLLTE auf der Basis einer Business- Impact-Analyse basieren und die Abhängigkeiten der ausgelagerten Prozesse mit den intern verbliebenen Prozessen berücksichtigen. Das Notfallkonzept SOLLTE den Anbietenden von Outsourcing in seiner Notfallvorsorge und -bewältigung berücksichtigen und mit diesem abgestimmt sein. Dabei SOLLTEN die Schnittstellen zu Anbietenden von Outsourcing mit Verantwortlichen benannt und besetzt werden, um einen Informationsaustausch sowie eine effektive Kollaboration in einer Not- oder Krisensituation zu ermöglichen. Gemeinsame Not- und Krisenfallpläne SOLLTEN für eine Störung oder einen Ausfall der Anbietenden von Outsourcing erstellt werden. Standardisierte Protokolle und Berichte SOLLTEN zur Meldung von Sicherheitsvorfällen etabliert werden.";"Outsourcing im Notfallmanagement muss umfassend berücksichtigt werden, um die Informationssicherheit und den Geschäftsbetrieb auch in Krisensituationen zu gewährleisten. Ein Notfallkonzept SOLLTE auf einer Business-Impact-Analyse basieren und die Abhängigkeiten der ausgelagerten Prozesse mit den intern verbliebenen Prozessen berücksichtigen. Dabei SOLLTEN die Schnittstellen zu Anbietenden von Outsourcing mit Verantwortlichen benannt und besetzt werden, um einen Informationsaustausch sowie eine effektive Kollaboration in einer Not- oder Krisensituation zu ermöglichen. Gemeinsame Not- und Krisenfallpläne SOLLTEN für eine Störung oder einen Ausfall der Anbietenden von Outsourcing erstellt werden. Standardisierte Protokolle und Berichte SOLLTEN zur Meldung von Sicherheitsvorfällen etabliert werden. Quelle: Einbindung in die Notfallplanung (S.1-2)

Für zeitkritische Dienstleistungen, die von externen Dienstleistungsunternehmen erbracht oder unterstützt werden, SOLLTEN geeignete BC-Strategien ausgewählt werden, um die Dienstleistung umgehend wieder in der eigenen Institution zu erbringen oder auf andere Dienstleistungsunternehmen zurückzugreifen. Die BC-Strategien für einen Ausfall eines Dienstleistungsunternehmens werden im Rahmen des Prozessschritts 10 Business-Continuity-Strategien und -Lösungen (AS) ausgewählt. Quelle: Einbindung in die Notfallplanung (S.1-2)

Anschlussfragen:
1. Welche spezifischen Maßnahmen SOLLTEN zur Absicherung von Outsourcing-Prozessen im Notfallkonzept festgelegt werden?
2. Wie SOLLTEN die Schnittstellen zu Anbietenden von Outsourcing im Notfallmanagement konkret gestaltet werden?
3. Welche Rolle spielt die Business-Impact-Analyse bei der Integration von Outsourcing in das Notfallmanagement?";"Outsourcing im Notfallmanagement muss umfassend berücksichtigt werden, um die Informationssicherheit und den Geschäftsbetrieb auch in Krisensituationen zu gewährleisten. Ein Notfallkonzept SOLLTE auf einer Business-Impact-Analyse basieren und die Abhängigkeiten der ausgelagerten Prozesse mit den intern verbliebenen Prozessen berücksichtigen. Dabei SOLLTEN die Schnittstellen zu Anbietenden von Outsourcing mit Verantwortlichen benannt und besetzt werden, um einen Informationsaustausch sowie eine effektive Kollaboration in einer Not- oder Krisensituation zu ermöglichen. Gemeinsame Not- und Krisenfallpläne SOLLTEN für eine Störung oder einen Ausfall der Anbietenden von Outsourcing erstellt werden. Standardisierte Protokolle und Berichte SOLLTEN zur Meldung von Sicherheitsvorfällen etabliert werden. Quelle: Einbindung in die Notfallplanung (S.1-2)

Für zeitkritische Dienstleistungen, die von externen Dienstleistungsunternehmen erbracht oder unterstützt werden, SOLLTEN geeignete BC-Strategien ausgewählt werden, um die Dienstleistung umgehend wieder in der eigenen Institution zu erbringen oder auf andere Dienstleistungsunternehmen zurückzugreifen. Die BC-Strategien für einen Ausfall eines Dienstleistungsunternehmens werden im Rahmen des Prozessschritts 10 Business-Continuity-Strategien und -Lösungen (AS) ausgewählt. Quelle: Einbindung in die Notfallplanung (S.1-2)";"1. Welche spezifischen Maßnahmen SOLLTEN zur Absicherung von Outsourcing-Prozessen im Notfallkonzept festgelegt werden?
2. Wie SOLLTEN die Schnittstellen zu Anbietenden von Outsourcing im Notfallmanagement konkret gestaltet werden?
3. Welche Rolle spielt die Business-Impact-Analyse bei der Integration von Outsourcing in das Notfallmanagement?";3;3;0.9484126983968916;1.0;1.0;0.3963484156685219;Welche spezifischen Maßnahmen SOLLTEN zur Absicherung von Outsourcing-Prozessen im Notfallkonzept festgelegt werden?;2;2;Direkte Berücksichtigung von Outsourcing im Notfallkonzept;Wie SOLLTEN die Schnittstellen zu Anbietenden von Outsourcing im Notfallmanagement konkret gestaltet werden?;2;2;Schnittstellen gestaltung;Welche Rolle spielt die Business-Impact-Analyse bei der Integration von Outsourcing in das Notfallmanagement?;2;2;Direkte Relevanz zur Business-Impact-Analyse;2.0;2.0
Welche Risiken entstehen durch eine unzureichende Outsourcing-Strategie?;"Eine unzureichende Strategie für das Outsourcing führt dazu, dass die Informationssicherheit nicht angemessen berücksichtigt wird Quelle: 2.1. Unzureichende Strategie für das Outsourcing. Dies kann dazu führen, dass Prozesse beeinträchtigt oder ausfallen und Informationen an unbefugte Dritte abfließen Quelle: 2.1. Unzureichende Strategie für das Outsourcing.

Anschlussfragen:
1. Wie kann eine angemessene Strategie für das Outsourcing entwickelt werden, um die Informationssicherheit zu gewährleisten?
2. Welche Rolle spielen Anbieter von Outsourcing-Leistungen bei der Umsetzung von Informationssicherheitsmaßnahmen?
3. Wie können die Risiken, die durch unzureichende Outsourcing-Strategien entstehen, identifiziert und minimiert werden?";Eine unzureichende Strategie für das Outsourcing führt dazu, dass die Informationssicherheit nicht angemessen berücksichtigt wird Quelle: 2.1. Unzureichende Strategie für das Outsourcing. Dies kann dazu führen, dass Prozesse beeinträchtigt oder ausfallen und Informationen an unbefugte Dritte abfließen Quelle: 2.1. Unzureichende Strategie für das Outsourcing.;"2.1. Unzureichende Strategie für das Outsourcing
Eine unzureichende Strategie führt dazu, dass die Informationssicherheit in Outsourcing-Vorhaben nicht angemessen berücksichtigt wird. Hierdurch wird die Informationssicherheit nicht angemessen in den einzelnen Phasen des Outsourcing-Lebenszyklus beachtet und somit kein ausreichendes Niveau der Informationssicherheit in der eigenen Institution sowie bei Anbietenden von Outsourcing angestrebt und umgesetzt. Dadurch können Prozesse beeinträchtigt, ausfallen und Informationen an unbefugte Dritte abfließen.";"Eine unzureichende Outsourcing-Strategie kann zu verschiedenen Risiken führen, die die Informationssicherheit und den Geschäftsbetrieb einer Institution beeinträchtigen. Hier sind die wichtigsten Risiken:

1. **Gefahr des Outsourcings von institutionskritischen Prozessen**: Kritische Prozesse, die aufgrund ihrer Kritikalität oder des Schutzbedarfs in der Institution verbleiben sollten, werden ausgelagert. Dies kann zu einem Kontroll- und Steuerungsverlust führen, da die Institution den Prozess nicht mehr angemessen steuern kann. Ein Ausfall oder eine Störung des Prozesses kann den ordentlichen Geschäftsbetrieb gefährden. Quelle: Unzureichende Strategie für das Outsourcing (S. 1-2)

2. **Abhängigkeit von Anbietenden von Outsourcing**: Durch Outsourcing entsteht eine Abhängigkeit von den Anbietenden. Dies kann dazu führen, dass Wissen verloren geht und die ausgelagerten Prozesse nicht mehr vollständig kontrolliert werden können. Zudem können unterschiedliche Einschätzungen des Schutzbedarfs zu unangemessenen Sicherheitsmaßnahmen führen. Quelle: Abhängigkeit von Anbietenden von Outsourcing (S. 2-3)

3. **Unzureichendes Niveau der Informationssicherheit beim Outsourcing**: Wenn die Informationssicherheit nicht angemessen berücksichtigt wird, können die Anbietenden von Outsourcing keinen ausreichenden Standard aufrechterhalten. Dies kann zu Schwachstellen führen, die IT-gestützte Angriffe und Datenverluste ermöglichen. Zudem können rechtliche Konsequenzen und Reputationsverluste entstehen. Quelle: Unzureichendes Niveau der Informationssicherheit beim Outsourcing (S. 3-4)

4. **Mangelhaftes Auslagerungsmanagement**: Ein unzureichendes Auslagerungsmanagement führt zu einer Verringerung der Transparenz über die ausgelagerten Prozesse. Dies erschwert die Kontrolle und Steuerung der Anbietenden von Outsourcing, was die Informationssicherheit gefährden kann. Quelle: Mangelhaftes Auslagerungsmanagement (S. 4-5)

5. **Unzulängliche vertragliche Regelungen mit Anbietenden von Outsourcing**: Unklare oder unzureichende vertragliche Regelungen können zu Sicherheitsproblemen entlang des gesamten Outsourcing-Lebenszyklus führen. Dies kann die Erfüllung regulatorischer Anforderungen und die Einhaltung von Gesetzen beeinträchtigen. Quelle: Unzulängliche vertragliche Regelungen mit Anbietenden von Outsourcing (S. 5-6)

6. **Ungeeignete Verwaltung von Zutritts-, Zugangs- und Zugriffsrechten**: Eine unangemessene Verwaltung dieser Rechte kann dazu führen, dass sensible Informationen nicht mehr geschützt werden. Beispielsweise können administrative Berechtigungen an Mitarbeitende von Anbietenden vergeben werden, was ein Sicherheitsrisiko darstellt. Quelle: Ungeeignete Verwaltung von Zutritts-, Zugangs- und Zugriffsrechten (S. 6-7)

7. **Kontroll- und Steuerverlust durch Weiterverlagerungen**: Wenn Teile von Geschäftsprozessen an Sub-Dienstleistende weitergegeben werden, kann dies die Transparenz und Kontrolle weiter verringern. Dies kann dazu führen, dass vereinbarte Sicherheitsaspekte nicht eingehalten werden. Quelle: Kontroll- und Steuerverlust durch Weiterverlagerungen (S. 7-8)

8. **Fehlende und unzulängliche Instrumente zur Steuerung von Anbietenden von Outsourcing**: Ohne geeignete Instrumente wie Leistungskennzahlen (KPIs) können die Anbietenden nicht adäquat kontrolliert und gesteuert werden. Dies kann die Einhaltung der Sicherheitsanforderungen gefährden. Quelle: Fehlende und unzulängliche Instrumente zur Steuerung von Anbietenden von Outsourcing (S. 8-9)

9. **Unzulängliche Regelungen für eine geplante und ungeplante Beendigung eines Outsourcing-Verhältnisses**: Unklare Regelungen können dazu führen, dass Hardware, Daten und Zugänge nicht ordnungsgemäß übergeben werden. Dies kann zu Datenverlusten und rechtlichen Konsequenzen führen. Quelle: Unzulängliche Regelungen für eine geplante und ungeplante Beendigung eines Outsourcing-Verhältnisses (S. 9-10)

10. **Unzureichendes Notfallkonzept**: Ein unzureichendes Notfallmanagement kann dazu führen, dass ausgelagerte Prozesse im Notfall ausfallen. Dies kann zu unmittelbaren wirtschaftlichen Auswirkungen und Kaskadeneffekten führen. Quelle: Unzureichendes Notfallkonzept (S. 10-11)

Anschlussfragen:
1. Welche Maßnahmen können ergriffen werden, um die Risiken einer unzureichenden Outsourcing-Strategie zu minimieren?
2. Wie kann eine Institution sicherstellen, dass die Informationssicherheit in Outsourcing-Vorhaben angemessen berücksichtigt wird?
3. Welche Rolle spielen vertragliche Regelungen bei der Sicherstellung der Informationssicherheit in Outsourcing-Vorhaben?";"Eine unzureichende Outsourcing-Strategie kann zu verschiedenen Risiken führen, die die Informationssicherheit und den Geschäftsbetrieb einer Institution beeinträchtigen. Hier sind die wichtigsten Risiken:

1. **Gefahr des Outsourcings von institutionskritischen Prozessen**: Kritische Prozesse, die aufgrund ihrer Kritikalität oder des Schutzbedarfs in der Institution verbleiben sollten, werden ausgelagert. Dies kann zu einem Kontroll- und Steuerungsverlust führen, da die Institution den Prozess nicht mehr angemessen steuern kann. Ein Ausfall oder eine Störung des Prozesses kann den ordentlichen Geschäftsbetrieb gefährden. Quelle: Unzureichende Strategie für das Outsourcing (S. 1-2)

2. **Abhängigkeit von Anbietenden von Outsourcing**: Durch Outsourcing entsteht eine Abhängigkeit von den Anbietenden. Dies kann dazu führen, dass Wissen verloren geht und die ausgelagerten Prozesse nicht mehr vollständig kontrolliert werden können. Zudem können unterschiedliche Einschätzungen des Schutzbedarfs zu unangemessenen Sicherheitsmaßnahmen führen. Quelle: Abhängigkeit von Anbietenden von Outsourcing (S. 2-3)

3. **Unzureichendes Niveau der Informationssicherheit beim Outsourcing**: Wenn die Informationssicherheit nicht angemessen berücksichtigt wird, können die Anbietenden von Outsourcing keinen ausreichenden Standard aufrechterhalten. Dies kann zu Schwachstellen führen, die IT-gestützte Angriffe und Datenverluste ermöglichen. Zudem können rechtliche Konsequenzen und Reputationsverluste entstehen. Quelle: Unzureichendes Niveau der Informationssicherheit beim Outsourcing (S. 3-4)

4. **Mangelhaftes Auslagerungsmanagement**: Ein unzureichendes Auslagerungsmanagement führt zu einer Verringerung der Transparenz über die ausgelagerten Prozesse. Dies erschwert die Kontrolle und Steuerung der Anbietenden von Outsourcing, was die Informationssicherheit gefährden kann. Quelle: Mangelhaftes Auslagerungsmanagement (S. 4-5)

5. **Unzulängliche vertragliche Regelungen mit Anbietenden von Outsourcing**: Unklare oder unzureichende vertragliche Regelungen können zu Sicherheitsproblemen entlang des gesamten Outsourcing-Lebenszyklus führen. Dies kann die Erfüllung regulatorischer Anforderungen und die Einhaltung von Gesetzen beeinträchtigen. Quelle: Unzulängliche vertragliche Regelungen mit Anbietenden von Outsourcing (S. 5-6)

6. **Ungeeignete Verwaltung von Zutritts-, Zugangs- und Zugriffsrechten**: Eine unangemessene Verwaltung dieser Rechte kann dazu führen, dass sensible Informationen nicht mehr geschützt werden. Beispielsweise können administrative Berechtigungen an Mitarbeitende von Anbietenden vergeben werden, was ein Sicherheitsrisiko darstellt. Quelle: Ungeeignete Verwaltung von Zutritts-, Zugangs- und Zugriffsrechten (S. 6-7)

7. **Kontroll- und Steuerverlust durch Weiterverlagerungen**: Wenn Teile von Geschäftsprozessen an Sub-Dienstleistende weitergegeben werden, kann dies die Transparenz und Kontrolle weiter verringern. Dies kann dazu führen, dass vereinbarte Sicherheitsaspekte nicht eingehalten werden. Quelle: Kontroll- und Steuerverlust durch Weiterverlagerungen (S. 7-8)

8. **Fehlende und unzulängliche Instrumente zur Steuerung von Anbietenden von Outsourcing**: Ohne geeignete Instrumente wie Leistungskennzahlen (KPIs) können die Anbietenden nicht adäquat kontrolliert und gesteuert werden. Dies kann die Einhaltung der Sicherheitsanforderungen gefährden. Quelle: Fehlende und unzulängliche Instrumente zur Steuerung von Anbietenden von Outsourcing (S. 8-9)

9. **Unzulängliche Regelungen für eine geplante und ungeplante Beendigung eines Outsourcing-Verhältnisses**: Unklare Regelungen können dazu führen, dass Hardware, Daten und Zugänge nicht ordnungsgemäß übergeben werden. Dies kann zu Datenverlusten und rechtlichen Konsequenzen führen. Quelle: Unzulängliche Regelungen für eine geplante und ungeplante Beendigung eines Outsourcing-Verhältnisses (S. 9-10)

10. **Unzureichendes Notfallkonzept**: Ein unzureichendes Notfallmanagement kann dazu führen, dass ausgelagerte Prozesse im Notfall ausfallen. Dies kann zu unmittelbaren wirtschaftlichen Auswirkungen und Kaskadeneffekten führen. Quelle: Unzureichendes Notfallkonzept (S. 10-11)";"1. Welche Maßnahmen können ergriffen werden, um die Risiken einer unzureichenden Outsourcing-Strategie zu minimieren?
2. Wie kann eine Institution sicherstellen, dass die Informationssicherheit in Outsourcing-Vorhaben angemessen berücksichtigt wird?
3. Welche Rolle spielen vertragliche Regelungen bei der Sicherstellung der Informationssicherheit in Outsourcing-Vorhaben?";3;3;0.9617346938638119;1.0;1.0;0.3986644435629708;Welche Maßnahmen können ergriffen werden, um die Risiken einer unzureichenden Outsourcing-Strategie zu minimieren?;2;2;Direkte Minimierungsmaßnahmen;Wie kann eine Institution sicherstellen, dass die Informationssicherheit in Outsourcing-Vorhaben angemessen berücksichtigt wird?;2;2;Direkte Berücksichtigung von Informationssicherheit;Welche Rolle spielen vertragliche Regelungen bei der Sicherstellung der Informationssicherheit in Outsourcing-Vorhaben?;2;2;Vertragliche Regelungen in IT-Grundschutz;2.0;2.0
Warum ist Abhängigkeit von Outsourcing-Anbietenden kritisch?;"Die Abhängigkeit von Anbietenden von Outsourcing ist kritisch, da sie zu einem Verlust von Wissen und Kontrolle über die ausgelagerten Prozesse führen kann. Wenn eine Institution sich für Outsourcing entscheidet, macht sie sich von Anbietenden abhängig, was dazu führen kann, dass die ausgelagerten Prozesse nicht mehr vollständig kontrolliert werden können. Außerdem kann der Schutzbedarf der ausgelagerten Geschäftsprozesse und Informationen unterschiedlich eingeschätzt werden, was zu ungeeigneten Sicherheitsmaßnahmen führen kann. Quelle: OPS.2.3 Nutzung von Outsourcing (2.3).

Anschlussfragen:
1. Wie kann die Abhängigkeit von Anbietenden von Outsourcing minimiert werden?
2. Welche Rolle spielt die Risikoanalyse bei der Nutzung von Outsourcing?
3. Wie unterscheidet sich die Behandlung von Sicherheitsdiensten und Reinigungskräften von der Behandlung von Outsourcing-Anbietenden?";Die Abhängigkeit von Anbietenden von Outsourcing ist kritisch, da sie zu einem Verlust von Wissen und Kontrolle über die ausgelagerten Prozesse führen kann. Wenn eine Institution sich für Outsourcing entscheidet, macht sie sich von Anbietenden abhängig, was dazu führen kann, dass die ausgelagerten Prozesse nicht mehr vollständig kontrolliert werden können. Außerdem kann der Schutzbedarf der ausgelagerten Geschäftsprozesse und Informationen unterschiedlich eingeschätzt werden, was zu ungeeigneten Sicherheitsmaßnahmen führen kann. Quelle: OPS.2.3 Nutzung von Outsourcing (2.3).;"OPS.2.3 Nutzung von Outsourcing
2.3. Abhängigkeit von Anbietenden von Outsourcing
Entscheidet sich eine Institution für Outsourcing, macht sie sich damit auch von Anbietenden von Outsourcing abhängig. Mit dieser Abhängigkeit kann Wissen verloren gehen und die ausgelagerten Prozesse können nicht mehr vollständig kontrolliert werden. Außerdem könnte der Schutzbedarf der ausgelagerten Geschäftsprozesse und Informationen unterschiedlich eingeschätzt werden. Dies kann dazu führen, dass für den Schutzbedarf entsprechend ungeeignete Sicherheitsmaßnahmen umgesetzt werden. Häufig lagern Institutionen gesamte Geschäftsprozesse an Anbietende von Outsourcing aus. Die Anbietenden von Outsourcing können dadurch die Geschäftsprozesse mit schutzbedürftigen Informationen, Ressourcen und IT-Systemen vollständig kontrollieren. Gleichzeitig nimmt das Wissen über diese Bereiche bei Nutzenden von Outsourcing ab. Als Folge ist es möglich, dass die Nutzenden von Outsourcing Defizite der Informationssicherheit nicht mehr bemerken. Diese Situation könnte von Anbietenden von Outsourcing ausgenutzt werden, z. B. indem sie drastisch die Preise erhöhen oder die Qualität der Dienstleistungen abnimmt.";"Die Abhängigkeit von Outsourcing-Anbietenden ist aus mehreren Gründen kritisch:

1. **Unzureichendes Informationssicherheitsmanagement**: Anbietende von Outsourcing müssen das erforderliche Niveau an Informationssicherheit einhalten. Ein mangelhaftes Management kann dazu führen, dass Schutzziele nicht erreicht werden, was alle beteiligten Institutionen gefährdet. Quelle: Unzureichendes Informationssicherheitsmanagement bei Anbietenden von Outsourcing (S.1-2)

2. **Unzureichendes Notfallmanagement**: Störungen oder Notfälle bei Anbietenden können den Geschäftsbetrieb der Nutzenden beeinträchtigen. Eine mangelhafte Notfallvorsorge kann zu unkontrollierbaren Situationen führen, die sich auf vor- und nachgelagerte Dienstleistende sowie Kunden auswirken. Quelle: Unzureichendes Notfallmanagement der Anbietenden von Outsourcing (S.2-3)

3. **Unzulängliche vertragliche Regelungen**: Unklare oder unzureichende Vertragsgestaltung kann die Informationssicherheit gefährden. Vertragliche Regelungen definieren den Outsourcing-Prozess und stellen die rechtliche Grundlage dar. Unzulänglichkeiten können zu vielfältigen Gefährdungsszenarien führen. Quelle: Unzulängliche vertragliche Regelungen mit Nutzenden von Outsourcing (S.3-4)

4. **Schwachstellen bei der Anbindung**: Technische und organisatorische Schwachstellen an den Schnittstellen können zu Störungen, Datenverlust oder IT-Angriffen führen. Organisatorische Schwachstellen können die Effizienz von Risikobewältigungsmaßnahmen beeinträchtigen. Quelle: Schwachstellen bei der Anbindung Nutzender von Outsourcing (S.4-5)

5. **Abhängigkeit von Sub-Dienstleistenden**: Die Weiterverlagerung von Tätigkeiten an Sub-Dienstleistende kann zu einer Abhängigkeit führen, die die Qualität und Informationssicherheit beeinträchtigt. Dies kann rechtliche und finanzielle Auswirkungen sowie Reputationsverluste zur Folge haben. Quelle: Abhängigkeit von Sub-Dienstleistenden (S.5-6)

6. **Ungeeignete Konfiguration von Zugriffsrechten**: Eine ungeeignete Konfiguration von Zugriffsrechten kann dazu führen, dass Nutzende auf sensible Daten zugreifen können. Dies gefährdet die Integrität und Vertraulichkeit der Daten und kann zu Vertragsstrafen und Reputationsverlusten führen. Quelle: Ungeeignete Konfiguration und Verwaltung von Zutritts-, Zugangs- und Zugriffsrechten (S.6-7)

7. **Unzureichende Mandantenfähigkeit**: Unzureichend getrennte IT-Systeme und Daten können dazu führen, dass Nutzende auf die Bereiche anderer Nutzender zugreifen. Dies stellt einen Verstoß gegen die Vertraulichkeit dar und kann zu Reputationsverlusten und rechtlichen Folgen führen. Quelle: Unzureichende Mandantenfähigkeit bei Anbietenden von Outsourcing (S.7-8)

8. **Kontroll- und Steuerungsverlust**: Eine unzureichende Kontrolle der Sub-Dienstleistenden kann dazu führen, dass vereinbarte Aspekte der Informationssicherheit nicht eingehalten werden. Dies hat Konsequenzen für das Outsourcing-Verhältnis und kann zu finanziellen Auswirkungen und Reputationsverlusten führen. Quelle: Kontroll- und Steuerungsverlust bei der Weiterverlagerung an Sub-Dienstleistende (S.8-9)

9. **Unzulängliche Regelungen für Vertragsbeendigung**: Unzureichende Regelungen für das Ende eines Outsourcing-Verhältnisses können dazu führen, dass Hardware und Daten nicht ordnungsgemäß übergeben oder gelöscht werden. Dies kann zu Reputationsverlusten und rechtlichen Konsequenzen führen. Quelle: Unzulängliche Regelungen für eine geplante oder ungeplante Beendigung eines Outsourcing-Verhältnisses (S.9-10)

Anschlussfragen:
1. Welche Maßnahmen können ergriffen werden, um das Informationssicherheitsmanagement bei Outsourcing-Anbietenden zu verbessern?
2. Wie kann ein effektives Notfallmanagement bei Outsourcing-Anbietenden sichergestellt werden?
3. Welche vertraglichen Regelungen sind notwendig, um die Informationssicherheit bei Outsourcing zu gewährleisten?";"Die Abhängigkeit von Outsourcing-Anbietenden ist aus mehreren Gründen kritisch:

1. **Unzureichendes Informationssicherheitsmanagement**: Anbietende von Outsourcing müssen das erforderliche Niveau an Informationssicherheit einhalten. Ein mangelhaftes Management kann dazu führen, dass Schutzziele nicht erreicht werden, was alle beteiligten Institutionen gefährdet. Quelle: Unzureichendes Informationssicherheitsmanagement bei Anbietenden von Outsourcing (S.1-2)

2. **Unzureichendes Notfallmanagement**: Störungen oder Notfälle bei Anbietenden können den Geschäftsbetrieb der Nutzenden beeinträchtigen. Eine mangelhafte Notfallvorsorge kann zu unkontrollierbaren Situationen führen, die sich auf vor- und nachgelagerte Dienstleistende sowie Kunden auswirken. Quelle: Unzureichendes Notfallmanagement der Anbietenden von Outsourcing (S.2-3)

3. **Unzulängliche vertragliche Regelungen**: Unklare oder unzureichende Vertragsgestaltung kann die Informationssicherheit gefährden. Vertragliche Regelungen definieren den Outsourcing-Prozess und stellen die rechtliche Grundlage dar. Unzulänglichkeiten können zu vielfältigen Gefährdungsszenarien führen. Quelle: Unzulängliche vertragliche Regelungen mit Nutzenden von Outsourcing (S.3-4)

4. **Schwachstellen bei der Anbindung**: Technische und organisatorische Schwachstellen an den Schnittstellen können zu Störungen, Datenverlust oder IT-Angriffen führen. Organisatorische Schwachstellen können die Effizienz von Risikobewältigungsmaßnahmen beeinträchtigen. Quelle: Schwachstellen bei der Anbindung Nutzender von Outsourcing (S.4-5)

5. **Abhängigkeit von Sub-Dienstleistenden**: Die Weiterverlagerung von Tätigkeiten an Sub-Dienstleistende kann zu einer Abhängigkeit führen, die die Qualität und Informationssicherheit beeinträchtigt. Dies kann rechtliche und finanzielle Auswirkungen sowie Reputationsverluste zur Folge haben. Quelle: Abhängigkeit von Sub-Dienstleistenden (S.5-6)

6. **Ungeeignete Konfiguration von Zugriffsrechten**: Eine ungeeignete Konfiguration von Zugriffsrechten kann dazu führen, dass Nutzende auf sensible Daten zugreifen können. Dies gefährdet die Integrität und Vertraulichkeit der Daten und kann zu Vertragsstrafen und Reputationsverlusten führen. Quelle: Ungeeignete Konfiguration und Verwaltung von Zutritts-, Zugangs- und Zugriffsrechten (S.6-7)

7. **Unzureichende Mandantenfähigkeit**: Unzureichend getrennte IT-Systeme und Daten können dazu führen, dass Nutzende auf die Bereiche anderer Nutzender zugreifen. Dies stellt einen Verstoß gegen die Vertraulichkeit dar und kann zu Reputationsverlusten und rechtlichen Folgen führen. Quelle: Unzureichende Mandantenfähigkeit bei Anbietenden von Outsourcing (S.7-8)

8. **Kontroll- und Steuerungsverlust**: Eine unzureichende Kontrolle der Sub-Dienstleistenden kann dazu führen, dass vereinbarte Aspekte der Informationssicherheit nicht eingehalten werden. Dies hat Konsequenzen für das Outsourcing-Verhältnis und kann zu finanziellen Auswirkungen und Reputationsverlusten führen. Quelle: Kontroll- und Steuerungsverlust bei der Weiterverlagerung an Sub-Dienstleistende (S.8-9)

9. **Unzulängliche Regelungen für Vertragsbeendigung**: Unzureichende Regelungen für das Ende eines Outsourcing-Verhältnisses können dazu führen, dass Hardware und Daten nicht ordnungsgemäß übergeben oder gelöscht werden. Dies kann zu Reputationsverlusten und rechtlichen Konsequenzen führen. Quelle: Unzulängliche Regelungen für eine geplante oder ungeplante Beendigung eines Outsourcing-Verhältnisses (S.9-10)";"1. Welche Maßnahmen können ergriffen werden, um das Informationssicherheitsmanagement bei Outsourcing-Anbietenden zu verbessern?
2. Wie kann ein effektives Notfallmanagement bei Outsourcing-Anbietenden sichergestellt werden?
3. Welche vertraglichen Regelungen sind notwendig, um die Informationssicherheit bei Outsourcing zu gewährleisten?";3;3;0.9666666666473333;1.0;1.0;0.2956554180338157;Welche Maßnahmen können ergriffen werden, um das Informationssicherheitsmanagement bei Outsourcing-Anbietenden zu verbessern?;2;2;Direkte Relevanz zu IT-Grundschutz;Wie kann ein effektives Notfallmanagement bei Outsourcing-Anbietenden sichergestellt werden?;2;2;Direkte Abdeckung durch IT-Grundschutz;Welche vertraglichen Regelungen sind notwendig, um die Informationssicherheit bei Outsourcing zu gewährleisten?;2;2;Direkte Abdeckung durch IT-Grundschutz;2.0;2.0
Welche Risiken entstehen durch unzulängliche vertragliche Regelungen beim Outsourcing?;"Unzulängliche vertragliche Regelungen mit Anbietenden von Outsourcing können zu Schwachstellen in der Informationssicherheit führen Quelle: 2.6. Unzulängliche vertragliche Regelungen mit Anbietenden von Outsourcing. Diese Schwachstellen können vielfältige und schwerwiegende Sicherheitsprobleme verursachen, wie zum Beispiel das Nichtumsetzen von Sicherheitsmaßnahmen aufgrund ungenügender oder missverständlicher Beschreibung von Aufgaben, Leistungsparametern oder Aufwänden Quelle: 2.6. Unzulängliche vertragliche Regelungen mit Anbietenden von Outsourcing. Dies kann zu negativen Auswirkungen führen, wie dem Nichteinhalten von regulatorischen Anforderungen und Pflichten oder dem Missachten von Auskunftspflichten und Gesetzen Quelle: 2.6. Unzulängliche vertragliche Regelungen mit Anbietenden von Outsourcing.

Anschlussfragen:
1. Wie können unzulängliche vertragliche Regelungen den gesamten Outsourcing-Lebenszyklus beeinflussen?
2. Welche Rolle spielen Aufgaben, Leistungsparameter und Aufwände bei der Verhinderung von Sicherheitsproblemen im Outsourcing?
3. Wie kann die Berücksichtigung des Aspekts der Informationssicherheit bei der Vertragsgestaltung dazu beitragen, Prozesse und Daten der Nutzenden von Outsourcing abzusichern?";Unzulängliche vertragliche Regelungen mit Anbietenden von Outsourcing können zu Schwachstellen in der Informationssicherheit führen Quelle: 2.6. Unzulängliche vertragliche Regelungen mit Anbietenden von Outsourcing. Diese Schwachstellen können vielfältige und schwerwiegende Sicherheitsprobleme verursachen, wie zum Beispiel das Nichtumsetzen von Sicherheitsmaßnahmen aufgrund ungenügender oder missverständlicher Beschreibung von Aufgaben, Leistungsparametern oder Aufwänden Quelle: 2.6. Unzulängliche vertragliche Regelungen mit Anbietenden von Outsourcing. Dies kann zu negativen Auswirkungen führen, wie dem Nichteinhalten von regulatorischen Anforderungen und Pflichten oder dem Missachten von Auskunftspflichten und Gesetzen Quelle: 2.6. Unzulängliche vertragliche Regelungen mit Anbietenden von Outsourcing.;"2.6. Unzulängliche vertragliche Regelungen mit Anbietenden von Outsourcing
Unzulängliche vertragliche Regelungen mit den Anbietenden von Outsourcing können zu Schwachstellen in der Informationssicherheit entlang des gesamten Outsourcing-Lebenszyklus führen. Die vertraglichen Regelungen definieren den gesamten Outsourcing-Prozess und stellen den Ausgangspunkt für Ansprüche der Nutzenden gegenüber den Anbietenden von Outsourcing dar. Aufgrund von unzulänglichen vertraglichen Regelungen mit den Anbietenden von Outsourcing können vielfältige und auch schwerwiegende Sicherheitsprobleme auftreten. Wenn Aufgaben, Leistungsparameter oder Aufwände ungenügend oder missverständlich beschrieben wurden, können möglicherweise aus Unkenntnis oder wegen fehlender Ressourcen Sicherheitsmaßnahmen nicht umgesetzt werden. Dies kann viele negative Auswirkungen nach sich ziehen, etwa, wenn regulatorische Anforderungen und Pflichten nicht erfüllt oder Auskunftspflichten und Gesetze nicht eingehalten werden. Wird bei der Vertragsgestaltung der Aspekt der  Informationssicherheit nicht berücksichtigt, so können Prozesse und Daten der Nutzenden von Outsourcing unzureichend abgesichert werden.";"Unzulängliche vertragliche Regelungen beim Outsourcing können zu verschiedenen Risiken führen, die die Informationssicherheit beeinträchtigen. Dazu gehören:

1. **Schwachstellen in der Informationssicherheit**: Unklare oder unvollständige vertragliche Regelungen können dazu führen, dass Sicherheitsmaßnahmen nicht ausreichend umgesetzt werden. Dies kann zu Schwachstellen führen, die IT-gestützte Angriffe oder Datenverluste ermöglichen. Quelle: Unzulängliche vertragliche Regelungen mit Anbietenden von Outsourcing (S. 1-2)

2. **Nicht Erfüllung regulatorischer Anforderungen**: Wenn Aufgaben, Leistungsparameter oder Aufwände ungenügend oder missverständlich beschrieben sind, können regulatorische Anforderungen und Pflichten nicht erfüllt werden. Dies kann zu rechtlichen Konsequenzen und finanziellen Auswirkungen führen. Quelle: Unzulängliche vertragliche Regelungen mit Anbietenden von Outsourcing (S. 2)

3. **Unzureichender Schutz von Prozessen und Daten**: Wenn der Aspekt der Informationssicherheit in der Vertragsgestaltung nicht berücksichtigt wird, können Prozesse und Daten der Nutzenden von Outsourcing unzureichend abgesichert werden. Quelle: Unzulängliche vertragliche Regelungen mit Anbietenden von Outsourcing (S. 2)

4. **Kontroll- und Steuerverlust**: Unzulängliche vertragliche Regelungen können dazu führen, dass die Nutzenden von Outsourcing die Anbietenden von Outsourcing nicht mehr angemessen kontrollieren und steuern können. Dies kann die Transparenz über die ausgelagerten Prozesse verringern. Quelle: Unzulängliche vertragliche Regelungen mit Anbietenden von Outsourcing (S. 2)

5. **Probleme bei der Beendigung des Outsourcing-Verhältnisses**: Unzulängliche Regelungen für eine geplante oder ungeplante Beendigung eines Outsourcing-Verhältnisses können dazu führen, dass Hardware, Daten und Zugänge nicht ordnungsgemäß übergeben werden. Quelle: Unzulängliche Regelungen für eine geplante und ungeplante Beendigung eines Outsourcing-Verhältnisses (S. 3)

Anschlussfragen:
1. Welche Maßnahmen können ergriffen werden, um sicherzustellen, dass vertragliche Regelungen beim Outsourcing angemessen sind?
2. Wie können Nutzende von Outsourcing die Einhaltung der vertraglichen Sicherheitsanforderungen durch Anbietende von Outsourcing überwachen?
3. Welche Rolle spielt die regelmäßige Überprüfung von Verträgen mit Anbietenden von Outsourcing für die Informationssicherheit?";"Unzulängliche vertragliche Regelungen beim Outsourcing können zu verschiedenen Risiken führen, die die Informationssicherheit beeinträchtigen. Dazu gehören:

1. **Schwachstellen in der Informationssicherheit**: Unklare oder unvollständige vertragliche Regelungen können dazu führen, dass Sicherheitsmaßnahmen nicht ausreichend umgesetzt werden. Dies kann zu Schwachstellen führen, die IT-gestützte Angriffe oder Datenverluste ermöglichen. Quelle: Unzulängliche vertragliche Regelungen mit Anbietenden von Outsourcing (S. 1-2)

2. **Nicht Erfüllung regulatorischer Anforderungen**: Wenn Aufgaben, Leistungsparameter oder Aufwände ungenügend oder missverständlich beschrieben sind, können regulatorische Anforderungen und Pflichten nicht erfüllt werden. Dies kann zu rechtlichen Konsequenzen und finanziellen Auswirkungen führen. Quelle: Unzulängliche vertragliche Regelungen mit Anbietenden von Outsourcing (S. 2)

3. **Unzureichender Schutz von Prozessen und Daten**: Wenn der Aspekt der Informationssicherheit in der Vertragsgestaltung nicht berücksichtigt wird, können Prozesse und Daten der Nutzenden von Outsourcing unzureichend abgesichert werden. Quelle: Unzulängliche vertragliche Regelungen mit Anbietenden von Outsourcing (S. 2)

4. **Kontroll- und Steuerverlust**: Unzulängliche vertragliche Regelungen können dazu führen, dass die Nutzenden von Outsourcing die Anbietenden von Outsourcing nicht mehr angemessen kontrollieren und steuern können. Dies kann die Transparenz über die ausgelagerten Prozesse verringern. Quelle: Unzulängliche vertragliche Regelungen mit Anbietenden von Outsourcing (S. 2)

5. **Probleme bei der Beendigung des Outsourcing-Verhältnisses**: Unzulängliche Regelungen für eine geplante oder ungeplante Beendigung eines Outsourcing-Verhältnisses können dazu führen, dass Hardware, Daten und Zugänge nicht ordnungsgemäß übergeben werden. Quelle: Unzulängliche Regelungen für eine geplante und ungeplante Beendigung eines Outsourcing-Verhältnisses (S. 3)";"1. Welche Maßnahmen können ergriffen werden, um sicherzustellen, dass vertragliche Regelungen beim Outsourcing angemessen sind?
2. Wie können Nutzende von Outsourcing die Einhaltung der vertraglichen Sicherheitsanforderungen durch Anbietende von Outsourcing überwachen?
3. Welche Rolle spielt die regelmäßige Überprüfung von Verträgen mit Anbietenden von Outsourcing für die Informationssicherheit?";3;3;0.9379251700546283;1.0;1.0;0.7791831944775349;Welche Maßnahmen können ergriffen werden, um sicherzustellen, dass vertragliche Regelungen beim Outsourcing angemessen sind?;2;2;Direkte Maßnahmen zum Outsourcing;Wie können Nutzende von Outsourcing die Einhaltung der vertraglichen Sicherheitsanforderungen durch Anbietende von Outsourcing überwachen?;2;2;Direkte Überwachungsmöglichkeiten;Welche Rolle spielt die regelmäßige Überprüfung von Verträgen mit Anbietenden von Outsourcing für die Informationssicherheit?;2;2;Direkte Überprüfung von Verträgen;2.0;2.0
Welche Risiken bestehen für die Reputation einer Organisation durch einen erfolgreichen Webserver-Angriff?;"Ein erfolgreicher Webserver-Angriff kann zu einem Reputationsverlust für die Organisation führen, da ein Angreifer mit administrativen Rechten auf den Webserver zugreifen und manipulierte Webseiten ausliefern kann (Defacement) Quelle: APP.3.2 Webserver (2.1). Dies kann die Reputation der Institution schädigen. Darüber hinaus kann die Veröffentlichung falscher Informationen oder die Verletzung gesetzlicher Vorschriften zu Abmahnungen führen und die Reputation weiter schädigen Quelle: APP.3.2 Webserver (2.1). Auch die Nichtverfügbarkeit der Webseite kann zu einem Reputationsverlust führen, wenn potenzielle Kunden zu Mitbewerbern wechseln Quelle: APP.3.2 Webserver (2.1).

Anschlussfragen:
1. Wie können Webserver vor Angriffen geschützt werden, um einen Reputationsverlust zu vermeiden?
2. Welche Rolle spielen Firewalls und Netzarchitektur bei der Absicherung von Webservern?
3. Wie können kryptografische Schlüssel sicher verwaltet werden, um die Verbindungen zu Webservern zu verschlüsseln?";Ein erfolgreicher Webserver-Angriff kann zu einem Reputationsverlust für die Organisation führen, da ein Angreifer mit administrativen Rechten auf den Webserver zugreifen und manipulierte Webseiten ausliefern kann (Defacement) Quelle: APP.3.2 Webserver (2.1). Dies kann die Reputation der Institution schädigen. Darüber hinaus kann die Veröffentlichung falscher Informationen oder die Verletzung gesetzlicher Vorschriften zu Abmahnungen führen und die Reputation weiter schädigen Quelle: APP.3.2 Webserver (2.1). Auch die Nichtverfügbarkeit der Webseite kann zu einem Reputationsverlust führen, wenn potenzielle Kunden zu Mitbewerbern wechseln Quelle: APP.3.2 Webserver (2.1).;"APP.3.2 Webserver 2.1. Reputationsverlust
Gelingt es bei einem Angriff mit administrativen Rechten auf einen Webserver zuzugreifen, kann darüber eine manipulierte Webseite ausgeliefert werden (Defacement). So kann die Reputation der Institution geschädigt werden. Ebenso kann die Veröffentlichung falscher Informationen, wie zum Beispiel fehlerhafter Produktbeschreibungen, dazu führen, dass die Reputation der Institution in der Öffentlichkeit leidet. Auch kann die Institution abgemahnt werden, wenn auf ihrer Webseite Inhalte veröffentlicht werden, die gegen gesetzliche Vorschriften verstoßen. Ein Schaden kann auch entstehen, wenn die Webseite nicht verfügbar ist und potenzielle Kunden und Kundinnen deshalb zu Mitbewerbern wechseln.";"Ein erfolgreicher Webserver-Angriff kann erhebliche Risiken für die Reputation einer Organisation mit sich bringen. Zu den potenziellen Schäden gehören:

1. **Reputationsverlust durch Defacement oder falsche Informationen**:
   - Ein Angriff mit administrativen Rechten kann dazu führen, dass eine manipulierte Webseite ausgeliefert wird (Defacement), was die Reputation der Institution schädigt.
   - Die Veröffentlichung falscher Informationen, wie fehlerhafter Produktbeschreibungen, kann ebenfalls die Reputation in der Öffentlichkeit beeinträchtigen.
   - Verstöße gegen gesetzliche Vorschriften durch veröffentlichte Inhalte können zu Abmahnungen führen.
   - Ein Ausfall der Webseite kann potenzielle Kunden und Kundinnen zu Mitbewerbern führen, was besonders für Online-Shops geschäftskritisch sein kann.
   Quelle: Reputationsverlust (S.1-3)

2. **Manipulation des Webservers**:
   - Unberechtigte Personen könnten Zugriff auf den Webserver erlangen und dessen Dateien manipulieren, z. B. durch Änderung der Konfiguration der Webserver-Software, Verbreitung von Schadsoftware oder Modifikation von Webinhalten.
   Quelle: Manipulation des Webservers (S.1-2)

3. **Verstoß gegen Gesetze oder Regelungen**:
   - Die Veröffentlichung von Webinhalten unterliegt verschiedenen regulatorischen Anforderungen, wie den Regelungen der Telemedien- und Datenschutzgesetze sowie dem Urheberrecht. Verstöße gegen diese Gesetze können rechtliche Konsequenzen nach sich ziehen.
   Quelle: Verstoß gegen Gesetze oder Regelungen (S.1-2)

4. **Verlust vertraulicher Daten**:
   - Viele Webserver verwenden veraltete kryptografische Verfahren wie RC4 oder SSL. Eine unzureichende Authentisierung oder ungeeignete Verschlüsselung kann dazu führen, dass die Kommunikation zwischen Clients und Webservern mitgelesen oder manipuliert werden kann.
   Quelle: Verlust vertraulicher Daten (S.1-2)

5. **Fehlende oder mangelhafte Fehlerbehebung**:
   - Fehler im Betrieb eines Webservers können dessen Verfügbarkeit beeinträchtigen und Sicherheitsmechanismen außer Kraft setzen. Werden Fehler nicht korrekt behandelt, sind sowohl der Betrieb als auch der Schutz der Funktionen und Daten des Webservers nicht mehr gewährleistet.
   Quelle: Fehlende oder mangelhafte Fehlerbehebung (S.1-2)

Anschlussfragen:
1. Welche Maßnahmen können ergriffen werden, um die Reputation einer Organisation nach einem erfolgreichen Webserver-Angriff wiederherzustellen?
2. Wie kann die Sicherheit eines Webservers verbessert werden, um Angriffe zu verhindern?
3. Welche rechtlichen Konsequenzen können aus einem Verstoß gegen gesetzliche Vorschriften durch veröffentlichte Inhalte resultieren?";"Ein erfolgreicher Webserver-Angriff kann erhebliche Risiken für die Reputation einer Organisation mit sich bringen. Zu den potenziellen Schäden gehören:

1. **Reputationsverlust durch Defacement oder falsche Informationen**:
   - Ein Angriff mit administrativen Rechten kann dazu führen, dass eine manipulierte Webseite ausgeliefert wird (Defacement), was die Reputation der Institution schädigt.
   - Die Veröffentlichung falscher Informationen, wie fehlerhafter Produktbeschreibungen, kann ebenfalls die Reputation in der Öffentlichkeit beeinträchtigen.
   - Verstöße gegen gesetzliche Vorschriften durch veröffentlichte Inhalte können zu Abmahnungen führen.
   - Ein Ausfall der Webseite kann potenzielle Kunden und Kundinnen zu Mitbewerbern führen, was besonders für Online-Shops geschäftskritisch sein kann.
   Quelle: Reputationsverlust (S.1-3)

2. **Manipulation des Webservers**:
   - Unberechtigte Personen könnten Zugriff auf den Webserver erlangen und dessen Dateien manipulieren, z. B. durch Änderung der Konfiguration der Webserver-Software, Verbreitung von Schadsoftware oder Modifikation von Webinhalten.
   Quelle: Manipulation des Webservers (S.1-2)

3. **Verstoß gegen Gesetze oder Regelungen**:
   - Die Veröffentlichung von Webinhalten unterliegt verschiedenen regulatorischen Anforderungen, wie den Regelungen der Telemedien- und Datenschutzgesetze sowie dem Urheberrecht. Verstöße gegen diese Gesetze können rechtliche Konsequenzen nach sich ziehen.
   Quelle: Verstoß gegen Gesetze oder Regelungen (S.1-2)

4. **Verlust vertraulicher Daten**:
   - Viele Webserver verwenden veraltete kryptografische Verfahren wie RC4 oder SSL. Eine unzureichende Authentisierung oder ungeeignete Verschlüsselung kann dazu führen, dass die Kommunikation zwischen Clients und Webservern mitgelesen oder manipuliert werden kann.
   Quelle: Verlust vertraulicher Daten (S.1-2)

5. **Fehlende oder mangelhafte Fehlerbehebung**:
   - Fehler im Betrieb eines Webservers können dessen Verfügbarkeit beeinträchtigen und Sicherheitsmechanismen außer Kraft setzen. Werden Fehler nicht korrekt behandelt, sind sowohl der Betrieb als auch der Schutz der Funktionen und Daten des Webservers nicht mehr gewährleistet.
   Quelle: Fehlende oder mangelhafte Fehlerbehebung (S.1-2)";"1. Welche Maßnahmen können ergriffen werden, um die Reputation einer Organisation nach einem erfolgreichen Webserver-Angriff wiederherzustellen?
2. Wie kann die Sicherheit eines Webservers verbessert werden, um Angriffe zu verhindern?
3. Welche rechtlichen Konsequenzen können aus einem Verstoß gegen gesetzliche Vorschriften durch veröffentlichte Inhalte resultieren?";3;3;0.699999999965;1.0;1.0;0.6682155664493381;Welche Maßnahmen können ergriffen werden, um die Reputation einer Organisation nach einem erfolgreichen Webserver-Angriff wiederherzustellen?;1;2;Teilweise abgedeckt;Wie kann die Sicherheit eines Webservers verbessert werden, um Angriffe zu verhindern?;2;2;Direkt relevante Sicherheitsverbesserung;Welche rechtlichen Konsequenzen können aus einem Verstoß gegen gesetzliche Vorschriften durch veröffentlichte Inhalte resultieren?;2;2;Rechtliche Konsequenzen durch Verstoß;1.667;2.0
Wie kann ein Angriff auf einen Webserver zur Manipulation von Inhalten führen?;"Ein Angriff auf einen Webserver kann zur Manipulation von Inhalten führen, indem unberechtigte Personen Zugriff auf den Server erhalten und dessen Dateien manipulieren. Dies kann beispielsweise durch Änderung der Konfiguration der Webserver-Software, Verbreitung von Schadsoftware oder Modifizierung von Webinhalten geschehen Quelle: 2.2. Manipulation des Webservers.

Anschlussfragen:
1. Welche Arten von Schadsoftware können durch einen manipulierten Webserver verbreitet werden?
2. Wie können Webinhalte modifiziert werden, um Benutzer zu täuschen oder zu schädigen?
3. Welche Sicherheitsmaßnahmen können ergriffen werden, um einen Angriff auf einen Webserver und die daraus resultierende Manipulation von Inhalten zu verhindern?";Ein Angriff auf einen Webserver kann zur Manipulation von Inhalten führen, indem unberechtigte Personen Zugriff auf den Server erhalten und dessen Dateien manipulieren. Dies kann beispielsweise durch Änderung der Konfiguration der Webserver-Software, Verbreitung von Schadsoftware oder Modifizierung von Webinhalten geschehen Quelle: 2.2. Manipulation des Webservers.;"2.2. Manipulation des Webservers
Bei einem Angriff könnten sich unberechtigte Personen Zugriff auf einen Webserver verschaffen und dessen Dateien manipulieren. Es könnte beispielsweise die Konfiguration der Webserver-Software geändert werden, Schadsoftware verbreitet oder Webinhalte modifiziert werden.";"Ein Angriff auf einen Webserver kann zur Manipulation von Inhalten führen, indem Angreifende unberechtigten Zugriff auf den Server erlangen und dessen Dateien oder Konfigurationen ändern. Dies kann beispielsweise durch das Ausnutzen von Sicherheitslücken, fehlerhaften Konfigurationen oder mangelhafter Fehlerbehandlung geschehen. Durch die Manipulation von Webinhalten können falsche Informationen veröffentlicht oder die Reputation der Institution geschädigt werden. Zudem können Schadsoftware verbreitet oder die Verfügbarkeit des Webservers beeinträchtigt werden, was zu Ausfällen und weiteren Schäden führen kann. Quelle: Manipulation des Webservers (S.1), Reputationsverlust (S.1), Denial of Service (DoS) (S.1), Verlust vertraulicher Daten (S.1), Verstoß gegen Gesetze oder Regelungen (S.1), Fehlerhafte Konfiguration und Bedienungsfehler einer Firewall (S.1), Fehlende oder mangelhafte Fehlerbehebung (S.1).

Anschlussfragen:
1. Welche Maßnahmen können ergriffen werden, um die Sicherheit eines Webservers zu erhöhen?
2. Wie kann die Verfügbarkeit eines Webservers bei einem DDoS-Angriff gewährleistet werden?
3. Welche rechtlichen Konsequenzen können bei Verstößen gegen gesetzliche Vorschriften durch manipulierte Inhalte auf einem Webserver entstehen?";Ein Angriff auf einen Webserver kann zur Manipulation von Inhalten führen, indem Angreifende unberechtigten Zugriff auf den Server erlangen und dessen Dateien oder Konfigurationen ändern. Dies kann beispielsweise durch das Ausnutzen von Sicherheitslücken, fehlerhaften Konfigurationen oder mangelhafter Fehlerbehandlung geschehen. Durch die Manipulation von Webinhalten können falsche Informationen veröffentlicht oder die Reputation der Institution geschädigt werden. Zudem können Schadsoftware verbreitet oder die Verfügbarkeit des Webservers beeinträchtigt werden, was zu Ausfällen und weiteren Schäden führen kann. Quelle: Manipulation des Webservers (S.1), Reputationsverlust (S.1), Denial of Service (DoS) (S.1), Verlust vertraulicher Daten (S.1), Verstoß gegen Gesetze oder Regelungen (S.1), Fehlerhafte Konfiguration und Bedienungsfehler einer Firewall (S.1), Fehlende oder mangelhafte Fehlerbehebung (S.1).;"1. Welche Maßnahmen können ergriffen werden, um die Sicherheit eines Webservers zu erhöhen?
2. Wie kann die Verfügbarkeit eines Webservers bei einem DDoS-Angriff gewährleistet werden?
3. Welche rechtlichen Konsequenzen können bei Verstößen gegen gesetzliche Vorschriften durch manipulierte Inhalte auf einem Webserver entstehen?";3;3;0.642857142825;1.0;1.0;0.5593628786885455;Welche Maßnahmen können ergriffen werden, um die Sicherheit eines Webservers zu erhöhen?;2;2;Direkt relevante Sicherheitsmaßnahmen;Wie kann die Verfügbarkeit eines Webservers bei einem DDoS-Angriff gewährleistet werden?;2;1;DDoS-Angriffe auf Webservers;Welche rechtlichen Konsequenzen können bei Verstößen gegen gesetzliche Vorschriften durch manipulierte Inhalte auf einem Webserver entstehen?;1;1;Teilweise abgedeckt;1.667;1.333
Welche Auswirkungen haben Denial-of-Service (DoS)-Angriffe auf einen Webserver?;"Denial-of-Service (DoS)-Angriffe auf einen Webserver können die Verfügbarkeit eines Webangebotes gezielt beeinträchtigen, indem beispielsweise einzelne Accounts durch fehlerhafte Anmeldungen gesperrt werden Quelle: APP.3.2 Webserver 2.3. Denial of Service (DoS). Durch DDoS (Distributed Denial of Service)-Angriffe kann ein Webserver teilweise oder auch ganz ausfallen, wodurch das Webangebot für Clients nur noch sehr langsam oder gar nicht mehr verfügbar ist Quelle: APP.3.2 Webserver 2.3. Denial of Service (DoS). Für viele Institutionen kann ein solcher Ausfall schnell geschäftskritisch werden, z. B. für Online-Shops.

Anschlussfragen:
1. Wie können Webserver vor DDoS-Angriffen geschützt werden?
2. Welche Auswirkungen haben DoS-Angriffe auf die Verfügbarkeit von Webinhalten?
3. Wie können Institutionen die Auswirkungen von DoS-Angriffen auf ihre Webserver minimieren?";Denial-of-Service (DoS)-Angriffe auf einen Webserver können die Verfügbarkeit eines Webangebotes gezielt beeinträchtigen, indem beispielsweise einzelne Accounts durch fehlerhafte Anmeldungen gesperrt werden Quelle: APP.3.2 Webserver 2.3. Denial of Service (DoS). Durch DDoS (Distributed Denial of Service)-Angriffe kann ein Webserver teilweise oder auch ganz ausfallen, wodurch das Webangebot für Clients nur noch sehr langsam oder gar nicht mehr verfügbar ist Quelle: APP.3.2 Webserver 2.3. Denial of Service (DoS). Für viele Institutionen kann ein solcher Ausfall schnell geschäftskritisch werden, z. B. für Online-Shops.;"APP.3.2 Webserver 2.3. Denial of Service (DoS)
Durch DoS-Angriffe lässt sich die Verfügbarkeit eines Webangebotes gezielt beeinträchtigen, indem beispielsweise einzelne Accounts durch fehlerhafte Anmeldungen gesperrt werden. Durch DDoS (Distributed Denial of Service)-Angriffe kann ein Webserver teilweise oder auch ganz ausfallen. Für Clients ist das Webangebot dann nur noch sehr langsam oder gar nicht mehr verfügbar. Für viele Institutionen kann ein solcher Ausfall schnell geschäftskritisch werden, z. B. für Online-Shops.";"Denial-of-Service (DoS)-Angriffe auf einen Webserver können erhebliche Auswirkungen haben. Durch DoS-Angriffe lässt sich die Verfügbarkeit eines Webangebotes gezielt beeinträchtigen, indem beispielsweise einzelne Accounts durch fehlerhafte Anmeldungen gesperrt werden. Bei DDoS-Angriffen kann der Webserver teilweise oder ganz ausfallen, wodurch das Webangebot für Clients nur noch sehr langsam oder gar nicht mehr verfügbar ist. Dies kann für viele Institutionen geschäftskritisch werden, insbesondere für Online-Shops. Quelle: Denial of Service (DoS) (S. 1-2)

Anschlussfragen:
1. Welche Maßnahmen können ergriffen werden, um Webserver vor DoS-Angriffen zu schützen?
2. Wie können DDoS-Angriffe auf einen Webserver erkannt und abgewehrt werden?
3. Welche Rolle spielt die Firewall bei der Abwehr von DoS-Angriffen auf einen Webserver?";Denial-of-Service (DoS)-Angriffe auf einen Webserver können erhebliche Auswirkungen haben. Durch DoS-Angriffe lässt sich die Verfügbarkeit eines Webangebotes gezielt beeinträchtigen, indem beispielsweise einzelne Accounts durch fehlerhafte Anmeldungen gesperrt werden. Bei DDoS-Angriffen kann der Webserver teilweise oder ganz ausfallen, wodurch das Webangebot für Clients nur noch sehr langsam oder gar nicht mehr verfügbar ist. Dies kann für viele Institutionen geschäftskritisch werden, insbesondere für Online-Shops. Quelle: Denial of Service (DoS) (S. 1-2);"1. Welche Maßnahmen können ergriffen werden, um Webserver vor DoS-Angriffen zu schützen?
2. Wie können DDoS-Angriffe auf einen Webserver erkannt und abgewehrt werden?
3. Welche Rolle spielt die Firewall bei der Abwehr von DoS-Angriffen auf einen Webserver?";3;3;0.9107142856991072;1.0;1.0;0.8845950026648642;Welche Maßnahmen können ergriffen werden, um Webserver vor DoS-Angriffen zu schützen?;2;2;Direkt relevante Maßnahmen;Wie können DDoS-Angriffe auf einen Webserver erkannt und abgewehrt werden?;2;2;Direkt relevante Vertiefung;Welche Rolle spielt die Firewall bei der Abwehr von DoS-Angriffen auf einen Webserver?;2;2;Firewall-Rolle bei DoS-Abwehr;2.0;2.0
Wer trägt die Gesamtverantwortung für Informationssicherheit in der Organisastion?;"Die Institutionsleitung trägt die Gesamtverantwortung für Informationssicherheit in der Organisation. 
Die Institutionsleitung MUSS die Gesamtverantwortung für Informationssicherheit in der Institution übernehmen Quelle: ISMS.1.A1. 
Dies umfasst die Initiierung, Steuerung und Kontrolle des Sicherheitsprozesses sowie die Festlegung von Zuständigkeiten für Informationssicherheit Quelle: ISMS.1.A1.

Anschlussfragen:
1. Wie sollten die zuständigen Mitarbeitenden mit den erforderlichen Kompetenzen und Ressourcen ausgestattet werden, um die Informationssicherheit zu gewährleisten?
2. Welche Rolle spielen regelmäßige Sicherheitsrevisionen und Audits bei der Aufrechterhaltung der Informationssicherheit in der Institution?
3. Wie können alle Mitarbeitenden und relevante Externe systematisch und zielgruppengerecht zu Sicherheitsrisiken sensibilisiert und zu Fragen der Informationssicherheit geschult werden?";"Die Institutionsleitung trägt die Gesamtverantwortung für Informationssicherheit in der Organisation. 
Die Institutionsleitung MUSS die Gesamtverantwortung für Informationssicherheit in der Institution übernehmen Quelle: ISMS.1.A1. 
Dies umfasst die Initiierung, Steuerung und Kontrolle des Sicherheitsprozesses sowie die Festlegung von Zuständigkeiten für Informationssicherheit Quelle: ISMS.1.A1.";"ISMS.1.A1 Übernahme der Gesamtverantwortung für Informationssicherheit  durch die Leitung (B) [Institutionsleitung]  
Die Institutionsleitung MUSS die Gesamtverantwortung für Informationssicherheit in der Institution  übernehmen. Dies MUSS für alle Beteiligten deutlich erkennbar sein. Die Institutionsleitung MUSS den Sicherheitsprozess initiieren, steuern und kontrollieren. Die Institutionsleitung MUSS Informationssicherheit vorleben. Die Institutionsleitung MUSS die Zuständigkeiten für Informationssicherheit festlegen. Die zuständigen Mitarbeitenden MÜSSEN mit den erforderlichen Kompetenzen und Ressourcen ausgestattet werden. Die Institutionsleitung MUSS sich regelmäßig über den Status der Informationssicherheit informieren lassen. Insbesondere MUSS sich die Institutionsleitung über mögliche Risiken und Konsequenzen aufgrund fehlender Sicherheitsmaßnahmen informieren lassen. ";"Die Gesamtverantwortung für Informationssicherheit in einer Organisation trägt die oberste Leitungsebene. Diese ist für das zielgerichtete und ordnungsgemäße Funktionieren der Institution verantwortlich und muss sicherstellen, dass die Informationssicherheit nach innen und außen gewährleistet ist. Die Leitungsebene initiiert den Informationssicherheitsprozess, benennt einen Verantwortlichen für Informationssicherheit und trägt die Gesamtverantwortung für die Informationssicherheit. Die Leitungsebene informiert sich über mögliche Risiken und Konsequenzen aufgrund fehlender Informationssicherheit und übernimmt die Gesamtverantwortung für Informationssicherheit. Die Leitungsebene initiiert den Informationssicherheitsprozess innerhalb der Institution und benennt einen Verantwortlichen für Informationssicherheit. Quelle: Informationssicherheitsprozess (S. 1-2)

Die Leitungsebene muss sich sichtbar zu ihrer Verantwortung bekennen und allen Mitarbeitern die Bedeutung der Informationssicherheit vor Augen führen. Die Leitungsebene informiert sich über mögliche Risiken und Konsequenzen aufgrund fehlender Informationssicherheit. Die Leitungsebene übernimmt die Gesamtverantwortung für Informationssicherheit. Die Leitungsebene initiiert den Informationssicherheitsprozess innerhalb der Institution und benennt einen Verantwortlichen für Informationssicherheit. Quelle: Informationssicherheitsprozess (S. 1-2)

Die Verantwortung für Informationssicherheit verbleibt in jedem Fall bei der obersten Managementebene, die Aufgabe „Informationssicherheit"" wird allerdings typischerweise an einen Beauftragten für Informationssicherheit delegiert. In den IT-Grundschutz-Dokumenten wurde bisher die Bezeichnung IT-Sicherheitsbeauftragter verwendet, da dieser Begriff in Unternehmen und Behörden lange Zeit der am weitesten verbreitete war. Die Bezeichnung Informationssicherheitsbeauftragter oder kurz IS-Beauftragter (ISB) ist allerdings treffender und ersetzt daher im IT-Grundschutz die alte Bezeichnung. Quelle: Informationssicherheitsprozess (S. 1-2)

Anschlussfragen:
1. Welche konkreten Maßnahmen sollte die Leitungsebene ergreifen, um die Informationssicherheit zu gewährleisten?
2. Wie kann die Leitungsebene sicherstellen, dass alle Mitarbeiter die Bedeutung der Informationssicherheit verstehen und umsetzen?
3. Welche Rolle spielt der Informationssicherheitsbeauftragte (ISB) in der Organisation und wie wird diese Position am besten implementiert?";"Die Gesamtverantwortung für Informationssicherheit in einer Organisation trägt die oberste Leitungsebene. Diese ist für das zielgerichtete und ordnungsgemäße Funktionieren der Institution verantwortlich und muss sicherstellen, dass die Informationssicherheit nach innen und außen gewährleistet ist. Die Leitungsebene initiiert den Informationssicherheitsprozess, benennt einen Verantwortlichen für Informationssicherheit und trägt die Gesamtverantwortung für die Informationssicherheit. Die Leitungsebene informiert sich über mögliche Risiken und Konsequenzen aufgrund fehlender Informationssicherheit und übernimmt die Gesamtverantwortung für Informationssicherheit. Die Leitungsebene initiiert den Informationssicherheitsprozess innerhalb der Institution und benennt einen Verantwortlichen für Informationssicherheit. Quelle: Informationssicherheitsprozess (S. 1-2)

Die Leitungsebene muss sich sichtbar zu ihrer Verantwortung bekennen und allen Mitarbeitern die Bedeutung der Informationssicherheit vor Augen führen. Die Leitungsebene informiert sich über mögliche Risiken und Konsequenzen aufgrund fehlender Informationssicherheit. Die Leitungsebene übernimmt die Gesamtverantwortung für Informationssicherheit. Die Leitungsebene initiiert den Informationssicherheitsprozess innerhalb der Institution und benennt einen Verantwortlichen für Informationssicherheit. Quelle: Informationssicherheitsprozess (S. 1-2)

Die Verantwortung für Informationssicherheit verbleibt in jedem Fall bei der obersten Managementebene, die Aufgabe „Informationssicherheit"" wird allerdings typischerweise an einen Beauftragten für Informationssicherheit delegiert. In den IT-Grundschutz-Dokumenten wurde bisher die Bezeichnung IT-Sicherheitsbeauftragter verwendet, da dieser Begriff in Unternehmen und Behörden lange Zeit der am weitesten verbreitete war. Die Bezeichnung Informationssicherheitsbeauftragter oder kurz IS-Beauftragter (ISB) ist allerdings treffender und ersetzt daher im IT-Grundschutz die alte Bezeichnung. Quelle: Informationssicherheitsprozess (S. 1-2)";"1. Welche konkreten Maßnahmen sollte die Leitungsebene ergreifen, um die Informationssicherheit zu gewährleisten?
2. Wie kann die Leitungsebene sicherstellen, dass alle Mitarbeiter die Bedeutung der Informationssicherheit verstehen und umsetzen?
3. Welche Rolle spielt der Informationssicherheitsbeauftragte (ISB) in der Organisation und wie wird diese Position am besten implementiert?";3;3;0.9999999999875;1.0;1.0;0.5026066299109004;Welche konkreten Maßnahmen sollte die Leitungsebene ergreifen, um die Informationssicherheit zu gewährleisten?;2;2;Direkte Maßnahmen zur Informationssicherheit;Wie kann die Leitungsebene sicherstellen, dass alle Mitarbeiter die Bedeutung der Informationssicherheit verstehen und umsetzen?;2;2;Direkte Bezug auf Leitungsebene;Welche Rolle spielt der Informationssicherheitsbeauftragte (ISB) in der Organisation und wie wird diese Position am besten implementiert?;2;2;ISB-Rolle direkt im IT-Grundschutz beschrieben;2.0;2.0
Was muss eine Leitlinie zur Informationssicherheit enthalten?;"Eine Leitlinie zur Informationssicherheit muss den Stellenwert der Informationssicherheit, die Sicherheitsziele, die wichtigsten Aspekte der Sicherheitsstrategie sowie die Organisationsstruktur für Informationssicherheit beschreiben Quelle: ISMS.1.A3 (S. nicht spezifiziert). Darüber hinaus müssen die Sicherheitsziele und der Bezug der Sicherheitsziele zu den Geschäftszielen und Aufgaben der Institution erläutert werden Quelle: ISMS.1.A3 (S. nicht spezifiziert). Für die Sicherheitsleitlinie muss ein klarer Geltungsbereich festgelegt sein Quelle: ISMS.1.A3 (S. nicht spezifiziert).

Anschlussfragen:
1. Wie oft sollte die Leitlinie zur Informationssicherheit aktualisiert werden?
2. Wer ist für die Verabschiedung der Leitlinie zur Informationssicherheit verantwortlich?
3. Welche Rolle spielen Sicherheitsrevisionen im Kontext der Leitlinie zur Informationssicherheit?";Eine Leitlinie zur Informationssicherheit muss den Stellenwert der Informationssicherheit, die Sicherheitsziele, die wichtigsten Aspekte der Sicherheitsstrategie sowie die Organisationsstruktur für Informationssicherheit beschreiben Quelle: ISMS.1.A3 (S. nicht spezifiziert). Darüber hinaus müssen die Sicherheitsziele und der Bezug der Sicherheitsziele zu den Geschäftszielen und Aufgaben der Institution erläutert werden Quelle: ISMS.1.A3 (S. nicht spezifiziert). Für die Sicherheitsleitlinie muss ein klarer Geltungsbereich festgelegt sein Quelle: ISMS.1.A3 (S. nicht spezifiziert).;"ISMS.1.A3 Erstellung einer Leitlinie zur Informationssicherheit (B) [Institutionsleitung]  
Die Institutionsleitung MUSS eine übergeordnete Leitlinie zur Informationssicherheit verabschieden. Diese MUSS den Stellenwert der Informationssicherheit, die Sicherheitsziele, die wichtigsten Aspekte der Sicherheitsstrategie sowie die Organisationsstruktur für nformationssicherheit beschreiben. Für die Sicherheitsleitlinie MUSS ein klarer Geltungsbereich festgelegt sein. In der Leitlinie zur Informationssicherheit MÜSSEN die Sicherheitsziele und der Bezug der Sicherheitsziele zu den Geschäftszielen und Aufgaben der Institution erläutert erden. Die Institutionsleitung MUSS die Leitlinie zur Informationssicherheit allen Mitarbeitenden und sonstigen Mitgliedern der Institution bekannt geben. Die Leitlinie zur Informationssicherheit SOLLTE regelmäßig aktualisiert werden. ";"Eine Leitlinie zur Informationssicherheit muss folgende Inhalte enthalten:

1. **Stellenwert der Informationssicherheit**: Bedeutung der wesentlichen Informationen, Geschäftsprozesse und der IT für die Aufgabenerfüllung.
2. **Bezug der Informationssicherheitsziele**: Verbindung zu den Geschäftszielen oder Aufgaben der Institution.
3. **Sicherheitsziele und Sicherheitsstrategie**: Kernelemente der Sicherheitsstrategie für die Geschäftsprozesse und die eingesetzte IT.
4. **Durchsetzung der Leitlinie**: Zusicherung, dass die Sicherheitsleitlinie von der Institutionsleitung durchgesetzt wird.
5. **Erfolgskontrolle und Organisationsstruktur**: Leitaussagen zur Erfolgskontrolle und Beschreibung der für die Umsetzung des Informationssicherheitsprozesses etablierten Organisationsstruktur.
6. **Geltungsbereich**: Beschreibung der Bereiche, für die die Leitlinie gilt.
7. **Motivation und Rahmenbedingungen**: Diskussion wichtiger Gefährdungen, gesetzliche Regelungen und sonstige Rahmenbedingungen.
8. **Aufgaben und Zuständigkeiten**: Aufzeigen der wesentlichen Aufgaben und Zuständigkeiten im Sicherheitsprozess, insbesondere für das IS-Management-Team, den IS-Beauftragten, die Mitarbeiter und den IT-Betrieb.
9. **Ansprechpartner**: Benennung der Organisationseinheiten oder Rollen, die als Ansprechpartner für Sicherheitsfragen fungieren.
10. **Schulungs- und Sensibilisierungsmaßnahmen**: Programme zur Förderung der Informationssicherheit.

Quelle: Leitlinie zur Informationssicherheit (S. 1-4)

Anschlussfragen:
1. Wie wird die Leitlinie zur Informationssicherheit in der Praxis umgesetzt?
2. Welche Rolle spielt die Institutionsleitung bei der Durchsetzung der Leitlinie?
3. Wie oft sollte die Leitlinie zur Informationssicherheit überprüft und angepasst werden?";"Eine Leitlinie zur Informationssicherheit muss folgende Inhalte enthalten:

1. **Stellenwert der Informationssicherheit**: Bedeutung der wesentlichen Informationen, Geschäftsprozesse und der IT für die Aufgabenerfüllung.
2. **Bezug der Informationssicherheitsziele**: Verbindung zu den Geschäftszielen oder Aufgaben der Institution.
3. **Sicherheitsziele und Sicherheitsstrategie**: Kernelemente der Sicherheitsstrategie für die Geschäftsprozesse und die eingesetzte IT.
4. **Durchsetzung der Leitlinie**: Zusicherung, dass die Sicherheitsleitlinie von der Institutionsleitung durchgesetzt wird.
5. **Erfolgskontrolle und Organisationsstruktur**: Leitaussagen zur Erfolgskontrolle und Beschreibung der für die Umsetzung des Informationssicherheitsprozesses etablierten Organisationsstruktur.
6. **Geltungsbereich**: Beschreibung der Bereiche, für die die Leitlinie gilt.
7. **Motivation und Rahmenbedingungen**: Diskussion wichtiger Gefährdungen, gesetzliche Regelungen und sonstige Rahmenbedingungen.
8. **Aufgaben und Zuständigkeiten**: Aufzeigen der wesentlichen Aufgaben und Zuständigkeiten im Sicherheitsprozess, insbesondere für das IS-Management-Team, den IS-Beauftragten, die Mitarbeiter und den IT-Betrieb.
9. **Ansprechpartner**: Benennung der Organisationseinheiten oder Rollen, die als Ansprechpartner für Sicherheitsfragen fungieren.
10. **Schulungs- und Sensibilisierungsmaßnahmen**: Programme zur Förderung der Informationssicherheit.

Quelle: Leitlinie zur Informationssicherheit (S. 1-4)";"1. Wie wird die Leitlinie zur Informationssicherheit in der Praxis umgesetzt?
2. Welche Rolle spielt die Institutionsleitung bei der Durchsetzung der Leitlinie?
3. Wie oft sollte die Leitlinie zur Informationssicherheit überprüft und angepasst werden?";3;3;0.9999999999857143;1.0;1.0;0.40019400973668967;Wie wird die Leitlinie zur Informationssicherheit in der Praxis umgesetzt?;1;2;Umsetzung in der Praxis;Welche Rolle spielt die Institutionsleitung bei der Durchsetzung der Leitlinie?;2;2;Institutionsleitung bei Leitlinie;Wie oft sollte die Leitlinie zur Informationssicherheit überprüft und angepasst werden?;2;2;Direkte Überprüfung und Anpassung;1.667;2.0
Welche Gefahr besteht, wenn die Institutionsleitung den Sicherheitsprozess nicht ausreichend unterstützt?;"Wenn die Institutionsleitung den Sicherheitsprozess nicht ausreichend unterstützt, besteht die Gefahr, dass die notwendigen Maßnahmen zur Informationssicherheit nicht umgesetzt werden können Quelle: ISMS.1 Gefährdungslage Kap.2.2 (S.2.2). Dies kann dazu führen, dass der Sicherheitsprozess nicht vollständig durchführbar ist, insbesondere wenn Personen in der Linienstruktur über den Sicherheitsverantwortlichen stehen Quelle: ISMS.1 Gefährdungslage Kap.2.2 (S.2.2).

Anschlussfragen:
1. Wie kann die Institutionsleitung den Sicherheitsprozess effektiv unterstützen?
2. Welche Rolle spielen regelmäßige Sicherheitsrevisionen im Sicherheitsmanagement?
3. Wie können Mitarbeitende und Externe zu Sicherheitsrisiken sensibilisiert und zu Fragen der Informationssicherheit geschult werden?";Wenn die Institutionsleitung den Sicherheitsprozess nicht ausreichend unterstützt, besteht die Gefahr, dass die notwendigen Maßnahmen zur Informationssicherheit nicht umgesetzt werden können Quelle: ISMS.1 Gefährdungslage Kap.2.2 (S.2.2). Dies kann dazu führen, dass der Sicherheitsprozess nicht vollständig durchführbar ist, insbesondere wenn Personen in der Linienstruktur über den Sicherheitsverantwortlichen stehen Quelle: ISMS.1 Gefährdungslage Kap.2.2 (S.2.2).;"ISMS.1 Gefährdungslage Kap.2.2
2.2. Mangelnde Unterstützung durch die Institutionsleitung 
Werden die Sicherheitsverantwortlichen nicht uneingeschränkt durch die Institutionsleitung  unterstützt, kann es schwierig werden, die notwendigen Maßnahmen einzufordern. Dies gilt insbesondere für Personen, die in der Linienstruktur über den Sicherheitsverantwortlichen stehen. In diesem Fall ist der Sicherheitsprozess nicht vollständig durchführbar.";"Wenn die Institutionsleitung den Sicherheitsprozess nicht ausreichend unterstützt, können mehrere Gefahren entstehen:

1. **Mangelnde Umsetzung von Sicherheitsmaßnahmen**: Ohne Unterstützung der Institutionsleitung können notwendige Sicherheitsmaßnahmen nicht eingefordert werden, insbesondere von Personen in höheren Hierarchieebenen. Dies kann dazu führen, dass Sicherheitsmaßnahmen nicht umgesetzt werden, da sie zunächst einen Mehraufwand im gewohnten Arbeitsablauf darstellen. Quelle: Mangelnde Unterstützung durch die Institutionsleitung (S. 1-2).

2. **Unzureichende strategische und konzeptionelle Vorgaben**: Wenn die Institutionsleitung Sicherheitskonzepte nur als Absichtserklärungen betrachtet, werden oft keine ausreichenden Ressourcen für die Umsetzung bereitgestellt. Dies kann zu unstrukturiertem Vorgehen bei Schadensfällen führen, wodurch nur Teilaspekte verbessert werden. Quelle: Unzureichende strategische und konzeptionelle Vorgaben (S. 2-3).

3. **Unwirtschaftlicher Umgang mit Ressourcen**: Fehlende Unterstützung kann dazu führen, dass falsche Prioritäten gesetzt werden und Investitionen nicht an den richtigen Stellen getätigt werden. Dies kann zu teuren, aber unwirksamen Sicherheitslösungen führen oder zu einer unausgewogenen Investition in Teilbereiche, während wichtige Sicherheitsrisiken unbeachtet bleiben. Quelle: Unwirtschaftlicher Umgang mit Ressourcen durch unzureichendes Sicherheitsmanagement (S. 6-7).

4. **Störung der Geschäftsabläufe**: Ohne ausreichende Unterstützung der Institutionsleitung können Sicherheitsvorfälle die Vertraulichkeit, Integrität oder Verfügbarkeit von Informationen und IT-Systemen beeinträchtigen, was negative Auswirkungen auf Geschäftsprozesse und Beziehungen zu Geschäftspartnern und Kunden haben kann. Quelle: Störung der Geschäftsabläufe aufgrund von Sicherheitsvorfällen (S. 5).

5. **Verstoß gegen gesetzliche Regelungen und vertragliche Vereinbarungen**: Unzureichende Absicherung von Informationen, Geschäftsprozessen und IT-Systemen kann zu Verstößen gegen Rechtsvorschriften oder vertragliche Vereinbarungen führen, was rechtliche Konsequenzen nach sich ziehen kann. Quelle: Verstoß gegen gesetzliche Regelungen und vertragliche Vereinbarungen (S. 5-6).

Anschlussfragen:
1. Welche Maßnahmen kann die Institutionsleitung ergreifen, um den Sicherheitsprozess aktiv zu unterstützen?
2. Wie kann sichergestellt werden, dass Sicherheitsmaßnahmen auch ohne vollständige Unterstützung der Institutionsleitung umgesetzt werden?
3. Welche Rolle spielt die Sensibilisierung der Mitarbeitenden für die Informationssicherheit in diesem Kontext?";"Wenn die Institutionsleitung den Sicherheitsprozess nicht ausreichend unterstützt, können mehrere Gefahren entstehen:

1. **Mangelnde Umsetzung von Sicherheitsmaßnahmen**: Ohne Unterstützung der Institutionsleitung können notwendige Sicherheitsmaßnahmen nicht eingefordert werden, insbesondere von Personen in höheren Hierarchieebenen. Dies kann dazu führen, dass Sicherheitsmaßnahmen nicht umgesetzt werden, da sie zunächst einen Mehraufwand im gewohnten Arbeitsablauf darstellen. Quelle: Mangelnde Unterstützung durch die Institutionsleitung (S. 1-2).

2. **Unzureichende strategische und konzeptionelle Vorgaben**: Wenn die Institutionsleitung Sicherheitskonzepte nur als Absichtserklärungen betrachtet, werden oft keine ausreichenden Ressourcen für die Umsetzung bereitgestellt. Dies kann zu unstrukturiertem Vorgehen bei Schadensfällen führen, wodurch nur Teilaspekte verbessert werden. Quelle: Unzureichende strategische und konzeptionelle Vorgaben (S. 2-3).

3. **Unwirtschaftlicher Umgang mit Ressourcen**: Fehlende Unterstützung kann dazu führen, dass falsche Prioritäten gesetzt werden und Investitionen nicht an den richtigen Stellen getätigt werden. Dies kann zu teuren, aber unwirksamen Sicherheitslösungen führen oder zu einer unausgewogenen Investition in Teilbereiche, während wichtige Sicherheitsrisiken unbeachtet bleiben. Quelle: Unwirtschaftlicher Umgang mit Ressourcen durch unzureichendes Sicherheitsmanagement (S. 6-7).

4. **Störung der Geschäftsabläufe**: Ohne ausreichende Unterstützung der Institutionsleitung können Sicherheitsvorfälle die Vertraulichkeit, Integrität oder Verfügbarkeit von Informationen und IT-Systemen beeinträchtigen, was negative Auswirkungen auf Geschäftsprozesse und Beziehungen zu Geschäftspartnern und Kunden haben kann. Quelle: Störung der Geschäftsabläufe aufgrund von Sicherheitsvorfällen (S. 5).

5. **Verstoß gegen gesetzliche Regelungen und vertragliche Vereinbarungen**: Unzureichende Absicherung von Informationen, Geschäftsprozessen und IT-Systemen kann zu Verstößen gegen Rechtsvorschriften oder vertragliche Vereinbarungen führen, was rechtliche Konsequenzen nach sich ziehen kann. Quelle: Verstoß gegen gesetzliche Regelungen und vertragliche Vereinbarungen (S. 5-6).";"1. Welche Maßnahmen kann die Institutionsleitung ergreifen, um den Sicherheitsprozess aktiv zu unterstützen?
2. Wie kann sichergestellt werden, dass Sicherheitsmaßnahmen auch ohne vollständige Unterstützung der Institutionsleitung umgesetzt werden?
3. Welche Rolle spielt die Sensibilisierung der Mitarbeitenden für die Informationssicherheit in diesem Kontext?";3;3;0.8736394557698324;0.8;1.0;0.3859268635309729;Welche Maßnahmen kann die Institutionsleitung ergreifen, um den Sicherheitsprozess aktiv zu unterstützen?;2;2;Direkte Unterstützungsmaßnahmen;Wie kann sichergestellt werden, dass Sicherheitsmaßnahmen auch ohne vollständige Unterstützung der Institutionsleitung umgesetzt werden?;2;2;Direkte Umsetzung von Sicherheitsmaßnahmen;Welche Rolle spielt die Sensibilisierung der Mitarbeitenden für die Informationssicherheit in diesem Kontext?;2;2;Sensibilisierung ist direkt relevant;2.0;2.0
Wie oft sollte das Sicherheitskonzept überprüft werden?;"Das Sicherheitskonzept sollte regelmäßig, mindestens jedoch jährlich, auf Wirksamkeit und Angemessenheit überprüft und aktualisiert werden Quelle: ISMS.1.A11 (S. nicht spezifiziert). Es sollten auch anlassbezogene Überprüfungen durchgeführt werden, um sicherzustellen, dass das Sicherheitsniveau den aktuellen Anforderungen entspricht Quelle: ISMS.1.A11 (S. nicht spezifiziert). 

Anschlussfragen:
1. Wie sollten die Ergebnisse der Überprüfungen des Sicherheitskonzepts dokumentiert werden?
2. Wer sollte die Überprüfungen des Sicherheitsniveaus durchführen?
3. Welche Rolle spielen Sicherheitsrevisionen im Rahmen des Sicherheitsmanagements?";Das Sicherheitskonzept sollte regelmäßig, mindestens jedoch jährlich, auf Wirksamkeit und Angemessenheit überprüft und aktualisiert werden Quelle: ISMS.1.A11 (S. nicht spezifiziert). Es sollten auch anlassbezogene Überprüfungen durchgeführt werden, um sicherzustellen, dass das Sicherheitsniveau den aktuellen Anforderungen entspricht Quelle: ISMS.1.A11 (S. nicht spezifiziert).;"ISMS.1.A11 Aufrechterhaltung der Informationssicherheit (S) 
Der Sicherheitsprozess, die Sicherheitskonzepte, die Leitlinie zur Informationssicherheit und die  Organisationsstruktur für Informationssicherheit SOLLTEN regelmäßig auf Wirksamkeit und  Angemessenheit überprüft und aktualisiert werden. Dazu SOLLTEN regelmäßig Vollständigkeits- bzw. Aktualisierungsprüfungen des Sicherheitskonzeptes durchgeführt werden. Ebenso SOLLTEN regelmäßig Sicherheitsrevisionen durchgeführt werden. Dazu SOLLTE geregelt sein, welche Bereiche und Sicherheitsmaßnahmen wann und von wem zu überprüfen sind. Überprüfungen des Sicherheitsniveaus SOLLTEN regelmäßig (mindestens jährlich) sowie anlassbezogen durchgeführt werden. Die Prüfungen SOLLTEN von qualifizierten und unabhängigen Personen durchgeführt werden. Die Ergebnisse der Überprüfungen SOLLTEN nachvollziehbar dokumentiert sein. Darauf aufbauend SOLLTEN Mängel beseitigt und Korrekturmaßnahmen ergriffen werden. ";"Das Sicherheitskonzept sollte regelmäßig auf Wirksamkeit und Angemessenheit überprüft und aktualisiert werden. Konkret wird empfohlen, mindestens jährlich sowie anlassbezogen Überprüfungen des Sicherheitsniveaus durchzuführen. Diese Überprüfungen sollten von qualifizierten und unabhängigen Personen durchgeführt und die Ergebnisse nachvollziehbar dokumentiert werden. Zudem sollte die Leitlinie zur Informationssicherheit spätestens alle zwei Jahre überprüft und bei Bedarf angepasst werden. Quelle: Aufrechterhaltung der Informationssicherheit (S. 1-2)

Anschlussfragen:
1. Welche Maßnahmen sollten bei der regelmäßigen Überprüfung des Sicherheitskonzepts berücksichtigt werden?
2. Wie können kleine und mittlere Institutionen die regelmäßige Überprüfung des Sicherheitskonzepts effizient umsetzen?
3. Welche Rolle spielt die oberste Leitungsebene bei der Aufrechterhaltung der Informationssicherheit?";Das Sicherheitskonzept sollte regelmäßig auf Wirksamkeit und Angemessenheit überprüft und aktualisiert werden. Konkret wird empfohlen, mindestens jährlich sowie anlassbezogen Überprüfungen des Sicherheitsniveaus durchzuführen. Diese Überprüfungen sollten von qualifizierten und unabhängigen Personen durchgeführt und die Ergebnisse nachvollziehbar dokumentiert werden. Zudem sollte die Leitlinie zur Informationssicherheit spätestens alle zwei Jahre überprüft und bei Bedarf angepasst werden. Quelle: Aufrechterhaltung der Informationssicherheit (S. 1-2);"1. Welche Maßnahmen sollten bei der regelmäßigen Überprüfung des Sicherheitskonzepts berücksichtigt werden?
2. Wie können kleine und mittlere Institutionen die regelmäßige Überprüfung des Sicherheitskonzepts effizient umsetzen?
3. Welche Rolle spielt die oberste Leitungsebene bei der Aufrechterhaltung der Informationssicherheit?";3;3;0.9821428571288265;0.8888888888888888;1.0;0.5951587546296008;Welche Maßnahmen sollten bei der regelmäßigen Überprüfung des Sicherheitskonzepts berücksichtigt werden?;2;2;Direkte Berücksichtigung von Maßnahmen;Wie können kleine und mittlere Institutionen die regelmäßige Überprüfung des Sicherheitskonzepts effizient umsetzen?;1;2;Teilweise abgedeckt;Welche Rolle spielt die oberste Leitungsebene bei der Aufrechterhaltung der Informationssicherheit?;2;2;Direkte Verbindung zur Rolle der Leitungsebene;1.667;2.0
Was kann passieren, wenn gegen gesetzliche Regelungen verstoßen wird?;"Wenn gegen gesetzliche Regelungen verstoßen wird, kann dies rechtliche Konsequenzen nach sich ziehen Quelle: ISMS.1 Gefährdungslage Kap. 2.7. Darüber hinaus können Verstöße gegen vertraglich geregelte Sicherheitsanforderungen Vertragsstrafen, Vertragsauflösungen oder sogar den Verlust von Geschäftsbeziehungen nach sich ziehen Quelle: ISMS.1 Gefährdungslage Kap. 2.7.

Anschlussfragen:
1. Welche Rolle spielt das Sicherheitsmanagement bei der Einhaltung gesetzlicher Regelungen?
2. Wie können Institutionen ihre Mitarbeitenden und Externen zu Sicherheitsrisiken sensibilisieren und schulen?
3. Welche Konsequenzen können sich ergeben, wenn eine Institution gegen internationale Gesetzesvorgaben verstößt?";Wenn gegen gesetzliche Regelungen verstoßen wird, kann dies rechtliche Konsequenzen nach sich ziehen Quelle: ISMS.1 Gefährdungslage Kap. 2.7. Darüber hinaus können Verstöße gegen vertraglich geregelte Sicherheitsanforderungen Vertragsstrafen, Vertragsauflösungen oder sogar den Verlust von Geschäftsbeziehungen nach sich ziehen Quelle: ISMS.1 Gefährdungslage Kap. 2.7.;"ISMS.1 Gefährdungslage Kap. 2.7
2.7. Verstoß gegen gesetzliche Regelungen und vertragliche Vereinbarungen 
Wenn Informationen, Geschäftsprozesse und IT-Systeme einer Institution unzureichend abgesichert sind, beispielsweise durch ein unzureichendes Sicherheitsmanagement, kann gegen Rechtsvorschriften mit Bezug zur Informationsverarbeitung oder gegen bestehende Verträge mit Geschäftspartnern und -partnerinnen verstoßen werden. Welche Gesetze jeweils zu beachten sind, hängt von der Art der Institution beziehungsweise ihrer Geschäftsprozesse und Dienstleistungen ab. Je nachdem, wo sich die Standorte einer Institution befinden, können auch verschiedene nationale und internationale Vorschriften zu beachten sein. Verfügt eine Institution über unzureichende Kenntnisse hinsichtlich internationaler Gesetzesvorgaben, z. B. zu Datenschutz, Informationspflicht, Insolvenzrecht, Haftung oder Informationszugriff für Dritte, erhöht dies das Risiko entsprechender Verstöße. Dann drohen rechtliche Konsequenzen. In vielen Branchen ist es üblich, dass Anwendende ihre Zuliefer- und Dienstleistungsunternehmen dazu verpflichten, bestimmte Qualitäts- und Sicherheitsstandards einzuhalten. Verstößt ein 
Vertragspartner oder -partnerin gegen vertraglich geregelte Sicherheitsanforderungen, kann dies Vertragsstrafen, Vertragsauflösungen oder sogar den Verlust von Geschäftsbeziehungen nach sich ziehen. ";"Wenn gegen gesetzliche Regelungen verstoßen wird, können verschiedene negative Konsequenzen eintreten. Hier sind einige mögliche Auswirkungen:

1. **Rechtliche Konsequenzen**: Verstöße gegen gesetzliche Vorgaben können zu rechtlichen Sanktionen führen, wie z. B. Bußgelder, Schadensersatzforderungen oder sogar strafrechtliche Verfolgung. Beispielsweise sieht die EU-Datenschutz-Grundverordnung (DSGVO) hohe Geldbußen für Verstöße gegen Datenschutzbestimmungen vor. Quelle: Verstoß gegen rechtliche Vorgaben (S.1-2).

2. **Vertragliche Konsequenzen**: Verstöße gegen vertragliche Vereinbarungen können zu Vertragsstrafen, Vertragsauflösungen oder dem Verlust von Geschäftsbeziehungen führen. Dies ist besonders relevant in Branchen, in denen Sicherheitsstandards vertraglich geregelt sind, wie z. B. in der Automobilindustrie. Quelle: Verstoß gegen rechtliche Vorgaben (S.3-4).

3. **Reputationsschäden**: Verstöße gegen gesetzliche Regelungen können das Vertrauen von Kunden, Partnern und der Öffentlichkeit in die Institution untergraben. Dies kann zu einem Verlust von Geschäftsgelegenheiten und einem Imageschaden führen. Quelle: Verstoß gegen rechtliche Vorgaben (S.4-5).

4. **Operative Störungen**: Verstöße können zu operativen Störungen führen, die die Verfügbarkeit und Integrität von Informationen beeinträchtigen. Dies kann die Geschäftsprozesse der Institution erheblich stören und zu finanziellen Verlusten führen. Quelle: Verstoß gegen rechtliche Vorgaben (S.5-6).

5. **Persönliche Haftung**: In einigen Fällen können Verantwortliche persönlich haftbar gemacht werden, insbesondere wenn sie gegen ihre Sorgfaltspflichten verstoßen. Dies ist besonders relevant für Geschäftsführer und Vorstandsmitglieder, die gemäß KonTraG, GmbHG und AktG zur Einhaltung von Sicherheitsstandards verpflichtet sind. Quelle: Verstoß gegen rechtliche Vorgaben (S.6-7).

Anschlussfragen:
1. Welche spezifischen gesetzlichen Regelungen sind für die Informationssicherheit in meiner Branche relevant?
2. Wie kann ich sicherstellen, dass meine Institution alle relevanten rechtlichen und vertraglichen Anforderungen erfüllt?
3. Welche Maßnahmen kann ich ergreifen, um das Risiko von Verstößen gegen gesetzliche Regelungen zu minimieren?";"Wenn gegen gesetzliche Regelungen verstoßen wird, können verschiedene negative Konsequenzen eintreten. Hier sind einige mögliche Auswirkungen:

1. **Rechtliche Konsequenzen**: Verstöße gegen gesetzliche Vorgaben können zu rechtlichen Sanktionen führen, wie z. B. Bußgelder, Schadensersatzforderungen oder sogar strafrechtliche Verfolgung. Beispielsweise sieht die EU-Datenschutz-Grundverordnung (DSGVO) hohe Geldbußen für Verstöße gegen Datenschutzbestimmungen vor. Quelle: Verstoß gegen rechtliche Vorgaben (S.1-2).

2. **Vertragliche Konsequenzen**: Verstöße gegen vertragliche Vereinbarungen können zu Vertragsstrafen, Vertragsauflösungen oder dem Verlust von Geschäftsbeziehungen führen. Dies ist besonders relevant in Branchen, in denen Sicherheitsstandards vertraglich geregelt sind, wie z. B. in der Automobilindustrie. Quelle: Verstoß gegen rechtliche Vorgaben (S.3-4).

3. **Reputationsschäden**: Verstöße gegen gesetzliche Regelungen können das Vertrauen von Kunden, Partnern und der Öffentlichkeit in die Institution untergraben. Dies kann zu einem Verlust von Geschäftsgelegenheiten und einem Imageschaden führen. Quelle: Verstoß gegen rechtliche Vorgaben (S.4-5).

4. **Operative Störungen**: Verstöße können zu operativen Störungen führen, die die Verfügbarkeit und Integrität von Informationen beeinträchtigen. Dies kann die Geschäftsprozesse der Institution erheblich stören und zu finanziellen Verlusten führen. Quelle: Verstoß gegen rechtliche Vorgaben (S.5-6).

5. **Persönliche Haftung**: In einigen Fällen können Verantwortliche persönlich haftbar gemacht werden, insbesondere wenn sie gegen ihre Sorgfaltspflichten verstoßen. Dies ist besonders relevant für Geschäftsführer und Vorstandsmitglieder, die gemäß KonTraG, GmbHG und AktG zur Einhaltung von Sicherheitsstandards verpflichtet sind. Quelle: Verstoß gegen rechtliche Vorgaben (S.6-7).";"1. Welche spezifischen gesetzlichen Regelungen sind für die Informationssicherheit in meiner Branche relevant?
2. Wie kann ich sicherstellen, dass meine Institution alle relevanten rechtlichen und vertraglichen Anforderungen erfüllt?
3. Welche Maßnahmen kann ich ergreifen, um das Risiko von Verstößen gegen gesetzliche Regelungen zu minimieren?";3;3;0.8551587301444776;0.8888888888888888;0.72;0.4612727865252576;Welche spezifischen gesetzlichen Regelungen sind für die Informationssicherheit in meiner Branche relevant?;2;2;Direkt relevante Vertiefung;Wie kann ich sicherstellen, dass meine Institution alle relevanten rechtlichen und vertraglichen Anforderungen erfüllt?;2;2;Erfüllung rechtlicher Anforderungen;Welche Maßnahmen kann ich ergreifen, um das Risiko von Verstößen gegen gesetzliche Regelungen zu minimieren?;2;2;Direkte Relevanz zu Risikominimierung;2.0;2.0
Wie müssen Mitarbeitende in den Sicherheitsprozess integriert werden?;"Mitarbeitende müssen in den Sicherheitsprozess integriert werden, indem sie über Hintergründe und relevante Gefährdungen informiert werden Quelle: ISMS.1.A8 Integration der Mitarbeitenden in den Sicherheitsprozess (B) [Vorgesetzte]. Sie müssen Sicherheitsmaßnahmen kennen und umsetzen, die ihren Arbeitsplatz betreffen, und in die Lage versetzt werden, Sicherheit aktiv mitzugestalten Quelle: ISMS.1.A8 Integration der Mitarbeitenden in den Sicherheitsprozess (B) [Vorgesetzte]. 

Anschlussfragen:
1. Wie sollten Mitarbeitende bei der Planung von Sicherheitsmaßnahmen einbezogen werden?
2. Welche Rolle spielen Vorgesetzte bei der Integration der Mitarbeitenden in den Sicherheitsprozess?
3. Wie können Mitarbeitende zu Fragen der Informationssicherheit geschult werden?";Mitarbeitende müssen in den Sicherheitsprozess integriert werden, indem sie über Hintergründe und relevante Gefährdungen informiert werden Quelle: ISMS.1.A8 Integration der Mitarbeitenden in den Sicherheitsprozess (B) [Vorgesetzte]. Sie müssen Sicherheitsmaßnahmen kennen und umsetzen, die ihren Arbeitsplatz betreffen, und in die Lage versetzt werden, Sicherheit aktiv mitzugestalten Quelle: ISMS.1.A8 Integration der Mitarbeitenden in den Sicherheitsprozess (B) [Vorgesetzte].;"ISMS.1.A8 Integration der Mitarbeitenden in den Sicherheitsprozess (B) [Vorgesetzte]  
Alle Mitarbeitenden MÜSSEN in den Sicherheitsprozess integriert sein. Hierfür MÜSSEN sie über Hintergründe und die für sie relevanten Gefährdungen informiert sein. Sie MÜSSEN Sicherheitsmaßnahmen kennen und umsetzen, die ihren Arbeitsplatz betreffen. Alle Mitarbeitenden MÜSSEN in die Lage versetzt werden, Sicherheit aktiv mitzugestalten. Daher SOLLTEN die Mitarbeitenden frühzeitig beteiligt werden, wenn Sicherheitsmaßnahmen zu planen oder organisatorische Regelungen zu gestalten sind. Bei der Einführung von Sicherheitsrichtlinien und Sicherheitswerkzeugen MÜSSEN die Mitarbeitenden ausreichend informiert sein, wie diese anzuwenden sind. Die Mitarbeitenden MÜSSEN darüber aufgeklärt werden, welche Konsequenzen eine Verletzung der Sicherheitsvorgaben haben kann. ";"Mitarbeitende müssen in den Sicherheitsprozess integriert werden, indem sie sensibilisiert, geschult und in die relevanten Sicherheitsmaßnahmen eingewiesen werden. Dazu gehören folgende Schritte:

1. **Sensibilisierung und Schulung**: Alle Mitarbeitenden müssen für die Gefahren sensibilisiert werden, die mit ihrer Arbeit verbunden sind. Sie müssen in die entsprechenden Sicherheitsmaßnahmen der Institution eingewiesen und im Umgang mit diesen geschult werden. Die Schulungs- und Sensibilisierungsmaßnahmen müssen regelmäßig wiederholt werden. Quelle: ORP.3.1.A1 (S. 101-102)

2. **Einarbeitung und Ausbildung**: Bei Neueinstellungen oder neuen Aufgaben müssen Mitarbeitende gründlich eingearbeitet und gegebenenfalls ausgebildet werden. Dabei müssen sicherheitsrelevante Aspekte des jeweiligen Arbeitsplatzes vermittelt werden. Quelle: ORP.2.1 (S. 99)

3. **Verpflichtung zur Einhaltung von Regelungen**: Mitarbeitende müssen zur Einhaltung aller relevanten Gesetze, Vorschriften und Regelungen verpflichtet werden. Sie müssen mit den bestehenden Regelungen zur Informationssicherheit vertraut gemacht und zur Einhaltung motiviert werden. Quelle: ORP.2.2 (S. 100)

4. **Meldung von Sicherheitsvorfällen**: Mitarbeitende müssen wissen, dass jeder erkannte oder vermutete Sicherheitsvorfall dem Sicherheitsmanagement unverzüglich gemeldet werden muss. Sie müssen auch wissen, wie und an wen die Meldung zu erfolgen hat. Quelle: ORP.3.1.A2 (S. 102)

5. **Behandlung von Sicherheitsvorfällen**: Es sollte ein Team von Fachleuten zusammengestellt werden, das für die Analyse und Behandlung von Sicherheitsvorfällen ausgebildet und regelmäßig weitergebildet wird. Dieses Team sollte in die Organisationsstrukturen integriert und in die Eskalations- und Meldewege eingebunden sein. Quelle: DER.2.1 (S. 103-104)

6. **Behebung von Sicherheitsvorfällen**: Bei der Behebung von Sicherheitsvorfällen müssen die Zuständigen das Problem eingrenzen, die Ursache finden, die erforderlichen Maßnahmen auswählen und die Ursache beseitigen. Die Leitung des IT-Betriebs muss eine Freigabe erteilen, bevor die Maßnahmen umgesetzt werden. Quelle: DER.2.2 (S. 105)

Anschlussfragen:
1. Welche spezifischen Schulungsinhalte müssen für die Sensibilisierung der Mitarbeitenden bereitgestellt werden?
2. Wie können Mitarbeitende effektiv zur Meldung von Sicherheitsvorfällen motiviert werden?
3. Welche Maßnahmen müssen ergriffen werden, wenn Mitarbeitende die Institution verlassen oder sich ihre Zuständigkeiten ändern?";"Mitarbeitende müssen in den Sicherheitsprozess integriert werden, indem sie sensibilisiert, geschult und in die relevanten Sicherheitsmaßnahmen eingewiesen werden. Dazu gehören folgende Schritte:

1. **Sensibilisierung und Schulung**: Alle Mitarbeitenden müssen für die Gefahren sensibilisiert werden, die mit ihrer Arbeit verbunden sind. Sie müssen in die entsprechenden Sicherheitsmaßnahmen der Institution eingewiesen und im Umgang mit diesen geschult werden. Die Schulungs- und Sensibilisierungsmaßnahmen müssen regelmäßig wiederholt werden. Quelle: ORP.3.1.A1 (S. 101-102)

2. **Einarbeitung und Ausbildung**: Bei Neueinstellungen oder neuen Aufgaben müssen Mitarbeitende gründlich eingearbeitet und gegebenenfalls ausgebildet werden. Dabei müssen sicherheitsrelevante Aspekte des jeweiligen Arbeitsplatzes vermittelt werden. Quelle: ORP.2.1 (S. 99)

3. **Verpflichtung zur Einhaltung von Regelungen**: Mitarbeitende müssen zur Einhaltung aller relevanten Gesetze, Vorschriften und Regelungen verpflichtet werden. Sie müssen mit den bestehenden Regelungen zur Informationssicherheit vertraut gemacht und zur Einhaltung motiviert werden. Quelle: ORP.2.2 (S. 100)

4. **Meldung von Sicherheitsvorfällen**: Mitarbeitende müssen wissen, dass jeder erkannte oder vermutete Sicherheitsvorfall dem Sicherheitsmanagement unverzüglich gemeldet werden muss. Sie müssen auch wissen, wie und an wen die Meldung zu erfolgen hat. Quelle: ORP.3.1.A2 (S. 102)

5. **Behandlung von Sicherheitsvorfällen**: Es sollte ein Team von Fachleuten zusammengestellt werden, das für die Analyse und Behandlung von Sicherheitsvorfällen ausgebildet und regelmäßig weitergebildet wird. Dieses Team sollte in die Organisationsstrukturen integriert und in die Eskalations- und Meldewege eingebunden sein. Quelle: DER.2.1 (S. 103-104)

6. **Behebung von Sicherheitsvorfällen**: Bei der Behebung von Sicherheitsvorfällen müssen die Zuständigen das Problem eingrenzen, die Ursache finden, die erforderlichen Maßnahmen auswählen und die Ursache beseitigen. Die Leitung des IT-Betriebs muss eine Freigabe erteilen, bevor die Maßnahmen umgesetzt werden. Quelle: DER.2.2 (S. 105)";"1. Welche spezifischen Schulungsinhalte müssen für die Sensibilisierung der Mitarbeitenden bereitgestellt werden?
2. Wie können Mitarbeitende effektiv zur Meldung von Sicherheitsvorfällen motiviert werden?
3. Welche Maßnahmen müssen ergriffen werden, wenn Mitarbeitende die Institution verlassen oder sich ihre Zuständigkeiten ändern?";3;3;0.7683333333179667;1.0;0.9411764705882353;0.5346520411845909;Welche spezifischen Schulungsinhalte müssen für die Sensibilisierung der Mitarbeitenden bereitgestellt werden?;2;2;Direkte Abdeckung durch IT-Grundschutz;Wie können Mitarbeitende effektiv zur Meldung von Sicherheitsvorfällen motiviert werden?;2;2;Direkte Relevanz zu Sensibilisierung;Welche Maßnahmen müssen ergriffen werden, wenn Mitarbeitende die Institution verlassen oder sich ihre Zuständigkeiten ändern?;2;2;Direkte Abdeckung durch IT-Grundschutz;2.0;2.0
Welche Vertretungsregelungen müssen im Sicherheitsmanagement existieren?;"Für alle wichtigen Funktionen der Organisation für Informationssicherheit MUSS es wirksame Vertretungsregelungen geben Quelle: ISMS.1.A6 (S. nicht spezifiziert, da keine Seitenzahl im bereitgestellten Kontext vorhanden ist). Dies bedeutet, dass im Sicherheitsmanagement Vertretungsregelungen existieren müssen, um sicherzustellen, dass wichtige Funktionen auch im Falle der Abwesenheit oder Verhinderung von Schlüsselpersonen weiterhin wahrgenommen werden können.

Anschlussfragen:
1. Wie sollten die Vertretungsregelungen im Sicherheitsmanagement dokumentiert werden?
2. Welche Rolle spielen qualifizierte Personen im Sicherheitsmanagement und wie sollten sie ausgewählt werden?
3. Wie oft sollten die Vertretungsregelungen und die Organisationsstruktur für Informationssicherheit überprüft und angepasst werden?";Für alle wichtigen Funktionen der Organisation für Informationssicherheit MUSS es wirksame Vertretungsregelungen geben Quelle: ISMS.1.A6 (S. nicht spezifiziert, da keine Seitenzahl im bereitgestellten Kontext vorhanden ist). Dies bedeutet, dass im Sicherheitsmanagement Vertretungsregelungen existieren müssen, um sicherzustellen, dass wichtige Funktionen auch im Falle der Abwesenheit oder Verhinderung von Schlüsselpersonen weiterhin wahrgenommen werden können.;"ISMS.1.A6 Aufbau einer geeigneten Organisationsstruktur für Informationssicherheit (B) [Institutionsleitung]  
Eine geeignete übergreifende Organisationsstruktur für Informationssicherheit MUSS vorhanden sein. Dafür MÜSSEN Rollen definiert sein, die konkrete Aufgaben übernehmen, um die Sicherheitsziele zu erreichen. Außerdem MÜSSEN qualifizierte Personen benannt werden, denen ausreichend Ressourcen zur Verfügung stehen, um diese Rollen zu übernehmen. Die Aufgaben, Rollen, Verantwortungen und Kompetenzen im Sicherheitsmanagement MÜSSEN nachvollziehbar definiert und zugewiesen sein. Für alle wichtigen Funktionen der Organisation für Informationssicherheit MUSS es wirksame Vertretungsregelungen geben. Kommunikationswege MÜSSEN geplant, beschrieben, eingerichtet und bekannt gemacht werden. Es MUSS für alle Aufgaben und Rollen festgelegt sein, wer wen informiert und wer bei welchen Aktionen 
in welchem Umfang informiert werden muss. Es MUSS regelmäßig geprüft werden, ob die Organisationsstruktur für Informationssicherheit noch angemessen ist oder ob sie an neue Rahmenbedingungen angepasst werden muss.";"Im Sicherheitsmanagement müssen folgende Vertretungsregelungen existieren:

1. **Vertretungsregelungen für Geschäftsprozesse und Aufgaben**:
   - Vorgesetzte müssen sicherstellen, dass für alle wesentlichen Geschäftsprozesse und Aufgaben praktikable Vertretungsregelungen umgesetzt werden.
   - Der Aufgabenumfang der Vertretung muss im Vorfeld klar definiert werden.
   - Die Vertretung muss über das notwendige Wissen verfügen. Falls nicht, muss überprüft werden, ob Schulungen erforderlich sind oder ob eine ausreichende Dokumentation ausreicht.
   - Falls keine kompetente Vertretung benannt oder geschult werden kann, muss frühzeitig entschieden werden, ob externes Personal hinzugezogen werden kann.
   Quelle: Festlegung von Vertretungsregelungen (S.1-2)

2. **Vertretungsregelungen für Administrationsaufgaben**:
   - Für jede Administrationsaufgabe muss eine Vertretung benannt werden.
   - Die Vertretung muss über die notwendigen administrativen Berechtigungen und Kenntnisse verfügen.
   - Die Regelung der Vertretung muss Mangel- und Notfallsituationen berücksichtigen.
   Quelle: Vertretungsregelungen (S.2-3)

3. **Vertretungsregelungen im Outsourcing**:
   - Es müssen Vertretungsregelungen in allen Bereichen existieren, insbesondere bei der Nutzung von Sub-Dienstleistenden.
   Quelle: Regelungen für den Einsatz von Sub-Dienstleistenden (S.4)

Anschlussfragen:
1. Wie können Vertretungsregelungen in der Praxis umgesetzt werden?
2. Welche Schulungsmaßnahmen sind erforderlich, um sicherzustellen, dass Vertretungen über das notwendige Wissen verfügen?
3. Wie können Mangel- und Notfallsituationen in Vertretungsregelungen berücksichtigt werden?";"Im Sicherheitsmanagement müssen folgende Vertretungsregelungen existieren:

1. **Vertretungsregelungen für Geschäftsprozesse und Aufgaben**:
   - Vorgesetzte müssen sicherstellen, dass für alle wesentlichen Geschäftsprozesse und Aufgaben praktikable Vertretungsregelungen umgesetzt werden.
   - Der Aufgabenumfang der Vertretung muss im Vorfeld klar definiert werden.
   - Die Vertretung muss über das notwendige Wissen verfügen. Falls nicht, muss überprüft werden, ob Schulungen erforderlich sind oder ob eine ausreichende Dokumentation ausreicht.
   - Falls keine kompetente Vertretung benannt oder geschult werden kann, muss frühzeitig entschieden werden, ob externes Personal hinzugezogen werden kann.
   Quelle: Festlegung von Vertretungsregelungen (S.1-2)

2. **Vertretungsregelungen für Administrationsaufgaben**:
   - Für jede Administrationsaufgabe muss eine Vertretung benannt werden.
   - Die Vertretung muss über die notwendigen administrativen Berechtigungen und Kenntnisse verfügen.
   - Die Regelung der Vertretung muss Mangel- und Notfallsituationen berücksichtigen.
   Quelle: Vertretungsregelungen (S.2-3)

3. **Vertretungsregelungen im Outsourcing**:
   - Es müssen Vertretungsregelungen in allen Bereichen existieren, insbesondere bei der Nutzung von Sub-Dienstleistenden.
   Quelle: Regelungen für den Einsatz von Sub-Dienstleistenden (S.4)";"1. Wie können Vertretungsregelungen in der Praxis umgesetzt werden?
2. Welche Schulungsmaßnahmen sind erforderlich, um sicherzustellen, dass Vertretungen über das notwendige Wissen verfügen?
3. Wie können Mangel- und Notfallsituationen in Vertretungsregelungen berücksichtigt werden?";3;3;0.6333333333122222;0.8888888888888888;1.0;0.45611583066378464;Wie können Vertretungsregelungen in der Praxis umgesetzt werden?;2;2;Praktische Umsetzung;Welche Schulungsmaßnahmen sind erforderlich, um sicherzustellen, dass Vertretungen über das notwendige Wissen verfügen?;2;2;Schulungsmaßnahmen für Vertretungen;Wie können Mangel- und Notfallsituationen in Vertretungsregelungen berücksichtigt werden?;2;2;Direkte Berücksichtigung von Mangel- und Notfallsituationen;2.0;2.0
Was sollten Management-Berichte zur Informationssicherheit enthalten?;"Management-Berichte zur Informationssicherheit sollten die wesentlichen relevanten Informationen über den Sicherheitsprozess enthalten, insbesondere über Probleme, Erfolge und Verbesserungsmöglichkeiten Quelle: ISMS.1.A12 (S). Sie sollten auch klar priorisierte Maßnahmenvorschläge enthalten, die mit realistischen Abschätzungen zum erwarteten Umsetzungsaufwand versehen sind Quelle: ISMS.1.A12 (S). 

Anschlussfragen:
1. Wie sollten die Management-Berichte zur Informationssicherheit archiviert werden?
2. Welche Rolle spielt die Institutionsleitung bei der Erstellung von Management-Berichten zur Informationssicherheit?
3. Wie oft sollten Sicherheitsrevisionen in der Institution durchgeführt werden?";Management-Berichte zur Informationssicherheit sollten die wesentlichen relevanten Informationen über den Sicherheitsprozess enthalten, insbesondere über Probleme, Erfolge und Verbesserungsmöglichkeiten Quelle: ISMS.1.A12 (S). Sie sollten auch klar priorisierte Maßnahmenvorschläge enthalten, die mit realistischen Abschätzungen zum erwarteten Umsetzungsaufwand versehen sind Quelle: ISMS.1.A12 (S).;"ISMS.1.A12 Management-Berichte zur Informationssicherheit (S) [Institutionsleitung]  
Die Institutionsleitung SOLLTE sich regelmäßig über den Stand der Informationssicherheit informieren, insbesondere über die aktuelle Gefährdungslage sowie die Wirksamkeit und Effizienz des Sicherheitsprozesses. Dazu SOLLTEN Management-Berichte geschrieben werden, welche die wesentlichen relevanten Informationen über den Sicherheitsprozess enthalten, insbesondere über Probleme, Erfolge und Verbesserungsmöglichkeiten. Die Management-Berichte SOLLTEN klar priorisierte Maßnahmenvorschläge enthalten. Die Maßnahmenvorschläge SOLLTEN mit realistischen Abschätzungen zum erwarteten Umsetzungsaufwand versehen sein. Die Management-Berichte SOLLTEN revisionssicher archiviert werden. Die Management-Entscheidungen über erforderliche Aktionen, den Umgang mit Restrisiken und mit 
Veränderungen von sicherheitsrelevanten Prozessen SOLLTEN dokumentiert sein. Die Management-Entscheidungen SOLLTEN revisionssicher archiviert werden.

";"Managementberichte zur Informationssicherheit sollten folgende Punkte enthalten:

1. **Status und Umsetzungsgrad des Sicherheitskonzepts**: Der aktuelle Stand der Umsetzung des Sicherheitskonzepts sollte regelmäßig überprüft und dokumentiert werden.
2. **Ergebnisse von Audits und Datenschutzkontrollen**: Berichte über durchgeführte Audits und Datenschutzkontrollen, einschließlich der Ergebnisse und eventueller Mängel.
3. **Berichte über Sicherheitsvorfälle**: Dokumentation von Sicherheitsvorfällen, deren Ursachen und die ergriffenen Maßnahmen zur Behebung.
4. **Erfolge und Probleme im Informationssicherheitsprozess**: Eine Übersicht über bisherige Erfolge und auftretende Probleme im Sicherheitsprozess.
5. **Reduzierung von Umsetzungsdefiziten und Risiken**: Berichte über Maßnahmen zur Reduzierung bestehender Umsetzungsdefizite und der damit verbundenen Risiken, basierend auf dem Risikobehandlungsplan (siehe BSI-Standard 200-3).
6. **Neue Bedrohungen und Sicherheitslücken**: Informationen über neu aufgetretene Bedrohungen und Sicherheitslücken, die den Sicherheitsprozess beeinflussen könnten.

Die Leitungsebene muss regelmäßig über diese Punkte informiert werden, um fundierte Entscheidungen treffen zu können. Die Berichte sollten kurz und übersichtlich aufbereitet sein, um eine effiziente Steuerung des Sicherheitsprozesses zu ermöglichen.

Quelle: Informationsfluss (S. 11-13)

Anschlussfragen:
1. Wie oft sollten Managementberichte zur Informationssicherheit erstellt und übermittelt werden?
2. Welche Rolle spielt der Informationssicherheitsbeauftragte (ISB) bei der Erstellung der Managementberichte?
3. Welche weiteren Dokumente sind neben den Managementberichten für das Informationssicherheitsmanagement relevant?";"Managementberichte zur Informationssicherheit sollten folgende Punkte enthalten:

1. **Status und Umsetzungsgrad des Sicherheitskonzepts**: Der aktuelle Stand der Umsetzung des Sicherheitskonzepts sollte regelmäßig überprüft und dokumentiert werden.
2. **Ergebnisse von Audits und Datenschutzkontrollen**: Berichte über durchgeführte Audits und Datenschutzkontrollen, einschließlich der Ergebnisse und eventueller Mängel.
3. **Berichte über Sicherheitsvorfälle**: Dokumentation von Sicherheitsvorfällen, deren Ursachen und die ergriffenen Maßnahmen zur Behebung.
4. **Erfolge und Probleme im Informationssicherheitsprozess**: Eine Übersicht über bisherige Erfolge und auftretende Probleme im Sicherheitsprozess.
5. **Reduzierung von Umsetzungsdefiziten und Risiken**: Berichte über Maßnahmen zur Reduzierung bestehender Umsetzungsdefizite und der damit verbundenen Risiken, basierend auf dem Risikobehandlungsplan (siehe BSI-Standard 200-3).
6. **Neue Bedrohungen und Sicherheitslücken**: Informationen über neu aufgetretene Bedrohungen und Sicherheitslücken, die den Sicherheitsprozess beeinflussen könnten.

Die Leitungsebene muss regelmäßig über diese Punkte informiert werden, um fundierte Entscheidungen treffen zu können. Die Berichte sollten kurz und übersichtlich aufbereitet sein, um eine effiziente Steuerung des Sicherheitsprozesses zu ermöglichen.

Quelle: Informationsfluss (S. 11-13)";"1. Wie oft sollten Managementberichte zur Informationssicherheit erstellt und übermittelt werden?
2. Welche Rolle spielt der Informationssicherheitsbeauftragte (ISB) bei der Erstellung der Managementberichte?
3. Welche weiteren Dokumente sind neben den Managementberichten für das Informationssicherheitsmanagement relevant?";3;3;0.9999999999666667;1.0;1.0;0.5520837013026598;Wie oft sollten Managementberichte zur Informationssicherheit erstellt und übermittelt werden?;1;2;Regelmäßigkeit impliziert;Welche Rolle spielt der Informationssicherheitsbeauftragte (ISB) bei der Erstellung der Managementberichte?;2;2;ISB-Rolle bei Berichtserstellung;Welche weiteren Dokumente sind neben den Managementberichten für das Informationssicherheitsmanagement relevant?;2;2;Direkte Relevanz zu IS-Management;1.667;2.0
Welche Risiken entstehen durch fehlende Aktualisierung im Sicherheitsprozess?;"Durch fehlende Aktualisierung im Sicherheitsprozess kann das Sicherheitsniveau innerhalb einer Institution verringert werden, was zu einer gefährlichen Scheinsicherheit führen kann Quelle: ISMS.1 Gefährdungslage Kap 2.6. Dies geschieht, weil neue Geschäftsprozesse, Anwendungen, IT-Systeme und Bedrohungen den Status der Informationssicherheit permanent beeinflussen Quelle: ISMS.1 Gefährdungslage Kap 2.6. Ein effektives Revisionskonzept, das auch das Bewusstsein für neue Bedrohungen stärkt, ist daher notwendig, um das Sicherheitsniveau aufrechtzuerhalten Quelle: ISMS.1 Gefährdungslage Kap 2.6.

Anschlussfragen:
1. Wie kann ein effektives Revisionskonzept zur Stärkung des Bewusstseins für neue Bedrohungen umgesetzt werden?
2. Welche Rolle spielen regelmäßige Sicherheitsrevisionen und Schulungen zur Informationssicherheit im Sicherheitsprozess?
3. Wie können Mitarbeiter und Externe systematisch und zielgruppengerecht zu Sicherheitsrisiken sensibilisiert werden?";Durch fehlende Aktualisierung im Sicherheitsprozess kann das Sicherheitsniveau innerhalb einer Institution verringert werden, was zu einer gefährlichen Scheinsicherheit führen kann Quelle: ISMS.1 Gefährdungslage Kap 2.6. Dies geschieht, weil neue Geschäftsprozesse, Anwendungen, IT-Systeme und Bedrohungen den Status der Informationssicherheit permanent beeinflussen Quelle: ISMS.1 Gefährdungslage Kap 2.6. Ein effektives Revisionskonzept, das auch das Bewusstsein für neue Bedrohungen stärkt, ist daher notwendig, um das Sicherheitsniveau aufrechtzuerhalten Quelle: ISMS.1 Gefährdungslage Kap 2.6.;"ISMS.1 Gefährdungslage Kap 2.6
2.6. Fehlende Aktualisierung im Sicherheitsprozess Neue Geschäftsprozesse, Anwendungen und IT-Systeme sowie neue Bedrohungen beeinflussen permanent den Status der Informationssicherheit innerhalb einer Institution. Fehlt ein effektives Revisionskonzept, das auch das Bewusstsein für neue Bedrohungen stärkt, verringert sich das Sicherheitsniveau. Aus der realen Sicherheit wird dann schleichend eine gefährliche Scheinsicherheit. ";"Fehlende Aktualisierung im Sicherheitsprozess kann zu einer gefährlichen Scheinsicherheit führen, da neue Bedrohungen und Veränderungen in Geschäftsprozessen, Anwendungen und IT-Systemen nicht berücksichtigt werden. Dies verringert das Sicherheitsniveau und kann zu schwerwiegenden Sicherheitsvorfällen führen. Ein effektives Revisionskonzept ist notwendig, um das Bewusstsein für neue Bedrohungen zu stärken und die Informationssicherheit kontinuierlich zu verbessern.

Quelle: Fehlende Aktualisierung im Sicherheitsprozess (S. 11)

Anschlussfragen:
1. Welche Maßnahmen können ergriffen werden, um sicherzustellen, dass der Sicherheitsprozess regelmäßig aktualisiert wird?
2. Wie kann ein effektives Revisionskonzept im Sicherheitsmanagement implementiert werden?
3. Welche Rolle spielt die Sensibilisierung der Mitarbeitenden bei der Aktualisierung des Sicherheitsprozesses?";"Fehlende Aktualisierung im Sicherheitsprozess kann zu einer gefährlichen Scheinsicherheit führen, da neue Bedrohungen und Veränderungen in Geschäftsprozessen, Anwendungen und IT-Systemen nicht berücksichtigt werden. Dies verringert das Sicherheitsniveau und kann zu schwerwiegenden Sicherheitsvorfällen führen. Ein effektives Revisionskonzept ist notwendig, um das Bewusstsein für neue Bedrohungen zu stärken und die Informationssicherheit kontinuierlich zu verbessern.

Quelle: Fehlende Aktualisierung im Sicherheitsprozess (S. 11)";"1. Welche Maßnahmen können ergriffen werden, um sicherzustellen, dass der Sicherheitsprozess regelmäßig aktualisiert wird?
2. Wie kann ein effektives Revisionskonzept im Sicherheitsmanagement implementiert werden?
3. Welche Rolle spielt die Sensibilisierung der Mitarbeitenden bei der Aktualisierung des Sicherheitsprozesses?";3;3;0.64999999998375;0.5;1.0;0.8458687417778856;Welche Maßnahmen können ergriffen werden, um sicherzustellen, dass der Sicherheitsprozess regelmäßig aktualisiert wird?;2;2;Direkte Maßnahmen zur Aktualisierung;Wie kann ein effektives Revisionskonzept im Sicherheitsmanagement implementiert werden?;2;2;Direkte Relevanz zu Sicherheitsmanagement;Welche Rolle spielt die Sensibilisierung der Mitarbeitenden bei der Aktualisierung des Sicherheitsprozesses?;2;2;Sensibilisierung bei Aktualisierung;2.0;2.0
Muss es für Telearbeit formale Regelungen geben?;"Für Telearbeit müssen formale Regelungen existieren, um alle relevanten Aspekte zu regeln. Diese Regelungen müssen den Telearbeitenden zur Verfügung gestellt werden, um sicherzustellen, dass sie die geltenden Sicherheitsmaßnahmen verstehen und anwenden können. Quelle: OPS.1.2.4.A1 Regelungen für Telearbeit (B) [Vorgesetzte, Personalabteilung] 

Anschlussfragen:
1. Wie sollten die Regelungen für Telearbeit aktualisiert werden, um sicherzustellen, dass sie aktuell und effektiv bleiben?
2. Welche Rolle spielen Betriebsvereinbarungen und individuelle Vereinbarungen bei der Regelung von Telearbeit?
3. Wie können die Sicherheitsanforderungen an die Infrastruktur des Telearbeitsplatzes berücksichtigt werden, um eine sichere Telearbeitsumgebung zu gewährleisten?";Für Telearbeit müssen formale Regelungen existieren, um alle relevanten Aspekte zu regeln. Diese Regelungen müssen den Telearbeitenden zur Verfügung gestellt werden, um sicherzustellen, dass sie die geltenden Sicherheitsmaßnahmen verstehen und anwenden können. Quelle: OPS.1.2.4.A1 Regelungen für Telearbeit (B) [Vorgesetzte, Personalabteilung];OPS.1.2.4.A1 Regelungen für Telearbeit (B) [Vorgesetzte, Personalabteilung] Alle relevanten Aspekte der Telearbeit MÜSSEN geregelt werden. Zu Informationszwecken MÜSSEN den Telearbeitenden die geltenden Regelungen oder ein dafür vorgesehenes Merkblatt ausgehändigt werden, das die zu beachtenden Sicherheitsmaßnahmen erläutert. Alle strittigen Punkte MÜSSEN entweder durch Betriebsvereinbarungen oder durch zusätzlich zum Arbeitsvertrag getroffene individuelle Vereinbarungen zwischen dem Mitarbeitenden und der Institution geregelt werden. Die Regelungen MÜSSEN regelmäßig aktualisiert werden.;"Ja, für Telearbeit müssen formale Regelungen festgelegt werden. Diese Regelungen sind notwendig, um die Sicherheit der Informationen, die während der Telearbeit gespeichert, verarbeitet und übertragen werden, zu gewährleisten. Es MUSS sichergestellt werden, dass nur autorisierte Personen Zugang zu den Telearbeitsrechnern haben und dass diese Rechner nur für autorisierte Zwecke genutzt werden. Zudem MUSS ein Sicherheitskonzept für die Telearbeit erstellt werden, das Sicherheitsziele, Schutzbedarf, Sicherheitsanforderungen sowie Risiken beschreibt. Dieses Konzept SOLLTE regelmäßig aktualisiert und überarbeitet werden und auf das übergreifende Sicherheitskonzept der Institution abgestimmt sein. Auch für die OT-Fernwartung durch Dritte MÜSSEN angemessen restriktive Regelungen vertraglich vereinbart werden, um eine kontrollierte und abgestimmte Nutzung der Fernwartungszugänge zu gewährleisten. Quelle: Telearbeit (S.1-10), Sicherheitskonzept für Telearbeit (S.10), Verbindliche Regelung der OT-Fernwartung durch Dritte (S.10).

Anschlussfragen:
1. Welche spezifischen organisatorischen Absprachen sind zwischen den Mitarbeitenden und den Führungskräften für die Telearbeit erforderlich?
2. Wie können vertrauliche Informationen am Telearbeitsplatz vor dem Zugriff durch Dritte geschützt werden?
3. Welche technischen Maßnahmen sind notwendig, um die Sicherheit der Kommunikationsverbindung zwischen Telearbeitsrechnern und der Institution zu gewährleisten?";Ja, für Telearbeit müssen formale Regelungen festgelegt werden. Diese Regelungen sind notwendig, um die Sicherheit der Informationen, die während der Telearbeit gespeichert, verarbeitet und übertragen werden, zu gewährleisten. Es MUSS sichergestellt werden, dass nur autorisierte Personen Zugang zu den Telearbeitsrechnern haben und dass diese Rechner nur für autorisierte Zwecke genutzt werden. Zudem MUSS ein Sicherheitskonzept für die Telearbeit erstellt werden, das Sicherheitsziele, Schutzbedarf, Sicherheitsanforderungen sowie Risiken beschreibt. Dieses Konzept SOLLTE regelmäßig aktualisiert und überarbeitet werden und auf das übergreifende Sicherheitskonzept der Institution abgestimmt sein. Auch für die OT-Fernwartung durch Dritte MÜSSEN angemessen restriktive Regelungen vertraglich vereinbart werden, um eine kontrollierte und abgestimmte Nutzung der Fernwartungszugänge zu gewährleisten. Quelle: Telearbeit (S.1-10), Sicherheitskonzept für Telearbeit (S.10), Verbindliche Regelung der OT-Fernwartung durch Dritte (S.10).;"1. Welche spezifischen organisatorischen Absprachen sind zwischen den Mitarbeitenden und den Führungskräften für die Telearbeit erforderlich?
2. Wie können vertrauliche Informationen am Telearbeitsplatz vor dem Zugriff durch Dritte geschützt werden?
3. Welche technischen Maßnahmen sind notwendig, um die Sicherheit der Kommunikationsverbindung zwischen Telearbeitsrechnern und der Institution zu gewährleisten?";3;3;0.8134920634785053;1.0;1.0;0.37942013626490134;Welche spezifischen organisatorischen Absprachen sind zwischen den Mitarbeitenden und den Führungskräften für die Telearbeit erforderlich?;2;2;Direkte organisatorische Absprachen;Wie können vertrauliche Informationen am Telearbeitsplatz vor dem Zugriff durch Dritte geschützt werden?;2;2;Direkt relevant und abgedeckt;Welche technischen Maßnahmen sind notwendig, um die Sicherheit der Kommunikationsverbindung zwischen Telearbeitsrechnern und der Institution zu gewährleisten?;2;2;Direkte technische Anforderungen;2.0;2.0
Welche grundlegenden Sicherheitsanforderungen gelten für Telearbeitsrechner?;"Für Telearbeitsrechner gelten grundlegende Sicherheitsanforderungen, die sicherstellen, dass nur autorisierte Personen Zugang haben und der Rechner nur für autorisierte Zwecke benutzt werden kann. Konkret MÜSSEN sicherheitstechnische Anforderungen festgelegt werden, die ein IT-System für die Telearbeit erfüllen muss Quelle: OPS.1.2.4.A2 (S. nicht spezifiziert). Dazu gehören die Absicherung des Telearbeitsrechners und die Gewährleistung, dass nur autorisierte Personen Zugang haben Quelle: OPS.1.2.4.A2 (S. nicht spezifiziert).

Anschlussfragen:
1. Wie können die sicherheitstechnischen Anforderungen an Telearbeitsrechner umgesetzt werden?
2. Welche Rolle spielt die sichere Telekommunikationsverbindung zwischen Telearbeitsplatz und Institution?
3. Wie werden Anforderungen an die Datensicherung bei der Telearbeit geregelt?";Für Telearbeitsrechner gelten grundlegende Sicherheitsanforderungen, die sicherstellen, dass nur autorisierte Personen Zugang haben und der Rechner nur für autorisierte Zwecke benutzt werden kann. Konkret MÜSSEN sicherheitstechnische Anforderungen festgelegt werden, die ein IT-System für die Telearbeit erfüllen muss Quelle: OPS.1.2.4.A2 (S. nicht spezifiziert). Dazu gehören die Absicherung des Telearbeitsrechners und die Gewährleistung, dass nur autorisierte Personen Zugang haben Quelle: OPS.1.2.4.A2 (S. nicht spezifiziert).;OPS.1.2.4.A2 Sicherheitstechnische Anforderungen an den Telearbeitsrechner (B) Es MÜSSEN sicherheitstechnische Anforderungen festgelegt werden, die ein IT-System für die Telearbeit erfüllen muss. Es MUSS sichergestellt werden, dass nur autorisierte Personen Zugang zu den Telearbeitsrechnern haben. Darüber hinaus MUSS der Telearbeitsrechner so abgesichert werden, dass er nur für autorisierte Zwecke benutzt werden kann.;"Für Telearbeitsrechner gelten folgende grundlegende Sicherheitsanforderungen:

1. **Zugangskontrolle**: Nur autorisierte Personen dürfen Zugang zu den Telearbeitsrechnern haben. Dies MUSS sichergestellt werden, um unberechtigten Zugriff zu verhindern. Quelle: Sicherheitstechnische Anforderungen an den Telearbeitsrechner (S.1)

2. **Verwendungseinschränkung**: Der Telearbeitsrechner MUSS so abgesichert werden, dass er nur für autorisierte Zwecke genutzt werden kann. Dies verhindert die unerlaubte private Nutzung und schützt vor Schadsoftware. Quelle: Sicherheitstechnische Anforderungen an den Telearbeitsrechner (S.1)

3. **Sicherer Remote-Zugriff**: Ein sicherer Remote-Zugriff auf das Netz der Institution MUSS eingerichtet werden, z. B. durch ein Virtual Private Network (VPN). Dieser Zugriff MUSS kryptografisch abgesichert sein, und Benutzende MÜSSEN über sichere Zugangsdaten verfügen. Quelle: Sicherer Remote-Zugriff auf das Netz der Institution (S.1)

4. **Sicherheitskonzept**: Es SOLLTE ein Sicherheitskonzept für die Telearbeit erstellt werden, das Sicherheitsziele, Schutzbedarf, Sicherheitsanforderungen sowie Risiken beschreibt. Dieses Konzept SOLLTE regelmäßig aktualisiert und auf das übergreifende Sicherheitskonzept der Institution abgestimmt werden. Quelle: Erstellen eines Sicherheitskonzeptes für Telearbeit (S.1)

5. **Datensicherung**: Sofern Daten, die bei der Telearbeit verändert wurden, nicht unmittelbar auf IT-Systemen der Institution gespeichert werden, muss geregelt werden, wie eine Datensicherung durchgeführt wird. Quelle: Telearbeit (S.1)

Anschlussfragen:
1. Welche spezifischen Maßnahmen sind erforderlich, um die Zugangskontrolle für Telearbeitsrechner zu implementieren?
2. Wie kann ein sicherer Remote-Zugriff technisch umgesetzt werden?
3. Welche Inhalte sollte ein Sicherheitskonzept für die Telearbeit enthalten?";"Für Telearbeitsrechner gelten folgende grundlegende Sicherheitsanforderungen:

1. **Zugangskontrolle**: Nur autorisierte Personen dürfen Zugang zu den Telearbeitsrechnern haben. Dies MUSS sichergestellt werden, um unberechtigten Zugriff zu verhindern. Quelle: Sicherheitstechnische Anforderungen an den Telearbeitsrechner (S.1)

2. **Verwendungseinschränkung**: Der Telearbeitsrechner MUSS so abgesichert werden, dass er nur für autorisierte Zwecke genutzt werden kann. Dies verhindert die unerlaubte private Nutzung und schützt vor Schadsoftware. Quelle: Sicherheitstechnische Anforderungen an den Telearbeitsrechner (S.1)

3. **Sicherer Remote-Zugriff**: Ein sicherer Remote-Zugriff auf das Netz der Institution MUSS eingerichtet werden, z. B. durch ein Virtual Private Network (VPN). Dieser Zugriff MUSS kryptografisch abgesichert sein, und Benutzende MÜSSEN über sichere Zugangsdaten verfügen. Quelle: Sicherer Remote-Zugriff auf das Netz der Institution (S.1)

4. **Sicherheitskonzept**: Es SOLLTE ein Sicherheitskonzept für die Telearbeit erstellt werden, das Sicherheitsziele, Schutzbedarf, Sicherheitsanforderungen sowie Risiken beschreibt. Dieses Konzept SOLLTE regelmäßig aktualisiert und auf das übergreifende Sicherheitskonzept der Institution abgestimmt werden. Quelle: Erstellen eines Sicherheitskonzeptes für Telearbeit (S.1)

5. **Datensicherung**: Sofern Daten, die bei der Telearbeit verändert wurden, nicht unmittelbar auf IT-Systemen der Institution gespeichert werden, muss geregelt werden, wie eine Datensicherung durchgeführt wird. Quelle: Telearbeit (S.1)";"1. Welche spezifischen Maßnahmen sind erforderlich, um die Zugangskontrolle für Telearbeitsrechner zu implementieren?
2. Wie kann ein sicherer Remote-Zugriff technisch umgesetzt werden?
3. Welche Inhalte sollte ein Sicherheitskonzept für die Telearbeit enthalten?";3;3;0.99999999995;1.0;1.0;0.4134314081882724;Welche spezifischen Maßnahmen sind erforderlich, um die Zugangskontrolle für Telearbeitsrechner zu implementieren?;2;2;Zugangskontrolle direkt im IT-Grundschutz;Wie kann ein sicherer Remote-Zugriff technisch umgesetzt werden?;2;2;Sicherer Remote-Zugriff;Welche Inhalte sollte ein Sicherheitskonzept für die Telearbeit enthalten?;2;2;Direkt relevante Vertiefung;2.0;2.0
Müssen Mitarbeitende speziell geschult werden?;"Mitarbeitende MÜSSEN speziell geschult werden, um die Gefahren, die mit der Telearbeit verbunden sind, zu erkennen und entsprechende Sicherheitsmaßnahmen anzuwenden. Dies umfasst eine Sensibilisierung für die Gefahren der Telearbeit sowie eine Schulung im Umgang mit den Sicherheitsmaßnahmen der Institution Quelle: OPS.1.2.4.A5 (S. nicht spezifiziert). Die Schulungs- und Sensibilisierungsmaßnahmen SOLLTEN regelmäßig wiederholt werden, um die Mitarbeitenden auf dem aktuellen Stand zu halten Quelle: OPS.1.2.4.A5 (S. nicht spezifiziert).

Anschlussfragen:
1. Welche spezifischen Sicherheitsmaßnahmen MÜSSEN den Mitarbeitenden beigebracht werden?
2. Wie oft SOLLTEN die Schulungs- und Sensibilisierungsmaßnahmen für die Mitarbeitenden wiederholt werden?
3. Welche Rolle spielt die Institution bei der Bereitstellung von Schulungs- und Sensibilisierungsmaßnahmen für die Telearbeit?";Mitarbeitende MÜSSEN speziell geschult werden, um die Gefahren, die mit der Telearbeit verbunden sind, zu erkennen und entsprechende Sicherheitsmaßnahmen anzuwenden. Dies umfasst eine Sensibilisierung für die Gefahren der Telearbeit sowie eine Schulung im Umgang mit den Sicherheitsmaßnahmen der Institution Quelle: OPS.1.2.4.A5 (S. nicht spezifiziert). Die Schulungs- und Sensibilisierungsmaßnahmen SOLLTEN regelmäßig wiederholt werden, um die Mitarbeitenden auf dem aktuellen Stand zu halten Quelle: OPS.1.2.4.A5 (S. nicht spezifiziert).;OPS.1.2.4.A5 Sensibilisierung und Schulung der Mitarbeitenden (B) Anhand eines Leitfadens MÜSSEN die Mitarbeitenden für die Gefahren sensibilisiert werden, die mit der Telearbeit verbunden sind. Außerdem MÜSSEN sie in die entsprechenden Sicherheitsmaßnahmen der Institution eingewiesen und im Umgang mit diesen geschult werden. Die Schulungs- und Sensibilisierungsmaßnahmen für Mitarbeitenden SOLLTEN regelmäßig wiederholt werden.;"Ja, Mitarbeitende müssen speziell geschult werden. Gemäß den Anforderungen des IT-Grundschutzes müssen Mitarbeitende regelmäßig geschult und weitergebildet werden, um sicherzustellen, dass sie über den aktuellen Wissensstand verfügen. Dies gilt insbesondere für Bereiche, in denen spezifische Qualifikationen erforderlich sind. Zudem sollten Mitarbeitende im Notfallmanagement regelmäßig geschult werden, um die notwendigen Kompetenzen aufzubauen. Auch bei der Telearbeit müssen Mitarbeitende für die damit verbundenen Gefahren sensibilisiert und in die entsprechenden Sicherheitsmaßnahmen eingewiesen werden. Neue Mitarbeitende müssen zu Beginn ihrer Beschäftigung in ihre Aufgaben eingearbeitet und über bestehende Regelungen informiert werden. Stabsmitglieder müssen für ihre Aufgaben im Notfall befähigt werden, wobei der Schulungsbedarf von der Erfahrung der Personen abhängt. Besonders exponierte Personen sollten vertiefende Schulungen erhalten, um sich auf mögliche Gefährdungen vorzubereiten.

Quelle: Qualifikation des Personals (S.1-2)
Quelle: Integration der Mitarbeitenden in den Notfallmanagement-Prozess (S.2-3)
Quelle: Sensibilisierung und Schulung der Mitarbeitenden (S.3)
Quelle: Geregelte Einarbeitung neuer Mitarbeitender (S.3-4)
Quelle: Spezielle Schulung von exponierten Personen und Institutionen (S.4)

Anschlussfragen:
1. Welche konkreten Schulungsinhalte sind für Mitarbeitende im Notfallmanagement erforderlich?
2. Wie können Schulungen und Sensibilisierungsmaßnahmen für Telearbeitende gestaltet werden?
3. Welche Maßnahmen sollten ergriffen werden, um die regelmäßige Weiterbildung der Mitarbeitenden sicherzustellen?";"Ja, Mitarbeitende müssen speziell geschult werden. Gemäß den Anforderungen des IT-Grundschutzes müssen Mitarbeitende regelmäßig geschult und weitergebildet werden, um sicherzustellen, dass sie über den aktuellen Wissensstand verfügen. Dies gilt insbesondere für Bereiche, in denen spezifische Qualifikationen erforderlich sind. Zudem sollten Mitarbeitende im Notfallmanagement regelmäßig geschult werden, um die notwendigen Kompetenzen aufzubauen. Auch bei der Telearbeit müssen Mitarbeitende für die damit verbundenen Gefahren sensibilisiert und in die entsprechenden Sicherheitsmaßnahmen eingewiesen werden. Neue Mitarbeitende müssen zu Beginn ihrer Beschäftigung in ihre Aufgaben eingearbeitet und über bestehende Regelungen informiert werden. Stabsmitglieder müssen für ihre Aufgaben im Notfall befähigt werden, wobei der Schulungsbedarf von der Erfahrung der Personen abhängt. Besonders exponierte Personen sollten vertiefende Schulungen erhalten, um sich auf mögliche Gefährdungen vorzubereiten.

Quelle: Qualifikation des Personals (S.1-2)
Quelle: Integration der Mitarbeitenden in den Notfallmanagement-Prozess (S.2-3)
Quelle: Sensibilisierung und Schulung der Mitarbeitenden (S.3)
Quelle: Geregelte Einarbeitung neuer Mitarbeitender (S.3-4)
Quelle: Spezielle Schulung von exponierten Personen und Institutionen (S.4)";"1. Welche konkreten Schulungsinhalte sind für Mitarbeitende im Notfallmanagement erforderlich?
2. Wie können Schulungen und Sensibilisierungsmaßnahmen für Telearbeitende gestaltet werden?
3. Welche Maßnahmen sollten ergriffen werden, um die regelmäßige Weiterbildung der Mitarbeitenden sicherzustellen?";3;3;0.9583333333173611;1.0;1.0;0.5417562608671851;Welche konkreten Schulungsinhalte sind für Mitarbeitende im Notfallmanagement erforderlich?;2;2;Direkte Schulungsinhalte;Wie können Schulungen und Sensibilisierungsmaßnahmen für Telearbeitende gestaltet werden?;2;2;Direkte Abdeckung durch IT-Grundschutz;Welche Maßnahmen sollten ergriffen werden, um die regelmäßige Weiterbildung der Mitarbeitenden sicherzustellen?;2;2;Direkte Bezug auf Schulung;2.0;2.0
Muss es ein eigenes Sicherheitskonzept für Telearbeit geben?;"Es SOLLTE ein Sicherheitskonzept für die Telearbeit erstellt werden, das Sicherheitsziele, Schutzbedarf, Sicherheitsanforderungen sowie Risiken beschreibt Quelle: OPS.1.2.4.A6 (S). Dieses Konzept SOLLTE regelmäßig aktualisiert und überarbeitet werden und auf das übergreifende Sicherheitskonzept der Institution abgestimmt werden Quelle: OPS.1.2.4.A6 (S).

Anschlussfragen:
1. Wie sollten die Sicherheitsanforderungen an die Infrastruktur des Telearbeitsplatzes berücksichtigt werden?
2. Welche Rolle spielt die Kommunikationsverbindung zwischen Telearbeitsrechnern und Institution bei der Telearbeit?
3. Wie können die IT-Systeme für die Telearbeit konfiguriert und abgesichert werden?";Es SOLLTE ein Sicherheitskonzept für die Telearbeit erstellt werden, das Sicherheitsziele, Schutzbedarf, Sicherheitsanforderungen sowie Risiken beschreibt Quelle: OPS.1.2.4.A6 (S). Dieses Konzept SOLLTE regelmäßig aktualisiert und überarbeitet werden und auf das übergreifende Sicherheitskonzept der Institution abgestimmt werden Quelle: OPS.1.2.4.A6 (S).;OPS.1.2.4.A6 Erstellen eines Sicherheitskonzeptes für Telearbeit (S) Es SOLLTE ein Sicherheitskonzept für die Telearbeit erstellt werden, das Sicherheitsziele, Schutzbedarf, Sicherheitsanforderungen sowie Risiken beschreibt. Das Konzept SOLLTE regelmäßig aktualisiert und überarbeitet werden. Das Sicherheitskonzept zur Telearbeit SOLLTE auf das übergreifende Sicherheitskonzept der Institution abgestimmt werden.;"Ja, es SOLLTE ein eigenes Sicherheitskonzept für die Telearbeit erstellt werden. Dieses Konzept SOLLTE Sicherheitsziele, Schutzbedarf, Sicherheitsanforderungen sowie Risiken beschreiben und regelmäßig aktualisiert werden. Zudem SOLLTE es auf das übergreifende Sicherheitskonzept der Institution abgestimmt werden. Quelle: Telearbeit (S.1-2)

Anschlussfragen:
1. Welche spezifischen Sicherheitsanforderungen müssen für Telearbeitsplätze festgelegt werden?
2. Wie kann sichergestellt werden, dass nur autorisierte Personen Zugang zu den Telearbeitsrechnern haben?
3. Welche Maßnahmen sind erforderlich, um die Infrastruktur eines häuslichen Arbeitsplatzes sicher aufzubauen und zu betreiben?";Ja, es SOLLTE ein eigenes Sicherheitskonzept für die Telearbeit erstellt werden. Dieses Konzept SOLLTE Sicherheitsziele, Schutzbedarf, Sicherheitsanforderungen sowie Risiken beschreiben und regelmäßig aktualisiert werden. Zudem SOLLTE es auf das übergreifende Sicherheitskonzept der Institution abgestimmt werden. Quelle: Telearbeit (S.1-2);"1. Welche spezifischen Sicherheitsanforderungen müssen für Telearbeitsplätze festgelegt werden?
2. Wie kann sichergestellt werden, dass nur autorisierte Personen Zugang zu den Telearbeitsrechnern haben?
3. Welche Maßnahmen sind erforderlich, um die Infrastruktur eines häuslichen Arbeitsplatzes sicher aufzubauen und zu betreiben?";3;3;0.8874999999778125;1.0;1.0;0.9305993102368251;Welche spezifischen Sicherheitsanforderungen müssen für Telearbeitsplätze festgelegt werden?;2;2;Direkte Sicherheitsanforderungen;Wie kann sichergestellt werden, dass nur autorisierte Personen Zugang zu den Telearbeitsrechnern haben?;2;2;Direkt abgedeckt in IT-Grundschutz;Welche Maßnahmen sind erforderlich, um die Infrastruktur eines häuslichen Arbeitsplatzes sicher aufzubauen und zu betreiben?;2;2;Direkte Maßnahmen für sicheren Aufbau;2.0;2.0
Wie soll die Nutzung von Internet und Kommunikationsmitteln geregelt werden?;"Die Nutzung von Internet und Kommunikationsmitteln bei der Telearbeit SOLLTE klar geregelt werden, um Missbrauch zu vermeiden. Die dienstliche und private Nutzung von Internetdiensten SOLLTE geregelt werden, einschließlich der Klärung, ob eine private Nutzung generell erlaubt oder unterbunden wird Quelle: OPS.1.2.4.A7 (S). 

Anschlussfragen:
1. Wie können die Kommunikationsmöglichkeiten bei der Telearbeit unter welchen Rahmenbedingungen genutzt werden?
2. Welche Rolle spielt die Datensicherung bei der Telearbeit, wenn Daten nicht unmittelbar auf IT-Systemen der Institution gespeichert werden?
3. Wie können die Sicherheitsanforderungen an die Infrastruktur des Telearbeitsplatzes berücksichtigt werden?";Die Nutzung von Internet und Kommunikationsmitteln bei der Telearbeit SOLLTE klar geregelt werden, um Missbrauch zu vermeiden. Die dienstliche und private Nutzung von Internetdiensten SOLLTE geregelt werden, einschließlich der Klärung, ob eine private Nutzung generell erlaubt oder unterbunden wird Quelle: OPS.1.2.4.A7 (S).;OPS.1.2.4.A7 Regelung der Nutzung von Kommunikationsmöglichkeiten bei Telearbeit (S) [IT-Betrieb, Mitarbeitende] Es SOLLTE klar geregelt werden, welche Kommunikationsmöglichkeiten bei der Telearbeit unter welchen Rahmenbedingungen genutzt werden dürfen. Die dienstliche und private Nutzung von Internetdiensten bei der Telearbeit SOLLTE geregelt werden. Dabei SOLLTE auch geklärt werden, ob eine private Nutzung generell erlaubt oder unterbunden wird.;"Die Nutzung von Internet und Kommunikationsmitteln sollte durch verschiedene Richtlinien und Strategien geregelt werden, um die Sicherheit und den kontrollierten Einsatz zu gewährleisten. Hier sind die relevanten Maßnahmen:

1. **Richtlinie für Smartphones und Tablets**:
   - Es MUSS eine generelle Richtlinie für die Nutzung und Kontrolle von Smartphones und Tablets festgelegt werden, die regelt, wer auf welche Informationen zugreifen darf. Quelle: Festlegung einer Richtlinie für den Einsatz von Smartphones und Tablets (S.1-2)

2. **Nutzungsrichtlinie für WLAN**:
   - Eine WLAN-Nutzungsrichtlinie MUSS die wesentlichen Kernaspekte für eine sichere WLAN-Nutzung konkretisieren, einschließlich der Beschreibung, ob und wie Hotspots genutzt werden dürfen. Die Richtlinie MUSS auch festlegen, welche Daten im WLAN genutzt und übertragen werden dürfen. Quelle: Erstellung einer Nutzungsrichtlinie für WLAN (S.2-4)

3. **Firewall-Regeln**:
   - Die gesamte Kommunikation MUSS über die Firewall geleitet werden, und es MUSS sichergestellt sein, dass keine unerlaubten Verbindungen in das geschützte Netz aufgebaut werden können. Es MÜSSEN eindeutige Regeln definiert werden, die festlegen, welche Kommunikationsverbindungen und Datenströme zugelassen werden. Quelle: Festlegen der Firewall-Regeln (S.4-6)

4. **NAC-Regelwerk**:
   - Für die NAC-Lösung SOLLTE ein NAC-Regelwerk definiert werden, das festlegt, wie Endgeräte auf das Netz zugreifen dürfen. Es SOLLTE auch festgelegt werden, auf welcher Basis die Zugangskontrolle erfolgt und welche Authentisierungsmethoden genutzt werden. Quelle: Festlegung eines angepassten NAC-Regelwerkes (S.6-7)

5. **Cloud-Nutzung**:
   - Die Institution MUSS eine generelle Strategie für die Cloud-Nutzung festlegen, die regelt, ob und in welchem Umfang Cloud-Dienste bei privater Nutzung der Geräte erlaubt sind. Die Benutzenden MÜSSEN regelmäßig sensibilisiert werden. Quelle: Festlegung einer Strategie für die Cloud-Nutzung (S.8-9)

6. **Internetzugang**:
   - Der Internetverkehr MUSS über die Firewall-Struktur geführt werden, und die Datenflüsse MÜSSEN auf die benötigten Protokolle und Kommunikationsbeziehungen eingeschränkt werden. Quelle: Grundlegende Absicherung des Internetzugangs (S.9)

7. **WLAN-Strategie**:
   - Es MUSS eine Strategie für den Einsatz von WLANs festgelegt werden, die regelt, in welchen Organisationseinheiten und für welche Anwendungen WLANs eingesetzt werden dürfen. Quelle: Festlegung einer Strategie für den Einsatz von WLANs (S.10-11)

Anschlussfragen:
1. Welche spezifischen Maßnahmen sollten in der Richtlinie für Smartphones und Tablets festgelegt werden, um den Zugriff auf sensible Informationen zu schützen?
2. Wie kann die Firewall-Struktur so konfiguriert werden, dass sie den Internetverkehr effektiv schützt und gleichzeitig die benötigten Kommunikationsbeziehungen ermöglicht?
3. Welche Authentisierungsmethoden sind für die Zugangskontrolle in einem NAC-Regelwerk am besten geeignet, und wie können sie implementiert werden?";"Die Nutzung von Internet und Kommunikationsmitteln sollte durch verschiedene Richtlinien und Strategien geregelt werden, um die Sicherheit und den kontrollierten Einsatz zu gewährleisten. Hier sind die relevanten Maßnahmen:

1. **Richtlinie für Smartphones und Tablets**:
   - Es MUSS eine generelle Richtlinie für die Nutzung und Kontrolle von Smartphones und Tablets festgelegt werden, die regelt, wer auf welche Informationen zugreifen darf. Quelle: Festlegung einer Richtlinie für den Einsatz von Smartphones und Tablets (S.1-2)

2. **Nutzungsrichtlinie für WLAN**:
   - Eine WLAN-Nutzungsrichtlinie MUSS die wesentlichen Kernaspekte für eine sichere WLAN-Nutzung konkretisieren, einschließlich der Beschreibung, ob und wie Hotspots genutzt werden dürfen. Die Richtlinie MUSS auch festlegen, welche Daten im WLAN genutzt und übertragen werden dürfen. Quelle: Erstellung einer Nutzungsrichtlinie für WLAN (S.2-4)

3. **Firewall-Regeln**:
   - Die gesamte Kommunikation MUSS über die Firewall geleitet werden, und es MUSS sichergestellt sein, dass keine unerlaubten Verbindungen in das geschützte Netz aufgebaut werden können. Es MÜSSEN eindeutige Regeln definiert werden, die festlegen, welche Kommunikationsverbindungen und Datenströme zugelassen werden. Quelle: Festlegen der Firewall-Regeln (S.4-6)

4. **NAC-Regelwerk**:
   - Für die NAC-Lösung SOLLTE ein NAC-Regelwerk definiert werden, das festlegt, wie Endgeräte auf das Netz zugreifen dürfen. Es SOLLTE auch festgelegt werden, auf welcher Basis die Zugangskontrolle erfolgt und welche Authentisierungsmethoden genutzt werden. Quelle: Festlegung eines angepassten NAC-Regelwerkes (S.6-7)

5. **Cloud-Nutzung**:
   - Die Institution MUSS eine generelle Strategie für die Cloud-Nutzung festlegen, die regelt, ob und in welchem Umfang Cloud-Dienste bei privater Nutzung der Geräte erlaubt sind. Die Benutzenden MÜSSEN regelmäßig sensibilisiert werden. Quelle: Festlegung einer Strategie für die Cloud-Nutzung (S.8-9)

6. **Internetzugang**:
   - Der Internetverkehr MUSS über die Firewall-Struktur geführt werden, und die Datenflüsse MÜSSEN auf die benötigten Protokolle und Kommunikationsbeziehungen eingeschränkt werden. Quelle: Grundlegende Absicherung des Internetzugangs (S.9)

7. **WLAN-Strategie**:
   - Es MUSS eine Strategie für den Einsatz von WLANs festgelegt werden, die regelt, in welchen Organisationseinheiten und für welche Anwendungen WLANs eingesetzt werden dürfen. Quelle: Festlegung einer Strategie für den Einsatz von WLANs (S.10-11)";"1. Welche spezifischen Maßnahmen sollten in der Richtlinie für Smartphones und Tablets festgelegt werden, um den Zugriff auf sensible Informationen zu schützen?
2. Wie kann die Firewall-Struktur so konfiguriert werden, dass sie den Internetverkehr effektiv schützt und gleichzeitig die benötigten Kommunikationsbeziehungen ermöglicht?
3. Welche Authentisierungsmethoden sind für die Zugangskontrolle in einem NAC-Regelwerk am besten geeignet, und wie können sie implementiert werden?";3;3;0.0;0.75;1.0;0.33935569718133163;Welche spezifischen Maßnahmen sollten in der Richtlinie für Smartphones und Tablets festgelegt werden, um den Zugriff auf sensible Informationen zu schützen?;2;2;Direkte Regelungen;Wie kann die Firewall-Struktur so konfiguriert werden, dass sie den Internetverkehr effektiv schützt und gleichzeitig die benötigten Kommunikationsbeziehungen ermöglicht?;2;2;Direkte Firewall-Konfiguration;Welche Authentisierungsmethoden sind für die Zugangskontrolle in einem NAC-Regelwerk am besten geeignet, und wie können sie implementiert werden?;2;2;Direkte Relevanz zu NAC-Regelwerk;2.0;2.0
Wie wird sichergestellt, dass Telearbeitende gut informiert bleiben?;"Um sicherzustellen, dass Telearbeitende gut informiert bleiben, SOLLTE ein regelmäßiger innerbetrieblicher Informationsaustausch zwischen den Mitarbeitenden und der Institution gewährleistet sein Quelle: OPS.1.2.4.A8 (S). Alle Mitarbeitenden SOLLTEN zeitnah über geänderte Sicherheitsanforderungen und andere sicherheitsrelevante Aspekte informiert werden Quelle: OPS.1.2.4.A8 (S). 

Anschlussfragen:
1. Wie werden technische und organisatorische Telearbeitsregelungen zur Aufgabenbewältigung und zu Sicherheitsvorfällen geregelt und kommuniziert?
2. Welche Rolle spielt die sichere Telekommunikationsverbindung zwischen dem Telearbeitsplatz und der Institution bei der Informationsübermittlung?
3. Wie werden Anforderungen an die Datensicherung bei der Telearbeit geregelt, wenn Daten nicht unmittelbar auf IT-Systemen der Institution gespeichert werden?";Um sicherzustellen, dass Telearbeitende gut informiert bleiben, SOLLTE ein regelmäßiger innerbetrieblicher Informationsaustausch zwischen den Mitarbeitenden und der Institution gewährleistet sein Quelle: OPS.1.2.4.A8 (S). Alle Mitarbeitenden SOLLTEN zeitnah über geänderte Sicherheitsanforderungen und andere sicherheitsrelevante Aspekte informiert werden Quelle: OPS.1.2.4.A8 (S).;OPS.1.2.4.A8 Informationsfluss zwischen Mitarbeitenden und Institution (S) [Vorgesetzte, Mitarbeitende] Ein regelmäßiger innerbetrieblicher Informationsaustausch zwischen den Mitarbeitenden und der Institution SOLLTE gewährleistet sein. Alle Mitarbeitenden SOLLTEN zeitnah über geänderte Sicherheitsanforderungen und andere sicherheitsrelevante Aspekte informiert werden. Allen Kollegen und Kolleginnen der jeweiligen Mitarbeitenden SOLLTE bekannt sein, wann und wo diese erreicht werden können. Technische und organisatorische Telearbeitsregelungen zur Aufgabenbewältigung, zu Sicherheitsvorfällen und sonstigen Problemen SOLLTEN geregelt und an die Mitarbeitenden kommuniziert werden.;"Um sicherzustellen, dass Telearbeitende gut informiert bleiben, müssen verschiedene Maßnahmen ergriffen werden:

1. **Sensibilisierung und Schulung**: Die Mitarbeitenden müssen für die Gefahren der Telearbeit sensibilisiert und in die Sicherheitsmaßnahmen der Institution eingewiesen werden. Diese Schulungen müssen regelmäßig wiederholt werden, um das Bewusstsein für Informationssicherheit aufrechtzuerhalten. Quelle: Sensibilisierung und Schulung der Mitarbeitenden (S.1-2)

2. **Organisatorische Absprachen**: Es müssen klare Regelungen und Handlungsanweisungen für den Telearbeitsplatz getroffen werden, insbesondere für den Umgang mit sicherheitsrelevanten Vorkommnissen. Dies umfasst auch die Einbindung der Mitarbeitenden in den Informationsfluss, um sicherzustellen, dass sie keine wichtigen Informationen verpassen. Quelle: Fehlende oder unzureichende Regelungen für den Telearbeitsplatz (S.3)

3. **Kommunikation und Erreichbarkeit**: Es sollten feste Zeiten vereinbart werden, zu denen die Telearbeitenden erreichbar sein müssen, um Verzögerungen im Arbeitsablauf zu vermeiden. Zudem sollten sie zeitnah über relevante Informationen informiert werden, um eine gleichberechtigte Teilnahme am Informationsaustausch zu gewährleisten. Quelle: Verzögerungen durch temporär eingeschränkte Erreichbarkeit der Mitarbeitenden (S.3) und Sensibilisierung und Schulung der Mitarbeitenden im Umgang mit Mobiltelefonen (S.4)

4. **Einhaltung von Sicherheitsmaßnahmen**: Die Mitarbeitenden müssen darauf hingewiesen werden, die empfohlenen Sicherheitsmaßnahmen auch am Telearbeitsplatz zu beachten, um die Informationssicherheit zu gewährleisten. Quelle: Nichtbeachtung von Sicherheitsmaßnahmen (S.4)

Anschlussfragen:
1. Welche konkreten Schulungsinhalte werden für Telearbeitende empfohlen?
2. Wie können feste Erreichbarkeitszeiten für Telearbeitende festgelegt und überwacht werden?
3. Welche Maßnahmen können ergriffen werden, um sicherzustellen, dass Telearbeitende in den Informationsfluss eingebunden bleiben?";"Um sicherzustellen, dass Telearbeitende gut informiert bleiben, müssen verschiedene Maßnahmen ergriffen werden:

1. **Sensibilisierung und Schulung**: Die Mitarbeitenden müssen für die Gefahren der Telearbeit sensibilisiert und in die Sicherheitsmaßnahmen der Institution eingewiesen werden. Diese Schulungen müssen regelmäßig wiederholt werden, um das Bewusstsein für Informationssicherheit aufrechtzuerhalten. Quelle: Sensibilisierung und Schulung der Mitarbeitenden (S.1-2)

2. **Organisatorische Absprachen**: Es müssen klare Regelungen und Handlungsanweisungen für den Telearbeitsplatz getroffen werden, insbesondere für den Umgang mit sicherheitsrelevanten Vorkommnissen. Dies umfasst auch die Einbindung der Mitarbeitenden in den Informationsfluss, um sicherzustellen, dass sie keine wichtigen Informationen verpassen. Quelle: Fehlende oder unzureichende Regelungen für den Telearbeitsplatz (S.3)

3. **Kommunikation und Erreichbarkeit**: Es sollten feste Zeiten vereinbart werden, zu denen die Telearbeitenden erreichbar sein müssen, um Verzögerungen im Arbeitsablauf zu vermeiden. Zudem sollten sie zeitnah über relevante Informationen informiert werden, um eine gleichberechtigte Teilnahme am Informationsaustausch zu gewährleisten. Quelle: Verzögerungen durch temporär eingeschränkte Erreichbarkeit der Mitarbeitenden (S.3) und Sensibilisierung und Schulung der Mitarbeitenden im Umgang mit Mobiltelefonen (S.4)

4. **Einhaltung von Sicherheitsmaßnahmen**: Die Mitarbeitenden müssen darauf hingewiesen werden, die empfohlenen Sicherheitsmaßnahmen auch am Telearbeitsplatz zu beachten, um die Informationssicherheit zu gewährleisten. Quelle: Nichtbeachtung von Sicherheitsmaßnahmen (S.4)";"1. Welche konkreten Schulungsinhalte werden für Telearbeitende empfohlen?
2. Wie können feste Erreichbarkeitszeiten für Telearbeitende festgelegt und überwacht werden?
3. Welche Maßnahmen können ergriffen werden, um sicherzustellen, dass Telearbeitende in den Informationsfluss eingebunden bleiben?";3;3;0.49999999995;1.0;0.8571428571428571;0.41307773607468934;Welche konkreten Schulungsinhalte werden für Telearbeitende empfohlen?;1;2;Teilweise abgedeckt;Wie können feste Erreichbarkeitszeiten für Telearbeitende festgelegt und überwacht werden?;1;2;Telearbeit und Erreichbarkeit;Welche Maßnahmen können ergriffen werden, um sicherzustellen, dass Telearbeitende in den Informationsfluss eingebunden bleiben?;2;2;Direkte Relevanz zu Telearbeit;1.333;2.0
Was muss zur Einrichtung eines Telearbeitsplatzes beachtet werden?;"Bevor ein Telearbeitsplatz eingerichtet wird, SOLLTE eine Anforderungsanalyse durchgeführt werden, um die benötigten Hard- und Software-Komponenten zu bestimmen Quelle: OPS.1.2.4.A10 (S). Die Anforderungen an den jeweiligen Telearbeitsplatz SOLLTEN mit den IT-Verantwortlichen abgestimmt werden Quelle: OPS.1.2.4.A10 (S). Es SOLLTE immer festgestellt und dokumentiert werden, welchen Schutzbedarf die am Telearbeitsplatz verarbeiteten Informationen haben Quelle: OPS.1.2.4.A10 (S).

Anschlussfragen:
1. Wie sollten die Anforderungen an den Telearbeitsplatz mit den IT-Verantwortlichen abgestimmt werden?
2. Welche Rolle spielt die Anforderungsanalyse bei der Einrichtung eines Telearbeitsplatzes?
3. Wie können die Sicherheitsanforderungen an die Infrastruktur des Telearbeitsplatzes berücksichtigt werden?";Bevor ein Telearbeitsplatz eingerichtet wird, SOLLTE eine Anforderungsanalyse durchgeführt werden, um die benötigten Hard- und Software-Komponenten zu bestimmen Quelle: OPS.1.2.4.A10 (S). Die Anforderungen an den jeweiligen Telearbeitsplatz SOLLTEN mit den IT-Verantwortlichen abgestimmt werden Quelle: OPS.1.2.4.A10 (S). Es SOLLTE immer festgestellt und dokumentiert werden, welchen Schutzbedarf die am Telearbeitsplatz verarbeiteten Informationen haben Quelle: OPS.1.2.4.A10 (S).;OPS.1.2.4.A10 Durchführung einer Anforderungsanalyse für den Telearbeitsplatz (S) [IT-Betrieb] Bevor ein Telearbeitsplatz eingerichtet wird, SOLLTE eine Anforderungsanalyse durchgeführt werden. Daraus SOLLTE z. B. hervorgehen, welche Hard- und Software-Komponenten für den Telearbeitsplatz benötigt werden. Die Anforderungen an den jeweiligen Telearbeitsplatz SOLLTEN mit den ITVerantwortlichen abgestimmt werden. Es SOLLTE immer festgestellt und dokumentiert werden, welchen Schutzbedarf die am Telearbeitsplatz verarbeiteten Informationen haben.;"Zur Einrichtung eines Telearbeitsplatzes müssen folgende Punkte beachtet werden:

1. **Organisatorische Absprachen und Regelungen**:
   - Es müssen ergänzende organisatorische Absprachen zwischen den Mitarbeitenden und den Führungskräften getroffen werden.
   - Handlungsanweisungen für sicherheitsrelevante Vorkommnisse am Telearbeitsplatz müssen festgelegt werden.
   - Feste Arbeitszeiten und Erreichbarkeitszeiten sollten vereinbart werden, um Verzögerungen im Arbeitsablauf zu vermeiden.
   - Die Mitarbeitenden müssen in den Informationsfluss eingebunden werden, um sicherzustellen, dass sie alle relevanten Informationen erhalten.
   - Sicherheitsmaßnahmen müssen beachtet und umgesetzt werden, um den Schutz der Informationen zu gewährleisten.
   Quelle: Fehlende oder unzureichende Regelungen für den Telearbeitsplatz (S. 1-2)

2. **Sicherheitstechnische Anforderungen an den Telearbeitsrechner**:
   - Es müssen sicherheitstechnische Anforderungen festgelegt werden, die ein IT-System für die Telearbeit erfüllen muss.
   - Nur autorisierte Personen dürfen Zugang zu den Telearbeitsrechnern haben.
   - Der Telearbeitsrechner muss so abgesichert werden, dass er nur für autorisierte Zwecke benutzt werden kann.
   Quelle: Sicherheitstechnische Anforderungen an den Telearbeitsrechner (S. 3)

3. **Sicherheitskonzept für Telearbeit**:
   - Es sollte ein Sicherheitskonzept für die Telearbeit erstellt werden, das Sicherheitsziele, Schutzbedarf, Sicherheitsanforderungen sowie Risiken beschreibt.
   - Das Sicherheitskonzept sollte regelmäßig aktualisiert und überarbeitet werden.
   - Das Sicherheitskonzept zur Telearbeit sollte auf das übergreifende Sicherheitskonzept der Institution abgestimmt werden.
   Quelle: Erstellen eines Sicherheitskonzeptes für Telearbeit (S. 4)

4. **Infrastruktur des Telearbeitsplatzes**:
   - Die Infrastruktur eines häuslichen Arbeitsplatzes muss sicher aufgebaut und betrieben werden.
   - Es müssen Maßnahmen ergriffen werden, um ein Sicherheitsniveau zu erreichen, das mit einem Büroraum vergleichbar ist.
   - Die berufliche Umgebung muss hinreichend von der privaten getrennt sein.
   - Arbeitsmedizinische und ergonomische Bestimmungen müssen erfüllt sein.
   Quelle: Häuslicher Arbeitsplatz (S. 1-2)

5. **Kommunikationsverbindung**:
   - Es wird davon ausgegangen, dass zwischen dem Telearbeitsplatz und der Institution eine sichere Telekommunikationsverbindung besteht.
   - Die Anforderungen umfassen die Kommunikationsverbindung zwischen Telearbeitsrechnern und Institution.
   Quelle: Abgrenzung und Modellierung (S. 1)

Anschlussfragen:
1. Welche spezifischen sicherheitstechnischen Anforderungen müssen an den Telearbeitsrechner gestellt werden?
2. Wie kann die Einbindung der Mitarbeitenden in den Informationsfluss sichergestellt werden?
3. Welche Maßnahmen sind erforderlich, um die Infrastruktur eines häuslichen Arbeitsplatzes sicher aufzubauen und zu betreiben?";"Zur Einrichtung eines Telearbeitsplatzes müssen folgende Punkte beachtet werden:

1. **Organisatorische Absprachen und Regelungen**:
   - Es müssen ergänzende organisatorische Absprachen zwischen den Mitarbeitenden und den Führungskräften getroffen werden.
   - Handlungsanweisungen für sicherheitsrelevante Vorkommnisse am Telearbeitsplatz müssen festgelegt werden.
   - Feste Arbeitszeiten und Erreichbarkeitszeiten sollten vereinbart werden, um Verzögerungen im Arbeitsablauf zu vermeiden.
   - Die Mitarbeitenden müssen in den Informationsfluss eingebunden werden, um sicherzustellen, dass sie alle relevanten Informationen erhalten.
   - Sicherheitsmaßnahmen müssen beachtet und umgesetzt werden, um den Schutz der Informationen zu gewährleisten.
   Quelle: Fehlende oder unzureichende Regelungen für den Telearbeitsplatz (S. 1-2)

2. **Sicherheitstechnische Anforderungen an den Telearbeitsrechner**:
   - Es müssen sicherheitstechnische Anforderungen festgelegt werden, die ein IT-System für die Telearbeit erfüllen muss.
   - Nur autorisierte Personen dürfen Zugang zu den Telearbeitsrechnern haben.
   - Der Telearbeitsrechner muss so abgesichert werden, dass er nur für autorisierte Zwecke benutzt werden kann.
   Quelle: Sicherheitstechnische Anforderungen an den Telearbeitsrechner (S. 3)

3. **Sicherheitskonzept für Telearbeit**:
   - Es sollte ein Sicherheitskonzept für die Telearbeit erstellt werden, das Sicherheitsziele, Schutzbedarf, Sicherheitsanforderungen sowie Risiken beschreibt.
   - Das Sicherheitskonzept sollte regelmäßig aktualisiert und überarbeitet werden.
   - Das Sicherheitskonzept zur Telearbeit sollte auf das übergreifende Sicherheitskonzept der Institution abgestimmt werden.
   Quelle: Erstellen eines Sicherheitskonzeptes für Telearbeit (S. 4)

4. **Infrastruktur des Telearbeitsplatzes**:
   - Die Infrastruktur eines häuslichen Arbeitsplatzes muss sicher aufgebaut und betrieben werden.
   - Es müssen Maßnahmen ergriffen werden, um ein Sicherheitsniveau zu erreichen, das mit einem Büroraum vergleichbar ist.
   - Die berufliche Umgebung muss hinreichend von der privaten getrennt sein.
   - Arbeitsmedizinische und ergonomische Bestimmungen müssen erfüllt sein.
   Quelle: Häuslicher Arbeitsplatz (S. 1-2)

5. **Kommunikationsverbindung**:
   - Es wird davon ausgegangen, dass zwischen dem Telearbeitsplatz und der Institution eine sichere Telekommunikationsverbindung besteht.
   - Die Anforderungen umfassen die Kommunikationsverbindung zwischen Telearbeitsrechnern und Institution.
   Quelle: Abgrenzung und Modellierung (S. 1)";"1. Welche spezifischen sicherheitstechnischen Anforderungen müssen an den Telearbeitsrechner gestellt werden?
2. Wie kann die Einbindung der Mitarbeitenden in den Informationsfluss sichergestellt werden?
3. Welche Maßnahmen sind erforderlich, um die Infrastruktur eines häuslichen Arbeitsplatzes sicher aufzubauen und zu betreiben?";3;3;0.8666666666377778;0.8;1.0;0.19177414654946254;Welche spezifischen sicherheitstechnischen Anforderungen müssen an den Telearbeitsrechner gestellt werden?;2;2;Direkte sicherheitstechnische Anforderungen;Wie kann die Einbindung der Mitarbeitenden in den Informationsfluss sichergestellt werden?;1;1;Teilweise abgedeckt;Welche Maßnahmen sind erforderlich, um die Infrastruktur eines häuslichen Arbeitsplatzes sicher aufzubauen und zu betreiben?;2;2;Direkte Maßnahmen zur sicheren Infrastruktur;1.667;1.667
Wie werden Wartung und Support für Telearbeitsplätze organisiert?;"Für Telearbeitsplätze SOLLTE ein spezielles Betreuungs- und Wartungskonzept erstellt werden, das Aspekte wie Kontaktperson des IT-Betriebs, Wartungstermine, Fernwartung, Transport der IT-Geräte und Einführung von Standard-Telearbeitsrechnern regelt Quelle: OPS.1.2.4.A9 (S). Damit die Mitarbeitenden einsatzfähig bleiben, SOLLTEN für sie Kontaktpersonen für Hard- und Softwareprobleme benannt werden Quelle: OPS.1.2.4.A9 (S). 

Anschlussfragen:
1. Wie werden die Kommunikationsverbindungen zwischen Telearbeitsrechnern und Institution abgesichert?
2. Welche Rolle spielt der Baustein INF.8 Häuslicher Arbeitsplatz bei der Sicherheit des Telearbeitsplatzes?
3. Wie werden Datensicherungen für bei der Telearbeit veränderte Daten gehandhabt, wenn sie nicht unmittelbar auf IT-Systemen der Institution gespeichert werden?";Für Telearbeitsplätze SOLLTE ein spezielles Betreuungs- und Wartungskonzept erstellt werden, das Aspekte wie Kontaktperson des IT-Betriebs, Wartungstermine, Fernwartung, Transport der IT-Geräte und Einführung von Standard-Telearbeitsrechnern regelt Quelle: OPS.1.2.4.A9 (S). Damit die Mitarbeitenden einsatzfähig bleiben, SOLLTEN für sie Kontaktpersonen für Hard- und Softwareprobleme benannt werden Quelle: OPS.1.2.4.A9 (S).;OPS.1.2.4.A9 Betreuungs- und Wartungskonzept für Telearbeitsplätze (S) [ITBetrieb, Mitarbeitende] Für Telearbeitsplätze SOLLTE ein spezielles Betreuungs- und Wartungskonzept erstellt werden. Darin SOLLTEN folgende Aspekte geregelt werden: Kontaktperson des IT-Betriebs, Wartungstermine, Fernwartung, Transport der IT-Geräte und Einführung von Standard-Telearbeitsrechnern. Damit die Mitarbeitenden einsatzfähig bleiben, SOLLTEN für sie Kontaktpersonen für Hard- und Softwareprobleme benannt werden.;"Die Organisation von Wartung und Support für Telearbeitsplätze umfasst mehrere Aspekte, die im IT-Grundschutz-Kompendium und den BSI-Standards detailliert beschrieben sind. Hier sind die wichtigsten Punkte:

1. **Wartung von IT-Systemen**:
   - Die Hardware, Firmware, Betriebssysteme und Programme MÜSSEN regelmäßig und bei Bedarf gewartet werden. Diese Wartungsaktivitäten MÜSSEN geplant und in das Änderungsmanagement integriert werden (OPS.1.1.3 Patch- und Änderungsmanagement).
   - Updates durch das herstellende Unternehmen MÜSSEN unter Kontrolle der Betreibenden durchgeführt werden, entweder lokal über Support Elements (SE) oder Hardware Management Console (HMC) oder remote über die Remote Support Facility (RSF) (Quelle: Wartung von Z-Systemen (S. 1)).

2. **Einsatz der Remote Support Facility (RSF)**:
   - Es MUSS entschieden werden, ob und wie RSF eingesetzt wird. Der Einsatz MUSS im Wartungsvertrag vorgesehen und mit dem Hardware-Support abgestimmt sein.
   - Die RSF-Konfiguration MUSS nur von autorisierten Personen geändert werden können. Wartungszugriffe für Firmware-Modifikationen MÜSSEN von Betreibenden explizit freigegeben und nach Beendigung wieder deaktiviert werden.
   - Die RSF-Kommunikation MUSS über Proxy-Server und zusätzlich über gesicherte Verbindungen (wie TLS) stattfinden (Quelle: Einsatz und Sicherung der Remote Support Facility (S. 1)).

3. **Fernwartung**:
   - Der Einsatz der Fernwartung MUSS an die Institution angepasst und bedarfsgerecht geplant werden. Dabei MUSS berücksichtigt werden, welche IT-Systeme ferngewartet werden sollen und wer dafür zuständig ist.
   - Die Fernwartung MUSS hinsichtlich technischer und organisatorischer Aspekte geplant werden (Quelle: Planung des Einsatzes der Fernwartung (S. 1)).

4. **Sicherheitsmaßnahmen**:
   - Es MÜSSEN Maßnahmen ergriffen werden, um ein Sicherheitsniveau zu erreichen, das mit einem Büroraum vergleichbar ist, insbesondere da der häusliche Arbeitsplatz oft für Dritte zugänglich ist (Quelle: Häuslicher Arbeitsplatz (S. 1)).

Anschlussfragen:
1. Welche spezifischen Anforderungen gibt es für die Fernwartung von Servern im Vergleich zu Clients?
2. Wie kann die Kommunikation zwischen Telearbeitsplätzen und der Institution zusätzlich gesichert werden?
3. Welche Rolle spielt das Änderungsmanagement bei der Wartung von Telearbeitsplätzen?";"Die Organisation von Wartung und Support für Telearbeitsplätze umfasst mehrere Aspekte, die im IT-Grundschutz-Kompendium und den BSI-Standards detailliert beschrieben sind. Hier sind die wichtigsten Punkte:

1. **Wartung von IT-Systemen**:
   - Die Hardware, Firmware, Betriebssysteme und Programme MÜSSEN regelmäßig und bei Bedarf gewartet werden. Diese Wartungsaktivitäten MÜSSEN geplant und in das Änderungsmanagement integriert werden (OPS.1.1.3 Patch- und Änderungsmanagement).
   - Updates durch das herstellende Unternehmen MÜSSEN unter Kontrolle der Betreibenden durchgeführt werden, entweder lokal über Support Elements (SE) oder Hardware Management Console (HMC) oder remote über die Remote Support Facility (RSF) (Quelle: Wartung von Z-Systemen (S. 1)).

2. **Einsatz der Remote Support Facility (RSF)**:
   - Es MUSS entschieden werden, ob und wie RSF eingesetzt wird. Der Einsatz MUSS im Wartungsvertrag vorgesehen und mit dem Hardware-Support abgestimmt sein.
   - Die RSF-Konfiguration MUSS nur von autorisierten Personen geändert werden können. Wartungszugriffe für Firmware-Modifikationen MÜSSEN von Betreibenden explizit freigegeben und nach Beendigung wieder deaktiviert werden.
   - Die RSF-Kommunikation MUSS über Proxy-Server und zusätzlich über gesicherte Verbindungen (wie TLS) stattfinden (Quelle: Einsatz und Sicherung der Remote Support Facility (S. 1)).

3. **Fernwartung**:
   - Der Einsatz der Fernwartung MUSS an die Institution angepasst und bedarfsgerecht geplant werden. Dabei MUSS berücksichtigt werden, welche IT-Systeme ferngewartet werden sollen und wer dafür zuständig ist.
   - Die Fernwartung MUSS hinsichtlich technischer und organisatorischer Aspekte geplant werden (Quelle: Planung des Einsatzes der Fernwartung (S. 1)).

4. **Sicherheitsmaßnahmen**:
   - Es MÜSSEN Maßnahmen ergriffen werden, um ein Sicherheitsniveau zu erreichen, das mit einem Büroraum vergleichbar ist, insbesondere da der häusliche Arbeitsplatz oft für Dritte zugänglich ist (Quelle: Häuslicher Arbeitsplatz (S. 1)).";"1. Welche spezifischen Anforderungen gibt es für die Fernwartung von Servern im Vergleich zu Clients?
2. Wie kann die Kommunikation zwischen Telearbeitsplätzen und der Institution zusätzlich gesichert werden?
3. Welche Rolle spielt das Änderungsmanagement bei der Wartung von Telearbeitsplätzen?";3;3;0.2499999999875;0.0;0.9375;0.41521022072267844;Welche spezifischen Anforderungen gibt es für die Fernwartung von Servern im Vergleich zu Clients?;1;1;Teilweise abgedeckt, thematisch verwandt;Wie kann die Kommunikation zwischen Telearbeitsplätzen und der Institution zusätzlich gesichert werden?;1;2;Telearbeit und Kommunikation;Welche Rolle spielt das Änderungsmanagement bei der Wartung von Telearbeitsplätzen?;2;2;Änderungsmanagement bei Wartung;1.333;1.667
Wie wird sichergestellt, dass Telearbeit in das übergreifende Sicherheitskonzept integriert ist?;"Das Sicherheitskonzept für Telearbeit SOLLTE auf das übergreifende Sicherheitskonzept der Institution abgestimmt werden, um sicherzustellen, dass Telearbeit in das übergreifende Sicherheitskonzept integriert ist Quelle: OPS.1.2.4.A6 (S.). Dies geschieht durch die Erstellung eines Sicherheitskonzeptes für die Telearbeit, das Sicherheitsziele, Schutzbedarf, Sicherheitsanforderungen sowie Risiken beschreibt und regelmäßig aktualisiert wird Quelle: OPS.1.2.4.A6 (S.).

Anschlussfragen:
1. Wie werden die Sicherheitsanforderungen an die Infrastruktur des Telearbeitsplatzes berücksichtigt?
2. Welche Rolle spielen die Bausteine INF.8 Häuslicher Arbeitsplatz und INF.9 Mobiler Arbeitsplatz bei der Sicherheit von Telearbeitsplätzen?
3. Wie werden Daten, die bei der Telearbeit verändert wurden, gesichert, wenn sie nicht unmittelbar auf IT-Systemen der Institution gespeichert werden?";Das Sicherheitskonzept für Telearbeit SOLLTE auf das übergreifende Sicherheitskonzept der Institution abgestimmt werden, um sicherzustellen, dass Telearbeit in das übergreifende Sicherheitskonzept integriert ist Quelle: OPS.1.2.4.A6 (S.). Dies geschieht durch die Erstellung eines Sicherheitskonzeptes für die Telearbeit, das Sicherheitsziele, Schutzbedarf, Sicherheitsanforderungen sowie Risiken beschreibt und regelmäßig aktualisiert wird Quelle: OPS.1.2.4.A6 (S.).;"OPS.1.2.4.A6 Erstellen eines Sicherheitskonzeptes für Telearbeit (S) 
Es SOLLTE ein Sicherheitskonzept für die Telearbeit erstellt werden, das Sicherheitsziele, Schutzbedarf, Sicherheitsanforderungen sowie Risiken beschreibt. Das Konzept SOLLTE regelmäßig aktualisiert und überarbeitet werden. Das Sicherheitskonzept zur Telearbeit SOLLTE auf das übergreifende Sicherheitskonzept der Institution abgestimmt werden.";"Um die Integration der Telearbeit in das übergreifende Sicherheitskonzept sicherzustellen, sind folgende Maßnahmen erforderlich:

1. **Erstellung eines Sicherheitskonzepts für Telearbeit**: Es SOLLTE ein Sicherheitskonzept für die Telearbeit erstellt werden, das Sicherheitsziele, Schutzbedarf, Sicherheitsanforderungen sowie Risiken beschreibt. Dieses Konzept SOLLTE regelmäßig aktualisiert und überarbeitet werden. Wichtig ist, dass das Sicherheitskonzept zur Telearbeit auf das übergreifende Sicherheitskonzept der Institution abgestimmt wird, um eine einheitliche Sicherheitsstrategie zu gewährleisten. Quelle: Erstellen eines Sicherheitskonzeptes für Telearbeit (S. 1-2)

2. **Sicherheitstechnische Anforderungen an den Telearbeitsrechner**: Es MÜSSEN sicherheitstechnische Anforderungen festgelegt werden, die ein IT-System für die Telearbeit erfüllen muss. Dazu gehört, dass nur autorisierte Personen Zugang zu den Telearbeitsrechnern haben und dass der Telearbeitsrechner so abgesichert wird, dass er nur für autorisierte Zwecke benutzt werden kann. Quelle: Sicherheitstechnische Anforderungen an den Telearbeitsrechner (S. 2-3)

3. **Organisatorische Absprachen und Handlungsanweisungen**: Die Nutzung eines Telearbeitsplatzes erfordert ergänzende organisatorische Absprachen zwischen den Mitarbeitenden und den Führungskräften. Es brauchen Handlungsanweisungen für den Fall, dass sicherheitsrelevante Vorkommnisse am Telearbeitsplatz eintreten. Quelle: Fehlende oder unzureichende Regelungen für den Telearbeitsplatz (S. 3)

4. **Schulung und Sensibilisierung**: Es müssen Schulungen und Sensibilisierungsmaßnahmen durchgeführt werden, um die Mitarbeitenden über die Sicherheitsanforderungen und -maßnahmen bei der Telearbeit zu informieren und zu schulen. Quelle: Organisation (inklusive Festlegung von Zuständigkeiten, Aufgabenverteilung und Funktionstrennung, Regelung des Umgangs mit Informationen, Anwendungen und IT-Komponenten, Hard- und Software-Management, Anderungsmanagement usw.) (S. 4)

5. **Regelmäßige Überprüfung und Aktualisierung**: Das Sicherheitskonzept und die Sicherheitsmaßnahmen müssen regelmäßig überprüft und bei Bedarf aktualisiert werden, um sicherzustellen, dass sie den aktuellen Sicherheitsanforderungen und -risiken gerecht werden. Quelle: Überprüfung des Informationssicherheitsprozesses in allen Ebenen (siehe Kapitel 10.1 der T-Grundschutz-Methodik) (S. 4)

Anschlussfragen:
1. Welche spezifischen Sicherheitsmaßnahmen sind für die Kommunikation zwischen Telearbeitsplatz und Institution erforderlich?
2. Wie können Mitarbeitende am Telearbeitsplatz in den Informationsfluss der Institution eingebunden werden?
3. Welche rechtlichen Anforderungen müssen bei der Einrichtung eines häuslichen Arbeitsplatzes beachtet werden?";"Um die Integration der Telearbeit in das übergreifende Sicherheitskonzept sicherzustellen, sind folgende Maßnahmen erforderlich:

1. **Erstellung eines Sicherheitskonzepts für Telearbeit**: Es SOLLTE ein Sicherheitskonzept für die Telearbeit erstellt werden, das Sicherheitsziele, Schutzbedarf, Sicherheitsanforderungen sowie Risiken beschreibt. Dieses Konzept SOLLTE regelmäßig aktualisiert und überarbeitet werden. Wichtig ist, dass das Sicherheitskonzept zur Telearbeit auf das übergreifende Sicherheitskonzept der Institution abgestimmt wird, um eine einheitliche Sicherheitsstrategie zu gewährleisten. Quelle: Erstellen eines Sicherheitskonzeptes für Telearbeit (S. 1-2)

2. **Sicherheitstechnische Anforderungen an den Telearbeitsrechner**: Es MÜSSEN sicherheitstechnische Anforderungen festgelegt werden, die ein IT-System für die Telearbeit erfüllen muss. Dazu gehört, dass nur autorisierte Personen Zugang zu den Telearbeitsrechnern haben und dass der Telearbeitsrechner so abgesichert wird, dass er nur für autorisierte Zwecke benutzt werden kann. Quelle: Sicherheitstechnische Anforderungen an den Telearbeitsrechner (S. 2-3)

3. **Organisatorische Absprachen und Handlungsanweisungen**: Die Nutzung eines Telearbeitsplatzes erfordert ergänzende organisatorische Absprachen zwischen den Mitarbeitenden und den Führungskräften. Es brauchen Handlungsanweisungen für den Fall, dass sicherheitsrelevante Vorkommnisse am Telearbeitsplatz eintreten. Quelle: Fehlende oder unzureichende Regelungen für den Telearbeitsplatz (S. 3)

4. **Schulung und Sensibilisierung**: Es müssen Schulungen und Sensibilisierungsmaßnahmen durchgeführt werden, um die Mitarbeitenden über die Sicherheitsanforderungen und -maßnahmen bei der Telearbeit zu informieren und zu schulen. Quelle: Organisation (inklusive Festlegung von Zuständigkeiten, Aufgabenverteilung und Funktionstrennung, Regelung des Umgangs mit Informationen, Anwendungen und IT-Komponenten, Hard- und Software-Management, Anderungsmanagement usw.) (S. 4)

5. **Regelmäßige Überprüfung und Aktualisierung**: Das Sicherheitskonzept und die Sicherheitsmaßnahmen müssen regelmäßig überprüft und bei Bedarf aktualisiert werden, um sicherzustellen, dass sie den aktuellen Sicherheitsanforderungen und -risiken gerecht werden. Quelle: Überprüfung des Informationssicherheitsprozesses in allen Ebenen (siehe Kapitel 10.1 der T-Grundschutz-Methodik) (S. 4)";"1. Welche spezifischen Sicherheitsmaßnahmen sind für die Kommunikation zwischen Telearbeitsplatz und Institution erforderlich?
2. Wie können Mitarbeitende am Telearbeitsplatz in den Informationsfluss der Institution eingebunden werden?
3. Welche rechtlichen Anforderungen müssen bei der Einrichtung eines häuslichen Arbeitsplatzes beachtet werden?";3;3;0.7321428571245535;1.0;1.0;0.49429244429473834;Welche spezifischen Sicherheitsmaßnahmen sind für die Kommunikation zwischen Telearbeitsplatz und Institution erforderlich?;2;2;Direkte Relevanz zu Telearbeit;Wie können Mitarbeitende am Telearbeitsplatz in den Informationsfluss der Institution eingebunden werden?;1;2;Telearbeit und Informationsfluss;Welche rechtlichen Anforderungen müssen bei der Einrichtung eines häuslichen Arbeitsplatzes beachtet werden?;2;2;Rechtliche Anforderungen;1.667;2.0
Wie wird der Schutzbedarf der Informationen bei der Entscheidung für Telearbeit berücksichtigt?;"Beim Einrichten eines Telearbeitsplatzes SOLLTE eine Anforderungsanalyse durchgeführt werden, um den Schutzbedarf der verarbeiteten Informationen zu bestimmen Quelle: OPS.1.2.4.A10 (S). Dieser Schutzbedarf SOLLTE dokumentiert und mit den IT-Verantwortlichen abgestimmt werden, um sicherzustellen, dass die Hard- und Software-Komponenten des Telearbeitsplatzes den Anforderungen entsprechen Quelle: OPS.1.2.4.A10 (S). 

Anschlussfragen:
1. Wie werden die Anforderungen an den Telearbeitsplatz mit den IT-Verantwortlichen abgestimmt?
2. Welche Rolle spielt die Datensicherung bei der Telearbeit, wenn Daten nicht unmittelbar auf IT-Systemen der Institution gespeichert werden?
3. Wie werden die Sicherheitsanforderungen an die Infrastruktur des Telearbeitsplatzes berücksichtigt?";Beim Einrichten eines Telearbeitsplatzes SOLLTE eine Anforderungsanalyse durchgeführt werden, um den Schutzbedarf der verarbeiteten Informationen zu bestimmen Quelle: OPS.1.2.4.A10 (S). Dieser Schutzbedarf SOLLTE dokumentiert und mit den IT-Verantwortlichen abgestimmt werden, um sicherzustellen, dass die Hard- und Software-Komponenten des Telearbeitsplatzes den Anforderungen entsprechen Quelle: OPS.1.2.4.A10 (S).;OPS.1.2.4.A10 Durchführung einer Anforderungsanalyse für den Telearbeitsplatz (S) [IT-Betrieb] Bevor ein Telearbeitsplatz eingerichtet wird, SOLLTE eine Anforderungsanalyse durchgeführt werden. Daraus SOLLTE z. B. hervorgehen, welche Hard- und Software-Komponenten für den Telearbeitsplatz benötigt werden. Die Anforderungen an den jeweiligen Telearbeitsplatz SOLLTEN mit den ITVerantwortlichen abgestimmt werden. Es SOLLTE immer festgestellt und dokumentiert werden, welchen Schutzbedarf die am Telearbeitsplatz verarbeiteten Informationen haben.;"Der Schutzbedarf der Informationen bei der Entscheidung für Telearbeit wird durch die Festlegung von Sicherheitszielen, Schutzbedarf, Sicherheitsanforderungen sowie Risiken im Rahmen eines Sicherheitskonzepts für die Telearbeit berücksichtigt. Dieses Konzept sollte regelmäßig aktualisiert und auf das übergreifende Sicherheitskonzept der Institution abgestimmt werden. Es müssen sicherheitstechnische Anforderungen festgelegt werden, die ein IT-System für die Telearbeit erfüllen muss, um sicherzustellen, dass nur autorisierte Personen Zugang zu den Telearbeitsrechnern haben und diese nur für autorisierte Zwecke genutzt werden. Bei Informationen mit erhöhtem Schutzbedarf sollte überlegt werden, von einem häuslichen Arbeitsplatz ganz abzusehen oder diesen durch erweiterte, hochwertige technische Sicherungsmaßnahmen zu schützen. Quelle: Erstellen eines Sicherheitskonzeptes für Telearbeit (S.1-2), Sicherheitstechnische Anforderungen an den Telearbeitsrechner (S.2-3), Umgang mit dienstlichen Unterlagen bei erhöhtem Schutzbedarf am häuslichen Arbeitsplatz (S.4).

Anschlussfragen:
1. Welche spezifischen sicherheitstechnischen Anforderungen müssen an Telearbeitsrechner gestellt werden?
2. Wie kann die Einbindung der Mitarbeitenden in den Informationsfluss bei Telearbeit sichergestellt werden?
3. Welche Maßnahmen sind erforderlich, um die Erreichbarkeit der Mitarbeitenden bei Telearbeit zu gewährleisten?";Der Schutzbedarf der Informationen bei der Entscheidung für Telearbeit wird durch die Festlegung von Sicherheitszielen, Schutzbedarf, Sicherheitsanforderungen sowie Risiken im Rahmen eines Sicherheitskonzepts für die Telearbeit berücksichtigt. Dieses Konzept sollte regelmäßig aktualisiert und auf das übergreifende Sicherheitskonzept der Institution abgestimmt werden. Es müssen sicherheitstechnische Anforderungen festgelegt werden, die ein IT-System für die Telearbeit erfüllen muss, um sicherzustellen, dass nur autorisierte Personen Zugang zu den Telearbeitsrechnern haben und diese nur für autorisierte Zwecke genutzt werden. Bei Informationen mit erhöhtem Schutzbedarf sollte überlegt werden, von einem häuslichen Arbeitsplatz ganz abzusehen oder diesen durch erweiterte, hochwertige technische Sicherungsmaßnahmen zu schützen. Quelle: Erstellen eines Sicherheitskonzeptes für Telearbeit (S.1-2), Sicherheitstechnische Anforderungen an den Telearbeitsrechner (S.2-3), Umgang mit dienstlichen Unterlagen bei erhöhtem Schutzbedarf am häuslichen Arbeitsplatz (S.4).;"1. Welche spezifischen sicherheitstechnischen Anforderungen müssen an Telearbeitsrechner gestellt werden?
2. Wie kann die Einbindung der Mitarbeitenden in den Informationsfluss bei Telearbeit sichergestellt werden?
3. Welche Maßnahmen sind erforderlich, um die Erreichbarkeit der Mitarbeitenden bei Telearbeit zu gewährleisten?";3;3;0.62499999996875;1.0;1.0;0.690749087158119;Welche spezifischen sicherheitstechnischen Anforderungen müssen an Telearbeitsrechner gestellt werden?;2;2;Direkte sicherheitstechnische Anforderungen;Wie kann die Einbindung der Mitarbeitenden in den Informationsfluss bei Telearbeit sichergestellt werden?;1;2;Telearbeit und Informationsfluss;Welche Maßnahmen sind erforderlich, um die Erreichbarkeit der Mitarbeitenden bei Telearbeit zu gewährleisten?;1;1;Telearbeit, aber nicht direkt Erreichbarkeit;1.333;1.667
Was versteht der IT-Grundschutz unter Fernwartung?;"Der IT-Grundschutz versteht unter Fernwartung einen zeitlich begrenzten Zugriff auf IT-Systeme und die darauf laufenden Anwendungen, der von einem anderen IT-System aus erfolgt. Quelle: 1.1. Einleitung (S.1). Dies kann zur Durchführung von Konfigurations-, Wartungs- oder Reparaturarbeiten dienen. Die Fernwartung kann auf unterschiedliche Weise geschehen, wie z.B. durch die Übertragung von Tastatur- und Maussignalen oder der Ein- und Ausgabe der Konsole. Quelle: 1.1. Einleitung (S.1). Es gibt auch passive und aktive Formen der Fernwartung, wobei bei der passiven Fernwartung nur die Bildschirminhalte übertragen werden und bei der aktiven Fernwartung die Administrierenden direkt auf dem entfernten IT-System agieren. Quelle: 1.1. Einleitung (S.1).

Anschlussfragen:
1. Welche Arten von Fernwartung gibt es und wie unterscheiden sie sich voneinander?
2. Warum ist die Absicherung von Fernwartungskomponenten von besonderer Bedeutung?
3. Welche Rolle spielt die Fernwartung in Institutionen mit IT-Systemen, die sich außerhalb der Reichweite ihrer Administrierenden befinden?";Der IT-Grundschutz versteht unter Fernwartung einen zeitlich begrenzten Zugriff auf IT-Systeme und die darauf laufenden Anwendungen, der von einem anderen IT-System aus erfolgt. Quelle: 1.1. Einleitung (S.1). Dies kann zur Durchführung von Konfigurations-, Wartungs- oder Reparaturarbeiten dienen. Die Fernwartung kann auf unterschiedliche Weise geschehen, wie z.B. durch die Übertragung von Tastatur- und Maussignalen oder der Ein- und Ausgabe der Konsole. Quelle: 1.1. Einleitung (S.1). Es gibt auch passive und aktive Formen der Fernwartung, wobei bei der passiven Fernwartung nur die Bildschirminhalte übertragen werden und bei der aktiven Fernwartung die Administrierenden direkt auf dem entfernten IT-System agieren. Quelle: 1.1. Einleitung (S.1).;1.1. Einleitung Mit dem Begriff Fernwartung wird ein zeitlich begrenzter Zugriff auf IT-Systeme und die darauf laufenden Anwendungen bezeichnet, der von einem anderen IT-System aus erfolgt. Der Zugriff kann z. B. dazu dienen, Konfigurations-, Wartungs- oder Reparaturarbeiten durchzuführen. Die Fernwartung kann auf unterschiedliche Weise geschehen. Bei der Fernwartung von Clients werden oft die Tastatur- und Maussignale von IT-Systemen von den Administrierenden an ein entferntes IT-System übertragen. Das entfernte IT-System überträgt die Bildschirmausgabe an das IT-System der Administrierenden. Die Administrierenden führen Aktionen auf dem entfernten IT-System so aus, als wenn sie selbst vor Ort wären (aktive Fernwartung). Bei der Fernwartung von Servern wird oft die Einund Ausgabe der Konsole übertragen. Bei der passiven Fernwartung werden nur die Bildschirminhalte eines IT-Systems zu den Administrierenden übertragen. Administrierende erteilen den Benutzenden vor Ort Anweisungen, die von ihnen ausgeführt und von den Administrierenden beobachtet werden. Allerdings erweist sich dieses Vorgehen in der Praxis meist als sehr zeitintensiv und umständlich, weshalb häufig dem ITBetrieb voller Zugriff über das IT-System zugewiesen wird. Da sich viele IT-Systeme außerhalb der Reichweite ihrer Administrierenden befinden (z. B. in entfernten Rechenzentren, Industrieanlagen oder einem Außenstandort ohne IT-Personal), wird Fernwartung in vielen Institutionen eingesetzt. Bei der Fernwartung wird oft über unsichere Netze auf interne IT-Systeme und Anwendungen einer Institution zugegriffen. Wegen der dabei bestehenden tiefgreifenden Eingriffsmöglichkeiten in diese IT-Systeme und Anwendungen ist die Absicherung von Fernwartungskomponenten von besonderer Bedeutung.;"Der IT-Grundschutz versteht unter Fernwartung einen zeitlich begrenzten Zugriff auf IT-Systeme und die darauf laufenden Anwendungen, der von einem anderen IT-System aus erfolgt. Dieser Zugriff dient beispielsweise dazu, Konfigurations-, Wartungs- oder Reparaturarbeiten durchzuführen. Fernwartung kann auf unterschiedliche Weise geschehen, wobei zwischen aktiver und passiver Fernwartung unterschieden wird.

Bei der **aktiven Fernwartung** werden Tastatur- und Maussignale von den Administrierenden an ein entferntes IT-System übertragen, während die Bildschirmausgabe an das IT-System der Administrierenden zurückgesendet wird. Dies ermöglicht es den Administrierenden, Aktionen auf dem entfernten IT-System auszuführen, als wären sie selbst vor Ort. Bei der **passiven Fernwartung** werden nur die Bildschirminhalte eines IT-Systems zu den Administrierenden übertragen, die dann Anweisungen an die Benutzenden vor Ort erteilen, die diese ausführen und von den Administrierenden beobachtet werden.

Da viele IT-Systeme außerhalb der Reichweite ihrer Administrierenden befinden (z. B. in entfernten Rechenzentren oder Industrieanlagen), ist Fernwartung in vielen Institutionen ein wichtiger Bestandteil des IT-Betriebs. Allerdings erfordert die Fernwartung besondere Sicherheitsmaßnahmen, da sie oft über unsichere Netze erfolgt und tiefgreifende Eingriffsmöglichkeiten in die IT-Systeme und Anwendungen bietet. Daher ist die Absicherung von Fernwartungskomponenten von besonderer Bedeutung.

Quelle: Fernwartung (S.1-3)

Anschlussfragen:
1. Welche Anforderungen werden im IT-Grundschutz an die Absicherung von Fernwartungskomponenten gestellt?
2. Wie unterscheidet sich die Fernwartung im industriellen Umfeld von der Fernwartung in der Büro- und Gebäude-IT?
3. Welche Rolle spielt die Verschlüsselung bei der Fernwartung von VS-IT nach § 3 Abs. 3 VSA?";"Der IT-Grundschutz versteht unter Fernwartung einen zeitlich begrenzten Zugriff auf IT-Systeme und die darauf laufenden Anwendungen, der von einem anderen IT-System aus erfolgt. Dieser Zugriff dient beispielsweise dazu, Konfigurations-, Wartungs- oder Reparaturarbeiten durchzuführen. Fernwartung kann auf unterschiedliche Weise geschehen, wobei zwischen aktiver und passiver Fernwartung unterschieden wird.

Bei der **aktiven Fernwartung** werden Tastatur- und Maussignale von den Administrierenden an ein entferntes IT-System übertragen, während die Bildschirmausgabe an das IT-System der Administrierenden zurückgesendet wird. Dies ermöglicht es den Administrierenden, Aktionen auf dem entfernten IT-System auszuführen, als wären sie selbst vor Ort. Bei der **passiven Fernwartung** werden nur die Bildschirminhalte eines IT-Systems zu den Administrierenden übertragen, die dann Anweisungen an die Benutzenden vor Ort erteilen, die diese ausführen und von den Administrierenden beobachtet werden.

Da viele IT-Systeme außerhalb der Reichweite ihrer Administrierenden befinden (z. B. in entfernten Rechenzentren oder Industrieanlagen), ist Fernwartung in vielen Institutionen ein wichtiger Bestandteil des IT-Betriebs. Allerdings erfordert die Fernwartung besondere Sicherheitsmaßnahmen, da sie oft über unsichere Netze erfolgt und tiefgreifende Eingriffsmöglichkeiten in die IT-Systeme und Anwendungen bietet. Daher ist die Absicherung von Fernwartungskomponenten von besonderer Bedeutung.

Quelle: Fernwartung (S.1-3)";"1. Welche Anforderungen werden im IT-Grundschutz an die Absicherung von Fernwartungskomponenten gestellt?
2. Wie unterscheidet sich die Fernwartung im industriellen Umfeld von der Fernwartung in der Büro- und Gebäude-IT?
3. Welche Rolle spielt die Verschlüsselung bei der Fernwartung von VS-IT nach § 3 Abs. 3 VSA?";3;3;0.8055555555287036;1.0;1.0;0.8531205910739443;Welche Anforderungen werden im IT-Grundschutz an die Absicherung von Fernwartungskomponenten gestellt?;2;2;Direkte Anforderungen an Fernwartung;Wie unterscheidet sich die Fernwartung im industriellen Umfeld von der Fernwartung in der Büro- und Gebäude-IT?;2;2;Direkte Abdeckung im IT-Grundschutz;Welche Rolle spielt die Verschlüsselung bei der Fernwartung von VS-IT nach § 3 Abs. 3 VSA?;2;2;Direkte Bezugnahme auf Fernwartung;2.0;2.0
Muss der Einsatz von Fernwartung geplant werden?;"Der Einsatz von Fernwartung MUSS geplant werden, um sicherzustellen, dass die Fernwartung an die Institution angepasst wird und technische sowie organisatorische Aspekte bedarfsgerecht berücksichtigt werden Quelle: OPS.1.2.5.A1 (S. nicht spezifiziert). Dies umfasst die Planung, welche IT-Systeme ferngewartet werden sollen und wer dafür zuständig ist.

Anschlussfragen:
1. Welche Aspekte müssen bei der Planung des Einsatzes der Fernwartung berücksichtigt werden?
2. Wie werden die Sicherheitsaspekte der eingesetzten Kommunikationsverbindungen und Authentisierungsmechanismen bei der Fernwartung behandelt?
3. Welche anderen Bausteine müssen bei der Nutzung von Fernwartung zusätzlich berücksichtigt werden?";Der Einsatz von Fernwartung MUSS geplant werden, um sicherzustellen, dass die Fernwartung an die Institution angepasst wird und technische sowie organisatorische Aspekte bedarfsgerecht berücksichtigt werden Quelle: OPS.1.2.5.A1 (S. nicht spezifiziert). Dies umfasst die Planung, welche IT-Systeme ferngewartet werden sollen und wer dafür zuständig ist.;OPS.1.2.5.A1 Planung des Einsatzes der Fernwartung (B) Der Einsatz der Fernwartung MUSS an die Institution angepasst werden. Die Fernwartung MUSS hinsichtlich technischer und organisatorischer Aspekte bedarfsgerecht geplant werden. Dabei MUSS mindestens berücksichtigt werden, welche IT-Systeme ferngewartet werden sollen und wer dafür zuständig ist.;"Ja, der Einsatz von Fernwartung muss geplant werden. Die Fernwartung muss an die Institution angepasst und hinsichtlich technischer und organisatorischer Aspekte bedarfsgerecht geplant werden. Dabei müssen mindestens die IT-Systeme, die ferngewartet werden sollen, und die zuständigen Personen berücksichtigt werden. Quelle: Planung des Einsatzes der Fernwartung (S.1-2).

Im industriellen Umfeld muss ein einheitliches, zentrales Fernwartungskonzept für die gesamte OT der Institution erstellt werden. Dieses Konzept muss spezifische gesetzliche Vorgaben, Vorgaben durch anlagenherstellende Unternehmen, Anforderungen durch dezentrale Infrastrukturen, Anforderungen an die Anbindungen für die Fernwartung, Anforderungen an die Verfügbarkeit der Fernwartung, Anforderungen durch Umgebungsbedingungen sowie Anforderungen durch Bestandsanlagen berücksichtigen. Quelle: Planung des Einsatzes der Fernwartung in der OT (S.2-3).

Alle Fernwartungszugänge, über die Zugriffe auf ein ICS der Institution möglich sind, müssen in einer zentralen Dokumentation erfasst werden. Für neu anzuschaffende fernwartbare Maschinen müssen die Anforderungen an die Informationssicherheit mit den Liefernden abgestimmt werden. Quelle: Planung des Einsatzes der Fernwartung in der OT (S.3).

Anschlussfragen:
1. Welche spezifischen gesetzlichen Vorgaben müssen bei der Fernwartung in der OT berücksichtigt werden?
2. Wie können die Anforderungen an die Informationssicherheit bei der Beschaffung neuer fernwartbarer Maschinen sichergestellt werden?
3. Welche Maßnahmen sind erforderlich, um die Netzkommunikation der Administrationssysteme einzuschränken?";"Ja, der Einsatz von Fernwartung muss geplant werden. Die Fernwartung muss an die Institution angepasst und hinsichtlich technischer und organisatorischer Aspekte bedarfsgerecht geplant werden. Dabei müssen mindestens die IT-Systeme, die ferngewartet werden sollen, und die zuständigen Personen berücksichtigt werden. Quelle: Planung des Einsatzes der Fernwartung (S.1-2).

Im industriellen Umfeld muss ein einheitliches, zentrales Fernwartungskonzept für die gesamte OT der Institution erstellt werden. Dieses Konzept muss spezifische gesetzliche Vorgaben, Vorgaben durch anlagenherstellende Unternehmen, Anforderungen durch dezentrale Infrastrukturen, Anforderungen an die Anbindungen für die Fernwartung, Anforderungen an die Verfügbarkeit der Fernwartung, Anforderungen durch Umgebungsbedingungen sowie Anforderungen durch Bestandsanlagen berücksichtigen. Quelle: Planung des Einsatzes der Fernwartung in der OT (S.2-3).

Alle Fernwartungszugänge, über die Zugriffe auf ein ICS der Institution möglich sind, müssen in einer zentralen Dokumentation erfasst werden. Für neu anzuschaffende fernwartbare Maschinen müssen die Anforderungen an die Informationssicherheit mit den Liefernden abgestimmt werden. Quelle: Planung des Einsatzes der Fernwartung in der OT (S.3).";"1. Welche spezifischen gesetzlichen Vorgaben müssen bei der Fernwartung in der OT berücksichtigt werden?
2. Wie können die Anforderungen an die Informationssicherheit bei der Beschaffung neuer fernwartbarer Maschinen sichergestellt werden?
3. Welche Maßnahmen sind erforderlich, um die Netzkommunikation der Administrationssysteme einzuschränken?";3;3;;;;;Welche spezifischen gesetzlichen Vorgaben müssen bei der Fernwartung in der OT berücksichtigt werden?;2;2;Gesetzliche Vorgaben in OT-Fernwartung;Wie können die Anforderungen an die Informationssicherheit bei der Beschaffung neuer fernwartbarer Maschinen sichergestellt werden?;2;2;Direkte Relevanz zu Fernwartung und Sicherheit;Welche Maßnahmen sind erforderlich, um die Netzkommunikation der Administrationssysteme einzuschränken?;2;2;Einschränkung Netzkommunikation;2.0;2.0
Dürfen Clients ohne Zustimmung der Benutzer ferngewartet werden?;"Nein, Clients dürfen nicht ohne Zustimmung der Benutzer ferngewartet werden. 
Die Fernwartungssoftware MUSS so konfiguriert sein, dass sie eine Verbindung erst nach expliziter Zustimmung der Benutzenden aufbaut Quelle: OPS.1.2.5.A2 (S. nicht spezifiziert, da keine Seitenzahl im bereitgestellten Kontext vorhanden ist).
Anschlussfragen:
1. Welche Rolle spielen die Benutzenden bei der Fernwartung von Clients?
2. Wie MUSS die Fernwartungssoftware konfiguriert sein, um sicherzustellen, dass eine Verbindung erst nach expliziter Zustimmung der Benutzenden aufgebaut wird?
3. Welche anderen Bausteine sollten bei der Implementierung der Fernwartung zusätzlich berücksichtigt werden?";"Nein, Clients dürfen nicht ohne Zustimmung der Benutzer ferngewartet werden. 
Die Fernwartungssoftware MUSS so konfiguriert sein, dass sie eine Verbindung erst nach expliziter Zustimmung der Benutzenden aufbaut Quelle: OPS.1.2.5.A2 (S. nicht spezifiziert, da keine Seitenzahl im bereitgestellten Kontext vorhanden ist).";OPS.1.2.5.A2 Sicherer Verbindungsaufbau bei der Fernwartung von Clients (B) [Benutzende] Wird per Fernwartung auf Desktop-Umgebungen von Clients zugegriffen, MUSS die Fernwartungssoftware so konfiguriert sein, dass sie eine Verbindung erst nach expliziter Zustimmung der Benutzenden aufbaut.;"Nein, Clients dürfen ohne Zustimmung der Benutzer nicht ferngewartet werden. Gemäß den vertraglichen Regelungen für die OT-Fernwartung muss sichergestellt werden, dass externe Benutzende jegliche OT-Fernwartungszugänge ausschließlich kontrolliert und abgestimmt nutzen. Insbesondere bei Safety-Maschinen muss der interne OT-Mitarbeitende sowohl organisatorisch als auch technisch die Hoheit über den Beginn und das Ende der Fernwartung haben. Vertraglich muss ausgeschlossen werden, dass der Remote-Zugriff ohne explizite Zustimmung der internen OT-Mitarbeitenden aufgebaut und aufrechterhalten werden kann. Quelle: Verbindliche Regelung der OT-Fernwartung durch Dritte (S. 1-2).

Anschlussfragen:
1. Welche technischen Maßnahmen sind erforderlich, um die Zustimmung der Benutzer bei der Fernwartung sicherzustellen?
2. Wie können vertragliche Regelungen für die OT-Fernwartung durch Dritte konkret aussehen?
3. Welche Rolle spielt die interne OT-Mitarbeitende bei der Fernwartung von Safety-Maschinen?";Nein, Clients dürfen ohne Zustimmung der Benutzer nicht ferngewartet werden. Gemäß den vertraglichen Regelungen für die OT-Fernwartung muss sichergestellt werden, dass externe Benutzende jegliche OT-Fernwartungszugänge ausschließlich kontrolliert und abgestimmt nutzen. Insbesondere bei Safety-Maschinen muss der interne OT-Mitarbeitende sowohl organisatorisch als auch technisch die Hoheit über den Beginn und das Ende der Fernwartung haben. Vertraglich muss ausgeschlossen werden, dass der Remote-Zugriff ohne explizite Zustimmung der internen OT-Mitarbeitenden aufgebaut und aufrechterhalten werden kann. Quelle: Verbindliche Regelung der OT-Fernwartung durch Dritte (S. 1-2).;"1. Welche technischen Maßnahmen sind erforderlich, um die Zustimmung der Benutzer bei der Fernwartung sicherzustellen?
2. Wie können vertragliche Regelungen für die OT-Fernwartung durch Dritte konkret aussehen?
3. Welche Rolle spielt die interne OT-Mitarbeitende bei der Fernwartung von Safety-Maschinen?";3;3;;;;;Welche technischen Maßnahmen sind erforderlich, um die Zustimmung der Benutzer bei der Fernwartung sicherzustellen?;2;2;Direkte technische Maßnahmen;Wie können vertragliche Regelungen für die OT-Fernwartung durch Dritte konkret aussehen?;2;2;Direkte Verbindung zu OT-Fernwartung;Welche Rolle spielt die interne OT-Mitarbeitende bei der Fernwartung von Safety-Maschinen?;1;1;Teilweise abgedeckt, thematisch verwandt;1.667;1.667
Warum ist Verschlüsselung bei Fernwartung wichtig?;"Verschlüsselung bei Fernwartung ist wichtig, um die Verbindungen über nicht vertrauenswürdige Netze zu schützen. Alle Fernwartungsverbindungen über nicht vertrauenswürdige Netze MÜSSEN verschlüsselt werden, um die Sicherheit der Daten zu gewährleisten Quelle: OPS.1.2.5.A3 (S. nicht spezifiziert). Darüber hinaus SOLLTEN auch alle anderen Fernwartungsverbindungen verschlüsselt werden, um ein hohes Maß an Sicherheit zu gewährleisten Quelle: OPS.1.2.5.A3 (S. nicht spezifiziert).

Anschlussfragen:
1. Welche Rolle spielt die Absicherung der Schnittstellen zur Fernwartung bei der Gewährleistung der IT-Sicherheit?
2. Wie können Administrierende die Sicherheitsaspekte der eingesetzten Kommunikationsverbindungen und Authentisierungsmechanismen bei der Fernwartung berücksichtigen?
3. Welche zusätzlichen Bausteine müssen bei der Nutzung von Fernwartung beachtet werden, um eine umfassende IT-Sicherheit zu gewährleisten?";Verschlüsselung bei Fernwartung ist wichtig, um die Verbindungen über nicht vertrauenswürdige Netze zu schützen. Alle Fernwartungsverbindungen über nicht vertrauenswürdige Netze MÜSSEN verschlüsselt werden, um die Sicherheit der Daten zu gewährleisten Quelle: OPS.1.2.5.A3 (S. nicht spezifiziert). Darüber hinaus SOLLTEN auch alle anderen Fernwartungsverbindungen verschlüsselt werden, um ein hohes Maß an Sicherheit zu gewährleisten Quelle: OPS.1.2.5.A3 (S. nicht spezifiziert).;OPS.1.2.5.A3 Absicherung der Schnittstellen zur Fernwartung (B) Die möglichen Zugänge und Kommunikationsverbindungen für die Fernwartung MÜSSEN auf das notwendige Maß beschränkt werden. Alle Fernwartungsverbindungen MÜSSEN nach dem Fernzugriff getrennt werden. Es MUSS sichergestellt werden, dass Fernwartungssoftware nur auf IT-Systemen installiert ist, auf denen sie benötigt wird. Fernwartungsverbindungen über nicht vertrauenswürdige Netze MÜSSEN verschlüsselt werden. Alle anderen Fernwartungsverbindungen SOLLTEN verschlüsselt werden.;"Verschlüsselung bei der Fernwartung ist aus mehreren Gründen wichtig:

1. **Schutz der übertragenen Daten**: Fernwartungsverbindungen übertragen oft sensible Daten, die bei unverschlüsselter Übertragung abgefangen und missbraucht werden können. Verschlüsselung schützt diese Daten vor unbefugtem Zugriff. Quelle: Absicherung der Schnittstellen zur Fernwartung (S. 1-2).

2. **Sicherheit bei der Nutzung öffentlicher Netze**: Fernwartungsverbindungen über nicht vertrauenswürdige Netze MÜSSEN verschlüsselt werden, um die Daten vor Man-in-the-Middle-Angriffen zu schützen. Quelle: Absicherung der Schnittstellen zur Fernwartung (S. 2).

3. **Einhaltung von Sicherheitsstandards**: Für die Fernwartung von VS-IT (Verschlusssache-IT) MUSS die Fernwartungsverbindung verschlüsselt sein, und es MÜSSEN IT-Sicherheitsprodukte mit Zulassungsaussage eingesetzt werden. Quelle: Fernwartung von VS-IT nach § 3 Abs. 3 VSA (S. 2-3).

4. **Vermeidung von Sicherheitslücken**: Die Nutzung unsicherer Protokolle oder fehlende Verschlüsselung kann zu Sicherheitslücken führen, die von Angreifern ausgenutzt werden können. Quelle: Verwendung unsicherer Protokolle in der Fernwartung (S. 5).

5. **Schutz vor unberechtigtem Zugriff**: Verschlüsselung stellt sicher, dass nur autorisierte Personen auf die IT-Systeme zugreifen können und verhindert, dass Dritte die Verbindung manipulieren oder Daten abfangen. Quelle: Absicherung der Schnittstellen zur Fernwartung (S. 1-2).

Anschlussfragen:
1. Welche kryptografischen Verfahren SOLLTEN für die Verschlüsselung von Fernwartungsverbindungen verwendet werden?
2. Wie kann sichergestellt werden, dass die Verschlüsselung der Fernwartungsverbindungen regelmäßig überprüft und angepasst wird?
3. Welche Maßnahmen SOLLTEN ergriffen werden, um sicherzustellen, dass nur autorisierte Personen auf die Fernwartungssysteme zugreifen können?";"Verschlüsselung bei der Fernwartung ist aus mehreren Gründen wichtig:

1. **Schutz der übertragenen Daten**: Fernwartungsverbindungen übertragen oft sensible Daten, die bei unverschlüsselter Übertragung abgefangen und missbraucht werden können. Verschlüsselung schützt diese Daten vor unbefugtem Zugriff. Quelle: Absicherung der Schnittstellen zur Fernwartung (S. 1-2).

2. **Sicherheit bei der Nutzung öffentlicher Netze**: Fernwartungsverbindungen über nicht vertrauenswürdige Netze MÜSSEN verschlüsselt werden, um die Daten vor Man-in-the-Middle-Angriffen zu schützen. Quelle: Absicherung der Schnittstellen zur Fernwartung (S. 2).

3. **Einhaltung von Sicherheitsstandards**: Für die Fernwartung von VS-IT (Verschlusssache-IT) MUSS die Fernwartungsverbindung verschlüsselt sein, und es MÜSSEN IT-Sicherheitsprodukte mit Zulassungsaussage eingesetzt werden. Quelle: Fernwartung von VS-IT nach § 3 Abs. 3 VSA (S. 2-3).

4. **Vermeidung von Sicherheitslücken**: Die Nutzung unsicherer Protokolle oder fehlende Verschlüsselung kann zu Sicherheitslücken führen, die von Angreifern ausgenutzt werden können. Quelle: Verwendung unsicherer Protokolle in der Fernwartung (S. 5).

5. **Schutz vor unberechtigtem Zugriff**: Verschlüsselung stellt sicher, dass nur autorisierte Personen auf die IT-Systeme zugreifen können und verhindert, dass Dritte die Verbindung manipulieren oder Daten abfangen. Quelle: Absicherung der Schnittstellen zur Fernwartung (S. 1-2).";"1. Welche kryptografischen Verfahren SOLLTEN für die Verschlüsselung von Fernwartungsverbindungen verwendet werden?
2. Wie kann sichergestellt werden, dass die Verschlüsselung der Fernwartungsverbindungen regelmäßig überprüft und angepasst wird?
3. Welche Maßnahmen SOLLTEN ergriffen werden, um sicherzustellen, dass nur autorisierte Personen auf die Fernwartungssysteme zugreifen können?";3;3;0.7416666666518332;1.0;1.0;0.7161732799885895;Welche kryptografischen Verfahren SOLLTEN für die Verschlüsselung von Fernwartungsverbindungen verwendet werden?;2;2;Direkte Antwort in IT-Grundschutz;Wie kann sichergestellt werden, dass die Verschlüsselung der Fernwartungsverbindungen regelmäßig überprüft und angepasst wird?;2;2;Direkte Überprüfung und Anpassung;Welche Maßnahmen SOLLTEN ergriffen werden, um sicherzustellen, dass nur autorisierte Personen auf die Fernwartungssysteme zugreifen können?;2;2;Direkte Maßnahmen zur Fernwartungssicherheit;2.0;2.0
Wo sollten Regelungen zur Fernwartung dokumentiert werden?;"Regelungen zur Fernwartung sollten in einer Richtlinie für die Fernwartung dokumentiert werden, die allen Zuständigen bekannt sein sollte, die an der Konzeption, dem Aufbau und dem Betrieb der Fernwartung beteiligt sind Quelle: OPS.1.2.5.A6 (S). 

Anschlussfragen:
1. Was sind die wichtigsten Sicherheitsaspekte bei der Fernwartung?
2. Welche Bausteine sollten zusätzlich zu OPS.1.2.5 Fernwartung beachtet werden?
3. Wie sollten Firewalls bei der Absicherung der Fernwartung eingesetzt werden?";Regelungen zur Fernwartung sollten in einer Richtlinie für die Fernwartung dokumentiert werden, die allen Zuständigen bekannt sein sollte, die an der Konzeption, dem Aufbau und dem Betrieb der Fernwartung beteiligt sind Quelle: OPS.1.2.5.A6 (S).;OPS.1.2.5.A6 Erstellung einer Richtlinie für die Fernwartung (S) Die Institution SOLLTE eine Richtlinie zur Fernwartung erstellen, in der alle relevanten Regelungen zur Fernwartung dokumentiert werden. Die Richtlinie SOLLTE allen Zuständigen bekannt sein, die an der Konzeption, dem Aufbau und dem Betrieb der Fernwartung beteiligt sind.;"Regelungen zur Fernwartung sollten in einer zentralen Richtlinie dokumentiert werden. Diese Richtlinie muss alle relevanten Regelungen zur Fernwartung enthalten und allen zuständigen Personen bekannt sein, die an der Konzeption, dem Aufbau und dem Betrieb der Fernwartung beteiligt sind. Die Richtlinie muss festlegen, wie die Fernwartungslösungen einzusetzen sind, wie Kommunikationsverbindungen geschützt werden sollen und welche Aktivitäten während der Fernwartung überwacht werden sollen. Zudem muss sichergestellt werden, dass über die Fernwartung einer Maschine nicht auf andere IT-Systeme oder Maschinen der Institution zugegriffen werden kann. Mit Dienstleistenden muss vereinbart werden, wie sie die in der Maschine gespeicherten Informationen verwerten dürfen. Quelle: Erstellung einer Richtlinie für die Fernwartung (S.1-2), Fernwartung durch Maschinen- und Anlagenbauende (S.2-3).

Anschlussfragen:
1. Welche spezifischen gesetzlichen Vorgaben müssen bei der Fernwartung berücksichtigt werden?
2. Wie können Fernwartungszugänge in einer zentralen Dokumentation erfasst werden?
3. Welche vertraglichen Regelungen sind bei der Fernwartung durch Dritte erforderlich?";Regelungen zur Fernwartung sollten in einer zentralen Richtlinie dokumentiert werden. Diese Richtlinie muss alle relevanten Regelungen zur Fernwartung enthalten und allen zuständigen Personen bekannt sein, die an der Konzeption, dem Aufbau und dem Betrieb der Fernwartung beteiligt sind. Die Richtlinie muss festlegen, wie die Fernwartungslösungen einzusetzen sind, wie Kommunikationsverbindungen geschützt werden sollen und welche Aktivitäten während der Fernwartung überwacht werden sollen. Zudem muss sichergestellt werden, dass über die Fernwartung einer Maschine nicht auf andere IT-Systeme oder Maschinen der Institution zugegriffen werden kann. Mit Dienstleistenden muss vereinbart werden, wie sie die in der Maschine gespeicherten Informationen verwerten dürfen. Quelle: Erstellung einer Richtlinie für die Fernwartung (S.1-2), Fernwartung durch Maschinen- und Anlagenbauende (S.2-3).;"1. Welche spezifischen gesetzlichen Vorgaben müssen bei der Fernwartung berücksichtigt werden?
2. Wie können Fernwartungszugänge in einer zentralen Dokumentation erfasst werden?
3. Welche vertraglichen Regelungen sind bei der Fernwartung durch Dritte erforderlich?";3;3;0.8972222222072685;1.0;0.9;0.5102727627511277;Welche spezifischen gesetzlichen Vorgaben müssen bei der Fernwartung berücksichtigt werden?;2;2;Gesetzliche Vorgaben;Wie können Fernwartungszugänge in einer zentralen Dokumentation erfasst werden?;2;2;Direkte Dokumentationserfassung;Welche vertraglichen Regelungen sind bei der Fernwartung durch Dritte erforderlich?;2;2;Direkte Vertragsgestaltung;2.0;2.0
Wie müssen Fernwartungszugänge dokumentiert werden?;"Die Fernwartung SOLLTE geeignet dokumentiert werden, um die Existenz und den Status von Fernwartungszugängen nachvollziehen zu können Quelle: OPS.1.2.5.A7 (S). Die Dokumentation SOLLTE an geeigneten Orten aufbewahrt und vor unberechtigtem Zugriff geschützt werden Quelle: OPS.1.2.5.A7 (S). Diese Dokumente SOLLTEN auch im Rahmen des Notfallmanagements verfügbar sein Quelle: OPS.1.2.5.A7 (S).

Anschlussfragen:
1. Wie sollten die Dokumente der Fernwartung vor unberechtigtem Zugriff geschützt werden?
2. Welche Rolle spielt die Dokumentation der Fernwartung im Notfallmanagement?
3. Wie müssen cloudbasierte Fernwartungsprodukte hinsichtlich der IT-Grundschutzanforderungen behandelt werden?";Die Fernwartung SOLLTE geeignet dokumentiert werden, um die Existenz und den Status von Fernwartungszugängen nachvollziehen zu können Quelle: OPS.1.2.5.A7 (S). Die Dokumentation SOLLTE an geeigneten Orten aufbewahrt und vor unberechtigtem Zugriff geschützt werden Quelle: OPS.1.2.5.A7 (S). Diese Dokumente SOLLTEN auch im Rahmen des Notfallmanagements verfügbar sein Quelle: OPS.1.2.5.A7 (S).;OPS.1.2.5.A7 Dokumentation bei der Fernwartung (S) Die Fernwartung SOLLTE geeignet dokumentiert werden. Aus der Dokumentation SOLLTE hervorgehen, welche Fernwartungszugänge existieren und ob diese aktiviert sind. Die Dokumente SOLLTEN an geeigneten Orten und vor unberechtigtem Zugriff geschützt abgelegt werden. Die Dokumente SOLLTEN im Rahmen des Notfallmanagements zur Verfügung stehen.;"Die Dokumentation von Fernwartungszugängen im industriellen Umfeld muss umfassend und zentralisiert erfolgen. Gemäß den Anforderungen im IT-Grundschutz-Kompendium müssen alle Fernwartungszugänge, einschließlich deaktivierter Zugänge, in einer zentralen Dokumentation erfasst werden. Diese Dokumentation sollte folgende Aspekte umfassen:

1. **Erfassung aller Zugänge**: Sämtliche Fernwartungszugänge, die Zugriffe auf ein ICS ermöglichen, müssen dokumentiert werden. Dies umfasst auch deaktivierte Zugänge, insbesondere bei Package Units, die in OT-Anlagen integriert sind. Quelle: IND.3.2 Fernwartung im industriellen Umfeld (S. 1-2).

2. **Dokumentationsinhalte**: Die Dokumentation sollte klar darlegen, welche Fernwartungszugänge existieren und ob diese aktiviert sind. Die Dokumente müssen an geeigneten Orten und vor unberechtigtem Zugriff geschützt abgelegt werden. Sie sollten auch im Rahmen des Notfallmanagements verfügbar sein. Quelle: IND.3.2 Fernwartung im industriellen Umfeld (S. 1-2).

3. **Vertragliche Regelungen**: Bei der Nutzung von Fernwartungszugängen durch Dritte müssen vertragliche Regelungen geschlossen werden, die die Sicherheit der betroffenen IT-Systeme und Informationen gewährleisten. Diese Regelungen sollten die Pflichten und Kompetenzen des externen Wartungspersonals festhalten. Quelle: IND.3.2 Fernwartung im industriellen Umfeld (S. 2-3).

4. **Protokollierung**: Alle Fernwartungsvorgänge müssen protokolliert werden. Dies umfasst auch die Inhalte der Fernwartungszugriffe, um eine lückenlose Nachverfolgbarkeit zu gewährleisten. Quelle: IND.3.2 Fernwartung im industriellen Umfeld (S. 2).

5. **Zentrale Dokumentation**: Im industriellen Umfeld muss ein einheitliches, zentrales Fernwartungskonzept für die gesamte OT erstellt werden. Dieses Konzept sollte spezifische gesetzliche Vorgaben, Anforderungen durch anlagenherstellende Unternehmen und Umgebungsbedingungen berücksichtigen. Quelle: IND.3.2 Fernwartung im industriellen Umfeld (S. 3).

Anschlussfragen:
1. Welche spezifischen gesetzlichen Vorgaben müssen bei der Dokumentation von Fernwartungszugängen im industriellen Umfeld berücksichtigt werden?
2. Wie können die Anforderungen an die Informationssicherheit bei der Anschaffung neuer fernwartbarer Maschinen mit den Liefernden abgestimmt werden?
3. Welche Maßnahmen sind erforderlich, um die Protokollierung der Inhalte von Fernwartungszugriffen in der OT zu gewährleisten?";"Die Dokumentation von Fernwartungszugängen im industriellen Umfeld muss umfassend und zentralisiert erfolgen. Gemäß den Anforderungen im IT-Grundschutz-Kompendium müssen alle Fernwartungszugänge, einschließlich deaktivierter Zugänge, in einer zentralen Dokumentation erfasst werden. Diese Dokumentation sollte folgende Aspekte umfassen:

1. **Erfassung aller Zugänge**: Sämtliche Fernwartungszugänge, die Zugriffe auf ein ICS ermöglichen, müssen dokumentiert werden. Dies umfasst auch deaktivierte Zugänge, insbesondere bei Package Units, die in OT-Anlagen integriert sind. Quelle: IND.3.2 Fernwartung im industriellen Umfeld (S. 1-2).

2. **Dokumentationsinhalte**: Die Dokumentation sollte klar darlegen, welche Fernwartungszugänge existieren und ob diese aktiviert sind. Die Dokumente müssen an geeigneten Orten und vor unberechtigtem Zugriff geschützt abgelegt werden. Sie sollten auch im Rahmen des Notfallmanagements verfügbar sein. Quelle: IND.3.2 Fernwartung im industriellen Umfeld (S. 1-2).

3. **Vertragliche Regelungen**: Bei der Nutzung von Fernwartungszugängen durch Dritte müssen vertragliche Regelungen geschlossen werden, die die Sicherheit der betroffenen IT-Systeme und Informationen gewährleisten. Diese Regelungen sollten die Pflichten und Kompetenzen des externen Wartungspersonals festhalten. Quelle: IND.3.2 Fernwartung im industriellen Umfeld (S. 2-3).

4. **Protokollierung**: Alle Fernwartungsvorgänge müssen protokolliert werden. Dies umfasst auch die Inhalte der Fernwartungszugriffe, um eine lückenlose Nachverfolgbarkeit zu gewährleisten. Quelle: IND.3.2 Fernwartung im industriellen Umfeld (S. 2).

5. **Zentrale Dokumentation**: Im industriellen Umfeld muss ein einheitliches, zentrales Fernwartungskonzept für die gesamte OT erstellt werden. Dieses Konzept sollte spezifische gesetzliche Vorgaben, Anforderungen durch anlagenherstellende Unternehmen und Umgebungsbedingungen berücksichtigen. Quelle: IND.3.2 Fernwartung im industriellen Umfeld (S. 3).";"1. Welche spezifischen gesetzlichen Vorgaben müssen bei der Dokumentation von Fernwartungszugängen im industriellen Umfeld berücksichtigt werden?
2. Wie können die Anforderungen an die Informationssicherheit bei der Anschaffung neuer fernwartbarer Maschinen mit den Liefernden abgestimmt werden?
3. Welche Maßnahmen sind erforderlich, um die Protokollierung der Inhalte von Fernwartungszugriffen in der OT zu gewährleisten?";3;3;0.788492063478922;1.0;1.0;0.4338633147738582;Welche spezifischen gesetzlichen Vorgaben müssen bei der Dokumentation von Fernwartungszugängen im industriellen Umfeld berücksichtigt werden?;2;2;Gesetzliche Vorgaben im industriellen Umfeld;Wie können die Anforderungen an die Informationssicherheit bei der Anschaffung neuer fernwartbarer Maschinen mit den Liefernden abgestimmt werden?;2;2;Abgestimmte Anforderungen;Welche Maßnahmen sind erforderlich, um die Protokollierung der Inhalte von Fernwartungszugriffen in der OT zu gewährleisten?;2;2;Direkte Protokollierung;2.0;2.0
Welche Protokolle sollen bei Fernwartung eingesetzt werden?;"Bei Fernwartung sollten nur als sicher eingestufte Kommunikationsprotokolle eingesetzt werden, wobei sichere kryptografische Verfahren verwendet werden sollten Quelle: OPS.1.2.5.A8 (S). Insbesondere wenn auf die Fernwartungszugänge von IT-Systemen im internen Netz über ein öffentliches Datennetz zugegriffen wird, sollte ein abgesichertes Virtuelles Privates Netz (VPN) genutzt werden Quelle: OPS.1.2.5.A8 (S).

Anschlussfragen:
1. Welche Rolle spielt die regelmäßige Überprüfung und Anpassung der kryptografischen Verfahren bei der Fernwartung?
2. Wie sollten Fernwartungszugänge im internen Netz über ein öffentliches Datennetz abgesichert werden?
3. Welche zusätzlichen Bausteine sollten bei der Nutzung von Fernwartung berücksichtigt werden?";Bei Fernwartung sollten nur als sicher eingestufte Kommunikationsprotokolle eingesetzt werden, wobei sichere kryptografische Verfahren verwendet werden sollten Quelle: OPS.1.2.5.A8 (S). Insbesondere wenn auf die Fernwartungszugänge von IT-Systemen im internen Netz über ein öffentliches Datennetz zugegriffen wird, sollte ein abgesichertes Virtuelles Privates Netz (VPN) genutzt werden Quelle: OPS.1.2.5.A8 (S).;OPS.1.2.5.A8 Sichere Protokolle bei der Fernwartung (S) Nur als sicher eingestufte Kommunikationsprotokolle SOLLTEN eingesetzt werden. Dafür SOLLTEN sichere kryptografische Verfahren verwendet werden. Die Stärke der verwendeten kryptografischen Verfahren und Schlüssel SOLLTE regelmäßig überprüft und bei Bedarf angepasst werden. Wird auf die Fernwartungszugänge von IT-Systemen im internen Netz über ein öffentliches Datennetz zugegriffen, SOLLTE ein abgesichertes Virtuelles Privates Netz (VPN) genutzt werden.;"Bei der Fernwartung SOLLTEN nur als sicher eingestufte Kommunikationsprotokolle eingesetzt werden. Dafür SOLLTEN sichere kryptografische Verfahren verwendet werden. Die Stärke der verwendeten kryptografischen Verfahren und Schlüssel SOLLTE regelmäßig überprüft und bei Bedarf angepasst werden. Quelle: Sichere Protokolle bei der Fernwartung (S.1)

Wird auf die Fernwartungszugänge von IT-Systemen im internen Netz über ein öffentliches Datennetz zugegriffen, SOLLTE ein abgesichertes Virtuelles Privates Netz (VPN) genutzt werden. Quelle: Sichere Protokolle bei der Fernwartung (S.1)

Anschlussfragen:
1. Welche kryptografischen Verfahren sind für die Fernwartung geeignet?
2. Wie kann die regelmäßige Überprüfung der kryptografischen Verfahren und Schlüssel durchgeführt werden?
3. Welche Anforderungen gibt es an die Nutzung von VPN für die Fernwartung?";"Bei der Fernwartung SOLLTEN nur als sicher eingestufte Kommunikationsprotokolle eingesetzt werden. Dafür SOLLTEN sichere kryptografische Verfahren verwendet werden. Die Stärke der verwendeten kryptografischen Verfahren und Schlüssel SOLLTE regelmäßig überprüft und bei Bedarf angepasst werden. Quelle: Sichere Protokolle bei der Fernwartung (S.1)

Wird auf die Fernwartungszugänge von IT-Systemen im internen Netz über ein öffentliches Datennetz zugegriffen, SOLLTE ein abgesichertes Virtuelles Privates Netz (VPN) genutzt werden. Quelle: Sichere Protokolle bei der Fernwartung (S.1)";"1. Welche kryptografischen Verfahren sind für die Fernwartung geeignet?
2. Wie kann die regelmäßige Überprüfung der kryptografischen Verfahren und Schlüssel durchgeführt werden?
3. Welche Anforderungen gibt es an die Nutzung von VPN für die Fernwartung?";3;3;0.8261904761739525;1.0;1.0;0.7940332587771085;Welche kryptografischen Verfahren sind für die Fernwartung geeignet?;2;2;Kryptografische Verfahren bei Fernwartung;Wie kann die regelmäßige Überprüfung der kryptografischen Verfahren und Schlüssel durchgeführt werden?;2;1;Kryptoverfahren und Schlüssel;Welche Anforderungen gibt es an die Nutzung von VPN für die Fernwartung?;2;2;VPN-Anforderungen direkt im IT-Grundschutz;2.0;1.667
Wie ist der Einsatz von Online-Diensten zur Fernwartung zu regeln?;"Der Einsatz von Online-Diensten zur Fernwartung SOLLTE durch die Institution geregelt werden, indem festgelegt wird, unter welchen Umständen diese Dienste genutzt werden dürfen Quelle: OPS.1.2.5.A5 (S). Der Einsatz solcher Dienste SOLLTE auf möglichst wenige Fälle beschränkt werden, und es SOLLTE sichergestellt werden, dass der eingesetzte Online-Dienst die übertragenen Informationen Ende-zu-Endeverschlüsselt Quelle: OPS.1.2.5.A5 (S). 

Anschlussfragen:
1. Wie können die Sicherheitsaspekte der eingesetzten Kommunikationsverbindungen und Authentisierungsmechanismen bei der Fernwartung gewährleistet werden?
2. Welche Rolle spielen die Bausteine OPS.1.1.3 Patch- und Änderungsmanagement und CON.1 Kryptokonzept bei der Fernwartung?
3. Wie müssen cloudbasierte Fernwartungsprodukte hinsichtlich der allgemeinen Anforderungen aus dem Baustein OPS.2.2 Cloud-Nutzung abgesichert werden?";Der Einsatz von Online-Diensten zur Fernwartung SOLLTE durch die Institution geregelt werden, indem festgelegt wird, unter welchen Umständen diese Dienste genutzt werden dürfen Quelle: OPS.1.2.5.A5 (S). Der Einsatz solcher Dienste SOLLTE auf möglichst wenige Fälle beschränkt werden, und es SOLLTE sichergestellt werden, dass der eingesetzte Online-Dienst die übertragenen Informationen Ende-zu-Endeverschlüsselt Quelle: OPS.1.2.5.A5 (S).;OPS.1.2.5.A5 Einsatz von Online-Diensten (S) Die Institution SOLLTE festlegen, unter welchen Umständen Online-Dienste zur Fernwartung genutzt werden dürfen, bei denen die Verbindung über einen externen Server hergestellt wird. Der Einsatz solcher Dienste SOLLTE generell auf möglichst wenige Fälle beschränkt werden. Die IT-Systeme SOLLTEN keine automatisierten Verbindungen zum Online-Dienst aufbauen. Es SOLLTE sichergestellt werden, dass der eingesetzte Online-Dienst die übertragenen Informationen Ende-zu-Endeverschlüsselt.;"Der Einsatz von Online-Diensten zur Fernwartung sollte gemäß den IT-Grundschutz-Anforderungen geregelt werden. Die Institution sollte festlegen, unter welchen Umständen solche Dienste genutzt werden dürfen, und deren Einsatz auf möglichst wenige Fälle beschränken. Es sollte sichergestellt werden, dass der Online-Dienst die übertragenen Informationen Ende-zu-Ende-verschlüsselt und dass die IT-Systeme keine automatisierten Verbindungen zum Online-Dienst aufbauen. Diese Regelungen sind notwendig, um die Sicherheit der Fernwartung zu gewährleisten und potenzielle Risiken zu minimieren.

Vertragliche Regelungen mit externen Dienstleistenden sind ebenfalls erforderlich. Diese Regelungen müssen gewährleisten, dass externe Benutzende die OT-Fernwartungszugänge ausschließlich kontrolliert und abgestimmt nutzen. Es muss festgelegt werden, über welche Fernwartungszugänge welche Tätigkeiten durch welche externen Benutzenden zulässig sind und welche internen Mitarbeitenden die Fernwartungszugriffe autorisieren, beobachten und unterstützen. Insbesondere im industriellen Umfeld muss sichergestellt werden, dass Personen an oder in Anlagen und Maschinen nicht durch eine aktive Fernwartung gefährdet werden können. Bei Safety-Maschinen muss der interne OT-Mitarbeitende sowohl organisatorisch als auch technisch die Hoheit über den Beginn und das Ende der Fernwartung haben. Vertraglich muss ausgeschlossen werden, dass der Remote-Zugriff ohne explizite Zustimmung der internen OT-Mitarbeitenden aufgebaut und aufrechterhalten werden kann.

Quelle: Einsatz von Online-Diensten (S.1-2), Verbindliche Regelung der OT-Fernwartung durch Dritte (S.2-3), Fernwartung durch Dritte (S.4-5), Fernwartung durch Maschinen- und Anlagenbauende (S.6-7)

Anschlussfragen:
1. Welche technischen Maßnahmen sind erforderlich, um die Ende-zu-Ende-Verschlüsselung bei der Nutzung von Online-Diensten zur Fernwartung sicherzustellen?
2. Wie können interne Mitarbeitende die Fernwartungszugriffe von Externen effektiv autorisieren und beobachten?
3. Welche spezifischen Anforderungen gelten für die Fernwartung von Safety-Maschinen im industriellen Umfeld?";"Der Einsatz von Online-Diensten zur Fernwartung sollte gemäß den IT-Grundschutz-Anforderungen geregelt werden. Die Institution sollte festlegen, unter welchen Umständen solche Dienste genutzt werden dürfen, und deren Einsatz auf möglichst wenige Fälle beschränken. Es sollte sichergestellt werden, dass der Online-Dienst die übertragenen Informationen Ende-zu-Ende-verschlüsselt und dass die IT-Systeme keine automatisierten Verbindungen zum Online-Dienst aufbauen. Diese Regelungen sind notwendig, um die Sicherheit der Fernwartung zu gewährleisten und potenzielle Risiken zu minimieren.

Vertragliche Regelungen mit externen Dienstleistenden sind ebenfalls erforderlich. Diese Regelungen müssen gewährleisten, dass externe Benutzende die OT-Fernwartungszugänge ausschließlich kontrolliert und abgestimmt nutzen. Es muss festgelegt werden, über welche Fernwartungszugänge welche Tätigkeiten durch welche externen Benutzenden zulässig sind und welche internen Mitarbeitenden die Fernwartungszugriffe autorisieren, beobachten und unterstützen. Insbesondere im industriellen Umfeld muss sichergestellt werden, dass Personen an oder in Anlagen und Maschinen nicht durch eine aktive Fernwartung gefährdet werden können. Bei Safety-Maschinen muss der interne OT-Mitarbeitende sowohl organisatorisch als auch technisch die Hoheit über den Beginn und das Ende der Fernwartung haben. Vertraglich muss ausgeschlossen werden, dass der Remote-Zugriff ohne explizite Zustimmung der internen OT-Mitarbeitenden aufgebaut und aufrechterhalten werden kann.

Quelle: Einsatz von Online-Diensten (S.1-2), Verbindliche Regelung der OT-Fernwartung durch Dritte (S.2-3), Fernwartung durch Dritte (S.4-5), Fernwartung durch Maschinen- und Anlagenbauende (S.6-7)";"1. Welche technischen Maßnahmen sind erforderlich, um die Ende-zu-Ende-Verschlüsselung bei der Nutzung von Online-Diensten zur Fernwartung sicherzustellen?
2. Wie können interne Mitarbeitende die Fernwartungszugriffe von Externen effektiv autorisieren und beobachten?
3. Welche spezifischen Anforderungen gelten für die Fernwartung von Safety-Maschinen im industriellen Umfeld?";3;3;0.8041666666465626;1.0;1.0;0.5043109548370128;Welche technischen Maßnahmen sind erforderlich, um die Ende-zu-Ende-Verschlüsselung bei der Nutzung von Online-Diensten zur Fernwartung sicherzustellen?;2;2;Direkte technische Anforderungen;Wie können interne Mitarbeitende die Fernwartungszugriffe von Externen effektiv autorisieren und beobachten?;2;2;Direkte Regelungen;Welche spezifischen Anforderungen gelten für die Fernwartung von Safety-Maschinen im industriellen Umfeld?;1;2;Teilweise abgedeckt durch OT-Fernwartung;1.667;2.0
Wie werden Mitarbeitende im Umgang mit Fernwartungswerkzeugen unterstützt?;"Mitarbeitende im Umgang mit Fernwartungswerkzeugen werden durch organisatorische Verwaltungsprozesse, Bedienungsanleitungen und Schulungsmaßnahmen unterstützt Quelle: OPS.1.2.5.A10 (S). Es SOLLTE eine Bedienungsanleitung für den Umgang mit den Fernwartungswerkzeugen vorliegen Quelle: OPS.1.2.5.A10 (S). Zusätzlich zu den allgemeinen Schulungsmaßnahmen SOLLTE der IT-Betrieb besonders im Umgang mit den Fernwartungswerkzeugen sensibilisiert und geschult werden Quelle: OPS.1.2.5.A10 (S). 

Anschlussfragen:
1. Wie werden die organisatorischen Verwaltungsprozesse zum Umgang mit Fernwartungswerkzeugen etabliert?
2. Welche Rolle spielt die Sensibilisierung und Schulung des IT-Betriebs im Umgang mit Fernwartungswerkzeugen?
3. Wie werden die Sicherheitsaspekte der eingesetzten Kommunikationsverbindungen und Authentisierungsmechanismen bei der Fernwartung berücksichtigt?";Mitarbeitende im Umgang mit Fernwartungswerkzeugen werden durch organisatorische Verwaltungsprozesse, Bedienungsanleitungen und Schulungsmaßnahmen unterstützt Quelle: OPS.1.2.5.A10 (S). Es SOLLTE eine Bedienungsanleitung für den Umgang mit den Fernwartungswerkzeugen vorliegen Quelle: OPS.1.2.5.A10 (S). Zusätzlich zu den allgemeinen Schulungsmaßnahmen SOLLTE der IT-Betrieb besonders im Umgang mit den Fernwartungswerkzeugen sensibilisiert und geschult werden Quelle: OPS.1.2.5.A10 (S).;OPS.1.2.5.A10 Umgang mit Fernwartungswerkzeugen (S) Es SOLLTEN organisatorische Verwaltungsprozesse zum Umgang mit den ausgewählten Fernwartungswerkzeugen etabliert werden. Es SOLLTE eine Bedienungsanleitung für den Umgang mit den Fernwartungswerkzeugen vorliegen. Ergänzend zu den allgemeinen Schulungsmaßnahmen SOLLTEN Musterabläufe für die passive und die aktive Fernwartung erstellt und kommuniziert werden. Zusätzlich zu den allgemeinen Schulungsmaßnahmen SOLLTE der IT-Betrieb besonders im Umgang mit den Fernwartungswerkzeugen sensibilisiert und geschult werden. Es SOLLTE ein Ansprechpartner oder eine Ansprechpartnerin für alle fachlichen Fragen zu den Fernwartungswerkzeugen benannt werden.;"Mitarbeitende werden im Umgang mit Fernwartungswerkzeugen durch verschiedene Maßnahmen unterstützt. Es SOLLTEN organisatorische Verwaltungsprozesse zum Umgang mit den ausgewählten Fernwartungswerkzeugen etabliert werden. Zudem SOLLTE eine Bedienungsanleitung für den Umgang mit den Fernwartungswerkzeugen vorliegen. Ergänzend zu den allgemeinen Schulungsmaßnahmen SOLLTEN Musterabläufe für die passive und die aktive Fernwartung erstellt und kommuniziert werden. Zusätzlich SOLLTE der IT-Betrieb besonders im Umgang mit den Fernwartungswerkzeugen sensibilisiert und geschult werden. Es SOLLTE ein Ansprechpartner oder eine Ansprechpartnerin für alle fachlichen Fragen zu den Fernwartungswerkzeugen benannt werden. Quelle: Umgang mit Fernwartungswerkzeugen (S.1-2)

Anschlussfragen:
1. Welche organisatorischen Verwaltungsprozesse sind für den Umgang mit Fernwartungswerkzeugen erforderlich?
2. Wie können Musterabläufe für die passive und aktive Fernwartung erstellt und kommuniziert werden?
3. Welche spezifischen Schulungsmaßnahmen sind für den IT-Betrieb im Umgang mit Fernwartungswerkzeugen erforderlich?";Mitarbeitende werden im Umgang mit Fernwartungswerkzeugen durch verschiedene Maßnahmen unterstützt. Es SOLLTEN organisatorische Verwaltungsprozesse zum Umgang mit den ausgewählten Fernwartungswerkzeugen etabliert werden. Zudem SOLLTE eine Bedienungsanleitung für den Umgang mit den Fernwartungswerkzeugen vorliegen. Ergänzend zu den allgemeinen Schulungsmaßnahmen SOLLTEN Musterabläufe für die passive und die aktive Fernwartung erstellt und kommuniziert werden. Zusätzlich SOLLTE der IT-Betrieb besonders im Umgang mit den Fernwartungswerkzeugen sensibilisiert und geschult werden. Es SOLLTE ein Ansprechpartner oder eine Ansprechpartnerin für alle fachlichen Fragen zu den Fernwartungswerkzeugen benannt werden. Quelle: Umgang mit Fernwartungswerkzeugen (S.1-2);"1. Welche organisatorischen Verwaltungsprozesse sind für den Umgang mit Fernwartungswerkzeugen erforderlich?
2. Wie können Musterabläufe für die passive und aktive Fernwartung erstellt und kommuniziert werden?
3. Welche spezifischen Schulungsmaßnahmen sind für den IT-Betrieb im Umgang mit Fernwartungswerkzeugen erforderlich?";3;3;0.99999999995;1.0;1.0;0.7719738807740929;Welche organisatorischen Verwaltungsprozesse sind für den Umgang mit Fernwartungswerkzeugen erforderlich?;2;2;Direkt relevante Vertiefung;Wie können Musterabläufe für die passive und aktive Fernwartung erstellt und kommuniziert werden?;2;2;Direkte Erwähnung von Musterabläufen;Welche spezifischen Schulungsmaßnahmen sind für den IT-Betrieb im Umgang mit Fernwartungswerkzeugen erforderlich?;2;2;Schulungsmaßnahmen für IT-Betrieb;2.0;2.0
Welche Anforderungen gelten für die Authentisierung bei Fernwartung?;"Für die Authentisierung bei Fernwartung SOLLTEN Mehr-Faktor-Verfahren zur Authentisierung eingesetzt werden Quelle: OPS.1.2.5.A17 (S). Die Auswahl der Authentisierungsmethode und die Gründe, die zu der Auswahl geführt haben, SOLLTEN dokumentiert werden Quelle: OPS.1.2.5.A17 (S). Fernwartungszugänge SOLLTEN im Identitäts- und Berechtigungsmanagement der Institution berücksichtigt werden Quelle: OPS.1.2.5.A17 (S).

Anschlussfragen:
1. Welche Rolle spielt die Dokumentation bei der Auswahl von Authentisierungsmethoden für die Fernwartung?
2. Wie sollten Fernwartungszugänge im Identitäts- und Berechtigungsmanagement berücksichtigt werden?
3. Welche zusätzlichen Bausteine sollten bei der Nutzung von Fernwartung beachtet werden?";Für die Authentisierung bei Fernwartung SOLLTEN Mehr-Faktor-Verfahren zur Authentisierung eingesetzt werden Quelle: OPS.1.2.5.A17 (S). Die Auswahl der Authentisierungsmethode und die Gründe, die zu der Auswahl geführt haben, SOLLTEN dokumentiert werden Quelle: OPS.1.2.5.A17 (S). Fernwartungszugänge SOLLTEN im Identitäts- und Berechtigungsmanagement der Institution berücksichtigt werden Quelle: OPS.1.2.5.A17 (S).;OPS.1.2.5.A17 Authentisierungsmechanismen bei der Fernwartung (S) Für die Fernwartung SOLLTEN Mehr-Faktor-Verfahren zur Authentisierung eingesetzt werden. Die Auswahl der Authentisierungsmethode und die Gründe, die zu der Auswahl geführt haben, SOLLTEN dokumentiert werden. Fernwartungszugänge SOLLTEN im Identitäts- und Berechtigungsmanagement der Institution berücksichtigt werden.;"Für die Authentisierung bei Fernwartung gelten folgende Anforderungen:

- **Mehr-Faktor-Verfahren**: Mehr-Faktor-Verfahren zur Authentisierung SOLLTEN eingesetzt werden. Quelle: Authentisierungsmechanismen bei der Fernwartung (S.1)
- **Dokumentation der Authentisierungsmethode**: Die Auswahl der Authentisierungsmethode und die Gründe, die zu der Auswahl geführt haben, SOLLTEN dokumentiert werden. Quelle: Authentisierungsmechanismen bei der Fernwartung (S.1)
- **Identitäts- und Berechtigungsmanagement**: Fernwartungszugänge SOLLTEN im Identitäts- und Berechtigungsmanagement der Institution berücksichtigt werden. Quelle: Authentisierungsmechanismen bei der Fernwartung (S.1)

Anschlussfragen:
1. Welche weiteren Anforderungen gelten für die Absicherung der Fernwartung?
2. Wie können unsichere Protokolle in der Fernwartung vermieden werden?
3. Welche Rolle spielt die Dokumentation bei der Fernwartung?";"Für die Authentisierung bei Fernwartung gelten folgende Anforderungen:

- **Mehr-Faktor-Verfahren**: Mehr-Faktor-Verfahren zur Authentisierung SOLLTEN eingesetzt werden. Quelle: Authentisierungsmechanismen bei der Fernwartung (S.1)
- **Dokumentation der Authentisierungsmethode**: Die Auswahl der Authentisierungsmethode und die Gründe, die zu der Auswahl geführt haben, SOLLTEN dokumentiert werden. Quelle: Authentisierungsmechanismen bei der Fernwartung (S.1)
- **Identitäts- und Berechtigungsmanagement**: Fernwartungszugänge SOLLTEN im Identitäts- und Berechtigungsmanagement der Institution berücksichtigt werden. Quelle: Authentisierungsmechanismen bei der Fernwartung (S.1)";"1. Welche weiteren Anforderungen gelten für die Absicherung der Fernwartung?
2. Wie können unsichere Protokolle in der Fernwartung vermieden werden?
3. Welche Rolle spielt die Dokumentation bei der Fernwartung?";3;3;0.874999999978125;1.0;1.0;0.9762629991582589;Welche weiteren Anforderungen gelten für die Absicherung der Fernwartung?;2;2;Direkte Anforderungen;Wie können unsichere Protokolle in der Fernwartung vermieden werden?;2;2;Sichere Protokolle;Welche Rolle spielt die Dokumentation bei der Fernwartung?;2;2;Dokumentation bei Fernwartung;2.0;2.0
Wie ist Fernwartung durch externe Dienstleister abzusichern?;"Fernwartung durch externe Dienstleister sollte wie folgt abgesichert werden: Alle Fernwartungsaktivitäten von externen Dienstleistern SOLLTEN von internen Mitarbeitenden beobachtet werden Quelle: OPS.1.2.5.A19 (S). Alle Fernwartungsvorgänge durch Dritte SOLLTEN aufgezeichnet werden Quelle: OPS.1.2.5.A19 (S). Mit externem Wartungspersonal MÜSSEN vertragliche Regelungen über die Sicherheit der betroffenen IT-Systeme und Informationen geschlossen werden Quelle: OPS.1.2.5.A19 (S). 

Anschlussfragen:
1. Wie sollten die Pflichten und Kompetenzen des externen Wartungspersonals in den vertraglichen Regelungen festgehalten werden?
2. Welche Anforderungen müssen erfüllt werden, wenn cloudbasierte Fernwartungsprodukte verwendet werden?
3. Wie sollten die Fernwartungsschnittstellen konfiguriert sein, um sicherzustellen, dass externe Dienstleister nur auf die notwendigen IT-Systeme und Netzsegmente zugreifen können?";Fernwartung durch externe Dienstleister sollte wie folgt abgesichert werden: Alle Fernwartungsaktivitäten von externen Dienstleistern SOLLTEN von internen Mitarbeitenden beobachtet werden Quelle: OPS.1.2.5.A19 (S). Alle Fernwartungsvorgänge durch Dritte SOLLTEN aufgezeichnet werden Quelle: OPS.1.2.5.A19 (S). Mit externem Wartungspersonal MÜSSEN vertragliche Regelungen über die Sicherheit der betroffenen IT-Systeme und Informationen geschlossen werden Quelle: OPS.1.2.5.A19 (S).;OPS.1.2.5.A19 Fernwartung durch Dritte (S) Wird die Fernwartung von Externen durchgeführt, SOLLTEN alle Fernwartungsaktivitäten von internen Mitarbeitenden beobachtet werden. Alle Fernwartungsvorgänge durch Dritte SOLLTEN aufgezeichnet werden. Mit externem Wartungspersonal MÜSSEN vertragliche Regelungen über die Sicherheit der betroffenen IT-Systeme und Informationen geschlossen werden. Die Pflichten und Kompetenzen des externen Wartungspersonals SOLLTEN in den vertraglichen Regelungen festgehalten werden. Sollten Dienstleistende mehrere Kunden und Kundinnen fernwarten, MUSS gewährleistet sein, dass die Netze der Kunden und Kundinnen nicht miteinander verbunden werden. Die Fernwartungsschnittstellen SOLLTEN so konfiguriert sein, dass es Dienstleistenden nur möglich ist, auf die IT-Systeme und Netzsegmente zuzugreifen, die für seine Arbeit benötigt werden.;"Die Fernwartung durch externe Dienstleister muss gemäß den IT-Grundschutz-Anforderungen des BSI besonders abgesichert werden. Hier sind die wichtigsten Maßnahmen:

1. **Vertragliche Regelungen**:
   - Mit externen Dienstleistern müssen vertragliche Vereinbarungen getroffen werden, die den kontrollierten und abgestimmten Zugriff auf OT-Fernwartungszugänge sicherstellen. Diese Regelungen müssen gewährleisten, dass externe Benutzende die Zugänge ausschließlich wie vereinbart nutzen. Quelle: Verbindliche Regelung der OT-Fernwartung durch Dritte (S. 1-2)
   - Es muss festgelegt werden, welche Tätigkeiten durch welche externen Benutzenden über welche Fernwartungszugänge zulässig sind. Quelle: Verbindliche Regelung der OT-Fernwartung durch Dritte (S. 2)
   - Bei Safety-Maschinen muss die interne OT-Mitarbeitende die Hoheit über den Beginn und das Ende der Fernwartung haben. Quelle: Verbindliche Regelung der OT-Fernwartung durch Dritte (S. 2)

2. **Überwachung und Aufzeichnung**:
   - Alle Fernwartungsaktivitäten durch Dritte sollten von internen Mitarbeitenden beobachtet werden. Quelle: Fernwartung durch Dritte (S. 3)
   - Alle Fernwartungsvorgänge durch Dritte sollten aufgezeichnet werden. Quelle: Fernwartung durch Dritte (S. 3)

3. **Technische Absicherung**:
   - Fernwartungsverbindungen über nicht vertrauenswürdige Netze müssen verschlüsselt werden. Quelle: Absicherung der Schnittstellen zur Fernwartung (S. 5)
   - Fernwartungssoftware darf nur auf IT-Systemen installiert werden, auf denen sie benötigt wird. Quelle: Absicherung der Schnittstellen zur Fernwartung (S. 5)

4. **Spezifische Anforderungen für VS-IT**:
   - Die Fernwartungsverbindung muss verschlüsselt sein und IT-Sicherheitsprodukte mit Zulassungsaussage einsetzen. Quelle: Fernwartung von VS-IT nach § 3 Abs. 3 VSA (S. 3-4)
   - Die IT, mit der die Fernwartung durchgeführt wird, sowie die Übertragungsstrecken müssen als VS-IT behandelt und als Schutzobjekte definiert werden. Quelle: Fernwartung von VS-IT nach § 3 Abs. 3 VSA (S. 4)

5. **Einsatz von Online-Diensten**:
   - Der Einsatz von Online-Diensten zur Fernwartung sollte auf möglichst wenige Fälle beschränkt werden. Quelle: Einsatz von Online-Diensten (S. 4)
   - Es sollte sichergestellt werden, dass der eingesetzte Online-Dienst die übertragenen Informationen Ende-zu-Ende-verschlüsselt. Quelle: Einsatz von Online-Diensten (S. 4)

**Anschlussfragen:**
1. Welche spezifischen vertraglichen Regelungen sind für die Fernwartung durch externe Dienstleister erforderlich?
2. Wie können Fernwartungsaktivitäten effektiv überwacht und aufgezeichnet werden?
3. Welche technischen Maßnahmen sind zusätzlich zu Verschlüsselung und Zugriffsbeschränkungen erforderlich, um die Fernwartung abzusichern?";"Die Fernwartung durch externe Dienstleister muss gemäß den IT-Grundschutz-Anforderungen des BSI besonders abgesichert werden. Hier sind die wichtigsten Maßnahmen:

1. **Vertragliche Regelungen**:
   - Mit externen Dienstleistern müssen vertragliche Vereinbarungen getroffen werden, die den kontrollierten und abgestimmten Zugriff auf OT-Fernwartungszugänge sicherstellen. Diese Regelungen müssen gewährleisten, dass externe Benutzende die Zugänge ausschließlich wie vereinbart nutzen. Quelle: Verbindliche Regelung der OT-Fernwartung durch Dritte (S. 1-2)
   - Es muss festgelegt werden, welche Tätigkeiten durch welche externen Benutzenden über welche Fernwartungszugänge zulässig sind. Quelle: Verbindliche Regelung der OT-Fernwartung durch Dritte (S. 2)
   - Bei Safety-Maschinen muss die interne OT-Mitarbeitende die Hoheit über den Beginn und das Ende der Fernwartung haben. Quelle: Verbindliche Regelung der OT-Fernwartung durch Dritte (S. 2)

2. **Überwachung und Aufzeichnung**:
   - Alle Fernwartungsaktivitäten durch Dritte sollten von internen Mitarbeitenden beobachtet werden. Quelle: Fernwartung durch Dritte (S. 3)
   - Alle Fernwartungsvorgänge durch Dritte sollten aufgezeichnet werden. Quelle: Fernwartung durch Dritte (S. 3)

3. **Technische Absicherung**:
   - Fernwartungsverbindungen über nicht vertrauenswürdige Netze müssen verschlüsselt werden. Quelle: Absicherung der Schnittstellen zur Fernwartung (S. 5)
   - Fernwartungssoftware darf nur auf IT-Systemen installiert werden, auf denen sie benötigt wird. Quelle: Absicherung der Schnittstellen zur Fernwartung (S. 5)

4. **Spezifische Anforderungen für VS-IT**:
   - Die Fernwartungsverbindung muss verschlüsselt sein und IT-Sicherheitsprodukte mit Zulassungsaussage einsetzen. Quelle: Fernwartung von VS-IT nach § 3 Abs. 3 VSA (S. 3-4)
   - Die IT, mit der die Fernwartung durchgeführt wird, sowie die Übertragungsstrecken müssen als VS-IT behandelt und als Schutzobjekte definiert werden. Quelle: Fernwartung von VS-IT nach § 3 Abs. 3 VSA (S. 4)

5. **Einsatz von Online-Diensten**:
   - Der Einsatz von Online-Diensten zur Fernwartung sollte auf möglichst wenige Fälle beschränkt werden. Quelle: Einsatz von Online-Diensten (S. 4)
   - Es sollte sichergestellt werden, dass der eingesetzte Online-Dienst die übertragenen Informationen Ende-zu-Ende-verschlüsselt. Quelle: Einsatz von Online-Diensten (S. 4)";"1. Welche spezifischen vertraglichen Regelungen sind für die Fernwartung durch externe Dienstleister erforderlich?
2. Wie können Fernwartungsaktivitäten effektiv überwacht und aufgezeichnet werden?
3. Welche technischen Maßnahmen sind zusätzlich zu Verschlüsselung und Zugriffsbeschränkungen erforderlich, um die Fernwartung abzusichern?";3;3;0.788492063478922;1.0;1.0;0.4874575897964157;Welche spezifischen vertraglichen Regelungen sind für die Fernwartung durch externe Dienstleister erforderlich?;2;2;Vertragliche Regelungen;Wie können Fernwartungsaktivitäten effektiv überwacht und aufgezeichnet werden?;2;2;Direkte Überwachung und Aufzeichnung;Welche technischen Maßnahmen sind zusätzlich zu Verschlüsselung und Zugriffsbeschränkungen erforderlich, um die Fernwartung abzusichern?;2;2;Direkte technische Anforderungen;2.0;2.0
Welche Maßnahmen gehören zum sicheren Betrieb der Fernwartung?;"Für den sicheren Betrieb der Fernwartung SOLLTE ein Meldeprozess für Support- und Fernwartungsanliegen etabliert werden Quelle: OPS.1.2.5.A20 (S). Mechanismen zur Erkennung und Abwehr von hochvolumigen Angriffen, TCP-StateExhaustion-Angriffen und Angriffen auf Applikationsebene SOLLTEN implementiert sein Quelle: OPS.1.2.5.A20 (S). Alle Fernwartungsvorgänge SOLLTEN protokolliert werden Quelle: OPS.1.2.5.A20 (S).

Anschlussfragen:
1. Welche Rolle spielt die Authentisierung bei der Fernwartung?
2. Wie werden die Sicherheitsaspekte der eingesetzten Kommunikationsverbindungen bei der Fernwartung berücksichtigt?
3. Welche zusätzlichen Bausteine müssen bei der Nutzung von cloudbasierten Fernwartungsprodukten beachtet werden?";Für den sicheren Betrieb der Fernwartung SOLLTE ein Meldeprozess für Support- und Fernwartungsanliegen etabliert werden Quelle: OPS.1.2.5.A20 (S). Mechanismen zur Erkennung und Abwehr von hochvolumigen Angriffen, TCP-StateExhaustion-Angriffen und Angriffen auf Applikationsebene SOLLTEN implementiert sein Quelle: OPS.1.2.5.A20 (S). Alle Fernwartungsvorgänge SOLLTEN protokolliert werden Quelle: OPS.1.2.5.A20 (S).;OPS.1.2.5.A20 Betrieb der Fernwartung (S) Ein Meldeprozess für Support- und Fernwartungsanliegen SOLLTE etabliert werden. Es SOLLTEN Mechanismen zur Erkennung und Abwehr von hochvolumigen Angriffen, TCP-StateExhaustion-Angriffen und Angriffen auf Applikationsebene implementiert sein. Alle Fernwartungsvorgänge SOLLTEN protokolliert werden.;"Zum sicheren Betrieb der Fernwartung sind folgende Maßnahmen erforderlich:

1. **Regelungen und Planung**:
   - Es MÜSSEN Regelungen zur Fernwartung festgelegt werden, die festlegen, wie Anwendungen zur Fernwartung konfiguriert werden sollen, um zusätzliche Risiken für das interne Netz zu vermeiden. Quelle: Unzureichende Kenntnisse über Regelungen der Fernwartung (S. 1-2)
   - Die Fernwartung MUSS sorgfältig geplant, aufgebaut und geregelt werden, um die Sicherheit aller IT-Systeme einer Institution zu gewährleisten. Quelle: Fehlende oder unzureichende Planung und Regelung der Fernwartung (S. 2-3)

2. **Authentisierung**:
   - Es MUSS ein sicheres Authentisierungsverfahren genutzt werden, um unberechtigte Zugriffe zu verhindern. Beispielsweise SOLLTE ein zertifikatbasiertes Verfahren anstelle eines unsicheren Passworts verwendet werden. Quelle: Ungeeignete Nutzung von Authentisierung bei der Fernwartung (S. 3-4)

3. **Professionelle und regelmäßige Fernwartung**:
   - Die Fernwartung MUSS professionell und regelmäßig durchgeführt werden, um die Sicherheit und Funktionsfähigkeit der IT-Systeme und Anwendungen zu gewährleisten. Quelle: Fehlerhafte Fernwartung (S. 4-5)

4. **Sichere Protokolle**:
   - Es MUSS sichergestellt werden, dass sichere Protokolle für die Kommunikation über öffentliche und interne Netze verwendet werden. Veraltete oder unsichere Protokolle SOLLTEN vermieden werden. Quelle: Verwendung unsicherer Protokolle in der Fernwartung (S. 5-6)

5. **Regelungen zur Fremdnutzung**:
   - Es MUSS vertraglich geregelt werden, wie IT-Systeme von Dritten ferngewartet werden dürfen, um die Zuständigkeiten und Rollentrennungen klar zu definieren. Quelle: Fehlende Regelungen zur Fremdnutzung der Fernwartungszugänge (S. 6-7)

6. **Online-Dienste**:
   - Falls Online-Dienste für die Fernwartung genutzt werden, MUSS sichergestellt werden, dass die Kommunikation Ende-zu-Ende verschlüsselt wird, um den Datenaustausch zu schützen. Quelle: Nutzung von Online-Diensten für die Fernwartung (S. 7-8)

7. **Fernwartungskomponenten**:
   - Es MUSS sichergestellt werden, dass integrierte Fernwartungskomponenten in IT-Systemen bekannt sind und ihre Sicherheitsmechanismen geprüft werden. Quelle: Unbekannte Fernwartungskomponenten (S. 8-9)

8. **Absicherung der Schnittstellen**:
   - Die Zugänge und Kommunikationsverbindungen für die Fernwartung MÜSSEN auf das notwendige Maß beschränkt werden. Fernwartungsverbindungen über nicht vertrauenswürdige Netze MÜSSEN verschlüsselt werden. Quelle: Absicherung der Schnittstellen zur Fernwartung (S. 9-10)

9. **Planung des Einsatzes der Fernwartung in der OT**:
   - Im industriellen Umfeld MUSS ein einheitliches, zentrales Fernwartungskonzept erstellt werden, das alle relevanten Aspekte berücksichtigt. Quelle: Planung des Einsatzes der Fernwartung in der OT (S. 10-11)

10. **Sichere Administration**:
    - Für die Administration und Fernwartung in der OT SOLLTEN sichere Protokolle oder abgetrennte Administrationsnetze mit entsprechendem Schutzbedarf genutzt werden. Quelle: Sichere Administration (S. 11-12)

11. **Fernwartung durch Maschinen- und Anlagenbauende**:
    - Es MUSS eine zentrale Richtlinie für die Fernwartung von Maschinen geben, die festlegt, wie die Fernwartungslösungen einzusetzen sind und wie Kommunikationsverbindungen geschützt werden sollen. Quelle: Fernwartung durch Maschinen- und Anlagenbauende (S. 12-13)

Anschlussfragen:
1. Welche spezifischen Anforderungen gibt es für die Fernwartung im industriellen Umfeld?
2. Wie können integrierte Fernwartungskomponenten in IT-Systemen identifiziert und gesichert werden?
3. Welche Maßnahmen sind erforderlich, um die Sicherheit von Online-Diensten für die Fernwartung zu gewährleisten?";"Zum sicheren Betrieb der Fernwartung sind folgende Maßnahmen erforderlich:

1. **Regelungen und Planung**:
   - Es MÜSSEN Regelungen zur Fernwartung festgelegt werden, die festlegen, wie Anwendungen zur Fernwartung konfiguriert werden sollen, um zusätzliche Risiken für das interne Netz zu vermeiden. Quelle: Unzureichende Kenntnisse über Regelungen der Fernwartung (S. 1-2)
   - Die Fernwartung MUSS sorgfältig geplant, aufgebaut und geregelt werden, um die Sicherheit aller IT-Systeme einer Institution zu gewährleisten. Quelle: Fehlende oder unzureichende Planung und Regelung der Fernwartung (S. 2-3)

2. **Authentisierung**:
   - Es MUSS ein sicheres Authentisierungsverfahren genutzt werden, um unberechtigte Zugriffe zu verhindern. Beispielsweise SOLLTE ein zertifikatbasiertes Verfahren anstelle eines unsicheren Passworts verwendet werden. Quelle: Ungeeignete Nutzung von Authentisierung bei der Fernwartung (S. 3-4)

3. **Professionelle und regelmäßige Fernwartung**:
   - Die Fernwartung MUSS professionell und regelmäßig durchgeführt werden, um die Sicherheit und Funktionsfähigkeit der IT-Systeme und Anwendungen zu gewährleisten. Quelle: Fehlerhafte Fernwartung (S. 4-5)

4. **Sichere Protokolle**:
   - Es MUSS sichergestellt werden, dass sichere Protokolle für die Kommunikation über öffentliche und interne Netze verwendet werden. Veraltete oder unsichere Protokolle SOLLTEN vermieden werden. Quelle: Verwendung unsicherer Protokolle in der Fernwartung (S. 5-6)

5. **Regelungen zur Fremdnutzung**:
   - Es MUSS vertraglich geregelt werden, wie IT-Systeme von Dritten ferngewartet werden dürfen, um die Zuständigkeiten und Rollentrennungen klar zu definieren. Quelle: Fehlende Regelungen zur Fremdnutzung der Fernwartungszugänge (S. 6-7)

6. **Online-Dienste**:
   - Falls Online-Dienste für die Fernwartung genutzt werden, MUSS sichergestellt werden, dass die Kommunikation Ende-zu-Ende verschlüsselt wird, um den Datenaustausch zu schützen. Quelle: Nutzung von Online-Diensten für die Fernwartung (S. 7-8)

7. **Fernwartungskomponenten**:
   - Es MUSS sichergestellt werden, dass integrierte Fernwartungskomponenten in IT-Systemen bekannt sind und ihre Sicherheitsmechanismen geprüft werden. Quelle: Unbekannte Fernwartungskomponenten (S. 8-9)

8. **Absicherung der Schnittstellen**:
   - Die Zugänge und Kommunikationsverbindungen für die Fernwartung MÜSSEN auf das notwendige Maß beschränkt werden. Fernwartungsverbindungen über nicht vertrauenswürdige Netze MÜSSEN verschlüsselt werden. Quelle: Absicherung der Schnittstellen zur Fernwartung (S. 9-10)

9. **Planung des Einsatzes der Fernwartung in der OT**:
   - Im industriellen Umfeld MUSS ein einheitliches, zentrales Fernwartungskonzept erstellt werden, das alle relevanten Aspekte berücksichtigt. Quelle: Planung des Einsatzes der Fernwartung in der OT (S. 10-11)

10. **Sichere Administration**:
    - Für die Administration und Fernwartung in der OT SOLLTEN sichere Protokolle oder abgetrennte Administrationsnetze mit entsprechendem Schutzbedarf genutzt werden. Quelle: Sichere Administration (S. 11-12)

11. **Fernwartung durch Maschinen- und Anlagenbauende**:
    - Es MUSS eine zentrale Richtlinie für die Fernwartung von Maschinen geben, die festlegt, wie die Fernwartungslösungen einzusetzen sind und wie Kommunikationsverbindungen geschützt werden sollen. Quelle: Fernwartung durch Maschinen- und Anlagenbauende (S. 12-13)";"1. Welche spezifischen Anforderungen gibt es für die Fernwartung im industriellen Umfeld?
2. Wie können integrierte Fernwartungskomponenten in IT-Systemen identifiziert und gesichert werden?
3. Welche Maßnahmen sind erforderlich, um die Sicherheit von Online-Diensten für die Fernwartung zu gewährleisten?";3;3;0.9166666666361111;0.0;1.0;0.6161987020052926;Welche spezifischen Anforderungen gibt es für die Fernwartung im industriellen Umfeld?;2;2;Direkte Anforderungen;Wie können integrierte Fernwartungskomponenten in IT-Systemen identifiziert und gesichert werden?;2;2;Direkte Relevanz zu Fernwartungssicherheit;Welche Maßnahmen sind erforderlich, um die Sicherheit von Online-Diensten für die Fernwartung zu gewährleisten?;2;2;Direkte Relevanz zu Fernwartungssicherheit;2.0;2.0
Wie wird auf den Ausfall von Fernwartung reagiert?;"Um auf den Ausfall von Fernwartung zu reagieren, SOLLTE ein Konzept entwickelt werden, das im Falle eines Ausfalls festhält, wie zu reagieren ist, um Störungen, Schäden und Folgeschäden zu minimieren Quelle: OPS.1.2.5.A21 (S). Dieses Konzept SOLLTE auch festlegen, wie eine zeitnahe Wiederherstellung des Normalbetriebs erfolgen kann Quelle: OPS.1.2.5.A21 (S).

Anschlussfragen:
1. Wie kann ein Notfallplan für den Ausfall von Fernwartungskomponenten erstellt werden?
2. Welche Rolle spielt die Absicherung der Fernwartungszugänge bei der Reaktion auf einen Ausfall?
3. Wie können cloudbasierte Fernwartungsprodukte bei der Reaktion auf einen Ausfall berücksichtigt werden?";Um auf den Ausfall von Fernwartung zu reagieren, SOLLTE ein Konzept entwickelt werden, das im Falle eines Ausfalls festhält, wie zu reagieren ist, um Störungen, Schäden und Folgeschäden zu minimieren Quelle: OPS.1.2.5.A21 (S). Dieses Konzept SOLLTE auch festlegen, wie eine zeitnahe Wiederherstellung des Normalbetriebs erfolgen kann Quelle: OPS.1.2.5.A21 (S).;OPS.1.2.5.A21 Erstellung eines Notfallplans für den Ausfall der Fernwartung (S) Es SOLLTE ein Konzept entwickelt werden, wie die Folgen eines Ausfalls von Fernwartungskomponenten minimiert werden können. Dieses SOLLTE festhalten, wie im Falle eines Ausfalls zu reagieren ist. Durch den Notfallplan SOLLTE sichergestellt sein, dass Störungen, Schäden und Folgeschäden minimiert werden. Außerdem SOLLTE festgelegt werden, wie eine zeitnahe Wiederherstellung des Normalbetriebs erfolgen kann.;"Um auf den Ausfall von Fernwartungskomponenten zu reagieren, SOLLTE ein Konzept entwickelt werden, das festhält, wie im Falle eines Ausfalls zu reagieren ist. Dieses Konzept SOLLTE sicherstellen, dass Störungen, Schäden und Folgeschäden minimiert werden und eine zeitnahe Wiederherstellung des Normalbetriebs erfolgen kann. Konkrete Maßnahmen könnten die Nutzung alternativer Zugriffsmethoden, die Bereitstellung von Ersatzkomponenten oder die Implementierung von manuellen Arbeitsabläufen umfassen, um die Fernwartung vorübergehend zu ersetzen.

Im industriellen Umfeld MUSS sichergestellt werden, dass weder Personen noch Anlagen durch eine aktive Fernwartung gefährdet werden. Falls Personen- oder Sachschäden möglich sind, MUSS sichergestellt sein, dass OT-Mitarbeitende die Fernwartungstätigkeiten vor Ort mitverfolgen können (Vier-Augen-Prinzip). Die OT-Mitarbeitenden SOLLTEN bei Bedarf eingreifen und eine Fernwartungssitzung unterbrechen können.

Quelle: Fernwartung (S. 1-2), Beobachtung und Kontrolle von OT-Fernwartungssitzungen (S. 1-2)

Anschlussfragen:
1. Welche alternativen Zugriffsmethoden können bei einem Ausfall der Fernwartung genutzt werden?
2. Wie kann die zeitnahe Wiederherstellung des Normalbetriebs nach einem Ausfall der Fernwartung sichergestellt werden?
3. Welche organisatorischen Maßnahmen sind erforderlich, um die Sicherheit bei der Fernwartung im industriellen Umfeld zu gewährleisten?";"Um auf den Ausfall von Fernwartungskomponenten zu reagieren, SOLLTE ein Konzept entwickelt werden, das festhält, wie im Falle eines Ausfalls zu reagieren ist. Dieses Konzept SOLLTE sicherstellen, dass Störungen, Schäden und Folgeschäden minimiert werden und eine zeitnahe Wiederherstellung des Normalbetriebs erfolgen kann. Konkrete Maßnahmen könnten die Nutzung alternativer Zugriffsmethoden, die Bereitstellung von Ersatzkomponenten oder die Implementierung von manuellen Arbeitsabläufen umfassen, um die Fernwartung vorübergehend zu ersetzen.

Im industriellen Umfeld MUSS sichergestellt werden, dass weder Personen noch Anlagen durch eine aktive Fernwartung gefährdet werden. Falls Personen- oder Sachschäden möglich sind, MUSS sichergestellt sein, dass OT-Mitarbeitende die Fernwartungstätigkeiten vor Ort mitverfolgen können (Vier-Augen-Prinzip). Die OT-Mitarbeitenden SOLLTEN bei Bedarf eingreifen und eine Fernwartungssitzung unterbrechen können.

Quelle: Fernwartung (S. 1-2), Beobachtung und Kontrolle von OT-Fernwartungssitzungen (S. 1-2)";"1. Welche alternativen Zugriffsmethoden können bei einem Ausfall der Fernwartung genutzt werden?
2. Wie kann die zeitnahe Wiederherstellung des Normalbetriebs nach einem Ausfall der Fernwartung sichergestellt werden?
3. Welche organisatorischen Maßnahmen sind erforderlich, um die Sicherheit bei der Fernwartung im industriellen Umfeld zu gewährleisten?";3;3;0.8333333332916666;1.0;0.6923076923076923;0.5834107844270631;Welche alternativen Zugriffsmethoden können bei einem Ausfall der Fernwartung genutzt werden?;1;2;Teilweise abgedeckt durch IT-Grundschutz;Wie kann die zeitnahe Wiederherstellung des Normalbetriebs nach einem Ausfall der Fernwartung sichergestellt werden?;2;2;Direkte Wiederherstellung;Welche organisatorischen Maßnahmen sind erforderlich, um die Sicherheit bei der Fernwartung im industriellen Umfeld zu gewährleisten?;2;2;Direkt relevante Frage;1.667;2.0
Was ist der Unterschied zwischen Cloud und normalem Outsourcing?;"Der Unterschied zwischen Cloud und normalem Outsourcing liegt in mehreren Aspekten. Im Gegensatz zum klassischen IT-Outsourcing, bei dem die komplette gemietete Infrastruktur exklusiv von einem Kunden genutzt wird (Single Tenant Architektur), teilen sich in einer Cloud oft mehrere Anwendende eine gemeinsame Infrastruktur aus wirtschaftlichen Gründen Quelle: Abgrenzung und Modellierung (S.1). 

Cloud-Dienste sind dynamisch und innerhalb viel kürzerer Zeiträume nach oben und unten skalierbar, was es ermöglicht, Angebote rascher an den tatsächlichen Bedarf der Anwendenden anzupassen Quelle: Abgrenzung und Modellierung (S.1). 

Darüber hinaus werden Cloud-Dienste in der Regel mittels einer Webschnittstelle durch die Cloud-Anwendenden selbst gesteuert, was eine automatisierte Anpassung der genutzten Dienste auf ihre Bedürfnisse ermöglicht Quelle: Abgrenzung und Modellierung (S.1). 

Schließlich können die Anwendenden die genutzten Dienste und ihre Ressourcen einfach über Web-Oberflächen oder passende Schnittstellen administrieren, wobei wenig Interaktion mit den Cloud-Diensteanbietenden erforderlich ist Quelle: Abgrenzung und Modellierung (S.1).

Anschlussfragen:
1. Wie unterscheidet sich die Skalierbarkeit von Cloud-Diensten im Vergleich zum klassischen IT-Outsourcing?
2. Welche Rolle spielen Webschnittstellen bei der Steuerung von Cloud-Diensten?
3. Wie können Anwendende ihre Ressourcen in der Cloud administrieren?";"Der Unterschied zwischen Cloud und normalem Outsourcing liegt in mehreren Aspekten. Im Gegensatz zum klassischen IT-Outsourcing, bei dem die komplette gemietete Infrastruktur exklusiv von einem Kunden genutzt wird (Single Tenant Architektur), teilen sich in einer Cloud oft mehrere Anwendende eine gemeinsame Infrastruktur aus wirtschaftlichen Gründen Quelle: Abgrenzung und Modellierung (S.1). 

Cloud-Dienste sind dynamisch und innerhalb viel kürzerer Zeiträume nach oben und unten skalierbar, was es ermöglicht, Angebote rascher an den tatsächlichen Bedarf der Anwendenden anzupassen Quelle: Abgrenzung und Modellierung (S.1). 

Darüber hinaus werden Cloud-Dienste in der Regel mittels einer Webschnittstelle durch die Cloud-Anwendenden selbst gesteuert, was eine automatisierte Anpassung der genutzten Dienste auf ihre Bedürfnisse ermöglicht Quelle: Abgrenzung und Modellierung (S.1). 

Schließlich können die Anwendenden die genutzten Dienste und ihre Ressourcen einfach über Web-Oberflächen oder passende Schnittstellen administrieren, wobei wenig Interaktion mit den Cloud-Diensteanbietenden erforderlich ist Quelle: Abgrenzung und Modellierung (S.1).";"1.3. Abgrenzung und Modellierung Der Baustein OPS.2.2 Cloud-Nutzung ist immer auf eine konkrete Cloud-Dienstleistung anzuwenden. Nutzt eine Institution unterschiedliche Cloud-Diensteanbietende, so ist der Baustein für alle Cloud-Diensteanbietenden anzuwenden. Die Schnittstelle zwischen den Cloud-Diensteanbietenden ist ebenfalls Gegenstand des Bausteins und muss für alle Cloud-Dienstleistungen betrachtet werden. In nahezu allen Bereitstellungsmodellen, abgesehen von der Nutzung einer Private Cloud On-Premise, stellen Cloud-Dienste eine Sonderform des Outsourcings (siehe Baustein OPS.2.3 Nutzung von Outsourcing) dar. Die im vorliegenden Baustein beschriebenen Gefährdungen und Anforderungen werden daher häufig auch im Outsourcing angewendet. Bei Cloud-Diensten gibt es jedoch einige Besonderheiten, die sich ausschließlich in diesem Baustein wiederfinden. Der Baustein OPS.2.3 Nutzung von Outsourcing ist daher nicht auf Cloud-Dienste anzuwenden. Die in diesem Baustein beschriebenen Gefährdungen und Anforderungen gelten dabei grundsätzlich unabhängig vom genutzten Service- und Bereitstellungsmodell. Sicherheitsanforderungen, mit denen Anbietende ihre Cloud-Dienste schützen können, sind nicht Gegenstand dieses Bausteins. Gefährdungen und spezifische Sicherheitsanforderungen, die durch die Anbindung eines Cloud-Dienstes über entsprechende Schnittstellen (englisch API, Application Programming Interface) als relevant anzusehen sind, werden ebenfalls nicht in diesem Baustein betrachtet. Abgrenzung zum klassischen IT-Outsourcing Beim Outsourcing werden Arbeits-, Produktions- oder Geschäftsprozesse einer Institution ganz oder teilweise zu externen Dienstleistenden ausgelagert. Dies ist ein etablierter Bestandteil heutiger Organisationsstrategien. Das klassische IT-Outsourcing ist meist so gestaltet, dass die komplette gemietete Infrastruktur exklusiv von einem Kunden oder einer Kundin genutzt wird (Single Tenant Architektur), auch wenn Anbietende von Outsourcing normalerweise mehrere Kunden oder Kundinnen haben. Zudem werden Outsourcing-Verträge meistens über längere Laufzeiten abgeschlossen. Die Nutzung von Cloud-Diensten gleicht in vielen Punkten dem klassischen Outsourcing, aber es kommen noch einige Unterschiede hinzu, die zu berücksichtigen sind:

• Aus wirtschaftlichen Gründen teilen sich oft in einer Cloud mehrere Anwendende eine gemeinsame Infrastruktur.

• Cloud-Dienste sind dynamisch und dadurch innerhalb viel kürzerer Zeiträume nach oben und unten skalierbar. So können Cloud-basierte Angebote rascher an den tatsächlichen Bedarf der Anwendenden angepasst werden.

• Die in Anspruch genommenen Cloud-Dienste werden in der Regel mittels einer Webschnittstelle durch die Cloud-Anwendenden selbst gesteuert. So können sie automatisiert die genutzten Dienste auf ihre Bedürfnisse zuschneiden.

• Durch die beim Cloud Computing genutzten Techniken ist es möglich, die IT-Leistung dynamisch über mehrere Standorte zu verteilen, die geographisch sowohl im In- als auch im Ausland weit verstreut sein können.

• Die Anwendenden können die genutzten Dienste und ihre Ressourcen einfach über WebOberflächen oder passende Schnittstellen administrieren, wobei wenig Interaktion mit den Cloud-Diensteanbietenden erforderlich ist.";"Der Unterschied zwischen Cloud und klassischem Outsourcing liegt in mehreren Aspekten, die im Kontext des IT-Grundschutzes relevant sind:

1. **Skalierbarkeit und Flexibilität**:
   Cloud-Dienste sind dynamisch und können innerhalb kürzerer Zeiträume skaliert werden, um den tatsächlichen Bedarf der Anwendenden anzupassen. Dies ermöglicht eine schnellere Anpassung an sich ändernde Anforderungen. Beim klassischen Outsourcing sind die Verträge meist langfristig und weniger flexibel. Quelle: Abgrenzung zum klassischen IT-Outsourcing (S. 1-2)

2. **Nutzung der Infrastruktur**:
   In der Cloud teilen sich oft mehrere Anwendende eine gemeinsame Infrastruktur, während beim klassischen Outsourcing die Infrastruktur in der Regel exklusiv für einen Kunden genutzt wird (Single Tenant Architektur). Quelle: Abgrenzung zum klassischen IT-Outsourcing (S. 1-2)

3. **Selbstverwaltung**:
   Cloud-Dienste werden in der Regel mittels einer Webschnittstelle durch die Anwendenden selbst gesteuert, was eine automatisierte Anpassung der genutzten Dienste ermöglicht. Beim klassischen Outsourcing ist die Interaktion mit den Dienstleistenden oft intensiver und weniger automatisiert. Quelle: Abgrenzung zum klassischen IT-Outsourcing (S. 1-2)

4. **Geografische Verteilung**:
   Durch die Techniken des Cloud Computing können IT-Leistungen dynamisch über mehrere Standorte verteilt werden, die geographisch weit verstreut sein können. Beim klassischen Outsourcing sind die Standorte meist fest definiert und weniger flexibel. Quelle: Abgrenzung zum klassischen IT-Outsourcing (S. 1-2)

5. **Verantwortung und Kontrolle**:
   Bei der Nutzung von Cloud-Diensten verbleibt die Verantwortung für die Informationssicherheit bei der auslagernden Institution, ähnlich wie beim klassischen Outsourcing. Allerdings kann die Kontrolle über die ausgelagerten Geschäftsprozesse und Informationen bei Cloud-Diensten aufgrund der Abhängigkeit von den Cloud-Diensteanbietenden eingeschränkt sein. Quelle: Abhängigkeit von Cloud-Diensteanbietenden (Kontrollverlust) (S. 1-2)

6. **Vertragliche Regelungen**:
   Sowohl bei Cloud-Diensten als auch beim klassischen Outsourcing sind vertragliche Regelungen entscheidend, um die Informationssicherheit zu gewährleisten. Bei Cloud-Diensten sind jedoch zusätzliche Aspekte wie Mandantenfähigkeit, Portabilität und Abrechnung genutzter Service-Leistungen von besonderer Bedeutung. Quelle: Unzulängliche vertragliche Regelungen mit Cloud-Diensteanbietenden (S. 1-2)

Anschlussfragen:
1. Welche spezifischen Sicherheitsanforderungen gelten für die Nutzung von Cloud-Diensten im Vergleich zum klassischen Outsourcing?
2. Wie können Institutionen die Abhängigkeit von Cloud-Diensteanbietenden minimieren?
3. Welche Rolle spielt die Vertragsgestaltung bei der Nutzung von Cloud-Diensten im Vergleich zum klassischen Outsourcing?";"Der Unterschied zwischen Cloud und klassischem Outsourcing liegt in mehreren Aspekten, die im Kontext des IT-Grundschutzes relevant sind:

1. **Skalierbarkeit und Flexibilität**:
   Cloud-Dienste sind dynamisch und können innerhalb kürzerer Zeiträume skaliert werden, um den tatsächlichen Bedarf der Anwendenden anzupassen. Dies ermöglicht eine schnellere Anpassung an sich ändernde Anforderungen. Beim klassischen Outsourcing sind die Verträge meist langfristig und weniger flexibel. Quelle: Abgrenzung zum klassischen IT-Outsourcing (S. 1-2)

2. **Nutzung der Infrastruktur**:
   In der Cloud teilen sich oft mehrere Anwendende eine gemeinsame Infrastruktur, während beim klassischen Outsourcing die Infrastruktur in der Regel exklusiv für einen Kunden genutzt wird (Single Tenant Architektur). Quelle: Abgrenzung zum klassischen IT-Outsourcing (S. 1-2)

3. **Selbstverwaltung**:
   Cloud-Dienste werden in der Regel mittels einer Webschnittstelle durch die Anwendenden selbst gesteuert, was eine automatisierte Anpassung der genutzten Dienste ermöglicht. Beim klassischen Outsourcing ist die Interaktion mit den Dienstleistenden oft intensiver und weniger automatisiert. Quelle: Abgrenzung zum klassischen IT-Outsourcing (S. 1-2)

4. **Geografische Verteilung**:
   Durch die Techniken des Cloud Computing können IT-Leistungen dynamisch über mehrere Standorte verteilt werden, die geographisch weit verstreut sein können. Beim klassischen Outsourcing sind die Standorte meist fest definiert und weniger flexibel. Quelle: Abgrenzung zum klassischen IT-Outsourcing (S. 1-2)

5. **Verantwortung und Kontrolle**:
   Bei der Nutzung von Cloud-Diensten verbleibt die Verantwortung für die Informationssicherheit bei der auslagernden Institution, ähnlich wie beim klassischen Outsourcing. Allerdings kann die Kontrolle über die ausgelagerten Geschäftsprozesse und Informationen bei Cloud-Diensten aufgrund der Abhängigkeit von den Cloud-Diensteanbietenden eingeschränkt sein. Quelle: Abhängigkeit von Cloud-Diensteanbietenden (Kontrollverlust) (S. 1-2)

6. **Vertragliche Regelungen**:
   Sowohl bei Cloud-Diensten als auch beim klassischen Outsourcing sind vertragliche Regelungen entscheidend, um die Informationssicherheit zu gewährleisten. Bei Cloud-Diensten sind jedoch zusätzliche Aspekte wie Mandantenfähigkeit, Portabilität und Abrechnung genutzter Service-Leistungen von besonderer Bedeutung. Quelle: Unzulängliche vertragliche Regelungen mit Cloud-Diensteanbietenden (S. 1-2)";"1. Welche spezifischen Sicherheitsanforderungen gelten für die Nutzung von Cloud-Diensten im Vergleich zum klassischen Outsourcing?
2. Wie können Institutionen die Abhängigkeit von Cloud-Diensteanbietenden minimieren?
3. Welche Rolle spielt die Vertragsgestaltung bei der Nutzung von Cloud-Diensten im Vergleich zum klassischen Outsourcing?";3;3;0.691666666649375;1.0;1.0;0.8412901974999345;Welche spezifischen Sicherheitsanforderungen gelten für die Nutzung von Cloud-Diensten im Vergleich zum klassischen Outsourcing?;2;2;Spezifische Sicherheitsanforderungen;Wie können Institutionen die Abhängigkeit von Cloud-Diensteanbietenden minimieren?;2;2;Direkt relevant zur Cloud-Nutzung;Welche Rolle spielt die Vertragsgestaltung bei der Nutzung von Cloud-Diensten im Vergleich zum klassischen Outsourcing?;2;2;Vertragsgestaltung in Cloud und Outsourcing;2.0;2.0
Wie finde ich den richtigen Cloud-Anbieter für unsere Bedürfnisse?;"Um den richtigen Cloud-Anbieter für Ihre Bedürfnisse zu finden, sollten Sie basierend auf der Service-Definition für den Cloud-Dienst ein detailliertes Anforderungsprofil für Cloud-Diensteanbietende erstellen. Quelle: OPS.2.2.A8 Sorgfältige Auswahl von Cloud-Diensteanbietenden (S) [Institutionsleitung]. Eine Leistungsbeschreibung und ein Lastenheft sollten erstellt werden, um die Anforderungen zu spezifizieren. Quelle: OPS.2.2.A8 Sorgfältige Auswahl von Cloud-Diensteanbietenden (S) [Institutionsleitung]. Für die Bewertung von Cloud-Diensteanbietenden sollten auch ergänzende Informationsquellen herangezogen werden. Quelle: OPS.2.2.A8 Sorgfältige Auswahl von Cloud-Diensteanbietenden (S) [Institutionsleitung].

Anschlussfragen:
1. Wie können Sie die Sicherheitsanforderungen für die Nutzung von Cloud-Diensten in Ihrem Unternehmen bewerten?
2. Welche Rolle spielt die Skalierbarkeit bei der Auswahl eines Cloud-Anbieters?
3. Wie können Sie die Schnittstellen zwischen verschiedenen Cloud-Diensteanbietenden sicher gestalten?";Um den richtigen Cloud-Anbieter für Ihre Bedürfnisse zu finden, sollten Sie basierend auf der Service-Definition für den Cloud-Dienst ein detailliertes Anforderungsprofil für Cloud-Diensteanbietende erstellen. Quelle: OPS.2.2.A8 Sorgfältige Auswahl von Cloud-Diensteanbietenden (S) [Institutionsleitung]. Eine Leistungsbeschreibung und ein Lastenheft sollten erstellt werden, um die Anforderungen zu spezifizieren. Quelle: OPS.2.2.A8 Sorgfältige Auswahl von Cloud-Diensteanbietenden (S) [Institutionsleitung]. Für die Bewertung von Cloud-Diensteanbietenden sollten auch ergänzende Informationsquellen herangezogen werden. Quelle: OPS.2.2.A8 Sorgfältige Auswahl von Cloud-Diensteanbietenden (S) [Institutionsleitung].;OPS.2.2.A8 Sorgfältige Auswahl von Cloud-Diensteanbietenden (S) [Institutionsleitung] Basierend auf der Service-Definition für den Cloud-Dienst SOLLTE ein detailliertes Anforderungsprofil für Cloud-Diensteanbietende erstellt werden. Eine Leistungsbeschreibung und ein Lastenheft SOLLTEN erstellt werden. Für die Bewertung von Cloud-Diensteanbietenden SOLLTEN auch ergänzende Informationsquellen herangezogen werden. Ebenso SOLLTEN verfügbare ServiceBeschreibungen der Cloud-Diensteanbietenden sorgfältig geprüft und hinterfragt werden.;"Um den richtigen Cloud-Anbieter für Ihre Bedürfnisse zu finden, sollten Sie folgende Schritte beachten:

1. **Erstellung eines Anforderungsprofils**:
   Basierend auf der Service-Definition für den Cloud-Dienst SOLLTE ein detailliertes Anforderungsprofil für Cloud-Diensteanbietende erstellt werden. Dies umfasst die Erstellung einer Leistungsbeschreibung und eines Lastenhefts. Quelle: Sorgfältige Auswahl von Cloud-Diensteanbietenden (S. 1-2)

2. **Bewertung von Cloud-Diensteanbietenden**:
   Für die Bewertung SOLLTEN ergänzende Informationsquellen herangezogen werden. Verfügbare Service-Beschreibungen der Cloud-Diensteanbietenden SOLLTEN sorgfältig geprüft und hinterfragt werden. Quelle: Sorgfältige Auswahl von Cloud-Diensteanbietenden (S. 2)

3. **Vertragsgestaltung**:
   Die vertraglichen Regelungen zwischen der auftraggebenden Institution und den Cloud-Diensteanbietenden SOLLTEN in Art, Umfang und Detaillierungsgrad dem Schutzbedarf der Informationen angepasst sein. Es SOLLTE geregelt werden, an welchem Standort die Cloud-Diensteanbietenden ihre Leistung erbringen. Quelle: Vertragsgestaltung mit den Cloud-Diensteanbietenden (S. 3)

4. **Festlegung einer Strategie für die Cloud-Nutzung**:
   Die Institution MUSS im Zusammenhang mit Smartphones und Tablets eine generelle Strategie für die Cloud-Nutzung sowie für den Schutz und die Kontrolle der Informationen festlegen. Die erlaubte Nutzung von Cloud-Diensten für Informationen der Institution MUSS geklärt und festgelegt werden. Quelle: Festlegung einer Strategie für die Cloud-Nutzung (S. 4)

5. **Einbindung in die eigene IT**:
   Es ist erforderlich, dass Cloud-Dienste angemessen in die IT-Infrastruktur der Institution eingebunden werden. Setzen die Zuständigen dies nur unzureichend um, kann es passieren, dass die Benutzenden die beauftragten Cloud-Dienstleistungen nicht in vollem Umfang abrufen können. Quelle: Unzureichende Einbindung von Cloud-Diensten in die eigene IT (S. 5)

6. **Notfallvorsorgekonzept**:
   Eine unzureichende Notfallvorsorge hat bei der Cloud-Nutzung schnell gravierende Folgen. Wenn der Cloud-Dienst oder Teile hiervon ausfallen, führen Versäumnisse bei den Notfallvorsorgekonzepten bei Cloud-Diensteanbietenden sowie bei den Schnittstellen immer zu unnötig langen Ausfallzeiten. Quelle: Unzureichendes Notfallvorsorgekonzept (S. 6)

Anschlussfragen:
1. Wie kann ich sicherstellen, dass die vertraglichen Regelungen mit dem Cloud-Diensteanbieter den Sicherheitsanforderungen meiner Institution entsprechen?
2. Welche Maßnahmen sollte ich ergreifen, um die Einbindung von Cloud-Diensten in meine bestehende IT-Infrastruktur sicherzustellen?
3. Wie kann ich ein umfassendes Notfallvorsorgekonzept für die Nutzung von Cloud-Diensten entwickeln?";"Um den richtigen Cloud-Anbieter für Ihre Bedürfnisse zu finden, sollten Sie folgende Schritte beachten:

1. **Erstellung eines Anforderungsprofils**:
   Basierend auf der Service-Definition für den Cloud-Dienst SOLLTE ein detailliertes Anforderungsprofil für Cloud-Diensteanbietende erstellt werden. Dies umfasst die Erstellung einer Leistungsbeschreibung und eines Lastenhefts. Quelle: Sorgfältige Auswahl von Cloud-Diensteanbietenden (S. 1-2)

2. **Bewertung von Cloud-Diensteanbietenden**:
   Für die Bewertung SOLLTEN ergänzende Informationsquellen herangezogen werden. Verfügbare Service-Beschreibungen der Cloud-Diensteanbietenden SOLLTEN sorgfältig geprüft und hinterfragt werden. Quelle: Sorgfältige Auswahl von Cloud-Diensteanbietenden (S. 2)

3. **Vertragsgestaltung**:
   Die vertraglichen Regelungen zwischen der auftraggebenden Institution und den Cloud-Diensteanbietenden SOLLTEN in Art, Umfang und Detaillierungsgrad dem Schutzbedarf der Informationen angepasst sein. Es SOLLTE geregelt werden, an welchem Standort die Cloud-Diensteanbietenden ihre Leistung erbringen. Quelle: Vertragsgestaltung mit den Cloud-Diensteanbietenden (S. 3)

4. **Festlegung einer Strategie für die Cloud-Nutzung**:
   Die Institution MUSS im Zusammenhang mit Smartphones und Tablets eine generelle Strategie für die Cloud-Nutzung sowie für den Schutz und die Kontrolle der Informationen festlegen. Die erlaubte Nutzung von Cloud-Diensten für Informationen der Institution MUSS geklärt und festgelegt werden. Quelle: Festlegung einer Strategie für die Cloud-Nutzung (S. 4)

5. **Einbindung in die eigene IT**:
   Es ist erforderlich, dass Cloud-Dienste angemessen in die IT-Infrastruktur der Institution eingebunden werden. Setzen die Zuständigen dies nur unzureichend um, kann es passieren, dass die Benutzenden die beauftragten Cloud-Dienstleistungen nicht in vollem Umfang abrufen können. Quelle: Unzureichende Einbindung von Cloud-Diensten in die eigene IT (S. 5)

6. **Notfallvorsorgekonzept**:
   Eine unzureichende Notfallvorsorge hat bei der Cloud-Nutzung schnell gravierende Folgen. Wenn der Cloud-Dienst oder Teile hiervon ausfallen, führen Versäumnisse bei den Notfallvorsorgekonzepten bei Cloud-Diensteanbietenden sowie bei den Schnittstellen immer zu unnötig langen Ausfallzeiten. Quelle: Unzureichendes Notfallvorsorgekonzept (S. 6)";"1. Wie kann ich sicherstellen, dass die vertraglichen Regelungen mit dem Cloud-Diensteanbieter den Sicherheitsanforderungen meiner Institution entsprechen?
2. Welche Maßnahmen sollte ich ergreifen, um die Einbindung von Cloud-Diensten in meine bestehende IT-Infrastruktur sicherzustellen?
3. Wie kann ich ein umfassendes Notfallvorsorgekonzept für die Nutzung von Cloud-Diensten entwickeln?";3;3;0.624999999984375;1.0;1.0;0.5087445435854725;Wie kann ich sicherstellen, dass die vertraglichen Regelungen mit dem Cloud-Diensteanbieter den Sicherheitsanforderungen meiner Institution entsprechen?;2;2;Direkt abgedeckt durch IT-Grundschutz;Welche Maßnahmen sollte ich ergreifen, um die Einbindung von Cloud-Diensten in meine bestehende IT-Infrastruktur sicherzustellen?;2;2;Direkte Abdeckung durch IT-Grundschutz;Wie kann ich ein umfassendes Notfallvorsorgekonzept für die Nutzung von Cloud-Diensten entwickeln?;2;2;Direkt relevante Vertiefung;2.0;2.0
Wie detailliert müssen unsere vertraglichen Regelungen bezüglich der Cloud-Nutzung sein?;"Die vertraglichen Regelungen bezüglich der Cloud-Nutzung sollten in Art, Umfang und Detaillierungsgrad dem Schutzbedarf der Informationen angepasst sein, die im Zusammenhang mit der Cloud-Nutzung stehen Quelle: OPS.2.2.A9 (S). Es sollte geregelt werden, an welchem Standort die Cloud-Diensteanbietenden ihre Leistung erbringen, Eskalationsstufen und Kommunikationswege zwischen der Institution und den Cloud-Diensteanbietenden definiert werden, sowie wie die Daten der Institution sicher zu löschen sind und Kündigungsregelungen schriftlich fixiert werden Quelle: OPS.2.2.A9 (S). 

Anschlussfragen:
1. Wie können wir sicherstellen, dass unsere Cloud-Diensteanbietenden alle Subunternehmen offenlegen, die sie für den Cloud-Dienst benötigen?
2. Welche Rolle spielt die Abgrenzung zum klassischen IT-Outsourcing bei der Gestaltung unserer Cloud-Nutzung?
3. Wie können wir die Schnittstelle zwischen den Cloud-Diensteanbietenden sicher gestalten, um eine reibungslose Kommunikation und Datenübertragung zu gewährleisten?";Die vertraglichen Regelungen bezüglich der Cloud-Nutzung sollten in Art, Umfang und Detaillierungsgrad dem Schutzbedarf der Informationen angepasst sein, die im Zusammenhang mit der Cloud-Nutzung stehen Quelle: OPS.2.2.A9 (S). Es sollte geregelt werden, an welchem Standort die Cloud-Diensteanbietenden ihre Leistung erbringen, Eskalationsstufen und Kommunikationswege zwischen der Institution und den Cloud-Diensteanbietenden definiert werden, sowie wie die Daten der Institution sicher zu löschen sind und Kündigungsregelungen schriftlich fixiert werden Quelle: OPS.2.2.A9 (S).;OPS.2.2.A9 Vertragsgestaltung mit den Cloud-Diensteanbietenden (S) [Institutionsleitung] Die vertraglichen Regelungen zwischen der auftraggebenden Institution und den CloudDiensteanbietenden SOLLTEN in Art, Umfang und Detaillierungsgrad dem Schutzbedarf der Informationen angepasst sein, die im Zusammenhang mit der Cloud-Nutzung stehen. Es SOLLTE geregelt werden, an welchem Standort die Cloud-Diensteanbietenden ihre Leistung erbringen. Zusätzlich SOLLTEN Eskalationsstufen und Kommunikationswege zwischen der Institution und den Cloud-Diensteanbietenden definiert werden. Auch SOLLTE vereinbart werden, wie die Daten der Institution sicher zu löschen sind. Ebenso SOLLTEN Kündigungsregelungen schriftlich fixiert werden. Die Cloud-Diensteanbietenden SOLLTEN alle Subunternehmen offenlegen, die sie für den CloudDienst benötigen.;"Die vertraglichen Regelungen zur Cloud-Nutzung müssen dem Schutzbedarf der Informationen angepasst sein. Folgende Punkte sollten vertraglich geregelt werden:

- **Standort der Cloud-Dienste**: Es sollte festgelegt werden, an welchem Standort die Cloud-Diensteanbietenden ihre Leistung erbringen. Quelle: Vertragsgestaltung mit den Cloud-Diensteanbietenden (S.1)
- **Eskalationsstufen und Kommunikationswege**: Diese sollten zwischen der Institution und den Cloud-Diensteanbietenden definiert werden. Quelle: Vertragsgestaltung mit den Cloud-Diensteanbietenden (S.1)
- **Datenlöschung**: Es sollte vereinbart werden, wie die Daten der Institution sicher zu löschen sind. Quelle: Vertragsgestaltung mit den Cloud-Diensteanbietenden (S.1)
- **Kündigungsregelungen**: Diese sollten schriftlich fixiert werden. Quelle: Vertragsgestaltung mit den Cloud-Diensteanbietenden (S.1)
- **Subunternehmen**: Die Cloud-Diensteanbietenden sollten alle Subunternehmen offenlegen, die sie für den Cloud-Dienst benötigen. Quelle: Vertragsgestaltung mit den Cloud-Diensteanbietenden (S.1)
- **Verschlüsselung**: Wenn Daten durch Cloud-Diensteanbietende verschlüsselt werden, sollte vertraglich geregelt werden, welche Verschlüsselungsmechanismen und Schlüssellängen eingesetzt werden dürfen. Quelle: Einsatz von Verschlüsselung bei Cloud-Nutzung (S.1)
- **Schlüsselmanagement**: Wenn eigene Verschlüsselungsmechanismen genutzt werden, sollte ein geeignetes Schlüsselmanagement sichergestellt sein. Quelle: Einsatz von Verschlüsselung bei Cloud-Nutzung (S.1)
- **Besonderheiten des Cloud-Service-Modells**: Diese sollten bei der Verschlüsselung berücksichtigt werden. Quelle: Einsatz von Verschlüsselung bei Cloud-Nutzung (S.1)
- **Geordnete Beendigung des Cloud-Nutzungs-Verhältnisses**: Es sollte sichergestellt sein, dass die Geschäftstätigkeit oder die Fachaufgaben der Institution nicht beeinträchtigt werden. Quelle: Geordnete Beendigung eines Cloud-Nutzungs-Verhältnisses (S.1)
- **Verantwortungsbereiche und Schnittstellen**: Basierend auf der Service-Definition für Cloud-Dienste müssen alle relevanten Schnittstellen und Verantwortlichkeiten für die Cloud-Nutzung identifiziert und dokumentiert werden. Quelle: Festlegung von Verantwortungsbereichen und Schnittstellen (S.1)
- **Sicherheitsrichtlinie**: Auf Basis der Strategie für die Cloud-Nutzung muss eine Sicherheitsrichtlinie für die Cloud-Nutzung erstellt werden. Sie muss konkrete Sicherheitsvorgaben beinhalten, mit denen sich Cloud-Dienste innerhalb der Institution umsetzen lassen. Quelle: Erstellung einer Sicherheitsrichtlinie für die Cloud-Nutzung (S.1)

Anschlussfragen:
1. Wie können wir sicherstellen, dass die vertraglichen Regelungen mit den Cloud-Diensteanbietenden regelmäßig überprüft und aktualisiert werden?
2. Welche spezifischen Sicherheitsanforderungen sollten in der Sicherheitsrichtlinie für die Cloud-Nutzung berücksichtigt werden?
3. Wie können wir die Verantwortungsbereiche und Schnittstellen zwischen der Institution und den Cloud-Diensteanbietenden klar definieren und dokumentieren?";"Die vertraglichen Regelungen zur Cloud-Nutzung müssen dem Schutzbedarf der Informationen angepasst sein. Folgende Punkte sollten vertraglich geregelt werden:

- **Standort der Cloud-Dienste**: Es sollte festgelegt werden, an welchem Standort die Cloud-Diensteanbietenden ihre Leistung erbringen. Quelle: Vertragsgestaltung mit den Cloud-Diensteanbietenden (S.1)
- **Eskalationsstufen und Kommunikationswege**: Diese sollten zwischen der Institution und den Cloud-Diensteanbietenden definiert werden. Quelle: Vertragsgestaltung mit den Cloud-Diensteanbietenden (S.1)
- **Datenlöschung**: Es sollte vereinbart werden, wie die Daten der Institution sicher zu löschen sind. Quelle: Vertragsgestaltung mit den Cloud-Diensteanbietenden (S.1)
- **Kündigungsregelungen**: Diese sollten schriftlich fixiert werden. Quelle: Vertragsgestaltung mit den Cloud-Diensteanbietenden (S.1)
- **Subunternehmen**: Die Cloud-Diensteanbietenden sollten alle Subunternehmen offenlegen, die sie für den Cloud-Dienst benötigen. Quelle: Vertragsgestaltung mit den Cloud-Diensteanbietenden (S.1)
- **Verschlüsselung**: Wenn Daten durch Cloud-Diensteanbietende verschlüsselt werden, sollte vertraglich geregelt werden, welche Verschlüsselungsmechanismen und Schlüssellängen eingesetzt werden dürfen. Quelle: Einsatz von Verschlüsselung bei Cloud-Nutzung (S.1)
- **Schlüsselmanagement**: Wenn eigene Verschlüsselungsmechanismen genutzt werden, sollte ein geeignetes Schlüsselmanagement sichergestellt sein. Quelle: Einsatz von Verschlüsselung bei Cloud-Nutzung (S.1)
- **Besonderheiten des Cloud-Service-Modells**: Diese sollten bei der Verschlüsselung berücksichtigt werden. Quelle: Einsatz von Verschlüsselung bei Cloud-Nutzung (S.1)
- **Geordnete Beendigung des Cloud-Nutzungs-Verhältnisses**: Es sollte sichergestellt sein, dass die Geschäftstätigkeit oder die Fachaufgaben der Institution nicht beeinträchtigt werden. Quelle: Geordnete Beendigung eines Cloud-Nutzungs-Verhältnisses (S.1)
- **Verantwortungsbereiche und Schnittstellen**: Basierend auf der Service-Definition für Cloud-Dienste müssen alle relevanten Schnittstellen und Verantwortlichkeiten für die Cloud-Nutzung identifiziert und dokumentiert werden. Quelle: Festlegung von Verantwortungsbereichen und Schnittstellen (S.1)
- **Sicherheitsrichtlinie**: Auf Basis der Strategie für die Cloud-Nutzung muss eine Sicherheitsrichtlinie für die Cloud-Nutzung erstellt werden. Sie muss konkrete Sicherheitsvorgaben beinhalten, mit denen sich Cloud-Dienste innerhalb der Institution umsetzen lassen. Quelle: Erstellung einer Sicherheitsrichtlinie für die Cloud-Nutzung (S.1)";"1. Wie können wir sicherstellen, dass die vertraglichen Regelungen mit den Cloud-Diensteanbietenden regelmäßig überprüft und aktualisiert werden?
2. Welche spezifischen Sicherheitsanforderungen sollten in der Sicherheitsrichtlinie für die Cloud-Nutzung berücksichtigt werden?
3. Wie können wir die Verantwortungsbereiche und Schnittstellen zwischen der Institution und den Cloud-Diensteanbietenden klar definieren und dokumentieren?";3;3;0.6192857142733286;1.0;1.0;0.6683960895641943;Wie können wir sicherstellen, dass die vertraglichen Regelungen mit den Cloud-Diensteanbietenden regelmäßig überprüft und aktualisiert werden?;2;2;Regelmäßige Überprüfung vertraglicher Regelungen;Welche spezifischen Sicherheitsanforderungen sollten in der Sicherheitsrichtlinie für die Cloud-Nutzung berücksichtigt werden?;2;2;Direkte Berücksichtigung von Sicherheitsanforderungen;Wie können wir die Verantwortungsbereiche und Schnittstellen zwischen der Institution und den Cloud-Diensteanbietenden klar definieren und dokumentieren?;2;2;Direkte Abdeckung durch IT-Grundschutz;2.0;2.0
Wie stellen wir Portabilität sicher, um Lock-in zu vermeiden?;"Um Portabilität sicherzustellen und Lock-in zu vermeiden, SOLLTE die Institution alle Anforderungen definieren, die es ermöglichen, Cloud-Diensteanbietende zu wechseln oder den Cloud-Dienst bzw. die Daten in die eigene IT-Infrastruktur zurückzuholen Quelle: OPS.2.2.A15 (S. nicht spezifiziert). Zudem SOLLTE die Institution regelmäßig Portabilitätstests durchführen. In den Verträgen mit den Cloud-Diensteanbietenden SOLLTEN Vorgaben festgehalten werden, mit denen sich die notwendige Portabilität gewährleisten lässt Quelle: OPS.2.2.A15 (S. nicht spezifiziert).

Anschlussfragen:
1. Wie können wir die Anforderungen für die Portabilität von Cloud-Diensten am besten definieren?
2. Welche Rolle spielen regelmäßige Portabilitätstests bei der Sicherstellung der Portabilität?
3. Wie können wir sicherstellen, dass die Verträge mit Cloud-Diensteanbietenden die notwendigen Vorgaben für die Portabilität enthalten?";Um Portabilität sicherzustellen und Lock-in zu vermeiden, SOLLTE die Institution alle Anforderungen definieren, die es ermöglichen, Cloud-Diensteanbietende zu wechseln oder den Cloud-Dienst bzw. die Daten in die eigene IT-Infrastruktur zurückzuholen Quelle: OPS.2.2.A15 (S. nicht spezifiziert). Zudem SOLLTE die Institution regelmäßig Portabilitätstests durchführen. In den Verträgen mit den Cloud-Diensteanbietenden SOLLTEN Vorgaben festgehalten werden, mit denen sich die notwendige Portabilität gewährleisten lässt Quelle: OPS.2.2.A15 (S. nicht spezifiziert).;OPS.2.2.A15 Sicherstellung der Portabilität von Cloud-Diensten (H) [Fachverantwortliche] Die Institution SOLLTE alle Anforderungen definieren, die es ermöglichen, Cloud-Diensteanbietende zu wechseln oder den Cloud-Dienst bzw. die Daten in die eigene IT-Infrastruktur zurückzuholen. Zudem SOLLTE die Institution regelmäßig Portabilitätstests durchführen. In den Verträgen mit den Cloud-Diensteanbietenden SOLLTEN Vorgaben festgehalten werden, mit denen sich die notwendige Portabilität gewährleisten lässt.;"Um Lock-in zu vermeiden und die Portabilität sicherzustellen, sollten die folgenden Maßnahmen ergriffen werden:

1. **Definition von Anforderungen für den Wechsel von Cloud-Diensten**: Die Institution sollte alle Anforderungen definieren, die es ermöglichen, Cloud-Diensteanbietende zu wechseln oder den Cloud-Dienst bzw. die Daten in die eigene IT-Infrastruktur zurückzuholen. Dies umfasst die Festlegung von Standards und Protokollen, die eine einfache Migration ermöglichen. Quelle: Sicherstellung der Portabilität von Cloud-Diensten (S.1)

2. **Regelmäßige Portabilitätstests**: Die Institution sollte regelmäßig Portabilitätstests durchführen, um sicherzustellen, dass die definierten Anforderungen erfüllt werden und dass ein Wechsel der Cloud-Diensteanbietenden oder die Rückholung der Daten in die eigene IT-Infrastruktur problemlos möglich ist. Quelle: Sicherstellung der Portabilität von Cloud-Diensten (S.1)

3. **Vertragliche Vorgaben**: In den Verträgen mit den Cloud-Diensteanbietenden sollten Vorgaben festgehalten werden, mit denen sich die notwendige Portabilität gewährleisten lässt. Dies kann beispielsweise die Bereitstellung von Daten in einem standardisierten Format oder die Möglichkeit der Datenexportierung umfassen. Quelle: Sicherstellung der Portabilität von Cloud-Diensten (S.1)

Anschlussfragen:
1. Welche Standards und Protokolle sollten definiert werden, um die Portabilität von Cloud-Diensten zu gewährleisten?
2. Wie können Portabilitätstests durchgeführt werden, um die Effektivität der definierten Anforderungen zu überprüfen?
3. Welche vertraglichen Vorgaben sollten mit Cloud-Diensteanbietenden vereinbart werden, um die Portabilität sicherzustellen?";"Um Lock-in zu vermeiden und die Portabilität sicherzustellen, sollten die folgenden Maßnahmen ergriffen werden:

1. **Definition von Anforderungen für den Wechsel von Cloud-Diensten**: Die Institution sollte alle Anforderungen definieren, die es ermöglichen, Cloud-Diensteanbietende zu wechseln oder den Cloud-Dienst bzw. die Daten in die eigene IT-Infrastruktur zurückzuholen. Dies umfasst die Festlegung von Standards und Protokollen, die eine einfache Migration ermöglichen. Quelle: Sicherstellung der Portabilität von Cloud-Diensten (S.1)

2. **Regelmäßige Portabilitätstests**: Die Institution sollte regelmäßig Portabilitätstests durchführen, um sicherzustellen, dass die definierten Anforderungen erfüllt werden und dass ein Wechsel der Cloud-Diensteanbietenden oder die Rückholung der Daten in die eigene IT-Infrastruktur problemlos möglich ist. Quelle: Sicherstellung der Portabilität von Cloud-Diensten (S.1)

3. **Vertragliche Vorgaben**: In den Verträgen mit den Cloud-Diensteanbietenden sollten Vorgaben festgehalten werden, mit denen sich die notwendige Portabilität gewährleisten lässt. Dies kann beispielsweise die Bereitstellung von Daten in einem standardisierten Format oder die Möglichkeit der Datenexportierung umfassen. Quelle: Sicherstellung der Portabilität von Cloud-Diensten (S.1)";"1. Welche Standards und Protokolle sollten definiert werden, um die Portabilität von Cloud-Diensten zu gewährleisten?
2. Wie können Portabilitätstests durchgeführt werden, um die Effektivität der definierten Anforderungen zu überprüfen?
3. Welche vertraglichen Vorgaben sollten mit Cloud-Diensteanbietenden vereinbart werden, um die Portabilität sicherzustellen?";3;3;0.14285714284285714;0.75;0.5;0.5689214253171228;Welche Standards und Protokolle sollten definiert werden, um die Portabilität von Cloud-Diensten zu gewährleisten?;2;2;Direkte Relevanz zu Portabilität;Wie können Portabilitätstests durchgeführt werden, um die Effektivität der definierten Anforderungen zu überprüfen?;2;2;Portabilitätstests direkt abgedeckt;Welche vertraglichen Vorgaben sollten mit Cloud-Diensteanbietenden vereinbart werden, um die Portabilität sicherzustellen?;2;2;Direkte Abdeckung durch IT-Grundschutz;2.0;2.0
Wie integrieren wir Federation Services sicher in unsere Cloud-Strategie?;"Um Federation Services sicher in die Cloud-Strategie zu integrieren, SOLLTE geprüft werden, ob bei einem Cloud-Nutzungs-Vorhaben Verbunddienste eingesetzt werden, wie im Baustein OPS.2.2.A18 beschrieben Quelle: OPS.2.2.A18 Einsatz von Verbunddiensten (H) [Fachverantwortliche] (S. unbekannt, da keine Seitenzahl angegeben). Es SOLLTE sichergestellt sein, dass in einem SAML-Ticket nur die erforderlichen Informationen an die Cloud-Diensteanbietenden übertragen werden. Die Berechtigungen SOLLTEN regelmäßig überprüft werden, sodass nur berechtigten Benutzenden ein SAML-Ticket ausgestellt wird.

Anschlussfragen:
1. Wie können wir sicherstellen, dass die Übertragung von Informationen in SAML-Tickets auf das Minimum reduziert wird?
2. Welche Rolle spielen regelmäßige Überprüfungen der Berechtigungen bei der Sicherstellung der Federation Services in der Cloud?
3. Wie unterscheidet sich die Integration von Federation Services in einer Private Cloud On-Premise von anderen Cloud-Bereitstellungsmodellen?";Um Federation Services sicher in die Cloud-Strategie zu integrieren, SOLLTE geprüft werden, ob bei einem Cloud-Nutzungs-Vorhaben Verbunddienste eingesetzt werden, wie im Baustein OPS.2.2.A18 beschrieben Quelle: OPS.2.2.A18 Einsatz von Verbunddiensten (H) [Fachverantwortliche] (S. unbekannt, da keine Seitenzahl angegeben). Es SOLLTE sichergestellt sein, dass in einem SAML-Ticket nur die erforderlichen Informationen an die Cloud-Diensteanbietenden übertragen werden. Die Berechtigungen SOLLTEN regelmäßig überprüft werden, sodass nur berechtigten Benutzenden ein SAML-Ticket ausgestellt wird.;OPS.2.2.A18 Einsatz von Verbunddiensten (H) [Fachverantwortliche] Es SOLLTE geprüft werden, ob bei einem Cloud-Nutzungs-Vorhaben Verbunddienste (Federation Services) eingesetzt werden. Es SOLLTE sichergestellt sein, dass in einem SAML (Security Assertion Markup Language)-Ticket nur die erforderlichen Informationen an die Cloud-Diensteanbietenden übertragen werden. Die Berechtigungen SOLLTEN regelmäßig überprüft werden, sodass nur berechtigten Benutzenden ein SAML-Ticket ausgestellt wird.;"Um Federation Services sicher in die Cloud-Strategie zu integrieren, sollten folgende Schritte beachtet werden:

1. **Prüfung der Cloud-Nutzung**: Es SOLLTE geprüft werden, ob bei einem Cloud-Nutzungs-Vorhaben Verbunddienste (Federation Services) eingesetzt werden. Dies ist ein wichtiger Schritt, um sicherzustellen, dass die Cloud-Nutzung den Sicherheitsanforderungen entspricht. Quelle: Einsatz von Verbunddiensten (S.1)

2. **Sicherstellung der Datenminimierung**: Es SOLLTE sichergestellt sein, dass in einem SAML (Security Assertion Markup Language)-Ticket nur die erforderlichen Informationen an die Cloud-Diensteanbietenden übertragen werden. Dies hilft, die Datenmenge zu minimieren und das Risiko von Datenlecks zu reduzieren. Quelle: Einsatz von Verbunddiensten (S.1)

3. **Regelmäßige Überprüfung der Berechtigungen**: Die Berechtigungen SOLLTEN regelmäßig überprüft werden, sodass nur berechtigten Benutzenden ein SAML-Ticket ausgestellt wird. Dies stellt sicher, dass nur autorisierte Personen Zugriff auf die Cloud-Dienste haben. Quelle: Einsatz von Verbunddiensten (S.1)

4. **Erstellung einer Cloud-Strategie**: Eine Strategie für die Cloud-Nutzung MUSS erstellt werden. Darin MÜSSEN Ziele, Chancen und Risiken definiert werden, die die Institution mit der Cloud-Nutzung verbindet. Zudem MÜSSEN die rechtlichen und organisatorischen Rahmenbedingungen sowie die technischen Anforderungen untersucht werden. Quelle: Erstellung einer Strategie für die Cloud-Nutzung (S.2)

5. **Planung der sicheren Einbindung**: Bevor ein Cloud-Dienst genutzt wird, SOLLTE sorgfältig geplant werden, wie er in die IT der Institution eingebunden werden soll. Hierfür SOLLTE mindestens geprüft werden, ob Anpassungen der Schnittstellen, der Netzanbindung, des Administrationsmodells sowie des Datenmanagementmodells notwendig sind. Quelle: Planung der sicheren Einbindung von Cloud-Diensten (S.3)

Anschlussfragen:
1. Wie können wir sicherstellen, dass die SAML-Tickets regelmäßig überprüft und aktualisiert werden?
2. Welche rechtlichen und organisatorischen Rahmenbedingungen müssen bei der Nutzung von Federation Services in der Cloud beachtet werden?
3. Wie können wir die Einbindung von Cloud-Diensten in unsere bestehende IT-Infrastruktur sicher und effizient gestalten?";"Um Federation Services sicher in die Cloud-Strategie zu integrieren, sollten folgende Schritte beachtet werden:

1. **Prüfung der Cloud-Nutzung**: Es SOLLTE geprüft werden, ob bei einem Cloud-Nutzungs-Vorhaben Verbunddienste (Federation Services) eingesetzt werden. Dies ist ein wichtiger Schritt, um sicherzustellen, dass die Cloud-Nutzung den Sicherheitsanforderungen entspricht. Quelle: Einsatz von Verbunddiensten (S.1)

2. **Sicherstellung der Datenminimierung**: Es SOLLTE sichergestellt sein, dass in einem SAML (Security Assertion Markup Language)-Ticket nur die erforderlichen Informationen an die Cloud-Diensteanbietenden übertragen werden. Dies hilft, die Datenmenge zu minimieren und das Risiko von Datenlecks zu reduzieren. Quelle: Einsatz von Verbunddiensten (S.1)

3. **Regelmäßige Überprüfung der Berechtigungen**: Die Berechtigungen SOLLTEN regelmäßig überprüft werden, sodass nur berechtigten Benutzenden ein SAML-Ticket ausgestellt wird. Dies stellt sicher, dass nur autorisierte Personen Zugriff auf die Cloud-Dienste haben. Quelle: Einsatz von Verbunddiensten (S.1)

4. **Erstellung einer Cloud-Strategie**: Eine Strategie für die Cloud-Nutzung MUSS erstellt werden. Darin MÜSSEN Ziele, Chancen und Risiken definiert werden, die die Institution mit der Cloud-Nutzung verbindet. Zudem MÜSSEN die rechtlichen und organisatorischen Rahmenbedingungen sowie die technischen Anforderungen untersucht werden. Quelle: Erstellung einer Strategie für die Cloud-Nutzung (S.2)

5. **Planung der sicheren Einbindung**: Bevor ein Cloud-Dienst genutzt wird, SOLLTE sorgfältig geplant werden, wie er in die IT der Institution eingebunden werden soll. Hierfür SOLLTE mindestens geprüft werden, ob Anpassungen der Schnittstellen, der Netzanbindung, des Administrationsmodells sowie des Datenmanagementmodells notwendig sind. Quelle: Planung der sicheren Einbindung von Cloud-Diensten (S.3)";"1. Wie können wir sicherstellen, dass die SAML-Tickets regelmäßig überprüft und aktualisiert werden?
2. Welche rechtlichen und organisatorischen Rahmenbedingungen müssen bei der Nutzung von Federation Services in der Cloud beachtet werden?
3. Wie können wir die Einbindung von Cloud-Diensten in unsere bestehende IT-Infrastruktur sicher und effizient gestalten?";3;3;0.9999999999;1.0;0.7272727272727273;0.507199387847222;Wie können wir sicherstellen, dass die SAML-Tickets regelmäßig überprüft und aktualisiert werden?;2;2;SAML-Tickets und Federation Services;Welche rechtlichen und organisatorischen Rahmenbedingungen müssen bei der Nutzung von Federation Services in der Cloud beachtet werden?;2;2;Rechtliche und organisatorische Rahmenbedingungen;Wie können wir die Einbindung von Cloud-Diensten in unsere bestehende IT-Infrastruktur sicher und effizient gestalten?;2;2;Direkte Relevanz zu Cloud-Integration;2.0;2.0
Sollten wir trotz Provider-Backups eigene Datensicherungen durchführen?;"Die Institution SOLLTE prüfen, ob, zusätzlich zu den vertraglich festgelegten Datensicherungen der Cloud-Diensteanbietenden, eigene Datensicherungen erstellt werden sollen Quelle: OPS.2.2.A16 (S.?). Zudem SOLLTE sie detaillierte Anforderungen an einen Backup-Service erstellen Quelle: OPS.2.2.A16 (S.?).

Anschlussfragen:
1. Wie können die Anforderungen an einen Backup-Service im Detail definiert werden?
2. Welche Rolle spielen die vertraglich festgelegten Datensicherungen der Cloud-Diensteanbietenden bei der Entscheidung für eigene Datensicherungen?
3. Wie können die spezifischen Sicherheitsanforderungen für die Anbindung eines Cloud-Dienstes über entsprechende Schnittstellen berücksichtigt werden?";Die Institution SOLLTE prüfen, ob, zusätzlich zu den vertraglich festgelegten Datensicherungen der Cloud-Diensteanbietenden, eigene Datensicherungen erstellt werden sollen Quelle: OPS.2.2.A16 (S.?). Zudem SOLLTE sie detaillierte Anforderungen an einen Backup-Service erstellen Quelle: OPS.2.2.A16 (S.?).;OPS.2.2.A16 Durchführung eigener Datensicherungen (H) [Fachverantwortliche] Die Institution SOLLTE prüfen, ob, zusätzlich zu den vertraglich festgelegten Datensicherungen der Cloud-Diensteanbietenden, eigene Datensicherungen erstellt werden sollen. Zudem SOLLTE sie detaillierte Anforderungen an einen Backup-Service erstellen.;"Ja, es wird empfohlen, trotz Provider-Backups eigene Datensicherungen durchzuführen. Die Institution SOLLTE prüfen, ob zusätzliche eigene Datensicherungen erstellt werden sollen, um die Sicherheit und Verfügbarkeit der Daten zu gewährleisten. Dies ist besonders wichtig, um Risiken wie Datenverlust durch Malware, technische Fehlfunktionen oder menschliches Versagen zu minimieren. Zudem SOLLTE die Institution detaillierte Anforderungen an einen Backup-Service erstellen, um sicherzustellen, dass die Datensicherungen den spezifischen Anforderungen der Institution entsprechen. Quelle: Durchführung eigener Datensicherungen (S.1-2)

Der IT-Betrieb MUSS Verfahren festlegen, wie die Daten gesichert werden, einschließlich der Art, Häufigkeit und Zeitpunkte der Datensicherungen. Diese Verfahren MÜSSEN auf Basis der erhobenen Einflussfaktoren und in Abstimmung mit den jeweiligen Fachverantwortlichen bestimmt werden. Datensicherungen MÜSSEN immer auf separaten Speichermedien gespeichert werden, und besonders schützenswerte Speichermedien SOLLTEN nur während der Datensicherung und Datenwiederherstellung mit dem Netz der Institution oder dem Ursprungssystem verbunden werden. Quelle: Festlegung der Verfahrensweisen für die Datensicherung (S.2-3)

In virtuellen Umgebungen sowie für Storage-Systeme SOLLTE geprüft werden, ob das IT-System ergänzend durch Snapshot-Mechanismen gesichert werden kann, um hierdurch mehrere schnell wiederherstellbare Zwischenversionen zwischen den vollständigen Datensicherungen zu erstellen. Quelle: Festlegung der Verfahrensweisen für die Datensicherung (S.3)

Anschlussfragen:
1. Welche spezifischen Anforderungen sollten an einen Backup-Service gestellt werden?
2. Wie können Snapshot-Mechanismen in virtuellen Umgebungen implementiert werden?
3. Welche Maßnahmen sollten ergriffen werden, um die Sicherheit der Speichermedien für die Datensicherung zu gewährleisten?";"Ja, es wird empfohlen, trotz Provider-Backups eigene Datensicherungen durchzuführen. Die Institution SOLLTE prüfen, ob zusätzliche eigene Datensicherungen erstellt werden sollen, um die Sicherheit und Verfügbarkeit der Daten zu gewährleisten. Dies ist besonders wichtig, um Risiken wie Datenverlust durch Malware, technische Fehlfunktionen oder menschliches Versagen zu minimieren. Zudem SOLLTE die Institution detaillierte Anforderungen an einen Backup-Service erstellen, um sicherzustellen, dass die Datensicherungen den spezifischen Anforderungen der Institution entsprechen. Quelle: Durchführung eigener Datensicherungen (S.1-2)

Der IT-Betrieb MUSS Verfahren festlegen, wie die Daten gesichert werden, einschließlich der Art, Häufigkeit und Zeitpunkte der Datensicherungen. Diese Verfahren MÜSSEN auf Basis der erhobenen Einflussfaktoren und in Abstimmung mit den jeweiligen Fachverantwortlichen bestimmt werden. Datensicherungen MÜSSEN immer auf separaten Speichermedien gespeichert werden, und besonders schützenswerte Speichermedien SOLLTEN nur während der Datensicherung und Datenwiederherstellung mit dem Netz der Institution oder dem Ursprungssystem verbunden werden. Quelle: Festlegung der Verfahrensweisen für die Datensicherung (S.2-3)

In virtuellen Umgebungen sowie für Storage-Systeme SOLLTE geprüft werden, ob das IT-System ergänzend durch Snapshot-Mechanismen gesichert werden kann, um hierdurch mehrere schnell wiederherstellbare Zwischenversionen zwischen den vollständigen Datensicherungen zu erstellen. Quelle: Festlegung der Verfahrensweisen für die Datensicherung (S.3)";"1. Welche spezifischen Anforderungen sollten an einen Backup-Service gestellt werden?
2. Wie können Snapshot-Mechanismen in virtuellen Umgebungen implementiert werden?
3. Welche Maßnahmen sollten ergriffen werden, um die Sicherheit der Speichermedien für die Datensicherung zu gewährleisten?";3;3;0.9617346938638119;1.0;0.7692307692307693;0.4627794139712111;Welche spezifischen Anforderungen sollten an einen Backup-Service gestellt werden?;2;2;Direkte Anforderungen an Backup-Service;Wie können Snapshot-Mechanismen in virtuellen Umgebungen implementiert werden?;2;1;IT-Grundschutz deckt Snapshot-Mechanismen ab;Welche Maßnahmen sollten ergriffen werden, um die Sicherheit der Speichermedien für die Datensicherung zu gewährleisten?;2;2;Direkte Relevanz zu Datensicherung;2.0;1.667
Müssen Verantwortlichkeiten für Informationssicherheit festgelegt werden?;"Ja, Verantwortlichkeiten für Informationssicherheit MÜSSEN festgelegt werden. Laut ORP.1.A1 Festlegung von Verantwortlichkeiten und Regelungen (B) [Institutionsleitung] MÜSSEN innerhalb einer Institution alle relevanten Aufgaben und Funktionen klar definiert und voneinander abgegrenzt sein Quelle: ORP.1.A1 (S. nicht spezifiziert, da keine Seitenzahl im Kontext angegeben ist). 

Anschlussfragen:
1. Wie MÜSSEN die Organisationsstrukturen und verbindlichen Regelungen für die Informationssicherheit überarbeitet werden?
2. Welche Rolle spielt der Baustein ORP.1 Organisation bei der Umsetzung von Informationssicherheit in einer Institution?
3. Wie werden Aspekte wie Personal, Schulung von Mitarbeitenden und Identitäts- und Berechtigungsmanagement im Kontext der Informationssicherheit behandelt?";Ja, Verantwortlichkeiten für Informationssicherheit MÜSSEN festgelegt werden. Laut ORP.1.A1 Festlegung von Verantwortlichkeiten und Regelungen (B) [Institutionsleitung] MÜSSEN innerhalb einer Institution alle relevanten Aufgaben und Funktionen klar definiert und voneinander abgegrenzt sein Quelle: ORP.1.A1 (S. nicht spezifiziert, da keine Seitenzahl im Kontext angegeben ist).;ORP.1.A1 Festlegung von Verantwortlichkeiten und Regelungen (B) [Institutionsleitung] Innerhalb einer Institution MÜSSEN alle relevanten Aufgaben und Funktionen klar definiert und voneinander abgegrenzt sein. Es MÜSSEN verbindliche Regelungen für die Informationssicherheit für die verschiedenen betrieblichen Aspekte übergreifend festgelegt werden. Die Organisationsstrukturen sowie verbindliche Regelungen MÜSSEN anlassbezogen überarbeitet werden. Die Änderungen MÜSSEN allen Mitarbeitenden bekannt gegeben werden.;"Ja, Verantwortlichkeiten für Informationssicherheit müssen festgelegt werden. Die oberste Leitungsebene trägt die Gesamtverantwortung für die Informationssicherheit und muss den Sicherheitsprozess initiieren, steuern und überwachen. Dazu gehören die Festlegung von Sicherheitszielen, die Untersuchung von Risiken, die Bereitstellung von Ressourcen und die regelmäßige Überprüfung der Sicherheitsstrategie. Die operative Aufgabe der Informationssicherheit wird typischerweise an einen Informationssicherheitsbeauftragten (ISB) delegiert, der den Prozess fördert und koordiniert. Jeder Mitarbeiter ist zudem für die Aufrechterhaltung der Informationssicherheit an seinem Arbeitsplatz verantwortlich. Die Verantwortlichkeiten müssen klar definiert und kommuniziert werden, um eine effektive Informationssicherheit zu gewährleisten. Quelle: Informationssicherheit (S. 1-10)

Anschlussfragen:
1. Welche konkreten Maßnahmen müssen zur Festlegung von Verantwortlichkeiten für Informationssicherheit ergriffen werden?
2. Wie kann die oberste Leitungsebene sicherstellen, dass die Informationssicherheit in allen Geschäftsprozessen integriert wird?
3. Welche Qualifikationen und Ressourcen benötigt ein Informationssicherheitsbeauftragter (ISB), um seine Aufgaben effektiv auszuführen?";Ja, Verantwortlichkeiten für Informationssicherheit müssen festgelegt werden. Die oberste Leitungsebene trägt die Gesamtverantwortung für die Informationssicherheit und muss den Sicherheitsprozess initiieren, steuern und überwachen. Dazu gehören die Festlegung von Sicherheitszielen, die Untersuchung von Risiken, die Bereitstellung von Ressourcen und die regelmäßige Überprüfung der Sicherheitsstrategie. Die operative Aufgabe der Informationssicherheit wird typischerweise an einen Informationssicherheitsbeauftragten (ISB) delegiert, der den Prozess fördert und koordiniert. Jeder Mitarbeiter ist zudem für die Aufrechterhaltung der Informationssicherheit an seinem Arbeitsplatz verantwortlich. Die Verantwortlichkeiten müssen klar definiert und kommuniziert werden, um eine effektive Informationssicherheit zu gewährleisten. Quelle: Informationssicherheit (S. 1-10);"1. Welche konkreten Maßnahmen müssen zur Festlegung von Verantwortlichkeiten für Informationssicherheit ergriffen werden?
2. Wie kann die oberste Leitungsebene sicherstellen, dass die Informationssicherheit in allen Geschäftsprozessen integriert wird?
3. Welche Qualifikationen und Ressourcen benötigt ein Informationssicherheitsbeauftragter (ISB), um seine Aufgaben effektiv auszuführen?";3;3;0.9999999999875;1.0;1.0;0.4211588374095777;Welche konkreten Maßnahmen müssen zur Festlegung von Verantwortlichkeiten für Informationssicherheit ergriffen werden?;2;2;Direkte Maßnahmen zur Festlegung von Verantwortlichkeiten;Wie kann die oberste Leitungsebene sicherstellen, dass die Informationssicherheit in allen Geschäftsprozessen integriert wird?;2;2;Direkte Integration von Informationssicherheit;Welche Qualifikationen und Ressourcen benötigt ein Informationssicherheitsbeauftragter (ISB), um seine Aufgaben effektiv auszuführen?;2;2;Direkte Angaben zu Qualifikationen;2.0;2.0
Wer ist für Geschäftsprozesse und IT-Systeme zuständig?;"Für alle Geschäftsprozesse, Anwendungen, IT-Systeme, Räume und Gebäude sowie Kommunikationsverbindungen MUSS festgelegt werden, wer für diese und deren Sicherheit zuständig ist Quelle: ORP.1.A2 Zuweisung der Zuständigkeiten (B) [Institutionsleitung] (S. nicht spezifiziert). Die Institutionsleitung ist für die Zuweisung dieser Zuständigkeiten verantwortlich.

Anschlussfragen:
1. Wie werden die Zuständigkeiten für die Sicherheit von IT-Systemen und Geschäftsprozessen dokumentiert?
2. Welche Rolle spielt die Institutionsleitung bei der Zuweisung von Zuständigkeiten für Informationssicherheit?
3. Wie werden Mitarbeitende über ihre Zuständigkeiten und Aufgaben im Rahmen der Informationssicherheit informiert?";Für alle Geschäftsprozesse, Anwendungen, IT-Systeme, Räume und Gebäude sowie Kommunikationsverbindungen MUSS festgelegt werden, wer für diese und deren Sicherheit zuständig ist Quelle: ORP.1.A2 Zuweisung der Zuständigkeiten (B) [Institutionsleitung] (S. nicht spezifiziert). Die Institutionsleitung ist für die Zuweisung dieser Zuständigkeiten verantwortlich.;ORP.1.A2 Zuweisung der Zuständigkeiten (B) [Institutionsleitung] Für alle Geschäftsprozesse, Anwendungen, IT-Systeme, Räume und Gebäude sowie Kommunikationsverbindungen MUSS festgelegt werden, wer für diese und deren Sicherheit zuständig ist. Alle Mitarbeitenden MÜSSEN darüber informiert sein, insbesondere wofür sie zuständig sind und welche damit verbundenen Aufgaben sie wahrnehmen.;"Für die Geschäftsprozesse, IT-Systeme und IT-Ressourcenmanagement ist die IT-Abteilung zuständig. Der IT-Betrieb wird durch eine untergeordnete Organisationseinheit, die IT-Betrieb genannt wird, durchgeführt. Für alle Geschäftsprozesse, Anwendungen, IT-Systeme, Räume und Gebäude sowie Kommunikationsverbindungen MUSS festgelegt werden, wer für diese und deren Sicherheit zuständig ist. Alle Mitarbeitenden MÜSSEN darüber informiert sein, insbesondere wofür sie zuständig sind und welche damit verbundenen Aufgaben sie wahrnehmen. Quelle: Zuweisung der Zuständigkeiten (S.1-2)

Die oberste Leitungsebene jeder Behörde und jedes Unternehmens ist dafür verantwortlich, dass alle Geschäftsbereiche zielgerichtet und ordnungsgemäß funktionieren und dass Risiken frühzeitig erkannt und minimiert werden. Mit der steigenden Abhängigkeit der Geschäftsprozesse von der Informationsverarbeitung steigen auch die Anforderungen, dass die Informationssicherheit nach innen und außen gewährleistet ist. Die oberste Leitungsebene muss den Sicherheitsprozess initiieren, steuern und kontrollieren. Die Leitungsebene ist diejenige Instanz, die die Entscheidung über den Umgang mit Risiken treffen und die entsprechenden Ressourcen zur Verfügung stellen muss. Die Verantwortung für Informationssicherheit verbleibt dort. Die operative Aufgabe „Informationssicherheit"" wird allerdings typischerweise an einen Informationssicherheitsbeauftragten (ISB) delegiert. Quelle: Zuweisung der Zuständigkeiten (S.2-3)

Für alle betriebenen IT-Komponenten MUSS festgelegt werden, welche Aufgaben für den IT-Betrieb anfallen und wer dafür zuständig ist. Hierfür MÜSSEN die entsprechenden Rechte, Pflichten, Aufgaben mit den hierfür erforderlichen Tätigkeiten, Befugnisse und zugehörigen Prozesse geregelt werden. Weiterhin MÜSSEN die Schnittstellen und Meldewege sowie das Eskalationsmanagement zwischen verschiedenen Betriebseinheiten und gegenüber anderen organisatorischen Einheiten der Institution festgelegt werden. Quelle: Festlegung der Aufgaben und Zuständigkeiten des IT-Betriebs (S.3-4)

Anschlussfragen:
1. Welche spezifischen Aufgaben und Verantwortlichkeiten hat der Informationssicherheitsbeauftragte (ISB)?
2. Wie werden die Schnittstellen und Meldewege zwischen verschiedenen Betriebseinheiten und anderen organisatorischen Einheiten festgelegt?
3. Welche Qualifikationen und Kenntnisse sollte ein ICS-Informationssicherheitsbeauftragter (ICS-ISB) besitzen?";"Für die Geschäftsprozesse, IT-Systeme und IT-Ressourcenmanagement ist die IT-Abteilung zuständig. Der IT-Betrieb wird durch eine untergeordnete Organisationseinheit, die IT-Betrieb genannt wird, durchgeführt. Für alle Geschäftsprozesse, Anwendungen, IT-Systeme, Räume und Gebäude sowie Kommunikationsverbindungen MUSS festgelegt werden, wer für diese und deren Sicherheit zuständig ist. Alle Mitarbeitenden MÜSSEN darüber informiert sein, insbesondere wofür sie zuständig sind und welche damit verbundenen Aufgaben sie wahrnehmen. Quelle: Zuweisung der Zuständigkeiten (S.1-2)

Die oberste Leitungsebene jeder Behörde und jedes Unternehmens ist dafür verantwortlich, dass alle Geschäftsbereiche zielgerichtet und ordnungsgemäß funktionieren und dass Risiken frühzeitig erkannt und minimiert werden. Mit der steigenden Abhängigkeit der Geschäftsprozesse von der Informationsverarbeitung steigen auch die Anforderungen, dass die Informationssicherheit nach innen und außen gewährleistet ist. Die oberste Leitungsebene muss den Sicherheitsprozess initiieren, steuern und kontrollieren. Die Leitungsebene ist diejenige Instanz, die die Entscheidung über den Umgang mit Risiken treffen und die entsprechenden Ressourcen zur Verfügung stellen muss. Die Verantwortung für Informationssicherheit verbleibt dort. Die operative Aufgabe „Informationssicherheit"" wird allerdings typischerweise an einen Informationssicherheitsbeauftragten (ISB) delegiert. Quelle: Zuweisung der Zuständigkeiten (S.2-3)

Für alle betriebenen IT-Komponenten MUSS festgelegt werden, welche Aufgaben für den IT-Betrieb anfallen und wer dafür zuständig ist. Hierfür MÜSSEN die entsprechenden Rechte, Pflichten, Aufgaben mit den hierfür erforderlichen Tätigkeiten, Befugnisse und zugehörigen Prozesse geregelt werden. Weiterhin MÜSSEN die Schnittstellen und Meldewege sowie das Eskalationsmanagement zwischen verschiedenen Betriebseinheiten und gegenüber anderen organisatorischen Einheiten der Institution festgelegt werden. Quelle: Festlegung der Aufgaben und Zuständigkeiten des IT-Betriebs (S.3-4)";"1. Welche spezifischen Aufgaben und Verantwortlichkeiten hat der Informationssicherheitsbeauftragte (ISB)?
2. Wie werden die Schnittstellen und Meldewege zwischen verschiedenen Betriebseinheiten und anderen organisatorischen Einheiten festgelegt?
3. Welche Qualifikationen und Kenntnisse sollte ein ICS-Informationssicherheitsbeauftragter (ICS-ISB) besitzen?";3;3;0.6861904761767524;1.0;0.9795918367346939;0.34298993805955336;Welche spezifischen Aufgaben und Verantwortlichkeiten hat der Informationssicherheitsbeauftragte (ISB)?;2;2;ISB-Aufgaben direkt im IT-Grundschutz beschrieben;Wie werden die Schnittstellen und Meldewege zwischen verschiedenen Betriebseinheiten und anderen organisatorischen Einheiten festgelegt?;2;2;Schnittstellen und Meldewege;Welche Qualifikationen und Kenntnisse sollte ein ICS-Informationssicherheitsbeauftragter (ICS-ISB) besitzen?;2;2;Direkte Relevanz zu ICS-ISB;2.0;2.0
Warum müssen fremde Personen von externen Dienstleistern innerhalb der Institution begleitet werden?;"Institutionsfremde Personen MÜSSEN von Mitarbeitenden zu den Räumen begleitet werden, um sicherzustellen, dass sie nicht unbeaufsichtigt in den Räumen der Institution bleiben Quelle: ORP.1.A3 (S. nicht spezifiziert). Dies ist notwendig, um die Informationssicherheit innerhalb der Institution zu gewährleisten und unbefugten Zugriff auf sensible Bereiche oder Daten zu verhindern. Die Begleitung durch Mitarbeitende ermöglicht es, die Aktivitäten von Fremdpersonen zu überwachen und sicherzustellen, dass sie die Regeln und Richtlinien der Institution einhalten Quelle: ORP.1.A3 (S. nicht spezifiziert).

Anschlussfragen:
1. Wie sollten Mitarbeitende institutionsfremde Personen in sensiblen Bereichen beaufsichtigen?
2. Warum ist es wichtig, dass institutionsfremde Personen nicht unbeaufsichtigt in den Räumen der Institution bleiben?
3. Welche Rolle spielen die Bausteine ORP.2 bis ORP.5 im Kontext der Informationssicherheit in einer Institution?";Institutionsfremde Personen MÜSSEN von Mitarbeitenden zu den Räumen begleitet werden, um sicherzustellen, dass sie nicht unbeaufsichtigt in den Räumen der Institution bleiben Quelle: ORP.1.A3 (S. nicht spezifiziert). Dies ist notwendig, um die Informationssicherheit innerhalb der Institution zu gewährleisten und unbefugten Zugriff auf sensible Bereiche oder Daten zu verhindern. Die Begleitung durch Mitarbeitende ermöglicht es, die Aktivitäten von Fremdpersonen zu überwachen und sicherzustellen, dass sie die Regeln und Richtlinien der Institution einhalten Quelle: ORP.1.A3 (S. nicht spezifiziert).;ORP.1.A3 Beaufsichtigung oder Begleitung von Fremdpersonen (B) [Mitarbeitende] Institutionsfremde Personen MÜSSEN von Mitarbeitenden zu den Räumen begleitet werden. Die Mitarbeitenden der Institution MÜSSEN institutionsfremde Personen in sensiblen Bereichen beaufsichtigen. Die Mitarbeitenden SOLLTEN dazu angehalten werden, institutionsfremde Personen in den Räumen der Institution nicht unbeaufsichtigt zu lassen.;"Fremde Personen von externen Dienstleistern müssen innerhalb der Institution begleitet werden, um die Informationssicherheit und den Schutz sensibler Bereiche zu gewährleisten. Institutionsfremde Personen MÜSSEN von Mitarbeitenden zu den Räumen begleitet werden, insbesondere in sensiblen Bereichen, wo sie beaufsichtigt werden MÜSSEN. Dies dient dazu, unbefugten Zugriff, Diebstahl oder Sabotage zu verhindern und die Einhaltung von Sicherheitsvorschriften sicherzustellen. Auch Fremdpersonal MUSS in sicherheitsrelevanten Bereichen beaufsichtigt werden, während längerfristig beschäftigtes Fremdpersonal wie eigene Mitarbeitende eingewiesen und überwacht werden MUSS. Bei Verlassen der Institution MÜSSEN Arbeitsergebnisse und Zugangsberechtigungen geregelt übergeben bzw. zurückgegeben werden. Diese Maßnahmen sind notwendig, um die Verantwortung für die Informationssicherheit auch bei externen Dienstleistern zu gewährleisten und Risiken zu minimieren.

Quelle: Beaufsichtigung oder Begleitung von Fremdpersonen (S. 1-2)
Quelle: Festlegung von Regelungen für den Einsatz von Fremdpersonal (S. 2-3)
Quelle: Beaufsichtigung und Begleitung von Fremdpersonal für VS-IT nach §§ 3, 4 VSA (S. 3)

Anschlussfragen:
1. Welche spezifischen Sicherheitsvorschriften gelten für die Begleitung von Fremdpersonal in sensiblen Bereichen?
2. Wie wird die Einhaltung der Sicherheitsvorschriften durch Fremdpersonal überwacht und dokumentiert?
3. Welche Maßnahmen sind bei der Übergabe und Rückgabe von Zugangsberechtigungen an Fremdpersonal erforderlich?";"Fremde Personen von externen Dienstleistern müssen innerhalb der Institution begleitet werden, um die Informationssicherheit und den Schutz sensibler Bereiche zu gewährleisten. Institutionsfremde Personen MÜSSEN von Mitarbeitenden zu den Räumen begleitet werden, insbesondere in sensiblen Bereichen, wo sie beaufsichtigt werden MÜSSEN. Dies dient dazu, unbefugten Zugriff, Diebstahl oder Sabotage zu verhindern und die Einhaltung von Sicherheitsvorschriften sicherzustellen. Auch Fremdpersonal MUSS in sicherheitsrelevanten Bereichen beaufsichtigt werden, während längerfristig beschäftigtes Fremdpersonal wie eigene Mitarbeitende eingewiesen und überwacht werden MUSS. Bei Verlassen der Institution MÜSSEN Arbeitsergebnisse und Zugangsberechtigungen geregelt übergeben bzw. zurückgegeben werden. Diese Maßnahmen sind notwendig, um die Verantwortung für die Informationssicherheit auch bei externen Dienstleistern zu gewährleisten und Risiken zu minimieren.

Quelle: Beaufsichtigung oder Begleitung von Fremdpersonen (S. 1-2)
Quelle: Festlegung von Regelungen für den Einsatz von Fremdpersonal (S. 2-3)
Quelle: Beaufsichtigung und Begleitung von Fremdpersonal für VS-IT nach §§ 3, 4 VSA (S. 3)";"1. Welche spezifischen Sicherheitsvorschriften gelten für die Begleitung von Fremdpersonal in sensiblen Bereichen?
2. Wie wird die Einhaltung der Sicherheitsvorschriften durch Fremdpersonal überwacht und dokumentiert?
3. Welche Maßnahmen sind bei der Übergabe und Rückgabe von Zugangsberechtigungen an Fremdpersonal erforderlich?";3;3;0.874999999978125;1.0;0.75;0.546517543572155;Welche spezifischen Sicherheitsvorschriften gelten für die Begleitung von Fremdpersonal in sensiblen Bereichen?;2;2;Direkte Abdeckung durch IT-Grundschutz;Wie wird die Einhaltung der Sicherheitsvorschriften durch Fremdpersonal überwacht und dokumentiert?;2;2;Direkte Überwachung und Dokumentation;Welche Maßnahmen sind bei der Übergabe und Rückgabe von Zugangsberechtigungen an Fremdpersonal erforderlich?;2;2;Direkte Relevanz zu Zugangsberechtigungen;2.0;2.0
Muss es feste Ansprechpersonen für Sicherheitsfragen geben?;"Ja, es muss feste Ansprechpersonen für Sicherheitsfragen geben. In jeder Institution MUSS es Ansprechpersonen für Sicherheitsfragen geben, die sowohl scheinbar einfache wie auch komplexe oder technische Fragen beantworten können Quelle: ORP.1.A15 (S. nicht spezifiziert). Die Ansprechpersonen MÜSSEN allen Mitarbeitenden der Institution bekannt sein und diesbezügliche Informationen MÜSSEN in der Institution für alle verfügbar und leicht zugänglich sein.

Anschlussfragen:
1. Wie sollten die Ansprechpersonen für Sicherheitsfragen in der Institution bekannt gegeben werden?
2. Welche Rolle spielen die Ansprechpersonen bei der Behandlung von Sicherheitsvorfällen in der Institution?
3. Wie oft sollten die Ansprechpersonen für Sicherheitsfragen geschult oder informiert werden, um ihre Kenntnisse auf dem aktuellen Stand zu halten?";Ja, es muss feste Ansprechpersonen für Sicherheitsfragen geben. In jeder Institution MUSS es Ansprechpersonen für Sicherheitsfragen geben, die sowohl scheinbar einfache wie auch komplexe oder technische Fragen beantworten können Quelle: ORP.1.A15 (S. nicht spezifiziert). Die Ansprechpersonen MÜSSEN allen Mitarbeitenden der Institution bekannt sein und diesbezügliche Informationen MÜSSEN in der Institution für alle verfügbar und leicht zugänglich sein.;ORP.1.A15 Ansprechperson zu Informationssicherheitsfragen (B) In jeder Institution MUSS es Ansprechpersonen für Sicherheitsfragen geben, die sowohl scheinbar einfache wie auch komplexe oder technische Fragen beantworten können. Die Ansprechpersonen MÜSSEN allen Mitarbeitenden der Institution bekannt sein. Diesbezügliche Informationen MÜSSEN in der Institution für alle verfügbar und leicht zugänglich sein.;"Ja, es MUSS feste Ansprechpersonen für Sicherheitsfragen geben. Diese Ansprechpersonen MÜSSEN in der Institution bekannt sein und für alle Mitarbeitenden leicht zugänglich sein. Die Ansprechpersonen MÜSSEN sowohl einfache als auch komplexe oder technische Fragen beantworten können. Die Festlegung von Verantwortlichkeiten und Ansprechpersonen bei Sicherheitsvorfällen MUSS geregelt werden, und die Aufgaben und Kompetenzen der Mitarbeitenden MÜSSEN festgelegt und kommuniziert werden. Bei großen Institutionen kann es erforderlich sein, in den verschiedenen Bereichen eigene Sicherheitsbeauftragte einzusetzen. Quelle: Ansprechperson zu Informationssicherheitsfragen (S.1), Festlegung von Verantwortlichkeiten und Ansprechpersonen bei Sicherheitsvorfällen (S.1), Benennung von Anzusprechenden (S.1)

Anschlussfragen:
1. Wie können die Ansprechpersonen für Sicherheitsfragen am besten geschult und sensibilisiert werden?
2. Welche Prozesse und Vorgehensweisen sollten für die Meldung von Sicherheitsvorfällen definiert werden?
3. Wie kann sichergestellt werden, dass die Ansprechpersonen für Sicherheitsfragen immer aktuell und leicht zugänglich sind?";Ja, es MUSS feste Ansprechpersonen für Sicherheitsfragen geben. Diese Ansprechpersonen MÜSSEN in der Institution bekannt sein und für alle Mitarbeitenden leicht zugänglich sein. Die Ansprechpersonen MÜSSEN sowohl einfache als auch komplexe oder technische Fragen beantworten können. Die Festlegung von Verantwortlichkeiten und Ansprechpersonen bei Sicherheitsvorfällen MUSS geregelt werden, und die Aufgaben und Kompetenzen der Mitarbeitenden MÜSSEN festgelegt und kommuniziert werden. Bei großen Institutionen kann es erforderlich sein, in den verschiedenen Bereichen eigene Sicherheitsbeauftragte einzusetzen. Quelle: Ansprechperson zu Informationssicherheitsfragen (S.1), Festlegung von Verantwortlichkeiten und Ansprechpersonen bei Sicherheitsvorfällen (S.1), Benennung von Anzusprechenden (S.1);"1. Wie können die Ansprechpersonen für Sicherheitsfragen am besten geschult und sensibilisiert werden?
2. Welche Prozesse und Vorgehensweisen sollten für die Meldung von Sicherheitsvorfällen definiert werden?
3. Wie kann sichergestellt werden, dass die Ansprechpersonen für Sicherheitsfragen immer aktuell und leicht zugänglich sind?";3;3;0.7226190476045953;1.0;1.0;0.7342917361596731;Wie können die Ansprechpersonen für Sicherheitsfragen am besten geschult und sensibilisiert werden?;2;2;Direkte Ausbildung von Ansprechpersonen;Welche Prozesse und Vorgehensweisen sollten für die Meldung von Sicherheitsvorfällen definiert werden?;2;2;Direkte Relevanz zu Sicherheitsvorfällen;Wie kann sichergestellt werden, dass die Ansprechpersonen für Sicherheitsfragen immer aktuell und leicht zugänglich sind?;2;2;Direkte Bezugnahme auf Ansprechpersonen;2.0;2.0
Warum ist eine Funktionstrennung bei Aufgaben notwendig?;"Die Funktionstrennung bei Aufgaben ist notwendig, um unvereinbare Aufgaben wie operative und kontrollierende Funktionen auf verschiedene Personen zu verteilen Quelle: ORP.1.A4 (S. nicht spezifiziert). Dies bedeutet, dass die Aufgaben und die hierfür erforderlichen Rollen und Funktionen so strukturiert sein müssen, dass unvereinbare Aufgaben getrennt werden Quelle: ORP.1.A4 (S. nicht spezifiziert). Die Funktionstrennung soll verhindern, dass eine Person zu viel Macht oder Einfluss auf bestimmte Prozesse oder Systeme hat, was zu Missbrauch oder ungewollten Konsequenzen führen könnte Quelle: ORP.1.A4 (S. nicht spezifiziert).

Anschlussfragen:
1. Wie werden unvereinbare Aufgaben in einer Institution identifiziert und getrennt?
2. Welche Rolle spielt die Dokumentation bei der Funktionstrennung?
3. Wie werden Vertreter bei der Funktionstrennung berücksichtigt?";Die Funktionstrennung bei Aufgaben ist notwendig, um unvereinbare Aufgaben wie operative und kontrollierende Funktionen auf verschiedene Personen zu verteilen Quelle: ORP.1.A4 (S. nicht spezifiziert). Dies bedeutet, dass die Aufgaben und die hierfür erforderlichen Rollen und Funktionen so strukturiert sein müssen, dass unvereinbare Aufgaben getrennt werden Quelle: ORP.1.A4 (S. nicht spezifiziert). Die Funktionstrennung soll verhindern, dass eine Person zu viel Macht oder Einfluss auf bestimmte Prozesse oder Systeme hat, was zu Missbrauch oder ungewollten Konsequenzen führen könnte Quelle: ORP.1.A4 (S. nicht spezifiziert).;ORP.1.A4 Funktionstrennung zwischen unvereinbaren Aufgaben (B) Die Aufgaben und die hierfür erforderlichen Rollen und Funktionen MÜSSEN so strukturiert sein, dass unvereinbare Aufgaben wie operative und kontrollierende Funktionen auf verschiedene Personen verteilt werden. Für unvereinbare Funktionen MUSS eine Funktionstrennung festgelegt und dokumentiert sein. Auch Vertreter MÜSSEN der Funktionstrennung unterliegen.;"Eine Funktionstrennung bei Aufgaben ist notwendig, um Konflikte von Interessen und Verantwortlichkeiten zu vermeiden. Sie stellt sicher, dass operative und kontrollierende Funktionen getrennt werden, um Missbrauch oder Fehler zu verhindern. Diese Trennung MUSS für unvereinbare Funktionen festgelegt und dokumentiert sein, einschließlich der Vertreter dieser Funktionen. Die Aufgabenverteilung und Funktionstrennung MÜSSEN durch das Identitäts- und Berechtigungsmanagement umgesetzt werden, um die Integrität und Sicherheit der Prozesse zu gewährleisten.

Quelle: Funktionstrennung zwischen unvereinbaren Aufgaben (S.1)
Quelle: Aufgabenverteilung und Funktionstrennung (S.1)

Anschlussfragen:
1. Wie wird die Funktionstrennung in der Praxis umgesetzt?
2. Welche Rolle spielt das Identitäts- und Berechtigungsmanagement bei der Funktionstrennung?
3. Welche Konsequenzen kann das Fehlen einer Funktionstrennung haben?";"Eine Funktionstrennung bei Aufgaben ist notwendig, um Konflikte von Interessen und Verantwortlichkeiten zu vermeiden. Sie stellt sicher, dass operative und kontrollierende Funktionen getrennt werden, um Missbrauch oder Fehler zu verhindern. Diese Trennung MUSS für unvereinbare Funktionen festgelegt und dokumentiert sein, einschließlich der Vertreter dieser Funktionen. Die Aufgabenverteilung und Funktionstrennung MÜSSEN durch das Identitäts- und Berechtigungsmanagement umgesetzt werden, um die Integrität und Sicherheit der Prozesse zu gewährleisten.

Quelle: Funktionstrennung zwischen unvereinbaren Aufgaben (S.1)
Quelle: Aufgabenverteilung und Funktionstrennung (S.1)";"1. Wie wird die Funktionstrennung in der Praxis umgesetzt?
2. Welche Rolle spielt das Identitäts- und Berechtigungsmanagement bei der Funktionstrennung?
3. Welche Konsequenzen kann das Fehlen einer Funktionstrennung haben?";3;3;0.99999999995;1.0;1.0;0.5254378833684509;Wie wird die Funktionstrennung in der Praxis umgesetzt?;1;2;Teilweise abgedeckt;Welche Rolle spielt das Identitäts- und Berechtigungsmanagement bei der Funktionstrennung?;2;2;Direkte Verbindung zur Funktionstrennung;Welche Konsequenzen kann das Fehlen einer Funktionstrennung haben?;2;2;Fehlen von Funktionstrennung;1.667;2.0
Wie soll mit Betriebsmitteln und Geräten umgegangen werden?;"Um mit Betriebsmitteln und Geräten umzugehen, SOLLTE die Institution sicherstellen, dass alle Geräte und Betriebsmittel, die Einfluss auf die Informationssicherheit haben, in ausreichender Menge vorhanden sind Quelle: ORP.1.A8 (S). Es SOLLTE geeignete Prüf- und Genehmigungsverfahren vor Einsatz der Geräte und Betriebsmittel geben Quelle: ORP.1.A8 (S). Darüber hinaus SOLLTEN Geräte und Betriebsmittel in geeigneten Bestandsverzeichnissen aufgelistet werden Quelle: ORP.1.A8 (S). Um den Missbrauch von Daten zu verhindern, SOLLTE die zuverlässige Löschung oder Vernichtung von Geräten und Betriebsmitteln geregelt sein Quelle: ORP.1.A8 (S).

Anschlussfragen:
1. Wie sollten die Bestandsverzeichnisse für Geräte und Betriebsmittel gestaltet werden, um eine effiziente Verwaltung zu gewährleisten?
2. Welche Rolle spielt die zuverlässige Löschung oder Vernichtung von Geräten und Betriebsmitteln bei der Verhinderung von Datenmissbrauch?
3. Wie können geeignete Prüf- und Genehmigungsverfahren für den Einsatz neuer Geräte und Betriebsmittel etabliert werden, um die Informationssicherheit zu gewährleisten?";Um mit Betriebsmitteln und Geräten umzugehen, SOLLTE die Institution sicherstellen, dass alle Geräte und Betriebsmittel, die Einfluss auf die Informationssicherheit haben, in ausreichender Menge vorhanden sind Quelle: ORP.1.A8 (S). Es SOLLTE geeignete Prüf- und Genehmigungsverfahren vor Einsatz der Geräte und Betriebsmittel geben Quelle: ORP.1.A8 (S). Darüber hinaus SOLLTEN Geräte und Betriebsmittel in geeigneten Bestandsverzeichnissen aufgelistet werden Quelle: ORP.1.A8 (S). Um den Missbrauch von Daten zu verhindern, SOLLTE die zuverlässige Löschung oder Vernichtung von Geräten und Betriebsmitteln geregelt sein Quelle: ORP.1.A8 (S).;ORP.1.A8 Betriebsmittel- und Geräteverwaltung (S) [IT-Betrieb] Alle Geräte und Betriebsmittel, die Einfluss auf die Informationssicherheit haben und die zur Aufgabenerfüllung und zur Einhaltung der Sicherheitsanforderungen erforderlich sind, SOLLTEN in ausreichender Menge vorhanden sein. Es SOLLTE geeignete Prüf- und Genehmigungsverfahren vor Einsatz der Geräte und Betriebsmittel geben. Geräte und Betriebsmittel SOLLTEN in geeigneten Bestandsverzeichnissen aufgelistet werden. Um den Missbrauch von Daten zu verhindern, SOLLTE die zuverlässige Löschung oder Vernichtung von Geräten und Betriebsmitteln geregelt sein (siehe hierzu CON.6 Löschen und Vernichten).;"Der Umgang mit Betriebsmitteln und Geräten sollte nach folgenden Richtlinien erfolgen:

1. **Verfügbarkeit und Verwaltung**:
   - Geräte und Betriebsmittel SOLLTEN in ausreichender Menge vorhanden sein und in Bestandsverzeichnissen aufgelistet werden.
   - Geeignete Prüf- und Genehmigungsverfahren SOLLTEN vor dem Einsatz eingeführt werden.
   - Die zuverlässige Löschung oder Vernichtung von Geräten und Betriebsmitteln SOLLTE geregelt sein, um Missbrauch zu verhindern.
   Quelle: Betriebsmittel- und Geräteverwaltung (S.1-2)

2. **Richtlinien für mobile Geräte**:
   - Eine verbindliche Richtlinie für Mitarbeitende zur Benutzung von mobilen Geräten SOLLTE erstellt werden.
   - Diese Richtlinie SOLLTE die Nutzung, Pflege, Aufbewahrung und Verlustmeldung von mobilen Geräten regeln.
   - Das Deinstallieren von Verwaltungssoftware, Rooten oder Ändern sicherheitsrelevanter Konfigurationen SOLLTE verboten werden.
   Quelle: Richtlinie für Mitarbeitende zur Benutzung von mobilen Geräten (S.2-3)

3. **Absicherung und Verfügbarkeit**:
   - Betriebsmittel und Dokumentation SOLLTEN nur berechtigten Personen des IT-Betriebs zugänglich sein.
   - Der IT-Betrieb SOLLTE die Verfügbarkeit der Betriebsmittel und Dokumentation sicherstellen.
   - Sichere Protokolle SOLLTEN für die Kommunikation und Übertragung vertraulicher Daten verwendet werden.
   - Betriebsmittel SOLLTEN in das Schwachstellenmanagement und IT-Monitoring eingebunden werden.
   Quelle: Absicherung der Betriebsmittel und der Dokumentation (S.3-4)

4. **Autarke Funktion und Abhängigkeiten**:
   - Betriebsmittel SOLLTEN auch bei äußeren Störungen nutzbar sein.
   - Die Konfiguration und Verortung SOLLTE Abhängigkeiten zwischen verschiedenen Betriebsmitteln minimieren.
   - Der Ausfall eines Betriebsmittels SOLLTE nicht zu einer betriebsverhindernden Störung eines anderen Betriebsmittels führen.
   Quelle: Sicherstellen von autark funktionierenden Betriebsmitteln (S.4-5)

5. **Löschen und Vernichten**:
   - Schutzbedürftige Informationen und Datenträger MÜSSEN vor der Entsorgung sicher gelöscht oder vernichtet werden.
   - Der Prozess zum Löschen und Vernichten MUSS klar geregelt sein und Datensicherungen berücksichtigen.
   - Der Standort von Vernichtungseinrichtungen MUSS klar geregelt und vor unbefugten Zugriffen abgesichert sein.
   Quelle: Ordnungsgemäßes Löschen und Vernichten von schützenswerten Betriebsmitteln und Informationen (S.5-6)

6. **Planung und Einsatz**:
   - Der IT-Betrieb SOLLTE Betriebsmittel bedarfsgerecht planen, beschaffen und einsetzen.
   - Die Netze für Betriebsmittel SOLLTEN von anderen Netzen der Institution mindestens logisch getrennt werden.
   - Die Netze SOLLTEN abhängig von Sicherheitsrichtlinie und Funktionsabhängigkeiten weiter unterteilt werden.
   Quelle: Planung und Einsatz von Betriebsmitteln (S.6-7)

7. **Drucker, Kopierer und Multifunktionsgeräte**:
   - Der IT-Betrieb MUSS Drucker, Kopierer und Multifunktionsgeräte so aufstellen und absichern, dass nur befugte Personen sie verwenden und auf verarbeitete Informationen zugreifen können.
   - Nur berechtigte Personen MÜSSEN die Geräte administrieren, warten und reparieren können.
   - Schriftliche Vertraulichkeitsvereinbarungen MÜSSEN mit Dienstleistenden getroffen werden.
   - Drucker, Kopierer und Multifunktionsgeräte MÜSSEN mit Gerätepasswörtern versehen sein, die den Vorgaben des Identitäts- und Berechtigungsmanagements entsprechen.
   Quelle: Geeignete Aufstellung und Zugriff auf Drucker, Kopierer und Multifunktionsgeräte (S.7-8)

8. **Elektrische Zündquellen vermeiden**:
   - Die Nutzung privater Elektrogeräte innerhalb einer Institution SOLLTE klar geregelt werden.
   - Alle Elektrogeräte MÜSSEN durch eine Elektrofachkraft geprüft und für sicher befunden werden, bevor sie eingesetzt werden.
   - Die Verwendung von Steckdosenleisten SOLLTE soweit wie möglich vermieden werden.
   - Fehlende Steckdosen SOLLTEN durch eine Elektrofachkraft fachgerecht nachgerüstet werden.
   Quelle: Vermeidung elektrischer Zündquellen (S.8)

Anschlussfragen:
1. Wie können Bestandsverzeichnisse für Geräte und Betriebsmittel effizient geführt werden?
2. Welche Maßnahmen sind erforderlich, um die Sicherheit mobiler Geräte zu gewährleisten?
3. Wie kann die Verfügbarkeit von Betriebsmitteln und Dokumentation in Notfallsituationen sichergestellt werden?";"Der Umgang mit Betriebsmitteln und Geräten sollte nach folgenden Richtlinien erfolgen:

1. **Verfügbarkeit und Verwaltung**:
   - Geräte und Betriebsmittel SOLLTEN in ausreichender Menge vorhanden sein und in Bestandsverzeichnissen aufgelistet werden.
   - Geeignete Prüf- und Genehmigungsverfahren SOLLTEN vor dem Einsatz eingeführt werden.
   - Die zuverlässige Löschung oder Vernichtung von Geräten und Betriebsmitteln SOLLTE geregelt sein, um Missbrauch zu verhindern.
   Quelle: Betriebsmittel- und Geräteverwaltung (S.1-2)

2. **Richtlinien für mobile Geräte**:
   - Eine verbindliche Richtlinie für Mitarbeitende zur Benutzung von mobilen Geräten SOLLTE erstellt werden.
   - Diese Richtlinie SOLLTE die Nutzung, Pflege, Aufbewahrung und Verlustmeldung von mobilen Geräten regeln.
   - Das Deinstallieren von Verwaltungssoftware, Rooten oder Ändern sicherheitsrelevanter Konfigurationen SOLLTE verboten werden.
   Quelle: Richtlinie für Mitarbeitende zur Benutzung von mobilen Geräten (S.2-3)

3. **Absicherung und Verfügbarkeit**:
   - Betriebsmittel und Dokumentation SOLLTEN nur berechtigten Personen des IT-Betriebs zugänglich sein.
   - Der IT-Betrieb SOLLTE die Verfügbarkeit der Betriebsmittel und Dokumentation sicherstellen.
   - Sichere Protokolle SOLLTEN für die Kommunikation und Übertragung vertraulicher Daten verwendet werden.
   - Betriebsmittel SOLLTEN in das Schwachstellenmanagement und IT-Monitoring eingebunden werden.
   Quelle: Absicherung der Betriebsmittel und der Dokumentation (S.3-4)

4. **Autarke Funktion und Abhängigkeiten**:
   - Betriebsmittel SOLLTEN auch bei äußeren Störungen nutzbar sein.
   - Die Konfiguration und Verortung SOLLTE Abhängigkeiten zwischen verschiedenen Betriebsmitteln minimieren.
   - Der Ausfall eines Betriebsmittels SOLLTE nicht zu einer betriebsverhindernden Störung eines anderen Betriebsmittels führen.
   Quelle: Sicherstellen von autark funktionierenden Betriebsmitteln (S.4-5)

5. **Löschen und Vernichten**:
   - Schutzbedürftige Informationen und Datenträger MÜSSEN vor der Entsorgung sicher gelöscht oder vernichtet werden.
   - Der Prozess zum Löschen und Vernichten MUSS klar geregelt sein und Datensicherungen berücksichtigen.
   - Der Standort von Vernichtungseinrichtungen MUSS klar geregelt und vor unbefugten Zugriffen abgesichert sein.
   Quelle: Ordnungsgemäßes Löschen und Vernichten von schützenswerten Betriebsmitteln und Informationen (S.5-6)

6. **Planung und Einsatz**:
   - Der IT-Betrieb SOLLTE Betriebsmittel bedarfsgerecht planen, beschaffen und einsetzen.
   - Die Netze für Betriebsmittel SOLLTEN von anderen Netzen der Institution mindestens logisch getrennt werden.
   - Die Netze SOLLTEN abhängig von Sicherheitsrichtlinie und Funktionsabhängigkeiten weiter unterteilt werden.
   Quelle: Planung und Einsatz von Betriebsmitteln (S.6-7)

7. **Drucker, Kopierer und Multifunktionsgeräte**:
   - Der IT-Betrieb MUSS Drucker, Kopierer und Multifunktionsgeräte so aufstellen und absichern, dass nur befugte Personen sie verwenden und auf verarbeitete Informationen zugreifen können.
   - Nur berechtigte Personen MÜSSEN die Geräte administrieren, warten und reparieren können.
   - Schriftliche Vertraulichkeitsvereinbarungen MÜSSEN mit Dienstleistenden getroffen werden.
   - Drucker, Kopierer und Multifunktionsgeräte MÜSSEN mit Gerätepasswörtern versehen sein, die den Vorgaben des Identitäts- und Berechtigungsmanagements entsprechen.
   Quelle: Geeignete Aufstellung und Zugriff auf Drucker, Kopierer und Multifunktionsgeräte (S.7-8)

8. **Elektrische Zündquellen vermeiden**:
   - Die Nutzung privater Elektrogeräte innerhalb einer Institution SOLLTE klar geregelt werden.
   - Alle Elektrogeräte MÜSSEN durch eine Elektrofachkraft geprüft und für sicher befunden werden, bevor sie eingesetzt werden.
   - Die Verwendung von Steckdosenleisten SOLLTE soweit wie möglich vermieden werden.
   - Fehlende Steckdosen SOLLTEN durch eine Elektrofachkraft fachgerecht nachgerüstet werden.
   Quelle: Vermeidung elektrischer Zündquellen (S.8)";"1. Wie können Bestandsverzeichnisse für Geräte und Betriebsmittel effizient geführt werden?
2. Welche Maßnahmen sind erforderlich, um die Sicherheit mobiler Geräte zu gewährleisten?
3. Wie kann die Verfügbarkeit von Betriebsmitteln und Dokumentation in Notfallsituationen sichergestellt werden?";3;3;0.6333333333122222;1.0;1.0;0.34536376243582845;Wie können Bestandsverzeichnisse für Geräte und Betriebsmittel effizient geführt werden?;2;2;Direkte Relevanz zu Geräteverwaltung;Welche Maßnahmen sind erforderlich, um die Sicherheit mobiler Geräte zu gewährleisten?;2;2;Direkte Sicherheitsmaßnahmen;Wie kann die Verfügbarkeit von Betriebsmitteln und Dokumentation in Notfallsituationen sichergestellt werden?;2;2;Direkte Verfügbarkeitssicherung;2.0;2.0
Welche organisatorischen Maßnahmen gelten bei Umzügen?;"Bei Umzügen gelten organisatorische Maßnahmen, die im Baustein ORP.1.A13 Sicherheit bei Umzügen (S) [IT-Betrieb, Haustechnik] festgelegt sind. Vor einem Umzug SOLLTEN frühzeitig Sicherheitsrichtlinien erarbeitet bzw. aktualisiert werden Quelle: ORP.1.A13 (S). Alle Mitarbeitenden SOLLTEN über die vor, während und nach dem Umzug relevanten Sicherheitsmaßnahmen informiert werden Quelle: ORP.1.A13 (S). Nach dem Umzug SOLLTE überprüft werden, ob das transportierte Umzugsgut vollständig und unbeschädigt bzw. unverändert angekommen ist Quelle: ORP.1.A13 (S).

Anschlussfragen:
1. Wie werden die Sicherheitsrichtlinien vor einem Umzug aktualisiert?
2. Welche Rolle spielt die Information der Mitarbeitenden bei Umzügen?
3. Wie wird die Integrität des Umzugsgutes nach dem Umzug sichergestellt?";Bei Umzügen gelten organisatorische Maßnahmen, die im Baustein ORP.1.A13 Sicherheit bei Umzügen (S) [IT-Betrieb, Haustechnik] festgelegt sind. Vor einem Umzug SOLLTEN frühzeitig Sicherheitsrichtlinien erarbeitet bzw. aktualisiert werden Quelle: ORP.1.A13 (S). Alle Mitarbeitenden SOLLTEN über die vor, während und nach dem Umzug relevanten Sicherheitsmaßnahmen informiert werden Quelle: ORP.1.A13 (S). Nach dem Umzug SOLLTE überprüft werden, ob das transportierte Umzugsgut vollständig und unbeschädigt bzw. unverändert angekommen ist Quelle: ORP.1.A13 (S).;ORP.1.A13 Sicherheit bei Umzügen (S) [IT-Betrieb, Haustechnik] Vor einem Umzug SOLLTEN frühzeitig Sicherheitsrichtlinien erarbeitet bzw. aktualisiert werden. Alle Mitarbeitenden SOLLTEN über die vor, während und nach dem Umzug relevanten Sicherheitsmaßnahmen informiert werden. Nach dem Umzug SOLLTE überprüft werden, ob das transportierte Umzugsgut vollständig und unbeschädigt bzw. unverändert angekommen ist.;"Bei Umzügen sind folgende organisatorische Maßnahmen zu beachten:

1. **Sicherheitsrichtlinien erarbeiten und aktualisieren**: Vor einem Umzug SOLLTEN frühzeitig Sicherheitsrichtlinien erarbeitet bzw. aktualisiert werden. Quelle: Sicherheit bei Umzügen (S.1)
2. **Mitarbeitende informieren**: Alle Mitarbeitenden SOLLTEN über die vor, während und nach dem Umzug relevanten Sicherheitsmaßnahmen informiert werden. Quelle: Sicherheit bei Umzügen (S.1)
3. **Überprüfung des Umzugsguts**: Nach dem Umzug SOLLTE überprüft werden, ob das transportierte Umzugsgut vollständig und unbeschädigt bzw. unverändert angekommen ist. Quelle: Sicherheit bei Umzügen (S.1)
4. **Regelungen zur Mitnahme von Wechseldatenträgern**: Es SOLLTE klare schriftliche Regeln dazu geben, ob, wie und zu welchen Anlässen Wechseldatenträger mitgenommen werden dürfen. Quelle: Regelung zur Mitnahme von Wechseldatenträgern (S.2)
5. **Transport von Arbeitsmaterial zum häuslichen Arbeitsplatz**: Es MUSS geregelt werden, welche Datenträger und Unterlagen am häuslichen Arbeitsplatz bearbeitet und zwischen der Institution und dem häuslichen Arbeitsplatz hin und her transportiert werden dürfen. Generell MÜSSEN Datenträger und andere Unterlagen sicher transportiert werden. Quelle: Transport von Arbeitsmaterial zum häuslichen Arbeitsplatz (S.2)
6. **Identifikation länderspezifischer Regelungen, Reise- und Umgebungsbedingungen**: Vor Reiseantritt MÜSSEN die jeweils geltenden Regelungen der einzelnen Länder durch das Informationssicherheitsmanagement bzw. die Personalabteilung geprüft und an die entsprechenden Mitarbeitenden kommuniziert werden. Quelle: Identifikation länderspezifischer Regelungen, Reise- und Umgebungsbedingungen (S.3)

Anschlussfragen:
1. Welche technischen Maßnahmen sind bei Umzügen zu beachten?
2. Wie können vertrauliche Dokumente während eines Umzugs geschützt werden?
3. Welche Rolle spielt das Informationssicherheitsmanagement bei der Planung und Durchführung von Umzügen?";"Bei Umzügen sind folgende organisatorische Maßnahmen zu beachten:

1. **Sicherheitsrichtlinien erarbeiten und aktualisieren**: Vor einem Umzug SOLLTEN frühzeitig Sicherheitsrichtlinien erarbeitet bzw. aktualisiert werden. Quelle: Sicherheit bei Umzügen (S.1)
2. **Mitarbeitende informieren**: Alle Mitarbeitenden SOLLTEN über die vor, während und nach dem Umzug relevanten Sicherheitsmaßnahmen informiert werden. Quelle: Sicherheit bei Umzügen (S.1)
3. **Überprüfung des Umzugsguts**: Nach dem Umzug SOLLTE überprüft werden, ob das transportierte Umzugsgut vollständig und unbeschädigt bzw. unverändert angekommen ist. Quelle: Sicherheit bei Umzügen (S.1)
4. **Regelungen zur Mitnahme von Wechseldatenträgern**: Es SOLLTE klare schriftliche Regeln dazu geben, ob, wie und zu welchen Anlässen Wechseldatenträger mitgenommen werden dürfen. Quelle: Regelung zur Mitnahme von Wechseldatenträgern (S.2)
5. **Transport von Arbeitsmaterial zum häuslichen Arbeitsplatz**: Es MUSS geregelt werden, welche Datenträger und Unterlagen am häuslichen Arbeitsplatz bearbeitet und zwischen der Institution und dem häuslichen Arbeitsplatz hin und her transportiert werden dürfen. Generell MÜSSEN Datenträger und andere Unterlagen sicher transportiert werden. Quelle: Transport von Arbeitsmaterial zum häuslichen Arbeitsplatz (S.2)
6. **Identifikation länderspezifischer Regelungen, Reise- und Umgebungsbedingungen**: Vor Reiseantritt MÜSSEN die jeweils geltenden Regelungen der einzelnen Länder durch das Informationssicherheitsmanagement bzw. die Personalabteilung geprüft und an die entsprechenden Mitarbeitenden kommuniziert werden. Quelle: Identifikation länderspezifischer Regelungen, Reise- und Umgebungsbedingungen (S.3)";"1. Welche technischen Maßnahmen sind bei Umzügen zu beachten?
2. Wie können vertrauliche Dokumente während eines Umzugs geschützt werden?
3. Welche Rolle spielt das Informationssicherheitsmanagement bei der Planung und Durchführung von Umzügen?";3;3;0.8333333332916666;0.75;1.0;0.6272362592276498;Welche technischen Maßnahmen sind bei Umzügen zu beachten?;2;2;Direkte Beachtung technischer Maßnahmen;Wie können vertrauliche Dokumente während eines Umzugs geschützt werden?;2;2;Direkte Relevanz zu Dokumentenschutz;Welche Rolle spielt das Informationssicherheitsmanagement bei der Planung und Durchführung von Umzügen?;2;2;Informationssicherheitsmanagement bei Umzügen;2.0;2.0
Warum reicht es nicht aus, Regelungen nur festzulegen?;"Es reicht nicht aus, Regelungen nur festzulegen, da ihre Kommunikation an die Mitarbeitenden elementar wichtig ist, damit die Vorgaben auch von allen Betroffenen im Arbeitsalltag gelebt werden können Quelle: 2.2. Nichtbeachtung von Regelungen. Wenn Regelungen nicht bekannt gemacht und verstanden werden, können Sicherheitslücken entstehen, wie beispielsweise das ungewollte Teilen von vertraulichen Informationen oder die unautorisierte Änderung von Daten Quelle: 2.2. Nichtbeachtung von Regelungen.

Anschlussfragen:
1. Wie können Mitarbeitende über Sicherheitsregelungen informiert werden, um sicherzustellen, dass sie diese im Arbeitsalltag anwenden?
2. Welche Arten von Sicherheitslücken können entstehen, wenn Regelungen von Mitarbeitenden missachtet werden?
3. Wie kann sichergestellt werden, dass alle Mitarbeitenden die Brisanz von Integritätsverletzungen einschätzen können, wenn sie Zugriffsrechte administrieren?";Es reicht nicht aus, Regelungen nur festzulegen, da ihre Kommunikation an die Mitarbeitenden elementar wichtig ist, damit die Vorgaben auch von allen Betroffenen im Arbeitsalltag gelebt werden können Quelle: 2.2. Nichtbeachtung von Regelungen. Wenn Regelungen nicht bekannt gemacht und verstanden werden, können Sicherheitslücken entstehen, wie beispielsweise das ungewollte Teilen von vertraulichen Informationen oder die unautorisierte Änderung von Daten Quelle: 2.2. Nichtbeachtung von Regelungen.;"2.2. Nichtbeachtung von Regelungen Allen Mitarbeitenden müssen die geltenden Regelungen bekannt gemacht werden und zum Nachlesen zur Verfügung stehen. Die Erfahrung zeigt, dass es nicht ausreicht, Sicherheitsregeln lediglich festzulegen. Ihre Kommunikation an die Mitarbeitenden ist elementar wichtig, damit die Vorgaben auch von allen Betroffenen im Arbeitsalltag gelebt werden können. Werden Regelungen von Mitarbeitenden missachtet, können beispielsweise folgende Sicherheitslücken entstehen:

• Vertrauliche Informationen werden in Hörweite fremder Personen diskutiert, beispielsweise in Pausengesprächen von Besprechungen oder über Mobiltelefonate in öffentlichen Umgebungen.

• Dokumente werden auf einem Webserver veröffentlicht, ohne dass geprüft wurde, ob diese tatsächlich zur Veröffentlichung vorgesehen und freigegeben sind.

• Aufgrund von fehlerhaft administrierten Zugriffsrechten können Mitarbeitende Daten ändern, ohne die Brisanz dieser Integritätsverletzung einschätzen zu können.";"Regelungen nur festzulegen, reicht nicht aus, weil ihre Bekanntmachung und Umsetzung durch die Mitarbeitenden entscheidend für die Informationssicherheit sind. Selbst wenn Sicherheitsregeln vorhanden sind, können sie ignoriert oder missachtet werden, wenn sie nicht ausreichend kommuniziert und verinnerlicht werden. Dies kann zu Sicherheitslücken führen, wie z. B. das Diskutieren vertraulicher Informationen in Hörweite fremder Personen oder das Veröffentlichen ungeprüfter Dokumente auf Webservern. Die Erfahrung zeigt, dass Sicherheitsregeln nur dann wirksam sind, wenn sie den Mitarbeitenden bekannt sind und diese verstehen, warum sie wichtig sind. Eine unzureichende Sensibilisierung und Schulung kann dazu führen, dass Sicherheitsmaßnahmen im Arbeitsalltag ignoriert werden, was die Sicherheitskultur, -ziele und -strategie der Institution gefährdet. Zudem können Mitarbeitende neue Sicherheitsprogramme und -funktionen nicht anwenden, wenn sie nicht wissen, wie sie bedient werden, was zu Fehlbedienungen und Verzögerungen führen kann. Eine Fehlbedienung kann insbesondere bei kritischen IT-Systemen existenzbedrohende Auswirkungen haben. Daher ist es essenziell, dass Regelungen nicht nur festgelegt, sondern auch aktiv kommuniziert, geschult und überwacht werden, um ihre Einhaltung sicherzustellen. Quelle: Nichtbeachtung von Regelungen (S. 1-2), Unzureichende Kenntnis über Regelungen (S. 2-3), Unzureichende Sensibilisierung für Informationssicherheit (S. 3-4), Unwirksame Aktivitäten zur Sensibilisierung und Schulung (S. 4-5), Unzureichende Schulung der Mitarbeitenden zu Sicherheitsfunktionen (S. 5-6), Nicht erkannte Sicherheitsvorfälle (S. 6-7), Nichtbeachtung von Sicherheitsmaßnahmen (S. 7-8), Fehlende Akzeptanz von Informationssicherheitsvorgaben (S. 8-9), Social Engineering (S. 9-10).

Anschlussfragen:
1. Welche Maßnahmen können ergriffen werden, um die Bekanntmachung und Einhaltung von Sicherheitsregeln sicherzustellen?
2. Wie kann die Sensibilisierung und Schulung der Mitarbeitenden zur Informationssicherheit effektiv gestaltet werden?
3. Welche Rolle spielt die Institutionsleitung bei der Umsetzung und Überwachung von Sicherheitsregeln?";Regelungen nur festzulegen, reicht nicht aus, weil ihre Bekanntmachung und Umsetzung durch die Mitarbeitenden entscheidend für die Informationssicherheit sind. Selbst wenn Sicherheitsregeln vorhanden sind, können sie ignoriert oder missachtet werden, wenn sie nicht ausreichend kommuniziert und verinnerlicht werden. Dies kann zu Sicherheitslücken führen, wie z. B. das Diskutieren vertraulicher Informationen in Hörweite fremder Personen oder das Veröffentlichen ungeprüfter Dokumente auf Webservern. Die Erfahrung zeigt, dass Sicherheitsregeln nur dann wirksam sind, wenn sie den Mitarbeitenden bekannt sind und diese verstehen, warum sie wichtig sind. Eine unzureichende Sensibilisierung und Schulung kann dazu führen, dass Sicherheitsmaßnahmen im Arbeitsalltag ignoriert werden, was die Sicherheitskultur, -ziele und -strategie der Institution gefährdet. Zudem können Mitarbeitende neue Sicherheitsprogramme und -funktionen nicht anwenden, wenn sie nicht wissen, wie sie bedient werden, was zu Fehlbedienungen und Verzögerungen führen kann. Eine Fehlbedienung kann insbesondere bei kritischen IT-Systemen existenzbedrohende Auswirkungen haben. Daher ist es essenziell, dass Regelungen nicht nur festgelegt, sondern auch aktiv kommuniziert, geschult und überwacht werden, um ihre Einhaltung sicherzustellen. Quelle: Nichtbeachtung von Regelungen (S. 1-2), Unzureichende Kenntnis über Regelungen (S. 2-3), Unzureichende Sensibilisierung für Informationssicherheit (S. 3-4), Unwirksame Aktivitäten zur Sensibilisierung und Schulung (S. 4-5), Unzureichende Schulung der Mitarbeitenden zu Sicherheitsfunktionen (S. 5-6), Nicht erkannte Sicherheitsvorfälle (S. 6-7), Nichtbeachtung von Sicherheitsmaßnahmen (S. 7-8), Fehlende Akzeptanz von Informationssicherheitsvorgaben (S. 8-9), Social Engineering (S. 9-10).;"1. Welche Maßnahmen können ergriffen werden, um die Bekanntmachung und Einhaltung von Sicherheitsregeln sicherzustellen?
2. Wie kann die Sensibilisierung und Schulung der Mitarbeitenden zur Informationssicherheit effektiv gestaltet werden?
3. Welche Rolle spielt die Institutionsleitung bei der Umsetzung und Überwachung von Sicherheitsregeln?";3;3;0.7291666666484374;1.0;1.0;0.6670367600518613;Welche Maßnahmen können ergriffen werden, um die Bekanntmachung und Einhaltung von Sicherheitsregeln sicherzustellen?;2;2;Direkte Maßnahmen zur Sicherstellung;Wie kann die Sensibilisierung und Schulung der Mitarbeitenden zur Informationssicherheit effektiv gestaltet werden?;2;2;Direkte Beziehung zu Sensibilisierung;Welche Rolle spielt die Institutionsleitung bei der Umsetzung und Überwachung von Sicherheitsregeln?;2;2;Institutionsleitung bei Sicherheitsregeln;2.0;2.0
Welche Gefahren entstehen durch fehlende organisatorische Regelungen?;"Fehlende oder unzureichende organisatorische Regelungen können zu massiven Sicherheitslücken führen, da Mitarbeitende nicht wissen, wie sie bei Vorfällen reagieren sollen Quelle: 2.1. Fehlende oder unzureichende Regelungen. Probleme können auch durch veraltete, unpraktikable oder unverständlich formulierte Regelungen entstehen Quelle: 2.1. Fehlende oder unzureichende Regelungen. Dies kann insbesondere in komplexen Geschäftsprozessen oder bei der Verarbeitung schutzbedürftiger Informationen zu erheblichen Risiken führen Quelle: 2.1. Fehlende oder unzureichende Regelungen.

Anschlussfragen:
1. Wie können unzureichende Regelungen die Reaktionsfähigkeit von Mitarbeitern bei Sicherheitsvorfällen beeinträchtigen?
2. Welche Rolle spielen veraltete oder unverständlich formulierte Regelungen bei der Entstehung von Sicherheitsproblemen?
3. In welchen Szenarien nimmt die Bedeutung übergreifender organisatorischer Regelungen besonders zu?";Fehlende oder unzureichende organisatorische Regelungen können zu massiven Sicherheitslücken führen, da Mitarbeitende nicht wissen, wie sie bei Vorfällen reagieren sollen Quelle: 2.1. Fehlende oder unzureichende Regelungen. Probleme können auch durch veraltete, unpraktikable oder unverständlich formulierte Regelungen entstehen Quelle: 2.1. Fehlende oder unzureichende Regelungen. Dies kann insbesondere in komplexen Geschäftsprozessen oder bei der Verarbeitung schutzbedürftiger Informationen zu erheblichen Risiken führen Quelle: 2.1. Fehlende oder unzureichende Regelungen.;2.1. Fehlende oder unzureichende Regelungen Fehlende Regelungen können zu massiven Sicherheitslücken führen, wenn beispielsweise Mitarbeitende nicht wissen, wie sie bei Vorfällen reagieren sollen. Probleme können auch dadurch entstehen, dass Regelungen veraltet, unpraktikabel oder unverständlich formuliert sind. Die Bedeutung dieser übergreifenden organisatorischen Regelungen nimmt mit der Komplexität der Geschäftsprozesse und dem Umfang der Informationsverarbeitung, aber auch mit dem Schutzbedarf der zu verarbeitenden Informationen zu.;"Fehlende oder unzureichende organisatorische Regelungen können zu verschiedenen Gefahren führen, die die Informationssicherheit einer Institution beeinträchtigen. Hier sind einige der wichtigsten Gefahren:

1. **Sicherheitslücken durch fehlende Regelungen**:
   Fehlende oder unzureichende Regelungen können dazu führen, dass Mitarbeitende nicht wissen, wie sie bei Vorfällen reagieren sollen. Dies kann zu massiven Sicherheitslücken führen, da wichtige Sicherheitsmaßnahmen nicht umgesetzt werden. Beispielsweise können vertrauliche Informationen in Hörweite fremder Personen diskutiert oder Dokumente ohne Prüfung auf Webservern veröffentlicht werden. Quelle: Fehlende oder unzureichende Regelungen (S. 1-2)

2. **Nichtbeachtung von Regelungen**:
   Selbst wenn Regelungen vorhanden sind, können sie missachtet werden, wenn sie nicht ausreichend kommuniziert oder verstanden werden. Dies kann dazu führen, dass Mitarbeitende Daten ändern, ohne die Brisanz dieser Integritätsverletzung einzuschätzen, oder dass Zugriffsrechte fehlerhaft administriert werden. Quelle: Nichtbeachtung von Regelungen (S. 2-3)

3. **Fehlende, ungeeignete oder inkompatible Betriebsmittel**:
   Wenn benötigte Betriebsmittel nicht in ausreichender Menge oder nicht termingerecht bereitgestellt werden, können Störungen eintreten. Ungeeignete oder inkompatible Betriebsmittel können ebenfalls zu Problemen führen, da sie nicht eingesetzt werden können. Beispielsweise kann eine unzureichende Kapazität von Festplatten zu Problemen bei der Datensicherung führen. Quelle: Fehlende, ungeeignete oder inkompatible Betriebsmittel (S. 3-4)

4. **Gefährdung durch Institutionsfremde**:
   Institutionsfremde, wie Besuchende oder Reinigungskräfte, können interne Informationen, Geschäftsprozesse und IT-Systeme gefährden. Unbegleitete Besuchende können auf Unterlagen und Datenträger zugreifen oder Geräte beschädigen, während Reinigungskräfte versehentlich Steckverbindungen lösen oder Unterlagen verlegen können. Quelle: Gefährdung durch Institutionsfremde (S. 4-5)

5. **Fehlende persönliche Verantwortung im Sicherheitsprozess**:
   Wenn Rollen und Zuständigkeiten im Sicherheitsprozess nicht eindeutig festgelegt sind, können Mitarbeitende ihre Verantwortung für die Informationssicherheit ablehnen oder vergessen. Dies kann dazu führen, dass Sicherheitsmaßnahmen nicht umgesetzt werden, da diese zunächst fast immer einen Mehraufwand im gewohnten Arbeitsablauf darstellen. Quelle: Fehlende persönliche Verantwortung im Sicherheitsprozess (S. 5-6)

6. **Mangelnde Unterstützung durch die Institutionsleitung**:
   Wenn die Sicherheitsverantwortlichen nicht uneingeschränkt durch die Institutionsleitung unterstützt werden, kann es schwierig werden, die notwendigen Maßnahmen einzufordern. Dies gilt insbesondere für Personen, die in der Linienstruktur über den Sicherheitsverantwortlichen stehen. In diesem Fall ist der Sicherheitsprozess nicht vollständig durchführbar. Quelle: Mangelnde Unterstützung durch die Institutionsleitung (S. 6-7)

7. **Unzureichende strategische und konzeptionelle Vorgaben**:
   In vielen Institutionen wird zwar ein Sicherheitskonzept erstellt, dessen Inhalt ist dann aber häufig nur wenigen Personen in der Institution bekannt. Dies führt dazu, dass Vorgaben an Stellen, an denen organisatorischer Aufwand zu betreiben wäre, bewusst oder unbewusst nicht eingehalten werden. Quelle: Unzureichende strategische und konzeptionelle Vorgaben (S. 7-8)

8. **Unzureichende oder fehlgeleitete Investitionen**:
   Wenn die Institutionsleitung nicht ausreichend über den Sicherheitszustand sämtlicher Geschäftsprozesse, IT-Systeme und Anwendungen sowie über vorhandene Mängel unterrichtet ist, werden nicht genügend Ressourcen für den Sicherheitsprozess bereitgestellt oder diese nicht sachgerecht eingesetzt. Häufig ist auch zu beobachten, dass teure technische Sicherheitslösungen falsch eingesetzt werden und somit unwirksam sind oder sogar selbst zur Gefahrenquelle werden. Quelle: Unzureichende oder fehlgeleitete Investitionen (S. 8-9)

9. **Unzureichende Durchsetzbarkeit von Sicherheitsmaßnahmen**:
   Um ein durchgehendes und angemessenes Sicherheitsniveau zu erreichen, müssen unterschiedliche Zuständigkeitsbereiche innerhalb einer Institution miteinander kooperieren. Fehlende strategische Leitaussagen und unklare Zielsetzungen führen mitunter aber zu unterschiedlichen Interpretationen der Bedeutung von Informationssicherheit. Dies kann zur Folge haben, dass die notwendige Kooperation nicht zustande kommt, etwa weil die Aufgabe „Informationssicherheit“ als unnötig angesehen wird oder zumindest keine Priorität hat. Somit könnten Sicherheitsmaßnahmen nicht umgesetzt werden. Quelle: Unzureichende Durchsetzbarkeit von Sicherheitsmaßnahmen (S. 9-10)

10. **Fehlende Aktualisierung im Sicherheitsprozess**:
    Neue Geschäftsprozesse, Anwendungen und IT-Systeme sowie neue Bedrohungen beeinflussen permanent den Status der Informationssicherheit innerhalb einer Institution. Fehlt ein effektives Revisionskonzept, das auch das Bewusstsein für neue Bedrohungen stärkt, verringert sich das Sicherheitsniveau. Aus der realen Sicherheit wird dann schleichend eine gefährliche Scheinsicherheit. Quelle: Fehlende Aktualisierung im Sicherheitsprozess (S. 10-11)

Anschlussfragen:
1. Welche Maßnahmen können ergriffen werden, um die Nichtbeachtung von Regelungen zu verhindern?
2. Wie kann die Institutionsleitung die Unterstützung des Sicherheitsprozesses sicherstellen?
3. Welche Strategien gibt es, um sicherzustellen, dass Sicherheitskonzepte und -vorgaben in der gesamten Institution bekannt und umgesetzt werden?";"Fehlende oder unzureichende organisatorische Regelungen können zu verschiedenen Gefahren führen, die die Informationssicherheit einer Institution beeinträchtigen. Hier sind einige der wichtigsten Gefahren:

1. **Sicherheitslücken durch fehlende Regelungen**:
   Fehlende oder unzureichende Regelungen können dazu führen, dass Mitarbeitende nicht wissen, wie sie bei Vorfällen reagieren sollen. Dies kann zu massiven Sicherheitslücken führen, da wichtige Sicherheitsmaßnahmen nicht umgesetzt werden. Beispielsweise können vertrauliche Informationen in Hörweite fremder Personen diskutiert oder Dokumente ohne Prüfung auf Webservern veröffentlicht werden. Quelle: Fehlende oder unzureichende Regelungen (S. 1-2)

2. **Nichtbeachtung von Regelungen**:
   Selbst wenn Regelungen vorhanden sind, können sie missachtet werden, wenn sie nicht ausreichend kommuniziert oder verstanden werden. Dies kann dazu führen, dass Mitarbeitende Daten ändern, ohne die Brisanz dieser Integritätsverletzung einzuschätzen, oder dass Zugriffsrechte fehlerhaft administriert werden. Quelle: Nichtbeachtung von Regelungen (S. 2-3)

3. **Fehlende, ungeeignete oder inkompatible Betriebsmittel**:
   Wenn benötigte Betriebsmittel nicht in ausreichender Menge oder nicht termingerecht bereitgestellt werden, können Störungen eintreten. Ungeeignete oder inkompatible Betriebsmittel können ebenfalls zu Problemen führen, da sie nicht eingesetzt werden können. Beispielsweise kann eine unzureichende Kapazität von Festplatten zu Problemen bei der Datensicherung führen. Quelle: Fehlende, ungeeignete oder inkompatible Betriebsmittel (S. 3-4)

4. **Gefährdung durch Institutionsfremde**:
   Institutionsfremde, wie Besuchende oder Reinigungskräfte, können interne Informationen, Geschäftsprozesse und IT-Systeme gefährden. Unbegleitete Besuchende können auf Unterlagen und Datenträger zugreifen oder Geräte beschädigen, während Reinigungskräfte versehentlich Steckverbindungen lösen oder Unterlagen verlegen können. Quelle: Gefährdung durch Institutionsfremde (S. 4-5)

5. **Fehlende persönliche Verantwortung im Sicherheitsprozess**:
   Wenn Rollen und Zuständigkeiten im Sicherheitsprozess nicht eindeutig festgelegt sind, können Mitarbeitende ihre Verantwortung für die Informationssicherheit ablehnen oder vergessen. Dies kann dazu führen, dass Sicherheitsmaßnahmen nicht umgesetzt werden, da diese zunächst fast immer einen Mehraufwand im gewohnten Arbeitsablauf darstellen. Quelle: Fehlende persönliche Verantwortung im Sicherheitsprozess (S. 5-6)

6. **Mangelnde Unterstützung durch die Institutionsleitung**:
   Wenn die Sicherheitsverantwortlichen nicht uneingeschränkt durch die Institutionsleitung unterstützt werden, kann es schwierig werden, die notwendigen Maßnahmen einzufordern. Dies gilt insbesondere für Personen, die in der Linienstruktur über den Sicherheitsverantwortlichen stehen. In diesem Fall ist der Sicherheitsprozess nicht vollständig durchführbar. Quelle: Mangelnde Unterstützung durch die Institutionsleitung (S. 6-7)

7. **Unzureichende strategische und konzeptionelle Vorgaben**:
   In vielen Institutionen wird zwar ein Sicherheitskonzept erstellt, dessen Inhalt ist dann aber häufig nur wenigen Personen in der Institution bekannt. Dies führt dazu, dass Vorgaben an Stellen, an denen organisatorischer Aufwand zu betreiben wäre, bewusst oder unbewusst nicht eingehalten werden. Quelle: Unzureichende strategische und konzeptionelle Vorgaben (S. 7-8)

8. **Unzureichende oder fehlgeleitete Investitionen**:
   Wenn die Institutionsleitung nicht ausreichend über den Sicherheitszustand sämtlicher Geschäftsprozesse, IT-Systeme und Anwendungen sowie über vorhandene Mängel unterrichtet ist, werden nicht genügend Ressourcen für den Sicherheitsprozess bereitgestellt oder diese nicht sachgerecht eingesetzt. Häufig ist auch zu beobachten, dass teure technische Sicherheitslösungen falsch eingesetzt werden und somit unwirksam sind oder sogar selbst zur Gefahrenquelle werden. Quelle: Unzureichende oder fehlgeleitete Investitionen (S. 8-9)

9. **Unzureichende Durchsetzbarkeit von Sicherheitsmaßnahmen**:
   Um ein durchgehendes und angemessenes Sicherheitsniveau zu erreichen, müssen unterschiedliche Zuständigkeitsbereiche innerhalb einer Institution miteinander kooperieren. Fehlende strategische Leitaussagen und unklare Zielsetzungen führen mitunter aber zu unterschiedlichen Interpretationen der Bedeutung von Informationssicherheit. Dies kann zur Folge haben, dass die notwendige Kooperation nicht zustande kommt, etwa weil die Aufgabe „Informationssicherheit“ als unnötig angesehen wird oder zumindest keine Priorität hat. Somit könnten Sicherheitsmaßnahmen nicht umgesetzt werden. Quelle: Unzureichende Durchsetzbarkeit von Sicherheitsmaßnahmen (S. 9-10)

10. **Fehlende Aktualisierung im Sicherheitsprozess**:
    Neue Geschäftsprozesse, Anwendungen und IT-Systeme sowie neue Bedrohungen beeinflussen permanent den Status der Informationssicherheit innerhalb einer Institution. Fehlt ein effektives Revisionskonzept, das auch das Bewusstsein für neue Bedrohungen stärkt, verringert sich das Sicherheitsniveau. Aus der realen Sicherheit wird dann schleichend eine gefährliche Scheinsicherheit. Quelle: Fehlende Aktualisierung im Sicherheitsprozess (S. 10-11)";"1. Welche Maßnahmen können ergriffen werden, um die Nichtbeachtung von Regelungen zu verhindern?
2. Wie kann die Institutionsleitung die Unterstützung des Sicherheitsprozesses sicherstellen?
3. Welche Strategien gibt es, um sicherzustellen, dass Sicherheitskonzepte und -vorgaben in der gesamten Institution bekannt und umgesetzt werden?";3;3;0.9379251700546283;1.0;1.0;0.3021490627963911;Welche Maßnahmen können ergriffen werden, um die Nichtbeachtung von Regelungen zu verhindern?;2;2;Direkte Maßnahmen zur Regelungsnichtbeachtung;Wie kann die Institutionsleitung die Unterstützung des Sicherheitsprozesses sicherstellen?;2;2;Direkte Unterstützung durch IT-Grundschutz;Welche Strategien gibt es, um sicherzustellen, dass Sicherheitskonzepte und -vorgaben in der gesamten Institution bekannt und umgesetzt werden?;2;2;Direkte Umsetzung von Sicherheitskonzepten;2.0;2.0
Wie werden organisatorische Regelungen aktuell gehalten?;"Die organisatorischen Regelungen werden aktuell gehalten, indem sie anlassbezogen überarbeitet werden. Dies bedeutet, dass die Regelungen und Organisationsstrukturen bei Bedarf aktualisiert und an veränderte Bedingungen angepasst werden. Nach einer Überarbeitung MÜSSEN die Änderungen allen Mitarbeitenden bekannt gegeben werden, um sicherzustellen, dass alle Beteiligten über die aktuellen Regelungen und Verantwortlichkeiten informiert sind. Quelle: ORP.1.A1 (S. nicht spezifiziert).

Anschlussfragen:
1. Wie werden die Verantwortlichkeiten und Regelungen innerhalb einer Institution festgelegt?
2. Welche Aspekte werden im Baustein ORP.1 Organisation nicht behandelt?
3. Wie werden die Mitarbeiter über Änderungen in den organisatorischen Regelungen informiert?";Die organisatorischen Regelungen werden aktuell gehalten, indem sie anlassbezogen überarbeitet werden. Dies bedeutet, dass die Regelungen und Organisationsstrukturen bei Bedarf aktualisiert und an veränderte Bedingungen angepasst werden. Nach einer Überarbeitung MÜSSEN die Änderungen allen Mitarbeitenden bekannt gegeben werden, um sicherzustellen, dass alle Beteiligten über die aktuellen Regelungen und Verantwortlichkeiten informiert sind. Quelle: ORP.1.A1 (S. nicht spezifiziert).;ORP.1.A1 Festlegung von Verantwortlichkeiten und Regelungen (B) [Institutionsleitung] Innerhalb einer Institution MÜSSEN alle relevanten Aufgaben und Funktionen klar definiert und voneinander abgegrenzt sein. Es MÜSSEN verbindliche Regelungen für die Informationssicherheit für die verschiedenen betrieblichen Aspekte übergreifend festgelegt werden. Die Organisationsstrukturen sowie verbindliche Regelungen MÜSSEN anlassbezogen überarbeitet werden. Die Änderungen MÜSSEN allen Mitarbeitenden bekannt gegeben werden.;"Organisatorische Regelungen werden aktuell gehalten, indem sie anlassbezogen überarbeitet und allen Mitarbeitenden bekannt gegeben werden. Dies ist notwendig, um sicherzustellen, dass die Regelungen immer den aktuellen Anforderungen und Gegebenheiten entsprechen und von allen Beteiligten eingehalten werden können.

Die Organisationsstrukturen sowie verbindliche Regelungen MÜSSEN anlassbezogen überarbeitet werden. Die Änderungen MÜSSEN allen Mitarbeitenden bekannt gegeben werden. Quelle: Festlegung von Verantwortlichkeiten und Regelungen (S.1)

Die gesamte Dokumentation inklusive der zugehörigen Kontaktinformationen MUSS immer aktuell und verfügbar sein. Quelle: Regelung und Dokumentation von Verantwortlichkeiten und Zuständigkeiten im Gebäude (S.2)

Die Organisationsabteilung ist zum einen dafür zuständig, dass Richtlinien und Anweisungen einheitlich gestaltet und gepflegt werden. Dies betrifft auch die Dokumentation des BCMS. Zum anderen werden in der Regel in der Organisationsabteilung die Geschäftsprozesse der Institution modelliert und aktualisiert. Quelle: Organisation (S.3)

Die Dokumentation eines Gebäudes, z. B. Baupläne, Trassenpläne, Strangschemata, Fluchtwegpläne und Feuerwehrlaufkarten, SOLLTE immer auf dem aktuellen Stand gehalten werden. Es SOLLTE mindestens einmal innerhalb von drei Jahren überprüft werden, ob alle relevanten Pläne noch aktuell und korrekt sind. Über Änderungen SOLLTEN die Mitarbeitenden informiert werden. Quelle: Regelmäßige Aktualisierungen der Dokumentation (S.4)

Anschlussfragen:
1. Wie werden Änderungen in den organisatorischen Regelungen kommuniziert?
2. Welche Rolle spielt die Organisationsabteilung bei der Aktualisierung von Regelungen?
3. Wie oft sollten die Dokumentationen eines Gebäudes überprüft werden?";"Organisatorische Regelungen werden aktuell gehalten, indem sie anlassbezogen überarbeitet und allen Mitarbeitenden bekannt gegeben werden. Dies ist notwendig, um sicherzustellen, dass die Regelungen immer den aktuellen Anforderungen und Gegebenheiten entsprechen und von allen Beteiligten eingehalten werden können.

Die Organisationsstrukturen sowie verbindliche Regelungen MÜSSEN anlassbezogen überarbeitet werden. Die Änderungen MÜSSEN allen Mitarbeitenden bekannt gegeben werden. Quelle: Festlegung von Verantwortlichkeiten und Regelungen (S.1)

Die gesamte Dokumentation inklusive der zugehörigen Kontaktinformationen MUSS immer aktuell und verfügbar sein. Quelle: Regelung und Dokumentation von Verantwortlichkeiten und Zuständigkeiten im Gebäude (S.2)

Die Organisationsabteilung ist zum einen dafür zuständig, dass Richtlinien und Anweisungen einheitlich gestaltet und gepflegt werden. Dies betrifft auch die Dokumentation des BCMS. Zum anderen werden in der Regel in der Organisationsabteilung die Geschäftsprozesse der Institution modelliert und aktualisiert. Quelle: Organisation (S.3)

Die Dokumentation eines Gebäudes, z. B. Baupläne, Trassenpläne, Strangschemata, Fluchtwegpläne und Feuerwehrlaufkarten, SOLLTE immer auf dem aktuellen Stand gehalten werden. Es SOLLTE mindestens einmal innerhalb von drei Jahren überprüft werden, ob alle relevanten Pläne noch aktuell und korrekt sind. Über Änderungen SOLLTEN die Mitarbeitenden informiert werden. Quelle: Regelmäßige Aktualisierungen der Dokumentation (S.4)";"1. Wie werden Änderungen in den organisatorischen Regelungen kommuniziert?
2. Welche Rolle spielt die Organisationsabteilung bei der Aktualisierung von Regelungen?
3. Wie oft sollten die Dokumentationen eines Gebäudes überprüft werden?";3;3;0.8333333332916666;1.0;0.8333333333333334;0.6900642921770128;Wie werden Änderungen in den organisatorischen Regelungen kommuniziert?;2;2;Direkte Kommunikation von Änderungen;Welche Rolle spielt die Organisationsabteilung bei der Aktualisierung von Regelungen?;2;2;Direkte Rolle der Organisationsabteilung;Wie oft sollten die Dokumentationen eines Gebäudes überprüft werden?;2;2;Direkte Überprüfungshäufigkeit;2.0;2.0
Was ist das Ziel des Identitäts- und Berechtigungsmanagements?;"Das Ziel des Identitäts- und Berechtigungsmanagements ist es, sicherzustellen, dass Benutzende oder IT-Komponenten ausschließlich auf die ITRessourcen und Informationen zugreifen können, die sie für ihre Arbeit benötigen und für die sie autorisiert sind, und unautorisierten Benutzenden oder IT-Komponenten den Zugriff zu verwehren Quelle: 1.2. Zielsetzung. 

Anschlussfragen:
1. Wie können Institutionen ein sicheres Identitäts- und Berechtigungsmanagement aufbauen?
2. Welche Rolle spielen Autorisierungen im Identitäts- und Berechtigungsmanagement?
3. Wie kann man unautorisierten Zugriff auf ITRessourcen und Informationen verhindern?";Das Ziel des Identitäts- und Berechtigungsmanagements ist es, sicherzustellen, dass Benutzende oder IT-Komponenten ausschließlich auf die ITRessourcen und Informationen zugreifen können, die sie für ihre Arbeit benötigen und für die sie autorisiert sind, und unautorisierten Benutzenden oder IT-Komponenten den Zugriff zu verwehren Quelle: 1.2. Zielsetzung.;1.2. Zielsetzung Ziel des Bausteins ist es, dass Benutzende oder auch IT-Komponenten ausschließlich auf die ITRessourcen und Informationen zugreifen können, die sie für ihre Arbeit benötigen und für die sie autorisiert sind, und unautorisierten Benutzenden oder IT-Komponenten den Zugriff zu verwehren. Dazu werden Anforderungen formuliert, mit denen Institutionen ein sicheres Identitäts- und Berechtigungsmanagement aufbauen sollten.;"Das Ziel des Identitäts- und Berechtigungsmanagements (IAM) ist es, sicherzustellen, dass nur autorisierte Benutzende und IT-Komponenten Zugriff auf schützenswerte Ressourcen einer Institution erhalten. Dabei müssen Benutzende und IT-Komponenten zweifelsfrei identifiziert und authentisiert werden. Das Identitätsmanagement umfasst die Verwaltung der dafür notwendigen Informationen, während das Berechtigungsmanagement regelt, ob und wie Benutzende oder IT-Komponenten auf Informationen oder Dienste zugreifen dürfen. Die Prozesse des IAM umfassen die Verwaltung von Richtlinien, Identitätsprofilen, Benutzendenkennungen, Berechtigungsprofilen und Rollen. Ziel ist es, den Zugriff auf IT-Ressourcen und Informationen auf das notwendige Maß zu beschränken und unautorisierten Zugriff zu verwehren. Quelle: Identitäts- und Berechtigungsmanagement (S.1-2)

Anschlussfragen:
1. Welche Prozesse sind für ein sicheres Identitäts- und Berechtigungsmanagement erforderlich?
2. Wie kann eine zentrale Deaktivierungsmöglichkeit von Konten sichergestellt werden?
3. Welche Anforderungen gibt es an die Auswahl eines Identitäts- und Berechtigungsmanagement-Systems?";Das Ziel des Identitäts- und Berechtigungsmanagements (IAM) ist es, sicherzustellen, dass nur autorisierte Benutzende und IT-Komponenten Zugriff auf schützenswerte Ressourcen einer Institution erhalten. Dabei müssen Benutzende und IT-Komponenten zweifelsfrei identifiziert und authentisiert werden. Das Identitätsmanagement umfasst die Verwaltung der dafür notwendigen Informationen, während das Berechtigungsmanagement regelt, ob und wie Benutzende oder IT-Komponenten auf Informationen oder Dienste zugreifen dürfen. Die Prozesse des IAM umfassen die Verwaltung von Richtlinien, Identitätsprofilen, Benutzendenkennungen, Berechtigungsprofilen und Rollen. Ziel ist es, den Zugriff auf IT-Ressourcen und Informationen auf das notwendige Maß zu beschränken und unautorisierten Zugriff zu verwehren. Quelle: Identitäts- und Berechtigungsmanagement (S.1-2);"1. Welche Prozesse sind für ein sicheres Identitäts- und Berechtigungsmanagement erforderlich?
2. Wie kann eine zentrale Deaktivierungsmöglichkeit von Konten sichergestellt werden?
3. Welche Anforderungen gibt es an die Auswahl eines Identitäts- und Berechtigungsmanagement-Systems?";3;3;0.8333333333055556;1.0;1.0;0.5930264925206785;Welche Prozesse sind für ein sicheres Identitäts- und Berechtigungsmanagement erforderlich?;2;2;Direkte Prozessauflistung;Wie kann eine zentrale Deaktivierungsmöglichkeit von Konten sichergestellt werden?;1;2;Teilweise abgedeckt;Welche Anforderungen gibt es an die Auswahl eines Identitäts- und Berechtigungsmanagement-Systems?;2;2;Direkte Anforderungen;1.667;2.0
Warum müssen Benutzendenkennungen eindeutig Personen zugeordnet werden?;"Benutzendenkennungen müssen eindeutig Personen zugeordnet werden, um eine klare Zuordnung und Verwaltung von Benutzerrechten und -zugriffen zu ermöglichen Quelle: ORP.4.A1 (S. nicht spezifiziert, da keine Seitenzahl im Kontext angegeben ist). Dies ist wichtig, um Missbrauch und unerlaubten Zugriff auf Systeme und Daten zu verhindern. Durch die eindeutige Zuordnung kann sichergestellt werden, dass nur autorisierte Personen Zugriff auf bestimmte Ressourcen haben und dass Aktivitäten im System korrekt zugeordnet werden können.

Anschlussfragen:
1. Wie sollten Benutzendenkennungen, die längere Zeit inaktiv sind, behandelt werden?
2. Warum dürfen Benutzendenkennungen und -gruppen nur über separate administrative Rollen eingerichtet und gelöscht werden?
3. Welche Rolle spielt der Baustein ORP.4 im Kontext des Identitäts- und Berechtigungsmanagements?";Benutzendenkennungen müssen eindeutig Personen zugeordnet werden, um eine klare Zuordnung und Verwaltung von Benutzerrechten und -zugriffen zu ermöglichen Quelle: ORP.4.A1 (S. nicht spezifiziert, da keine Seitenzahl im Kontext angegeben ist). Dies ist wichtig, um Missbrauch und unerlaubten Zugriff auf Systeme und Daten zu verhindern. Durch die eindeutige Zuordnung kann sichergestellt werden, dass nur autorisierte Personen Zugriff auf bestimmte Ressourcen haben und dass Aktivitäten im System korrekt zugeordnet werden können.;ORP.4.A1 Regelung für die Einrichtung und Löschung von Benutzenden und Benutzendengruppen (B) [IT-Betrieb] Es MUSS geregelt werden, wie Benutzendenkennungen und -gruppen einzurichten und zu löschen sind. Jede Benutzendenkennung MUSS eindeutig einer Person zugeordnet werden können. Benutzendenkennungen, die längere Zeit inaktiv sind, SOLLTEN deaktiviert werden. Alle Benutzenden und Benutzendengruppen DÜRFEN NUR über separate administrative Rollen eingerichtet und gelöscht werden. Nicht benötigte Benutzendenkennungen, wie z. B. standardmäßig eingerichtete Gastkonten oder Standard-Administrierendenkennungen, MÜSSEN geeignet deaktiviert oder gelöscht werden.;"Benutzendenkennungen müssen eindeutig Personen zugeordnet werden, um die Nachvollziehbarkeit und Verantwortlichkeit von Handlungen im System sicherzustellen. Dies ist entscheidend, um die Prinzipien des Identitäts- und Berechtigungsmanagements zu erfüllen, insbesondere das Prinzip der geringsten Berechtigungen (Least Privileges) und das Erforderlichkeitsprinzip (Need-to-know). Eine eindeutige Zuordnung ermöglicht es, Berechtigungen präzise zu verwalten und sicherzustellen, dass nur autorisierte Personen Zugriff auf schützenswerte Ressourcen erhalten. Zudem erleichtert dies die Überwachung und Kontrolle von Zugriffsrechten, was insbesondere bei personellen Veränderungen oder bei der Vergabe von Berechtigungen mit hoher Autorisierung von Bedeutung ist. Eine klare Zuordnung von Benutzendenkennungen zu Personen hilft auch, Missbrauch und unbefugte Nutzung von Berechtigungen zu verhindern. Quelle: Einrichtung, Änderung und Entzug von Berechtigungen (S.1-2), Identitäts- und Berechtigungsmanagement bei Kubernetes (S.2-3), Sorgfältige Vergabe von IDs (S.4-5)

Anschlussfragen:
1. Welche Maßnahmen können ergriffen werden, um die eindeutige Zuordnung von Benutzendenkennungen zu Personen sicherzustellen?
2. Wie kann das Prinzip der geringsten Berechtigungen (Least Privileges) in der Praxis umgesetzt werden?
3. Welche Rolle spielt das Identitäts- und Berechtigungsmanagement bei der Verhinderung von Missbrauch und unbefugtem Zugriff?";Benutzendenkennungen müssen eindeutig Personen zugeordnet werden, um die Nachvollziehbarkeit und Verantwortlichkeit von Handlungen im System sicherzustellen. Dies ist entscheidend, um die Prinzipien des Identitäts- und Berechtigungsmanagements zu erfüllen, insbesondere das Prinzip der geringsten Berechtigungen (Least Privileges) und das Erforderlichkeitsprinzip (Need-to-know). Eine eindeutige Zuordnung ermöglicht es, Berechtigungen präzise zu verwalten und sicherzustellen, dass nur autorisierte Personen Zugriff auf schützenswerte Ressourcen erhalten. Zudem erleichtert dies die Überwachung und Kontrolle von Zugriffsrechten, was insbesondere bei personellen Veränderungen oder bei der Vergabe von Berechtigungen mit hoher Autorisierung von Bedeutung ist. Eine klare Zuordnung von Benutzendenkennungen zu Personen hilft auch, Missbrauch und unbefugte Nutzung von Berechtigungen zu verhindern. Quelle: Einrichtung, Änderung und Entzug von Berechtigungen (S.1-2), Identitäts- und Berechtigungsmanagement bei Kubernetes (S.2-3), Sorgfältige Vergabe von IDs (S.4-5);"1. Welche Maßnahmen können ergriffen werden, um die eindeutige Zuordnung von Benutzendenkennungen zu Personen sicherzustellen?
2. Wie kann das Prinzip der geringsten Berechtigungen (Least Privileges) in der Praxis umgesetzt werden?
3. Welche Rolle spielt das Identitäts- und Berechtigungsmanagement bei der Verhinderung von Missbrauch und unbefugtem Zugriff?";3;3;0.36507936506719574;0.8333333333333334;0.8;0.6537808514926694;Welche Maßnahmen können ergriffen werden, um die eindeutige Zuordnung von Benutzendenkennungen zu Personen sicherzustellen?;2;2;Direkte Zuordnung zu Authentisierung;Wie kann das Prinzip der geringsten Berechtigungen (Least Privileges) in der Praxis umgesetzt werden?;2;1;Prinzip der geringsten Berechtigungen;Welche Rolle spielt das Identitäts- und Berechtigungsmanagement bei der Verhinderung von Missbrauch und unbefugtem Zugriff?;2;2;Direkte Verbindung zum Identitätsmanagement;2.0;1.667
Warum ist eine Dokumentation der Benutzerkonten notwendig?;"Eine Dokumentation der Benutzerkonten ist notwendig, um den Überblick über zugelassene Benutzendenkennungen, angelegte Benutzendengruppen und Rechteprofile zu behalten und sicherzustellen, dass die Rechtevergabe den Sicherheitsanforderungen und den aktuellen Aufgaben der Benutzenden entspricht Quelle: ORP.4.A3 (S. nicht spezifiziert). Dies ermöglicht eine regelmäßige Überprüfung und Anpassung der Rechtevergabe, um unberechtigten Zugriff zu verhindern und die Sicherheit des Systems zu gewährleisten.

Anschlussfragen:
1. Wie oft sollte die Dokumentation der Benutzendenkennungen und Rechteprofile überprüft werden?
2. Welche Rolle spielt die Datensicherung bei der elektronischen Dokumentation von Benutzerkonten?
3. Wie werden Betriebssysteme und Verzeichnisdienste im Kontext des Identitäts- und Berechtigungsmanagements behandelt?";Eine Dokumentation der Benutzerkonten ist notwendig, um den Überblick über zugelassene Benutzendenkennungen, angelegte Benutzendengruppen und Rechteprofile zu behalten und sicherzustellen, dass die Rechtevergabe den Sicherheitsanforderungen und den aktuellen Aufgaben der Benutzenden entspricht Quelle: ORP.4.A3 (S. nicht spezifiziert). Dies ermöglicht eine regelmäßige Überprüfung und Anpassung der Rechtevergabe, um unberechtigten Zugriff zu verhindern und die Sicherheit des Systems zu gewährleisten.;ORP.4.A3 Dokumentation der Benutzendenkennungen und Rechteprofile (B) [IT-Betrieb] Es MUSS dokumentiert werden, welche Benutzendenkennungen, angelegte Benutzendengruppen und Rechteprofile zugelassen und angelegt wurden. Die Dokumentation der zugelassenen Benutzendenkennungen, angelegten Benutzendengruppen und Rechteprofile MUSS regelmäßig daraufhin überprüft werden, ob sie den tatsächlichen Stand der Rechtevergabe widerspiegelt. Dabei MUSS auch geprüft werden, ob die Rechtevergabe noch den Sicherheitsanforderungen und den aktuellen Aufgaben der Benutzenden entspricht. Die Dokumentation MUSS vor unberechtigtem Zugriff geschützt werden. Sofern sie in elektronischer Form erfolgt, SOLLTE sie in das Datensicherungsverfahren einbezogen werden.;"Eine Dokumentation der Benutzerkonten ist aus mehreren Gründen notwendig:

1. **Nachvollziehbarkeit und Transparenz**: Die Dokumentation ermöglicht es, nachzuvollziehen, welche Konten mit Administrationsrechten ausgestattet sind und wer diese Rechte besitzt. Dies ist wichtig, um die Sicherheit und Integrität des Systems zu gewährleisten. Quelle: Einsatz der Benutzerkontensteuerung UAC für privilegierte Konten (S.1)

2. **Regelmäßige Überprüfung**: Durch die Dokumentation kann regelmäßig geprüft werden, ob die Rechte der Benutzerkonten noch notwendig und angemessen sind. Dies hilft, unnötige Sicherheitsrisiken zu minimieren. Quelle: Einsatz der Benutzerkontensteuerung UAC für privilegierte Konten (S.1)

3. **Schutz vor unbefugten Zugriffen**: Die Dokumentation muss vor unbefugten Zugriffen geschützt werden, um sicherzustellen, dass nur autorisierte Personen Zugriff auf sensible Informationen haben. Quelle: Betriebsdokumentationen (S.2)

4. **Konfigurationsänderungen**: Alle Konfigurationsänderungen und sicherheitsrelevanten Aufgaben müssen dokumentiert werden, um sicherzustellen, dass Änderungen nachvollziehbar und rückverfolgbar sind. Quelle: Betriebsdokumentationen (S.2)

5. **Sicherheitsrelevante Aufgaben**: Die Dokumentation sollte sicherheitsrelevante Aufgaben, wie z. B. wer befugt ist, neue Festplatten einzubauen, enthalten. Dies hilft, sicherzustellen, dass nur autorisierte Personen solche Aufgaben ausführen. Quelle: Betriebsdokumentation (S.3)

6. **Schutz der Dokumentation**: Die Dokumentation muss vor unbefugtem Zugriff und Verlust geschützt werden, um sicherzustellen, dass sie im Bedarfsfall verfügbar und nutzbar ist. Quelle: Betriebsdokumentation (S.3)

Anschlussfragen:
1. Welche spezifischen Informationen sollten in der Dokumentation der Benutzerkonten enthalten sein?
2. Wie kann die Dokumentation der Benutzerkonten vor unbefugten Zugriffen geschützt werden?
3. Welche Rolle spielt die Dokumentation bei der regelmäßigen Überprüfung der Benutzerrechte?";"Eine Dokumentation der Benutzerkonten ist aus mehreren Gründen notwendig:

1. **Nachvollziehbarkeit und Transparenz**: Die Dokumentation ermöglicht es, nachzuvollziehen, welche Konten mit Administrationsrechten ausgestattet sind und wer diese Rechte besitzt. Dies ist wichtig, um die Sicherheit und Integrität des Systems zu gewährleisten. Quelle: Einsatz der Benutzerkontensteuerung UAC für privilegierte Konten (S.1)

2. **Regelmäßige Überprüfung**: Durch die Dokumentation kann regelmäßig geprüft werden, ob die Rechte der Benutzerkonten noch notwendig und angemessen sind. Dies hilft, unnötige Sicherheitsrisiken zu minimieren. Quelle: Einsatz der Benutzerkontensteuerung UAC für privilegierte Konten (S.1)

3. **Schutz vor unbefugten Zugriffen**: Die Dokumentation muss vor unbefugten Zugriffen geschützt werden, um sicherzustellen, dass nur autorisierte Personen Zugriff auf sensible Informationen haben. Quelle: Betriebsdokumentationen (S.2)

4. **Konfigurationsänderungen**: Alle Konfigurationsänderungen und sicherheitsrelevanten Aufgaben müssen dokumentiert werden, um sicherzustellen, dass Änderungen nachvollziehbar und rückverfolgbar sind. Quelle: Betriebsdokumentationen (S.2)

5. **Sicherheitsrelevante Aufgaben**: Die Dokumentation sollte sicherheitsrelevante Aufgaben, wie z. B. wer befugt ist, neue Festplatten einzubauen, enthalten. Dies hilft, sicherzustellen, dass nur autorisierte Personen solche Aufgaben ausführen. Quelle: Betriebsdokumentation (S.3)

6. **Schutz der Dokumentation**: Die Dokumentation muss vor unbefugtem Zugriff und Verlust geschützt werden, um sicherzustellen, dass sie im Bedarfsfall verfügbar und nutzbar ist. Quelle: Betriebsdokumentation (S.3)";"1. Welche spezifischen Informationen sollten in der Dokumentation der Benutzerkonten enthalten sein?
2. Wie kann die Dokumentation der Benutzerkonten vor unbefugten Zugriffen geschützt werden?
3. Welche Rolle spielt die Dokumentation bei der regelmäßigen Überprüfung der Benutzerrechte?";3;3;0.8055555555287036;1.0;1.0;0.7475524627472362;Welche spezifischen Informationen sollten in der Dokumentation der Benutzerkonten enthalten sein?;2;2;Dokumentation von Benutzerkonten;Wie kann die Dokumentation der Benutzerkonten vor unbefugten Zugriffen geschützt werden?;2;2;Direkt abgedeckt;Welche Rolle spielt die Dokumentation bei der regelmäßigen Überprüfung der Benutzerrechte?;2;2;Dokumentation von Benutzerrechten;2.0;2.0
Warum ist Funktionstrennung im Identitätsmanagement wichtig?;"Funktionstrennung im Identitätsmanagement ist wichtig, da sie die von der Institution definierten unvereinbaren Aufgaben und Funktionen durch das Identitäts- und Berechtigungsmanagement trennt Quelle: ORP.4.A4 (S. nicht spezifiziert). Dies bedeutet, dass durch die Funktionstrennung im Identitätsmanagement die institutionellen Anforderungen an die Trennung von Aufgaben und Funktionen umgesetzt werden, um beispielsweise Missbrauch oder unerwünschte Zugriffe zu verhindern Quelle: ORP.4.A4 (S. nicht spezifiziert).

Anschlussfragen:
1. Wie werden die unvereinbaren Aufgaben und Funktionen in einer Institution definiert?
2. Welche Rolle spielt das Identitäts- und Berechtigungsmanagement bei der Umsetzung der Funktionstrennung?
3. Wie werden Anforderungen an Komponenten des Identitäts- und Berechtigungsmanagements in anderen Bausteinen berücksichtigt?";Funktionstrennung im Identitätsmanagement ist wichtig, da sie die von der Institution definierten unvereinbaren Aufgaben und Funktionen durch das Identitäts- und Berechtigungsmanagement trennt Quelle: ORP.4.A4 (S. nicht spezifiziert). Dies bedeutet, dass durch die Funktionstrennung im Identitätsmanagement die institutionellen Anforderungen an die Trennung von Aufgaben und Funktionen umgesetzt werden, um beispielsweise Missbrauch oder unerwünschte Zugriffe zu verhindern Quelle: ORP.4.A4 (S. nicht spezifiziert).;ORP.4.A4 Aufgabenverteilung und Funktionstrennung (B) [IT-Betrieb] Die von der Institution definierten unvereinbaren Aufgaben und Funktionen (siehe Baustein ORP.1 Organisation) MÜSSEN durch das Identitäts- und Berechtigungsmanagement getrennt werden.;"Funktionstrennung im Identitätsmanagement ist wichtig, um sicherzustellen, dass unvereinbare Aufgaben und Funktionen auf verschiedene Personen verteilt werden. Dies dient dazu, Konflikte von Interessen zu vermeiden und die Sicherheit der Institution zu erhöhen. Die von der Institution definierten unvereinbaren Aufgaben und Funktionen MÜSSEN durch das Identitäts- und Berechtigungsmanagement getrennt werden. Dies umfasst sowohl operative als auch kontrollierende Funktionen, die auf verschiedene Personen verteilt werden MÜSSEN. Auch Vertreter MÜSSEN der Funktionstrennung unterliegen. Die Aufgaben und die hierfür erforderlichen Rollen und Funktionen MÜSSEN so strukturiert sein, dass unvereinbare Aufgaben auf verschiedene Personen verteilt werden. Für unvereinbare Funktionen MUSS eine Funktionstrennung festgelegt und dokumentiert sein. Quelle: Aufgabenverteilung und Funktionstrennung (S.1-2)

Anschlussfragen:
1. Wie kann die Funktionstrennung in der Praxis umgesetzt werden?
2. Welche Rolle spielt die Dokumentation bei der Funktionstrennung?
3. Welche Konsequenzen kann das Fehlen einer Funktionstrennung haben?";Funktionstrennung im Identitätsmanagement ist wichtig, um sicherzustellen, dass unvereinbare Aufgaben und Funktionen auf verschiedene Personen verteilt werden. Dies dient dazu, Konflikte von Interessen zu vermeiden und die Sicherheit der Institution zu erhöhen. Die von der Institution definierten unvereinbaren Aufgaben und Funktionen MÜSSEN durch das Identitäts- und Berechtigungsmanagement getrennt werden. Dies umfasst sowohl operative als auch kontrollierende Funktionen, die auf verschiedene Personen verteilt werden MÜSSEN. Auch Vertreter MÜSSEN der Funktionstrennung unterliegen. Die Aufgaben und die hierfür erforderlichen Rollen und Funktionen MÜSSEN so strukturiert sein, dass unvereinbare Aufgaben auf verschiedene Personen verteilt werden. Für unvereinbare Funktionen MUSS eine Funktionstrennung festgelegt und dokumentiert sein. Quelle: Aufgabenverteilung und Funktionstrennung (S.1-2);"1. Wie kann die Funktionstrennung in der Praxis umgesetzt werden?
2. Welche Rolle spielt die Dokumentation bei der Funktionstrennung?
3. Welche Konsequenzen kann das Fehlen einer Funktionstrennung haben?";3;3;0.9999999999666667;1.0;1.0;0.45086972131690783;Wie kann die Funktionstrennung in der Praxis umgesetzt werden?;2;2;Funktionstrennung im Identitätsmanagement;Welche Rolle spielt die Dokumentation bei der Funktionstrennung?;2;2;Dokumentation bei Funktionstrennung;Welche Konsequenzen kann das Fehlen einer Funktionstrennung haben?;1;2;Fehlen von Funktionstrennung;1.667;2.0
Warum sollten Authentisierungsmechanismen an den Schutzbedarf angepasst werden?;"Authentisierungsmechanismen sollten an den Schutzbedarf angepasst werden, um sicherzustellen, dass die verwendeten Identifikations- und Authentisierungsmechanismen dem jeweiligen Schutzbedarf entsprechen. Dies bedeutet, dass die Auswahl der Authentisierungsmechanismen auf die spezifischen Anforderungen des IT-Systems oder der IT-Anwendung abgestimmt werden sollte, um eine angemessene Sicherheit zu gewährleisten. Quelle: ORP.4.A13 (S. nicht spezifiziert).

Anschlussfragen:
1. Wie sollten Authentisierungsdaten bei der Verarbeitung geschützt werden?
2. Welche Maßnahmen sollten nach erfolglosen Authentisierungsversuchen ergriffen werden?
3. Wie oft sollte das Identitäts- und Berechtigungsmanagement im Informationsverbund angewendet werden?";Authentisierungsmechanismen sollten an den Schutzbedarf angepasst werden, um sicherzustellen, dass die verwendeten Identifikations- und Authentisierungsmechanismen dem jeweiligen Schutzbedarf entsprechen. Dies bedeutet, dass die Auswahl der Authentisierungsmechanismen auf die spezifischen Anforderungen des IT-Systems oder der IT-Anwendung abgestimmt werden sollte, um eine angemessene Sicherheit zu gewährleisten. Quelle: ORP.4.A13 (S. nicht spezifiziert).;ORP.4.A13 Geeignete Auswahl von Authentisierungsmechanismen (S) [ITBetrieb] Es SOLLTEN dem Schutzbedarf angemessene Identifikations- und Authentisierungsmechanismen verwendet werden. Authentisierungsdaten SOLLTEN durch das IT-System bzw. die IT-Anwendungen bei der Verarbeitung jederzeit gegen Ausspähung, Veränderung und Zerstörung geschützt werden. Das IT-System bzw. die IT-Anwendung SOLLTE nach jedem erfolglosen Authentisierungsversuch weitere Anmeldeversuche zunehmend verzögern (Time Delay). Die Gesamtdauer eines Anmeldeversuchs SOLLTE begrenzt werden können. Nach Überschreitung der vorgegebenen Anzahl erfolgloser Authentisierungsversuche SOLLTE das IT-System bzw. die IT-Anwendung die Benutzendenkennung sperren.;"Authentisierungsmechanismen sollten an den Schutzbedarf angepasst werden, um ein angemessenes Sicherheitsniveau zu gewährleisten. Der Schutzbedarf eines Systems oder einer Anwendung bestimmt, welche Sicherheitsmaßnahmen erforderlich sind, um die Vertraulichkeit, Integrität und Verfügbarkeit der Daten und Ressourcen zu gewährleisten. Ein zu schwacher Authentisierungsmechanismus kann das System anfällig für Angriffe machen, während ein zu starker Mechanismus die Benutzerfreundlichkeit beeinträchtigen kann. Durch die Anpassung der Authentisierungsmechanismen an den Schutzbedarf wird sichergestellt, dass die Sicherheitsmaßnahmen effektiv und effizient sind.

Es SOLLTEN dem Schutzbedarf angemessene Identifikations- und Authentisierungsmechanismen verwendet werden Quelle: Geeignete Auswahl von Authentisierungsmechanismen (S.1). Authentisierungsdaten SOLLTEN durch das IT-System bzw. die IT-Anwendungen bei der Verarbeitung jederzeit gegen Ausspähung, Veränderung und Zerstörung geschützt werden Quelle: Geeignete Auswahl von Authentisierungsmechanismen (S.1). Der IT-Betrieb MUSS Webanwendungen und Webservices so konfigurieren, dass sich Clients gegenüber der Webanwendung oder dem Webservice authentisieren müssen, wenn diese auf geschützte Ressourcen zugreifen wollen. Dafür MUSS eine angemessene Authentisierungsmethode ausgewählt werden Quelle: Authentisierung (S.1). Der Zugriff auf alle IT-Systeme und Dienste MUSS durch eine angemessene Identifikation und Authentisierung der zugreifenden Benutzenden, Dienste oder IT-Systeme abgesichert sein Quelle: Identifikation und Authentisierung (S.1). Es SOLLTE ein Authentisierungskonzept erstellt werden. Darin SOLLTE für jedes IT-System und jede Anwendung definiert werden, welche Funktions- und Sicherheitsanforderungen an die Authentisierung gestellt werden Quelle: Entwicklung eines Authentisierungskonzeptes für IT-Systeme und Anwendungen (S.1). Die Entwickelnden MÜSSEN sicherstellen, dass sich die Benutzenden gegenüber der Webanwendung sicher und angemessen authentisieren, bevor diese auf geschützte Funktionen oder Inhalte zugreifen können. Es MUSS eine angemessene Authentisierungsmethode ausgewählt werden Quelle: Authentisierung bei Webanwendungen (S.1).

Anschlussfragen:
1. Welche spezifischen Authentisierungsmechanismen sind für verschiedene Schutzbedarfsniveaus geeignet?
2. Wie kann die Benutzerfreundlichkeit bei der Anpassung von Authentisierungsmechanismen an den Schutzbedarf berücksichtigt werden?
3. Welche Rolle spielt die Dokumentation im Prozess der Auswahl und Anpassung von Authentisierungsmechanismen?";"Authentisierungsmechanismen sollten an den Schutzbedarf angepasst werden, um ein angemessenes Sicherheitsniveau zu gewährleisten. Der Schutzbedarf eines Systems oder einer Anwendung bestimmt, welche Sicherheitsmaßnahmen erforderlich sind, um die Vertraulichkeit, Integrität und Verfügbarkeit der Daten und Ressourcen zu gewährleisten. Ein zu schwacher Authentisierungsmechanismus kann das System anfällig für Angriffe machen, während ein zu starker Mechanismus die Benutzerfreundlichkeit beeinträchtigen kann. Durch die Anpassung der Authentisierungsmechanismen an den Schutzbedarf wird sichergestellt, dass die Sicherheitsmaßnahmen effektiv und effizient sind.

Es SOLLTEN dem Schutzbedarf angemessene Identifikations- und Authentisierungsmechanismen verwendet werden Quelle: Geeignete Auswahl von Authentisierungsmechanismen (S.1). Authentisierungsdaten SOLLTEN durch das IT-System bzw. die IT-Anwendungen bei der Verarbeitung jederzeit gegen Ausspähung, Veränderung und Zerstörung geschützt werden Quelle: Geeignete Auswahl von Authentisierungsmechanismen (S.1). Der IT-Betrieb MUSS Webanwendungen und Webservices so konfigurieren, dass sich Clients gegenüber der Webanwendung oder dem Webservice authentisieren müssen, wenn diese auf geschützte Ressourcen zugreifen wollen. Dafür MUSS eine angemessene Authentisierungsmethode ausgewählt werden Quelle: Authentisierung (S.1). Der Zugriff auf alle IT-Systeme und Dienste MUSS durch eine angemessene Identifikation und Authentisierung der zugreifenden Benutzenden, Dienste oder IT-Systeme abgesichert sein Quelle: Identifikation und Authentisierung (S.1). Es SOLLTE ein Authentisierungskonzept erstellt werden. Darin SOLLTE für jedes IT-System und jede Anwendung definiert werden, welche Funktions- und Sicherheitsanforderungen an die Authentisierung gestellt werden Quelle: Entwicklung eines Authentisierungskonzeptes für IT-Systeme und Anwendungen (S.1). Die Entwickelnden MÜSSEN sicherstellen, dass sich die Benutzenden gegenüber der Webanwendung sicher und angemessen authentisieren, bevor diese auf geschützte Funktionen oder Inhalte zugreifen können. Es MUSS eine angemessene Authentisierungsmethode ausgewählt werden Quelle: Authentisierung bei Webanwendungen (S.1).";"1. Welche spezifischen Authentisierungsmechanismen sind für verschiedene Schutzbedarfsniveaus geeignet?
2. Wie kann die Benutzerfreundlichkeit bei der Anpassung von Authentisierungsmechanismen an den Schutzbedarf berücksichtigt werden?
3. Welche Rolle spielt die Dokumentation im Prozess der Auswahl und Anpassung von Authentisierungsmechanismen?";3;3;0.9150793650641138;0.8333333333333334;0.7142857142857143;0.682384275343668;Welche spezifischen Authentisierungsmechanismen sind für verschiedene Schutzbedarfsniveaus geeignet?;2;2;Direkte Angaben zu Authentisierungsmechanismen;Wie kann die Benutzerfreundlichkeit bei der Anpassung von Authentisierungsmechanismen an den Schutzbedarf berücksichtigt werden?;1;2;Teilweise abgedeckt;Welche Rolle spielt die Dokumentation im Prozess der Auswahl und Anpassung von Authentisierungsmechanismen?;2;2;Dokumentation bei Authentisierung;1.667;2.0
Wie wird die Wirksamkeit der Benutzertrennung überprüft?;"Die Wirksamkeit der Benutzertrennung wird überprüft, indem in angemessenen Zeitabständen kontrolliert wird, ob Benutzende sich regelmäßig nach Aufgabenerfüllung abmelden und nicht unter der gleichen Kennung arbeiten. Dies geschieht im Rahmen des Bausteins ORP.4 Identitäts- und Berechtigungsmanagement, der grundsätzliche Anforderungen für den Aufbau eines Identitäts- und Berechtigungsmanagements beschreibt. Quelle: ORP.4.A14 (S).

Anschlussfragen:
1. Wie oft sollte die Überprüfung der Benutzertrennung durchgeführt werden?
2. Welche Rolle spielt der IT-Betrieb bei der Kontrolle der Wirksamkeit der Benutzertrennung?
3. Wie werden Anforderungen an Komponenten eines Identitäts- und Berechtigungsmanagements, wie Betriebssysteme oder Verzeichnisdienste, im IT-Grundschutz-Kompendium behandelt?";Die Wirksamkeit der Benutzertrennung wird überprüft, indem in angemessenen Zeitabständen kontrolliert wird, ob Benutzende sich regelmäßig nach Aufgabenerfüllung abmelden und nicht unter der gleichen Kennung arbeiten. Dies geschieht im Rahmen des Bausteins ORP.4 Identitäts- und Berechtigungsmanagement, der grundsätzliche Anforderungen für den Aufbau eines Identitäts- und Berechtigungsmanagements beschreibt. Quelle: ORP.4.A14 (S).;ORP.4.A14 Kontrolle der Wirksamkeit der Benutzendentrennung am IT-System bzw. an der Anwendung (S) [IT-Betrieb] In angemessenen Zeitabständen SOLLTE überprüft werden, ob die Benutzenden von IT-Systemen bzw. Anwendungen sich regelmäßig nach Aufgabenerfüllung abmelden. Ebenso SOLLTE kontrolliert werden, dass nicht mehrere Benutzende unter der gleichen Kennung arbeiten.;"Die Wirksamkeit der Benutzertrennung kann durch verschiedene Maßnahmen überprüft werden, die sich auf die Authentisierung, Berechtigungen und die Netzsegmentierung konzentrieren. Hier sind die relevanten Schritte:

1. **Authentisierung und Bildschirmsperre**:
   - Benutzende MÜSSEN sich gegenüber dem IT-System authentisieren, um den Client zu nutzen. Dies kann durch eine chipkartengestützte Authentisierung erfolgen, wie im Kontext der Personaldatenverarbeitung erwähnt.
   - Eine Bildschirmsperre MUSS verwendet werden, wenn der Client unbeaufsichtigt betrieben wird. Diese SOLLTE automatisch aktiviert werden, wenn für eine festgelegte Zeitspanne keine Aktion durchgeführt wird.
   - Die Bildschirmsperre DARF NUR durch eine erfolgreiche Authentisierung wieder deaktiviert werden.
   - Benutzende SOLLTEN verpflichtet werden, sich nach Aufgabenerfüllung vom IT-System bzw. von der IT-Anwendung abzumelden.
   Quelle: Sichere Authentisierung von Benutzenden (S. 1-2)

2. **Netzsegmentierung und Berechtigungen**:
   - Die Netzsegmentierung der virtuellen Clients SOLLTE auf Basis der Nutzungsszenarien, Gruppenzugehörigkeiten, Berechtigungen, installierten Anwendungen, Schutzbedarf der verarbeiteten Informationen und der Vertrauenswürdigkeit der Clients erfolgen.
   - Die für die Funktionsfähigkeit der virtuellen Clients notwendigen Netzanbindungen MÜSSEN berücksichtigt werden.
   Quelle: Zusätzliche Netzsegmentierung für virtuelle Clients (S. 1)

3. **Regelmäßige Überprüfung und Tests**:
   - Die Filterregeln der Personal Firewall MÜSSEN regelmäßig getestet werden, um sicherzustellen, dass sie restriktiv und wirksam sind.
   - Die Zugangskontrollen und Berechtigungen MÜSSEN regelmäßig überprüft werden, um sicherzustellen, dass keine unberechtigten Zugriffe erfolgen.
   Quelle: Einsatz von Personal Firewalls (S. 1)

4. **Dokumentation und Anpassung des Sicherheitskonzepts**:
   - Das Sicherheitskonzept MUSS regelmäßig überprüft und an die aktuellen Anforderungen angepasst werden. Beispielsweise wurde im Kontext der Personaldatenverarbeitung festgestellt, dass zusätzliche Anforderungen wie chipkartengestützte Authentisierung und lokale Verschlüsselung der Festplatten notwendig sind.
   - Die Time-out-Einstellungen für die Authentisierung SOLLTEN differenziert festgelegt werden, basierend auf den spezifischen Anforderungen der verschiedenen Bereiche (z. B. Verwaltungsbereich, Bereiche mit Patienten- und Besucherverkehr, Behandlungsräume).
   Quelle: il · Bei einer Risikoanalyse wurde festgestellt, dass zusätzlich zu den IT-Grundschutz-Anforderungen auch eine chipkartengestützte Authentisierung und lokale Verschlüsselung der Festplatten an Clients der Personaldatenverarbeitung notwendig sind. Diese zusätzlichen Anforderungen sollten im Sicherheitskonzept ergänzt werden. Im Sicherheitskonzept für ein Krankenhaus wurde festgelegt, dass für alle IT-Systeme eine Authentifizierung erforderlich ist und ein Time-out nach zehn Minuten erfolgt. Beim IT-Grundschutz-Check stellt sich heraus, dass die Vorgabe zu pauschal und in dieser Form nicht praxistauglich ist. Daher wird diese jetzt im Sicherheitskonzept differenziert: IT-Systeme im Verwaltungsbereich erfordern eine erneute Authentisierung nach 15 Minuten Inaktivität. Bei IT-Systemen in Bereichen, wo Patienten- und Besucherverkehr herrscht, erfolgt ein Time-out nach fünf Minuten. Bei IT-Systemen in Behandlungsräumen wird die automatische Abmeldung deaktiviert Die Mitarbeiter erhalten die Anweisung, sich nach dem Verlassen der Räume abzumelden. (S. 1)

Anschlussfragen:
1. Wie kann die chipkartengestützte Authentisierung technisch implementiert werden?
2. Welche Maßnahmen können ergriffen werden, um sicherzustellen, dass die Bildschirmsperre effektiv genutzt wird?
3. Wie können die Filterregeln der Personal Firewall regelmäßig getestet und angepasst werden?";"Die Wirksamkeit der Benutzertrennung kann durch verschiedene Maßnahmen überprüft werden, die sich auf die Authentisierung, Berechtigungen und die Netzsegmentierung konzentrieren. Hier sind die relevanten Schritte:

1. **Authentisierung und Bildschirmsperre**:
   - Benutzende MÜSSEN sich gegenüber dem IT-System authentisieren, um den Client zu nutzen. Dies kann durch eine chipkartengestützte Authentisierung erfolgen, wie im Kontext der Personaldatenverarbeitung erwähnt.
   - Eine Bildschirmsperre MUSS verwendet werden, wenn der Client unbeaufsichtigt betrieben wird. Diese SOLLTE automatisch aktiviert werden, wenn für eine festgelegte Zeitspanne keine Aktion durchgeführt wird.
   - Die Bildschirmsperre DARF NUR durch eine erfolgreiche Authentisierung wieder deaktiviert werden.
   - Benutzende SOLLTEN verpflichtet werden, sich nach Aufgabenerfüllung vom IT-System bzw. von der IT-Anwendung abzumelden.
   Quelle: Sichere Authentisierung von Benutzenden (S. 1-2)

2. **Netzsegmentierung und Berechtigungen**:
   - Die Netzsegmentierung der virtuellen Clients SOLLTE auf Basis der Nutzungsszenarien, Gruppenzugehörigkeiten, Berechtigungen, installierten Anwendungen, Schutzbedarf der verarbeiteten Informationen und der Vertrauenswürdigkeit der Clients erfolgen.
   - Die für die Funktionsfähigkeit der virtuellen Clients notwendigen Netzanbindungen MÜSSEN berücksichtigt werden.
   Quelle: Zusätzliche Netzsegmentierung für virtuelle Clients (S. 1)

3. **Regelmäßige Überprüfung und Tests**:
   - Die Filterregeln der Personal Firewall MÜSSEN regelmäßig getestet werden, um sicherzustellen, dass sie restriktiv und wirksam sind.
   - Die Zugangskontrollen und Berechtigungen MÜSSEN regelmäßig überprüft werden, um sicherzustellen, dass keine unberechtigten Zugriffe erfolgen.
   Quelle: Einsatz von Personal Firewalls (S. 1)

4. **Dokumentation und Anpassung des Sicherheitskonzepts**:
   - Das Sicherheitskonzept MUSS regelmäßig überprüft und an die aktuellen Anforderungen angepasst werden. Beispielsweise wurde im Kontext der Personaldatenverarbeitung festgestellt, dass zusätzliche Anforderungen wie chipkartengestützte Authentisierung und lokale Verschlüsselung der Festplatten notwendig sind.
   - Die Time-out-Einstellungen für die Authentisierung SOLLTEN differenziert festgelegt werden, basierend auf den spezifischen Anforderungen der verschiedenen Bereiche (z. B. Verwaltungsbereich, Bereiche mit Patienten- und Besucherverkehr, Behandlungsräume).
   Quelle: il · Bei einer Risikoanalyse wurde festgestellt, dass zusätzlich zu den IT-Grundschutz-Anforderungen auch eine chipkartengestützte Authentisierung und lokale Verschlüsselung der Festplatten an Clients der Personaldatenverarbeitung notwendig sind. Diese zusätzlichen Anforderungen sollten im Sicherheitskonzept ergänzt werden. Im Sicherheitskonzept für ein Krankenhaus wurde festgelegt, dass für alle IT-Systeme eine Authentifizierung erforderlich ist und ein Time-out nach zehn Minuten erfolgt. Beim IT-Grundschutz-Check stellt sich heraus, dass die Vorgabe zu pauschal und in dieser Form nicht praxistauglich ist. Daher wird diese jetzt im Sicherheitskonzept differenziert: IT-Systeme im Verwaltungsbereich erfordern eine erneute Authentisierung nach 15 Minuten Inaktivität. Bei IT-Systemen in Bereichen, wo Patienten- und Besucherverkehr herrscht, erfolgt ein Time-out nach fünf Minuten. Bei IT-Systemen in Behandlungsräumen wird die automatische Abmeldung deaktiviert Die Mitarbeiter erhalten die Anweisung, sich nach dem Verlassen der Räume abzumelden. (S. 1)";"1. Wie kann die chipkartengestützte Authentisierung technisch implementiert werden?
2. Welche Maßnahmen können ergriffen werden, um sicherzustellen, dass die Bildschirmsperre effektiv genutzt wird?
3. Wie können die Filterregeln der Personal Firewall regelmäßig getestet und angepasst werden?";3;3;0.0;0.5;0.8260869565217391;0.2894253149237927;Wie kann die chipkartengestützte Authentisierung technisch implementiert werden?;2;1;Chipkarten-Authentisierung;Welche Maßnahmen können ergriffen werden, um sicherzustellen, dass die Bildschirmsperre effektiv genutzt wird?;2;2;Bildschirmsperre und Authentisierung;Wie können die Filterregeln der Personal Firewall regelmäßig getestet und angepasst werden?;2;1;Filterregeln und Testing;2.0;1.333
Wie müssen Prozesse im Identitäts- und Berechtigungsmanagement strukturiert sein?;"Für das Identitäts- und Berechtigungsmanagement SOLLTEN folgende Prozesse definiert und umgesetzt werden: Richtlinien verwalten, Identitätsprofile verwalten, Benutzendenkennungen verwalten, Berechtigungsprofile verwalten sowie Rollen verwalten Quelle: ORP.4.A15 (S). 

Diese Prozesse sind grundlegend für den Aufbau eines Identitäts- und Berechtigungsmanagements und sollten im IT-Betrieb [IT-Betrieb] umgesetzt werden. Weitere Anforderungen zu Komponenten des Identitäts- und Berechtigungsmanagements können in anderen Bausteinen gefunden werden, wie z.B. SYS.1.3 Server unter Linux und Unix oder APP.2.1 Allgemeiner Verzeichnisdienst Quelle: Kap. 1.3 Abgrenzung und Modellierung – ORP.4 Identitäts- und Berechtigungsmanagement.

Anschlussfragen:
1. Wie sollten die Identitätsprofile im Identitäts- und Berechtigungsmanagement verwaltet werden?
2. Welche Rolle spielt die Verwaltung von Benutzendenkennungen im Identitäts- und Berechtigungsmanagement?
3. Wie können Berechtigungsprofile im Identitäts- und Berechtigungsmanagement effektiv verwaltet werden?";"Für das Identitäts- und Berechtigungsmanagement SOLLTEN folgende Prozesse definiert und umgesetzt werden: Richtlinien verwalten, Identitätsprofile verwalten, Benutzendenkennungen verwalten, Berechtigungsprofile verwalten sowie Rollen verwalten Quelle: ORP.4.A15 (S). 

Diese Prozesse sind grundlegend für den Aufbau eines Identitäts- und Berechtigungsmanagements und sollten im IT-Betrieb [IT-Betrieb] umgesetzt werden. Weitere Anforderungen zu Komponenten des Identitäts- und Berechtigungsmanagements können in anderen Bausteinen gefunden werden, wie z.B. SYS.1.3 Server unter Linux und Unix oder APP.2.1 Allgemeiner Verzeichnisdienst Quelle: Kap. 1.3 Abgrenzung und Modellierung – ORP.4 Identitäts- und Berechtigungsmanagement.";"ORP.4.A15 Vorgehensweise und Konzeption der Prozesse beim Identitäts- und Berechtigungsmanagement (S) [IT-Betrieb] Für das Identitäts- und Berechtigungsmanagement SOLLTEN folgenden Prozesse definiert und umgesetzt werden:

• Richtlinien verwalten,

• Identitätsprofile verwalten,

• Benutzendenkennungen verwalten,

• Berechtigungsprofile verwalten sowie

• Rollen verwalten.";"Die Prozesse im Identitäts- und Berechtigungsmanagement (IAM) müssen klar strukturiert und definiert sein, um eine sichere und effiziente Verwaltung von Zugriffen zu gewährleisten. Folgende Prozesse SOLLTEN definiert und umgesetzt werden:

1. **Richtlinien verwalten**: Es SOLLTE ein Rahmenwerk für Richtlinien und Verfahren zur Verwaltung von Identitäten und Berechtigungen erstellt werden. Diese Richtlinien SOLLTEN regelmäßig überprüft und aktualisiert werden, um den aktuellen Sicherheitsanforderungen gerecht zu werden.
2. **Identitätsprofile verwalten**: Identitätsprofile SOLLTEN erstellt und gepflegt werden, die alle relevanten Informationen zu einer Identität enthalten. Dies umfasst die Erstellung, Änderung und Löschung von Identitätsprofilen.
3. **Benutzendenkennungen verwalten**: Benutzendenkennungen SOLLTEN eindeutig und sicher verwaltet werden. Dies umfasst die Erstellung, Änderung und Löschung von Benutzendenkennungen sowie die Zuweisung von Berechtigungen.
4. **Berechtigungsprofile verwalten**: Berechtigungsprofile SOLLTEN erstellt und gepflegt werden, die die Zugriffsrechte auf Ressourcen definieren. Dies umfasst die Erstellung, Änderung und Löschung von Berechtigungsprofilen sowie die Zuweisung von Berechtigungen zu Identitäten.
5. **Rollen verwalten**: Rollen SOLLTEN definiert und verwaltet werden, die Gruppen von Berechtigungen umfassen. Dies umfasst die Erstellung, Änderung und Löschung von Rollen sowie die Zuweisung von Rollen zu Identitäten.

Fehlende oder unzureichende Prozesse beim Identitäts- und Berechtigungsmanagement können zu Sicherheitslücken führen, wie z. B. unnötig umfangreiche Berechtigungen oder nicht gelöschte Konten von ausgeschiedenen Mitarbeitenden. Eine zentrale Deaktivierungsmöglichkeit von Konten ist ebenfalls wichtig, um bei einem Angriff oder einem Passwortdiebstahl schnell reagieren zu können. Quelle: Identitäts- und Berechtigungsmanagement (S. 1-3)

Anschlussfragen:
1. Welche technischen Maßnahmen SOLLTEN zur Unterstützung der Prozesse im Identitäts- und Berechtigungsmanagement eingesetzt werden?
2. Wie SOLLTE die Einhaltung der Richtlinien und Prozesse im Identitäts- und Berechtigungsmanagement überprüft werden?
3. Welche Rolle spielt das Prinzip des Least Privilege im Identitäts- und Berechtigungsmanagement?";"Die Prozesse im Identitäts- und Berechtigungsmanagement (IAM) müssen klar strukturiert und definiert sein, um eine sichere und effiziente Verwaltung von Zugriffen zu gewährleisten. Folgende Prozesse SOLLTEN definiert und umgesetzt werden:

1. **Richtlinien verwalten**: Es SOLLTE ein Rahmenwerk für Richtlinien und Verfahren zur Verwaltung von Identitäten und Berechtigungen erstellt werden. Diese Richtlinien SOLLTEN regelmäßig überprüft und aktualisiert werden, um den aktuellen Sicherheitsanforderungen gerecht zu werden.
2. **Identitätsprofile verwalten**: Identitätsprofile SOLLTEN erstellt und gepflegt werden, die alle relevanten Informationen zu einer Identität enthalten. Dies umfasst die Erstellung, Änderung und Löschung von Identitätsprofilen.
3. **Benutzendenkennungen verwalten**: Benutzendenkennungen SOLLTEN eindeutig und sicher verwaltet werden. Dies umfasst die Erstellung, Änderung und Löschung von Benutzendenkennungen sowie die Zuweisung von Berechtigungen.
4. **Berechtigungsprofile verwalten**: Berechtigungsprofile SOLLTEN erstellt und gepflegt werden, die die Zugriffsrechte auf Ressourcen definieren. Dies umfasst die Erstellung, Änderung und Löschung von Berechtigungsprofilen sowie die Zuweisung von Berechtigungen zu Identitäten.
5. **Rollen verwalten**: Rollen SOLLTEN definiert und verwaltet werden, die Gruppen von Berechtigungen umfassen. Dies umfasst die Erstellung, Änderung und Löschung von Rollen sowie die Zuweisung von Rollen zu Identitäten.

Fehlende oder unzureichende Prozesse beim Identitäts- und Berechtigungsmanagement können zu Sicherheitslücken führen, wie z. B. unnötig umfangreiche Berechtigungen oder nicht gelöschte Konten von ausgeschiedenen Mitarbeitenden. Eine zentrale Deaktivierungsmöglichkeit von Konten ist ebenfalls wichtig, um bei einem Angriff oder einem Passwortdiebstahl schnell reagieren zu können. Quelle: Identitäts- und Berechtigungsmanagement (S. 1-3)";"1. Welche technischen Maßnahmen SOLLTEN zur Unterstützung der Prozesse im Identitäts- und Berechtigungsmanagement eingesetzt werden?
2. Wie SOLLTE die Einhaltung der Richtlinien und Prozesse im Identitäts- und Berechtigungsmanagement überprüft werden?
3. Welche Rolle spielt das Prinzip des Least Privilege im Identitäts- und Berechtigungsmanagement?";3;3;0.691666666649375;1.0;1.0;0.4609424397611029;Welche technischen Maßnahmen SOLLTEN zur Unterstützung der Prozesse im Identitäts- und Berechtigungsmanagement eingesetzt werden?;2;2;Direkte technische Maßnahmen;Wie SOLLTE die Einhaltung der Richtlinien und Prozesse im Identitäts- und Berechtigungsmanagement überprüft werden?;2;2;Direkte Überprüfung von Richtlinien;Welche Rolle spielt das Prinzip des Least Privilege im Identitäts- und Berechtigungsmanagement?;2;2;Direkt relevant zum Thema;2.0;2.0
Wie wird bei Ausfall des Identitätsmanagementsystems verfahren?;"Bei Ausfall des Identitätsmanagementsystems sollten Vorkehrungen getroffen werden, um weiterhin arbeitsfähig zu sein Quelle: ORP.4.A20 (S.?). Insbesondere sollte das im Notfallkonzept vorgesehene Berechtigungskonzept weiterhin anwendbar sein, wenn das Identitäts- und Berechtigungsmanagement-System ausgefallen ist Quelle: ORP.4.A20 (S.?). Es sollte geprüft werden, inwieweit ein ausgefallenes Identitäts- und Berechtigungsmanagement-System sicherheitskritisch für die Geschäftsprozesse ist Quelle: ORP.4.A20 (S.?).

Anschlussfragen:
1. Wie werden die Auswirkungen eines Identitätsmanagementsystem-Ausfalls auf die Geschäftsprozesse bewertet?
2. Welche Rolle spielt das Notfallkonzept bei der Bewältigung eines Identitätsmanagementsystem-Ausfalls?
3. Wie können Vorkehrungen für die Arbeitsfähigkeit bei einem Identitätsmanagementsystem-Ausfall getroffen werden?";Bei Ausfall des Identitätsmanagementsystems sollten Vorkehrungen getroffen werden, um weiterhin arbeitsfähig zu sein Quelle: ORP.4.A20 (S.?). Insbesondere sollte das im Notfallkonzept vorgesehene Berechtigungskonzept weiterhin anwendbar sein, wenn das Identitäts- und Berechtigungsmanagement-System ausgefallen ist Quelle: ORP.4.A20 (S.?). Es sollte geprüft werden, inwieweit ein ausgefallenes Identitäts- und Berechtigungsmanagement-System sicherheitskritisch für die Geschäftsprozesse ist Quelle: ORP.4.A20 (S.?).;ORP.4.A20 Notfallvorsorge für das Identitäts- und Berechtigungsmanagement-System (H) [IT-Betrieb] Es SOLLTE geprüft werden, inwieweit ein ausgefallenes Identitäts- und BerechtigungsmanagementSystem sicherheitskritisch für die Geschäftsprozesse ist. Es SOLLTEN Vorkehrungen getroffen werden, um bei einem ausgefallenen Identitäts- und Berechtigungsmanagement-System weiterhin arbeitsfähig zu sein. Insbesondere SOLLTE das im Notfallkonzept vorgesehene Berechtigungskonzept weiterhin anwendbar sein, wenn das Identitäts- und Berechtigungsmanagement-System ausgefallen ist.;"Bei einem Ausfall des Identitätsmanagementsystems SOLLTE geprüft werden, ob dies sicherheitskritisch für die Geschäftsprozesse ist. Es SOLLTEN Vorkehrungen getroffen werden, um weiterhin arbeitsfähig zu bleiben, insbesondere durch ein im Notfallkonzept vorgesehenes Berechtigungskonzept, das auch bei Ausfall des Systems anwendbar sein muss. Quelle: Notfallvorsorge für das Identitäts- und Berechtigungsmanagement-System (S.1)

Falls der Ausfall des Identitäts- und Berechtigungsmanagement-Systems die persönliche Unversehrtheit von Personen bedroht, muss dies im Notfallkonzept berücksichtigt werden. Quelle: Notfallvorsorge für das Identitäts- und Berechtigungsmanagement-System (S.1)

Anschlussfragen:
1. Welche konkreten Maßnahmen sind im Notfallkonzept für den Ausfall des Identitäts- und Berechtigungsmanagement-Systems vorgesehen?
2. Wie wird sichergestellt, dass das Berechtigungskonzept im Notfall weiterhin anwendbar ist?
3. Welche zusätzlichen Sicherheitsmaßnahmen sind bei der Personaldatenverarbeitung erforderlich?";"Bei einem Ausfall des Identitätsmanagementsystems SOLLTE geprüft werden, ob dies sicherheitskritisch für die Geschäftsprozesse ist. Es SOLLTEN Vorkehrungen getroffen werden, um weiterhin arbeitsfähig zu bleiben, insbesondere durch ein im Notfallkonzept vorgesehenes Berechtigungskonzept, das auch bei Ausfall des Systems anwendbar sein muss. Quelle: Notfallvorsorge für das Identitäts- und Berechtigungsmanagement-System (S.1)

Falls der Ausfall des Identitäts- und Berechtigungsmanagement-Systems die persönliche Unversehrtheit von Personen bedroht, muss dies im Notfallkonzept berücksichtigt werden. Quelle: Notfallvorsorge für das Identitäts- und Berechtigungsmanagement-System (S.1)";"1. Welche konkreten Maßnahmen sind im Notfallkonzept für den Ausfall des Identitäts- und Berechtigungsmanagement-Systems vorgesehen?
2. Wie wird sichergestellt, dass das Berechtigungskonzept im Notfall weiterhin anwendbar ist?
3. Welche zusätzlichen Sicherheitsmaßnahmen sind bei der Personaldatenverarbeitung erforderlich?";3;3;0.6666666666333333;1.0;1.0;0.8707980217782115;Welche konkreten Maßnahmen sind im Notfallkonzept für den Ausfall des Identitäts- und Berechtigungsmanagement-Systems vorgesehen?;2;2;Direkte Abdeckung durch IT-Grundschutz;Wie wird sichergestellt, dass das Berechtigungskonzept im Notfall weiterhin anwendbar ist?;2;2;Direkte Relevanz zum Notfallkonzept;Welche zusätzlichen Sicherheitsmaßnahmen sind bei der Personaldatenverarbeitung erforderlich?;1;1;Teilweise abgedeckt;1.667;1.667
Was ist das Ziel des Compliance Managements im IT-Grundschutz?;"Das Ziel des Compliance Managements im IT-Grundschutz ist es, einen Überblick über die verschiedenen Anforderungen an die einzelnen Bereiche einer Institution zu verschaffen und geeignete Sicherheitsanforderungen zu identifizieren und umzusetzen, um Verstöße gegen diese Vorgaben zu vermeiden Quelle: 1.2. Zielsetzung (S. nicht spezifiziert). 

Anschlussfragen:
1. Wie können geeignete Sicherheitsanforderungen im IT-Grundschutz identifiziert werden?
2. Welche Rolle spielt die Umsetzung von Sicherheitsanforderungen im Compliance Management?
3. Wie kann ein Überblick über die verschiedenen Anforderungen an die einzelnen Bereiche einer Institution sichergestellt werden?";Das Ziel des Compliance Managements im IT-Grundschutz ist es, einen Überblick über die verschiedenen Anforderungen an die einzelnen Bereiche einer Institution zu verschaffen und geeignete Sicherheitsanforderungen zu identifizieren und umzusetzen, um Verstöße gegen diese Vorgaben zu vermeiden Quelle: 1.2. Zielsetzung (S. nicht spezifiziert).;1.2. Zielsetzung Ziel des Bausteins ist es, aufzuzeigen, wie sich Zuständige einen Überblick über die verschiedenen Anforderungen an die einzelnen Bereiche einer Institution verschaffen können. Dazu sind geeignete Sicherheitsanforderungen zu identifizieren und umzusetzen, um Verstöße gegen diese Vorgaben zu vermeiden.;"Das Ziel des Compliance Managements im IT-Grundschutz ist es, ein angemessenes Sicherheitsniveau für alle Geschäftsprozesse, Informationen und IT-Systeme einer Institution zu gewährleisten. Es handelt sich um einen kontinuierlichen Prozess, der die Vertraulichkeit, Integrität und Verfügbarkeit von Informationen sicherstellen soll. Das Compliance Management umfasst die Festlegung von Sicherheitszielen, die Auswahl und Umsetzung von Sicherheitsmaßnahmen sowie die kontinuierliche Überprüfung und Verbesserung der Informationssicherheit. Es zielt darauf ab, die Einstiegshürde in den Sicherheitsprozess niedrig zu halten und hochkomplexe Vorgehensweisen zu vermeiden, um einen effizienten und effektiven Schutz zu gewährleisten. Quelle: Informationssicherheitsmanagement (S.1-2)

Anschlussfragen:
1. Welche Schritte sind zur Umsetzung des Compliance Managements im IT-Grundschutz erforderlich?
2. Wie kann die kontinuierliche Verbesserung der Informationssicherheit im Rahmen des Compliance Managements sichergestellt werden?
3. Welche Rolle spielt die IT-Grundschutz-Methodik bei der Umsetzung des Compliance Managements?";Das Ziel des Compliance Managements im IT-Grundschutz ist es, ein angemessenes Sicherheitsniveau für alle Geschäftsprozesse, Informationen und IT-Systeme einer Institution zu gewährleisten. Es handelt sich um einen kontinuierlichen Prozess, der die Vertraulichkeit, Integrität und Verfügbarkeit von Informationen sicherstellen soll. Das Compliance Management umfasst die Festlegung von Sicherheitszielen, die Auswahl und Umsetzung von Sicherheitsmaßnahmen sowie die kontinuierliche Überprüfung und Verbesserung der Informationssicherheit. Es zielt darauf ab, die Einstiegshürde in den Sicherheitsprozess niedrig zu halten und hochkomplexe Vorgehensweisen zu vermeiden, um einen effizienten und effektiven Schutz zu gewährleisten. Quelle: Informationssicherheitsmanagement (S.1-2);"1. Welche Schritte sind zur Umsetzung des Compliance Managements im IT-Grundschutz erforderlich?
2. Wie kann die kontinuierliche Verbesserung der Informationssicherheit im Rahmen des Compliance Managements sichergestellt werden?
3. Welche Rolle spielt die IT-Grundschutz-Methodik bei der Umsetzung des Compliance Managements?";3;3;0.1249999999875;1.0;1.0;0.2966766720857389;Welche Schritte sind zur Umsetzung des Compliance Managements im IT-Grundschutz erforderlich?;2;2;Direkte Umsetzungsschritte;Wie kann die kontinuierliche Verbesserung der Informationssicherheit im Rahmen des Compliance Managements sichergestellt werden?;2;2;Kontinuierliche Verbesserung;Welche Rolle spielt die IT-Grundschutz-Methodik bei der Umsetzung des Compliance Managements?;2;2;Direkte Verbindung zur IT-Grundschutz-Methodik;2.0;2.0
Welche Arten von Vorgaben müssen berücksichtigt werden?;"Es müssen gesetzliche, vertragliche und sonstige Vorgaben berücksichtigt werden Quelle: ORP.5.A1 (S.?). Diese Vorgaben MÜSSEN identifiziert und dokumentiert werden, um sicherzustellen, dass das Informationssicherheitsmanagement den relevanten Anforderungen entspricht Quelle: ORP.5.A1 (S.?). 

Anschlussfragen:
1. Wie sollten die identifizierten Vorgaben dokumentiert werden?
2. Welche Rolle spielt der Baustein ORP.2 Personal bei der Einhaltung der Vorgaben?
3. Wie oft sollte der Baustein ORP.5 Compliance Management angewendet werden?";Es müssen gesetzliche, vertragliche und sonstige Vorgaben berücksichtigt werden Quelle: ORP.5.A1 (S.?). Diese Vorgaben MÜSSEN identifiziert und dokumentiert werden, um sicherzustellen, dass das Informationssicherheitsmanagement den relevanten Anforderungen entspricht Quelle: ORP.5.A1 (S.?).;ORP.5.A1 Identifikation der Rahmenbedingungen (B) [Zentrale Verwaltung, Institutionsleitung] Alle gesetzlichen, vertraglichen und sonstigen Vorgaben mit Auswirkungen auf das Informationssicherheitsmanagement MÜSSEN identifiziert und dokumentiert werden. Die für die einzelnen Bereiche der Institution relevanten gesetzlichen, vertraglichen und sonstigen Vorgaben SOLLTEN in einer strukturierten Übersicht herausgearbeitet werden. Die Dokumentation MUSS auf dem aktuellen Stand gehalten werden.;"Für die sichere Konfiguration eines Terminalservers müssen verschiedene Arten von Vorgaben berücksichtigt werden. Diese umfassen:

1. **Interne Konfigurationsvorgaben**: Diese müssen erstellt und vollständig umgesetzt werden. Sie umfassen Punkte wie Rollen und Berechtigungen, Umfang der Verschlüsselung des Terminalserver-Protokolls, benötigte Authentisierungsfunktionen, Möglichkeit zum Anzeigen der Ausgabe fremder Sitzungen sowie Kommunikation zwischen Anwendungen und Servern. Quelle: Sichere Konfiguration des Terminalservers (S.1-2)

2. **Herstellerempfehlungen**: Es MUSS geprüft werden, ob der Hersteller des Terminalservers Vorgaben oder Empfehlungen zur sicheren Konfiguration oder Härtung bereitstellt. Diese MÜSSEN angemessen berücksichtigt werden. Quelle: Sichere Konfiguration des Terminalservers (S.1)

3. **Gesetzliche, vertragliche und sonstige Vorgaben**: Diese können gesetzliche, vertragliche oder interne Richtlinien umfassen und müssen im Rahmen des Compliance Managements (Anforderungsmanagements) berücksichtigt werden. Quelle: Compliance Management (Anforderungsmanagement) (S.1-2)

4. **Sicherheitsanforderungen**: Diese sind in Basis-, Standard- und Anforderungen bei erhöhtem Schutzbedarf unterteilt und müssen entsprechend den Schutzbedarfen umgesetzt werden. Quelle: Compliance Management (Anforderungsmanagement) (S.3-4)

5. **Sicherheitsfunktionen zur Systemintegration**: Anforderungen an die technische Einsatzumgebung der Software müssen erstellt und mit der Software-Entwicklung abgestimmt werden. Quelle: Festlegung der Sicherheitsfunktionen zur Systemintegration (S.1)

6. **Planung des Software-Einsatzes**: Hier müssen Sicherheitsaspekte berücksichtigt und Zuständigkeiten für fachliche Betreuung, Freigabe und betriebliche Administration festgelegt werden. Quelle: Planung des Software-Einsatzes (S.1)

7. **Planung der Software-Tests**: Die Rahmenbedingungen für Software-Tests müssen festgelegt und die Software auf Basis der Anforderungen getestet werden. Quelle: Planung der Software-Tests (S.1-2)

8. **Planung des Einsatzes der Fernwartung in der OT**: Ein einheitliches, zentrales Fernwartungskonzept muss erstellt und spezifische Anforderungen berücksichtigt werden. Quelle: Planung des Einsatzes der Fernwartung in der OT (S.1-2)

Anschlussfragen:
1. Wie können die internen Konfigurationsvorgaben für Terminalserver regelmäßig geprüft und angepasst werden?
2. Welche spezifischen gesetzlichen Vorgaben müssen bei der Fernwartung in der OT berücksichtigt werden?
3. Wie können die Sicherheitsanforderungen bei erhöhtem Schutzbedarf in der Praxis umgesetzt werden?";"Für die sichere Konfiguration eines Terminalservers müssen verschiedene Arten von Vorgaben berücksichtigt werden. Diese umfassen:

1. **Interne Konfigurationsvorgaben**: Diese müssen erstellt und vollständig umgesetzt werden. Sie umfassen Punkte wie Rollen und Berechtigungen, Umfang der Verschlüsselung des Terminalserver-Protokolls, benötigte Authentisierungsfunktionen, Möglichkeit zum Anzeigen der Ausgabe fremder Sitzungen sowie Kommunikation zwischen Anwendungen und Servern. Quelle: Sichere Konfiguration des Terminalservers (S.1-2)

2. **Herstellerempfehlungen**: Es MUSS geprüft werden, ob der Hersteller des Terminalservers Vorgaben oder Empfehlungen zur sicheren Konfiguration oder Härtung bereitstellt. Diese MÜSSEN angemessen berücksichtigt werden. Quelle: Sichere Konfiguration des Terminalservers (S.1)

3. **Gesetzliche, vertragliche und sonstige Vorgaben**: Diese können gesetzliche, vertragliche oder interne Richtlinien umfassen und müssen im Rahmen des Compliance Managements (Anforderungsmanagements) berücksichtigt werden. Quelle: Compliance Management (Anforderungsmanagement) (S.1-2)

4. **Sicherheitsanforderungen**: Diese sind in Basis-, Standard- und Anforderungen bei erhöhtem Schutzbedarf unterteilt und müssen entsprechend den Schutzbedarfen umgesetzt werden. Quelle: Compliance Management (Anforderungsmanagement) (S.3-4)

5. **Sicherheitsfunktionen zur Systemintegration**: Anforderungen an die technische Einsatzumgebung der Software müssen erstellt und mit der Software-Entwicklung abgestimmt werden. Quelle: Festlegung der Sicherheitsfunktionen zur Systemintegration (S.1)

6. **Planung des Software-Einsatzes**: Hier müssen Sicherheitsaspekte berücksichtigt und Zuständigkeiten für fachliche Betreuung, Freigabe und betriebliche Administration festgelegt werden. Quelle: Planung des Software-Einsatzes (S.1)

7. **Planung der Software-Tests**: Die Rahmenbedingungen für Software-Tests müssen festgelegt und die Software auf Basis der Anforderungen getestet werden. Quelle: Planung der Software-Tests (S.1-2)

8. **Planung des Einsatzes der Fernwartung in der OT**: Ein einheitliches, zentrales Fernwartungskonzept muss erstellt und spezifische Anforderungen berücksichtigt werden. Quelle: Planung des Einsatzes der Fernwartung in der OT (S.1-2)";"1. Wie können die internen Konfigurationsvorgaben für Terminalserver regelmäßig geprüft und angepasst werden?
2. Welche spezifischen gesetzlichen Vorgaben müssen bei der Fernwartung in der OT berücksichtigt werden?
3. Wie können die Sicherheitsanforderungen bei erhöhtem Schutzbedarf in der Praxis umgesetzt werden?";3;3;0.5833333333041666;1.0;1.0;0.2767659602698894;Wie können die internen Konfigurationsvorgaben für Terminalserver regelmäßig geprüft und angepasst werden?;2;2;Direkte Relevanz zu Terminalserver-Konfiguration;Welche spezifischen gesetzlichen Vorgaben müssen bei der Fernwartung in der OT berücksichtigt werden?;2;2;Direkte Abdeckung;Wie können die Sicherheitsanforderungen bei erhöhtem Schutzbedarf in der Praxis umgesetzt werden?;2;2;Direkte Umsetzung von Sicherheitsanforderungen;2.0;2.0
Wer trägt die Verantwortung für die Einhaltung der Vorgaben?;"Die Verantwortung für die Einhaltung der Vorgaben trägt die Institutionsleitung sowie Führungskräfte, die eine rechtliche Verantwortung für die Institution tragen Quelle: ORP.5.A2 Beachtung der Rahmenbedingungen (B) [Vorgesetzte, Zentrale Verwaltung, Institutionsleitung] (S. nicht spezifiziert). Sie MÜSSEN für die Einhaltung der gesetzlichen, vertraglichen und sonstigen Vorgaben sorgen und geeignete Maßnahmen identifizieren und umsetzen, um Verstöße gegen relevante Anforderungen zu vermeiden Quelle: ORP.5.A2 Beachtung der Rahmenbedingungen (B) (S. nicht spezifiziert).

Anschlussfragen:
1. Wie werden die Verantwortlichkeiten und Zuständigkeiten für die Einhaltung der Vorgaben festgelegt?
2. Welche Maßnahmen MÜSSEN ergriffen werden, wenn Verstöße gegen relevante Anforderungen erkannt werden?
3. Wie wird die Verpflichtung der Mitarbeitenden zur Einhaltung der identifizierten Vorgaben im Baustein ORP.2 Personal behandelt?";Die Verantwortung für die Einhaltung der Vorgaben trägt die Institutionsleitung sowie Führungskräfte, die eine rechtliche Verantwortung für die Institution tragen Quelle: ORP.5.A2 Beachtung der Rahmenbedingungen (B) [Vorgesetzte, Zentrale Verwaltung, Institutionsleitung] (S. nicht spezifiziert). Sie MÜSSEN für die Einhaltung der gesetzlichen, vertraglichen und sonstigen Vorgaben sorgen und geeignete Maßnahmen identifizieren und umsetzen, um Verstöße gegen relevante Anforderungen zu vermeiden Quelle: ORP.5.A2 Beachtung der Rahmenbedingungen (B) (S. nicht spezifiziert).;ORP.5.A2 Beachtung der Rahmenbedingungen (B) [Vorgesetzte, Zentrale Verwaltung, Institutionsleitung] Die als sicherheitsrelevant identifizierten Anforderungen MÜSSEN bei der Planung und Konzeption von Geschäftsprozessen, Anwendungen und IT-Systemen oder bei der Beschaffung neuer Komponenten einfließen. Führungskräfte, die eine rechtliche Verantwortung für die Institution tragen, MÜSSEN für die Einhaltung der gesetzlichen, vertraglichen und sonstigen Vorgaben sorgen. Die Verantwortlichkeiten und Zuständigkeiten für die Einhaltung dieser Vorgaben MÜSSEN festgelegt sein. Es MÜSSEN geeignete Maßnahmen identifiziert und umgesetzt werden, um Verstöße gegen relevante Anforderungen zu vermeiden. Wenn solche Verstöße erkannt werden, MÜSSEN sachgerechte Korrekturmaßnahmen ergriffen werden, um die Abweichungen zu beheben.;"Die Verantwortung für die Einhaltung der Vorgaben liegt bei der Institutionsleitung. Sie muss die Einhaltung der Anforderungen („Compliance“) durch angemessene Überwachungsmaßnahmen sicherstellen. Die Institutionsleitung ist für das zielgerichtete und ordnungsgemäße Funktionieren der Institution verantwortlich und trifft Entscheidungen über den Umgang mit Risiken. Sie muss die entsprechenden Ressourcen zur Verfügung stellen und sich zur Etablierung, Aufrechterhaltung und Verbesserung eines BCMS verpflichten. Zudem muss sie aktiv Informationen über den Status Quo des BCM einfordern und das BCM durch Managemententscheidungen steuern, damit das BCMS angemessen, wirksam und anforderungsgerecht ist. Die Institutionsleitung muss sich sichtbar zu ihrer Verantwortung bekennen und Vorbild sein. Sie unterstützt alle Führungskräfte, damit diese in ihren Bereichen effektiv und effizient zur Etablierung, Aufrechterhaltung und Verbesserung beitragen können. Die Compliance-Abteilung ist für die Einhaltung der Compliance-Anforderungen zuständig, kann aber nicht die Verantwortung der Institutionsleitung ersetzen.

Quelle: Compliance Management (Anforderungsmanagement) (S.1-2)
Quelle: Compliance Management (Anforderungsmanagement) (S.3-4)

Anschlussfragen:
1. Welche Maßnahmen müssen ergriffen werden, um die Einhaltung der Vorgaben sicherzustellen?
2. Wie kann die Institutionsleitung die Compliance-Abteilung bei der Einhaltung der Anforderungen unterstützen?
3. Welche Rolle spielt die Compliance-Abteilung bei der Umsetzung der Sicherheitsmaßnahmen?";"Die Verantwortung für die Einhaltung der Vorgaben liegt bei der Institutionsleitung. Sie muss die Einhaltung der Anforderungen („Compliance“) durch angemessene Überwachungsmaßnahmen sicherstellen. Die Institutionsleitung ist für das zielgerichtete und ordnungsgemäße Funktionieren der Institution verantwortlich und trifft Entscheidungen über den Umgang mit Risiken. Sie muss die entsprechenden Ressourcen zur Verfügung stellen und sich zur Etablierung, Aufrechterhaltung und Verbesserung eines BCMS verpflichten. Zudem muss sie aktiv Informationen über den Status Quo des BCM einfordern und das BCM durch Managemententscheidungen steuern, damit das BCMS angemessen, wirksam und anforderungsgerecht ist. Die Institutionsleitung muss sich sichtbar zu ihrer Verantwortung bekennen und Vorbild sein. Sie unterstützt alle Führungskräfte, damit diese in ihren Bereichen effektiv und effizient zur Etablierung, Aufrechterhaltung und Verbesserung beitragen können. Die Compliance-Abteilung ist für die Einhaltung der Compliance-Anforderungen zuständig, kann aber nicht die Verantwortung der Institutionsleitung ersetzen.

Quelle: Compliance Management (Anforderungsmanagement) (S.1-2)
Quelle: Compliance Management (Anforderungsmanagement) (S.3-4)";"1. Welche Maßnahmen müssen ergriffen werden, um die Einhaltung der Vorgaben sicherzustellen?
2. Wie kann die Institutionsleitung die Compliance-Abteilung bei der Einhaltung der Anforderungen unterstützen?
3. Welche Rolle spielt die Compliance-Abteilung bei der Umsetzung der Sicherheitsmaßnahmen?";3;3;0.16666666665;1.0;1.0;0.44785243750113424;Welche Maßnahmen müssen ergriffen werden, um die Einhaltung der Vorgaben sicherzustellen?;2;2;Direkte Maßnahmen zur Einhaltung;Wie kann die Institutionsleitung die Compliance-Abteilung bei der Einhaltung der Anforderungen unterstützen?;2;2;Direkte Verbindung zu Compliance;Welche Rolle spielt die Compliance-Abteilung bei der Umsetzung der Sicherheitsmaßnahmen?;2;2;Compliance-Abteilung und Sicherheitsmaßnahmen;2.0;2.0
Wie müssen Anforderungen in Geschäftsprozesse und IT-Systeme integriert werden?;"Die Anforderungen müssen bei der Planung und Konzeption von Geschäftsprozessen, Anwendungen und IT-Systemen oder bei der Beschaffung neuer Komponenten einfließen Quelle: ORP.5.A2 (S.?). Dies bedeutet, dass sicherheitsrelevante Anforderungen bereits in der Frühphase von Projekten und Prozessen berücksichtigt werden müssen, um eine sichere und compliance-konforme Umsetzung zu gewährleisten. 

Führungskräfte und verantwortliche Personen müssen für die Einhaltung gesetzlicher, vertraglicher und sonstiger Vorgaben sorgen und geeignete Maßnahmen umsetzen, um Verstöße zu vermeiden Quelle: ORP.5.A2 (S.?). 

Anschlussfragen:
1. Wie müssen Verstöße gegen relevante Anforderungen gehandhabt werden?
2. Welche Rolle spielen Führungskräfte bei der Einhaltung von Vorgaben im Rahmen des Compliance Managements?
3. Wie werden die Verpflichtungen der Mitarbeitenden zur Einhaltung von Vorgaben im Baustein ORP.5 Compliance Management berücksichtigt?";"Die Anforderungen müssen bei der Planung und Konzeption von Geschäftsprozessen, Anwendungen und IT-Systemen oder bei der Beschaffung neuer Komponenten einfließen Quelle: ORP.5.A2 (S.?). Dies bedeutet, dass sicherheitsrelevante Anforderungen bereits in der Frühphase von Projekten und Prozessen berücksichtigt werden müssen, um eine sichere und compliance-konforme Umsetzung zu gewährleisten. 

Führungskräfte und verantwortliche Personen müssen für die Einhaltung gesetzlicher, vertraglicher und sonstiger Vorgaben sorgen und geeignete Maßnahmen umsetzen, um Verstöße zu vermeiden Quelle: ORP.5.A2 (S.?).";ORP.5.A2 Beachtung der Rahmenbedingungen (B) [Vorgesetzte, Zentrale Verwaltung, Institutionsleitung] Die als sicherheitsrelevant identifizierten Anforderungen MÜSSEN bei der Planung und Konzeption von Geschäftsprozessen, Anwendungen und IT-Systemen oder bei der Beschaffung neuer Komponenten einfließen. Führungskräfte, die eine rechtliche Verantwortung für die Institution tragen, MÜSSEN für die Einhaltung der gesetzlichen, vertraglichen und sonstigen Vorgaben sorgen. Die Verantwortlichkeiten und Zuständigkeiten für die Einhaltung dieser Vorgaben MÜSSEN festgelegt sein. Es MÜSSEN geeignete Maßnahmen identifiziert und umgesetzt werden, um Verstöße gegen relevante Anforderungen zu vermeiden. Wenn solche Verstöße erkannt werden, MÜSSEN sachgerechte Korrekturmaßnahmen ergriffen werden, um die Abweichungen zu beheben.;"Die Integration von Anforderungen in Geschäftsprozesse und IT-Systeme erfolgt gemäß den IT-Grundschutz-Richtlinien durch folgende Schritte:

1. **Festlegung der Sicherheitsfunktionen zur Systemintegration**:
   - Der IT-Betrieb und die zuständigen Fachverantwortlichen MÜSSEN Anforderungen an die technische Einsatzumgebung der geplanten Individualsoftware erstellen und mit der Software-Entwicklung abstimmen. Diese Anforderungen MÜSSEN klar definieren:
     - Die Hardware-Plattform,
     - Die Software-Plattform (inklusive gesamten Software-Stack),
     - Die verfügbaren Ressourcen (z. B. CPU-Cluster oder Arbeitsspeicher),
     - Die Schnittstellen mit anderen IT-Systemen oder Anwendungen sowie
     - Die sich hieraus ergebenen Sicherheitsfunktionen.
   - Schnittstellen mit anderen IT-Systemen SOLLTEN in standardisierten technischen Formaten modelliert und definiert werden.
   Quelle: Festlegung der Sicherheitsfunktionen zur Systemintegration (S. 1-2)

2. **Integration des Änderungsmanagements in die Geschäftsprozesse**:
   - Der Änderungsmanagementprozess SOLLTE in die Geschäftsprozesse beziehungsweise Fachaufgaben integriert werden.
   - Bei geplanten Änderungen SOLLTE die aktuelle Situation der davon betroffenen Geschäftsprozesse berücksichtigt werden.
   - Alle relevanten Fachabteilungen SOLLTEN über anstehende Änderungen informiert werden.
   - Es SOLLTE eine Eskalationsebene geben, deren Mitglieder der Leitungsebene der Institution angehören. Diese Mitglieder SOLLTEN in Zweifelsfällen über Priorität und Terminplanung einer Hard- oder Software-Änderung entscheiden.
   Quelle: Integration des Änderungsmanagements in die Geschäftsprozesse (S. 2-3)

3. **Anforderungsspezifikation für das Systemmanagement**:
   - Anforderungen an die Systemmanagement-Infrastruktur und -Prozesse MÜSSEN spezifiziert werden. Dabei MÜSSEN alle wesentlichen Elemente für das Systemmanagement berücksichtigt werden.
   - Die Sicherheitsaspekte für das Systemmanagement MÜSSEN von Beginn an beachtet werden.
   - Die Schnittstellen der zu verwaltenden IT-Systeme MÜSSEN dokumentiert werden, z. B. um die Kompatibilität von Systemmanagement-Lösung und zu verwaltendem System zu gewährleisten.
   Quelle: Anforderungsspezifikation für das Systemmanagement (S. 4-5)

Anschlussfragen:
1. Welche konkreten Maßnahmen sind erforderlich, um die Schnittstellen mit anderen IT-Systemen in standardisierten technischen Formaten zu modellieren und zu definieren?
2. Wie kann der Änderungsmanagementprozess effektiv in die Geschäftsprozesse integriert werden, um sicherzustellen, dass alle relevanten Fachabteilungen informiert werden?
3. Welche Schritte sind notwendig, um die Anforderungen an die Systemmanagement-Infrastruktur und -Prozesse zu spezifizieren und die Sicherheitsaspekte von Beginn an zu berücksichtigen?";"Die Integration von Anforderungen in Geschäftsprozesse und IT-Systeme erfolgt gemäß den IT-Grundschutz-Richtlinien durch folgende Schritte:

1. **Festlegung der Sicherheitsfunktionen zur Systemintegration**:
   - Der IT-Betrieb und die zuständigen Fachverantwortlichen MÜSSEN Anforderungen an die technische Einsatzumgebung der geplanten Individualsoftware erstellen und mit der Software-Entwicklung abstimmen. Diese Anforderungen MÜSSEN klar definieren:
     - Die Hardware-Plattform,
     - Die Software-Plattform (inklusive gesamten Software-Stack),
     - Die verfügbaren Ressourcen (z. B. CPU-Cluster oder Arbeitsspeicher),
     - Die Schnittstellen mit anderen IT-Systemen oder Anwendungen sowie
     - Die sich hieraus ergebenen Sicherheitsfunktionen.
   - Schnittstellen mit anderen IT-Systemen SOLLTEN in standardisierten technischen Formaten modelliert und definiert werden.
   Quelle: Festlegung der Sicherheitsfunktionen zur Systemintegration (S. 1-2)

2. **Integration des Änderungsmanagements in die Geschäftsprozesse**:
   - Der Änderungsmanagementprozess SOLLTE in die Geschäftsprozesse beziehungsweise Fachaufgaben integriert werden.
   - Bei geplanten Änderungen SOLLTE die aktuelle Situation der davon betroffenen Geschäftsprozesse berücksichtigt werden.
   - Alle relevanten Fachabteilungen SOLLTEN über anstehende Änderungen informiert werden.
   - Es SOLLTE eine Eskalationsebene geben, deren Mitglieder der Leitungsebene der Institution angehören. Diese Mitglieder SOLLTEN in Zweifelsfällen über Priorität und Terminplanung einer Hard- oder Software-Änderung entscheiden.
   Quelle: Integration des Änderungsmanagements in die Geschäftsprozesse (S. 2-3)

3. **Anforderungsspezifikation für das Systemmanagement**:
   - Anforderungen an die Systemmanagement-Infrastruktur und -Prozesse MÜSSEN spezifiziert werden. Dabei MÜSSEN alle wesentlichen Elemente für das Systemmanagement berücksichtigt werden.
   - Die Sicherheitsaspekte für das Systemmanagement MÜSSEN von Beginn an beachtet werden.
   - Die Schnittstellen der zu verwaltenden IT-Systeme MÜSSEN dokumentiert werden, z. B. um die Kompatibilität von Systemmanagement-Lösung und zu verwaltendem System zu gewährleisten.
   Quelle: Anforderungsspezifikation für das Systemmanagement (S. 4-5)";"1. Welche konkreten Maßnahmen sind erforderlich, um die Schnittstellen mit anderen IT-Systemen in standardisierten technischen Formaten zu modellieren und zu definieren?
2. Wie kann der Änderungsmanagementprozess effektiv in die Geschäftsprozesse integriert werden, um sicherzustellen, dass alle relevanten Fachabteilungen informiert werden?
3. Welche Schritte sind notwendig, um die Anforderungen an die Systemmanagement-Infrastruktur und -Prozesse zu spezifizieren und die Sicherheitsaspekte von Beginn an zu berücksichtigen?";3;3;0.3333333333;1.0;0.9411764705882353;0.6491724081306897;Welche konkreten Maßnahmen sind erforderlich, um die Schnittstellen mit anderen IT-Systemen in standardisierten technischen Formaten zu modellieren und zu definieren?;2;2;Direkte Relevanz zu Schnittstellenmodellierung;Wie kann der Änderungsmanagementprozess effektiv in die Geschäftsprozesse integriert werden, um sicherzustellen, dass alle relevanten Fachabteilungen informiert werden?;2;2;Direkte Integration von Änderungsmanagement;Welche Schritte sind notwendig, um die Anforderungen an die Systemmanagement-Infrastruktur und -Prozesse zu spezifizieren und die Sicherheitsaspekte von Beginn an zu berücksichtigen?;2;2;Direkte Abdeckung durch IT-Grundschutz;2.0;2.0
Warum braucht eine Institution eigene Prozesse für Compliance Management?;"Eine Institution braucht eigene Prozesse für Compliance Management, um alle relevanten gesetzlichen, vertraglichen und sonstigen Vorgaben mit Auswirkungen auf das Informationssicherheitsmanagement zu identifizieren und umzusetzen Quelle: ORP.5.A4 Konzeption und Organisation des Compliance Managements (S). Dies ermöglicht es der Institution, den Überblick über verschiedene rechtliche Anforderungen an die einzelnen Bereiche zu gewährleisten und sicherzustellen, dass alle Anforderungen eingehalten werden Quelle: ORP.5.A4 Konzeption und Organisation des Compliance Managements (S). Durch die Festlegung von Zuständigen für das Compliance Management und den regelmäßigen Austausch zwischen Compliance-Beauftragten und Informationssicherheitsbeauftragten kann die Institution sicherstellen, dass Sicherheitsanforderungen ins Compliance Management integriert und sicherheitsrelevante Anforderungen in Sicherheitsmaßnahmen überführt werden Quelle: ORP.5.A4 Konzeption und Organisation des Compliance Managements (S).

Anschlussfragen:
1. Wie sollten die Zuständigen für das Compliance Management in einer Institution festgelegt werden?
2. Welche Rolle spielen Compliance-Beauftragte und Informationssicherheitsbeauftragte im Compliance Management?
3. Wie kann eine Institution sicherstellen, dass alle Mitarbeitenden die im Baustein ORP.5 identifizierten gesetzlichen, vertraglichen und sonstigen Vorgaben einhalten?";Eine Institution braucht eigene Prozesse für Compliance Management, um alle relevanten gesetzlichen, vertraglichen und sonstigen Vorgaben mit Auswirkungen auf das Informationssicherheitsmanagement zu identifizieren und umzusetzen Quelle: ORP.5.A4 Konzeption und Organisation des Compliance Managements (S). Dies ermöglicht es der Institution, den Überblick über verschiedene rechtliche Anforderungen an die einzelnen Bereiche zu gewährleisten und sicherzustellen, dass alle Anforderungen eingehalten werden Quelle: ORP.5.A4 Konzeption und Organisation des Compliance Managements (S). Durch die Festlegung von Zuständigen für das Compliance Management und den regelmäßigen Austausch zwischen Compliance-Beauftragten und Informationssicherheitsbeauftragten kann die Institution sicherstellen, dass Sicherheitsanforderungen ins Compliance Management integriert und sicherheitsrelevante Anforderungen in Sicherheitsmaßnahmen überführt werden Quelle: ORP.5.A4 Konzeption und Organisation des Compliance Managements (S).;ORP.5.A4 Konzeption und Organisation des Compliance Managements (S) [Institutionsleitung] In der Institution SOLLTE ein Prozess aufgebaut werden, um alle relevanten gesetzlichen, vertraglichen und sonstigen Vorgaben mit Auswirkungen auf das Informationssicherheitsmanagement zu identifizieren. Es SOLLTEN geeignete Prozesse und Organisationsstrukturen aufgebaut werden, um basierend auf der Identifikation und Beachtung der rechtlichen Rahmenbedingungen, den Überblick über die verschiedenen rechtlichen Anforderungen an die einzelnen Bereiche der Institution zu gewährleisten. Dafür SOLLTEN Zuständige für das Compliance Management festgelegt werden. Compliance-Beauftragte und Informationssicherheitsbeauftragte SOLLTEN sich regelmäßig austauschen. Sie SOLLTEN gemeinsam Sicherheitsanforderungen ins Compliance Management integrieren, sicherheitsrelevante Anforderungen in Sicherheitsmaßnahmen überführen und deren Umsetzung kontrollieren.;"Eine Institution benötigt eigene Prozesse für Compliance Management, um die Einhaltung relevanter gesetzlicher, vertraglicher und sonstiger Vorgaben sicherzustellen. Diese Vorgaben haben direkte oder indirekte Auswirkungen auf das Informationssicherheitsmanagement und variieren je nach Branche, Land und anderen Rahmenbedingungen. Die Leitungsebene muss die Compliance durch angemessene Überwachungsmaßnahmen sicherstellen, um Verstöße zu vermeiden. Ein strukturiertes Compliance Management hilft, die verschiedenen Anforderungen zu identifizieren und umzusetzen, und trägt dazu bei, die Überlebensfähigkeit der Institution in Notfällen und Krisen zu erhöhen. Es ermöglicht eine transparente Darstellung der Geschäftsprozesse und deren Abhängigkeiten, was auch Verbesserungspotenziale für den Normalbetrieb sichtbar macht. Quelle: Compliance Management (Anforderungsmanagement) (S.1-2)

Anschlussfragen:
1. Welche spezifischen gesetzlichen und vertraglichen Vorgaben müssen in einer Institution beachtet werden?
2. Wie kann die Institutionsleitung die Einhaltung der Compliance-Anforderungen sicherstellen?
3. Welche Rolle spielt das Compliance Management im Zusammenhang mit dem Informationssicherheitsmanagement?";Eine Institution benötigt eigene Prozesse für Compliance Management, um die Einhaltung relevanter gesetzlicher, vertraglicher und sonstiger Vorgaben sicherzustellen. Diese Vorgaben haben direkte oder indirekte Auswirkungen auf das Informationssicherheitsmanagement und variieren je nach Branche, Land und anderen Rahmenbedingungen. Die Leitungsebene muss die Compliance durch angemessene Überwachungsmaßnahmen sicherstellen, um Verstöße zu vermeiden. Ein strukturiertes Compliance Management hilft, die verschiedenen Anforderungen zu identifizieren und umzusetzen, und trägt dazu bei, die Überlebensfähigkeit der Institution in Notfällen und Krisen zu erhöhen. Es ermöglicht eine transparente Darstellung der Geschäftsprozesse und deren Abhängigkeiten, was auch Verbesserungspotenziale für den Normalbetrieb sichtbar macht. Quelle: Compliance Management (Anforderungsmanagement) (S.1-2);"1. Welche spezifischen gesetzlichen und vertraglichen Vorgaben müssen in einer Institution beachtet werden?
2. Wie kann die Institutionsleitung die Einhaltung der Compliance-Anforderungen sicherstellen?
3. Welche Rolle spielt das Compliance Management im Zusammenhang mit dem Informationssicherheitsmanagement?";3;3;0.7051587301469775;1.0;1.0;0.5881025895686218;Welche spezifischen gesetzlichen und vertraglichen Vorgaben müssen in einer Institution beachtet werden?;2;2;Direkte Bezug zu Compliance;Wie kann die Institutionsleitung die Einhaltung der Compliance-Anforderungen sicherstellen?;2;2;Direkte Beziehung zu Compliance;Welche Rolle spielt das Compliance Management im Zusammenhang mit dem Informationssicherheitsmanagement?;2;2;Direkte Verbindung zwischen Compliance und ISM;2.0;2.0
Wie soll die Zusammenarbeit zwischen ISB und Compliance-Beauftragten erfolgen?;"Die Zusammenarbeit zwischen ISB und Compliance-Beauftragten sollte durch regelmäßigen Austausch erfolgen Quelle: ORP.5.A4 (S). Dabei sollten sie gemeinsam Sicherheitsanforderungen ins Compliance Management integrieren, sicherheitsrelevante Anforderungen in Sicherheitsmaßnahmen überführen und deren Umsetzung kontrollieren Quelle: ORP.5.A4 (S). 

Anschlussfragen:
1. Wie sollten die Zuständigkeiten für das Compliance Management innerhalb der Institution festgelegt werden?
2. Welche Rolle spielt der Baustein ORP.2 Personal bei der Einhaltung gesetzlicher, vertraglicher und sonstiger Vorgaben?
3. Wie oft sollten ISB und Compliance-Beauftragte sich austauschen, um eine effektive Zusammenarbeit zu gewährleisten?";Die Zusammenarbeit zwischen ISB und Compliance-Beauftragten sollte durch regelmäßigen Austausch erfolgen Quelle: ORP.5.A4 (S). Dabei sollten sie gemeinsam Sicherheitsanforderungen ins Compliance Management integrieren, sicherheitsrelevante Anforderungen in Sicherheitsmaßnahmen überführen und deren Umsetzung kontrollieren Quelle: ORP.5.A4 (S).;ORP.5.A4 Konzeption und Organisation des Compliance Managements (S) [Institutionsleitung] In der Institution SOLLTE ein Prozess aufgebaut werden, um alle relevanten gesetzlichen, vertraglichen und sonstigen Vorgaben mit Auswirkungen auf das Informationssicherheitsmanagement zu identifizieren. Es SOLLTEN geeignete Prozesse und Organisationsstrukturen aufgebaut werden, um basierend auf der Identifikation und Beachtung der rechtlichen Rahmenbedingungen, den Überblick über die verschiedenen rechtlichen Anforderungen an die einzelnen Bereiche der Institution zu gewährleisten. Dafür SOLLTEN Zuständige für das Compliance Management festgelegt werden. Compliance-Beauftragte und Informationssicherheitsbeauftragte SOLLTEN sich regelmäßig austauschen. Sie SOLLTEN gemeinsam Sicherheitsanforderungen ins Compliance Management integrieren, sicherheitsrelevante Anforderungen in Sicherheitsmaßnahmen überführen und deren Umsetzung kontrollieren.;"Die Zusammenarbeit zwischen dem Informationssicherheitsbeauftragten (ISB) und den Compliance-Beauftragten sollte klar definiert und strukturiert erfolgen, um eine effektive Informationssicherheit und Compliance innerhalb der Institution zu gewährleisten. Hier sind die wichtigsten Aspekte:

1. **Rollen und Verantwortlichkeiten**:
   - Der ISB ist für die Wahrnehmung aller Belange der Informationssicherheit zuständig und unterstützt die Leitungsebene bei der Umsetzung von Sicherheitsmaßnahmen. Er steuert den Informationssicherheitsprozess, koordiniert die Erstellung von Sicherheitskonzepten und -richtlinien und initiiert Schulungsmaßnahmen.
   - Compliance-Beauftragte sind für die Einhaltung gesetzlicher und regulatorischer Vorgaben verantwortlich. Sie müssen sicherstellen, dass die Institution alle relevanten Compliance-Anforderungen erfüllt.

2. **Zusammenarbeit und Kommunikation**:
   - Der ISB und die Compliance-Beauftragten müssen eng zusammenarbeiten, um sicherzustellen, dass Sicherheitsmaßnahmen und Compliance-Anforderungen integriert und konsistent umgesetzt werden. Dies umfasst die regelmäßige Abstimmung über aktuelle Gefährdungen, Sicherheitsanforderungen und die Umsetzung von Maßnahmen.
   - Die Kommunikation zwischen den beiden Rollen sollte klar und regelmäßig erfolgen, um Missverständnisse zu vermeiden und eine einheitliche Vorgehensweise zu gewährleisten.

3. **Integration in die Sicherheitsorganisation**:
   - Der ISB sollte in die Sicherheitsorganisation der Institution eingebunden sein und direkt der Leitungsebene zugeordnet sein, um eine unabhängige und effektive Wahrnehmung seiner Aufgaben zu gewährleisten.
   - Compliance-Beauftragte sollten ebenfalls in die Sicherheitsorganisation eingebunden sein, um eine koordinierte Umsetzung von Sicherheits- und Compliance-Maßnahmen zu ermöglichen.

4. **Qualifikationen und Kompetenzen**:
   - Sowohl der ISB als auch die Compliance-Beauftragten sollten über die notwendigen Qualifikationen und Kompetenzen verfügen, um ihre Aufgaben effektiv wahrnehmen zu können. Dies umfasst unter anderem Kenntnisse zu Sicherheitsrichtlinien, Risikomanagement und Compliance-Anforderungen.

5. **Überwachung und Berichterstattung**:
   - Der ISB muss regelmäßig über den Fortschritt der Umsetzung von Sicherheitsmaßnahmen und über Sicherheitsvorfälle berichten. Compliance-Beauftragte müssen ebenfalls regelmäßig über die Einhaltung von Compliance-Anforderungen berichten.
   - Beide Rollen sollten eng zusammenarbeiten, um sicherzustellen, dass Sicherheits- und Compliance-Maßnahmen effektiv umgesetzt und überwacht werden.

Quelle: Kapitel 4.9 Informationssicherheitsbeauftragter (S. 101-105)

Anschlussfragen:
1. Welche spezifischen Maßnahmen sollten zwischen dem ISB und den Compliance-Beauftragten abgestimmt werden?
2. Wie kann die Kommunikation zwischen dem ISB und den Compliance-Beauftragten verbessert werden?
3. Welche Qualifikationen und Kompetenzen sind für die Zusammenarbeit zwischen dem ISB und den Compliance-Beauftragten besonders wichtig?";"Die Zusammenarbeit zwischen dem Informationssicherheitsbeauftragten (ISB) und den Compliance-Beauftragten sollte klar definiert und strukturiert erfolgen, um eine effektive Informationssicherheit und Compliance innerhalb der Institution zu gewährleisten. Hier sind die wichtigsten Aspekte:

1. **Rollen und Verantwortlichkeiten**:
   - Der ISB ist für die Wahrnehmung aller Belange der Informationssicherheit zuständig und unterstützt die Leitungsebene bei der Umsetzung von Sicherheitsmaßnahmen. Er steuert den Informationssicherheitsprozess, koordiniert die Erstellung von Sicherheitskonzepten und -richtlinien und initiiert Schulungsmaßnahmen.
   - Compliance-Beauftragte sind für die Einhaltung gesetzlicher und regulatorischer Vorgaben verantwortlich. Sie müssen sicherstellen, dass die Institution alle relevanten Compliance-Anforderungen erfüllt.

2. **Zusammenarbeit und Kommunikation**:
   - Der ISB und die Compliance-Beauftragten müssen eng zusammenarbeiten, um sicherzustellen, dass Sicherheitsmaßnahmen und Compliance-Anforderungen integriert und konsistent umgesetzt werden. Dies umfasst die regelmäßige Abstimmung über aktuelle Gefährdungen, Sicherheitsanforderungen und die Umsetzung von Maßnahmen.
   - Die Kommunikation zwischen den beiden Rollen sollte klar und regelmäßig erfolgen, um Missverständnisse zu vermeiden und eine einheitliche Vorgehensweise zu gewährleisten.

3. **Integration in die Sicherheitsorganisation**:
   - Der ISB sollte in die Sicherheitsorganisation der Institution eingebunden sein und direkt der Leitungsebene zugeordnet sein, um eine unabhängige und effektive Wahrnehmung seiner Aufgaben zu gewährleisten.
   - Compliance-Beauftragte sollten ebenfalls in die Sicherheitsorganisation eingebunden sein, um eine koordinierte Umsetzung von Sicherheits- und Compliance-Maßnahmen zu ermöglichen.

4. **Qualifikationen und Kompetenzen**:
   - Sowohl der ISB als auch die Compliance-Beauftragten sollten über die notwendigen Qualifikationen und Kompetenzen verfügen, um ihre Aufgaben effektiv wahrnehmen zu können. Dies umfasst unter anderem Kenntnisse zu Sicherheitsrichtlinien, Risikomanagement und Compliance-Anforderungen.

5. **Überwachung und Berichterstattung**:
   - Der ISB muss regelmäßig über den Fortschritt der Umsetzung von Sicherheitsmaßnahmen und über Sicherheitsvorfälle berichten. Compliance-Beauftragte müssen ebenfalls regelmäßig über die Einhaltung von Compliance-Anforderungen berichten.
   - Beide Rollen sollten eng zusammenarbeiten, um sicherzustellen, dass Sicherheits- und Compliance-Maßnahmen effektiv umgesetzt und überwacht werden.

Quelle: Kapitel 4.9 Informationssicherheitsbeauftragter (S. 101-105)";"1. Welche spezifischen Maßnahmen sollten zwischen dem ISB und den Compliance-Beauftragten abgestimmt werden?
2. Wie kann die Kommunikation zwischen dem ISB und den Compliance-Beauftragten verbessert werden?
3. Welche Qualifikationen und Kompetenzen sind für die Zusammenarbeit zwischen dem ISB und den Compliance-Beauftragten besonders wichtig?";3;3;0.7222222221981481;0.0;0.2857142857142857;0.3466675795649615;Welche spezifischen Maßnahmen sollten zwischen dem ISB und den Compliance-Beauftragten abgestimmt werden?;2;2;Direkte Abstimmung zwischen ISB und Compliance;Wie kann die Kommunikation zwischen dem ISB und den Compliance-Beauftragten verbessert werden?;2;2;Direkte Kommunikation zwischen ISB und Compliance;Welche Qualifikationen und Kompetenzen sind für die Zusammenarbeit zwischen dem ISB und den Compliance-Beauftragten besonders wichtig?;2;2;Qualifikationen und Kompetenzen direkt thematisiert;2.0;2.0
Wie sind Ausnahmegenehmigungen von Regelungen zu behandeln?;"Ausnahmegenehmigungen von Regelungen SOLLTEN begründet und durch eine autorisierte Stelle nach einer Risikoabschätzung genehmigt werden Quelle: ORP.5.A5 (S). Es SOLLTE ein Genehmigungsverfahren für Ausnahmegenehmigungen geben, um eine Übersicht über alle erteilten Ausnahmegenehmigungen zu erstellen und zu pflegen Quelle: ORP.5.A5 (S). Alle Ausnahmegenehmigungen SOLLTEN befristet sein Quelle: ORP.5.A5 (S).

Anschlussfragen:
1. Wie sollte das Genehmigungsverfahren für Ausnahmegenehmigungen ausgestaltet sein?
2. Welche Rolle spielt die Risikoabschätzung bei der Genehmigung von Ausnahmegenehmigungen?
3. Wie sollten erteilte Ausnahmegenehmigungen dokumentiert und überprüft werden?";Ausnahmegenehmigungen von Regelungen SOLLTEN begründet und durch eine autorisierte Stelle nach einer Risikoabschätzung genehmigt werden Quelle: ORP.5.A5 (S). Es SOLLTE ein Genehmigungsverfahren für Ausnahmegenehmigungen geben, um eine Übersicht über alle erteilten Ausnahmegenehmigungen zu erstellen und zu pflegen Quelle: ORP.5.A5 (S). Alle Ausnahmegenehmigungen SOLLTEN befristet sein Quelle: ORP.5.A5 (S).;ORP.5.A5 Ausnahmegenehmigungen (S) [Vorgesetzte] Ist es in Einzelfällen erforderlich, von getroffenen Regelungen abzuweichen, SOLLTE die Ausnahme begründet und durch eine autorisierte Stelle nach einer Risikoabschätzung genehmigt werden. Es SOLLTE ein Genehmigungsverfahren für Ausnahmegenehmigungen geben. Es SOLLTE eine Übersicht über alle erteilten Ausnahmegenehmigungen erstellt und gepflegt werden. Ein entsprechendes Verfahren für die Dokumentation und ein Überprüfungsprozess SOLLTE etabliert werden. Alle Ausnahmegenehmigungen SOLLTEN befristet sein.;"Ausnahmegenehmigungen von Regelungen müssen nach bestimmten Prinzipien behandelt werden, um die Sicherheit und Compliance zu gewährleisten. Hier sind die relevanten Punkte:

1. **Begründung und Prüfung**: Bei personellen Veränderungen oder wenn Mitarbeitende Berechtigungen beantragen, die über den Standard hinausgehen, müssen diese nach zusätzlicher Begründung und Prüfung vergeben werden. Dies stellt sicher, dass nur notwendige Ausnahmen genehmigt werden. Quelle: Einrichtung, Änderung und Entzug von Berechtigungen (S. 1-2).

2. **Dokumentation**: Es sollte dokumentiert werden, welche Gesetze, Regelungen und Anweisungen im vorliegenden Fall besondere Anforderungen stellen und welche konkreten Konsequenzen sich daraus ergeben. Dies hilft, die Ausnahmegenehmigungen nachvollziehbar zu machen und sicherzustellen, dass sie den gesetzlichen und internen Vorgaben entsprechen. Quelle: Für die Informationsverarbeitung können eine Vielzahl unterschiedlicher Gesetze, Regelungen und Anweisungen relevant sein (S. 1-2).

3. **Klar definierte Zuständigkeiten**: Zuständigkeiten für die Vergabe und Überwachung von Ausnahmegenehmigungen sollten klar definiert werden, um Missbrauch zu verhindern und die Verantwortlichkeiten zu klären. Quelle: Regelung der Software-Entwicklung durch Endbenutzende (S. 1-2).

4. **Kommunikation und Umsetzung**: Die Institution muss geeignete Regelungen und Maßnahmen erstellen, umsetzen und kommunizieren, die den angemessenen Schutz interner Daten ermöglichen. Dies umfasst auch die Berücksichtigung individueller Reise- und Umgebungsbedingungen. Quelle: Identifikation länderspezifischer Regelungen, Reise- und Umgebungsbedingungen (S. 1-2).

5. **Überprüfung und Anpassung**: Die vorhandenen Standardprofile bzw. -regeln von SELinux, AppArmor sowie alternativen Erweiterungen sollten manuell überprüft und gegebenenfalls an die eigene Sicherheitsrichtlinie angepasst werden. Falls erforderlich, sollten neue Regeln bzw. Profile erstellt werden. Quelle: Zusätzliche Verhinderung der Ausbreitung bei der Ausnutzung von Schwachstellen (S. 1-2).

Anschlussfragen:
1. Wie können Ausnahmegenehmigungen dokumentiert und nachvollziehbar gemacht werden?
2. Welche Rolle spielen klare Zuständigkeiten bei der Vergabe von Ausnahmegenehmigungen?
3. Wie können Standardprofile und -regeln von SELinux und AppArmor an die eigene Sicherheitsrichtlinie angepasst werden?";"Ausnahmegenehmigungen von Regelungen müssen nach bestimmten Prinzipien behandelt werden, um die Sicherheit und Compliance zu gewährleisten. Hier sind die relevanten Punkte:

1. **Begründung und Prüfung**: Bei personellen Veränderungen oder wenn Mitarbeitende Berechtigungen beantragen, die über den Standard hinausgehen, müssen diese nach zusätzlicher Begründung und Prüfung vergeben werden. Dies stellt sicher, dass nur notwendige Ausnahmen genehmigt werden. Quelle: Einrichtung, Änderung und Entzug von Berechtigungen (S. 1-2).

2. **Dokumentation**: Es sollte dokumentiert werden, welche Gesetze, Regelungen und Anweisungen im vorliegenden Fall besondere Anforderungen stellen und welche konkreten Konsequenzen sich daraus ergeben. Dies hilft, die Ausnahmegenehmigungen nachvollziehbar zu machen und sicherzustellen, dass sie den gesetzlichen und internen Vorgaben entsprechen. Quelle: Für die Informationsverarbeitung können eine Vielzahl unterschiedlicher Gesetze, Regelungen und Anweisungen relevant sein (S. 1-2).

3. **Klar definierte Zuständigkeiten**: Zuständigkeiten für die Vergabe und Überwachung von Ausnahmegenehmigungen sollten klar definiert werden, um Missbrauch zu verhindern und die Verantwortlichkeiten zu klären. Quelle: Regelung der Software-Entwicklung durch Endbenutzende (S. 1-2).

4. **Kommunikation und Umsetzung**: Die Institution muss geeignete Regelungen und Maßnahmen erstellen, umsetzen und kommunizieren, die den angemessenen Schutz interner Daten ermöglichen. Dies umfasst auch die Berücksichtigung individueller Reise- und Umgebungsbedingungen. Quelle: Identifikation länderspezifischer Regelungen, Reise- und Umgebungsbedingungen (S. 1-2).

5. **Überprüfung und Anpassung**: Die vorhandenen Standardprofile bzw. -regeln von SELinux, AppArmor sowie alternativen Erweiterungen sollten manuell überprüft und gegebenenfalls an die eigene Sicherheitsrichtlinie angepasst werden. Falls erforderlich, sollten neue Regeln bzw. Profile erstellt werden. Quelle: Zusätzliche Verhinderung der Ausbreitung bei der Ausnutzung von Schwachstellen (S. 1-2).";"1. Wie können Ausnahmegenehmigungen dokumentiert und nachvollziehbar gemacht werden?
2. Welche Rolle spielen klare Zuständigkeiten bei der Vergabe von Ausnahmegenehmigungen?
3. Wie können Standardprofile und -regeln von SELinux und AppArmor an die eigene Sicherheitsrichtlinie angepasst werden?";3;3;0.0;0.8;0.896551724137931;0.4357361058794818;Wie können Ausnahmegenehmigungen dokumentiert und nachvollziehbar gemacht werden?;2;2;Dokumentation von Ausnahmen;Welche Rolle spielen klare Zuständigkeiten bei der Vergabe von Ausnahmegenehmigungen?;1;2;Klare Zuständigkeiten bei Ausnahmegenehmigungen;Wie können Standardprofile und -regeln von SELinux und AppArmor an die eigene Sicherheitsrichtlinie angepasst werden?;2;1;Teilweise thematisch passend;1.667;1.667
Warum müssen Verstöße gegen Anforderungen korrigiert werden?;"Verstöße gegen Anforderungen müssen korrigiert werden, um die Abweichungen zu beheben und sicherzustellen, dass die Institution den gesetzlichen, vertraglichen und sonstigen Vorgaben entspricht Quelle: ORP.5.A2 (S. nicht spezifiziert). Dies ist notwendig, um die Einhaltung der Sicherheitsanforderungen zu gewährleisten und rechtliche Verantwortlichkeiten wahrzunehmen Quelle: ORP.5.A2 (S. nicht spezifiziert). 

Anschlussfragen:
1. Wie MÜSSEN Verstöße gegen Anforderungen identifiziert werden?
2. Welche Rolle spielen Führungskräfte bei der Einhaltung gesetzlicher Vorgaben?
3. Wie werden die Verantwortlichkeiten und Zuständigkeiten für die Einhaltung von Vorgaben festgelegt?";Verstöße gegen Anforderungen müssen korrigiert werden, um die Abweichungen zu beheben und sicherzustellen, dass die Institution den gesetzlichen, vertraglichen und sonstigen Vorgaben entspricht Quelle: ORP.5.A2 (S. nicht spezifiziert). Dies ist notwendig, um die Einhaltung der Sicherheitsanforderungen zu gewährleisten und rechtliche Verantwortlichkeiten wahrzunehmen Quelle: ORP.5.A2 (S. nicht spezifiziert).;ORP.5.A2 Beachtung der Rahmenbedingungen (B) [Vorgesetzte, Zentrale Verwaltung, Institutionsleitung] Die als sicherheitsrelevant identifizierten Anforderungen MÜSSEN bei der Planung und Konzeption von Geschäftsprozessen, Anwendungen und IT-Systemen oder bei der Beschaffung neuer Komponenten einfließen. Führungskräfte, die eine rechtliche Verantwortung für die Institution tragen, MÜSSEN für die Einhaltung der gesetzlichen, vertraglichen und sonstigen Vorgaben sorgen. Die Verantwortlichkeiten und Zuständigkeiten für die Einhaltung dieser Vorgaben MÜSSEN festgelegt sein. Es MÜSSEN geeignete Maßnahmen identifiziert und umgesetzt werden, um Verstöße gegen relevante Anforderungen zu vermeiden. Wenn solche Verstöße erkannt werden, MÜSSEN sachgerechte Korrekturmaßnahmen ergriffen werden, um die Abweichungen zu beheben.;"Verstöße gegen Anforderungen müssen korrigiert werden, um die Informationssicherheit und den Schutz der Systeme zu gewährleisten. Unkorrigierte Verstöße können zu Sicherheitslücken führen, die von Angreifern ausgenutzt werden können, was die Ausbreitung von Schwachstellen begünstigt. Dies kann zu schwerwiegenden Sicherheitsverletzungen und Datenverlusten führen. Die Korrektur von Verstößen ist daher essenziell, um das Sicherheitsniveau der Institution aufrechtzuerhalten und die Integrität, Vertraulichkeit und Verfügbarkeit der Informationen zu schützen.

Die interne Revision muss überprüfen, ob das BCMS die bestehenden Anforderungen erfüllt, d.h. die Ziele aus der Leitlinie, Anforderungen der Interessengruppen, die Anforderungen aus diesem Standard sowie die Anforderungen aus den einzelnen BCMS-Prozessschritten. Korrektur- und Verbesserungsmaßnahmen als Ergebnis vorangegangener Überprüfungen müssen als Grundlage einer aktuellen Überprüfung herangezogen werden. Quelle: Überprüfung und Verbesserung des Informationssicherheitsprozesses (S. 1-2)

Die Ergebnisse der Bewertung sind für die Verbesserung des IS-Prozesses notwendig. Es kann sich dabei herausstellen, dass eine Änderung der Sicherheitsziele, der Sicherheitsstrategie oder des Sicherheitskonzepts zu erfolgen hat und die Informationssicherheitsorganisation den Erfordernissen angepasst werden sollte. Quelle: Überprüfung und Verbesserung des Informationssicherheitsprozesses (S. 2)

Anschlussfragen:
1. Welche Maßnahmen können ergriffen werden, um die Ausbreitung von Schwachstellen zu verhindern?
2. Wie können Korrektur- und Verbesserungsmaßnahmen effektiv umgesetzt werden?
3. Welche Rolle spielt die interne Revision bei der Überprüfung und Verbesserung des Informationssicherheitsprozesses?";"Verstöße gegen Anforderungen müssen korrigiert werden, um die Informationssicherheit und den Schutz der Systeme zu gewährleisten. Unkorrigierte Verstöße können zu Sicherheitslücken führen, die von Angreifern ausgenutzt werden können, was die Ausbreitung von Schwachstellen begünstigt. Dies kann zu schwerwiegenden Sicherheitsverletzungen und Datenverlusten führen. Die Korrektur von Verstößen ist daher essenziell, um das Sicherheitsniveau der Institution aufrechtzuerhalten und die Integrität, Vertraulichkeit und Verfügbarkeit der Informationen zu schützen.

Die interne Revision muss überprüfen, ob das BCMS die bestehenden Anforderungen erfüllt, d.h. die Ziele aus der Leitlinie, Anforderungen der Interessengruppen, die Anforderungen aus diesem Standard sowie die Anforderungen aus den einzelnen BCMS-Prozessschritten. Korrektur- und Verbesserungsmaßnahmen als Ergebnis vorangegangener Überprüfungen müssen als Grundlage einer aktuellen Überprüfung herangezogen werden. Quelle: Überprüfung und Verbesserung des Informationssicherheitsprozesses (S. 1-2)

Die Ergebnisse der Bewertung sind für die Verbesserung des IS-Prozesses notwendig. Es kann sich dabei herausstellen, dass eine Änderung der Sicherheitsziele, der Sicherheitsstrategie oder des Sicherheitskonzepts zu erfolgen hat und die Informationssicherheitsorganisation den Erfordernissen angepasst werden sollte. Quelle: Überprüfung und Verbesserung des Informationssicherheitsprozesses (S. 2)";"1. Welche Maßnahmen können ergriffen werden, um die Ausbreitung von Schwachstellen zu verhindern?
2. Wie können Korrektur- und Verbesserungsmaßnahmen effektiv umgesetzt werden?
3. Welche Rolle spielt die interne Revision bei der Überprüfung und Verbesserung des Informationssicherheitsprozesses?";3;3;0.541666666653125;1.0;1.0;0.5257723244658636;Welche Maßnahmen können ergriffen werden, um die Ausbreitung von Schwachstellen zu verhindern?;2;2;Schwachstellen-Management;Wie können Korrektur- und Verbesserungsmaßnahmen effektiv umgesetzt werden?;2;2;Direkte Umsetzung von Korrekturmaßnahmen;Welche Rolle spielt die interne Revision bei der Überprüfung und Verbesserung des Informationssicherheitsprozesses?;2;2;Direkte Verbindung zur internen Revision;2.0;2.0
Wie wird die Wirksamkeit des Compliance Managements überprüft?;"Die Wirksamkeit des Compliance Managements wird durch regelmäßige Überprüfungen auf ihre Effizienz und Effektivität überprüft Quelle: ORP.5.A8 Regelmäßige Überprüfungen des Compliance Managements (S). Es soll ein Verfahren etabliert werden, um die Effizienz und Effektivität des Compliance Managements und der sich daraus ergebenden Anforderungen und Maßnahmen zu überprüfen Quelle: ORP.5.A8 Regelmäßige Überprüfungen des Compliance Managements (S). 

Anschlussfragen:
1. Wie oft sollten diese Überprüfungen durchgeführt werden?
2. Wer ist für die Durchführung dieser Überprüfungen verantwortlich?
3. Welche Rolle spielen Audits und Revisionen bei der Überprüfung des Compliance Managements?";Die Wirksamkeit des Compliance Managements wird durch regelmäßige Überprüfungen auf ihre Effizienz und Effektivität überprüft Quelle: ORP.5.A8 Regelmäßige Überprüfungen des Compliance Managements (S). Es soll ein Verfahren etabliert werden, um die Effizienz und Effektivität des Compliance Managements und der sich daraus ergebenden Anforderungen und Maßnahmen zu überprüfen Quelle: ORP.5.A8 Regelmäßige Überprüfungen des Compliance Managements (S).;ORP.5.A8 Regelmäßige Überprüfungen des Compliance Managements (S) Es SOLLTE ein Verfahren etabliert sein, wie das Compliance Management und die sich daraus ergebenden Anforderungen und Maßnahmen regelmäßig auf ihre Effizienz und Effektivität überprüft werden (siehe auch DER.3.1 Audits und Revisionen). Es SOLLTE regelmäßig geprüft werden, ob die Organisationsstruktur und die Prozesse des Compliance Managements angemessen sind.;"Die Wirksamkeit des Compliance Managements wird durch regelmäßige Überprüfungen sichergestellt. Es SOLLTE ein Verfahren etabliert sein, um das Compliance Management und die daraus resultierenden Anforderungen und Maßnahmen regelmäßig auf Effizienz und Effektivität zu überprüfen. Dies umfasst die Prüfung, ob die Organisationsstruktur und die Prozesse des Compliance Managements angemessen sind. Die Überprüfung erfolgt durch Audits und Revisionen, die sicherstellen, dass die Maßnahmen wirksam umgesetzt werden. Nach der Umsetzung von Korrektur- oder Verbesserungsmaßnahmen müssen diese durch die zuständigen Stellen bestätigt und überwacht werden, um Fehlentwicklungen frühzeitig zu erkennen und entgegenzuwirken. Die Ergebnisse der Überprüfungen werden im Maßnahmenplan dokumentiert, und bei Bedarf werden erneute Korrekturmaßnahmen geplant und umgesetzt. Die Institutionsleitung erhält durch Berichte aus der Leistungsüberprüfung die Möglichkeit, potenzielle Fehlentwicklungen zu identifizieren und proaktiv darauf zu reagieren. Quelle: Regelmäßige Überprüfungen des Compliance Managements (S.1-2), Compliance Management (Anforderungsmanagement) (S.1-2)

Anschlussfragen:
1. Welche spezifischen Methoden und Tools werden für die regelmäßige Überprüfung des Compliance Managements empfohlen?
2. Wie können Audits und Revisionen strukturiert durchgeführt werden, um die Effektivität des Compliance Managements sicherzustellen?
3. Welche Rolle spielt die Institutionsleitung bei der Überwachung und Verbesserung des Compliance Managements?";Die Wirksamkeit des Compliance Managements wird durch regelmäßige Überprüfungen sichergestellt. Es SOLLTE ein Verfahren etabliert sein, um das Compliance Management und die daraus resultierenden Anforderungen und Maßnahmen regelmäßig auf Effizienz und Effektivität zu überprüfen. Dies umfasst die Prüfung, ob die Organisationsstruktur und die Prozesse des Compliance Managements angemessen sind. Die Überprüfung erfolgt durch Audits und Revisionen, die sicherstellen, dass die Maßnahmen wirksam umgesetzt werden. Nach der Umsetzung von Korrektur- oder Verbesserungsmaßnahmen müssen diese durch die zuständigen Stellen bestätigt und überwacht werden, um Fehlentwicklungen frühzeitig zu erkennen und entgegenzuwirken. Die Ergebnisse der Überprüfungen werden im Maßnahmenplan dokumentiert, und bei Bedarf werden erneute Korrekturmaßnahmen geplant und umgesetzt. Die Institutionsleitung erhält durch Berichte aus der Leistungsüberprüfung die Möglichkeit, potenzielle Fehlentwicklungen zu identifizieren und proaktiv darauf zu reagieren. Quelle: Regelmäßige Überprüfungen des Compliance Managements (S.1-2), Compliance Management (Anforderungsmanagement) (S.1-2);"1. Welche spezifischen Methoden und Tools werden für die regelmäßige Überprüfung des Compliance Managements empfohlen?
2. Wie können Audits und Revisionen strukturiert durchgeführt werden, um die Effektivität des Compliance Managements sicherzustellen?
3. Welche Rolle spielt die Institutionsleitung bei der Überwachung und Verbesserung des Compliance Managements?";3;3;;;;;Welche spezifischen Methoden und Tools werden für die regelmäßige Überprüfung des Compliance Managements empfohlen?;1;2;Teilweise abgedeckt durch IT-Grundschutz;Wie können Audits und Revisionen strukturiert durchgeführt werden, um die Effektivität des Compliance Managements sicherzustellen?;2;2;Direkte Beziehung zu Audits;Welche Rolle spielt die Institutionsleitung bei der Überwachung und Verbesserung des Compliance Managements?;2;2;Direkte Verbindung zur Institutionsleitung;1.667;2.0
Wie lassen sich unterschiedliche Managementsysteme (Informationssicherheit, Datenschutz, Compliance) sinnvoll verzahnen?;"Um unterschiedliche Managementsysteme wie Informationssicherheit, Datenschutz und Compliance sinnvoll zu verzahnen, ist eine enge Zusammenarbeit zwischen den verschiedenen Einheiten erforderlich. Dies ermöglicht es, Synergieeffekte zu nutzen und Konflikte frühzeitig auszuräumen. Die Leitungsebene der Institution muss die Einhaltung der Anforderungen durch angemessene Überwachungsmaßnahmen sicherstellen. Quelle: 1.1. Einleitung (S.1).

Anschlussfragen:
1. Wie können die Anforderungen an das Informationssicherheitsmanagement in verschiedenen Branchen und Ländern berücksichtigt werden?
2. Welche Rolle spielt die Leitungsebene bei der Sicherstellung der Einhaltung von Anforderungen und der Überwachung von Managementprozessen?
3. Wie können Synergieeffekte zwischen Informationssicherheitsmanagement, Datenschutzmanagement und Compliance Management genutzt werden, um eine effektive Risikomanagementstrategie zu entwickeln?";Um unterschiedliche Managementsysteme wie Informationssicherheit, Datenschutz und Compliance sinnvoll zu verzahnen, ist eine enge Zusammenarbeit zwischen den verschiedenen Einheiten erforderlich. Dies ermöglicht es, Synergieeffekte zu nutzen und Konflikte frühzeitig auszuräumen. Die Leitungsebene der Institution muss die Einhaltung der Anforderungen durch angemessene Überwachungsmaßnahmen sicherstellen. Quelle: 1.1. Einleitung (S.1).;1.1. Einleitung In jeder Institution gibt es relevante gesetzliche, vertragliche und sonstige Vorgaben, wie z. B. interne Richtlinien, die beachtet werden müssen. Viele dieser Vorgaben haben direkte oder indirekte Auswirkungen auf das Informationssicherheitsmanagement. Die Anforderungen unterscheiden sich dabei je nach Branche, Land und anderen Rahmenbedingungen. Darüber hinaus unterliegt beispielsweise eine Behörde anderen externen Regelungen als eine Aktiengesellschaft. Die Leitungsebene der Institution muss die Einhaltung der Anforderungen („Compliance“) durch angemessene Überwachungsmaßnahmen sicherstellen. Je nach Größe einer Institution kann diese verschiedene Managementprozesse haben, die sich mit unterschiedlichen Aspekten des Risikomanagements beschäftigen. Dazu zählen beispielsweise Informationssicherheitsmanagement, Datenschutzmanagement, Compliance Management und Controlling. Die verschiedenen Einheiten sollten vertrauensvoll zusammenarbeiten, um Synergieeffekte zu nutzen und Konflikte frühzeitig auszuräumen.;"Um unterschiedliche Managementsysteme wie Informationssicherheit, Datenschutz und Compliance sinnvoll zu verzahnen, müssen diese Systeme in die bestehenden Organisationsstrukturen integriert und ihre Schnittstellen abgestimmt werden. Hier sind die wichtigsten Schritte und Anforderungen:

1. **Integration in Organisationsstrukturen**:
   - Die IS-Organisation muss bei allen Projekten, die Auswirkungen auf die Informationssicherheit haben könnten, rechtzeitig beteiligt werden. Dies umfasst strategische Entscheidungen wie Outsourcing, Nutzung neuer Vertriebskanäle oder Anmietung neuer Räumlichkeiten.
   - Informationssicherheit ist eine Querschnittsfunktion und muss in alle Prozesse und Projekte der Institution integriert werden, bei denen Informationen verarbeitet werden. Beispiele hierfür sind Projektmanagement und Incident Management.
   - Quelle: Einleitung (S.1-2), Zielsetzung (S.3)

2. **Abstimmung mit anderen Managementsystemen**:
   - In Institutionen gibt es häufig verschiedene Managementprozesse, die sich mit unterschiedlichen Aspekten des Risikomanagements beschäftigen, wie Informationssicherheitsmanagement, Datenschutzmanagement, Compliance Management und Controlling. Diese Einheiten sollten vertrauensvoll zusammenarbeiten, um Synergieeffekte zu nutzen und Konflikte frühzeitig auszuräumen.
   - Quelle: Compliance Management (Anforderungsmanagement) (S.4-5)

3. **Verantwortlichkeiten und Zuständigkeiten**:
   - Die Leitungsebene der Institution muss die Einhaltung der Anforderungen („Compliance“) durch angemessene Überwachungsmaßnahmen sicherstellen. Dies umfasst die Identifizierung und Umsetzung geeigneter Sicherheitsanforderungen, um Verstöße gegen Vorgaben zu vermeiden.
   - Quelle: Compliance Management (Anforderungsmanagement) (S.4-5)

4. **Sicherheitsmanagement**:
   - Ein funktionierendes Sicherheitsmanagement muss in die existierenden Managementstrukturen jeder Institution eingebettet werden. Dies umfasst die Planung, Lenkung und Kontrolle, um einen durchdachten und wirksamen Prozess zur Herstellung von Informationssicherheit aufzubauen und kontinuierlich umzusetzen.
   - Quelle: Sicherheitsmanagement (S.6-7)

5. **Regelmäßige Sicherheitsrevisionen und Schulungen**:
   - In der Institution sollten regelmäßig Sicherheitsrevisionen durchgeführt werden. Alle Mitarbeitenden sowie relevante Externe müssen systematisch und zielgruppengerecht zu Sicherheitsrisiken sensibilisiert und zu Fragen der Informationssicherheit geschult werden.
   - Quelle: Sicherheitsmanagement (S.7)

**Anschlussfragen:**
1. Wie können die Verantwortlichkeiten und Zuständigkeiten zwischen den verschiedenen Managementsystemen klar abgegrenzt werden?
2. Welche konkreten Maßnahmen sind erforderlich, um die Zusammenarbeit zwischen Informationssicherheitsmanagement, Datenschutzmanagement und Compliance Management zu verbessern?
3. Wie können regelmäßige Sicherheitsrevisionen und Schulungen effektiv in die bestehenden Organisationsstrukturen integriert werden?";"Um unterschiedliche Managementsysteme wie Informationssicherheit, Datenschutz und Compliance sinnvoll zu verzahnen, müssen diese Systeme in die bestehenden Organisationsstrukturen integriert und ihre Schnittstellen abgestimmt werden. Hier sind die wichtigsten Schritte und Anforderungen:

1. **Integration in Organisationsstrukturen**:
   - Die IS-Organisation muss bei allen Projekten, die Auswirkungen auf die Informationssicherheit haben könnten, rechtzeitig beteiligt werden. Dies umfasst strategische Entscheidungen wie Outsourcing, Nutzung neuer Vertriebskanäle oder Anmietung neuer Räumlichkeiten.
   - Informationssicherheit ist eine Querschnittsfunktion und muss in alle Prozesse und Projekte der Institution integriert werden, bei denen Informationen verarbeitet werden. Beispiele hierfür sind Projektmanagement und Incident Management.
   - Quelle: Einleitung (S.1-2), Zielsetzung (S.3)

2. **Abstimmung mit anderen Managementsystemen**:
   - In Institutionen gibt es häufig verschiedene Managementprozesse, die sich mit unterschiedlichen Aspekten des Risikomanagements beschäftigen, wie Informationssicherheitsmanagement, Datenschutzmanagement, Compliance Management und Controlling. Diese Einheiten sollten vertrauensvoll zusammenarbeiten, um Synergieeffekte zu nutzen und Konflikte frühzeitig auszuräumen.
   - Quelle: Compliance Management (Anforderungsmanagement) (S.4-5)

3. **Verantwortlichkeiten und Zuständigkeiten**:
   - Die Leitungsebene der Institution muss die Einhaltung der Anforderungen („Compliance“) durch angemessene Überwachungsmaßnahmen sicherstellen. Dies umfasst die Identifizierung und Umsetzung geeigneter Sicherheitsanforderungen, um Verstöße gegen Vorgaben zu vermeiden.
   - Quelle: Compliance Management (Anforderungsmanagement) (S.4-5)

4. **Sicherheitsmanagement**:
   - Ein funktionierendes Sicherheitsmanagement muss in die existierenden Managementstrukturen jeder Institution eingebettet werden. Dies umfasst die Planung, Lenkung und Kontrolle, um einen durchdachten und wirksamen Prozess zur Herstellung von Informationssicherheit aufzubauen und kontinuierlich umzusetzen.
   - Quelle: Sicherheitsmanagement (S.6-7)

5. **Regelmäßige Sicherheitsrevisionen und Schulungen**:
   - In der Institution sollten regelmäßig Sicherheitsrevisionen durchgeführt werden. Alle Mitarbeitenden sowie relevante Externe müssen systematisch und zielgruppengerecht zu Sicherheitsrisiken sensibilisiert und zu Fragen der Informationssicherheit geschult werden.
   - Quelle: Sicherheitsmanagement (S.7)";"1. Wie können die Verantwortlichkeiten und Zuständigkeiten zwischen den verschiedenen Managementsystemen klar abgegrenzt werden?
2. Welche konkreten Maßnahmen sind erforderlich, um die Zusammenarbeit zwischen Informationssicherheitsmanagement, Datenschutzmanagement und Compliance Management zu verbessern?
3. Wie können regelmäßige Sicherheitsrevisionen und Schulungen effektiv in die bestehenden Organisationsstrukturen integriert werden?";3;3;0.9379251700546283;1.0;1.0;0.3731880217971617;Wie können die Verantwortlichkeiten und Zuständigkeiten zwischen den verschiedenen Managementsystemen klar abgegrenzt werden?;2;2;Direkte Abgrenzung von Verantwortlichkeiten;Welche konkreten Maßnahmen sind erforderlich, um die Zusammenarbeit zwischen Informationssicherheitsmanagement, Datenschutzmanagement und Compliance Management zu verbessern?;2;2;Direkte Verzahnung von Managementsystemen;Wie können regelmäßige Sicherheitsrevisionen und Schulungen effektiv in die bestehenden Organisationsstrukturen integriert werden?;2;2;Direkte Integration von Sicherheitsmaßnahmen;2.0;2.0
Welche organisatorischen Rollen sind für Compliance Management vorgesehen?;"Für das Compliance Management sind mehrere organisatorische Rollen vorgesehen. Dazu gehören die Institutionsleitung, die für die Konzeption und Organisation des Compliance Managements verantwortlich ist, sowie der Compliance-Beauftragte und der Informationssicherheitsbeauftragte. Diese sollen sich regelmäßig austauschen, um sicherheitsrelevante Anforderungen zu identifizieren und deren Umsetzung zu kontrollieren. Quelle: ORP.5.A4 Konzeption und Organisation des Compliance Managements (S) 

Anschlussfragen:
1. Wie sollten die Prozesse und Organisationsstrukturen für das Compliance Management aufgebaut werden?
2. Welche Rolle spielen der Compliance-Beauftragte und der Informationssicherheitsbeauftragte im Compliance Management?
3. Wie wird die Einhaltung der gesetzlichen, vertraglichen und sonstigen Vorgaben durch die Mitarbeitenden sichergestellt?";Für das Compliance Management sind mehrere organisatorische Rollen vorgesehen. Dazu gehören die Institutionsleitung, die für die Konzeption und Organisation des Compliance Managements verantwortlich ist, sowie der Compliance-Beauftragte und der Informationssicherheitsbeauftragte. Diese sollen sich regelmäßig austauschen, um sicherheitsrelevante Anforderungen zu identifizieren und deren Umsetzung zu kontrollieren. Quelle: ORP.5.A4 Konzeption und Organisation des Compliance Managements (S);"ORP.5.A4 Konzeption und Organisation des Compliance Managements (S) [Institutionsleitung] In der Institution SOLLTE ein Prozess aufgebaut werden, um alle relevanten gesetzlichen, vertraglichen und sonstigen Vorgaben mit Auswirkungen auf das Informationssicherheitsmanagement zu identifizieren. Es SOLLTEN geeignete Prozesse und Organisationsstrukturen aufgebaut werden, um basierend auf der Identifikation und Beachtung der rechtlichen Rahmenbedingungen, den Überblick über die verschiedenen rechtlichen Anforderungen an die einzelnen Bereiche der Institution zu gewährleisten. Dafür SOLLTEN Zuständige für das Compliance Management festgelegt werden. Compliance-Beauftragte und Informationssicherheitsbeauftragte SOLLTEN sich regelmäßig austauschen. Sie SOLLTEN gemeinsam Sicherheitsanforderungen ins Compliance Management integrieren, sicherheitsrelevante Anforderungen in Sicherheitsmaßnahmen überführen und deren Umsetzung kontrollieren.
";"Im IT-Grundschutz-Kompendium sind die organisatorischen Rollen für das Compliance Management nicht explizit aufgeführt. Allerdings werden im Baustein ORP.5 Compliance Management (Anforderungsmanagement) allgemeine Verantwortlichkeiten und Regelungen thematisiert, die für das Compliance Management relevant sind. Hier einige zentrale Punkte:

1. **Leitungsebene der Institution**: Die Leitungsebene MUSS die Einhaltung der Anforderungen („Compliance“) durch angemessene Überwachungsmaßnahmen sicherstellen. Quelle: Compliance Management (Anforderungsmanagement) (S.1-2)
2. **Informationssicherheitsbeauftragter (ISB)**: Der ISB kann weitere Rollen übernehmen, sofern keine Rollenkonflikte entstehen. Dies MUSS im Vorfeld geklärt werden. Quelle: Compliance Management (Anforderungsmanagement) (S.3)
3. **Interne Revision**: Die Innenrevision kann als Instanz benannt werden, um konfliktträchtige Themen zu klären. Quelle: Compliance Management (Anforderungsmanagement) (S.3)

Anschlussfragen:
1. Welche spezifischen Aufgaben hat die Leitungsebene im Rahmen des Compliance Managements?
2. Wie können Rollenkonflikte zwischen dem ISB und anderen Rollen vermieden werden?
3. Welche weiteren organisatorischen Rollen sind im IT-Grundschutz-Kompendium für das Risikomanagement vorgesehen?";"Im IT-Grundschutz-Kompendium sind die organisatorischen Rollen für das Compliance Management nicht explizit aufgeführt. Allerdings werden im Baustein ORP.5 Compliance Management (Anforderungsmanagement) allgemeine Verantwortlichkeiten und Regelungen thematisiert, die für das Compliance Management relevant sind. Hier einige zentrale Punkte:

1. **Leitungsebene der Institution**: Die Leitungsebene MUSS die Einhaltung der Anforderungen („Compliance“) durch angemessene Überwachungsmaßnahmen sicherstellen. Quelle: Compliance Management (Anforderungsmanagement) (S.1-2)
2. **Informationssicherheitsbeauftragter (ISB)**: Der ISB kann weitere Rollen übernehmen, sofern keine Rollenkonflikte entstehen. Dies MUSS im Vorfeld geklärt werden. Quelle: Compliance Management (Anforderungsmanagement) (S.3)
3. **Interne Revision**: Die Innenrevision kann als Instanz benannt werden, um konfliktträchtige Themen zu klären. Quelle: Compliance Management (Anforderungsmanagement) (S.3)";"1. Welche spezifischen Aufgaben hat die Leitungsebene im Rahmen des Compliance Managements?
2. Wie können Rollenkonflikte zwischen dem ISB und anderen Rollen vermieden werden?
3. Welche weiteren organisatorischen Rollen sind im IT-Grundschutz-Kompendium für das Risikomanagement vorgesehen?";3;3;0.3928571428375;1.0;0.8333333333333334;0.4821721801929807;Welche spezifischen Aufgaben hat die Leitungsebene im Rahmen des Compliance Managements?;2;2;Direkte Aufgabenbeschreibung;Wie können Rollenkonflikte zwischen dem ISB und anderen Rollen vermieden werden?;2;2;Rollenkonflikte im IT-Grundschutz;Welche weiteren organisatorischen Rollen sind im IT-Grundschutz-Kompendium für das Risikomanagement vorgesehen?;2;2;Rollen im Risikomanagement;2.0;2.0
Welche Maßnahmen adressieren mehrere Gefährdungen gleichzeitig?;"Die Maßnahmen, die mehrere Gefährdungen gleichzeitig adressieren, sind im Kontext des IT-Grundschutz-Kompendiums nicht explizit aufgeführt. Allerdings kann man aus den Anforderungen des Bausteins ORP.5 Compliance Management (Anforderungsmanagement) schließen, dass die Identifikation und Dokumentation von gesetzlichen, vertraglichen und sonstigen Vorgaben sowie die Beachtung dieser Rahmenbedingungen bei der Planung und Konzeption von Geschäftsprozessen, Anwendungen und IT-Systemen dazu beitragen können, mehrere Gefährdungen zu minimieren. Quelle: ORP.5.A1 Identifikation der Rahmenbedingungen (B) [Zentrale Verwaltung, Institutionsleitung] (S.1), Quelle: ORP.5.A2 Beachtung der Rahmenbedingungen (B) [Vorgesetzte, Zentrale Verwaltung, Institutionsleitung] (S.2).

Anschlussfragen:
1. Wie können die im Baustein ORP.5 identifizierten Anforderungen in die tägliche Arbeit integriert werden?
2. Welche Rolle spielt die regelmäßige Überprüfung des Compliance Managements bei der Minimierung von Gefährdungen?
3. Wie kann die Verpflichtung der Mitarbeitenden zur Einhaltung der gesetzlichen, vertraglichen und sonstigen Vorgaben im Baustein ORP.2 Personal umgesetzt werden?";Die Maßnahmen, die mehrere Gefährdungen gleichzeitig adressieren, sind im Kontext des IT-Grundschutz-Kompendiums nicht explizit aufgeführt. Allerdings kann man aus den Anforderungen des Bausteins ORP.5 Compliance Management (Anforderungsmanagement) schließen, dass die Identifikation und Dokumentation von gesetzlichen, vertraglichen und sonstigen Vorgaben sowie die Beachtung dieser Rahmenbedingungen bei der Planung und Konzeption von Geschäftsprozessen, Anwendungen und IT-Systemen dazu beitragen können, mehrere Gefährdungen zu minimieren. Quelle: ORP.5.A1 Identifikation der Rahmenbedingungen (B) [Zentrale Verwaltung, Institutionsleitung] (S.1), Quelle: ORP.5.A2 Beachtung der Rahmenbedingungen (B) [Vorgesetzte, Zentrale Verwaltung, Institutionsleitung] (S.2).;"""ORP.5.A1 Identifikation der Rahmenbedingungen (B) [Zentrale Verwaltung, Institutionsleitung] Alle gesetzlichen, vertraglichen und sonstigen Vorgaben mit Auswirkungen auf das Informationssicherheitsmanagement MÜSSEN identifiziert und dokumentiert werden. Die für die einzelnen Bereiche der Institution relevanten gesetzlichen, vertraglichen und sonstigen Vorgaben SOLLTEN in einer strukturierten Übersicht herausgearbeitet werden. Die Dokumentation MUSS auf dem aktuellen Stand gehalten werden."",

""ORP.5.A2 Beachtung der Rahmenbedingungen (B) [Vorgesetzte, Zentrale Verwaltung, Institutionsleitung] Die als sicherheitsrelevant identifizierten Anforderungen MÜSSEN bei der Planung und Konzeption von Geschäftsprozessen, Anwendungen und IT-Systemen oder bei der Beschaffung neuer Komponenten einfließen. Führungskräfte, die eine rechtliche Verantwortung für die Institution tragen, MÜSSEN für die Einhaltung der gesetzlichen, vertraglichen und sonstigen Vorgaben sorgen. Die Verantwortlichkeiten und Zuständigkeiten für die Einhaltung dieser Vorgaben MÜSSEN festgelegt sein. Es MÜSSEN geeignete Maßnahmen identifiziert und umgesetzt werden, um Verstöße gegen relevante Anforderungen zu vermeiden. Wenn solche Verstöße erkannt werden, MÜSSEN sachgerechte Korrekturmaßnahmen ergriffen werden, um die Abweichungen zu beheben."",

""ORP.5.A8 Regelmäßige Überprüfungen des Compliance Managements (S) Es SOLLTE ein Verfahren etabliert sein, wie das Compliance Management und die sich daraus ergebenden Anforderungen und Maßnahmen regelmäßig auf ihre Effizienz und Effektivität überprüft werden (siehe auch DER.3.1 Audits und Revisionen). Es SOLLTE regelmäßig geprüft werden, ob die Organisationsstruktur und die Prozesse des Compliance Managements angemessen sind.""";"Maßnahmen, die mehrere Gefährdungen gleichzeitig adressieren, werden im IT-Grundschutz durch eine systematische und konsolidierte Herangehensweise berücksichtigt. Dabei werden Sicherheitsmaßnahmen auf ihre Eignung, Angemessenheit und Effizienz überprüft, um sicherzustellen, dass sie mehrere Gefährdungen abdecken und keine Widersprüche oder Inkonsistenzen aufweisen.

1. **Konsolidierung von Sicherheitsmaßnahmen**: Sicherheitsmaßnahmen müssen konsolidiert werden, um überflüssige Maßnahmen zu streichen, allgemeine Maßnahmen an die Gegebenheiten anzupassen und alle Maßnahmen auf ihre Eignung zu prüfen. Dies stellt sicher, dass die Maßnahmen effektiv und effizient sind und mehrere Gefährdungen abdecken. Quelle: Sicherheitsmaßnahmen konsolidieren (S. 1-2)

2. **Risikobehandlung**: Im Rahmen der Risikobehandlung werden verschiedene Optionen wie Risikovermeidung, Risikoreduktion, Risikotransfer und Risikoakzeptanz betrachtet. Diese Optionen können dazu beitragen, mehrere Gefährdungen gleichzeitig zu adressieren, indem sie entweder die Ursachen der Gefährdungen beseitigen, die Rahmenbedingungen modifizieren oder die Risiken auf andere Parteien übertragen. Quelle: Risikobehandlung (S. 3-5)

3. **Einbindung der Leitungsebene**: Die Leitungsebene muss in die Entscheidung über die Risikobehandlung einbezogen werden, da sich aus den Entscheidungen erhebliche Schäden oder zusätzliche Kosten ergeben können. Dies stellt sicher, dass die getroffenen Maßnahmen im Einklang mit den Sicherheitszielen und den Vorgaben der Institution stehen. Quelle: Einbindung der Leitungsebene (S. 5-6)

4. **Dokumentation und Überwachung**: Die getroffenen Maßnahmen müssen dokumentiert und ihre Umsetzung überwacht werden. Dies stellt sicher, dass die Maßnahmen wirksam sind und kontinuierlich auf ihre Effizienz überprüft werden. Quelle: Dokumentation und Überwachung (S. 6-7)

5. **Schulung und Sensibilisierung**: Betroffene Mitarbeiter müssen geschult und sensibilisiert werden, um sicherzustellen, dass die Sicherheitsmaßnahmen akzeptiert und effektiv umgesetzt werden. Quelle: Schulung und Sensibilisierung (S. 7)

Anschlussfragen:
1. Wie können Sicherheitsmaßnahmen so gestaltet werden, dass sie möglichst viele Gefährdungen gleichzeitig abdecken?
2. Welche Kriterien sind bei der Konsolidierung von Sicherheitsmaßnahmen zu beachten, um sicherzustellen, dass sie effektiv und effizient sind?
3. Wie kann die Einbindung der Leitungsebene in die Risikobehandlung sicherstellen, dass die getroffenen Maßnahmen im Einklang mit den Sicherheitszielen und den Vorgaben der Institution stehen?";"Maßnahmen, die mehrere Gefährdungen gleichzeitig adressieren, werden im IT-Grundschutz durch eine systematische und konsolidierte Herangehensweise berücksichtigt. Dabei werden Sicherheitsmaßnahmen auf ihre Eignung, Angemessenheit und Effizienz überprüft, um sicherzustellen, dass sie mehrere Gefährdungen abdecken und keine Widersprüche oder Inkonsistenzen aufweisen.

1. **Konsolidierung von Sicherheitsmaßnahmen**: Sicherheitsmaßnahmen müssen konsolidiert werden, um überflüssige Maßnahmen zu streichen, allgemeine Maßnahmen an die Gegebenheiten anzupassen und alle Maßnahmen auf ihre Eignung zu prüfen. Dies stellt sicher, dass die Maßnahmen effektiv und effizient sind und mehrere Gefährdungen abdecken. Quelle: Sicherheitsmaßnahmen konsolidieren (S. 1-2)

2. **Risikobehandlung**: Im Rahmen der Risikobehandlung werden verschiedene Optionen wie Risikovermeidung, Risikoreduktion, Risikotransfer und Risikoakzeptanz betrachtet. Diese Optionen können dazu beitragen, mehrere Gefährdungen gleichzeitig zu adressieren, indem sie entweder die Ursachen der Gefährdungen beseitigen, die Rahmenbedingungen modifizieren oder die Risiken auf andere Parteien übertragen. Quelle: Risikobehandlung (S. 3-5)

3. **Einbindung der Leitungsebene**: Die Leitungsebene muss in die Entscheidung über die Risikobehandlung einbezogen werden, da sich aus den Entscheidungen erhebliche Schäden oder zusätzliche Kosten ergeben können. Dies stellt sicher, dass die getroffenen Maßnahmen im Einklang mit den Sicherheitszielen und den Vorgaben der Institution stehen. Quelle: Einbindung der Leitungsebene (S. 5-6)

4. **Dokumentation und Überwachung**: Die getroffenen Maßnahmen müssen dokumentiert und ihre Umsetzung überwacht werden. Dies stellt sicher, dass die Maßnahmen wirksam sind und kontinuierlich auf ihre Effizienz überprüft werden. Quelle: Dokumentation und Überwachung (S. 6-7)

5. **Schulung und Sensibilisierung**: Betroffene Mitarbeiter müssen geschult und sensibilisiert werden, um sicherzustellen, dass die Sicherheitsmaßnahmen akzeptiert und effektiv umgesetzt werden. Quelle: Schulung und Sensibilisierung (S. 7)";"1. Wie können Sicherheitsmaßnahmen so gestaltet werden, dass sie möglichst viele Gefährdungen gleichzeitig abdecken?
2. Welche Kriterien sind bei der Konsolidierung von Sicherheitsmaßnahmen zu beachten, um sicherzustellen, dass sie effektiv und effizient sind?
3. Wie kann die Einbindung der Leitungsebene in die Risikobehandlung sicherstellen, dass die getroffenen Maßnahmen im Einklang mit den Sicherheitszielen und den Vorgaben der Institution stehen?";3;3;0.0;1.0;1.0;0.3310449479971572;Wie können Sicherheitsmaßnahmen so gestaltet werden, dass sie möglichst viele Gefährdungen gleichzeitig abdecken?;2;2;Direkte Abdeckung;Welche Kriterien sind bei der Konsolidierung von Sicherheitsmaßnahmen zu beachten, um sicherzustellen, dass sie effektiv und effizient sind?;2;2;Konsolidierung von Sicherheitsmaßnahmen;Wie kann die Einbindung der Leitungsebene in die Risikobehandlung sicherstellen, dass die getroffenen Maßnahmen im Einklang mit den Sicherheitszielen und den Vorgaben der Institution stehen?;2;2;Leitungsebene und Risikobehandlung;2.0;2.0
Darf ich meinen Server als normalen Arbeitsplatz nutzen?;"Nein, Sie dürfen Ihren Server nicht als normalen Arbeitsplatz nutzen. Server DÜRFEN NICHT als Arbeitsplatzrechner genutzt werden, da sie für spezifische Serverdienste und nicht für allgemeine Arbeitsplatzaktivitäten konzipiert sind. Quelle: SYS.1.1.A1 (S.1).

Anschlussfragen:
1. Welche Anforderungen müssen bei der Nutzung von virtualisierten Servern berücksichtigt werden?
2. Warum sollten Server grundsätzlich in Rechenzentren, Serverräumen oder abschließbaren Serverschränken aufgestellt werden?
3. Welche Rolle spielt das Rollen- und Berechtigungskonzept bei der Administration von Servern?";Nein, Sie dürfen Ihren Server nicht als normalen Arbeitsplatz nutzen. Server DÜRFEN NICHT als Arbeitsplatzrechner genutzt werden, da sie für spezifische Serverdienste und nicht für allgemeine Arbeitsplatzaktivitäten konzipiert sind. Quelle: SYS.1.1.A1 (S.1).;SYS.1.1.A1 Zugriffsschutz und Nutzung (B) Physische Server MÜSSEN an Orten betrieben werden, zu denen nur berechtigte Personen Zutritt haben. Physische Server MÜSSEN daher in Rechenzentren, Serverräumen oder abschließbaren Serverschränken aufgestellt beziehungsweise eingebaut werden (siehe hierzu die entsprechenden Bausteine der Schicht INF Infrastruktur). Bei virtualisierten Servern MUSS der Zugriff auf die Ressourcen der Instanz und deren Konfiguration ebenfalls auf die berechtigten Personen begrenzt werden. Server DÜRFEN NICHT als Arbeitsplatzrechner genutzt werden. Server DÜRFEN NICHT zur Erledigung von Aufgaben und Tätigkeiten verwendet werden, die grundsätzlich auf einem ClientSystem aus- und durchgeführt werden können. Insbesondere DÜRFEN vorhandene Anwendungen, wie Webbrowser, auf dem Server NICHT für das Abrufen von Informationen aus dem Internet oder das Herunterladen von Software, Treibern und Updates verwendet werden. Als Arbeitsplatz genutzte IT-Systeme DÜRFEN NICHT als Server genutzt werden.;"Nein, Server DÜRFEN NICHT als Arbeitsplatzrechner genutzt werden. Sie DÜRFEN NICHT zur Erledigung von Aufgaben und Tätigkeiten verwendet werden, die grundsätzlich auf einem Client-System aus- und durchgeführt werden können. Insbesondere DÜRFEN vorhandene Anwendungen, wie Webbrowser, auf dem Server NICHT für das Abrufen von Informationen aus dem Internet oder das Herunterladen von Software, Treibern und Updates verwendet werden. Als Arbeitsplatz genutzte IT-Systeme DÜRFEN NICHT als Server genutzt werden. Quelle: Zugriffsschutz und Nutzung (S.1-2)

Anschlussfragen:
1. Welche Anforderungen gelten für die physische Sicherheit von Servern?
2. Wie kann die Administration von Servern sicher gestaltet werden?
3. Welche Maßnahmen sind erforderlich, um Datenverluste auf Servern zu verhindern?";Nein, Server DÜRFEN NICHT als Arbeitsplatzrechner genutzt werden. Sie DÜRFEN NICHT zur Erledigung von Aufgaben und Tätigkeiten verwendet werden, die grundsätzlich auf einem Client-System aus- und durchgeführt werden können. Insbesondere DÜRFEN vorhandene Anwendungen, wie Webbrowser, auf dem Server NICHT für das Abrufen von Informationen aus dem Internet oder das Herunterladen von Software, Treibern und Updates verwendet werden. Als Arbeitsplatz genutzte IT-Systeme DÜRFEN NICHT als Server genutzt werden. Quelle: Zugriffsschutz und Nutzung (S.1-2);"1. Welche Anforderungen gelten für die physische Sicherheit von Servern?
2. Wie kann die Administration von Servern sicher gestaltet werden?
3. Welche Maßnahmen sind erforderlich, um Datenverluste auf Servern zu verhindern?";3;3;0.9379251700546283;1.0;1.0;0.5176507730295451;Welche Anforderungen gelten für die physische Sicherheit von Servern?;2;2;Physische Sicherheit von Servern;Wie kann die Administration von Servern sicher gestaltet werden?;2;2;Direkt relevante Frage zur Server-Administration;Welche Maßnahmen sind erforderlich, um Datenverluste auf Servern zu verhindern?;2;2;Datenverlust auf Servern;2.0;2.0
Welche weiterführenden Informationen gibt es zu den Anforderungen an den Aufstellungsort von physischen Servern?;"Weiterführende Informationen zu den Anforderungen an den Aufstellungsort von physischen Servern können im Dokument ""Guide to General Server Security: NIST Special Publication 800-123"" des National Institute of Standards and Technology (NIST) gefunden werden, das im Juli 2008 veröffentlicht wurde Quelle: 4.1. Wissenswertes. 

Anschlussfragen:
1. Welche spezifischen Anforderungen an die physische Sicherheit von Servern stellt das NIST-Dokument?
2. Wie werden in dem Dokument die Aspekte der Umgebungsüberwachung und des Zugangsschutzes für Serverräume behandelt?
3. Welche Empfehlungen gibt das NIST-Dokument für die Platzierung von Servern in Rechenzentren oder Serverräumen?";"Weiterführende Informationen zu den Anforderungen an den Aufstellungsort von physischen Servern können im Dokument ""Guide to General Server Security: NIST Special Publication 800-123"" des National Institute of Standards and Technology (NIST) gefunden werden, das im Juli 2008 veröffentlicht wurde Quelle: 4.1. Wissenswertes.";"4. Weiterführende Informationen
4.1. Wissenswertes
Das National Institute of Standards and Technology (NIST) stellt das Dokument „Guide to General Server Security: NIST Special Publication 800-123“, Juli 2008 zur Verfügung.";"Die Anforderungen an den Aufstellungsort von physischen Servern sind im IT-Grundschutz-Kompendium detailliert beschrieben. Physische Server MÜSSEN an Orten betrieben werden, zu denen nur berechtigte Personen Zutritt haben. Dies umfasst Rechenzentren, Serverräume oder abschließbare Serverschränke. Die Aufstellung in verschlossenen Räumen ist ebenfalls erforderlich, wobei nur Berechtigte Zutritt haben DÜRFEN. Zudem MUSS eine sichere Stromversorgung sichergestellt und die Vorgaben des Herstellers zur Umgebungstemperatur und Luftfeuchte eingehalten werden. Server DÜRFEN NICHT als Arbeitsplatzrechner genutzt werden, und Arbeitsplatzrechner DÜRFEN NICHT als Server genutzt werden. Die Planung des Server-Einsatzes SOLLTE geeignete Punkte wie die Auswahl der Plattform, Dimensionierung der Hardware, administrative Zugänge und Protokollierung berücksichtigen. Alle Entscheidungen SOLLTEN dokumentiert werden, um eine Nachvollziehbarkeit zu gewährleisten. Für Rechenzentren MÜSSEN angemessene technische und organisatorische Vorgaben definiert und umgesetzt werden, wobei unterschiedliche Sicherheitszonen eingerichtet werden MÜSSEN. Ein Rechenzentrum MUSS als geschlossener Sicherheitsbereich konzipiert werden, mit klaren Trennungen zwischen Verwaltungs-, Logistik-, IT-Betriebs- und Support-Bereichen. Bei Serverräumen SOLLTE geprüft werden, ob unterschiedliche Sicherheitszonen eingerichtet werden können. Die sichere Installation und Grundkonfiguration von Servern SOLLTE in einer gesonderten und von Produktivsystemen abgetrennten Installationsumgebung vorgenommen werden. Mehrere wesentliche Funktionen und Rollen SOLLTEN NICHT durch einen einzigen Server erfüllt werden, sondern geeignet aufgeteilt werden. Alle sicherheitsrelevanten Einstellungen SOLLTEN entsprechend den Vorgaben der Sicherheitsrichtlinie für Server konfiguriert, getestet und regelmäßig überprüft werden. Sofern der Server eine Verbindung in das Internet benötigt oder aus dem Internet erreichbar sein muss, SOLLTE er erst mit dem Internet verbunden werden, nachdem die Installation und die Konfiguration abgeschlossen sind. Quelle: Zugriffsschutz und Nutzung (S.1-2), Geeignete Aufstellung von Speichersystemen (S.2-3), Planung des Server-Einsatzes (S.3-4), Festlegung von Anforderungen (S.4-5), Sichere Installation und Grundkonfiguration von Servern (S.5-6), Planung des Einsatzes virtueller Clients (S.6-7), Räumliche Sicherheitszonen (S.7-9).

Anschlussfragen:
1. Welche spezifischen Sicherheitsmaßnahmen sind für die Aufstellung von Servern in Rechenzentren erforderlich?
2. Wie können unterschiedliche Sicherheitszonen in einem Serverraum eingerichtet werden?
3. Welche Rolle spielt die Dokumentation bei der Planung und Installation von Servern?";Die Anforderungen an den Aufstellungsort von physischen Servern sind im IT-Grundschutz-Kompendium detailliert beschrieben. Physische Server MÜSSEN an Orten betrieben werden, zu denen nur berechtigte Personen Zutritt haben. Dies umfasst Rechenzentren, Serverräume oder abschließbare Serverschränke. Die Aufstellung in verschlossenen Räumen ist ebenfalls erforderlich, wobei nur Berechtigte Zutritt haben DÜRFEN. Zudem MUSS eine sichere Stromversorgung sichergestellt und die Vorgaben des Herstellers zur Umgebungstemperatur und Luftfeuchte eingehalten werden. Server DÜRFEN NICHT als Arbeitsplatzrechner genutzt werden, und Arbeitsplatzrechner DÜRFEN NICHT als Server genutzt werden. Die Planung des Server-Einsatzes SOLLTE geeignete Punkte wie die Auswahl der Plattform, Dimensionierung der Hardware, administrative Zugänge und Protokollierung berücksichtigen. Alle Entscheidungen SOLLTEN dokumentiert werden, um eine Nachvollziehbarkeit zu gewährleisten. Für Rechenzentren MÜSSEN angemessene technische und organisatorische Vorgaben definiert und umgesetzt werden, wobei unterschiedliche Sicherheitszonen eingerichtet werden MÜSSEN. Ein Rechenzentrum MUSS als geschlossener Sicherheitsbereich konzipiert werden, mit klaren Trennungen zwischen Verwaltungs-, Logistik-, IT-Betriebs- und Support-Bereichen. Bei Serverräumen SOLLTE geprüft werden, ob unterschiedliche Sicherheitszonen eingerichtet werden können. Die sichere Installation und Grundkonfiguration von Servern SOLLTE in einer gesonderten und von Produktivsystemen abgetrennten Installationsumgebung vorgenommen werden. Mehrere wesentliche Funktionen und Rollen SOLLTEN NICHT durch einen einzigen Server erfüllt werden, sondern geeignet aufgeteilt werden. Alle sicherheitsrelevanten Einstellungen SOLLTEN entsprechend den Vorgaben der Sicherheitsrichtlinie für Server konfiguriert, getestet und regelmäßig überprüft werden. Sofern der Server eine Verbindung in das Internet benötigt oder aus dem Internet erreichbar sein muss, SOLLTE er erst mit dem Internet verbunden werden, nachdem die Installation und die Konfiguration abgeschlossen sind. Quelle: Zugriffsschutz und Nutzung (S.1-2), Geeignete Aufstellung von Speichersystemen (S.2-3), Planung des Server-Einsatzes (S.3-4), Festlegung von Anforderungen (S.4-5), Sichere Installation und Grundkonfiguration von Servern (S.5-6), Planung des Einsatzes virtueller Clients (S.6-7), Räumliche Sicherheitszonen (S.7-9).;"1. Welche spezifischen Sicherheitsmaßnahmen sind für die Aufstellung von Servern in Rechenzentren erforderlich?
2. Wie können unterschiedliche Sicherheitszonen in einem Serverraum eingerichtet werden?
3. Welche Rolle spielt die Dokumentation bei der Planung und Installation von Servern?";3;3;0.0;0.0;0.95;0.23183614419445786;Welche spezifischen Sicherheitsmaßnahmen sind für die Aufstellung von Servern in Rechenzentren erforderlich?;2;2;Direkt relevante Sicherheitsmaßnahmen;Wie können unterschiedliche Sicherheitszonen in einem Serverraum eingerichtet werden?;2;2;Direkte Relevanz zu Sicherheitszonen;Welche Rolle spielt die Dokumentation bei der Planung und Installation von Servern?;2;1;Dokumentation bei Serverplanung;2.0;1.667
Welche Ereignisse muss ich bei einem Serversystem mindestens protokollieren?;"Bei einem Serversystem müssen mindestens die folgenden Ereignisse protokolliert werden: Systemstarts und Reboots, erfolgreiche und erfolglose Anmeldungen, fehlgeschlagene Berechtigungsprüfungen, blockierte Datenströme, Einrichtung oder Änderungen von Benutzenden, Gruppen und Berechtigungen, sicherheitsrelevante Fehlermeldungen sowie Warnmeldungen von Sicherheitssystemen Quelle: SYS.1.1.A10 Protokollierung (B) (S. unbekannt, da keine Seitenzahl angegeben).

Anschlussfragen:
1. Welche Rolle spielt die Protokollierung bei der Einhaltung der IT-Sicherheit in einem Serversystem?
2. Wie können die Anforderungen an die Protokollierung bei verschiedenen Server-Betriebssystemen berücksichtigt werden?
3. Welche zusätzlichen Bausteine müssen bei der Modellierung von Serverdiensten und Terminalservern berücksichtigt werden?";Bei einem Serversystem müssen mindestens die folgenden Ereignisse protokolliert werden: Systemstarts und Reboots, erfolgreiche und erfolglose Anmeldungen, fehlgeschlagene Berechtigungsprüfungen, blockierte Datenströme, Einrichtung oder Änderungen von Benutzenden, Gruppen und Berechtigungen, sicherheitsrelevante Fehlermeldungen sowie Warnmeldungen von Sicherheitssystemen Quelle: SYS.1.1.A10 Protokollierung (B) (S. unbekannt, da keine Seitenzahl angegeben).;"SYS.1.1.A10 Protokollierung (B) Generell MÜSSEN alle sicherheitsrelevanten Systemereignisse protokolliert werden, dazu gehören mindestens:

• Systemstarts und Reboots,

• erfolgreiche und erfolglose Anmeldungen am IT-System (Betriebssystem und Anwendungssoftware),

• fehlgeschlagene Berechtigungsprüfungen,

• blockierte Datenströme (Verstöße gegen ACLs oder Firewallregeln),

• Einrichtung oder Änderungen von Benutzenden, Gruppen und Berechtigungen,

• sicherheitsrelevante Fehlermeldungen (z. B. Hardwaredefekte, Überschreitung von Kapazitätsgrenzen) sowie

• Warnmeldungen von Sicherheitssystemen (z. B. Virenschutz).";"Bei einem Serversystem müssen mindestens folgende Ereignisse protokolliert werden:

- **Systemstarts und Reboots** (Quelle: Protokollierung (S.1))
- **Erfolgreiche und erfolglose Anmeldungen am IT-System** (Betriebssystem und Anwendungssoftware) (Quelle: Protokollierung (S.1))
- **Fehlgeschlagene Berechtigungsprüfungen** (Quelle: Protokollierung (S.1))
- **Blockierte Datenströme** (Verstöße gegen ACLs oder Firewallregeln) (Quelle: Protokollierung (S.1))
- **Einrichtung oder Änderungen von Benutzenden, Gruppen und Berechtigungen** (Quelle: Protokollierung (S.1))
- **Sicherheitsrelevante Fehlermeldungen** (z. B. Hardwaredefekte, Überschreitung von Kapazitätsgrenzen) (Quelle: Protokollierung (S.1))
- **Warnmeldungen von Sicherheitssystemen** (z. B. Virenschutz) (Quelle: Protokollierung (S.1))
- **Unerlaubte Zugriffe bzw. Zugriffsversuche** (Quelle: Grundlegende Protokollierung von Ereignissen (S.1))
- **Leistungs- oder Verfügbarkeitsschwankungen des Netzes** (Quelle: Grundlegende Protokollierung von Ereignissen (S.1))
- **Fehler in automatischen Prozessen** (z. B. bei der Konfigurationsverteilung) (Quelle: Grundlegende Protokollierung von Ereignissen (S.1))
- **Eingeschränkte Erreichbarkeit von Netzkomponenten** (Quelle: Grundlegende Protokollierung von Ereignissen (S.1))

Anschlussfragen:
1. Wie kann die Protokollierung der Ereignisse technisch umgesetzt werden?
2. Welche zusätzlichen Ereignisse sollten bei virtuellen Clients protokolliert werden?
3. Wie können die Protokollierungsdaten regelmäßig ausgewertet werden?";"Bei einem Serversystem müssen mindestens folgende Ereignisse protokolliert werden:

- **Systemstarts und Reboots** (Quelle: Protokollierung (S.1))
- **Erfolgreiche und erfolglose Anmeldungen am IT-System** (Betriebssystem und Anwendungssoftware) (Quelle: Protokollierung (S.1))
- **Fehlgeschlagene Berechtigungsprüfungen** (Quelle: Protokollierung (S.1))
- **Blockierte Datenströme** (Verstöße gegen ACLs oder Firewallregeln) (Quelle: Protokollierung (S.1))
- **Einrichtung oder Änderungen von Benutzenden, Gruppen und Berechtigungen** (Quelle: Protokollierung (S.1))
- **Sicherheitsrelevante Fehlermeldungen** (z. B. Hardwaredefekte, Überschreitung von Kapazitätsgrenzen) (Quelle: Protokollierung (S.1))
- **Warnmeldungen von Sicherheitssystemen** (z. B. Virenschutz) (Quelle: Protokollierung (S.1))
- **Unerlaubte Zugriffe bzw. Zugriffsversuche** (Quelle: Grundlegende Protokollierung von Ereignissen (S.1))
- **Leistungs- oder Verfügbarkeitsschwankungen des Netzes** (Quelle: Grundlegende Protokollierung von Ereignissen (S.1))
- **Fehler in automatischen Prozessen** (z. B. bei der Konfigurationsverteilung) (Quelle: Grundlegende Protokollierung von Ereignissen (S.1))
- **Eingeschränkte Erreichbarkeit von Netzkomponenten** (Quelle: Grundlegende Protokollierung von Ereignissen (S.1))";"1. Wie kann die Protokollierung der Ereignisse technisch umgesetzt werden?
2. Welche zusätzlichen Ereignisse sollten bei virtuellen Clients protokolliert werden?
3. Wie können die Protokollierungsdaten regelmäßig ausgewertet werden?";3;3;0.4027777777643518;1.0;1.0;0.8166317835202496;Wie kann die Protokollierung der Ereignisse technisch umgesetzt werden?;2;2;Technische Umsetzung;Welche zusätzlichen Ereignisse sollten bei virtuellen Clients protokolliert werden?;2;2;Direkt relevante Vertiefung;Wie können die Protokollierungsdaten regelmäßig ausgewertet werden?;2;2;Direkte Auswertung von Protokollierungsdaten;2.0;2.0
Was muss ich bei der Planung des Einsatzes eines neuen Servers in meiner Infrastruktur beachten?;"Bei der Planung des Einsatzes eines neuen Servers in Ihrer Infrastruktur sollten Sie gemäß SYS.1.1.A12 Planung des Server-Einsatzes (S) verschiedene Punkte berücksichtigen, wie die Auswahl der Plattform, Dimensionierung der Hardware, Art und Anzahl der Kommunikationsschnittstellen, administrative Zugänge, Zugriffe von Benutzenden, Protokollierung und Einbindung ins System- und Netzmanagement Quelle: SYS.1.1.A12 Planung des Server-Einsatzes (S). Alle Entscheidungen sollten so dokumentiert werden, dass sie zu einem späteren Zeitpunkt nachvollzogen werden können Quelle: SYS.1.1.A12 Planung des Server-Einsatzes (S).

Anschlussfragen:
1. Wie sollten Sie die Auswahl der Plattform und des Betriebssystems für den neuen Server vornehmen?
2. Welche Rolle spielt die Dimensionierung der Hardware bei der Planung des Server-Einsatzes?
3. Wie können Sie sicherstellen, dass der neue Server angemessen in das System- und Netzmanagement integriert wird?";Bei der Planung des Einsatzes eines neuen Servers in Ihrer Infrastruktur sollten Sie gemäß SYS.1.1.A12 Planung des Server-Einsatzes (S) verschiedene Punkte berücksichtigen, wie die Auswahl der Plattform, Dimensionierung der Hardware, Art und Anzahl der Kommunikationsschnittstellen, administrative Zugänge, Zugriffe von Benutzenden, Protokollierung und Einbindung ins System- und Netzmanagement Quelle: SYS.1.1.A12 Planung des Server-Einsatzes (S). Alle Entscheidungen sollten so dokumentiert werden, dass sie zu einem späteren Zeitpunkt nachvollzogen werden können Quelle: SYS.1.1.A12 Planung des Server-Einsatzes (S).;"SYS.1.1.A12 Planung des Server-Einsatzes (S) Jedes Server-System SOLLTE geeignet geplant werden. Dabei SOLLTEN mindestens folgende Punkte berücksichtigt werden:

• Auswahl der Plattform (Hardware oder virtualisierte Ressourcen), des Betriebssystems und der Anwendungssoftware,

• Dimensionierung der Hardware (Leistung, Speicher, Bandbreite etc.),

• Art und Anzahl der Kommunikationsschnittstellen,

• Leistungsaufnahme, Wärmelast, Platzbedarf und Bauform,

• administrative Zugänge (siehe SYS.1.1.A5 Schutz von Schnittstellen),

• Zugriffe von Benutzenden,

• Protokollierung (siehe SYS.1.1.A10 Protokollierung),

• Aktualisierung von Betriebssystem und Anwendungen sowie

• Einbindung ins System- und Netzmanagement, in die Datensicherung und die Schutzsysteme (Virenschutz, IDS etc.).

Alle Entscheidungen, die in der Planungsphase getroffen wurden, SOLLTEN so dokumentiert werden, dass sie zu einem späteren Zeitpunkt nachvollzogen werden können.";"Bei der Planung des Einsatzes eines neuen Servers in Ihrer Infrastruktur sollten Sie folgende Punkte beachten:

1. **Plattform, Betriebssystem und Software**: Wählen Sie die Hardware (physisch oder virtualisiert), das Betriebssystem und die Anwendungssoftware sorgfältig aus. Quelle: Planung des Server-Einsatzes (S.1-2)
2. **Hardware-Dimensionierung**: Berücksichtigen Sie Leistung, Speicher, Bandbreite, Leistungsaufnahme, Wärmelast, Platzbedarf und Bauform. Quelle: Planung des Server-Einsatzes (S.1-2)
3. **Kommunikationsschnittstellen**: Legen Sie Art und Anzahl der Schnittstellen fest. Quelle: Planung des Server-Einsatzes (S.1-2)
4. **Administrative Zugänge**: Schützen Sie administrative Zugänge gemäß SYS.1.1.A5. Quelle: Planung des Server-Einsatzes (S.1-2)
5. **Benutzerzugriffe**: Planen Sie die Zugriffe von Benutzenden. Quelle: Planung des Server-Einsatzes (S.1-2)
6. **Protokollierung**: Implementieren Sie Protokollierung gemäß SYS.1.1.A10. Quelle: Planung des Server-Einsatzes (S.1-2)
7. **Aktualisierungen**: Planen Sie regelmäßige Updates für Betriebssystem und Anwendungen. Quelle: Planung des Server-Einsatzes (S.1-2)
8. **Einbindung in Management-Systeme**: Integrieren Sie den Server in System- und Netzmanagement, Datensicherung und Schutzsysteme (z. B. Virenschutz, IDS). Quelle: Planung des Server-Einsatzes (S.1-2)
9. **Dokumentation**: Dokumentieren Sie alle Planungsentscheidungen für spätere Nachvollziehbarkeit. Quelle: Planung des Server-Einsatzes (S.1-2)

Für Windows Server 2012 gelten zusätzliche Anforderungen:
- **Hardware-Anforderungen**: Prüfen Sie die Hardware-Anforderungen vor der Beschaffung. Quelle: Planung von Windows Server 2012 (S.3)
- **Edition**: Treffen Sie eine begründete und dokumentierte Entscheidung für eine geeignete Edition. Quelle: Planung von Windows Server 2012 (S.3)
- **Einsatzzweck**: Spezifizieren Sie den Einsatzzweck und die Einbindung ins Active Directory. Quelle: Planung von Windows Server 2012 (S.3)
- **Cloud-Dienste**: Abwägen und Planen Sie die Nutzung integrierter Cloud-Dienste. Quelle: Planung von Windows Server 2012 (S.3)
- **Microsoft-Konten**: Blockieren Sie die Einrichtung von Microsoft-Konten, wenn nicht benötigt. Quelle: Planung von Windows Server 2012 (S.3)

Anschlussfragen:
1. Wie kann ich sicherstellen, dass die administrativen Zugänge gemäß SYS.1.1.A5 geschützt werden?
2. Welche spezifischen Anforderungen gelten für die Protokollierung gemäß SYS.1.1.A10?
3. Welche Maßnahmen sind erforderlich, um die Sicherheit von Windows Server 2012 nach der Installation zu gewährleisten?";"Bei der Planung des Einsatzes eines neuen Servers in Ihrer Infrastruktur sollten Sie folgende Punkte beachten:

1. **Plattform, Betriebssystem und Software**: Wählen Sie die Hardware (physisch oder virtualisiert), das Betriebssystem und die Anwendungssoftware sorgfältig aus. Quelle: Planung des Server-Einsatzes (S.1-2)
2. **Hardware-Dimensionierung**: Berücksichtigen Sie Leistung, Speicher, Bandbreite, Leistungsaufnahme, Wärmelast, Platzbedarf und Bauform. Quelle: Planung des Server-Einsatzes (S.1-2)
3. **Kommunikationsschnittstellen**: Legen Sie Art und Anzahl der Schnittstellen fest. Quelle: Planung des Server-Einsatzes (S.1-2)
4. **Administrative Zugänge**: Schützen Sie administrative Zugänge gemäß SYS.1.1.A5. Quelle: Planung des Server-Einsatzes (S.1-2)
5. **Benutzerzugriffe**: Planen Sie die Zugriffe von Benutzenden. Quelle: Planung des Server-Einsatzes (S.1-2)
6. **Protokollierung**: Implementieren Sie Protokollierung gemäß SYS.1.1.A10. Quelle: Planung des Server-Einsatzes (S.1-2)
7. **Aktualisierungen**: Planen Sie regelmäßige Updates für Betriebssystem und Anwendungen. Quelle: Planung des Server-Einsatzes (S.1-2)
8. **Einbindung in Management-Systeme**: Integrieren Sie den Server in System- und Netzmanagement, Datensicherung und Schutzsysteme (z. B. Virenschutz, IDS). Quelle: Planung des Server-Einsatzes (S.1-2)
9. **Dokumentation**: Dokumentieren Sie alle Planungsentscheidungen für spätere Nachvollziehbarkeit. Quelle: Planung des Server-Einsatzes (S.1-2)

Für Windows Server 2012 gelten zusätzliche Anforderungen:
- **Hardware-Anforderungen**: Prüfen Sie die Hardware-Anforderungen vor der Beschaffung. Quelle: Planung von Windows Server 2012 (S.3)
- **Edition**: Treffen Sie eine begründete und dokumentierte Entscheidung für eine geeignete Edition. Quelle: Planung von Windows Server 2012 (S.3)
- **Einsatzzweck**: Spezifizieren Sie den Einsatzzweck und die Einbindung ins Active Directory. Quelle: Planung von Windows Server 2012 (S.3)
- **Cloud-Dienste**: Abwägen und Planen Sie die Nutzung integrierter Cloud-Dienste. Quelle: Planung von Windows Server 2012 (S.3)
- **Microsoft-Konten**: Blockieren Sie die Einrichtung von Microsoft-Konten, wenn nicht benötigt. Quelle: Planung von Windows Server 2012 (S.3)";"1. Wie kann ich sicherstellen, dass die administrativen Zugänge gemäß SYS.1.1.A5 geschützt werden?
2. Welche spezifischen Anforderungen gelten für die Protokollierung gemäß SYS.1.1.A10?
3. Welche Maßnahmen sind erforderlich, um die Sicherheit von Windows Server 2012 nach der Installation zu gewährleisten?";3;3;0.9999999999666667;1.0;1.0;0.6997335706482658;Wie kann ich sicherstellen, dass die administrativen Zugänge gemäß SYS.1.1.A5 geschützt werden?;2;2;Direkte Relevanz zu SYS.1.1.A5;Welche spezifischen Anforderungen gelten für die Protokollierung gemäß SYS.1.1.A10?;2;2;Direkte Relevanz zu Protokollierung;Welche Maßnahmen sind erforderlich, um die Sicherheit von Windows Server 2012 nach der Installation zu gewährleisten?;2;2;Direkt relevante Sicherheitsmaßnahmen;2.0;2.0
Wie sollte die Installation und Grundkonfiguration ablaufen?;"Die Installation und Grundkonfiguration von Servern SOLLTE soweit wie möglich innerhalb einer gesonderten und von Produktivsystemen abgetrennten Installationsumgebung vorgenommen werden Quelle: SYS.1.1.A16 (S.?). Die Konfiguration des Betriebssystems SOLLTE vor produktiver Inbetriebnahme des Servers bereits vorgenommen sein Quelle: SYS.1.1.A16 (S.?). Mehrere wesentliche Funktionen und Rollen SOLLTEN NICHT durch einen einzigen Server erfüllt, sondern geeignet aufgeteilt werden Quelle: SYS.1.1.A16 (S.?).

Anschlussfragen:
1. Wie sollten die sicherheitsrelevanten Einstellungen der aktivierten Dienste und Funktionen konfiguriert werden?
2. Welche Rolle spielt die Dokumentation und Begründung von Konfigurationsentscheidungen?
3. Wie sollten Server mit Internetzugang konfiguriert und geschützt werden?";Die Installation und Grundkonfiguration von Servern SOLLTE soweit wie möglich innerhalb einer gesonderten und von Produktivsystemen abgetrennten Installationsumgebung vorgenommen werden Quelle: SYS.1.1.A16 (S.?). Die Konfiguration des Betriebssystems SOLLTE vor produktiver Inbetriebnahme des Servers bereits vorgenommen sein Quelle: SYS.1.1.A16 (S.?). Mehrere wesentliche Funktionen und Rollen SOLLTEN NICHT durch einen einzigen Server erfüllt, sondern geeignet aufgeteilt werden Quelle: SYS.1.1.A16 (S.?).;SYS.1.1.A16 Sichere Installation und Grundkonfiguration von Servern (S) Der vollständige Installations- und Konfigurationsvorgang SOLLTE soweit wie möglich innerhalb einer gesonderten und von Produktivsystemen abgetrennten Installationsumgebung vorgenommen werden. Die Konfiguration des Betriebssystems SOLLTE vor produktiver Inbetriebnahme des Servers bereits vorgenommen sein. Mehrere wesentliche Funktionen und Rollen SOLLTEN NICHT durch einen einzigen Server erfüllt, sondern geeignet aufgeteilt werden. Alle sicherheitsrelevanten Einstellungen der aktivierten Dienste und Funktionen (vgl. SYS.1.1.A6 Deaktivierung nicht benötigter Dienste) SOLLTEN entsprechend den Vorgaben der Sicherheitsrichtlinie für Server (siehe SYS.1.1.A11 Festlegung einer Sicherheitsrichtlinie für Server) konfiguriert, getestet und regelmäßig inhaltlich überprüft werden. Dabei SOLLTE der Server unter Berücksichtigung der Empfehlungen des Betriebssystemherstellers und des voreingestellten Standardverhaltens konfiguriert werden, sofern dies nicht anderen Anforderungen aus dem IT-Grundschutz oder der Organisation widerspricht. Die Entscheidungen SOLLTEN dokumentiert und begründet werden. Konfigurationsoptionen SOLLTEN in jedem Fall gesetzt werden, auch dann, wenn das voreingestellte Standardverhalten dadurch nicht verändert wird. Sofern der Server eine Verbindung in das Internet benötigt oder aus dem Internet erreichbar sein muss, SOLLTE er erst mit dem Internet verbunden werden, nachdem die Installation und die Konfiguration abgeschlossen sind.;"Die Installation und Grundkonfiguration von IT-Systemen sollte nach festgelegten Prozessen und Richtlinien erfolgen, um die Sicherheit zu gewährleisten. Hier sind die wichtigsten Schritte und Anforderungen:

### Clients
- **Festlegung der Komponenten**: Es SOLLTE festgelegt werden, welche Komponenten des Betriebssystems, Fachanwendungen und Tools installiert werden sollen. Quelle: Sichere Installation und Konfiguration von Clients (S.1)
- **Autorisierte Personen**: Die Installation und Konfiguration SOLLTE nur von autorisierten Personen (Administrierende oder vertraglich gebundene Dienstleistende) durchgeführt werden. Quelle: Sichere Installation und Konfiguration von Clients (S.1)
- **Installationsumgebung**: Die Installation SOLLTE in einer definierten Installationsumgebung erfolgen. Quelle: Sichere Installation und Konfiguration von Clients (S.1)
- **Überprüfung der Grundeinstellungen**: Nach Abschluss der Installation SOLLTEN die Grundeinstellungen überprüft werden. Quelle: Sichere Installation und Konfiguration von Clients (S.1)
- **Dokumentation**: Alle Installations- und Konfigurationsschritte SOLLTEN dokumentiert werden, damit sie nachvollzogen und wiederholt werden können. Quelle: Sichere Installation und Konfiguration von Clients (S.1)

### Server
- **Installationsumgebung**: Der Installations- und Konfigurationsvorgang SOLLTE soweit wie möglich in einer gesonderten, von Produktivsystemen abgetrennten Installationsumgebung vorgenommen werden. Quelle: Sichere Installation und Grundkonfiguration von Servern (S.2)
- **Aufteilung von Funktionen**: Mehrere wesentliche Funktionen und Rollen SOLLTEN NICHT durch einen einzigen Server erfüllt, sondern geeignet aufgeteilt werden. Quelle: Sichere Installation und Grundkonfiguration von Servern (S.2)
- **Sicherheitsrelevante Einstellungen**: Alle sicherheitsrelevanten Einstellungen SOLLTEN entsprechend den Vorgaben der Sicherheitsrichtlinie für Server konfiguriert, getestet und regelmäßig überprüft werden. Quelle: Sichere Installation und Grundkonfiguration von Servern (S.2)
- **Internetverbindung**: Sofern der Server eine Verbindung in das Internet benötigt, SOLLTE er erst mit dem Internet verbunden werden, nachdem die Installation und die Konfiguration abgeschlossen sind. Quelle: Sichere Installation und Grundkonfiguration von Servern (S.2)

### IoT-Geräte
- **Rahmenbedingungen**: Es SOLLTE festgelegt werden, unter welchen Rahmenbedingungen IoT-Geräte installiert und konfiguriert werden. Quelle: Sichere Installation und Konfiguration von IoT-Geräten (S.3)
- **Autorisierte Personen**: Die IoT-Geräte SOLLTEN nur von autorisierten Personen installiert und konfiguriert werden. Quelle: Sichere Installation und Konfiguration von IoT-Geräten (S.3)
- **Dokumentation**: Alle Installations- und Konfigurationsschritte SOLLTEN dokumentiert werden, damit sie nachvollzogen und wiederholt werden können. Quelle: Sichere Installation und Konfiguration von IoT-Geräten (S.3)
- **Grundeinstellungen**: Die Grundeinstellungen SOLLTEN überprüft und nötigenfalls angepasst werden. Quelle: Sichere Installation und Konfiguration von IoT-Geräten (S.3)
- **Netzverbindung**: Falls möglich, SOLLTEN IoT-Geräte erst mit Datennetzen verbunden werden, nachdem die Installation und die Konfiguration abgeschlossen sind. Quelle: Sichere Installation und Konfiguration von IoT-Geräten (S.3)

### Software
- **Regelung der Installation**: Die Installation und Konfiguration der Software MUSS durch den IT-Betrieb so geregelt werden, dass die Software nur mit dem geringsten notwendigen Funktionsumfang installiert und ausgeführt wird, mit den geringsten möglichen Berechtigungen ausgeführt wird, die datensparsamsten Einstellungen konfiguriert werden sowie alle relevanten Sicherheitsupdates und -patches installiert sind, bevor die Software produktiv eingesetzt wird. Quelle: Regelung für die Installation und Konfiguration von Software (S.4)
- **Abhängige Komponenten**: Auch abhängige Komponenten (unter anderem Laufzeitumgebungen, Bibliotheken, Schnittstellen sowie weitere Programme) MÜSSEN mitbetrachtet werden. Quelle: Regelung für die Installation und Konfiguration von Software (S.4)
- **Installationsanweisung**: Falls die Software (teilweise) manuell installiert wird, MUSS der IT-Betrieb eine Installationsanweisung erstellen. Quelle: Regelung für die Installation und Konfiguration von Software (S.4)
- **Integrität der Installationsdateien**: Der IT-Betrieb MUSS regeln, wie die Integrität der Installationsdateien überprüft wird. Falls zu einem Installationspaket digitale Signaturen oder Prüfsummen verfügbar sind, MÜSSEN mit diesen die Integrität überprüft werden. Quelle: Regelung für die Installation und Konfiguration von Software (S.4)
- **Standardkonfiguration**: Sofern erforderlich, SOLLTE der IT-Betrieb eine sichere Standardkonfiguration der Software festlegen, mit der die Software konfiguriert wird. Die Standardkonfiguration SOLLTE dokumentiert werden. Quelle: Regelung für die Installation und Konfiguration von Software (S.4)

### Speicherlösungen
- **Aktualität der Softwarekomponenten**: Bevor eine Speicherlösung produktiv eingesetzt wird, MUSS sichergestellt sein, dass alle eingesetzten Softwarekomponenten und die Firmware aktuell sind. Quelle: Sichere Grundkonfiguration von Speicherlösungen (S.5)
- **Sichere Grundkonfiguration**: Danach MUSS eine sichere Grundkonfiguration hergestellt werden. Quelle: Sichere Grundkonfiguration von Speicherlösungen (S.5)
- **Deaktivierung nicht genutzter Schnittstellen**: Nicht genutzte Schnittstellen des Speichersystems MÜSSEN deaktiviert werden. Quelle: Sichere Grundkonfiguration von Speicherlösungen (S.5)
- **Dokumentation der Konfigurationen**: Die Dateien zur Default-Konfiguration, zur vorgenommenen Grundkonfiguration und zur aktuellen Konfiguration SOLLTEN redundant und geschützt aufbewahrt werden. Quelle: Sichere Grundkonfiguration von Speicherlösungen (S.5)

### Netzkomponenten
- **Zentrale Konfigurationsverwaltung**: Software bzw. Firmware und Konfigurationsdaten für Netzkomponenten SOLLTEN automatisch über das Netz verteilt und ohne Betriebsunterbrechung installiert und aktiviert werden können. Die dafür benötigten Informationen SOLLTEN an zentraler Stelle sicher verfügbar sein sowie in die Versionsverwaltung und die Datensicherung eingebunden werden. Die zentrale Konfigurationsverwaltung SOLLTE nachhaltig gepflegt und regelmäßig auditiert werden. Quelle: Zentrale Konfigurationsverwaltung für Netzkomponenten (S.6)

### VoIP-Middleware
- **Konfiguration der VoIP-Komponenten**: Die VoIP-Komponenten MÜSSEN so konfiguriert sein, dass sie den Schutzbedarf angemessen erfüllen. Quelle: Sichere Konfiguration der VoIP-Middleware (S.7)
- **Anpassung der Default-Konfigurationen**: Die Default-Konfigurationen der VoIP-Middleware MÜSSEN vor der produktiven Inbetriebnahme angepasst werden. Quelle: Sichere Konfiguration der VoIP-Middleware (S.7)
- **Dokumentation der Installations- und Konfigurationsschritte**: Alle Installations- und Konfigurationsschritte SOLLTEN so dokumentiert werden, dass die Installation und Konfiguration durch sachkundige Dritte anhand der Dokumentation nachvollzogen und wiederholt werden können. Quelle: Sichere Konfiguration der VoIP-Middleware (S.7)
- **Deaktivierung nicht benötigter Dienste**: Alle nicht benötigten Dienste der VoIP-Middleware MÜSSEN deaktiviert werden. Quelle: Sichere Konfiguration der VoIP-Middleware (S.7)

### VDI-Komponenten
- **Berücksichtigung betrieblich und technisch notwendiger Funktionen**: Wenn die VDI-Komponenten installiert und konfiguriert werden, MUSS mindestens berücksichtigt werden, wie auf betrieblich und technisch notwendige Funktionen beschränkt wird, die Kommunikation zwischen VDI-Komponenten abgesichert wird sowie virtuelle Clients sicher den Benutzenden oder Gruppen hiervon zugewiesen werden. Quelle: Sichere Installation und Konfiguration der VDI-Komponenten (S.8)
- **Empfehlungen des Herstellers**: Empfehlungen von dem herstellenden Unternehmen der VDI-Lösung für die sichere Konfiguration MÜSSEN berücksichtigt werden. Quelle: Sichere Installation und Konfiguration der VDI-Komponenten (S.8)
- **Dokumentation der Konfigurationen**: Die Konfigurationen der VDI-Komponenten MÜSSEN geeignet dokumentiert werden. Quelle: Sichere Installation und Konfiguration der VDI-Komponenten (S.8)

Anschlussfragen:
1. Welche spezifischen Sicherheitsrichtlinien gelten für die Installation und Konfiguration von Clients?
2. Wie können die sicherheitsrelevanten Einstellungen von Servern regelmäßig überprüft und aktualisiert werden?
3. Welche Maßnahmen sind erforderlich, um die Integrität der Installationsdateien von Software zu gewährleisten?";"Die Installation und Grundkonfiguration von IT-Systemen sollte nach festgelegten Prozessen und Richtlinien erfolgen, um die Sicherheit zu gewährleisten. Hier sind die wichtigsten Schritte und Anforderungen:

### Clients
- **Festlegung der Komponenten**: Es SOLLTE festgelegt werden, welche Komponenten des Betriebssystems, Fachanwendungen und Tools installiert werden sollen. Quelle: Sichere Installation und Konfiguration von Clients (S.1)
- **Autorisierte Personen**: Die Installation und Konfiguration SOLLTE nur von autorisierten Personen (Administrierende oder vertraglich gebundene Dienstleistende) durchgeführt werden. Quelle: Sichere Installation und Konfiguration von Clients (S.1)
- **Installationsumgebung**: Die Installation SOLLTE in einer definierten Installationsumgebung erfolgen. Quelle: Sichere Installation und Konfiguration von Clients (S.1)
- **Überprüfung der Grundeinstellungen**: Nach Abschluss der Installation SOLLTEN die Grundeinstellungen überprüft werden. Quelle: Sichere Installation und Konfiguration von Clients (S.1)
- **Dokumentation**: Alle Installations- und Konfigurationsschritte SOLLTEN dokumentiert werden, damit sie nachvollzogen und wiederholt werden können. Quelle: Sichere Installation und Konfiguration von Clients (S.1)

### Server
- **Installationsumgebung**: Der Installations- und Konfigurationsvorgang SOLLTE soweit wie möglich in einer gesonderten, von Produktivsystemen abgetrennten Installationsumgebung vorgenommen werden. Quelle: Sichere Installation und Grundkonfiguration von Servern (S.2)
- **Aufteilung von Funktionen**: Mehrere wesentliche Funktionen und Rollen SOLLTEN NICHT durch einen einzigen Server erfüllt, sondern geeignet aufgeteilt werden. Quelle: Sichere Installation und Grundkonfiguration von Servern (S.2)
- **Sicherheitsrelevante Einstellungen**: Alle sicherheitsrelevanten Einstellungen SOLLTEN entsprechend den Vorgaben der Sicherheitsrichtlinie für Server konfiguriert, getestet und regelmäßig überprüft werden. Quelle: Sichere Installation und Grundkonfiguration von Servern (S.2)
- **Internetverbindung**: Sofern der Server eine Verbindung in das Internet benötigt, SOLLTE er erst mit dem Internet verbunden werden, nachdem die Installation und die Konfiguration abgeschlossen sind. Quelle: Sichere Installation und Grundkonfiguration von Servern (S.2)

### IoT-Geräte
- **Rahmenbedingungen**: Es SOLLTE festgelegt werden, unter welchen Rahmenbedingungen IoT-Geräte installiert und konfiguriert werden. Quelle: Sichere Installation und Konfiguration von IoT-Geräten (S.3)
- **Autorisierte Personen**: Die IoT-Geräte SOLLTEN nur von autorisierten Personen installiert und konfiguriert werden. Quelle: Sichere Installation und Konfiguration von IoT-Geräten (S.3)
- **Dokumentation**: Alle Installations- und Konfigurationsschritte SOLLTEN dokumentiert werden, damit sie nachvollzogen und wiederholt werden können. Quelle: Sichere Installation und Konfiguration von IoT-Geräten (S.3)
- **Grundeinstellungen**: Die Grundeinstellungen SOLLTEN überprüft und nötigenfalls angepasst werden. Quelle: Sichere Installation und Konfiguration von IoT-Geräten (S.3)
- **Netzverbindung**: Falls möglich, SOLLTEN IoT-Geräte erst mit Datennetzen verbunden werden, nachdem die Installation und die Konfiguration abgeschlossen sind. Quelle: Sichere Installation und Konfiguration von IoT-Geräten (S.3)

### Software
- **Regelung der Installation**: Die Installation und Konfiguration der Software MUSS durch den IT-Betrieb so geregelt werden, dass die Software nur mit dem geringsten notwendigen Funktionsumfang installiert und ausgeführt wird, mit den geringsten möglichen Berechtigungen ausgeführt wird, die datensparsamsten Einstellungen konfiguriert werden sowie alle relevanten Sicherheitsupdates und -patches installiert sind, bevor die Software produktiv eingesetzt wird. Quelle: Regelung für die Installation und Konfiguration von Software (S.4)
- **Abhängige Komponenten**: Auch abhängige Komponenten (unter anderem Laufzeitumgebungen, Bibliotheken, Schnittstellen sowie weitere Programme) MÜSSEN mitbetrachtet werden. Quelle: Regelung für die Installation und Konfiguration von Software (S.4)
- **Installationsanweisung**: Falls die Software (teilweise) manuell installiert wird, MUSS der IT-Betrieb eine Installationsanweisung erstellen. Quelle: Regelung für die Installation und Konfiguration von Software (S.4)
- **Integrität der Installationsdateien**: Der IT-Betrieb MUSS regeln, wie die Integrität der Installationsdateien überprüft wird. Falls zu einem Installationspaket digitale Signaturen oder Prüfsummen verfügbar sind, MÜSSEN mit diesen die Integrität überprüft werden. Quelle: Regelung für die Installation und Konfiguration von Software (S.4)
- **Standardkonfiguration**: Sofern erforderlich, SOLLTE der IT-Betrieb eine sichere Standardkonfiguration der Software festlegen, mit der die Software konfiguriert wird. Die Standardkonfiguration SOLLTE dokumentiert werden. Quelle: Regelung für die Installation und Konfiguration von Software (S.4)

### Speicherlösungen
- **Aktualität der Softwarekomponenten**: Bevor eine Speicherlösung produktiv eingesetzt wird, MUSS sichergestellt sein, dass alle eingesetzten Softwarekomponenten und die Firmware aktuell sind. Quelle: Sichere Grundkonfiguration von Speicherlösungen (S.5)
- **Sichere Grundkonfiguration**: Danach MUSS eine sichere Grundkonfiguration hergestellt werden. Quelle: Sichere Grundkonfiguration von Speicherlösungen (S.5)
- **Deaktivierung nicht genutzter Schnittstellen**: Nicht genutzte Schnittstellen des Speichersystems MÜSSEN deaktiviert werden. Quelle: Sichere Grundkonfiguration von Speicherlösungen (S.5)
- **Dokumentation der Konfigurationen**: Die Dateien zur Default-Konfiguration, zur vorgenommenen Grundkonfiguration und zur aktuellen Konfiguration SOLLTEN redundant und geschützt aufbewahrt werden. Quelle: Sichere Grundkonfiguration von Speicherlösungen (S.5)

### Netzkomponenten
- **Zentrale Konfigurationsverwaltung**: Software bzw. Firmware und Konfigurationsdaten für Netzkomponenten SOLLTEN automatisch über das Netz verteilt und ohne Betriebsunterbrechung installiert und aktiviert werden können. Die dafür benötigten Informationen SOLLTEN an zentraler Stelle sicher verfügbar sein sowie in die Versionsverwaltung und die Datensicherung eingebunden werden. Die zentrale Konfigurationsverwaltung SOLLTE nachhaltig gepflegt und regelmäßig auditiert werden. Quelle: Zentrale Konfigurationsverwaltung für Netzkomponenten (S.6)

### VoIP-Middleware
- **Konfiguration der VoIP-Komponenten**: Die VoIP-Komponenten MÜSSEN so konfiguriert sein, dass sie den Schutzbedarf angemessen erfüllen. Quelle: Sichere Konfiguration der VoIP-Middleware (S.7)
- **Anpassung der Default-Konfigurationen**: Die Default-Konfigurationen der VoIP-Middleware MÜSSEN vor der produktiven Inbetriebnahme angepasst werden. Quelle: Sichere Konfiguration der VoIP-Middleware (S.7)
- **Dokumentation der Installations- und Konfigurationsschritte**: Alle Installations- und Konfigurationsschritte SOLLTEN so dokumentiert werden, dass die Installation und Konfiguration durch sachkundige Dritte anhand der Dokumentation nachvollzogen und wiederholt werden können. Quelle: Sichere Konfiguration der VoIP-Middleware (S.7)
- **Deaktivierung nicht benötigter Dienste**: Alle nicht benötigten Dienste der VoIP-Middleware MÜSSEN deaktiviert werden. Quelle: Sichere Konfiguration der VoIP-Middleware (S.7)

### VDI-Komponenten
- **Berücksichtigung betrieblich und technisch notwendiger Funktionen**: Wenn die VDI-Komponenten installiert und konfiguriert werden, MUSS mindestens berücksichtigt werden, wie auf betrieblich und technisch notwendige Funktionen beschränkt wird, die Kommunikation zwischen VDI-Komponenten abgesichert wird sowie virtuelle Clients sicher den Benutzenden oder Gruppen hiervon zugewiesen werden. Quelle: Sichere Installation und Konfiguration der VDI-Komponenten (S.8)
- **Empfehlungen des Herstellers**: Empfehlungen von dem herstellenden Unternehmen der VDI-Lösung für die sichere Konfiguration MÜSSEN berücksichtigt werden. Quelle: Sichere Installation und Konfiguration der VDI-Komponenten (S.8)
- **Dokumentation der Konfigurationen**: Die Konfigurationen der VDI-Komponenten MÜSSEN geeignet dokumentiert werden. Quelle: Sichere Installation und Konfiguration der VDI-Komponenten (S.8)";"1. Welche spezifischen Sicherheitsrichtlinien gelten für die Installation und Konfiguration von Clients?
2. Wie können die sicherheitsrelevanten Einstellungen von Servern regelmäßig überprüft und aktualisiert werden?
3. Welche Maßnahmen sind erforderlich, um die Integrität der Installationsdateien von Software zu gewährleisten?";3;3;0.3928571428375;1.0;1.0;0.3965274975608017;Welche spezifischen Sicherheitsrichtlinien gelten für die Installation und Konfiguration von Clients?;2;2;Direkte Sicherheitsrichtlinien;Wie können die sicherheitsrelevanten Einstellungen von Servern regelmäßig überprüft und aktualisiert werden?;2;2;Direkte Überprüfung von Servereinstellungen;Welche Maßnahmen sind erforderlich, um die Integrität der Installationsdateien von Software zu gewährleisten?;2;2;Direkte Relevanz zu Integrität von Installationsdateien;2.0;2.0
Was muss in der Betriebsdokumentation enthalten sein?;"Die Betriebsdokumentation für Server sollte nachvollziehbar dokumentieren, welche betrieblichen Aufgaben an einem Server durchgeführt werden, einschließlich Informationen über Wer, Wann und Was. Insbesondere sollten Konfigurationsänderungen und sicherheitsrelevante Aufgaben, wie die Befugnis zum Einbau neuer Festplatten, dokumentiert werden. Alles, was automatisch dokumentiert werden kann, sollte auch automatisch dokumentiert werden. Die Dokumentation sollte gegen unbefugten Zugriff und Verlust geschützt werden Quelle: SYS.1.1.A21 Betriebsdokumentation für Server (S).

Anschlussfragen:
1. Wie sollten Konfigurationsänderungen an Servern dokumentiert werden?
2. Welche Rolle spielt die Automatisierung bei der Dokumentation von Server-Aktivitäten?
3. Wie sollte die Betriebsdokumentation vor unbefugtem Zugriff geschützt werden?";Die Betriebsdokumentation für Server sollte nachvollziehbar dokumentieren, welche betrieblichen Aufgaben an einem Server durchgeführt werden, einschließlich Informationen über Wer, Wann und Was. Insbesondere sollten Konfigurationsänderungen und sicherheitsrelevante Aufgaben, wie die Befugnis zum Einbau neuer Festplatten, dokumentiert werden. Alles, was automatisch dokumentiert werden kann, sollte auch automatisch dokumentiert werden. Die Dokumentation sollte gegen unbefugten Zugriff und Verlust geschützt werden Quelle: SYS.1.1.A21 Betriebsdokumentation für Server (S).;SYS.1.1.A21 Betriebsdokumentation für Server (S) Betriebliche Aufgaben, die an einem Server durchgeführt werden, SOLLTEN nachvollziehbar dokumentiert werden (Wer?, Wann?, Was?). Aus der Dokumentation SOLLTEN insbesondere Konfigurationsänderungen nachvollziehbar sein. Sicherheitsrelevante Aufgaben, z. B. wer befugt ist, neue Festplatten einzubauen, SOLLTEN dokumentiert werden. Alles, was automatisch dokumentiert werden kann, SOLLTE auch automatisch dokumentiert werden. Die Dokumentation SOLLTE gegen unbefugten Zugriff und Verlust geschützt werden.;"Die Betriebsdokumentation muss folgende Inhalte enthalten:

1. **Projekt-, Funktions- und Schnittstellendokumentationen** müssen ausreichend und aktuell gehalten werden. Sie sollten konkrete Sicherheitshinweise für Installation, Konfiguration, Administration und Benutzung des Produkts beinhalten. Quelle: Ausführliche Dokumentation (S.1-2).

2. **Software-Entwicklung** sollte so dokumentiert sein, dass Fachleute den Programm-Code nachvollziehen und weiterentwickeln können. Die Dokumentation sollte die Software-Architektur und Bedrohungsmodellierung umfassen. Quelle: Ausführliche Dokumentation (S.2).

3. **Betriebliche Aufgaben** an Firewalls, Servern, Clients, Routern und Switches müssen nachvollziehbar dokumentiert werden. Dies umfasst Konfigurationsänderungen, sicherheitsrelevante Aufgaben und Zugriffsberechtigungen. Die Dokumentation muss vor unbefugten Zugriffen geschützt werden. Quelle: Betriebsdokumentationen (S.3-5).

4. **Systemdokumentation** sollte Besonderheiten im Betrieb, Systemverwaltung und Änderungen an ICS-Komponenten enthalten. Quelle: Systemdokumentation (S.6).

5. **Netzmanagement** sollte dokumentiert werden, einschließlich der Management-Infrastruktur, initialer Ist-Aufnahme, Änderungen, verwendeter Werkzeuge, IT-Arbeitsplätze, Management-Daten und Schnittstellen zu externen Anwendungen und Diensten. Die Dokumentation muss vollständig und aktuell sein. Quelle: Ist-Aufnahme und Dokumentation des Netzmanagements (S.6-7).

6. **Betriebshandbuch** für Speicherlösungen sollte alle Regelungen, Anforderungen und Einstellungen enthalten, die für den Betrieb erforderlich sind. Es muss regelmäßig aktualisiert werden. Quelle: Erstellung und Pflege eines Betriebshandbuchs (S.7).

Anschlussfragen:
1. Wie kann die Aktualität der Betriebsdokumentation sichergestellt werden?
2. Welche Maßnahmen sind erforderlich, um die Dokumentation vor unbefugten Zugriffen zu schützen?
3. Welche Rolle spielt die Dokumentation bei der Einhaltung von Compliance-Anforderungen?";"Die Betriebsdokumentation muss folgende Inhalte enthalten:

1. **Projekt-, Funktions- und Schnittstellendokumentationen** müssen ausreichend und aktuell gehalten werden. Sie sollten konkrete Sicherheitshinweise für Installation, Konfiguration, Administration und Benutzung des Produkts beinhalten. Quelle: Ausführliche Dokumentation (S.1-2).

2. **Software-Entwicklung** sollte so dokumentiert sein, dass Fachleute den Programm-Code nachvollziehen und weiterentwickeln können. Die Dokumentation sollte die Software-Architektur und Bedrohungsmodellierung umfassen. Quelle: Ausführliche Dokumentation (S.2).

3. **Betriebliche Aufgaben** an Firewalls, Servern, Clients, Routern und Switches müssen nachvollziehbar dokumentiert werden. Dies umfasst Konfigurationsänderungen, sicherheitsrelevante Aufgaben und Zugriffsberechtigungen. Die Dokumentation muss vor unbefugten Zugriffen geschützt werden. Quelle: Betriebsdokumentationen (S.3-5).

4. **Systemdokumentation** sollte Besonderheiten im Betrieb, Systemverwaltung und Änderungen an ICS-Komponenten enthalten. Quelle: Systemdokumentation (S.6).

5. **Netzmanagement** sollte dokumentiert werden, einschließlich der Management-Infrastruktur, initialer Ist-Aufnahme, Änderungen, verwendeter Werkzeuge, IT-Arbeitsplätze, Management-Daten und Schnittstellen zu externen Anwendungen und Diensten. Die Dokumentation muss vollständig und aktuell sein. Quelle: Ist-Aufnahme und Dokumentation des Netzmanagements (S.6-7).

6. **Betriebshandbuch** für Speicherlösungen sollte alle Regelungen, Anforderungen und Einstellungen enthalten, die für den Betrieb erforderlich sind. Es muss regelmäßig aktualisiert werden. Quelle: Erstellung und Pflege eines Betriebshandbuchs (S.7).";"1. Wie kann die Aktualität der Betriebsdokumentation sichergestellt werden?
2. Welche Maßnahmen sind erforderlich, um die Dokumentation vor unbefugten Zugriffen zu schützen?
3. Welche Rolle spielt die Dokumentation bei der Einhaltung von Compliance-Anforderungen?";3;3;0.4444444444296296;1.0;0.8461538461538461;0.33390021156425453;Wie kann die Aktualität der Betriebsdokumentation sichergestellt werden?;2;2;Aktualität durch regelmäßige Überprüfung;Welche Maßnahmen sind erforderlich, um die Dokumentation vor unbefugten Zugriffen zu schützen?;2;2;Direkt relevante Frage;Welche Rolle spielt die Dokumentation bei der Einhaltung von Compliance-Anforderungen?;1;2;Teilweise abgedeckt durch Compliance-Abschnitt;1.667;2.0
Wie binde ich Server in die Notfallplanung ein?;"Um Server in die Notfallplanung einzubinden, sollten die Notfallanforderungen an den Server ermittelt und geeignete Notfallmaßnahmen umgesetzt werden, wie z.B. die Erstellung von Wiederanlaufplänen oder die sichere Hinterlegung von Passwörtern und kryptografischen Schlüsseln Quelle: SYS.1.1.A22 (S). Dieser Ansatz ist Teil des Notfallmanagementprozesses und stellt sicher, dass der Server im Notfall ordnungsgemäß wiederhergestellt werden kann.

Es ist wichtig, den Server im Notfallmanagementprozess zu berücksichtigen, da dies die Verfügbarkeit und Integrität der Daten und Dienste gewährleistet Quelle: SYS.1.1.A22 (S). Darüber hinaus sollten die Anforderungen an das Rollen- und Berechtigungskonzept aus dem Baustein ORP.4 Identitäts- und Berechtigungsmanagement sowie Anforderungen aus dem Baustein DER.4 Notfallmanagement berücksichtigt werden.

Anschlussfragen:
1. Wie können Wiederanlaufpläne für Server erstellt werden, um eine schnelle Wiederherstellung im Notfall zu gewährleisten?
2. Welche Rolle spielt die sichere Hinterlegung von Passwörtern und kryptografischen Schlüsseln in der Notfallplanung für Server?
3. Wie können Server administrativ und technisch so konfiguriert werden, dass sie im Notfall schnell und sicher wiederhergestellt werden können?";"Um Server in die Notfallplanung einzubinden, sollten die Notfallanforderungen an den Server ermittelt und geeignete Notfallmaßnahmen umgesetzt werden, wie z.B. die Erstellung von Wiederanlaufplänen oder die sichere Hinterlegung von Passwörtern und kryptografischen Schlüsseln Quelle: SYS.1.1.A22 (S). Dieser Ansatz ist Teil des Notfallmanagementprozesses und stellt sicher, dass der Server im Notfall ordnungsgemäß wiederhergestellt werden kann.

Es ist wichtig, den Server im Notfallmanagementprozess zu berücksichtigen, da dies die Verfügbarkeit und Integrität der Daten und Dienste gewährleistet Quelle: SYS.1.1.A22 (S). Darüber hinaus sollten die Anforderungen an das Rollen- und Berechtigungskonzept aus dem Baustein ORP.4 Identitäts- und Berechtigungsmanagement sowie Anforderungen aus dem Baustein DER.4 Notfallmanagement berücksichtigt werden.";SYS.1.1.A22 Einbindung in die Notfallplanung (S) Der Server SOLLTE im Notfallmanagementprozess berücksichtigt werden. Dazu SOLLTEN die Notfallanforderungen an den Server ermittelt und geeignete Notfallmaßnahmen umgesetzt werden, z. B. indem Wiederanlaufpläne erstellt oder Passwörter und kryptografische Schlüssel sicher hinterlegt werden.;"Um Server in die Notfallplanung einzubinden, sollten folgende Schritte beachtet werden:

1. **Notfallanforderungen ermitteln und Maßnahmen umsetzen**:
   - Der Server SOLLTE im Notfallmanagementprozess berücksichtigt werden.
   - Geeignete Notfallmaßnahmen umsetzen, z. B. Wiederanlaufpläne erstellen oder Passwörter und kryptografische Schlüssel sicher hinterlegen.
   Quelle: Einbindung in die Notfallplanung (S.1)

2. **Notfallplan für DNS-Server erstellen**:
   - Ein Notfallplan für DNS-Server MUSS erstellt und in die vorhandenen Notfallpläne der Institution integriert werden.
   - Der Notfallplan MUSS ein Datensicherungskonzept für die Zonen- und Konfigurationsdateien beschreiben, das in das existierende Datensicherungskonzept der Institution integriert wird.
   - Der Notfallplan MUSS einen Wiederanlaufplan für alle DNS-Server im Informationsverbund enthalten.
   Quelle: Erstellen eines Notfallplans für DNS-Server (S.1)

3. **Notfallplan für Datenbankmanagementsystem erstellen**:
   - Für das Datenbankmanagementsystem SOLLTE ein Notfallplan erstellt werden, der festlegt, wie ein Notbetrieb realisiert werden kann.
   - Der Notfallplan SOLLTE die nötigen Meldewege, Reaktionswege, Ressourcen und Reaktionszeiten der Fachverantwortlichen festlegen.
   - Auf Basis eines Koordinationsplans zum Wiederanlauf SOLLTEN alle von der Datenbank abhängigen IT-Systeme vorab ermittelt und berücksichtigt werden.
   Quelle: Notfallvorsorge (S.1)

4. **Wechselwirkungen zwischen Komponenten der GA in der Notfallplanung berücksichtigen**:
   - Es SOLLTE initial und in regelmäßigen Abständen analysiert werden, wie sich die GA und die abgeleiteten Planungen und Konzepte auf die Notfallplanung auswirken.
   - Im Rahmen der Notfallplanung SOLLTE festgelegt werden, wie bei einem Ausfall von TGA-Anlagen oder GA-relevanten Komponenten die Wechselwirkungen auf andere TGA-Anlagen, GA-relevante Systeme und TGM minimiert werden können.
   - Es SOLLTE in der Notfallplanung auch spezifiziert werden, wie bei Ausfall der GA-Systeme ein gegebenenfalls erforderlicher Notbetrieb von TGA-Anlagen sichergestellt wird.
   Quelle: Berücksichtigung von Wechselwirkungen zwischen Komponenten der GA in der Notfallplanung (S.1)

Anschlussfragen:
1. Welche spezifischen Notfallmaßnahmen sind für die Wiederanlaufpläne von Servern erforderlich?
2. Wie kann das Datensicherungskonzept für Zonen- und Konfigurationsdateien von DNS-Servern in das existierende Datensicherungskonzept der Institution integriert werden?
3. Welche Meldewege und Reaktionszeiten sollten im Notfallplan für Datenbankmanagementsysteme festgelegt werden?";"Um Server in die Notfallplanung einzubinden, sollten folgende Schritte beachtet werden:

1. **Notfallanforderungen ermitteln und Maßnahmen umsetzen**:
   - Der Server SOLLTE im Notfallmanagementprozess berücksichtigt werden.
   - Geeignete Notfallmaßnahmen umsetzen, z. B. Wiederanlaufpläne erstellen oder Passwörter und kryptografische Schlüssel sicher hinterlegen.
   Quelle: Einbindung in die Notfallplanung (S.1)

2. **Notfallplan für DNS-Server erstellen**:
   - Ein Notfallplan für DNS-Server MUSS erstellt und in die vorhandenen Notfallpläne der Institution integriert werden.
   - Der Notfallplan MUSS ein Datensicherungskonzept für die Zonen- und Konfigurationsdateien beschreiben, das in das existierende Datensicherungskonzept der Institution integriert wird.
   - Der Notfallplan MUSS einen Wiederanlaufplan für alle DNS-Server im Informationsverbund enthalten.
   Quelle: Erstellen eines Notfallplans für DNS-Server (S.1)

3. **Notfallplan für Datenbankmanagementsystem erstellen**:
   - Für das Datenbankmanagementsystem SOLLTE ein Notfallplan erstellt werden, der festlegt, wie ein Notbetrieb realisiert werden kann.
   - Der Notfallplan SOLLTE die nötigen Meldewege, Reaktionswege, Ressourcen und Reaktionszeiten der Fachverantwortlichen festlegen.
   - Auf Basis eines Koordinationsplans zum Wiederanlauf SOLLTEN alle von der Datenbank abhängigen IT-Systeme vorab ermittelt und berücksichtigt werden.
   Quelle: Notfallvorsorge (S.1)

4. **Wechselwirkungen zwischen Komponenten der GA in der Notfallplanung berücksichtigen**:
   - Es SOLLTE initial und in regelmäßigen Abständen analysiert werden, wie sich die GA und die abgeleiteten Planungen und Konzepte auf die Notfallplanung auswirken.
   - Im Rahmen der Notfallplanung SOLLTE festgelegt werden, wie bei einem Ausfall von TGA-Anlagen oder GA-relevanten Komponenten die Wechselwirkungen auf andere TGA-Anlagen, GA-relevante Systeme und TGM minimiert werden können.
   - Es SOLLTE in der Notfallplanung auch spezifiziert werden, wie bei Ausfall der GA-Systeme ein gegebenenfalls erforderlicher Notbetrieb von TGA-Anlagen sichergestellt wird.
   Quelle: Berücksichtigung von Wechselwirkungen zwischen Komponenten der GA in der Notfallplanung (S.1)";"1. Welche spezifischen Notfallmaßnahmen sind für die Wiederanlaufpläne von Servern erforderlich?
2. Wie kann das Datensicherungskonzept für Zonen- und Konfigurationsdateien von DNS-Servern in das existierende Datensicherungskonzept der Institution integriert werden?
3. Welche Meldewege und Reaktionszeiten sollten im Notfallplan für Datenbankmanagementsysteme festgelegt werden?";3;3;0.6392857142729286;1.0;1.0;0.4032861738150822;Welche spezifischen Notfallmaßnahmen sind für die Wiederanlaufpläne von Servern erforderlich?;2;2;Direkte Relevanz zu Notfallplanung;Wie kann das Datensicherungskonzept für Zonen- und Konfigurationsdateien von DNS-Servern in das existierende Datensicherungskonzept der Institution integriert werden?;2;2;Direkte Integration von DNS-Servern in Notfallplanung;Welche Meldewege und Reaktionszeiten sollten im Notfallplan für Datenbankmanagementsysteme festgelegt werden?;2;2;Direkte Relevanz zu Notfallplanung;2.0;2.0
Welche Sicherheitsprüfungen für Serversysteme sollte ich durchführen?;"Um die Sicherheit von Serversystemen zu gewährleisten, sollten regelmäßige Sicherheitstests durchgeführt werden, um zu überprüfen, ob alle Sicherheitsvorgaben eingehalten werden und gegebenenfalls vorhandene Schwachstellen zu identifizieren. Diese Sicherheitsprüfungen sollten insbesondere auf Servern mit externen Schnittstellen durchgeführt werden, aber auch interne Server sollten in festgelegten Zyklen überprüft werden. Es sollte geprüft werden, ob die Sicherheitsprüfungen automatisiert, z. B. mittels geeigneter Skripte, realisiert werden können. Quelle: SYS.1.1.A24 Sicherheitsprüfungen für Server (S)

Anschlussfragen:
1. Wie oft sollten Sicherheitsprüfungen für interne Server durchgeführt werden?
2. Welche Rolle spielen automatisierte Sicherheitsprüfungen bei der Überwachung von Servern?
3. Wie sollten Server mit externen Schnittstellen im Vergleich zu internen Servern hinsichtlich der Sicherheitsprüfungen behandelt werden?";Um die Sicherheit von Serversystemen zu gewährleisten, sollten regelmäßige Sicherheitstests durchgeführt werden, um zu überprüfen, ob alle Sicherheitsvorgaben eingehalten werden und gegebenenfalls vorhandene Schwachstellen zu identifizieren. Diese Sicherheitsprüfungen sollten insbesondere auf Servern mit externen Schnittstellen durchgeführt werden, aber auch interne Server sollten in festgelegten Zyklen überprüft werden. Es sollte geprüft werden, ob die Sicherheitsprüfungen automatisiert, z. B. mittels geeigneter Skripte, realisiert werden können. Quelle: SYS.1.1.A24 Sicherheitsprüfungen für Server (S);SYS.1.1.A24 Sicherheitsprüfungen für Server (S) Server SOLLTEN regelmäßigen Sicherheitstests unterzogen werden, die überprüfen, ob alle Sicherheitsvorgaben eingehalten werden und gegebenenfalls vorhandene Schwachstellen identifizieren. Diese Sicherheitsprüfungen SOLLTEN insbesondere auf Servern mit externen Schnittstellen durchgeführt werden. Um mittelbare Angriffe über infizierte IT-Systeme im eigenen Netz zu vermeiden, SOLLTEN jedoch auch interne Server in festgelegten Zyklen entsprechend überprüft werden. Es SOLLTE geprüft werden, ob die Sicherheitsprüfungen automatisiert, z. B. mittels geeigneter Skripte, realisiert werden können.;"Für die Durchführung von Sicherheitsprüfungen bei Servern sind folgende Maßnahmen relevant:

1. **Regelmäßige Sicherheitstests**: Server SOLLTEN regelmäßigen Sicherheitstests unterzogen werden, um sicherzustellen, dass alle Sicherheitsvorgaben eingehalten werden und vorhandene Schwachstellen identifiziert werden. Dies gilt insbesondere für Server mit externen Schnittstellen, aber auch für interne Server, die in festgelegten Zyklen überprüft werden SOLLTEN. Die Prüfungen SOLLTEN möglichst automatisiert, z. B. mittels geeigneter Skripte, durchgeführt werden. Quelle: Sicherheitsprüfungen für Server (S.1-2).

2. **Sicherheitsprüfungen von Datenbanksystemen**: Datenbanksysteme SOLLTEN regelmäßig mithilfe von Sicherheitsprüfungen kontrolliert werden. Dabei SOLLTEN sowohl die systemischen als auch die spezifischen Aspekte des herstellenden Unternehmens der eingesetzten Datenbank-Infrastruktur sowie des eingesetzten Datenbankmanagementsystems betrachtet werden. Quelle: Sicherheitsprüfungen von Datenbanksystemen (S.1-2).

3. **Sichere Installation und Grundkonfiguration**: Der vollständige Installations- und Konfigurationsvorgang SOLLTE soweit wie möglich innerhalb einer gesonderten und von Produktivsystemen abgetrennten Installationsumgebung vorgenommen werden. Alle sicherheitsrelevanten Einstellungen der aktivierten Dienste und Funktionen SOLLTEN entsprechend den Vorgaben der Sicherheitsrichtlinie für Server konfiguriert, getestet und regelmäßig inhaltlich überprüft werden. Quelle: Sichere Installation und Grundkonfiguration von Servern (S.1-3).

4. **Sicheres Systemdesign**: Das Systemdesign MUSS dokumentiert und überprüft werden, um sicherzustellen, dass alle Sicherheitsanforderungen erfüllt sind. Dies umfasst die Validierung von Eingabedaten, die sichere Konfiguration von Standardeinstellungen, die Verschlüsselung schützenswerter Daten und die Protokollierung von Sicherheitsrelevanten Ereignissen. Quelle: Sicheres Systemdesign (S.1-3).

5. **Aufrechterhaltung der Informationssicherheit**: Der Sicherheitsprozess, die Sicherheitskonzepte und die Organisationsstruktur für Informationssicherheit SOLLTEN regelmäßig auf Wirksamkeit und Angemessenheit überprüft und aktualisiert werden. Dies umfasst regelmäßige Vollständigkeits- und Aktualisierungsprüfungen sowie Sicherheitsrevisionen, die von qualifizierten und unabhängigen Personen durchgeführt werden SOLLTEN. Quelle: Aufrechterhaltung der Informationssicherheit (S.1-3).

6. **Penetrationstest und Revision**: Webserver SOLLTEN regelmäßig auf Sicherheitsprobleme hin überprüft werden. Die Ergebnisse der Überprüfungen SOLLTEN nachvollziehbar dokumentiert, ausreichend geschützt und vertraulich behandelt werden. Abweichungen SOLLTE nachgegangen werden. Quelle: Penetrationstest und Revision (S.1-2).

7. **Festlegung einer Sicherheitsrichtlinie für Server**: Die Anforderungen an Server SOLLTEN in einer separaten Sicherheitsrichtlinie konkretisiert werden. Diese Richtlinie SOLLTE allen Administrierenden und anderen beteiligten Personen bekannt sein und die Umsetzung der geforderten Inhalte SOLLTE regelmäßig überprüft werden. Quelle: Festlegung einer Sicherheitsrichtlinie für Server (S.1-2).

Anschlussfragen:
1. Wie kann die Automatisierung der Sicherheitsprüfungen für Server umgesetzt werden?
2. Welche spezifischen Aspekte SOLLTEN bei der Sicherheitsprüfung von Datenbanksystemen berücksichtigt werden?
3. Welche Maßnahmen SOLLTEN ergriffen werden, um die sichere Installation und Grundkonfiguration von Servern zu gewährleisten?";"Für die Durchführung von Sicherheitsprüfungen bei Servern sind folgende Maßnahmen relevant:

1. **Regelmäßige Sicherheitstests**: Server SOLLTEN regelmäßigen Sicherheitstests unterzogen werden, um sicherzustellen, dass alle Sicherheitsvorgaben eingehalten werden und vorhandene Schwachstellen identifiziert werden. Dies gilt insbesondere für Server mit externen Schnittstellen, aber auch für interne Server, die in festgelegten Zyklen überprüft werden SOLLTEN. Die Prüfungen SOLLTEN möglichst automatisiert, z. B. mittels geeigneter Skripte, durchgeführt werden. Quelle: Sicherheitsprüfungen für Server (S.1-2).

2. **Sicherheitsprüfungen von Datenbanksystemen**: Datenbanksysteme SOLLTEN regelmäßig mithilfe von Sicherheitsprüfungen kontrolliert werden. Dabei SOLLTEN sowohl die systemischen als auch die spezifischen Aspekte des herstellenden Unternehmens der eingesetzten Datenbank-Infrastruktur sowie des eingesetzten Datenbankmanagementsystems betrachtet werden. Quelle: Sicherheitsprüfungen von Datenbanksystemen (S.1-2).

3. **Sichere Installation und Grundkonfiguration**: Der vollständige Installations- und Konfigurationsvorgang SOLLTE soweit wie möglich innerhalb einer gesonderten und von Produktivsystemen abgetrennten Installationsumgebung vorgenommen werden. Alle sicherheitsrelevanten Einstellungen der aktivierten Dienste und Funktionen SOLLTEN entsprechend den Vorgaben der Sicherheitsrichtlinie für Server konfiguriert, getestet und regelmäßig inhaltlich überprüft werden. Quelle: Sichere Installation und Grundkonfiguration von Servern (S.1-3).

4. **Sicheres Systemdesign**: Das Systemdesign MUSS dokumentiert und überprüft werden, um sicherzustellen, dass alle Sicherheitsanforderungen erfüllt sind. Dies umfasst die Validierung von Eingabedaten, die sichere Konfiguration von Standardeinstellungen, die Verschlüsselung schützenswerter Daten und die Protokollierung von Sicherheitsrelevanten Ereignissen. Quelle: Sicheres Systemdesign (S.1-3).

5. **Aufrechterhaltung der Informationssicherheit**: Der Sicherheitsprozess, die Sicherheitskonzepte und die Organisationsstruktur für Informationssicherheit SOLLTEN regelmäßig auf Wirksamkeit und Angemessenheit überprüft und aktualisiert werden. Dies umfasst regelmäßige Vollständigkeits- und Aktualisierungsprüfungen sowie Sicherheitsrevisionen, die von qualifizierten und unabhängigen Personen durchgeführt werden SOLLTEN. Quelle: Aufrechterhaltung der Informationssicherheit (S.1-3).

6. **Penetrationstest und Revision**: Webserver SOLLTEN regelmäßig auf Sicherheitsprobleme hin überprüft werden. Die Ergebnisse der Überprüfungen SOLLTEN nachvollziehbar dokumentiert, ausreichend geschützt und vertraulich behandelt werden. Abweichungen SOLLTE nachgegangen werden. Quelle: Penetrationstest und Revision (S.1-2).

7. **Festlegung einer Sicherheitsrichtlinie für Server**: Die Anforderungen an Server SOLLTEN in einer separaten Sicherheitsrichtlinie konkretisiert werden. Diese Richtlinie SOLLTE allen Administrierenden und anderen beteiligten Personen bekannt sein und die Umsetzung der geforderten Inhalte SOLLTE regelmäßig überprüft werden. Quelle: Festlegung einer Sicherheitsrichtlinie für Server (S.1-2).";"1. Wie kann die Automatisierung der Sicherheitsprüfungen für Server umgesetzt werden?
2. Welche spezifischen Aspekte SOLLTEN bei der Sicherheitsprüfung von Datenbanksystemen berücksichtigt werden?
3. Welche Maßnahmen SOLLTEN ergriffen werden, um die sichere Installation und Grundkonfiguration von Servern zu gewährleisten?";3;3;0.7222222221981481;1.0;1.0;0.44503657846114775;Wie kann die Automatisierung der Sicherheitsprüfungen für Server umgesetzt werden?;2;2;Automatisierung direkt im Text;Welche spezifischen Aspekte SOLLTEN bei der Sicherheitsprüfung von Datenbanksystemen berücksichtigt werden?;2;2;Direkt relevante Vertiefung;Welche Maßnahmen SOLLTEN ergriffen werden, um die sichere Installation und Grundkonfiguration von Servern zu gewährleisten?;2;2;Direkte Maßnahmen zur sicheren Installation;2.0;2.0
Was muss ich bei der Außerbetriebnahme von Servern beachten?;"Bei der Außerbetriebnahme von Servern sollte sichergestellt werden, dass keine wichtigen Daten verloren gehen und keine schutzbedürftigen Daten zurückbleiben. Es sollte ein Überblick darüber geben, welche Daten wo auf dem Server gespeichert sind. Rechtzeitig sollte sichergestellt werden, dass vom Server angebotene Dienste durch einen anderen Server übernommen werden, wenn dies erforderlich ist. Eine Checkliste sollte erstellt werden, die bei der Außerbetriebnahme eines Servers abgearbeitet werden kann und mindestens Aspekte zu Datensicherung, Migration von Diensten und dem anschließenden sicheren Löschen aller Daten umfasst Quelle: SYS.1.1.A25 Geregelte Außerbetriebnahme eines Servers (S).

Anschlussfragen:
1. Wie kann ich sicherstellen, dass alle Daten auf dem Server gesichert sind, bevor er außer Betrieb genommen wird?
2. Welche Rolle spielt die Checkliste bei der Außerbetriebnahme eines Servers und was sollte sie mindestens enthalten?
3. Wie kann ich sicherstellen, dass die vom Server angebotenen Dienste nach der Außerbetriebnahme weiterhin verfügbar sind?";Bei der Außerbetriebnahme von Servern sollte sichergestellt werden, dass keine wichtigen Daten verloren gehen und keine schutzbedürftigen Daten zurückbleiben. Es sollte ein Überblick darüber geben, welche Daten wo auf dem Server gespeichert sind. Rechtzeitig sollte sichergestellt werden, dass vom Server angebotene Dienste durch einen anderen Server übernommen werden, wenn dies erforderlich ist. Eine Checkliste sollte erstellt werden, die bei der Außerbetriebnahme eines Servers abgearbeitet werden kann und mindestens Aspekte zu Datensicherung, Migration von Diensten und dem anschließenden sicheren Löschen aller Daten umfasst Quelle: SYS.1.1.A25 Geregelte Außerbetriebnahme eines Servers (S).;SYS.1.1.A25 Geregelte Außerbetriebnahme eines Servers (S) Bei der Außerbetriebnahme eines Servers SOLLTE sichergestellt werden, dass keine wichtigen Daten, die eventuell auf den verbauten Datenträgern gespeichert sind, verloren gehen und dass keine schutzbedürftigen Daten zurückbleiben. Es SOLLTE einen Überblick darüber geben, welche Daten wo auf dem Server gespeichert sind. Es SOLLTE rechtzeitig sichergestellt werden, dass vom Server angebotene Dienste durch einen anderen Server übernommen werden, wenn dies erforderlich ist. Es SOLLTE eine Checkliste erstellt werden, die bei der Außerbetriebnahme eines Servers abgearbeitet werden kann. Diese Checkliste SOLLTE mindestens Aspekte zu Datensicherung, Migration von Diensten und dem anschließenden sicheren Löschen aller Daten umfassen.;"Bei der Außerbetriebnahme von Servern müssen mehrere Aspekte berücksichtigt werden, um Datenverlust und Sicherheitsrisiken zu vermeiden. Hier sind die wichtigsten Punkte:

1. **Datensicherung und Migration**:
   - Es SOLLTE sichergestellt werden, dass keine wichtigen Daten verloren gehen und keine schutzbedürftigen Daten zurückbleiben. Ein Überblick über die gespeicherten Daten SOLLTE erstellt werden.
   - Vom Server angebotene Dienste SOLLTEN rechtzeitig durch einen anderen Server übernommen werden, falls erforderlich.
   Quelle: Geregelte Außerbetriebnahme eines Servers (S.1)

2. **Checkliste**:
   - Eine Checkliste SOLLTE erstellt werden, die mindestens Aspekte zur Datensicherung, Migration von Diensten und dem sicheren Löschen aller Daten umfasst.
   Quelle: Geregelte Außerbetriebnahme eines Servers (S.1)

3. **Sicheres Löschen**:
   - Nach der Datensicherung SOLLTEN alle Daten sicher gelöscht werden, um sicherzustellen, dass keine schutzbedürftigen Informationen zurückbleiben.
   Quelle: Geregelte Außerbetriebnahme eines Servers (S.1)

4. **Verwaltungsprozesse für virtuelle IT-Systeme**:
   - Für virtuelle IT-Systeme SOLLTEN Prozesse für die Inbetriebnahme, Inventarisierung, den Betrieb und die Außerbetriebnahme definiert und etabliert werden. Diese Prozesse SOLLTEN dokumentiert und regelmäßig aktualisiert werden.
   Quelle: Einführung von Verwaltungsprozessen für virtuelle IT-Systeme (S.2)

5. **Unzureichende Planung und Fehlerhafte Administration**:
   - Server sind komplexe IT-Systeme, die eine sorgfältige Planung und Administration erfordern. Unzureichende Planung oder Konfigurationsfehler können zu Sicherheitslücken führen.
   Quelle: Allgemeiner Server (S.3)

6. **Datenverlust und Denial-of-Service-Angriffe**:
   - Der Verlust von Daten kann erhebliche Auswirkungen auf Geschäftsprozesse haben. Denial-of-Service-Angriffe können die Verfügbarkeit von Datenbeständen beeinträchtigen.
   Quelle: Allgemeiner Server (S.3)

7. **Bereitstellung unnötiger Applikationen und Dienste**:
   - Nicht genutzte Applikationen und Dienste SOLLTEN deinstalliert werden, um die Sicherheit und Leistung des Servers zu gewährleisten.
   Quelle: Allgemeiner Server (S.3)

8. **Überlastung von Servern**:
   - Server SOLLTEN ausreichend dimensioniert sein, um Überlastungen zu vermeiden, die zu Ausfällen oder Datenverlusten führen können.
   Quelle: Allgemeiner Server (S.3)

9. **Automatische Überwachung der Infrastruktur**:
   - Alle Einrichtungen der Infrastruktur MÜSSEN automatisch überwacht werden, und erkannte Störungen MÜSSEN schnellstmöglich bearbeitet werden.
   Quelle: Automatische Überwachung der Infrastruktur (S.4)

Anschlussfragen:
1. Welche spezifischen Schritte sind für die Datensicherung bei der Außerbetriebnahme eines Servers erforderlich?
2. Wie kann eine Checkliste für die Außerbetriebnahme eines Servers aussehen?
3. Welche Maßnahmen sind erforderlich, um sicherzustellen, dass keine schutzbedürftigen Daten zurückbleiben?";"Bei der Außerbetriebnahme von Servern müssen mehrere Aspekte berücksichtigt werden, um Datenverlust und Sicherheitsrisiken zu vermeiden. Hier sind die wichtigsten Punkte:

1. **Datensicherung und Migration**:
   - Es SOLLTE sichergestellt werden, dass keine wichtigen Daten verloren gehen und keine schutzbedürftigen Daten zurückbleiben. Ein Überblick über die gespeicherten Daten SOLLTE erstellt werden.
   - Vom Server angebotene Dienste SOLLTEN rechtzeitig durch einen anderen Server übernommen werden, falls erforderlich.
   Quelle: Geregelte Außerbetriebnahme eines Servers (S.1)

2. **Checkliste**:
   - Eine Checkliste SOLLTE erstellt werden, die mindestens Aspekte zur Datensicherung, Migration von Diensten und dem sicheren Löschen aller Daten umfasst.
   Quelle: Geregelte Außerbetriebnahme eines Servers (S.1)

3. **Sicheres Löschen**:
   - Nach der Datensicherung SOLLTEN alle Daten sicher gelöscht werden, um sicherzustellen, dass keine schutzbedürftigen Informationen zurückbleiben.
   Quelle: Geregelte Außerbetriebnahme eines Servers (S.1)

4. **Verwaltungsprozesse für virtuelle IT-Systeme**:
   - Für virtuelle IT-Systeme SOLLTEN Prozesse für die Inbetriebnahme, Inventarisierung, den Betrieb und die Außerbetriebnahme definiert und etabliert werden. Diese Prozesse SOLLTEN dokumentiert und regelmäßig aktualisiert werden.
   Quelle: Einführung von Verwaltungsprozessen für virtuelle IT-Systeme (S.2)

5. **Unzureichende Planung und Fehlerhafte Administration**:
   - Server sind komplexe IT-Systeme, die eine sorgfältige Planung und Administration erfordern. Unzureichende Planung oder Konfigurationsfehler können zu Sicherheitslücken führen.
   Quelle: Allgemeiner Server (S.3)

6. **Datenverlust und Denial-of-Service-Angriffe**:
   - Der Verlust von Daten kann erhebliche Auswirkungen auf Geschäftsprozesse haben. Denial-of-Service-Angriffe können die Verfügbarkeit von Datenbeständen beeinträchtigen.
   Quelle: Allgemeiner Server (S.3)

7. **Bereitstellung unnötiger Applikationen und Dienste**:
   - Nicht genutzte Applikationen und Dienste SOLLTEN deinstalliert werden, um die Sicherheit und Leistung des Servers zu gewährleisten.
   Quelle: Allgemeiner Server (S.3)

8. **Überlastung von Servern**:
   - Server SOLLTEN ausreichend dimensioniert sein, um Überlastungen zu vermeiden, die zu Ausfällen oder Datenverlusten führen können.
   Quelle: Allgemeiner Server (S.3)

9. **Automatische Überwachung der Infrastruktur**:
   - Alle Einrichtungen der Infrastruktur MÜSSEN automatisch überwacht werden, und erkannte Störungen MÜSSEN schnellstmöglich bearbeitet werden.
   Quelle: Automatische Überwachung der Infrastruktur (S.4)";"1. Welche spezifischen Schritte sind für die Datensicherung bei der Außerbetriebnahme eines Servers erforderlich?
2. Wie kann eine Checkliste für die Außerbetriebnahme eines Servers aussehen?
3. Welche Maßnahmen sind erforderlich, um sicherzustellen, dass keine schutzbedürftigen Daten zurückbleiben?";3;3;0.7499999999625;1.0;1.0;0.5200666707569852;Welche spezifischen Schritte sind für die Datensicherung bei der Außerbetriebnahme eines Servers erforderlich?;2;2;Direkte Datensicherung bei Außerbetriebnahme;Wie kann eine Checkliste für die Außerbetriebnahme eines Servers aussehen?;2;2;Direkte Checkliste-Erstellung;Welche Maßnahmen sind erforderlich, um sicherzustellen, dass keine schutzbedürftigen Daten zurückbleiben?;2;2;Direkte Relevanz zu Datensicherheit;2.0;2.0
Wie kann ich sicherheitskritische Anwendungen besser isolieren?;"Um sicherheitskritische Anwendungen besser zu isolieren, SOLLTEN Anwendungen und Betriebssystemkomponenten ihrem Schutzbedarf entsprechend besonders gekapselt oder anderen Anwendungen und Betriebssystemkomponenten gegenüber isoliert werden, wie in SYS.1.1.A37 Kapselung von sicherheitskritischen Anwendungen und Betriebssystemkomponenten (S) beschrieben Quelle: SYS.1.1.A37 (S. unbekannt). Dies gilt insbesondere für sicherheitskritische Anwendungen, die mit Daten aus unsicheren Quellen arbeiten, wie Webbrowser und Bürokommunikations-Anwendungen.

Anschlussfragen:
1. Wie kann ich den Schutzbedarf meiner Anwendungen und Betriebssystemkomponenten bestimmen?
2. Welche Rolle spielt die Kapselung von sicherheitskritischen Anwendungen im Rahmen des IT-Grundschutzes?
3. Wie können Server, die sicherheitskritische Anwendungen ausführen, besonders geschützt werden, um unberechtigten Zugriff zu verhindern?";Um sicherheitskritische Anwendungen besser zu isolieren, SOLLTEN Anwendungen und Betriebssystemkomponenten ihrem Schutzbedarf entsprechend besonders gekapselt oder anderen Anwendungen und Betriebssystemkomponenten gegenüber isoliert werden, wie in SYS.1.1.A37 Kapselung von sicherheitskritischen Anwendungen und Betriebssystemkomponenten (S) beschrieben Quelle: SYS.1.1.A37 (S. unbekannt). Dies gilt insbesondere für sicherheitskritische Anwendungen, die mit Daten aus unsicheren Quellen arbeiten, wie Webbrowser und Bürokommunikations-Anwendungen.;SYS.1.1.A37 Kapselung von sicherheitskritischen Anwendungen und Betriebssystemkomponenten (S) Um sowohl den unberechtigten Zugriff auf das Betriebssystem oder andere Anwendungen bei Angriffen als auch den Zugriff vom Betriebssystem auf besonders schützenswerte Dateien zu verhindern, SOLLTEN Anwendungen und Betriebssystemkomponenten (wie beispielsweise Authentisierung oder Zertifikatsüberprüfung) ihrem Schutzbedarf entsprechend besonders gekapselt oder anderen Anwendungen und Betriebssystemkomponenten gegenüber isoliert werden. Dabei SOLLTEN insbesondere sicherheitskritische Anwendungen berücksichtigt werden, die mit Daten aus unsicheren Quellen arbeiten (z. B. Webbrowser und Bürokommunikations-Anwendungen).;"Um sicherheitskritische Anwendungen besser zu isolieren, können verschiedene Maßnahmen ergriffen werden:

1. **Auslagerung auf isolierte IT-Systeme**: Hochschutzbedürftige Anwendungen sollten auf separate IT-Systeme ausgelagert werden, um eine gezieltere und kostengünstigere Absicherung zu ermöglichen. Quelle: Kapselung von sicherheitskritischen Anwendungen und Betriebssystemkomponenten (S.1)

2. **Kapselung und Isolierung**: Anwendungen und Betriebssystemkomponenten sollten ihrem Schutzbedarf entsprechend gekapselt oder isoliert werden, insbesondere sicherheitskritische Anwendungen, die mit Daten aus unsicheren Quellen arbeiten. Quelle: Kapselung von sicherheitskritischen Anwendungen und Betriebssystemkomponenten (S.1)

3. **Planung der Separierung**: Vor der Inbetriebnahme muss geplant werden, wie Anwendungen und deren Test- und Produktionsumgebungen separiert werden. Dies umfasst Regelungen zu Netz-, CPU- und Festspeicherseparierung sowie die Berücksichtigung des Netzzonenkonzepts und des Schutzbedarfs. Quelle: Planung der Separierung der Anwendungen (S.1)

4. **Trennung auf Node- und Cluster-Ebene**: Anwendungen mit sehr hohem Schutzbedarf sollten eigene Kubernetes-Cluster oder dedizierte Nodes nutzen, die nicht für andere Anwendungen bereitstehen. Quelle: Trennung von Anwendungen auf Node- und Cluster-Ebene (S.1)

5. **Betrieb von Gast-Betriebssystemen**: Virtuelle IT-Systeme mit unterschiedlichem Schutzbedarf sollten ausreichend gekapselt und voneinander isoliert sein, einschließlich einer sicheren Netztrennung in der Virtualisierungslösung. Quelle: Betrieb von Gast-Betriebssystemen mit unterschiedlichem Schutzbedarf (S.1)

6. **Verhinderung der Ausbreitung von Schwachstellen**: Dienste und Anwendungen sollten mit einer individuellen Sicherheitsarchitektur geschützt werden, z. B. durch AppArmor, SELinux, chroot-Umgebungen oder Container-Lösungen wie LXC und Docker. Quelle: Verhinderung der Ausbreitung bei der Ausnutzung von Schwachstellen (S.1)

7. **Schutz vor Ausnutzung von Schwachstellen**: Sicherheitsfunktionen wie ASLR, DEP/NX, Heap- und Stackschutz sollten aktiviert und genutzt werden. Quelle: Schutz vor Ausnutzung von Schwachstellen in Anwendungen (S.1)

Anschlussfragen:
1. Welche spezifischen Sicherheitsarchitekturen (z. B. AppArmor, SELinux) eignen sich am besten für die Kapselung von sicherheitskritischen Anwendungen?
2. Wie kann die Netztrennung in Virtualisierungslösungen sicher gestaltet werden?
3. Welche Maßnahmen sind erforderlich, um die Ausbreitung von Schwachstellen in Kubernetes-Umgebungen zu verhindern?";"Um sicherheitskritische Anwendungen besser zu isolieren, können verschiedene Maßnahmen ergriffen werden:

1. **Auslagerung auf isolierte IT-Systeme**: Hochschutzbedürftige Anwendungen sollten auf separate IT-Systeme ausgelagert werden, um eine gezieltere und kostengünstigere Absicherung zu ermöglichen. Quelle: Kapselung von sicherheitskritischen Anwendungen und Betriebssystemkomponenten (S.1)

2. **Kapselung und Isolierung**: Anwendungen und Betriebssystemkomponenten sollten ihrem Schutzbedarf entsprechend gekapselt oder isoliert werden, insbesondere sicherheitskritische Anwendungen, die mit Daten aus unsicheren Quellen arbeiten. Quelle: Kapselung von sicherheitskritischen Anwendungen und Betriebssystemkomponenten (S.1)

3. **Planung der Separierung**: Vor der Inbetriebnahme muss geplant werden, wie Anwendungen und deren Test- und Produktionsumgebungen separiert werden. Dies umfasst Regelungen zu Netz-, CPU- und Festspeicherseparierung sowie die Berücksichtigung des Netzzonenkonzepts und des Schutzbedarfs. Quelle: Planung der Separierung der Anwendungen (S.1)

4. **Trennung auf Node- und Cluster-Ebene**: Anwendungen mit sehr hohem Schutzbedarf sollten eigene Kubernetes-Cluster oder dedizierte Nodes nutzen, die nicht für andere Anwendungen bereitstehen. Quelle: Trennung von Anwendungen auf Node- und Cluster-Ebene (S.1)

5. **Betrieb von Gast-Betriebssystemen**: Virtuelle IT-Systeme mit unterschiedlichem Schutzbedarf sollten ausreichend gekapselt und voneinander isoliert sein, einschließlich einer sicheren Netztrennung in der Virtualisierungslösung. Quelle: Betrieb von Gast-Betriebssystemen mit unterschiedlichem Schutzbedarf (S.1)

6. **Verhinderung der Ausbreitung von Schwachstellen**: Dienste und Anwendungen sollten mit einer individuellen Sicherheitsarchitektur geschützt werden, z. B. durch AppArmor, SELinux, chroot-Umgebungen oder Container-Lösungen wie LXC und Docker. Quelle: Verhinderung der Ausbreitung bei der Ausnutzung von Schwachstellen (S.1)

7. **Schutz vor Ausnutzung von Schwachstellen**: Sicherheitsfunktionen wie ASLR, DEP/NX, Heap- und Stackschutz sollten aktiviert und genutzt werden. Quelle: Schutz vor Ausnutzung von Schwachstellen in Anwendungen (S.1)";"1. Welche spezifischen Sicherheitsarchitekturen (z. B. AppArmor, SELinux) eignen sich am besten für die Kapselung von sicherheitskritischen Anwendungen?
2. Wie kann die Netztrennung in Virtualisierungslösungen sicher gestaltet werden?
3. Welche Maßnahmen sind erforderlich, um die Ausbreitung von Schwachstellen in Kubernetes-Umgebungen zu verhindern?";3;3;0.9150793650641138;1.0;1.0;0.805123108694018;Welche spezifischen Sicherheitsarchitekturen (z. B. AppArmor, SELinux) eignen sich am besten für die Kapselung von sicherheitskritischen Anwendungen?;2;2;Direkte Abdeckung durch IT-Grundschutz;Wie kann die Netztrennung in Virtualisierungslösungen sicher gestaltet werden?;2;2;Direkte Netztrennung in Virtualisierung;Welche Maßnahmen sind erforderlich, um die Ausbreitung von Schwachstellen in Kubernetes-Umgebungen zu verhindern?;1;1;Teilweise abgedeckt, thematisch verwandt;1.667;1.667
Welche Maßnahmen steigern die Verfügbarkeit und schützen vor Ausfällen?;"Um die Verfügbarkeit von Servern zu steigern und vor Ausfällen zu schützen, sollten mehrere Maßnahmen ergriffen werden. Dazu gehören die Implementierung von Redundanzen, der Abschluss von Wartungsverträgen mit Lieferanten und die Prüfung, ob Hochverfügbarkeitsarchitekturen mit automatischem Failover erforderlich sind, gegebenenfalls über verschiedene Standorte hinweg. Diese Maßnahmen sollen sicherstellen, dass Server mit hohen Verfügbarkeitsanforderungen angemessen geschützt sind. Quelle: SYS.1.1.A28 Steigerung der Verfügbarkeit durch Redundanz (H) (S. unbekannt).

Anschlussfragen:
1. Wie können Hochverfügbarkeitsarchitekturen mit automatischem Failover in der Praxis umgesetzt werden?
2. Welche Rolle spielen Wartungsverträge mit Lieferanten bei der Gewährleistung der Server-Verfügbarkeit?
3. Wie können Redundanzen in Server-Systemen effektiv implementiert werden, um Ausfälle zu minimieren?";Um die Verfügbarkeit von Servern zu steigern und vor Ausfällen zu schützen, sollten mehrere Maßnahmen ergriffen werden. Dazu gehören die Implementierung von Redundanzen, der Abschluss von Wartungsverträgen mit Lieferanten und die Prüfung, ob Hochverfügbarkeitsarchitekturen mit automatischem Failover erforderlich sind, gegebenenfalls über verschiedene Standorte hinweg. Diese Maßnahmen sollen sicherstellen, dass Server mit hohen Verfügbarkeitsanforderungen angemessen geschützt sind. Quelle: SYS.1.1.A28 Steigerung der Verfügbarkeit durch Redundanz (H) (S. unbekannt).;SYS.1.1.A28 Steigerung der Verfügbarkeit durch Redundanz (H) Server mit hohen Verfügbarkeitsanforderungen SOLLTEN gegen Ausfälle in geeigneter Weise geschützt sein. Hierzu SOLLTEN mindestens geeignete Redundanzen verfügbar sein sowie Wartungsverträge mit den Lieferanten abgeschlossen werden. Es SOLLTE geprüft werden, ob bei sehr hohen Anforderungen Hochverfügbarkeitsarchitekturen mit automatischem Failover, gegebenenfalls über verschiedene Standorte hinweg, erforderlich sind.;"Um die Verfügbarkeit zu steigern und vor Ausfällen zu schützen, können folgende Maßnahmen ergriffen werden:

1. **Redundanz und Wartungsverträge für Server**:
   - Server mit hohen Verfügbarkeitsanforderungen SOLLTEN gegen Ausfälle geschützt werden, indem mindestens geeignete Redundanzen verfügbar sind und Wartungsverträge mit den Lieferanten abgeschlossen werden. Bei sehr hohen Anforderungen SOLLTE geprüft werden, ob Hochverfügbarkeitsarchitekturen mit automatischem Failover, gegebenenfalls über verschiedene Standorte hinweg, erforderlich sind. Quelle: Steigerung der Verfügbarkeit durch Redundanz (S.1-2)

2. **Maßnahmen für Drucker, Kopierer und Multifunktionsgeräte**:
   - Um Ausfallzeiten zu minimieren, SOLLTEN Ersatzgeräte bereitstehen, Wartungsverträge mit angemessener Reaktionszeit abgeschlossen werden, eine Liste mit Fachhandlungen geführt werden, um schnell Ersatzgeräte oder -teile beschaffen zu können, und falls erforderlich, häufig benötigte Ersatzteile gelagert werden. Quelle: Verringerung von Ausfallzeiten bei Druckern, Kopierern und Multifunktionsgeräten (S.3-4)

3. **Sicherstellung der Verfügbarkeit von Kommunikationsdiensten**:
   - Die Verfügbarkeit von UCC-Diensten SOLLTE durch redundante Auslegung zentraler Server und Dienste, Benutzung von Call Admission Control (CAC) zur Qualitätssicherung von Telefonie und Video-Diensten, sowie möglichst autark funktionierende UCC-Dienste sichergestellt werden. Bei Cloud-basierten UCC-Diensten SOLLTE der Cloud-Provider sowie der Internet-Provider ausfallsicher an das eigene Netz angebunden werden. Zudem SOLLTE ein SIP-Provider hochverfügbar an das eigene Netz angebunden werden. Die Verfügbarkeit SOLLTE durch ein Monitoring der UCC-Dienste überwacht werden. Quelle: Sicherstellung der Verfügbarkeit von Kommunikationsdiensten (S.5-7)

4. **Hochverfügbarkeit der zentralen NAC-Komponenten**:
   - Die zentralen NAC-Komponenten SOLLTEN redundant ausgelegt werden. Alle weiteren zentralen Dienste, die für die Funktionsfähigkeit der NAC-Lösung essentiell sind, SOLLTEN auch hochverfügbar ausgelegt sein. Die für die Hochverfügbarkeit relevanten Parameter SOLLTEN in Monitoring und Protokollierung integriert werden. Statusänderungen und Warnmeldungen SOLLTEN regelmäßig kontrolliert und gegebenenfalls in eine Alarmierung einbezogen werden. Die RADIUS-down-Policies SOLLTEN das Sicherheitsniveau des Netzes NICHT senken. Quelle: Hochverfügbarkeit der zentralen NAC-Komponenten (S.8-9)

5. **Hochverfügbarkeit von Kubernetes**:
   - Der Betrieb SOLLTE so aufgebaut sein, dass bei Ausfall eines Standortes die Cluster und damit die Anwendungen in den Pods entweder ohne Unterbrechung weiterlaufen oder in kurzer Zeit an einem anderen Standort neu anlaufen können. Für den Wiederanlauf SOLLTEN alle notwendigen Konfigurationsdateien, Images, Nutzdaten, Netzverbindungen und sonstige für den Betrieb benötigten Ressourcen inklusive der zum Betrieb nötigen Hardware bereits an diesem Standort verfügbar sein. Für den unterbrechungsfreien Betrieb des Clusters SOLLTEN die Control Plane von Kubernetes, die Infrastruktur-Anwendungen der Cluster sowie die Pods der Anwendungen anhand von Standort-Daten der Nodes über mehrere Brandabschnitte so verteilt werden, dass der Ausfall eines Brandabschnitts nicht zum Ausfall der Anwendung führt. Quelle: Hochverfügbarkeit von Kubernetes (S.10-11)

Anschlussfragen:
1. Welche spezifischen Hochverfügbarkeitsarchitekturen werden für Server empfohlen?
2. Wie können Wartungsverträge mit Lieferanten gestaltet werden, um die Verfügbarkeit zu gewährleisten?
3. Welche Maßnahmen sind besonders wichtig, um die Verfügbarkeit von Kommunikationsdiensten sicherzustellen?";"Um die Verfügbarkeit zu steigern und vor Ausfällen zu schützen, können folgende Maßnahmen ergriffen werden:

1. **Redundanz und Wartungsverträge für Server**:
   - Server mit hohen Verfügbarkeitsanforderungen SOLLTEN gegen Ausfälle geschützt werden, indem mindestens geeignete Redundanzen verfügbar sind und Wartungsverträge mit den Lieferanten abgeschlossen werden. Bei sehr hohen Anforderungen SOLLTE geprüft werden, ob Hochverfügbarkeitsarchitekturen mit automatischem Failover, gegebenenfalls über verschiedene Standorte hinweg, erforderlich sind. Quelle: Steigerung der Verfügbarkeit durch Redundanz (S.1-2)

2. **Maßnahmen für Drucker, Kopierer und Multifunktionsgeräte**:
   - Um Ausfallzeiten zu minimieren, SOLLTEN Ersatzgeräte bereitstehen, Wartungsverträge mit angemessener Reaktionszeit abgeschlossen werden, eine Liste mit Fachhandlungen geführt werden, um schnell Ersatzgeräte oder -teile beschaffen zu können, und falls erforderlich, häufig benötigte Ersatzteile gelagert werden. Quelle: Verringerung von Ausfallzeiten bei Druckern, Kopierern und Multifunktionsgeräten (S.3-4)

3. **Sicherstellung der Verfügbarkeit von Kommunikationsdiensten**:
   - Die Verfügbarkeit von UCC-Diensten SOLLTE durch redundante Auslegung zentraler Server und Dienste, Benutzung von Call Admission Control (CAC) zur Qualitätssicherung von Telefonie und Video-Diensten, sowie möglichst autark funktionierende UCC-Dienste sichergestellt werden. Bei Cloud-basierten UCC-Diensten SOLLTE der Cloud-Provider sowie der Internet-Provider ausfallsicher an das eigene Netz angebunden werden. Zudem SOLLTE ein SIP-Provider hochverfügbar an das eigene Netz angebunden werden. Die Verfügbarkeit SOLLTE durch ein Monitoring der UCC-Dienste überwacht werden. Quelle: Sicherstellung der Verfügbarkeit von Kommunikationsdiensten (S.5-7)

4. **Hochverfügbarkeit der zentralen NAC-Komponenten**:
   - Die zentralen NAC-Komponenten SOLLTEN redundant ausgelegt werden. Alle weiteren zentralen Dienste, die für die Funktionsfähigkeit der NAC-Lösung essentiell sind, SOLLTEN auch hochverfügbar ausgelegt sein. Die für die Hochverfügbarkeit relevanten Parameter SOLLTEN in Monitoring und Protokollierung integriert werden. Statusänderungen und Warnmeldungen SOLLTEN regelmäßig kontrolliert und gegebenenfalls in eine Alarmierung einbezogen werden. Die RADIUS-down-Policies SOLLTEN das Sicherheitsniveau des Netzes NICHT senken. Quelle: Hochverfügbarkeit der zentralen NAC-Komponenten (S.8-9)

5. **Hochverfügbarkeit von Kubernetes**:
   - Der Betrieb SOLLTE so aufgebaut sein, dass bei Ausfall eines Standortes die Cluster und damit die Anwendungen in den Pods entweder ohne Unterbrechung weiterlaufen oder in kurzer Zeit an einem anderen Standort neu anlaufen können. Für den Wiederanlauf SOLLTEN alle notwendigen Konfigurationsdateien, Images, Nutzdaten, Netzverbindungen und sonstige für den Betrieb benötigten Ressourcen inklusive der zum Betrieb nötigen Hardware bereits an diesem Standort verfügbar sein. Für den unterbrechungsfreien Betrieb des Clusters SOLLTEN die Control Plane von Kubernetes, die Infrastruktur-Anwendungen der Cluster sowie die Pods der Anwendungen anhand von Standort-Daten der Nodes über mehrere Brandabschnitte so verteilt werden, dass der Ausfall eines Brandabschnitts nicht zum Ausfall der Anwendung führt. Quelle: Hochverfügbarkeit von Kubernetes (S.10-11)";"1. Welche spezifischen Hochverfügbarkeitsarchitekturen werden für Server empfohlen?
2. Wie können Wartungsverträge mit Lieferanten gestaltet werden, um die Verfügbarkeit zu gewährleisten?
3. Welche Maßnahmen sind besonders wichtig, um die Verfügbarkeit von Kommunikationsdiensten sicherzustellen?";3;3;0.8099999999838;1.0;1.0;0.38061059308752676;Welche spezifischen Hochverfügbarkeitsarchitekturen werden für Server empfohlen?;2;2;Direkte Empfehlungen;Wie können Wartungsverträge mit Lieferanten gestaltet werden, um die Verfügbarkeit zu gewährleisten?;2;2;Direkte Erwähnung von Wartungsverträgen;Welche Maßnahmen sind besonders wichtig, um die Verfügbarkeit von Kommunikationsdiensten sicherzustellen?;2;2;Direkt relevante Vertiefung;2.0;2.0
Wie setze ich Ausführungskontrolle wirksam ein?;"Um Ausführungskontrolle wirksam einzusetzen, SOLLTE über eine Ausführungskontrolle sichergestellt werden, dass nur explizit erlaubte Programme und Skripte ausgeführt werden können Quelle: SYS.1.1.A31 (S.391). Die Regeln SOLLTEN so eng wie möglich gefasst werden, um Missbrauch zu reduzieren Quelle: SYS.1.1.A31 (S.391). Falls Pfade und Hashes nicht explizit angegeben werden können, SOLLTEN alternativ auch zertifikatsbasierte oder Pfad-Regeln genutzt werden Quelle: SYS.1.1.A31 (S.391).

Anschlussfragen:
1. Wie kann ich die Ausführungskontrolle auf meinem Server-IT-System umsetzen, wenn ich ein verbreitetes Server-Betriebssystem verwende?
2. Welche Rolle spielt die Ausführungskontrolle im Schutz vor Schadsoftware auf Servern?
3. Wie kann ich die Anforderungen an das Rollen- und Berechtigungskonzept bei der Umsetzung der Ausführungskontrolle auf meinem Server berücksichtigen?";Um Ausführungskontrolle wirksam einzusetzen, SOLLTE über eine Ausführungskontrolle sichergestellt werden, dass nur explizit erlaubte Programme und Skripte ausgeführt werden können Quelle: SYS.1.1.A31 (S.391). Die Regeln SOLLTEN so eng wie möglich gefasst werden, um Missbrauch zu reduzieren Quelle: SYS.1.1.A31 (S.391). Falls Pfade und Hashes nicht explizit angegeben werden können, SOLLTEN alternativ auch zertifikatsbasierte oder Pfad-Regeln genutzt werden Quelle: SYS.1.1.A31 (S.391).;SYS.1.1.A31 Einsatz von Ausführungskontrolle (H) Es SOLLTE über eine Ausführungskontrolle sichergestellt werden, dass nur explizit erlaubte Programme und Skripte ausgeführt werden können. Die Regeln SOLLTEN so eng wie möglich gefasst werden. Falls Pfade und Hashes nicht explizit angegeben werden können, SOLLTEN alternativ auch zertifikatsbasierte oder Pfad-Regeln genutzt werden.;"Um Ausführungskontrolle wirksam einzusetzen, SOLLTE sichergestellt werden, dass nur explizit erlaubte Programme und Skripte ausgeführt werden können. Die Regeln SOLLTEN so eng wie möglich gefasst werden. Falls Pfade und Hashes nicht explizit angegeben werden können, SOLLTEN alternativ auch zertifikatsbasierte oder Pfad-Regeln genutzt werden. Quelle: Einsatz von Ausführungskontrolle (S.1)

Anschlussfragen:
1. Welche Tools oder Methoden können zur Überwachung und Auswertung der Ausführungskontrolle eingesetzt werden?
2. Wie kann die Dokumentation und Nachverfolgung der Ausführungskontrolle erfolgen?
3. Welche Rolle spielt die regelmäßige Überprüfung und Anpassung der Ausführungskontrolle im Rahmen des Sicherheitskonzepts?";Um Ausführungskontrolle wirksam einzusetzen, SOLLTE sichergestellt werden, dass nur explizit erlaubte Programme und Skripte ausgeführt werden können. Die Regeln SOLLTEN so eng wie möglich gefasst werden. Falls Pfade und Hashes nicht explizit angegeben werden können, SOLLTEN alternativ auch zertifikatsbasierte oder Pfad-Regeln genutzt werden. Quelle: Einsatz von Ausführungskontrolle (S.1);"1. Welche Tools oder Methoden können zur Überwachung und Auswertung der Ausführungskontrolle eingesetzt werden?
2. Wie kann die Dokumentation und Nachverfolgung der Ausführungskontrolle erfolgen?
3. Welche Rolle spielt die regelmäßige Überprüfung und Anpassung der Ausführungskontrolle im Rahmen des Sicherheitskonzepts?";3;3;0.8666666666377778;1.0;0.75;0.9859233264123852;Welche Tools oder Methoden können zur Überwachung und Auswertung der Ausführungskontrolle eingesetzt werden?;1;2;Teilweise abgedeckt;Wie kann die Dokumentation und Nachverfolgung der Ausführungskontrolle erfolgen?;1;2;Teilweise abgedeckt;Welche Rolle spielt die regelmäßige Überprüfung und Anpassung der Ausführungskontrolle im Rahmen des Sicherheitskonzepts?;2;2;Direkte Relevanz zur Ausgangsfrage;1.333;2.0
Wie manage ich Wurzelzertifikate im Zuge der Beschaffung und Installation von Servern ?;"Um Wurzelzertifikate im Zuge der Beschaffung und Installation von Servern zu managen, sollte dokumentiert werden, welche Wurzelzertifikate für den Betrieb des Servers notwendig sind Quelle: SYS.1.1.A33 (S.?). Auf dem Server sollten lediglich die für den Betrieb notwendigen und vorab dokumentierten Wurzelzertifikate enthalten sein Quelle: SYS.1.1.A33 (S.?). Es sollte regelmäßig überprüft werden, ob die vorhandenen Wurzelzertifikate noch den Vorgaben der Institution entsprechen Quelle: SYS.1.1.A33 (S.?).

Anschlussfragen:
1. Wie können die notwendigen Wurzelzertifikate für den Server identifiziert werden?
2. Welche Rolle spielt die regelmäßige Überprüfung der Wurzelzertifikate im Rahmen des IT-Grundschutzes?
3. Wie können die Wurzelzertifikate auf dem Server verwaltet und aktualisiert werden, um die Sicherheit zu gewährleisten?";Um Wurzelzertifikate im Zuge der Beschaffung und Installation von Servern zu managen, sollte dokumentiert werden, welche Wurzelzertifikate für den Betrieb des Servers notwendig sind Quelle: SYS.1.1.A33 (S.?). Auf dem Server sollten lediglich die für den Betrieb notwendigen und vorab dokumentierten Wurzelzertifikate enthalten sein Quelle: SYS.1.1.A33 (S.?). Es sollte regelmäßig überprüft werden, ob die vorhandenen Wurzelzertifikate noch den Vorgaben der Institution entsprechen Quelle: SYS.1.1.A33 (S.?).;SYS.1.1.A33 Aktive Verwaltung der Wurzelzertifikate (H) Im Zuge der Beschaffung und Installation des Servers SOLLTE dokumentiert werden, welche Wurzelzertifikate für den Betrieb des Servers notwendig sind. Auf dem Server SOLLTEN lediglich die für den Betrieb notwendigen und vorab dokumentierten Wurzelzertifikate enthalten sein. Es SOLLTE regelmäßig überprüft werden, ob die vorhandenen Wurzelzertifikate noch den Vorgaben der Institution entsprechen. Es SOLLTEN alle auf dem IT-System vorhandenen Zertifikatsspeicher in die Prüfung einbezogen werden.;"Um Wurzelzertifikate im Zuge der Beschaffung und Installation von Servern zu managen, sollten folgende Schritte beachtet werden:

1. **Dokumentation der benötigten Wurzelzertifikate**: Im Zuge der Beschaffung und Installation des Servers SOLLTE dokumentiert werden, welche Wurzelzertifikate für den Betrieb des Servers notwendig sind. Quelle: Aktive Verwaltung der Wurzelzertifikate (S.1)

2. **Installation der dokumentierten Wurzelzertifikate**: Auf dem Server SOLLTEN lediglich die für den Betrieb notwendigen und vorab dokumentierten Wurzelzertifikate enthalten sein. Quelle: Aktive Verwaltung der Wurzelzertifikate (S.1)

3. **Regelmäßige Überprüfung der Wurzelzertifikate**: Es SOLLTE regelmäßig überprüft werden, ob die vorhandenen Wurzelzertifikate noch den Vorgaben der Institution entsprechen. Es SOLLTEN alle auf dem IT-System vorhandenen Zertifikatsspeicher in die Prüfung einbezogen werden. Quelle: Aktive Verwaltung der Wurzelzertifikate (S.1)

4. **Verwendung von vertrauenswürdigen Zertifikaten**: Falls der Webbrowser eine eigene Liste von vertrauenswürdigen Wurzelzertifikaten bereitstellt, MUSS sichergestellt werden, dass nur der IT-Betrieb diese ändern kann. Falls dies nicht durch technische Maßnahmen möglich ist, MUSS den Benutzenden verboten werden, diese Liste zu ändern. Quelle: Verwendung von vertrauenswürdigen Zertifikaten (S.2)

5. **Verifizierung der Zertifikate durch den Webbrowser**: Der Webbrowser MUSS die Gültigkeit der Server-Zertifikate mithilfe des öffentlichen Schlüssels und unter Berücksichtigung des Gültigkeitszeitraums vollständig prüfen. Auch der Sperrstatus der Server-Zertifikate MUSS vom Webbrowser geprüft werden. Die Zertifikatskette einschließlich des Wurzelzertifikats MUSS verifiziert werden. Quelle: Verwendung von vertrauenswürdigen Zertifikaten (S.2)

6. **Anzeige der Zertifikatsinformationen durch den Webbrowser**: Der Webbrowser MUSS den Benutzenden eindeutig und gut sichtbar darstellen, ob die Kommunikation im Klartext oder verschlüsselt erfolgt. Der Webbrowser SOLLTE den Benutzenden auf Anforderung das verwendete Serverzertifikat anzeigen können. Der Webbrowser MUSS den Benutzenden signalisieren, wenn Zertifikate fehlen, ungültig sind oder widerrufen wurden. Der Webbrowser MUSS in diesem Fall die Verbindung abbrechen, bis die Benutzenden diese ausdrücklich bestätigt haben. Quelle: Verwendung von vertrauenswürdigen Zertifikaten (S.2)

Anschlussfragen:
1. Wie kann die regelmäßige Überprüfung der Wurzelzertifikate auf den Servern automatisiert werden?
2. Welche Maßnahmen können ergriffen werden, um sicherzustellen, dass nur vertrauenswürdige Wurzelzertifikate auf den Servern installiert werden?
3. Wie kann der IT-Betrieb sicherstellen, dass die Benutzenden keine nicht vertrauenswürdigen Wurzelzertifikate installieren?";"Um Wurzelzertifikate im Zuge der Beschaffung und Installation von Servern zu managen, sollten folgende Schritte beachtet werden:

1. **Dokumentation der benötigten Wurzelzertifikate**: Im Zuge der Beschaffung und Installation des Servers SOLLTE dokumentiert werden, welche Wurzelzertifikate für den Betrieb des Servers notwendig sind. Quelle: Aktive Verwaltung der Wurzelzertifikate (S.1)

2. **Installation der dokumentierten Wurzelzertifikate**: Auf dem Server SOLLTEN lediglich die für den Betrieb notwendigen und vorab dokumentierten Wurzelzertifikate enthalten sein. Quelle: Aktive Verwaltung der Wurzelzertifikate (S.1)

3. **Regelmäßige Überprüfung der Wurzelzertifikate**: Es SOLLTE regelmäßig überprüft werden, ob die vorhandenen Wurzelzertifikate noch den Vorgaben der Institution entsprechen. Es SOLLTEN alle auf dem IT-System vorhandenen Zertifikatsspeicher in die Prüfung einbezogen werden. Quelle: Aktive Verwaltung der Wurzelzertifikate (S.1)

4. **Verwendung von vertrauenswürdigen Zertifikaten**: Falls der Webbrowser eine eigene Liste von vertrauenswürdigen Wurzelzertifikaten bereitstellt, MUSS sichergestellt werden, dass nur der IT-Betrieb diese ändern kann. Falls dies nicht durch technische Maßnahmen möglich ist, MUSS den Benutzenden verboten werden, diese Liste zu ändern. Quelle: Verwendung von vertrauenswürdigen Zertifikaten (S.2)

5. **Verifizierung der Zertifikate durch den Webbrowser**: Der Webbrowser MUSS die Gültigkeit der Server-Zertifikate mithilfe des öffentlichen Schlüssels und unter Berücksichtigung des Gültigkeitszeitraums vollständig prüfen. Auch der Sperrstatus der Server-Zertifikate MUSS vom Webbrowser geprüft werden. Die Zertifikatskette einschließlich des Wurzelzertifikats MUSS verifiziert werden. Quelle: Verwendung von vertrauenswürdigen Zertifikaten (S.2)

6. **Anzeige der Zertifikatsinformationen durch den Webbrowser**: Der Webbrowser MUSS den Benutzenden eindeutig und gut sichtbar darstellen, ob die Kommunikation im Klartext oder verschlüsselt erfolgt. Der Webbrowser SOLLTE den Benutzenden auf Anforderung das verwendete Serverzertifikat anzeigen können. Der Webbrowser MUSS den Benutzenden signalisieren, wenn Zertifikate fehlen, ungültig sind oder widerrufen wurden. Der Webbrowser MUSS in diesem Fall die Verbindung abbrechen, bis die Benutzenden diese ausdrücklich bestätigt haben. Quelle: Verwendung von vertrauenswürdigen Zertifikaten (S.2)";"1. Wie kann die regelmäßige Überprüfung der Wurzelzertifikate auf den Servern automatisiert werden?
2. Welche Maßnahmen können ergriffen werden, um sicherzustellen, dass nur vertrauenswürdige Wurzelzertifikate auf den Servern installiert werden?
3. Wie kann der IT-Betrieb sicherstellen, dass die Benutzenden keine nicht vertrauenswürdigen Wurzelzertifikate installieren?";3;3;0.99999999995;0.8;1.0;0.46413898403857046;Wie kann die regelmäßige Überprüfung der Wurzelzertifikate auf den Servern automatisiert werden?;2;2;Regelmäßige Überprüfung;Welche Maßnahmen können ergriffen werden, um sicherzustellen, dass nur vertrauenswürdige Wurzelzertifikate auf den Servern installiert werden?;2;2;Direkte Maßnahmen zur Wurzelzertifikat-Verwaltung;Wie kann der IT-Betrieb sicherstellen, dass die Benutzenden keine nicht vertrauenswürdigen Wurzelzertifikate installieren?;2;2;Direkt relevante Frage zur Wurzelzertifikat-Verwaltung;2.0;2.0
Wie sichere ich den Bootvorgang ab?;"Um den Bootvorgang abzusichern, SOLLTE der Bootloader und der Betriebssystem-Kern durch selbstkontrolliertes Schlüsselmaterial signiert und in einer vertrauenswürdigen Kette geprüft werden, was als Secure Boot bezeichnet wird Quelle: SYS.1.1.A36 (S. nicht spezifiziert). Darüber hinaus SOLLTE nicht benötigtes Schlüsselmaterial entfernt werden, um die Sicherheit zu erhöhen Quelle: SYS.1.1.A36 (S. nicht spezifiziert).

Anschlussfragen:
1. Wie kann ich sicherstellen, dass nur autorisierte Software während des Bootvorgangs geladen wird?
2. Welche Rolle spielt die Verwaltung von Schlüsselmaterial bei der Absicherung des Bootvorgangs?
3. Wie kann ich den Bootvorgang in meinem bestehenden Server-Setup anpassen, um Secure Boot zu implementieren?";Um den Bootvorgang abzusichern, SOLLTE der Bootloader und der Betriebssystem-Kern durch selbstkontrolliertes Schlüsselmaterial signiert und in einer vertrauenswürdigen Kette geprüft werden, was als Secure Boot bezeichnet wird Quelle: SYS.1.1.A36 (S. nicht spezifiziert). Darüber hinaus SOLLTE nicht benötigtes Schlüsselmaterial entfernt werden, um die Sicherheit zu erhöhen Quelle: SYS.1.1.A36 (S. nicht spezifiziert).;SYS.1.1.A36 Absicherung des Bootvorgangs (H) Bootloader und Betriebssystem-Kern SOLLTEN durch selbstkontrolliertes Schlüsselmaterial signiert beim Systemstart in einer vertrauenswürdigen Kette geprüft werden (Secure Boot). Nicht benötigtes Schlüsselmaterial SOLLTE entfernt werden.;"Um den Bootvorgang abzusichern, müssen folgende Maßnahmen ergriffen werden:

1. **Festlegung der Bootmedien**: Es MUSS festgelegt werden, von welchen Medien gebootet werden darf. Nur Administrierende dürfen von anderen als den voreingestellten Laufwerken oder externen Speichermedien booten. Quelle: Absicherung des Bootvorgangs (S.1-2).

2. **Kryptografischer Schutz**: Es SOLLTE entschieden werden, ob und wie der Bootvorgang kryptografisch geschützt werden soll. Quelle: Absicherung des Bootvorgangs (S.1).

3. **Deaktivierung nicht benötigter Firmware-Funktionen**: Alle nicht benötigten Funktionen in der Firmware des Client-Systems MÜSSEN deaktiviert werden. Quelle: Absicherung des Bootvorgangs (S.2).

4. **Secure Boot**: Bootloader und Betriebssystem-Kern SOLLTEN durch selbstkontrolliertes Schlüsselmaterial signiert und beim Systemstart in einer vertrauenswürdigen Kette geprüft werden. Nicht benötigtes Schlüsselmaterial SOLLTE entfernt werden. Quelle: Absicherung des Bootvorgangs (S.3).

5. **Abgesicherter Bootprozess bei eingebetteten Systemen**: Der Bootprozess eines eingebetteten Systems SOLLTE abgesichert sein, indem der Bootloader die Integrität des Betriebssystems überprüft und es nur dann lädt, wenn es als korrekt eingestuft wurde. Quelle: Abgesicherter und authentisierter Bootprozess bei eingebetteten Systemen (S.4).

6. **Mehrstufiges Boot-Konzept**: Es SOLLTE ein mehrstufiges Boot-Konzept mit kryptografisch sicherer Überprüfung der Einzelschritte realisiert werden. Quelle: Abgesicherter und authentisierter Bootprozess bei eingebetteten Systemen (S.4).

7. **Sichere Hardware-Vertrauensanker**: Sichere Hardware-Vertrauensanker SOLLTEN verwendet werden. Quelle: Abgesicherter und authentisierter Bootprozess bei eingebetteten Systemen (S.4).

8. **Android-Sicherheitskonzept**: Der Bootprozess von Android-basierten Geräten wird mit Hilfe eines Herstellendenzertifikats abgesichert. Beim Entsperren des Bootloaders wird diese Vertrauenskette unterbrochen. Quelle: Android (S.5-6).

Anschlussfragen:
1. Wie kann die Integrität des Betriebssystems während des Bootvorgangs sichergestellt werden?
2. Welche Maßnahmen sind erforderlich, um den Bootvorgang bei eingebetteten Systemen abzusichern?
3. Wie kann die Sicherheit von Android-basierten Geräten während des Bootvorgangs verbessert werden?";"Um den Bootvorgang abzusichern, müssen folgende Maßnahmen ergriffen werden:

1. **Festlegung der Bootmedien**: Es MUSS festgelegt werden, von welchen Medien gebootet werden darf. Nur Administrierende dürfen von anderen als den voreingestellten Laufwerken oder externen Speichermedien booten. Quelle: Absicherung des Bootvorgangs (S.1-2).

2. **Kryptografischer Schutz**: Es SOLLTE entschieden werden, ob und wie der Bootvorgang kryptografisch geschützt werden soll. Quelle: Absicherung des Bootvorgangs (S.1).

3. **Deaktivierung nicht benötigter Firmware-Funktionen**: Alle nicht benötigten Funktionen in der Firmware des Client-Systems MÜSSEN deaktiviert werden. Quelle: Absicherung des Bootvorgangs (S.2).

4. **Secure Boot**: Bootloader und Betriebssystem-Kern SOLLTEN durch selbstkontrolliertes Schlüsselmaterial signiert und beim Systemstart in einer vertrauenswürdigen Kette geprüft werden. Nicht benötigtes Schlüsselmaterial SOLLTE entfernt werden. Quelle: Absicherung des Bootvorgangs (S.3).

5. **Abgesicherter Bootprozess bei eingebetteten Systemen**: Der Bootprozess eines eingebetteten Systems SOLLTE abgesichert sein, indem der Bootloader die Integrität des Betriebssystems überprüft und es nur dann lädt, wenn es als korrekt eingestuft wurde. Quelle: Abgesicherter und authentisierter Bootprozess bei eingebetteten Systemen (S.4).

6. **Mehrstufiges Boot-Konzept**: Es SOLLTE ein mehrstufiges Boot-Konzept mit kryptografisch sicherer Überprüfung der Einzelschritte realisiert werden. Quelle: Abgesicherter und authentisierter Bootprozess bei eingebetteten Systemen (S.4).

7. **Sichere Hardware-Vertrauensanker**: Sichere Hardware-Vertrauensanker SOLLTEN verwendet werden. Quelle: Abgesicherter und authentisierter Bootprozess bei eingebetteten Systemen (S.4).

8. **Android-Sicherheitskonzept**: Der Bootprozess von Android-basierten Geräten wird mit Hilfe eines Herstellendenzertifikats abgesichert. Beim Entsperren des Bootloaders wird diese Vertrauenskette unterbrochen. Quelle: Android (S.5-6).";"1. Wie kann die Integrität des Betriebssystems während des Bootvorgangs sichergestellt werden?
2. Welche Maßnahmen sind erforderlich, um den Bootvorgang bei eingebetteten Systemen abzusichern?
3. Wie kann die Sicherheit von Android-basierten Geräten während des Bootvorgangs verbessert werden?";3;3;0.999999999975;1.0;1.0;0.37222067340905074;Wie kann die Integrität des Betriebssystems während des Bootvorgangs sichergestellt werden?;2;2;Direkte Beantwortung durch IT-Grundschutz;Welche Maßnahmen sind erforderlich, um den Bootvorgang bei eingebetteten Systemen abzusichern?;2;2;Direkte Abdeckung;Wie kann die Sicherheit von Android-basierten Geräten während des Bootvorgangs verbessert werden?;2;1;Teilweise Android-spezifisch;2.0;1.667
Welche Windows Server Version soll ich einsetzen?;"Für die Auswahl einer geeigneten Windows Server-Version MUSS eine begründete und dokumentierte Entscheidung getroffen werden, wobei der Einsatzzweck des Servers sowie die Einbindung ins Active Directory spezifiziert werden MÜSSEN Quelle: SYS.1.2.3.A1. Der Baustein SYS.1.2.3 Windows Server ist auf alle Server-Systeme anzuwenden, auf denen das Betriebssystem Microsoft Windows Server in den Versionen 2016, 2019 oder 2022 eingesetzt wird Quelle: Kap. 1.3 Abgrenzung und Modellierung – SYS.1.2.3 Windows Server. 

Anschlussfragen:
1. Welche Rolle spielt die Einbindung ins Active Directory bei der Auswahl einer Windows Server-Version?
2. Wie unterscheiden sich die Sicherheitsanforderungen für Windows Server 2012 im Vergleich zu den Versionen 2016, 2019 und 2022?
3. Welche weiteren Bausteine MÜSSEN bei der Nutzung von Cloud-Diensten mit Windows Server berücksichtigt werden?";Für die Auswahl einer geeigneten Windows Server-Version MUSS eine begründete und dokumentierte Entscheidung getroffen werden, wobei der Einsatzzweck des Servers sowie die Einbindung ins Active Directory spezifiziert werden MÜSSEN Quelle: SYS.1.2.3.A1. Der Baustein SYS.1.2.3 Windows Server ist auf alle Server-Systeme anzuwenden, auf denen das Betriebssystem Microsoft Windows Server in den Versionen 2016, 2019 oder 2022 eingesetzt wird Quelle: Kap. 1.3 Abgrenzung und Modellierung – SYS.1.2.3 Windows Server.;SYS.1.2.3.A1 Planung von Windows Server (B) Es MUSS eine begründete und dokumentierte Entscheidung für eine geeignete Edition von Windows Server getroffen werden. Der Einsatzzweck des Servers sowie die Einbindung ins Active Directory MÜSSEN dabei spezifiziert werden. Die Nutzung von mitgelieferten Cloud-Diensten im Betriebssystem MUSS grundsätzlich abgewogen und gründlich geplant werden. Wenn nicht benötigt, MUSS die Einrichtung von Microsoft-Konten auf dem Server blockiert werden.;"Die Wahl der Windows Server-Version hängt von den spezifischen Anforderungen und dem Einsatzzweck ab. Gemäß dem IT-Grundschutz-Kompendium sind die Versionen Windows Server 2016, 2019 und 2022 als Langzeit-Versionen (Long-Term Servicing Channel, LTSC) geeignet. Diese Versionen basieren auf der Codebasis von Windows 10 und bieten cloudbasierte Funktionen sowie Schnittstellen zur Microsoft Azure Cloud-Plattform. Der Baustein SYS.1.2.3 Windows Server ist auf alle Server-Systeme anzuwenden, auf denen diese Betriebssysteme eingesetzt werden. Für Windows Server 2012 ist stattdessen der Baustein SYS.1.2.2 Windows Server 2012 zu modellieren.

Bei der Planung und Installation von Windows Server MUSS eine begründete und dokumentierte Entscheidung für eine geeignete Edition getroffen werden. Der Einsatzzweck des Servers sowie die Einbindung ins Active Directory MÜSSEN dabei spezifiziert werden. Die Nutzung von mitgelieferten Cloud-Diensten im Betriebssystem MUSS grundsätzlich abgewogen und gründlich geplant werden. Wenn nicht benötigt, MUSS die Einrichtung von Microsoft-Konten auf dem Server blockiert werden. Wenn vom Funktionsumfang her ausreichend, MUSS die Server-Core-Variante installiert werden. Andernfalls MUSS begründet werden, warum die Server-Core-Variante nicht genügt.

Für die Absicherung von Windows Server 2012 und Windows Server 2012 R2 ist der Baustein SYS.1.2.2 Windows Server 2012 anzuwenden. Dieser Baustein konkretisiert und ergänzt die Aspekte, die im Baustein SYS.1.1 Allgemeiner Server behandelt werden, um Besonderheiten von Windows Server 2012. Der Einsatz von Windows Server 2012 MUSS vor der Installation sorgfältig geplant werden. Die Anforderungen an die Hardware MÜSSEN vor der Beschaffung geprüft werden. Es MUSS eine begründete und dokumentierte Entscheidung für eine geeignete Edition des Windows Server 2012 getroffen werden. Der Einsatzzweck des Servers sowie die Einbindung ins Active Directory MÜSSEN dabei spezifiziert werden. Die Nutzung von ins Betriebssystem integrierten Cloud-Diensten MUSS grundsätzlich abgewogen und geplant werden. Wenn nicht benötigt, MUSS die Einrichtung von Microsoft-Konten auf dem Server blockiert werden.

Quelle: Abgrenzung und Modellierung (S. 1-2), Planung von Windows Server (S. 3), Planung von Windows Server 2012 (S. 3), Sichere Installation von Windows Server (S. 3), Sichere Installation von Windows Server 2012 (S. 3)

Anschlussfragen:
1. Welche spezifischen Sicherheitsanforderungen gelten für die Einbindung von Windows Server in eine Active-Directory-Domäne?
2. Wie kann die Übertragung von Diagnose- und Nutzungsdaten an Microsoft reduziert werden?
3. Welche Anforderungen gelten für die Absicherung von Windows Server 2012 im Vergleich zu neueren Versionen?";"Die Wahl der Windows Server-Version hängt von den spezifischen Anforderungen und dem Einsatzzweck ab. Gemäß dem IT-Grundschutz-Kompendium sind die Versionen Windows Server 2016, 2019 und 2022 als Langzeit-Versionen (Long-Term Servicing Channel, LTSC) geeignet. Diese Versionen basieren auf der Codebasis von Windows 10 und bieten cloudbasierte Funktionen sowie Schnittstellen zur Microsoft Azure Cloud-Plattform. Der Baustein SYS.1.2.3 Windows Server ist auf alle Server-Systeme anzuwenden, auf denen diese Betriebssysteme eingesetzt werden. Für Windows Server 2012 ist stattdessen der Baustein SYS.1.2.2 Windows Server 2012 zu modellieren.

Bei der Planung und Installation von Windows Server MUSS eine begründete und dokumentierte Entscheidung für eine geeignete Edition getroffen werden. Der Einsatzzweck des Servers sowie die Einbindung ins Active Directory MÜSSEN dabei spezifiziert werden. Die Nutzung von mitgelieferten Cloud-Diensten im Betriebssystem MUSS grundsätzlich abgewogen und gründlich geplant werden. Wenn nicht benötigt, MUSS die Einrichtung von Microsoft-Konten auf dem Server blockiert werden. Wenn vom Funktionsumfang her ausreichend, MUSS die Server-Core-Variante installiert werden. Andernfalls MUSS begründet werden, warum die Server-Core-Variante nicht genügt.

Für die Absicherung von Windows Server 2012 und Windows Server 2012 R2 ist der Baustein SYS.1.2.2 Windows Server 2012 anzuwenden. Dieser Baustein konkretisiert und ergänzt die Aspekte, die im Baustein SYS.1.1 Allgemeiner Server behandelt werden, um Besonderheiten von Windows Server 2012. Der Einsatz von Windows Server 2012 MUSS vor der Installation sorgfältig geplant werden. Die Anforderungen an die Hardware MÜSSEN vor der Beschaffung geprüft werden. Es MUSS eine begründete und dokumentierte Entscheidung für eine geeignete Edition des Windows Server 2012 getroffen werden. Der Einsatzzweck des Servers sowie die Einbindung ins Active Directory MÜSSEN dabei spezifiziert werden. Die Nutzung von ins Betriebssystem integrierten Cloud-Diensten MUSS grundsätzlich abgewogen und geplant werden. Wenn nicht benötigt, MUSS die Einrichtung von Microsoft-Konten auf dem Server blockiert werden.

Quelle: Abgrenzung und Modellierung (S. 1-2), Planung von Windows Server (S. 3), Planung von Windows Server 2012 (S. 3), Sichere Installation von Windows Server (S. 3), Sichere Installation von Windows Server 2012 (S. 3)";"1. Welche spezifischen Sicherheitsanforderungen gelten für die Einbindung von Windows Server in eine Active-Directory-Domäne?
2. Wie kann die Übertragung von Diagnose- und Nutzungsdaten an Microsoft reduziert werden?
3. Welche Anforderungen gelten für die Absicherung von Windows Server 2012 im Vergleich zu neueren Versionen?";3;3;0.6333333333122222;1.0;1.0;0.46660247516899556;Welche spezifischen Sicherheitsanforderungen gelten für die Einbindung von Windows Server in eine Active-Directory-Domäne?;2;2;Direkt relevante Sicherheitsanforderungen;Wie kann die Übertragung von Diagnose- und Nutzungsdaten an Microsoft reduziert werden?;2;1;Telemetrie-Einstellungen;Welche Anforderungen gelten für die Absicherung von Windows Server 2012 im Vergleich zu neueren Versionen?;2;2;Direkte Absicherungsanforderungen;2.0;1.667
Muss ich immer die Server-Core-Variante von Windows installieren?;"Die Installation der Server-Core-Variante von Windows ist nicht immer zwingend erforderlich, aber wenn vom Funktionsumfang her ausreichend, MUSS die Server-Core-Variante installiert werden Quelle: SYS.1.2.3.A2 (S. nicht spezifiziert). Andernfalls MUSS begründet werden, warum die Server-Core-Variante nicht genügt Quelle: SYS.1.2.3.A2 (S. nicht spezifiziert). 

Anschlussfragen:
1. Welche Versionen von Windows Server werden im Baustein SYS.1.2.3 Windows Server behandelt?
2. Was sind die grundlegenden Sicherheitsaspekte, die im Baustein SYS.1.2.3 Windows Server behandelt werden?
3. Welche Rolle spielt die Active-Directory-Domäne im Rahmen des Bausteins SYS.1.2.3 Windows Server?";Die Installation der Server-Core-Variante von Windows ist nicht immer zwingend erforderlich, aber wenn vom Funktionsumfang her ausreichend, MUSS die Server-Core-Variante installiert werden Quelle: SYS.1.2.3.A2 (S. nicht spezifiziert). Andernfalls MUSS begründet werden, warum die Server-Core-Variante nicht genügt Quelle: SYS.1.2.3.A2 (S. nicht spezifiziert).;SYS.1.2.3.A2 Sichere Installation von Windows Server (B) Wenn vom Funktionsumfang her ausreichend, MUSS die Server-Core-Variante installiert werden. Andernfalls MUSS begründet werden, warum die Server-Core-Variante nicht genügt.;"Nein, die Server-Core-Variante von Windows Server muss nicht immer installiert werden. Es MUSS die Server-Core-Variante installiert werden, wenn sie funktional ausreichend ist. Andernfalls MUSS eine Begründung dokumentiert werden, warum die Server-Core-Variante nicht ausreicht. Diese Anforderungen gelten sowohl für die sichere Installation von Windows Server 2012 als auch für die allgemeine sichere Installation von Windows Server. Quelle: Sichere Installation von Windows Server 2012 (S.1), Sichere Installation von Windows Server (S.1), Planung von Windows Server (S.1)

Anschlussfragen:
1. Welche Schritte sind erforderlich, um die Server-Core-Variante von Windows Server zu installieren?
2. Wie kann die Begründung für die Nichtverwendung der Server-Core-Variante dokumentiert werden?
3. Welche alternativen Serverrollen und Features können installiert werden, wenn die Server-Core-Variante nicht ausreicht?";Nein, die Server-Core-Variante von Windows Server muss nicht immer installiert werden. Es MUSS die Server-Core-Variante installiert werden, wenn sie funktional ausreichend ist. Andernfalls MUSS eine Begründung dokumentiert werden, warum die Server-Core-Variante nicht ausreicht. Diese Anforderungen gelten sowohl für die sichere Installation von Windows Server 2012 als auch für die allgemeine sichere Installation von Windows Server. Quelle: Sichere Installation von Windows Server 2012 (S.1), Sichere Installation von Windows Server (S.1), Planung von Windows Server (S.1);"1. Welche Schritte sind erforderlich, um die Server-Core-Variante von Windows Server zu installieren?
2. Wie kann die Begründung für die Nichtverwendung der Server-Core-Variante dokumentiert werden?
3. Welche alternativen Serverrollen und Features können installiert werden, wenn die Server-Core-Variante nicht ausreicht?";3;3;0.94999999997625;1.0;1.0;0.7299422266656428;Welche Schritte sind erforderlich, um die Server-Core-Variante von Windows Server zu installieren?;2;2;Direkte Anleitung zur Installation;Wie kann die Begründung für die Nichtverwendung der Server-Core-Variante dokumentiert werden?;2;2;Dokumentationsanforderung;Welche alternativen Serverrollen und Features können installiert werden, wenn die Server-Core-Variante nicht ausreicht?;2;2;Direkte Vertiefung der Server-Core-Variante;2.0;2.0
Was muss ich wegen Telemetrie und Datenübertragung an Microsoft beachten?;"Um die Übertragung von Diagnose- und Nutzungsdaten an Microsoft stark zu reduzieren, MUSS das Telemetrie-Level 0 (Security) auf dem Windows Server konfiguriert werden Quelle: SYS.1.2.3.A3 (S. unbekannt, da keine Seitenzahl angegeben). Wenn diese Einstellung nicht wirksam umgesetzt wird, dann MUSS durch geeignete Maßnahmen, etwa auf Netzebene, sichergestellt werden, dass die Daten nicht an den Hersteller übertragen werden Quelle: SYS.1.2.3.A3 (S. unbekannt, da keine Seitenzahl angegeben).

Anschlussfragen:
1. Wie kann ich das Telemetrie-Level 0 (Security) auf meinem Windows Server konfigurieren?
2. Welche Maßnahmen kann ich ergreifen, um die Übertragung von Diagnose- und Nutzungsdaten an Microsoft zu verhindern, wenn die Einstellung des Telemetrie-Levels nicht wirksam umgesetzt wird?
3. Gibt es weitere Anforderungen oder Empfehlungen für die Konfiguration von Windows Server in Bezug auf Telemetrie und Datenübertragung, die ich beachten sollte?";Um die Übertragung von Diagnose- und Nutzungsdaten an Microsoft stark zu reduzieren, MUSS das Telemetrie-Level 0 (Security) auf dem Windows Server konfiguriert werden Quelle: SYS.1.2.3.A3 (S. unbekannt, da keine Seitenzahl angegeben). Wenn diese Einstellung nicht wirksam umgesetzt wird, dann MUSS durch geeignete Maßnahmen, etwa auf Netzebene, sichergestellt werden, dass die Daten nicht an den Hersteller übertragen werden Quelle: SYS.1.2.3.A3 (S. unbekannt, da keine Seitenzahl angegeben).;SYS.1.2.3.A3 Telemetrie- und Nutzungsdaten unter Windows Server (B) Um die Übertragung von Diagnose- und Nutzungsdaten an Microsoft stark zu reduzieren, MUSS das Telemetrie-Level 0 (Security) auf dem Windows Server konfiguriert werden. Wenn diese Einstellung nicht wirksam umgesetzt wird, dann MUSS durch geeignete Maßnahmen, etwa auf Netzebene, sichergestellt werden, dass die Daten nicht an den Hersteller übertragen werden.;"Um die Übertragung von Diagnose- und Nutzungsdaten an Microsoft zu reduzieren, MUSS das Telemetrie-Level 0 (Security) in der Enterprise-Edition von Windows konfiguriert werden. Falls diese Einstellung nicht wirksam umgesetzt werden kann, MUSS durch geeignete Maßnahmen, etwa auf Netzebene, sichergestellt werden, dass die Daten nicht an den Hersteller übertragen werden. Dies gilt sowohl für Windows-Clients als auch für Windows-Server. Quelle: Telemetrie und Datenschutzeinstellungen unter Windows (S.1), Telemetrie- und Nutzungsdaten unter Windows Server (S.1)

Zusätzlich SOLLTE berücksichtigt werden, dass die Komponente „Connected User Experience and Telemetry“ (CUET) bei Windows fester Bestandteil des Betriebssystems ist und neben der Telemetriefunktion auch eine Fernzugriffsmöglichkeit für den Hersteller Microsoft auf das lokale System erlaubt. Ein solcher Fernzugriff auf den Windows-Client SOLLTE netzseitig geloggt und falls erforderlich geblockt werden. Quelle: Umgang mit Fernzugriffsfunktionen der „Connected User Experience and Telemetry“ (S.1)

Windows beinhaltet zahlreiche Funktionen, mit denen Daten unter Nutzung der Dienste von Microsoft abgelegt und synchronisiert werden („Cloud-Dienste“). Dadurch besteht die Gefahr, diese unbewusst oder unbedacht auch für möglicherweise institutionskritische oder personenbezogene Daten zu nutzen. Außerdem können Benutzende gegen die Datenschutzgesetze verstoßen, wenn Daten bei Dritten, in der Regel im Ausland, gespeichert werden. Quelle: Integrierte Cloud-Funktionen (S.1)

Anschlussfragen:
1. Welche Maßnahmen können auf Netzebene ergriffen werden, um die Übertragung von Telemetriedaten an Microsoft zu verhindern?
2. Wie kann der Fernzugriff durch Microsoft auf Windows-Clients überwacht und geblockt werden?
3. Welche spezifischen Risiken bestehen bei der Nutzung von Cloud-Diensten in Windows und wie können diese minimiert werden?";"Um die Übertragung von Diagnose- und Nutzungsdaten an Microsoft zu reduzieren, MUSS das Telemetrie-Level 0 (Security) in der Enterprise-Edition von Windows konfiguriert werden. Falls diese Einstellung nicht wirksam umgesetzt werden kann, MUSS durch geeignete Maßnahmen, etwa auf Netzebene, sichergestellt werden, dass die Daten nicht an den Hersteller übertragen werden. Dies gilt sowohl für Windows-Clients als auch für Windows-Server. Quelle: Telemetrie und Datenschutzeinstellungen unter Windows (S.1), Telemetrie- und Nutzungsdaten unter Windows Server (S.1)

Zusätzlich SOLLTE berücksichtigt werden, dass die Komponente „Connected User Experience and Telemetry“ (CUET) bei Windows fester Bestandteil des Betriebssystems ist und neben der Telemetriefunktion auch eine Fernzugriffsmöglichkeit für den Hersteller Microsoft auf das lokale System erlaubt. Ein solcher Fernzugriff auf den Windows-Client SOLLTE netzseitig geloggt und falls erforderlich geblockt werden. Quelle: Umgang mit Fernzugriffsfunktionen der „Connected User Experience and Telemetry“ (S.1)

Windows beinhaltet zahlreiche Funktionen, mit denen Daten unter Nutzung der Dienste von Microsoft abgelegt und synchronisiert werden („Cloud-Dienste“). Dadurch besteht die Gefahr, diese unbewusst oder unbedacht auch für möglicherweise institutionskritische oder personenbezogene Daten zu nutzen. Außerdem können Benutzende gegen die Datenschutzgesetze verstoßen, wenn Daten bei Dritten, in der Regel im Ausland, gespeichert werden. Quelle: Integrierte Cloud-Funktionen (S.1)";"1. Welche Maßnahmen können auf Netzebene ergriffen werden, um die Übertragung von Telemetriedaten an Microsoft zu verhindern?
2. Wie kann der Fernzugriff durch Microsoft auf Windows-Clients überwacht und geblockt werden?
3. Welche spezifischen Risiken bestehen bei der Nutzung von Cloud-Diensten in Windows und wie können diese minimiert werden?";3;3;0.99999999998;1.0;1.0;0.4295728901421642;Welche Maßnahmen können auf Netzebene ergriffen werden, um die Übertragung von Telemetriedaten an Microsoft zu verhindern?;2;2;Netzebene-Maßnahmen;Wie kann der Fernzugriff durch Microsoft auf Windows-Clients überwacht und geblockt werden?;2;2;Direkte Überwachung und Blockierung;Welche spezifischen Risiken bestehen bei der Nutzung von Cloud-Diensten in Windows und wie können diese minimiert werden?;2;2;Direkte Relevanz zu Cloud-Risiken;2.0;2.0
Wie sichere ich die Authentisierung in Windows Server ab?;"Um die Authentisierung in Windows Server abzusichern, SOLLTEN alle Konten von Benutzenden Mitglied der Sicherheitsgruppe „Protected Users“ sein Quelle: SYS.1.2.3.A5 (S). Konten für Dienste und Computer SOLLTEN NICHT Mitglied von „Protected Users“ sein Quelle: SYS.1.2.3.A5 (S). Darüber hinaus SOLLTEN Dienste-Konten in Windows Server Mitglied der Gruppe „Managed Service Account“ sein Quelle: SYS.1.2.3.A5 (S).

Anschlussfragen:
1. Wie werden die Sicherheitsaspekte für Server mit dem Baustein SYS.1.1 Allgemeiner Server ergänzt?
2. Welche Rolle spielt die Mitgliedschaft in der Gruppe „Protected Users“ für die Authentisierung?
3. Wie werden Sicherheitsanforderungen für Serverrollen und -funktionen wie Fileserver oder Webserver im IT-Grundschutz-Kompendium behandelt?";Um die Authentisierung in Windows Server abzusichern, SOLLTEN alle Konten von Benutzenden Mitglied der Sicherheitsgruppe „Protected Users“ sein Quelle: SYS.1.2.3.A5 (S). Konten für Dienste und Computer SOLLTEN NICHT Mitglied von „Protected Users“ sein Quelle: SYS.1.2.3.A5 (S). Darüber hinaus SOLLTEN Dienste-Konten in Windows Server Mitglied der Gruppe „Managed Service Account“ sein Quelle: SYS.1.2.3.A5 (S).;SYS.1.2.3.A5 Sichere Authentisierung und Autorisierung in Windows Server (S) In Windows Server SOLLTEN alle Konten von Benutzenden Mitglied der Sicherheitsgruppe „Protected Users“ sein. Konten für Dienste und Computer SOLLTEN NICHT Mitglied von „Protected Users“ sein. Dienste-Konten in Windows Server SOLLTEN Mitglied der Gruppe „Managed Service Account“ sein.;"Um die Authentisierung in Windows Server abzusichern, sollten folgende Maßnahmen ergriffen werden:

1. **Mitgliedschaft in Sicherheitsgruppen**:
   - Benutzerkonten SOLLTEN Mitglied der Sicherheitsgruppe „Protected Users“ sein.
   - Dienste- und Computer-Konten SOLLTEN NICHT Mitglied dieser Gruppe sein.
   - Dienste-Konten SOLLTEN Mitglied der Gruppe „Managed Service Account“ sein.
   Quelle: Sichere Authentisierung und Autorisierung in Windows Server (S.1-2)

2. **Authentisierungsverfahren**:
   - Für die Anmeldung von Benutzenden und Diensten MÜSSEN Authentisierungsverfahren eingesetzt werden, die dem Schutzbedarf der Server angemessen sind.
   - Administrative Zugänge SOLLTEN besonders berücksichtigt werden.
   - Soweit möglich, SOLLTE auf zentrale, netzbasierte Authentisierungsdienste zurückgegriffen werden.
   Quelle: Authentisierung an Servern (S.1-2)

3. **Zentrale Authentisierung**:
   - Für die zentrale Authentisierung SOLLTE ausschließlich Kerberos eingesetzt werden.
   - Eine Gruppenrichtlinie SOLLTE die Verwendung älterer Protokolle verhindern.
   - Ist dies nicht möglich, MUSS alternativ NTLMv2 eingesetzt werden.
   - Die Authentisierung mittels LAN-Manager und NTLMv1 DARF NICHT innerhalb der Institution und in einer produktiven Betriebsumgebung erlaubt werden.
   Quelle: Sichere zentrale Authentisierung in Windows-Netzen (S.1-3)

4. **Windows Server 2012 R2**:
   - In Windows Server 2012 R2 SOLLTEN alle Benutzerkonten Mitglied der Sicherheitsgruppe „Geschützte Nutzer“ sein.
   - Dienste- und Computer-Konten SOLLTEN NICHT Mitglied dieser Gruppe sein.
   - Dienste-Konten SOLLTEN Mitglied der Gruppe „Managed Service Account“ sein.
   - Der PPL-Schutz des Local Credential Store LSA SOLLTE aktiviert werden.
   - Der Einsatz dynamischer Zugriffsregeln auf Ressourcen SOLLTE bevorzugt werden.
   Quelle: Sichere Authentisierung und Autorisierung in Windows Server 2012 (S.1-2)

5. **Authentisierung bei Webanwendungen**:
   - Die Entwickelnden MÜSSEN sicherstellen, dass sich die Benutzenden gegenüber der Webanwendung sicher und angemessen authentisieren, bevor diese auf geschützte Funktionen oder Inhalte zugreifen können.
   - Es MUSS eine angemessene Authentisierungsmethode ausgewählt werden. Der Auswahlprozess MUSS dokumentiert werden.
   - Eine zentrale Authentisierungskomponente MUSS verwendet werden.
   - Die Webanwendung MUSS die Möglichkeit bieten, Grenzwerte für fehlgeschlagene Anmeldeversuche festzulegen.
   - Die Webanwendung MUSS Benutzende sofort informieren, wenn deren Passwort zurückgesetzt wurde.
   Quelle: Authentisierung bei Webanwendungen (S.1-3)

6. **Absicherung des Zugriffs auf die Systemmanagement-Lösung**:
   - Der Zugriff von Benutzenden auf die Systemmanagement-Lösung MUSS abgesichert werden durch eine sichere und angemessene Authentisierung und Autorisierung der Benutzenden sowie eine sichere Verschlüsselung der übertragenen Daten.
   - Eine angemessene Authentisierungsmethode MUSS ausgewählt werden. Der Auswahlprozess MUSS dokumentiert werden.
   - Die Stärke der verwendeten kryptografischen Verfahren und Schlüssel MUSS regelmäßig überprüft und bei Bedarf angepasst werden.
   - Die Systemmanagement-Lösung MUSS über eine Autorisierungskomponente sicherstellen, dass Benutzende ausschließlich solche Aktionen durchführen können, zu denen sie berechtigt sind.
   Quelle: Absicherung des Zugriffs auf die Systemmanagement-Lösung (S.1-3)

7. **Authentisierung von Clients**:
   - Der IT-Betrieb MUSS Webanwendungen und Webservices so konfigurieren, dass sich Clients gegenüber der Webanwendung oder dem Webservice authentisieren müssen, wenn diese auf geschützte Ressourcen zugreifen wollen.
   - Dafür MUSS eine angemessene Authentisierungsmethode ausgewählt werden. Der Auswahlprozess SOLLTE dokumentiert werden.
   - Der IT-Betrieb MUSS geeignete Grenzwerte für fehlgeschlagene Anmeldeversuche festlegen.
   Quelle: Authentisierung (S.1-2)

Anschlussfragen:
1. Welche spezifischen Gruppenrichtlinien SOLLTEN zur Verhinderung der Verwendung älterer Protokolle eingesetzt werden?
2. Wie kann der PPL-Schutz des Local Credential Store LSA in Windows Server 2012 R2 aktiviert werden?
3. Welche kryptografischen Mechanismen SOLLTEN für die Authentisierung in Windows-Netzen basierend auf dem ermittelten Schutzbedarf konfiguriert werden?";"Um die Authentisierung in Windows Server abzusichern, sollten folgende Maßnahmen ergriffen werden:

1. **Mitgliedschaft in Sicherheitsgruppen**:
   - Benutzerkonten SOLLTEN Mitglied der Sicherheitsgruppe „Protected Users“ sein.
   - Dienste- und Computer-Konten SOLLTEN NICHT Mitglied dieser Gruppe sein.
   - Dienste-Konten SOLLTEN Mitglied der Gruppe „Managed Service Account“ sein.
   Quelle: Sichere Authentisierung und Autorisierung in Windows Server (S.1-2)

2. **Authentisierungsverfahren**:
   - Für die Anmeldung von Benutzenden und Diensten MÜSSEN Authentisierungsverfahren eingesetzt werden, die dem Schutzbedarf der Server angemessen sind.
   - Administrative Zugänge SOLLTEN besonders berücksichtigt werden.
   - Soweit möglich, SOLLTE auf zentrale, netzbasierte Authentisierungsdienste zurückgegriffen werden.
   Quelle: Authentisierung an Servern (S.1-2)

3. **Zentrale Authentisierung**:
   - Für die zentrale Authentisierung SOLLTE ausschließlich Kerberos eingesetzt werden.
   - Eine Gruppenrichtlinie SOLLTE die Verwendung älterer Protokolle verhindern.
   - Ist dies nicht möglich, MUSS alternativ NTLMv2 eingesetzt werden.
   - Die Authentisierung mittels LAN-Manager und NTLMv1 DARF NICHT innerhalb der Institution und in einer produktiven Betriebsumgebung erlaubt werden.
   Quelle: Sichere zentrale Authentisierung in Windows-Netzen (S.1-3)

4. **Windows Server 2012 R2**:
   - In Windows Server 2012 R2 SOLLTEN alle Benutzerkonten Mitglied der Sicherheitsgruppe „Geschützte Nutzer“ sein.
   - Dienste- und Computer-Konten SOLLTEN NICHT Mitglied dieser Gruppe sein.
   - Dienste-Konten SOLLTEN Mitglied der Gruppe „Managed Service Account“ sein.
   - Der PPL-Schutz des Local Credential Store LSA SOLLTE aktiviert werden.
   - Der Einsatz dynamischer Zugriffsregeln auf Ressourcen SOLLTE bevorzugt werden.
   Quelle: Sichere Authentisierung und Autorisierung in Windows Server 2012 (S.1-2)

5. **Authentisierung bei Webanwendungen**:
   - Die Entwickelnden MÜSSEN sicherstellen, dass sich die Benutzenden gegenüber der Webanwendung sicher und angemessen authentisieren, bevor diese auf geschützte Funktionen oder Inhalte zugreifen können.
   - Es MUSS eine angemessene Authentisierungsmethode ausgewählt werden. Der Auswahlprozess MUSS dokumentiert werden.
   - Eine zentrale Authentisierungskomponente MUSS verwendet werden.
   - Die Webanwendung MUSS die Möglichkeit bieten, Grenzwerte für fehlgeschlagene Anmeldeversuche festzulegen.
   - Die Webanwendung MUSS Benutzende sofort informieren, wenn deren Passwort zurückgesetzt wurde.
   Quelle: Authentisierung bei Webanwendungen (S.1-3)

6. **Absicherung des Zugriffs auf die Systemmanagement-Lösung**:
   - Der Zugriff von Benutzenden auf die Systemmanagement-Lösung MUSS abgesichert werden durch eine sichere und angemessene Authentisierung und Autorisierung der Benutzenden sowie eine sichere Verschlüsselung der übertragenen Daten.
   - Eine angemessene Authentisierungsmethode MUSS ausgewählt werden. Der Auswahlprozess MUSS dokumentiert werden.
   - Die Stärke der verwendeten kryptografischen Verfahren und Schlüssel MUSS regelmäßig überprüft und bei Bedarf angepasst werden.
   - Die Systemmanagement-Lösung MUSS über eine Autorisierungskomponente sicherstellen, dass Benutzende ausschließlich solche Aktionen durchführen können, zu denen sie berechtigt sind.
   Quelle: Absicherung des Zugriffs auf die Systemmanagement-Lösung (S.1-3)

7. **Authentisierung von Clients**:
   - Der IT-Betrieb MUSS Webanwendungen und Webservices so konfigurieren, dass sich Clients gegenüber der Webanwendung oder dem Webservice authentisieren müssen, wenn diese auf geschützte Ressourcen zugreifen wollen.
   - Dafür MUSS eine angemessene Authentisierungsmethode ausgewählt werden. Der Auswahlprozess SOLLTE dokumentiert werden.
   - Der IT-Betrieb MUSS geeignete Grenzwerte für fehlgeschlagene Anmeldeversuche festlegen.
   Quelle: Authentisierung (S.1-2)";"1. Welche spezifischen Gruppenrichtlinien SOLLTEN zur Verhinderung der Verwendung älterer Protokolle eingesetzt werden?
2. Wie kann der PPL-Schutz des Local Credential Store LSA in Windows Server 2012 R2 aktiviert werden?
3. Welche kryptografischen Mechanismen SOLLTEN für die Authentisierung in Windows-Netzen basierend auf dem ermittelten Schutzbedarf konfiguriert werden?";3;3;0.6428571428357143;1.0;1.0;0.4682515362204188;Welche spezifischen Gruppenrichtlinien SOLLTEN zur Verhinderung der Verwendung älterer Protokolle eingesetzt werden?;1;2;Teilweise abgedeckt;Wie kann der PPL-Schutz des Local Credential Store LSA in Windows Server 2012 R2 aktiviert werden?;2;2;Direkte Aktivierungsanleitung;Welche kryptografischen Mechanismen SOLLTEN für die Authentisierung in Windows-Netzen basierend auf dem ermittelten Schutzbedarf konfiguriert werden?;2;2;Direkte Relevanz zu Authentisierung;1.667;2.0
Welche Sicherheitsmaßnahmen sollte ich für RDP-Fernzugriff bei der Nutzung von Windows Servern umsetzen?;"Für die Umsetzung von Sicherheitsmaßnahmen bei der Nutzung von RDP-Fernzugriff auf Windows Servern sollten mehrere Aspekte berücksichtigt werden. Zunächst sollte die Gruppe der Berechtigten und IT-Systeme für den RemoteDesktopzugriff (RDP) durch die Zuweisung entsprechender Berechtigungen festgelegt werden, um den Zugriff zu beschränken Quelle: SYS.1.2.3.A6 (S). 

Es sollten Mechanismen des Betriebssystems berücksichtigt werden, um die übertragenen Anmeldeinformationen zu schützen, wie z.B. Remote Credential Guard oder RestrictedAdmin Quelle: SYS.1.2.3.A6 (S). 

In komplexen Infrastrukturen sollte das RDP-Zielsystem nur durch ein dazwischengeschaltetes RDP-Gateway erreicht werden können, um die Sicherheit zu erhöhen Quelle: SYS.1.2.3.A6 (S). 

Darüber hinaus sollten die eingesetzten kryptografischen Protokolle und Algorithmen den internen Vorgaben der Institution entsprechen, um eine einheitliche Sicherheitspolitik zu gewährleisten Quelle: SYS.1.2.3.A6 (S). 

Sofern der Einsatz von Remote-Desktopzugriffen nicht vorgesehen ist, sollten diese vollständig deaktiviert werden, um unnötige Angriffspunkte zu eliminieren Quelle: SYS.1.2.3.A6 (S).

Anschlussfragen:
1. Wie kann man die Sicherheit von RDP-Verbindungen durch die Konfiguration der lokalen Firewall erhöhen?
2. Welche Rolle spielt die Zuweisung von Berechtigungen bei der Sicherung von RDP-Zugriffen?
3. Wie können kryptografische Protokolle und Algorithmen zur Sicherung von RDP-Verbindungen beitragen?";"Für die Umsetzung von Sicherheitsmaßnahmen bei der Nutzung von RDP-Fernzugriff auf Windows Servern sollten mehrere Aspekte berücksichtigt werden. Zunächst sollte die Gruppe der Berechtigten und IT-Systeme für den RemoteDesktopzugriff (RDP) durch die Zuweisung entsprechender Berechtigungen festgelegt werden, um den Zugriff zu beschränken Quelle: SYS.1.2.3.A6 (S). 

Es sollten Mechanismen des Betriebssystems berücksichtigt werden, um die übertragenen Anmeldeinformationen zu schützen, wie z.B. Remote Credential Guard oder RestrictedAdmin Quelle: SYS.1.2.3.A6 (S). 

In komplexen Infrastrukturen sollte das RDP-Zielsystem nur durch ein dazwischengeschaltetes RDP-Gateway erreicht werden können, um die Sicherheit zu erhöhen Quelle: SYS.1.2.3.A6 (S). 

Darüber hinaus sollten die eingesetzten kryptografischen Protokolle und Algorithmen den internen Vorgaben der Institution entsprechen, um eine einheitliche Sicherheitspolitik zu gewährleisten Quelle: SYS.1.2.3.A6 (S). 

Sofern der Einsatz von Remote-Desktopzugriffen nicht vorgesehen ist, sollten diese vollständig deaktiviert werden, um unnötige Angriffspunkte zu eliminieren Quelle: SYS.1.2.3.A6 (S).";"SYS.1.2.3.A6 Sicherheit beim Fernzugriff über RDP (S) Die Auswirkungen auf die Konfiguration der lokalen Firewall SOLLTEN bei der Planung des Fernzugriffs berücksichtigt werden. Die Gruppe der Berechtigten und IT-Systeme für den RemoteDesktopzugriff (RDP) SOLLTE durch die Zuweisung entsprechender Berechtigungen festgelegt werden. Es SOLLTEN Mechanismen des Betriebssystems berücksichtigt werden, um die übertragenen Anmeldeinformationen zu schützen (z. B. Remote Credential Guard oder RestrictedAdmin). In komplexen Infrastrukturen SOLLTE das RDP-Zielsystem nur durch ein dazwischengeschaltetes RDPGateway erreicht werden können. Für die Verwendung von RDP SOLLTE eine Prüfung und deren Umsetzung sicherstellen, dass die nachfolgend aufgeführten Komfortfunktionen im Einklang mit dem Schutzbedarf des Zielsystems stehen:

• die Verwendung der Zwischenablage,

• die Einbindung von Wechselmedien und Netzlaufwerken sowie

• die Nutzung der Dateiablagen, von weiteren Geräten und Ressourcen, wie z. B. SmartcardLesegeräten.

Die eingesetzten kryptografischen Protokolle und Algorithmen SOLLTEN den internen Vorgaben der Institution entsprechen. Sofern der Einsatz von Remote-Desktopzugriffen nicht vorgesehen ist, SOLLTEN diese vollständig deaktiviert werden.";"Für den sicheren Fernzugriff über RDP (Remote Desktop Protocol) bei der Nutzung von Windows Servern sollten folgende Sicherheitsmaßnahmen umgesetzt werden:

1. **Berechtigungen und Firewall-Konfiguration**:
   - Die Gruppe der berechtigten Benutzenden für den RDP-Zugriff sollte durch die Zuweisung entsprechender Berechtigungen festgelegt werden. Quelle: Sicherheit beim Fernzugriff über RDP (S.1)
   - Die Auswirkungen auf die Konfiguration der lokalen Firewall sollten bei der Planung des Fernzugriffs berücksichtigt werden. Quelle: Sicherheit beim Fernzugriff über RDP (S.1)

2. **Schutz der Anmeldeinformationen**:
   - Mechanismen des Betriebssystems wie Remote Credential Guard oder RestrictedAdmin sollten genutzt werden, um die übertragenen Anmeldeinformationen zu schützen. Quelle: Sicherheit beim Fernzugriff über RDP (S.1)

3. **RDP-Gateway und Komfortfunktionen**:
   - In komplexen Infrastrukturen sollte das RDP-Zielsystem nur durch ein dazwischengeschaltetes RDP-Gateway erreicht werden können. Quelle: Sicherheit beim Fernzugriff über RDP (S.1)
   - Eine Prüfung sollte sicherstellen, dass Komfortfunktionen wie die Verwendung der Zwischenablage, die Einbindung von Wechselmedien und Netzlaufwerken sowie die Nutzung von Dateiablagen und Smartcard-Anschlüssen im Einklang mit dem Schutzbedarf des Zielsystems stehen. Quelle: Sicherheit beim Fernzugriff über RDP (S.1)

4. **Kryptografische Protokolle und Algorithmen**:
   - Die eingesetzten kryptografischen Protokolle und Algorithmen sollten sicher sein und den internen Vorgaben der Institution entsprechen. Quelle: Sicherheit beim Fernzugriff über RDP (S.1)

5. **Deaktivierung von RDP bei Nichtnutzung**:
   - Sofern der Einsatz von Remote-Desktopzugriffen nicht vorgesehen ist, sollten diese vollständig deaktiviert werden. Quelle: Sicherheit beim Fernzugriff über RDP (S.1)

6. **Erweiterter Schutz der Anmeldeinformationen**:
   - Auf UEFI-basierten Systemen sollte SecureBoot verwendet und der Status des geschützten Modus für den Local Credential Store LSA beim Systemstart überwacht werden. Quelle: Erweiterter Schutz der Anmeldeinformationen unter Windows (S.1)
   - Beim Einsatz von Windows in einer Domäne ab dem Funktionslevel 2012 R2 sollte von der Option „restrictedAdmin“ für RDP Gebrauch gemacht werden. Quelle: Erweiterter Schutz der Anmeldeinformationen unter Windows (S.1)

7. **Sicherer Remote-Zugriff**:
   - Ein sicherer Remote-Zugriff sollte über ein Virtual Private Network (VPN) eingerichtet werden, das kryptografisch abgesichert ist. Quelle: Sicherer Remote-Zugriff auf das Netz der Institution (S.1)
   - Benutzende sollten über angemessen sichere Zugangsdaten verfügen, um sich gegenüber dem Endgerät und dem Netz der Institution erfolgreich zu authentisieren. Quelle: Sicherer Remote-Zugriff auf das Netz der Institution (S.1)

8. **Telemetrie- und Nutzungsdaten**:
   - Um die Übertragung von Diagnose- und Nutzungsdaten an Microsoft stark zu reduzieren, sollte das Telemetrie-Level 0 (Security) auf dem Windows Server konfiguriert werden. Quelle: Telemetrie- und Nutzungsdaten unter Windows Server (S.1)

Anschlussfragen:
1. Welche zusätzlichen Maßnahmen können ergriffen werden, um die Sicherheit von RDP-Fernzugriffen weiter zu erhöhen?
2. Wie kann die Konfiguration der Firewall für RDP-Fernzugriffe optimiert werden?
3. Welche Rolle spielt die regelmäßige Überprüfung und Aktualisierung der Berechtigungen für RDP-Zugriffe?";"Für den sicheren Fernzugriff über RDP (Remote Desktop Protocol) bei der Nutzung von Windows Servern sollten folgende Sicherheitsmaßnahmen umgesetzt werden:

1. **Berechtigungen und Firewall-Konfiguration**:
   - Die Gruppe der berechtigten Benutzenden für den RDP-Zugriff sollte durch die Zuweisung entsprechender Berechtigungen festgelegt werden. Quelle: Sicherheit beim Fernzugriff über RDP (S.1)
   - Die Auswirkungen auf die Konfiguration der lokalen Firewall sollten bei der Planung des Fernzugriffs berücksichtigt werden. Quelle: Sicherheit beim Fernzugriff über RDP (S.1)

2. **Schutz der Anmeldeinformationen**:
   - Mechanismen des Betriebssystems wie Remote Credential Guard oder RestrictedAdmin sollten genutzt werden, um die übertragenen Anmeldeinformationen zu schützen. Quelle: Sicherheit beim Fernzugriff über RDP (S.1)

3. **RDP-Gateway und Komfortfunktionen**:
   - In komplexen Infrastrukturen sollte das RDP-Zielsystem nur durch ein dazwischengeschaltetes RDP-Gateway erreicht werden können. Quelle: Sicherheit beim Fernzugriff über RDP (S.1)
   - Eine Prüfung sollte sicherstellen, dass Komfortfunktionen wie die Verwendung der Zwischenablage, die Einbindung von Wechselmedien und Netzlaufwerken sowie die Nutzung von Dateiablagen und Smartcard-Anschlüssen im Einklang mit dem Schutzbedarf des Zielsystems stehen. Quelle: Sicherheit beim Fernzugriff über RDP (S.1)

4. **Kryptografische Protokolle und Algorithmen**:
   - Die eingesetzten kryptografischen Protokolle und Algorithmen sollten sicher sein und den internen Vorgaben der Institution entsprechen. Quelle: Sicherheit beim Fernzugriff über RDP (S.1)

5. **Deaktivierung von RDP bei Nichtnutzung**:
   - Sofern der Einsatz von Remote-Desktopzugriffen nicht vorgesehen ist, sollten diese vollständig deaktiviert werden. Quelle: Sicherheit beim Fernzugriff über RDP (S.1)

6. **Erweiterter Schutz der Anmeldeinformationen**:
   - Auf UEFI-basierten Systemen sollte SecureBoot verwendet und der Status des geschützten Modus für den Local Credential Store LSA beim Systemstart überwacht werden. Quelle: Erweiterter Schutz der Anmeldeinformationen unter Windows (S.1)
   - Beim Einsatz von Windows in einer Domäne ab dem Funktionslevel 2012 R2 sollte von der Option „restrictedAdmin“ für RDP Gebrauch gemacht werden. Quelle: Erweiterter Schutz der Anmeldeinformationen unter Windows (S.1)

7. **Sicherer Remote-Zugriff**:
   - Ein sicherer Remote-Zugriff sollte über ein Virtual Private Network (VPN) eingerichtet werden, das kryptografisch abgesichert ist. Quelle: Sicherer Remote-Zugriff auf das Netz der Institution (S.1)
   - Benutzende sollten über angemessen sichere Zugangsdaten verfügen, um sich gegenüber dem Endgerät und dem Netz der Institution erfolgreich zu authentisieren. Quelle: Sicherer Remote-Zugriff auf das Netz der Institution (S.1)

8. **Telemetrie- und Nutzungsdaten**:
   - Um die Übertragung von Diagnose- und Nutzungsdaten an Microsoft stark zu reduzieren, sollte das Telemetrie-Level 0 (Security) auf dem Windows Server konfiguriert werden. Quelle: Telemetrie- und Nutzungsdaten unter Windows Server (S.1)";"1. Welche zusätzlichen Maßnahmen können ergriffen werden, um die Sicherheit von RDP-Fernzugriffen weiter zu erhöhen?
2. Wie kann die Konfiguration der Firewall für RDP-Fernzugriffe optimiert werden?
3. Welche Rolle spielt die regelmäßige Überprüfung und Aktualisierung der Berechtigungen für RDP-Zugriffe?";3;3;0.8874999999778125;1.0;1.0;0.6382708968972142;Welche zusätzlichen Maßnahmen können ergriffen werden, um die Sicherheit von RDP-Fernzugriffen weiter zu erhöhen?;2;2;Direkt relevante Vertiefung;Wie kann die Konfiguration der Firewall für RDP-Fernzugriffe optimiert werden?;2;2;Direkt relevante Firewall-Konfiguration;Welche Rolle spielt die regelmäßige Überprüfung und Aktualisierung der Berechtigungen für RDP-Zugriffe?;2;2;Direkt relevante Vertiefung;2.0;2.0
Welche Sicherheitsmaßnahmen werden zur Einrichtung eines RDP Zugriff auf Windows Server benötigt?;"Um einen RDP-Zugriff auf Windows Server einzurichten, sollten mehrere Sicherheitsmaßnahmen berücksichtigt werden. Zunächst sollte die Gruppe der Berechtigten und IT-Systeme für den RemoteDesktopzugriff (RDP) durch die Zuweisung entsprechender Berechtigungen festgelegt werden, um den Zugriff zu beschränken Quelle: SYS.1.2.3.A6 (S). 

Es sollten Mechanismen des Betriebssystems berücksichtigt werden, um die übertragenen Anmeldeinformationen zu schützen, wie z.B. Remote Credential Guard oder RestrictedAdmin Quelle: SYS.1.2.3.A6 (S). 

In komplexen Infrastrukturen sollte das RDP-Zielsystem nur durch ein dazwischengeschaltetes RDP-Gateway erreicht werden können Quelle: SYS.1.2.3.A6 (S). 

Für die Verwendung von RDP sollte eine Prüfung und deren Umsetzung sicherstellen, dass die nachfolgend aufgeführten Komfortfunktionen im Einklang mit dem Schutzbedarf des Zielsystems stehen, wie z.B. die Verwendung der Zwischenablage, die Einbindung von Wechselmedien und Netzlaufwerken sowie die Nutzung der Dateiablagen, von weiteren Geräten und Ressourcen Quelle: SYS.1.2.3.A6 (S). 

Die eingesetzten kryptografischen Protokolle und Algorithmen sollten den internen Vorgaben der Institution entsprechen Quelle: SYS.1.2.3.A6 (S). 

Anschlussfragen:
1. Welche Rolle spielt die lokale Firewall bei der Planung des Fernzugriffs über RDP?
2. Wie können die übertragenen Anmeldeinformationen bei der Verwendung von RDP geschützt werden?
3. Welche Bedeutung hat die Verwendung eines RDP-Gateways in komplexen Infrastrukturen?";"Um einen RDP-Zugriff auf Windows Server einzurichten, sollten mehrere Sicherheitsmaßnahmen berücksichtigt werden. Zunächst sollte die Gruppe der Berechtigten und IT-Systeme für den RemoteDesktopzugriff (RDP) durch die Zuweisung entsprechender Berechtigungen festgelegt werden, um den Zugriff zu beschränken Quelle: SYS.1.2.3.A6 (S). 

Es sollten Mechanismen des Betriebssystems berücksichtigt werden, um die übertragenen Anmeldeinformationen zu schützen, wie z.B. Remote Credential Guard oder RestrictedAdmin Quelle: SYS.1.2.3.A6 (S). 

In komplexen Infrastrukturen sollte das RDP-Zielsystem nur durch ein dazwischengeschaltetes RDP-Gateway erreicht werden können Quelle: SYS.1.2.3.A6 (S). 

Für die Verwendung von RDP sollte eine Prüfung und deren Umsetzung sicherstellen, dass die nachfolgend aufgeführten Komfortfunktionen im Einklang mit dem Schutzbedarf des Zielsystems stehen, wie z.B. die Verwendung der Zwischenablage, die Einbindung von Wechselmedien und Netzlaufwerken sowie die Nutzung der Dateiablagen, von weiteren Geräten und Ressourcen Quelle: SYS.1.2.3.A6 (S). 

Die eingesetzten kryptografischen Protokolle und Algorithmen sollten den internen Vorgaben der Institution entsprechen Quelle: SYS.1.2.3.A6 (S).";"SYS.1.2.3.A6 Sicherheit beim Fernzugriff über RDP (S) Die Auswirkungen auf die Konfiguration der lokalen Firewall SOLLTEN bei der Planung des Fernzugriffs berücksichtigt werden. Die Gruppe der Berechtigten und IT-Systeme für den RemoteDesktopzugriff (RDP) SOLLTE durch die Zuweisung entsprechender Berechtigungen festgelegt werden. Es SOLLTEN Mechanismen des Betriebssystems berücksichtigt werden, um die übertragenen Anmeldeinformationen zu schützen (z. B. Remote Credential Guard oder RestrictedAdmin). In komplexen Infrastrukturen SOLLTE das RDP-Zielsystem nur durch ein dazwischengeschaltetes RDPGateway erreicht werden können. Für die Verwendung von RDP SOLLTE eine Prüfung und deren Umsetzung sicherstellen, dass die nachfolgend aufgeführten Komfortfunktionen im Einklang mit dem Schutzbedarf des Zielsystems stehen:

• die Verwendung der Zwischenablage,

• die Einbindung von Wechselmedien und Netzlaufwerken sowie

• die Nutzung der Dateiablagen, von weiteren Geräten und Ressourcen, wie z. B. SmartcardLesegeräten.

Die eingesetzten kryptografischen Protokolle und Algorithmen SOLLTEN den internen Vorgaben der Institution entsprechen. Sofern der Einsatz von Remote-Desktopzugriffen nicht vorgesehen ist, SOLLTEN diese vollständig deaktiviert werden.";"Um einen sicheren Remote-Desktopzugriff (RDP) auf Windows Server einzurichten, sind folgende Sicherheitsmaßnahmen erforderlich:

1. **Firewall-Konfiguration**: Die Auswirkungen auf die lokale Firewall müssen bei der Planung des Fernzugriffs berücksichtigt werden. Quelle: Sicherheit beim Fernzugriff über RDP (S.1-2).

2. **Berechtigungen**: Die Gruppe der berechtigten Benutzenden für den RDP-Zugriff muss durch die Zuweisung entsprechender Berechtigungen festgelegt werden. Quelle: Sicherheit beim Fernzugriff über RDP (S.1-2).

3. **Schutz der Anmeldeinformationen**: Mechanismen des Betriebssystems wie Remote Credential Guard oder RestrictedAdmin sollten genutzt werden, um die übertragenen Anmeldeinformationen zu schützen. Quelle: Sicherheit beim Fernzugriff über RDP (S.1-2).

4. **RDP-Gateway**: In komplexen Infrastrukturen sollte das RDP-Zielsystem nur durch ein dazwischengeschaltetes RDP-Gateway erreicht werden können. Quelle: Sicherheit beim Fernzugriff über RDP (S.1-2).

5. **Komfortfunktionen**: Eine Prüfung sollte sicherstellen, dass Komfortfunktionen wie die Verwendung der Zwischenablage, die Einbindung von Wechselmedien und Netzlaufwerken sowie die Nutzung von Dateiablagen und Smartcard-Anschlüssen im Einklang mit dem Schutzbedarf des Zielsystems stehen. Quelle: Sicherheit beim Fernzugriff über RDP (S.1-2).

6. **Kryptografische Protokolle**: Die eingesetzten kryptografischen Protokolle und Algorithmen sollten sicher sein und den internen Vorgaben der Institution entsprechen. Quelle: Sicherheit beim Fernzugriff über RDP (S.1-2).

7. **Deaktivierung bei Nichtnutzung**: Sofern der Einsatz von Remote-Desktopzugriffen nicht vorgesehen ist, sollten diese vollständig deaktiviert werden. Quelle: Sicherheit beim Fernzugriff über RDP (S.1-2).

8. **SecureBoot und Local Credential Store**: Auf UEFI-basierten Systemen sollte SecureBoot verwendet und der Status des geschützten Modus für den Local Credential Store LSA beim Systemstart überwacht werden. Quelle: Erweiterter Schutz der Anmeldeinformationen unter Windows (S.1-2).

9. **RestrictedAdmin-Option**: Bei der Fernwartung von Clients mittels RDP sollte beim Einsatz von Windows in einer Domäne ab dem Funktionslevel 2012 R2 von der Option „restrictedAdmin“ für RDP Gebrauch gemacht werden. Quelle: Erweiterter Schutz der Anmeldeinformationen unter Windows (S.1-2).

Anschlussfragen:
1. Welche zusätzlichen Sicherheitsmaßnahmen sind für die Nutzung von RDP in einer Domäne erforderlich?
2. Wie kann die Sicherheit von RDP-Zugriffen in einer komplexen Infrastruktur weiter verbessert werden?
3. Welche Rolle spielen kryptografische Protokolle bei der Absicherung von RDP-Zugriffen?";"Um einen sicheren Remote-Desktopzugriff (RDP) auf Windows Server einzurichten, sind folgende Sicherheitsmaßnahmen erforderlich:

1. **Firewall-Konfiguration**: Die Auswirkungen auf die lokale Firewall müssen bei der Planung des Fernzugriffs berücksichtigt werden. Quelle: Sicherheit beim Fernzugriff über RDP (S.1-2).

2. **Berechtigungen**: Die Gruppe der berechtigten Benutzenden für den RDP-Zugriff muss durch die Zuweisung entsprechender Berechtigungen festgelegt werden. Quelle: Sicherheit beim Fernzugriff über RDP (S.1-2).

3. **Schutz der Anmeldeinformationen**: Mechanismen des Betriebssystems wie Remote Credential Guard oder RestrictedAdmin sollten genutzt werden, um die übertragenen Anmeldeinformationen zu schützen. Quelle: Sicherheit beim Fernzugriff über RDP (S.1-2).

4. **RDP-Gateway**: In komplexen Infrastrukturen sollte das RDP-Zielsystem nur durch ein dazwischengeschaltetes RDP-Gateway erreicht werden können. Quelle: Sicherheit beim Fernzugriff über RDP (S.1-2).

5. **Komfortfunktionen**: Eine Prüfung sollte sicherstellen, dass Komfortfunktionen wie die Verwendung der Zwischenablage, die Einbindung von Wechselmedien und Netzlaufwerken sowie die Nutzung von Dateiablagen und Smartcard-Anschlüssen im Einklang mit dem Schutzbedarf des Zielsystems stehen. Quelle: Sicherheit beim Fernzugriff über RDP (S.1-2).

6. **Kryptografische Protokolle**: Die eingesetzten kryptografischen Protokolle und Algorithmen sollten sicher sein und den internen Vorgaben der Institution entsprechen. Quelle: Sicherheit beim Fernzugriff über RDP (S.1-2).

7. **Deaktivierung bei Nichtnutzung**: Sofern der Einsatz von Remote-Desktopzugriffen nicht vorgesehen ist, sollten diese vollständig deaktiviert werden. Quelle: Sicherheit beim Fernzugriff über RDP (S.1-2).

8. **SecureBoot und Local Credential Store**: Auf UEFI-basierten Systemen sollte SecureBoot verwendet und der Status des geschützten Modus für den Local Credential Store LSA beim Systemstart überwacht werden. Quelle: Erweiterter Schutz der Anmeldeinformationen unter Windows (S.1-2).

9. **RestrictedAdmin-Option**: Bei der Fernwartung von Clients mittels RDP sollte beim Einsatz von Windows in einer Domäne ab dem Funktionslevel 2012 R2 von der Option „restrictedAdmin“ für RDP Gebrauch gemacht werden. Quelle: Erweiterter Schutz der Anmeldeinformationen unter Windows (S.1-2).";"1. Welche zusätzlichen Sicherheitsmaßnahmen sind für die Nutzung von RDP in einer Domäne erforderlich?
2. Wie kann die Sicherheit von RDP-Zugriffen in einer komplexen Infrastruktur weiter verbessert werden?
3. Welche Rolle spielen kryptografische Protokolle bei der Absicherung von RDP-Zugriffen?";3;3;0.8928571428348213;1.0;1.0;0.724168973171019;Welche zusätzlichen Sicherheitsmaßnahmen sind für die Nutzung von RDP in einer Domäne erforderlich?;2;2;Direkt relevante Vertiefung;Wie kann die Sicherheit von RDP-Zugriffen in einer komplexen Infrastruktur weiter verbessert werden?;2;2;Direkt relevante Vertiefung;Welche Rolle spielen kryptografische Protokolle bei der Absicherung von RDP-Zugriffen?;1;2;Kryptografische Protokolle bei RDP;1.667;2.0
Was muss bei der Nutzung von Windows Servern zum Schutz von Schwachstellen beachtet werden?;"Bei der Nutzung von Windows Servern zum Schutz von Schwachstellen sollte beachtet werden, dass Maßnahmen zum Schutz vor Exploits für alle Programme und Dienste aktiviert werden sollten, die den Exploit-Schutz von Windows unterstützen, wie in SYS.1.2.3.A4 Schutz vor Ausnutzung von Schwachstellen in Anwendungen (S) beschrieben Quelle: SYS.1.2.3.A4 (S). 

Anschlussfragen:
1. Welche Versionen von Microsoft Windows Server werden im Baustein SYS.1.2.3 Windows Server behandelt?
2. Wie werden Sicherheitsanforderungen für Serverrollen und -funktionen wie Fileserver oder Webserver im Baustein SYS.1.2.3 Windows Server berücksichtigt?
3. Welche Rolle spielt der Baustein APP.2.2 Active Directory Domain Services bei der Nutzung von Windows Servern in einer Active-Directory-Domäne?";Bei der Nutzung von Windows Servern zum Schutz von Schwachstellen sollte beachtet werden, dass Maßnahmen zum Schutz vor Exploits für alle Programme und Dienste aktiviert werden sollten, die den Exploit-Schutz von Windows unterstützen, wie in SYS.1.2.3.A4 Schutz vor Ausnutzung von Schwachstellen in Anwendungen (S) beschrieben Quelle: SYS.1.2.3.A4 (S).;SYS.1.2.3.A4 Schutz vor Ausnutzung von Schwachstellen in Anwendungen (S) Maßnahmen zum Schutz vor Exploits SOLLTEN für alle Programme und Dienste aktiviert werden, die den Exploit-Schutz von Windows (vgl. Verweis in Kapitel 4.1 Wissenswertes) unterstützen.;"Um die Nutzung von Windows Servern sicher zu gestalten und Schwachstellen zu schützen, müssen folgende Maßnahmen beachtet werden:

1. **Aktivierung von Sicherheitsfunktionen**:
   - ASLR (Address Space Layout Randomization) und DEP/NX (Data Execution Prevention) müssen im Betriebssystem aktiviert und von den Anwendungen genutzt werden, um die Ausnutzung von Schwachstellen zu erschweren. Sicherheitsfunktionen des Kernels und der Standardbibliotheken, wie Heap- und Stackschutz, dürfen nicht deaktiviert werden. Quelle: Schutz vor Ausnutzung von Schwachstellen in Anwendungen (S.1-2)

2. **Vermeidung von Konfigurationsdrift**:
   - Eine systematische und zentrale Planung, Dokumentation, Überprüfung und Nachhaltung der Sicherheitseinstellungen ist erforderlich, um Konfigurationsdrift zu vermeiden. Uneinheitliche Sicherheitseinstellungen können zu Schwachstellen führen. Quelle: Fehlerhafte Administration von Windows-Servern (S.3-4)

3. **Sichere Administration**:
   - Administrierende müssen ihre Rechte sorgfältig erhöhen, um unberechtigten Zugriff oder Missbrauch von Administrationsrechten zu verhindern. Pass-the-Hash-Verfahren und andere Angriffsvektoren müssen berücksichtigt werden. Quelle: Unberechtigtes Erlangen oder Missbrauch von Administrationsrechten (S.5)

4. **Schutz vor Fernzugriffen**:
   - Fernzugänge wie RDP (Remote Desktop Protocol) oder WinRM (Windows Remote Management) müssen sicher konfiguriert werden, um Kompromittierung zu verhindern. Schwache Authentifizierungsverfahren und fehlerhafte Konfigurationen müssen vermieden werden. Quelle: Kompromittierung von Fernzugängen (S.2)

5. **Telemetrie und Diagnosedaten**:
   - Das Telemetrie-Level muss auf 0 (Security) konfiguriert werden, um die Übertragung von Diagnose- und Nutzungsdaten an Microsoft zu reduzieren. Falls dies nicht möglich ist, müssen geeignete Maßnahmen auf Netzebene ergriffen werden. Quelle: Telemetrie- und Nutzungsdaten unter Windows Server (S.6)

6. **Schutz vor Cloud-Nutzung**:
   - Cloud-Dienste müssen sorgfältig genutzt werden, um Risiken für die Vertraulichkeit und Abhängigkeit von Dienstleistenden zu minimieren. Daten dürfen nicht unkontrolliert an Dritte gelangen. Quelle: Unbedachte Cloud-Nutzung (S.1)

Anschlussfragen:
1. Welche spezifischen Maßnahmen sind für die Aktivierung von ASLR und DEP/NX in Windows Server erforderlich?
2. Wie kann Konfigurationsdrift in Windows Server-Systemen systematisch verhindert werden?
3. Welche zusätzlichen Schutzmaßnahmen sind für Fernzugriffe auf Windows Server erforderlich?";"Um die Nutzung von Windows Servern sicher zu gestalten und Schwachstellen zu schützen, müssen folgende Maßnahmen beachtet werden:

1. **Aktivierung von Sicherheitsfunktionen**:
   - ASLR (Address Space Layout Randomization) und DEP/NX (Data Execution Prevention) müssen im Betriebssystem aktiviert und von den Anwendungen genutzt werden, um die Ausnutzung von Schwachstellen zu erschweren. Sicherheitsfunktionen des Kernels und der Standardbibliotheken, wie Heap- und Stackschutz, dürfen nicht deaktiviert werden. Quelle: Schutz vor Ausnutzung von Schwachstellen in Anwendungen (S.1-2)

2. **Vermeidung von Konfigurationsdrift**:
   - Eine systematische und zentrale Planung, Dokumentation, Überprüfung und Nachhaltung der Sicherheitseinstellungen ist erforderlich, um Konfigurationsdrift zu vermeiden. Uneinheitliche Sicherheitseinstellungen können zu Schwachstellen führen. Quelle: Fehlerhafte Administration von Windows-Servern (S.3-4)

3. **Sichere Administration**:
   - Administrierende müssen ihre Rechte sorgfältig erhöhen, um unberechtigten Zugriff oder Missbrauch von Administrationsrechten zu verhindern. Pass-the-Hash-Verfahren und andere Angriffsvektoren müssen berücksichtigt werden. Quelle: Unberechtigtes Erlangen oder Missbrauch von Administrationsrechten (S.5)

4. **Schutz vor Fernzugriffen**:
   - Fernzugänge wie RDP (Remote Desktop Protocol) oder WinRM (Windows Remote Management) müssen sicher konfiguriert werden, um Kompromittierung zu verhindern. Schwache Authentifizierungsverfahren und fehlerhafte Konfigurationen müssen vermieden werden. Quelle: Kompromittierung von Fernzugängen (S.2)

5. **Telemetrie und Diagnosedaten**:
   - Das Telemetrie-Level muss auf 0 (Security) konfiguriert werden, um die Übertragung von Diagnose- und Nutzungsdaten an Microsoft zu reduzieren. Falls dies nicht möglich ist, müssen geeignete Maßnahmen auf Netzebene ergriffen werden. Quelle: Telemetrie- und Nutzungsdaten unter Windows Server (S.6)

6. **Schutz vor Cloud-Nutzung**:
   - Cloud-Dienste müssen sorgfältig genutzt werden, um Risiken für die Vertraulichkeit und Abhängigkeit von Dienstleistenden zu minimieren. Daten dürfen nicht unkontrolliert an Dritte gelangen. Quelle: Unbedachte Cloud-Nutzung (S.1)";"1. Welche spezifischen Maßnahmen sind für die Aktivierung von ASLR und DEP/NX in Windows Server erforderlich?
2. Wie kann Konfigurationsdrift in Windows Server-Systemen systematisch verhindert werden?
3. Welche zusätzlichen Schutzmaßnahmen sind für Fernzugriffe auf Windows Server erforderlich?";3;3;0.7291666666484374;1.0;1.0;0.35822377568236957;Welche spezifischen Maßnahmen sind für die Aktivierung von ASLR und DEP/NX in Windows Server erforderlich?;2;2;ASLR und DEP/NX in Windows Server;Wie kann Konfigurationsdrift in Windows Server-Systemen systematisch verhindert werden?;1;2;Konfigurationsdrift und Server-Sicherheit;Welche zusätzlichen Schutzmaßnahmen sind für Fernzugriffe auf Windows Server erforderlich?;1;2;Teilweise abgedeckt;1.333;2.0
Wie wird Windows PowerShell verwendet?;"Die Windows PowerShell wird verwendet, indem ihre Ausführung zentral protokolliert und die erzeugten Protokolle überwacht werden. Die Ausführung von PowerShell-Skripten sollte mit dem Befehl SetExecutionPolicy AllSigned eingeschränkt werden, um zu verhindern, dass unsignierte Skripte ausgeführt werden. Ältere Windows PowerShell-Versionen sollten deaktiviert werden. Der Einsatz des PowerShell Constrained Language Mode sollte geprüft werden. Zur Einschränkung der Windows PowerShell sollte bei Windows Server mithilfe von Just Enough Administration (JEA) eine rollenbasierte Administration implementiert werden Quelle: SYS.1.2.3.A7 (S. unbekannt, da keine Seitenzahl angegeben).

Anschlussfragen:
1. Wie kann die Ausführung von PowerShell-Skripten eingeschränkt werden?
2. Welche Rolle spielt Just Enough Administration (JEA) bei der Einschränkung der Windows PowerShell?
3. Wie sollten ältere Windows PowerShell-Versionen behandelt werden?";Die Windows PowerShell wird verwendet, indem ihre Ausführung zentral protokolliert und die erzeugten Protokolle überwacht werden. Die Ausführung von PowerShell-Skripten sollte mit dem Befehl SetExecutionPolicy AllSigned eingeschränkt werden, um zu verhindern, dass unsignierte Skripte ausgeführt werden. Ältere Windows PowerShell-Versionen sollten deaktiviert werden. Der Einsatz des PowerShell Constrained Language Mode sollte geprüft werden. Zur Einschränkung der Windows PowerShell sollte bei Windows Server mithilfe von Just Enough Administration (JEA) eine rollenbasierte Administration implementiert werden Quelle: SYS.1.2.3.A7 (S. unbekannt, da keine Seitenzahl angegeben).;SYS.1.2.3.A7 Verwendung der Windows PowerShell (H) Die PowerShell-Ausführung SOLLTE zentral protokolliert werden. Die erzeugten Protokolle SOLLTEN geeignet überwacht werden. Die Ausführung von PowerShell-Skripten SOLLTE mit dem Befehl SetExecutionPolicy AllSigned eingeschränkt werden, um zu verhindern, dass unsignierte Skripte (versehentlich) ausgeführt werden. Ältere Windows PowerShell-Versionen SOLLTEN deaktiviert werden. Der Einsatz des PowerShell Constrained Language Mode SOLLTE geprüft werden. Zur Einschränkung der Windows PowerShell SOLLTE bei Windows Server mithilfe von Just Enough Administration (JEA) eine rollenbasierte Administration implementiert werden.;"Die Windows PowerShell ist ein leistungsfähiges Tool für die Administration und Automatisierung von Aufgaben in Windows-Umgebungen. Zur sicheren Nutzung der PowerShell SOLLTEN folgende Maßnahmen ergriffen werden:

1. **Protokollierung und Überwachung**: Die PowerShell-Ausführung SOLLTE zentral protokolliert und die Protokolle überwacht werden, um verdächtige Aktivitäten zu erkennen. Quelle: Verwendung der Windows PowerShell (S.1-2)
2. **Einschränkung der Skriptausführung**: Die Ausführung von PowerShell-Skripten SOLLTE mit dem Befehl `Set-ExecutionPolicy AllSigned` eingeschränkt werden, um zu verhindern, dass unsignierte Skripte ausgeführt werden. Quelle: Verwendung der Windows PowerShell (S.1-2)
3. **Deaktivierung älterer Versionen**: Ältere Windows PowerShell-Versionen SOLLTEN deaktiviert werden, um Sicherheitslücken zu vermeiden. Quelle: Verwendung der Windows PowerShell (S.1-2)
4. **Einsatz des Constrained Language Mode**: Der Einsatz des PowerShell Constrained Language Mode SOLLTE geprüft werden, um die Ausführung von Skripten weiter einzuschränken. Quelle: Verwendung der Windows PowerShell (S.1-2)
5. **Rollenbasierte Administration**: Zur Einschränkung der Windows PowerShell SOLLTE bei Windows Server mithilfe von Just Enough Administration (JEA) eine rollenbasierte Administration implementiert werden. Quelle: Verwendung der Windows PowerShell (S.1-2)

Anschlussfragen:
1. Welche spezifischen Anforderungen gibt es für die Protokollierung der PowerShell-Ausführung?
2. Wie kann die Überwachung der PowerShell-Protokolle effizient umgesetzt werden?
3. Welche Alternativen gibt es zur Einschränkung der Skriptausführung neben `Set-ExecutionPolicy AllSigned`?";"Die Windows PowerShell ist ein leistungsfähiges Tool für die Administration und Automatisierung von Aufgaben in Windows-Umgebungen. Zur sicheren Nutzung der PowerShell SOLLTEN folgende Maßnahmen ergriffen werden:

1. **Protokollierung und Überwachung**: Die PowerShell-Ausführung SOLLTE zentral protokolliert und die Protokolle überwacht werden, um verdächtige Aktivitäten zu erkennen. Quelle: Verwendung der Windows PowerShell (S.1-2)
2. **Einschränkung der Skriptausführung**: Die Ausführung von PowerShell-Skripten SOLLTE mit dem Befehl `Set-ExecutionPolicy AllSigned` eingeschränkt werden, um zu verhindern, dass unsignierte Skripte ausgeführt werden. Quelle: Verwendung der Windows PowerShell (S.1-2)
3. **Deaktivierung älterer Versionen**: Ältere Windows PowerShell-Versionen SOLLTEN deaktiviert werden, um Sicherheitslücken zu vermeiden. Quelle: Verwendung der Windows PowerShell (S.1-2)
4. **Einsatz des Constrained Language Mode**: Der Einsatz des PowerShell Constrained Language Mode SOLLTE geprüft werden, um die Ausführung von Skripten weiter einzuschränken. Quelle: Verwendung der Windows PowerShell (S.1-2)
5. **Rollenbasierte Administration**: Zur Einschränkung der Windows PowerShell SOLLTE bei Windows Server mithilfe von Just Enough Administration (JEA) eine rollenbasierte Administration implementiert werden. Quelle: Verwendung der Windows PowerShell (S.1-2)";"1. Welche spezifischen Anforderungen gibt es für die Protokollierung der PowerShell-Ausführung?
2. Wie kann die Überwachung der PowerShell-Protokolle effizient umgesetzt werden?
3. Welche Alternativen gibt es zur Einschränkung der Skriptausführung neben `Set-ExecutionPolicy AllSigned`?";3;3;0.99999999995;1.0;0.7142857142857143;0.9124844731817328;Welche spezifischen Anforderungen gibt es für die Protokollierung der PowerShell-Ausführung?;2;2;Spezifische Anforderungen;Wie kann die Überwachung der PowerShell-Protokolle effizient umgesetzt werden?;2;2;Direkte Überwachung von PowerShell-Protokollen;Welche Alternativen gibt es zur Einschränkung der Skriptausführung neben `Set-ExecutionPolicy AllSigned`?;2;2;IT-Grundschutz deckt Alternativen ab;2.0;2.0
Was ist  bei der Aufstellung zentraler Speichersysteme zu beachten?;"Bei der Aufstellung zentraler Speichersysteme ist zu beachten, dass die IT-Komponenten in verschlossenen Räumen aufgestellt werden müssen, zu denen nur Berechtigte Zutritt haben dürfen. Zudem muss eine sichere Stromversorgung sichergestellt sein und die Vorgaben des Herstellers zur Umgebungstemperatur und Luftfeuchte müssen eingehalten werden Quelle: SYS.1.8.A1 (S.391). 

Anschlussfragen:
1. Welche Arten von Speicherlösungen werden im Baustein SYS.1.8 Speicherlösungen behandelt?
2. Wie sollten Speicherlösungen im Rollen- und Rechtekonzept berücksichtigt werden?
3. Welche Anforderungen müssen bei der Nutzung von externen Dienstleistungen zur Betreibung von Speicherlösungen berücksichtigt werden?";Bei der Aufstellung zentraler Speichersysteme ist zu beachten, dass die IT-Komponenten in verschlossenen Räumen aufgestellt werden müssen, zu denen nur Berechtigte Zutritt haben dürfen. Zudem muss eine sichere Stromversorgung sichergestellt sein und die Vorgaben des Herstellers zur Umgebungstemperatur und Luftfeuchte müssen eingehalten werden Quelle: SYS.1.8.A1 (S.391).;SYS.1.8.A1 Geeignete Aufstellung von Speichersystemen (B) [Haustechnik] Die IT-Komponenten von Speicherlösungen MÜSSEN in verschlossenen Räumen aufgestellt werden. Zu diesen Räumen DÜRFEN NUR Berechtigte Zutritt haben. Zudem MUSS eine sichere Stromversorgung sichergestellt sein. Die Vorgaben des herstellenden Unternehmens zur empfohlenen Umgebungstemperatur und Luftfeuchte MÜSSEN eingehalten werden.;"Bei der Aufstellung zentraler Speichersysteme sind folgende Punkte zu beachten:

1. **Physische Sicherheit**: Die IT-Komponenten von Speicherlösungen MÜSSEN in verschlossenen Räumen aufgestellt werden. Zu diesen Räumen DÜRFEN NUR Berechtigte Zutritt haben. Quelle: Geeignete Aufstellung von Speichersystemen (S.1)

2. **Stromversorgung**: Eine sichere Stromversorgung MUSS sichergestellt sein. Quelle: Geeignete Aufstellung von Speichersystemen (S.1)

3. **Umgebungsbedingungen**: Die Vorgaben des herstellenden Unternehmens zur empfohlenen Umgebungstemperatur und Luftfeuchte MÜSSEN eingehalten werden. Quelle: Geeignete Aufstellung von Speichersystemen (S.1)

4. **Sichere Grundkonfiguration**: Bevor eine Speicherlösung produktiv eingesetzt wird, MUSS sichergestellt sein, dass alle eingesetzten Softwarekomponenten und die Firmware aktuell sind. Danach MUSS eine sichere Grundkonfiguration hergestellt werden. Quelle: Sichere Grundkonfiguration von Speicherlösungen (S.2)

5. **Deaktivierung nicht genutzter Schnittstellen**: Nicht genutzte Schnittstellen des Speichersystems MÜSSEN deaktiviert werden. Quelle: Sichere Grundkonfiguration von Speicherlösungen (S.2)

6. **Redundante und geschützte Aufbewahrung von Konfigurationsdateien**: Die Dateien zur Default-Konfiguration, zur vorgenommenen Grundkonfiguration und zur aktuellen Konfiguration SOLLTEN redundant und geschützt aufbewahrt werden. Quelle: Sichere Grundkonfiguration von Speicherlösungen (S.2)

7. **Anforderungsanalyse und Planung**: Bevor Speicherlösungen in einer Institution eingesetzt werden, SOLLTE eine Anforderungsanalyse durchgeführt werden. In der Anforderungsanalyse SOLLTEN unter anderem die Themen Performance und Kapazität betrachtet werden. Auf Basis der ermittelten Anforderungen SOLLTE dann eine detaillierte Planung für Speicherlösungen erstellt werden. Quelle: Planung von Speicherlösungen (S.2)

8. **Überwachung und Wartung**: Das Speichersystem SOLLTE hinsichtlich der Verfügbarkeit der internen Anwendungen, der Systemauslastung sowie kritischer Ereignisse überwacht werden. Weiterhin SOLLTEN für Speicherlösungen feste Wartungsfenster definiert werden, in denen Änderungen durchgeführt werden können. Quelle: Sicherer Betrieb einer Speicherlösung (S.3)

Anschlussfragen:
1. Welche spezifischen Anforderungen gelten für die Aufstellung von Archivsystemen und die Lagerung von Archivmedien?
2. Wie sollte die Datensicherung in einem Cluster durchgeführt werden?
3. Welche zusätzlichen Bausteine sind bei der Anwendung von Network-Attached-Storage-(NAS)-Systemen zu berücksichtigen?";"Bei der Aufstellung zentraler Speichersysteme sind folgende Punkte zu beachten:

1. **Physische Sicherheit**: Die IT-Komponenten von Speicherlösungen MÜSSEN in verschlossenen Räumen aufgestellt werden. Zu diesen Räumen DÜRFEN NUR Berechtigte Zutritt haben. Quelle: Geeignete Aufstellung von Speichersystemen (S.1)

2. **Stromversorgung**: Eine sichere Stromversorgung MUSS sichergestellt sein. Quelle: Geeignete Aufstellung von Speichersystemen (S.1)

3. **Umgebungsbedingungen**: Die Vorgaben des herstellenden Unternehmens zur empfohlenen Umgebungstemperatur und Luftfeuchte MÜSSEN eingehalten werden. Quelle: Geeignete Aufstellung von Speichersystemen (S.1)

4. **Sichere Grundkonfiguration**: Bevor eine Speicherlösung produktiv eingesetzt wird, MUSS sichergestellt sein, dass alle eingesetzten Softwarekomponenten und die Firmware aktuell sind. Danach MUSS eine sichere Grundkonfiguration hergestellt werden. Quelle: Sichere Grundkonfiguration von Speicherlösungen (S.2)

5. **Deaktivierung nicht genutzter Schnittstellen**: Nicht genutzte Schnittstellen des Speichersystems MÜSSEN deaktiviert werden. Quelle: Sichere Grundkonfiguration von Speicherlösungen (S.2)

6. **Redundante und geschützte Aufbewahrung von Konfigurationsdateien**: Die Dateien zur Default-Konfiguration, zur vorgenommenen Grundkonfiguration und zur aktuellen Konfiguration SOLLTEN redundant und geschützt aufbewahrt werden. Quelle: Sichere Grundkonfiguration von Speicherlösungen (S.2)

7. **Anforderungsanalyse und Planung**: Bevor Speicherlösungen in einer Institution eingesetzt werden, SOLLTE eine Anforderungsanalyse durchgeführt werden. In der Anforderungsanalyse SOLLTEN unter anderem die Themen Performance und Kapazität betrachtet werden. Auf Basis der ermittelten Anforderungen SOLLTE dann eine detaillierte Planung für Speicherlösungen erstellt werden. Quelle: Planung von Speicherlösungen (S.2)

8. **Überwachung und Wartung**: Das Speichersystem SOLLTE hinsichtlich der Verfügbarkeit der internen Anwendungen, der Systemauslastung sowie kritischer Ereignisse überwacht werden. Weiterhin SOLLTEN für Speicherlösungen feste Wartungsfenster definiert werden, in denen Änderungen durchgeführt werden können. Quelle: Sicherer Betrieb einer Speicherlösung (S.3)";"1. Welche spezifischen Anforderungen gelten für die Aufstellung von Archivsystemen und die Lagerung von Archivmedien?
2. Wie sollte die Datensicherung in einem Cluster durchgeführt werden?
3. Welche zusätzlichen Bausteine sind bei der Anwendung von Network-Attached-Storage-(NAS)-Systemen zu berücksichtigen?";3;3;0.8333333333055556;0.8;1.0;0.5319202701954531;Welche spezifischen Anforderungen gelten für die Aufstellung von Archivsystemen und die Lagerung von Archivmedien?;2;2;Direkte Beziehung zu Archivsystemen;Wie sollte die Datensicherung in einem Cluster durchgeführt werden?;2;2;Direkte Relevanz zu Datensicherung;Welche zusätzlichen Bausteine sind bei der Anwendung von Network-Attached-Storage-(NAS)-Systemen zu berücksichtigen?;1;2;NAS-Systeme sind Speicherlösungen;1.667;2.0
Was muss ich bei der Grundkonfiguration von Speicherlösungen beachten?;"Bei der Grundkonfiguration von Speicherlösungen muss sichergestellt werden, dass alle eingesetzten Softwarekomponenten und die Firmware aktuell sind. Danach muss eine sichere Grundkonfiguration hergestellt werden, wobei nicht genutzte Schnittstellen des Speichersystems deaktiviert werden müssen. Die Dateien zur Default-Konfiguration, zur vorgenommenen Grundkonfiguration und zur aktuellen Konfiguration sollten redundant und geschützt aufbewahrt werden. Quelle: SYS.1.8.A2 Sichere Grundkonfiguration von Speicherlösungen (B) 

Anschlussfragen:
1. Welche Rolle spielt die Aktualität der Softwarekomponenten und Firmware bei der Grundkonfiguration von Speicherlösungen?
2. Wie sollten nicht genutzte Schnittstellen des Speichersystems behandelt werden?
3. Welche Bedeutung haben die Dateien zur Default-Konfiguration, zur vorgenommenen Grundkonfiguration und zur aktuellen Konfiguration für die Sicherheit der Speicherlösung?";Bei der Grundkonfiguration von Speicherlösungen muss sichergestellt werden, dass alle eingesetzten Softwarekomponenten und die Firmware aktuell sind. Danach muss eine sichere Grundkonfiguration hergestellt werden, wobei nicht genutzte Schnittstellen des Speichersystems deaktiviert werden müssen. Die Dateien zur Default-Konfiguration, zur vorgenommenen Grundkonfiguration und zur aktuellen Konfiguration sollten redundant und geschützt aufbewahrt werden. Quelle: SYS.1.8.A2 Sichere Grundkonfiguration von Speicherlösungen (B);SYS.1.8.A2 Sichere Grundkonfiguration von Speicherlösungen (B) Bevor eine Speicherlösung produktiv eingesetzt wird, MUSS sichergestellt sein, dass alle eingesetzten Softwarekomponenten und die Firmware aktuell sind. Danach MUSS eine sichere Grundkonfiguration hergestellt werden. Nicht genutzte Schnittstellen des Speichersystems MÜSSEN deaktiviert werden. Die Dateien zur Default-Konfiguration, zur vorgenommenen Grundkonfiguration und zur aktuellen Konfiguration SOLLTEN redundant und geschützt aufbewahrt werden.;"Bei der Grundkonfiguration von Speicherlösungen sind folgende Punkte zu beachten:

1. **Aktualität der Softwarekomponenten und Firmware**:
   - Alle eingesetzten Softwarekomponenten und die Firmware MÜSSEN aktuell sein, bevor die Speicherlösung produktiv eingesetzt wird. Quelle: Sichere Grundkonfiguration von Speicherlösungen (S.1)

2. **Deaktivierung nicht genutzter Schnittstellen**:
   - Nicht genutzte Schnittstellen des Speichersystems MÜSSEN deaktiviert werden. Quelle: Sichere Grundkonfiguration von Speicherlösungen (S.1)

3. **Aufbewahrung von Konfigurationsdateien**:
   - Die Dateien zur Default-Konfiguration, zur vorgenommenen Grundkonfiguration und zur aktuellen Konfiguration SOLLTEN redundant und geschützt aufbewahrt werden. Quelle: Sichere Grundkonfiguration von Speicherlösungen (S.1)

4. **Sichere Aufstellung von Speichersystemen**:
   - Die IT-Komponenten von Speicherlösungen MÜSSEN in verschlossenen Räumen aufgestellt werden, zu denen NUR Berechtigte Zutritt haben. Quelle: Geeignete Aufstellung von Speichersystemen (S.1)
   - Eine sichere Stromversorgung MUSS sichergestellt sein. Quelle: Geeignete Aufstellung von Speichersystemen (S.1)
   - Die Vorgaben des herstellenden Unternehmens zur empfohlenen Umgebungstemperatur und Luftfeuchte MÜSSEN eingehalten werden. Quelle: Geeignete Aufstellung von Speichersystemen (S.1)

5. **Planung von Speicherlösungen**:
   - Bevor Speicherlösungen in einer Institution eingesetzt werden, SOLLTE eine Anforderungsanalyse durchgeführt werden. Quelle: Planung von Speicherlösungen (S.1)
   - In der Anforderungsanalyse SOLLTEN unter anderem die Themen Performance und Kapazität betrachtet werden. Quelle: Planung von Speicherlösungen (S.1)
   - Auf Basis der ermittelten Anforderungen SOLLTE dann eine detaillierte Planung für Speicherlösungen erstellt werden. Quelle: Planung von Speicherlösungen (S.1)

Anschlussfragen:
1. Welche spezifischen Anforderungen gibt es für die Überwachung und Verwaltung von Speicherlösungen?
2. Wie kann eine Sicherheitsrichtlinie für Speicherlösungen erstellt und umgesetzt werden?
3. Welche Risiken sind bei der Nutzung von Speicherlösungen zu beachten?";"Bei der Grundkonfiguration von Speicherlösungen sind folgende Punkte zu beachten:

1. **Aktualität der Softwarekomponenten und Firmware**:
   - Alle eingesetzten Softwarekomponenten und die Firmware MÜSSEN aktuell sein, bevor die Speicherlösung produktiv eingesetzt wird. Quelle: Sichere Grundkonfiguration von Speicherlösungen (S.1)

2. **Deaktivierung nicht genutzter Schnittstellen**:
   - Nicht genutzte Schnittstellen des Speichersystems MÜSSEN deaktiviert werden. Quelle: Sichere Grundkonfiguration von Speicherlösungen (S.1)

3. **Aufbewahrung von Konfigurationsdateien**:
   - Die Dateien zur Default-Konfiguration, zur vorgenommenen Grundkonfiguration und zur aktuellen Konfiguration SOLLTEN redundant und geschützt aufbewahrt werden. Quelle: Sichere Grundkonfiguration von Speicherlösungen (S.1)

4. **Sichere Aufstellung von Speichersystemen**:
   - Die IT-Komponenten von Speicherlösungen MÜSSEN in verschlossenen Räumen aufgestellt werden, zu denen NUR Berechtigte Zutritt haben. Quelle: Geeignete Aufstellung von Speichersystemen (S.1)
   - Eine sichere Stromversorgung MUSS sichergestellt sein. Quelle: Geeignete Aufstellung von Speichersystemen (S.1)
   - Die Vorgaben des herstellenden Unternehmens zur empfohlenen Umgebungstemperatur und Luftfeuchte MÜSSEN eingehalten werden. Quelle: Geeignete Aufstellung von Speichersystemen (S.1)

5. **Planung von Speicherlösungen**:
   - Bevor Speicherlösungen in einer Institution eingesetzt werden, SOLLTE eine Anforderungsanalyse durchgeführt werden. Quelle: Planung von Speicherlösungen (S.1)
   - In der Anforderungsanalyse SOLLTEN unter anderem die Themen Performance und Kapazität betrachtet werden. Quelle: Planung von Speicherlösungen (S.1)
   - Auf Basis der ermittelten Anforderungen SOLLTE dann eine detaillierte Planung für Speicherlösungen erstellt werden. Quelle: Planung von Speicherlösungen (S.1)";"1. Welche spezifischen Anforderungen gibt es für die Überwachung und Verwaltung von Speicherlösungen?
2. Wie kann eine Sicherheitsrichtlinie für Speicherlösungen erstellt und umgesetzt werden?
3. Welche Risiken sind bei der Nutzung von Speicherlösungen zu beachten?";3;3;0.7499999999625;1.0;1.0;0.595775425698583;Welche spezifischen Anforderungen gibt es für die Überwachung und Verwaltung von Speicherlösungen?;2;2;Direkte Überwachung und Verwaltung;Wie kann eine Sicherheitsrichtlinie für Speicherlösungen erstellt und umgesetzt werden?;2;2;Direkte Erstellung von Sicherheitsrichtlinien;Welche Risiken sind bei der Nutzung von Speicherlösungen zu beachten?;2;2;Risiken bei Speicherlösungen;2.0;2.0
Wie plane ich eine Speicherlösung systematisch?;"Um eine Speicherlösung systematisch zu planen, SOLLTE eine Anforderungsanalyse durchgeführt werden, in der unter anderem die Themen Performance und Kapazität betrachtet werden Quelle: SYS.1.8.A7 (S.?). Auf Basis der ermittelten Anforderungen SOLLTE dann eine detaillierte Planung für Speicherlösungen erstellt werden, die folgende Punkte berücksichtigt: Auswahl von herstellenden Unternehmen und Liefernden, Entscheidung für oder gegen zentrale Verwaltungssysteme, Planung des Netzanschlusses, Planung der Infrastruktur sowie Integration in bestehende Prozesse Quelle: SYS.1.8.A7 (S.?).

Anschlussfragen:
1. Wie können die Anforderungen an eine Speicherlösung systematisch ermittelt werden?
2. Welche Rolle spielt die Auswahl von herstellenden Unternehmen und Liefernden bei der Planung einer Speicherlösung?
3. Wie können Speicherlösungen im Rollen- und Rechtekonzept berücksichtigt werden?";Um eine Speicherlösung systematisch zu planen, SOLLTE eine Anforderungsanalyse durchgeführt werden, in der unter anderem die Themen Performance und Kapazität betrachtet werden Quelle: SYS.1.8.A7 (S.?). Auf Basis der ermittelten Anforderungen SOLLTE dann eine detaillierte Planung für Speicherlösungen erstellt werden, die folgende Punkte berücksichtigt: Auswahl von herstellenden Unternehmen und Liefernden, Entscheidung für oder gegen zentrale Verwaltungssysteme, Planung des Netzanschlusses, Planung der Infrastruktur sowie Integration in bestehende Prozesse Quelle: SYS.1.8.A7 (S.?).;"SYS.1.8.A7 Planung von Speicherlösungen (S) Bevor Speicherlösungen in einer Institution eingesetzt werden, SOLLTE eine Anforderungsanalyse durchgeführt werden. In der Anforderungsanalyse SOLLTEN unter anderem die Themen Performance und Kapazität betrachtet werden. Auf Basis der ermittelten Anforderungen SOLLTE dann eine detaillierte Planung für Speicherlösungen erstellt werden. Darin SOLLTEN folgende Punkte berücksichtigt werden:

• Auswahl von herstellenden Unternehmen und Liefernden,

• Entscheidung für oder gegen zentrale Verwaltungssysteme (Management-Systeme),

• Planung des Netzanschlusses,

• Planung der Infrastruktur sowie

• Integration in bestehende Prozesse.";"Um eine Speicherlösung systematisch zu planen, SOLLTE zunächst eine Anforderungsanalyse durchgeführt werden. Diese umfasst die Betrachtung von Performance und Kapazität. Basierend auf den ermittelten Anforderungen SOLLTE eine detaillierte Planung erstellt werden, die folgende Punkte berücksichtigt:

- Auswahl von herstellenden Unternehmen und Liefernden
- Entscheidung für oder gegen zentrale Verwaltungssysteme (Management-Systeme)
- Planung des Netzanschlusses
- Planung der Infrastruktur
- Integration in bestehende Prozesse

Zusätzlich SOLLTE eine spezifische Sicherheitsrichtlinie für Speicherlösungen erstellt werden, die Vorgaben für sichere Planung, Administration, Installation, Konfiguration und Betrieb enthält. Diese Richtlinie SOLLTE allen zuständigen Administrierenden bekannt sein und regelmäßig überprüft sowie bei Bedarf aktualisiert werden.

Die Auswahl der Liefernden SOLLTE anhand der spezifizierten Anforderungen erfolgen, wobei die Auswahlkriterien und Entscheidungen nachvollziehbar dokumentiert werden SOLLTEN. Service-Level-Agreements (SLAs) SOLLTEN schriftlich festgehalten und quantifizierbar sein.

Für die sichere Grundkonfiguration MUSS sichergestellt werden, dass alle Softwarekomponenten und die Firmware aktuell sind. Nicht genutzte Schnittstellen des Speichersystems MÜSSEN deaktiviert werden, und die Konfigurationsdateien SOLLTEN redundant und geschützt aufbewahrt werden.

Quelle: Planung von Speicherlösungen (S.1-2), Erstellung einer Sicherheitsrichtlinie für Speicherlösungen (S.3), Auswahl von Liefernden für eine Speicherlösung (S.4), Sichere Grundkonfiguration von Speicherlösungen (S.2)

Anschlussfragen:
1. Welche spezifischen Sicherheitsanforderungen gelten für die Integration von Speicherlösungen in bestehende Prozesse?
2. Wie können die Anforderungen an Performance und Kapazität in der Anforderungsanalyse detailliert ermittelt werden?
3. Welche Rolle spielt das Identitäts- und Berechtigungsmanagement bei der Planung von Speicherlösungen?";"Um eine Speicherlösung systematisch zu planen, SOLLTE zunächst eine Anforderungsanalyse durchgeführt werden. Diese umfasst die Betrachtung von Performance und Kapazität. Basierend auf den ermittelten Anforderungen SOLLTE eine detaillierte Planung erstellt werden, die folgende Punkte berücksichtigt:

- Auswahl von herstellenden Unternehmen und Liefernden
- Entscheidung für oder gegen zentrale Verwaltungssysteme (Management-Systeme)
- Planung des Netzanschlusses
- Planung der Infrastruktur
- Integration in bestehende Prozesse

Zusätzlich SOLLTE eine spezifische Sicherheitsrichtlinie für Speicherlösungen erstellt werden, die Vorgaben für sichere Planung, Administration, Installation, Konfiguration und Betrieb enthält. Diese Richtlinie SOLLTE allen zuständigen Administrierenden bekannt sein und regelmäßig überprüft sowie bei Bedarf aktualisiert werden.

Die Auswahl der Liefernden SOLLTE anhand der spezifizierten Anforderungen erfolgen, wobei die Auswahlkriterien und Entscheidungen nachvollziehbar dokumentiert werden SOLLTEN. Service-Level-Agreements (SLAs) SOLLTEN schriftlich festgehalten und quantifizierbar sein.

Für die sichere Grundkonfiguration MUSS sichergestellt werden, dass alle Softwarekomponenten und die Firmware aktuell sind. Nicht genutzte Schnittstellen des Speichersystems MÜSSEN deaktiviert werden, und die Konfigurationsdateien SOLLTEN redundant und geschützt aufbewahrt werden.

Quelle: Planung von Speicherlösungen (S.1-2), Erstellung einer Sicherheitsrichtlinie für Speicherlösungen (S.3), Auswahl von Liefernden für eine Speicherlösung (S.4), Sichere Grundkonfiguration von Speicherlösungen (S.2)";"1. Welche spezifischen Sicherheitsanforderungen gelten für die Integration von Speicherlösungen in bestehende Prozesse?
2. Wie können die Anforderungen an Performance und Kapazität in der Anforderungsanalyse detailliert ermittelt werden?
3. Welche Rolle spielt das Identitäts- und Berechtigungsmanagement bei der Planung von Speicherlösungen?";3;3;0.8849999999823;0.9;1.0;0.5731662155385263;Welche spezifischen Sicherheitsanforderungen gelten für die Integration von Speicherlösungen in bestehende Prozesse?;2;2;Sicherheitsanforderungen in IT-Grundschutz;Wie können die Anforderungen an Performance und Kapazität in der Anforderungsanalyse detailliert ermittelt werden?;2;2;Direkte Relevanz zur Speicherlösungsplanung;Welche Rolle spielt das Identitäts- und Berechtigungsmanagement bei der Planung von Speicherlösungen?;2;2;Direkte Relevanz;2.0;2.0
Wie segmentiere ich ein SAN sicher?;"Um ein SAN sicher zu segmentieren, SOLLTE ein Konzept erarbeitet werden, das die SAN-Ressourcen den jeweiligen Servern zuordnet, wie in SYS.1.8.A14 Absicherung eines SANs durch Segmentierung (S) beschrieben. Quelle: SYS.1.8.A14 (S). Hierfür SOLLTE anhand der Sicherheitsanforderungen und des Administrationsaufwands entschieden werden, welche Segmentierung in welcher Implementierung eingesetzt werden soll. Die aktuelle Ressourcenzuordnung SOLLTE mithilfe von Verwaltungswerkzeugen einfach und übersichtlich erkennbar sein. Quelle: SYS.1.8.A14 (S). 

Anschlussfragen:
1. Wie kann die Segmentierung eines SANs durch die Implementierung von Zoning-Konfigurationen unterstützt werden?
2. Welche Rolle spielen Verwaltungswerkzeuge bei der Segmentierung eines SANs?
3. Wie können Sicherheitsanforderungen bei der Segmentierung eines SANs berücksichtigt werden?";Um ein SAN sicher zu segmentieren, SOLLTE ein Konzept erarbeitet werden, das die SAN-Ressourcen den jeweiligen Servern zuordnet, wie in SYS.1.8.A14 Absicherung eines SANs durch Segmentierung (S) beschrieben. Quelle: SYS.1.8.A14 (S). Hierfür SOLLTE anhand der Sicherheitsanforderungen und des Administrationsaufwands entschieden werden, welche Segmentierung in welcher Implementierung eingesetzt werden soll. Die aktuelle Ressourcenzuordnung SOLLTE mithilfe von Verwaltungswerkzeugen einfach und übersichtlich erkennbar sein. Quelle: SYS.1.8.A14 (S).;SYS.1.8.A14 Absicherung eines SANs durch Segmentierung (S) Ein SAN SOLLTE segmentiert werden. Es SOLLTE ein Konzept erarbeitet werden, das die SANRessourcen den jeweiligen Servern zuordnet. Hierfür SOLLTE anhand der Sicherheitsanforderungen und des Administrationsaufwands entschieden werden, welche Segmentierung in welcher Implementierung (z. B. FC-SANs oder iSCSI-Speichernetze) eingesetzt werden soll. Die aktuelle Ressourcenzuordnung SOLLTE mithilfe von Verwaltungswerkzeugen einfach und übersichtlich erkennbar sein. Weiterhin SOLLTE die aktuelle Zoning-Konfiguration dokumentiert werden. Die Dokumentation SOLLTE auch in Notfällen verfügbar sein.;"Um ein SAN (Storage Area Network) sicher zu segmentieren, sollten folgende Maßnahmen ergriffen werden:

1. **Konzept für SAN-Segmentierung erstellen**:
   - Die SAN-Ressourcen sollten den jeweiligen Servern zugeordnet werden, basierend auf Sicherheitsanforderungen und Administrationsaufwand.
   - Die Implementierung (z. B. FC-SANs oder iSCSI-Speichernetze) sollte entsprechend gewählt werden.
   - Die aktuelle Ressourcenzuordnung sollte mithilfe von Verwaltungswerkzeugen einfach und übersichtlich erkennbar sein.
   - Die aktuelle Zoning-Konfiguration sollte dokumentiert und auch in Notfällen verfügbar sein.
   Quelle: Absicherung eines SANs durch Segmentierung (S.1)

2. **Hard-Zoning einsetzen**:
   - Hard-Zoning sollte zur Segmentierung von SANs verwendet werden.
   Quelle: Absicherung eines SANs durch Hard-Zoning (S.1)

3. **Netzsegmentierung nach Schutzbedarf**:
   - IT-Systeme mit unterschiedlichem Schutzbedarf sollten in verschiedenen Netzsegmenten platziert werden.
   - Falls eine Trennung nicht möglich ist, sollte sich der Schutzbedarf nach dem höchsten vorkommenden Schutzbedarf im Netzsegment richten.
   - Netzsegmente sollten abhängig von ihrer Größe und den Anforderungen des Segmentierungskonzepts weiter unterteilt werden.
   - Es muss sichergestellt werden, dass keine Überbrückung von Netzsegmenten oder Zonen möglich ist.
   Quelle: Trennung von Netzsegmenten (S.1)

4. **Physische Trennung bei unterschiedlichen Institutionen**:
   - Gehören die virtuellen LANs (VLANs) an einem Switch unterschiedlichen Institutionen an, sollte die Trennung physisch erfolgen.
   - Alternativ sollten Daten verschlüsselt werden, um die übertragenen Informationen vor unbefugtem Zugriff zu schützen.
   Quelle: Trennung von Netzsegmenten (S.1)

5. **Sicherheitsrichtlinie für das Netz erstellen**:
   - Eine spezifische Sicherheitsrichtlinie für das Netz muss erstellt werden, die Anforderungen und Vorgaben für den sicheren Aufbau von Netzen beschreibt.
   - Die Richtlinie muss allen zuständigen Mitarbeitenden bekannt sein und grundlegend für ihre Arbeit sein.
   - Änderungen oder Abweichungen von der Richtlinie müssen dokumentiert und mit dem verantwortlichen ISB abgestimmt werden.
   - Die Richtlinie muss regelmäßig überprüft und die Ergebnisse sinnvoll dokumentiert werden.
   Quelle: Sicherheitsrichtlinie für das Netz (S.2)

6. **Integrität der SAN-Fabric sicherstellen**:
   - Protokolle mit zusätzlichen Sicherheitsmerkmalen sollten eingesetzt werden, wie z. B. Diffie Hellman Challenge Handshake Authentication Protocol (DH-CHAP), Fibre Channel Authentication Protocol (FCAP) und Fibre Channel Password Authentication Protocol (FCPAP).
   Quelle: Sicherstellung der Integrität der SAN-Fabric (S.2)

7. **Physische Trennung von Management-Segmenten**:
   - Es sollten physisch getrennte Zonen mindestens für das Management von LAN-Komponenten, Sicherheitskomponenten und Komponenten zur Außenanbindung eingerichtet werden.
   Quelle: Physische Trennung von Management-Segmenten (S.3)

Anschlussfragen:
1. Welche spezifischen Protokolle und Konfigurationen sollten für die Sicherheit der SAN-Fabric verwendet werden?
2. Wie kann die Dokumentation der Zoning-Konfiguration in Notfällen sichergestellt werden?
3. Welche Maßnahmen sollten ergriffen werden, um den physischen Zugang zu SAN-Switches zu kontrollieren?";"Um ein SAN (Storage Area Network) sicher zu segmentieren, sollten folgende Maßnahmen ergriffen werden:

1. **Konzept für SAN-Segmentierung erstellen**:
   - Die SAN-Ressourcen sollten den jeweiligen Servern zugeordnet werden, basierend auf Sicherheitsanforderungen und Administrationsaufwand.
   - Die Implementierung (z. B. FC-SANs oder iSCSI-Speichernetze) sollte entsprechend gewählt werden.
   - Die aktuelle Ressourcenzuordnung sollte mithilfe von Verwaltungswerkzeugen einfach und übersichtlich erkennbar sein.
   - Die aktuelle Zoning-Konfiguration sollte dokumentiert und auch in Notfällen verfügbar sein.
   Quelle: Absicherung eines SANs durch Segmentierung (S.1)

2. **Hard-Zoning einsetzen**:
   - Hard-Zoning sollte zur Segmentierung von SANs verwendet werden.
   Quelle: Absicherung eines SANs durch Hard-Zoning (S.1)

3. **Netzsegmentierung nach Schutzbedarf**:
   - IT-Systeme mit unterschiedlichem Schutzbedarf sollten in verschiedenen Netzsegmenten platziert werden.
   - Falls eine Trennung nicht möglich ist, sollte sich der Schutzbedarf nach dem höchsten vorkommenden Schutzbedarf im Netzsegment richten.
   - Netzsegmente sollten abhängig von ihrer Größe und den Anforderungen des Segmentierungskonzepts weiter unterteilt werden.
   - Es muss sichergestellt werden, dass keine Überbrückung von Netzsegmenten oder Zonen möglich ist.
   Quelle: Trennung von Netzsegmenten (S.1)

4. **Physische Trennung bei unterschiedlichen Institutionen**:
   - Gehören die virtuellen LANs (VLANs) an einem Switch unterschiedlichen Institutionen an, sollte die Trennung physisch erfolgen.
   - Alternativ sollten Daten verschlüsselt werden, um die übertragenen Informationen vor unbefugtem Zugriff zu schützen.
   Quelle: Trennung von Netzsegmenten (S.1)

5. **Sicherheitsrichtlinie für das Netz erstellen**:
   - Eine spezifische Sicherheitsrichtlinie für das Netz muss erstellt werden, die Anforderungen und Vorgaben für den sicheren Aufbau von Netzen beschreibt.
   - Die Richtlinie muss allen zuständigen Mitarbeitenden bekannt sein und grundlegend für ihre Arbeit sein.
   - Änderungen oder Abweichungen von der Richtlinie müssen dokumentiert und mit dem verantwortlichen ISB abgestimmt werden.
   - Die Richtlinie muss regelmäßig überprüft und die Ergebnisse sinnvoll dokumentiert werden.
   Quelle: Sicherheitsrichtlinie für das Netz (S.2)

6. **Integrität der SAN-Fabric sicherstellen**:
   - Protokolle mit zusätzlichen Sicherheitsmerkmalen sollten eingesetzt werden, wie z. B. Diffie Hellman Challenge Handshake Authentication Protocol (DH-CHAP), Fibre Channel Authentication Protocol (FCAP) und Fibre Channel Password Authentication Protocol (FCPAP).
   Quelle: Sicherstellung der Integrität der SAN-Fabric (S.2)

7. **Physische Trennung von Management-Segmenten**:
   - Es sollten physisch getrennte Zonen mindestens für das Management von LAN-Komponenten, Sicherheitskomponenten und Komponenten zur Außenanbindung eingerichtet werden.
   Quelle: Physische Trennung von Management-Segmenten (S.3)";"1. Welche spezifischen Protokolle und Konfigurationen sollten für die Sicherheit der SAN-Fabric verwendet werden?
2. Wie kann die Dokumentation der Zoning-Konfiguration in Notfällen sichergestellt werden?
3. Welche Maßnahmen sollten ergriffen werden, um den physischen Zugang zu SAN-Switches zu kontrollieren?";3;3;0.9428571428382857;1.0;1.0;0.32957383870943835;Welche spezifischen Protokolle und Konfigurationen sollten für die Sicherheit der SAN-Fabric verwendet werden?;2;2;Spezifische Protokolle und Konfigurationen;Wie kann die Dokumentation der Zoning-Konfiguration in Notfällen sichergestellt werden?;2;2;Dokumentation von Zoning-Konfiguration;Welche Maßnahmen sollten ergriffen werden, um den physischen Zugang zu SAN-Switches zu kontrollieren?;1;2;Teilweise abgedeckt durch Absicherung von Ports;1.667;2.0
Was muss ich bei der Aussonderung von Speicherlösungen beachten?;"Bei der Aussonderung von Speicherlösungen sollten alle darauf vorhandenen Daten auf andere Speicherlösungen übertragen werden Quelle: SYS.1.8.A19. Eine Übergangsphase sollte eingeplant werden, um einen reibungslosen Übergang zu gewährleisten Quelle: SYS.1.8.A19. Anschließend sollten alle Nutzdaten und Konfigurationsdaten sicher gelöscht werden, um Datenverlust oder -missbrauch zu vermeiden Quelle: SYS.1.8.A19. Zudem sollten alle Verweise auf die außer Betrieb genommene Speicherlösung aus relevanten Dokumenten entfernt werden, um eine konsistente Dokumentation zu gewährleisten Quelle: SYS.1.8.A19.

Anschlussfragen:
1. Wie sollten die Zugriffsrechte für Speicherlösungen im Rollen- und Rechtekonzept berücksichtigt werden?
2. Welche Anforderungen müssen bei der Nutzung von externen Dienstleistungen für die Betreibung von Speicherlösungen berücksichtigt werden?
3. Wie sollten Datensicherungsgeräte, die an das Speichersystem oder an das Speichernetz angeschlossen sind, behandelt werden?";Bei der Aussonderung von Speicherlösungen sollten alle darauf vorhandenen Daten auf andere Speicherlösungen übertragen werden Quelle: SYS.1.8.A19. Eine Übergangsphase sollte eingeplant werden, um einen reibungslosen Übergang zu gewährleisten Quelle: SYS.1.8.A19. Anschließend sollten alle Nutzdaten und Konfigurationsdaten sicher gelöscht werden, um Datenverlust oder -missbrauch zu vermeiden Quelle: SYS.1.8.A19. Zudem sollten alle Verweise auf die außer Betrieb genommene Speicherlösung aus relevanten Dokumenten entfernt werden, um eine konsistente Dokumentation zu gewährleisten Quelle: SYS.1.8.A19.;SYS.1.8.A19 Aussonderung von Speicherlösungen (S) Werden ganze Speicherlösungen oder einzelne Komponenten einer Speicherlösung nicht mehr benötigt, SOLLTEN alle darauf vorhandenen Daten auf andere Speicherlösungen übertragen werden. Hierfür SOLLTE eine Übergangsphase eingeplant werden. Anschließend SOLLTEN alle Nutzdaten und Konfigurationsdaten sicher gelöscht werden. Aus allen relevanten Dokumenten SOLLTEN alle Verweise auf die außer Betrieb genommene Speicherlösung entfernt werden.;"Bei der Aussonderung von Speicherlösungen sind folgende Punkte zu beachten:

1. **Datenübertragung und Übergangsphase**:
   - Alle Nutzdaten und Konfigurationsdaten SOLLTEN auf andere Speicherlösungen übertragen werden.
   - Eine Übergangsphase SOLLTE eingeplant werden, um die Datenübertragung sicherzustellen.
   Quelle: Aussonderung von Speicherlösungen (S.1)

2. **Sicheres Löschen von Daten**:
   - Nach der Datenübertragung SOLLTEN alle Nutzdaten und Konfigurationsdaten sicher gelöscht werden.
   Quelle: Aussonderung von Speicherlösungen (S.1)

3. **Aktualisierung von Dokumenten**:
   - Alle Verweise auf die außer Betrieb genommene Speicherlösung SOLLTEN aus relevanten Dokumenten entfernt werden.
   Quelle: Aussonderung von Speicherlösungen (S.1)

4. **Sichere Grundkonfiguration**:
   - Bevor eine Speicherlösung produktiv eingesetzt wird, MUSS sichergestellt sein, dass alle eingesetzten Softwarekomponenten und die Firmware aktuell sind.
   - Nicht genutzte Schnittstellen des Speichersystems MÜSSEN deaktiviert werden.
   Quelle: Sichere Grundkonfiguration von Speicherlösungen (S.1)

5. **Datensicherung**:
   - Der IT-Betrieb MUSS Verfahren festlegen, wie die Daten gesichert werden.
   - Für die Datensicherungsverfahren MÜSSEN Art, Häufigkeit und Zeitpunkte der Datensicherungen bestimmt werden.
   - Datensicherungen MÜSSEN immer auf separaten Speichermedien für die Datensicherung gespeichert werden.
   Quelle: Festlegung der Verfahrensweisen für die Datensicherung (S.1)

Anschlussfragen:
1. Welche spezifischen Methoden zur sicheren Löschung von Daten auf Speicherlösungen werden empfohlen?
2. Wie kann die Übergangsphase bei der Aussonderung von Speicherlösungen effizient geplant und umgesetzt werden?
3. Welche Rolle spielt das Identitäts- und Berechtigungsmanagement bei der Aussonderung von Speicherlösungen?";"Bei der Aussonderung von Speicherlösungen sind folgende Punkte zu beachten:

1. **Datenübertragung und Übergangsphase**:
   - Alle Nutzdaten und Konfigurationsdaten SOLLTEN auf andere Speicherlösungen übertragen werden.
   - Eine Übergangsphase SOLLTE eingeplant werden, um die Datenübertragung sicherzustellen.
   Quelle: Aussonderung von Speicherlösungen (S.1)

2. **Sicheres Löschen von Daten**:
   - Nach der Datenübertragung SOLLTEN alle Nutzdaten und Konfigurationsdaten sicher gelöscht werden.
   Quelle: Aussonderung von Speicherlösungen (S.1)

3. **Aktualisierung von Dokumenten**:
   - Alle Verweise auf die außer Betrieb genommene Speicherlösung SOLLTEN aus relevanten Dokumenten entfernt werden.
   Quelle: Aussonderung von Speicherlösungen (S.1)

4. **Sichere Grundkonfiguration**:
   - Bevor eine Speicherlösung produktiv eingesetzt wird, MUSS sichergestellt sein, dass alle eingesetzten Softwarekomponenten und die Firmware aktuell sind.
   - Nicht genutzte Schnittstellen des Speichersystems MÜSSEN deaktiviert werden.
   Quelle: Sichere Grundkonfiguration von Speicherlösungen (S.1)

5. **Datensicherung**:
   - Der IT-Betrieb MUSS Verfahren festlegen, wie die Daten gesichert werden.
   - Für die Datensicherungsverfahren MÜSSEN Art, Häufigkeit und Zeitpunkte der Datensicherungen bestimmt werden.
   - Datensicherungen MÜSSEN immer auf separaten Speichermedien für die Datensicherung gespeichert werden.
   Quelle: Festlegung der Verfahrensweisen für die Datensicherung (S.1)";"1. Welche spezifischen Methoden zur sicheren Löschung von Daten auf Speicherlösungen werden empfohlen?
2. Wie kann die Übergangsphase bei der Aussonderung von Speicherlösungen effizient geplant und umgesetzt werden?
3. Welche Rolle spielt das Identitäts- und Berechtigungsmanagement bei der Aussonderung von Speicherlösungen?";3;3;0.6666666666333333;1.0;1.0;0.6823993276506286;Welche spezifischen Methoden zur sicheren Löschung von Daten auf Speicherlösungen werden empfohlen?;2;2;Sichere Löschung von Daten;Wie kann die Übergangsphase bei der Aussonderung von Speicherlösungen effizient geplant und umgesetzt werden?;1;2;Übergangsphase bei Aussonderung;Welche Rolle spielt das Identitäts- und Berechtigungsmanagement bei der Aussonderung von Speicherlösungen?;1;1;Teilweise abgedeckt;1.333;1.667
Wie trenne ich Mandanten in Speicherlösungen bei erhöhtem Schutzbedarf?;"Um Mandanten in Speicherlösungen bei erhöhtem Schutzbedarf zu trennen, sollten Speicherressourcen aus unterschiedlichen sogenannten Speicherpools zugewiesen werden. Dabei sollte ein Speichermedium immer nur einem einzigen Pool zugewiesen werden. Die logischen Festplatten (LUNs), die aus einem solchen Pool generiert werden, sollten nur einem einzigen Mandanten zugeordnet werden Quelle: SYS.1.8.A21 Einsatz von Speicherpools zur Trennung von Mandanten (H) (S. unbekannt, da keine Seitenzahl angegeben ist).

Anschlussfragen:
1. Wie können Netzwerk-Attached-Storage-(NAS)-Systeme und Storage-Area-Networks-(SAN)-Systeme im Kontext der Speicherlösungen abgegrenzt und modelliert werden?
2. Welche Rolle spielen Objekt-Storage und Cloud Storage im Zusammenhang mit der Trennung von Mandanten in Speicherlösungen?
3. Wie sollten Datensicherungsgeräte und konzeptionelle Aspekte der Datensicherung bei der Implementierung von Speicherlösungen berücksichtigt werden?";Um Mandanten in Speicherlösungen bei erhöhtem Schutzbedarf zu trennen, sollten Speicherressourcen aus unterschiedlichen sogenannten Speicherpools zugewiesen werden. Dabei sollte ein Speichermedium immer nur einem einzigen Pool zugewiesen werden. Die logischen Festplatten (LUNs), die aus einem solchen Pool generiert werden, sollten nur einem einzigen Mandanten zugeordnet werden Quelle: SYS.1.8.A21 Einsatz von Speicherpools zur Trennung von Mandanten (H) (S. unbekannt, da keine Seitenzahl angegeben ist).;SYS.1.8.A21 Einsatz von Speicherpools zur Trennung von Mandanten (H) Mandanten SOLLTEN Speicherressourcen aus unterschiedlichen sogenannten Speicherpools zugewiesen werden. Dabei SOLLTE ein Speichermedium immer nur einem einzigen Pool zugewiesen werden. Die logischen Festplatten (LUNs), die aus einem solchen Pool generiert werden, SOLLTEN nur einem einzigen Mandanten zugeordnet werden.;"Um Mandanten in Speicherlösungen bei erhöhtem Schutzbedarf zu trennen, sollten folgende Maßnahmen ergriffen werden:

1. **Definition und Dokumentation der Anforderungen**:
   - Die Anforderungen an die Mandantenfähigkeit der Speicherlösung sollten definiert und dokumentiert werden. Die eingesetzten Speicherlösungen müssen diese Anforderungen erfüllen. Quelle: Sichere Trennung von Mandanten in Speicherlösungen (S.1)

2. **Technische Trennung**:
   - **Block-Storage-Umfeld**: LUN Masking sollte eingesetzt werden, um Mandanten voneinander zu trennen. Quelle: Sichere Trennung von Mandanten in Speicherlösungen (S.1)
   - **Fileservice-Umgebungen**: Virtuelle Fileserver sollten verwendet werden, wobei jedem Mandanten ein eigener Fileservice zugeordnet wird. Quelle: Sichere Trennung von Mandanten in Speicherlösungen (S.1)
   - **IP oder iSCSI**: Mandanten sollten über eine Segmentierung im Netz voneinander getrennt werden. Quelle: Sichere Trennung von Mandanten in Speicherlösungen (S.1)
   - **Fibre Channel**: VSANs und Soft-Zoning sollten zur Trennung verwendet werden. Quelle: Sichere Trennung von Mandanten in Speicherlösungen (S.1)

3. **Sicherheitszonen**:
   - Sicherheitszonen sollten eingerichtet werden, um Bereiche mit unterschiedlichem Schutzbedarf zu trennen. Diese können räumlich, technisch oder personell ausgeprägt sein. Quelle: Sichere Trennung von Mandanten in Speicherlösungen (S.1)

4. **Speicherpools**:
   - Mandanten sollten Speicherressourcen aus unterschiedlichen Speicherpools zugewiesen werden. Ein Speichermedium sollte immer nur einem einzigen Pool zugewiesen werden, und die daraus generierten LUNs sollten nur einem einzigen Mandanten zugeordnet werden. Quelle: Einsatz von Speicherpools zur Trennung von Mandanten (S.1)

5. **Trennung von Anwendungen**:
   - Anwendungen mit sehr hohem Schutzbedarf sollten jeweils eigene Kubernetes-Cluster oder dedizierte Nodes nutzen, die nicht für andere Anwendungen bereitstehen. Quelle: Trennung von Anwendungen auf Node- und Cluster-Ebene (S.1)

6. **Härtung der AD-DS-Konten**:
   - Built-in-AD-DS-Konten müssen mit komplexen Passwörtern versehen werden und dürfen nur als Notfallkonten dienen. Das Built-in „Guest“- / „Gast“-Konto muss deaktiviert werden. Die Berechtigungen für die Gruppe „Everyone“ / „Jeder“ müssen beschränkt werden. Privilegierte Konten müssen Mitglied der Gruppe „Protected Users“ / „Geschütze Benutzer“ sein. Für Dienstkonten müssen (Group) Managed Service Accounts verwendet werden. Vor dem Löschen nicht mehr verwendeter Konten muss geprüft werden, nach welcher Aufbewahrungsfrist diese gelöscht werden können. Der Zugriff auf das AdminSDHolder-Objekt sollte zum Schutz der Berechtigungen besonders geschützt sein. Quelle: Härtung der AD-DS-Konten (S.1)

Anschlussfragen:
1. Welche spezifischen technischen Maßnahmen sind für die Segmentierung im Netz bei der Verwendung von IP oder iSCSI erforderlich?
2. Wie können Sicherheitszonen in virtualisierten Infrastrukturen effektiv implementiert werden?
3. Welche zusätzlichen Sicherheitsmaßnahmen sind bei der Verwendung von Cloud-Computing-Plattformen erforderlich, um eine durchgängige Trennung der Anwender zu gewährleisten?";"Um Mandanten in Speicherlösungen bei erhöhtem Schutzbedarf zu trennen, sollten folgende Maßnahmen ergriffen werden:

1. **Definition und Dokumentation der Anforderungen**:
   - Die Anforderungen an die Mandantenfähigkeit der Speicherlösung sollten definiert und dokumentiert werden. Die eingesetzten Speicherlösungen müssen diese Anforderungen erfüllen. Quelle: Sichere Trennung von Mandanten in Speicherlösungen (S.1)

2. **Technische Trennung**:
   - **Block-Storage-Umfeld**: LUN Masking sollte eingesetzt werden, um Mandanten voneinander zu trennen. Quelle: Sichere Trennung von Mandanten in Speicherlösungen (S.1)
   - **Fileservice-Umgebungen**: Virtuelle Fileserver sollten verwendet werden, wobei jedem Mandanten ein eigener Fileservice zugeordnet wird. Quelle: Sichere Trennung von Mandanten in Speicherlösungen (S.1)
   - **IP oder iSCSI**: Mandanten sollten über eine Segmentierung im Netz voneinander getrennt werden. Quelle: Sichere Trennung von Mandanten in Speicherlösungen (S.1)
   - **Fibre Channel**: VSANs und Soft-Zoning sollten zur Trennung verwendet werden. Quelle: Sichere Trennung von Mandanten in Speicherlösungen (S.1)

3. **Sicherheitszonen**:
   - Sicherheitszonen sollten eingerichtet werden, um Bereiche mit unterschiedlichem Schutzbedarf zu trennen. Diese können räumlich, technisch oder personell ausgeprägt sein. Quelle: Sichere Trennung von Mandanten in Speicherlösungen (S.1)

4. **Speicherpools**:
   - Mandanten sollten Speicherressourcen aus unterschiedlichen Speicherpools zugewiesen werden. Ein Speichermedium sollte immer nur einem einzigen Pool zugewiesen werden, und die daraus generierten LUNs sollten nur einem einzigen Mandanten zugeordnet werden. Quelle: Einsatz von Speicherpools zur Trennung von Mandanten (S.1)

5. **Trennung von Anwendungen**:
   - Anwendungen mit sehr hohem Schutzbedarf sollten jeweils eigene Kubernetes-Cluster oder dedizierte Nodes nutzen, die nicht für andere Anwendungen bereitstehen. Quelle: Trennung von Anwendungen auf Node- und Cluster-Ebene (S.1)

6. **Härtung der AD-DS-Konten**:
   - Built-in-AD-DS-Konten müssen mit komplexen Passwörtern versehen werden und dürfen nur als Notfallkonten dienen. Das Built-in „Guest“- / „Gast“-Konto muss deaktiviert werden. Die Berechtigungen für die Gruppe „Everyone“ / „Jeder“ müssen beschränkt werden. Privilegierte Konten müssen Mitglied der Gruppe „Protected Users“ / „Geschütze Benutzer“ sein. Für Dienstkonten müssen (Group) Managed Service Accounts verwendet werden. Vor dem Löschen nicht mehr verwendeter Konten muss geprüft werden, nach welcher Aufbewahrungsfrist diese gelöscht werden können. Der Zugriff auf das AdminSDHolder-Objekt sollte zum Schutz der Berechtigungen besonders geschützt sein. Quelle: Härtung der AD-DS-Konten (S.1)";"1. Welche spezifischen technischen Maßnahmen sind für die Segmentierung im Netz bei der Verwendung von IP oder iSCSI erforderlich?
2. Wie können Sicherheitszonen in virtualisierten Infrastrukturen effektiv implementiert werden?
3. Welche zusätzlichen Sicherheitsmaßnahmen sind bei der Verwendung von Cloud-Computing-Plattformen erforderlich, um eine durchgängige Trennung der Anwender zu gewährleisten?";3;3;0.33333333331666665;1.0;0.9565217391304348;0.3687578825239647;Welche spezifischen technischen Maßnahmen sind für die Segmentierung im Netz bei der Verwendung von IP oder iSCSI erforderlich?;2;2;Direkte technische Maßnahmen;Wie können Sicherheitszonen in virtualisierten Infrastrukturen effektiv implementiert werden?;2;2;Direkte Relevanz zu virtuellen Infrastrukturen;Welche zusätzlichen Sicherheitsmaßnahmen sind bei der Verwendung von Cloud-Computing-Plattformen erforderlich, um eine durchgängige Trennung der Anwender zu gewährleisten?;2;2;Direkte Relevanz zu Cloud-Sicherheit;2.0;2.0
Welche Verschlüsselung muss ich bei Speicherlösungen für erhöhten Schutzbedarf einsetzen?;"Für Speicherlösungen mit erhöhtem Schutzbedarf SOLLTE die Verschlüsselung auf den Ebenen Data-in-Motion und Data-at-Rest eingesetzt werden Quelle: SYS.1.8.A23 (S.?). Es SOLLTE festgelegt werden, auf welchen Ebenen verschlüsselt wird, wobei die Verschlüsselung auf dem Transportweg auch bei Replikationen und Backup-Traffic relevant ist Quelle: SYS.1.8.A23 (S.?).

Anschlussfragen:
1. Welche Rolle spielt die Verschlüsselung bei der Datensicherung in Speicherlösungen?
2. Wie werden Netzwerk-Attached-Storage-(NAS)-Systeme und Storage-Area-Networks-(SAN)-Systeme im Kontext von Speicherlösungen abgegrenzt?
3. Welche Sicherheitsanforderungen müssen bei der Nutzung von Cloud Storage als Speicherlösung berücksichtigt werden?";Für Speicherlösungen mit erhöhtem Schutzbedarf SOLLTE die Verschlüsselung auf den Ebenen Data-in-Motion und Data-at-Rest eingesetzt werden Quelle: SYS.1.8.A23 (S.?). Es SOLLTE festgelegt werden, auf welchen Ebenen verschlüsselt wird, wobei die Verschlüsselung auf dem Transportweg auch bei Replikationen und Backup-Traffic relevant ist Quelle: SYS.1.8.A23 (S.?).;SYS.1.8.A23 Einsatz von Verschlüsselung für Speicherlösungen (H) Alle in Speicherlösungen abgelegten Daten SOLLTEN verschlüsselt werden. Es SOLLTE festgelegt werden, auf welchen Ebenen (Data-in-Motion und Data-at-Rest) verschlüsselt wird. Dabei SOLLTE beachtet werden, dass die Verschlüsselung auf dem Transportweg auch bei Replikationen und BackupTraffic relevant ist.;"Für Speicherlösungen mit erhöhtem Schutzbedarf SOLLTEN die Datenträger des Servers mit einem als sicher geltenden Produkt oder Verfahren verschlüsselt werden. Dies gilt auch für virtuelle Maschinen mit produktiven Daten. Es SOLLTE nicht nur ein TPM allein als Schlüsselschutz dienen. Das Wiederherstellungspasswort SOLLTE an einem geeigneten sicheren Ort gespeichert werden. Bei sehr hohen Anforderungen, z. B. an die Vertraulichkeit, SOLLTE eine Full Volume oder Full Disk Encryption erfolgen. Quelle: Festplattenverschlüsselung (S.1)

Alle in Speicherlösungen abgelegten Daten SOLLTEN verschlüsselt werden. Es SOLLTE festgelegt werden, auf welchen Ebenen (Data-in-Motion und Data-at-Rest) verschlüsselt wird. Dabei SOLLTE beachtet werden, dass die Verschlüsselung auf dem Transportweg auch bei Replikationen und Backup-Traffic relevant ist. Quelle: Einsatz von Verschlüsselung für Speicherlösungen (S.1)

Die Massenspeicher des Fileservers SOLLTEN auf Dateisystem- oder Hardwareebene verschlüsselt werden. Falls Hardwareverschlüsselung eingesetzt wird, SOLLTEN Produkte verwendet werden, deren Verschlüsselungsfunktion zertifiziert wurde. Es SOLLTE sichergestellt werden, dass der Virenschutz die verschlüsselten Daten auf Schadsoftware prüfen kann. Quelle: Verschlüsselung des Datenbestandes (S.1)

Anschlussfragen:
1. Welche spezifischen Verschlüsselungsverfahren werden für erhöhten Schutzbedarf empfohlen?
2. Wie kann die Sicherheit des Wiederherstellungspassworts gewährleistet werden?
3. Welche Maßnahmen sind bei der Verschlüsselung von virtuellen Maschinen zu beachten?";"Für Speicherlösungen mit erhöhtem Schutzbedarf SOLLTEN die Datenträger des Servers mit einem als sicher geltenden Produkt oder Verfahren verschlüsselt werden. Dies gilt auch für virtuelle Maschinen mit produktiven Daten. Es SOLLTE nicht nur ein TPM allein als Schlüsselschutz dienen. Das Wiederherstellungspasswort SOLLTE an einem geeigneten sicheren Ort gespeichert werden. Bei sehr hohen Anforderungen, z. B. an die Vertraulichkeit, SOLLTE eine Full Volume oder Full Disk Encryption erfolgen. Quelle: Festplattenverschlüsselung (S.1)

Alle in Speicherlösungen abgelegten Daten SOLLTEN verschlüsselt werden. Es SOLLTE festgelegt werden, auf welchen Ebenen (Data-in-Motion und Data-at-Rest) verschlüsselt wird. Dabei SOLLTE beachtet werden, dass die Verschlüsselung auf dem Transportweg auch bei Replikationen und Backup-Traffic relevant ist. Quelle: Einsatz von Verschlüsselung für Speicherlösungen (S.1)

Die Massenspeicher des Fileservers SOLLTEN auf Dateisystem- oder Hardwareebene verschlüsselt werden. Falls Hardwareverschlüsselung eingesetzt wird, SOLLTEN Produkte verwendet werden, deren Verschlüsselungsfunktion zertifiziert wurde. Es SOLLTE sichergestellt werden, dass der Virenschutz die verschlüsselten Daten auf Schadsoftware prüfen kann. Quelle: Verschlüsselung des Datenbestandes (S.1)";"1. Welche spezifischen Verschlüsselungsverfahren werden für erhöhten Schutzbedarf empfohlen?
2. Wie kann die Sicherheit des Wiederherstellungspassworts gewährleistet werden?
3. Welche Maßnahmen sind bei der Verschlüsselung von virtuellen Maschinen zu beachten?";3;3;0.9379251700546283;1.0;1.0;0.3899081383709959;Welche spezifischen Verschlüsselungsverfahren werden für erhöhten Schutzbedarf empfohlen?;2;2;Direkte Empfehlung;Wie kann die Sicherheit des Wiederherstellungspassworts gewährleistet werden?;1;2;Passwort-Sicherheit;Welche Maßnahmen sind bei der Verschlüsselung von virtuellen Maschinen zu beachten?;2;2;Direkt relevante Vertiefung;1.667;2.0
Wie stelle ich die Integrität der SAN-Fabric bei erhöhtem Schutzbedarf sicher?;"Um die Integrität der SAN-Fabric bei erhöhtem Schutzbedarf sicherzustellen, SOLLTEN Protokolle mit zusätzlichen Sicherheitsmerkmalen eingesetzt werden, wie z.B. Diffie Hellman Challenge Handshake Authentication Protocol (DH-CHAP), Fibre Channel Authentication Protocol (FCAP) und Fibre Channel Password Authentication Protocol (FCPAP) Quelle: SYS.1.8.A24. 

Bei der Konfiguration der SAN-Fabric sollte auch der Baustein NET.1.1 Netzarchitektur und -design berücksichtigt werden, um eine sichere Netzarchitektur zu gewährleisten Quelle: Kap. 1.3 Abgrenzung und Modellierung – SYS.1.8 Speicherlösungen. 

Darüber hinaus sollten auch die Anforderungen des Bausteins ORP.4 Identitäts- und Berechtigungsmanagement beachtet werden, um eine geeignete Rollen- und Rechteverwaltung für die Speicherlösungen zu gewährleisten Quelle: Kap. 1.3 Abgrenzung und Modellierung – SYS.1.8 Speicherlösungen.

Anschlussfragen:
1. Wie können die Sicherheitsmerkmale von Protokollen wie DH-CHAP, FCAP und FCPAP genutzt werden, um die Integrität der SAN-Fabric zu erhöhen?
2. Welche Rolle spielt der Baustein NET.1.1 Netzarchitektur und -design bei der Sicherstellung der Integrität der SAN-Fabric?
3. Wie können die Anforderungen des Bausteins ORP.4 Identitäts- und Berechtigungsmanagement bei der Konfiguration von Speicherlösungen berücksichtigt werden?";"Um die Integrität der SAN-Fabric bei erhöhtem Schutzbedarf sicherzustellen, SOLLTEN Protokolle mit zusätzlichen Sicherheitsmerkmalen eingesetzt werden, wie z.B. Diffie Hellman Challenge Handshake Authentication Protocol (DH-CHAP), Fibre Channel Authentication Protocol (FCAP) und Fibre Channel Password Authentication Protocol (FCPAP) Quelle: SYS.1.8.A24. 

Bei der Konfiguration der SAN-Fabric sollte auch der Baustein NET.1.1 Netzarchitektur und -design berücksichtigt werden, um eine sichere Netzarchitektur zu gewährleisten Quelle: Kap. 1.3 Abgrenzung und Modellierung – SYS.1.8 Speicherlösungen. 

Darüber hinaus sollten auch die Anforderungen des Bausteins ORP.4 Identitäts- und Berechtigungsmanagement beachtet werden, um eine geeignete Rollen- und Rechteverwaltung für die Speicherlösungen zu gewährleisten Quelle: Kap. 1.3 Abgrenzung und Modellierung – SYS.1.8 Speicherlösungen.";"SYS.1.8.A24 Sicherstellung der Integrität der SAN-Fabric (H) Um die Integrität der SAN-Fabric sicherzustellen, SOLLTEN Protokolle mit zusätzlichen Sicherheitsmerkmalen eingesetzt werden. Bei den folgenden Protokollen SOLLTEN deren Sicherheitseigenschaften berücksichtigt und entsprechende Konfigurationen verwendet werden:

• Diffie Hellman Challenge Handshake Authentication Protocol (DH-CHAP),

• Fibre Channel Authentication Protocol (FCAP) und

• Fibre Channel Password Authentication Protocol (FCPAP).";"Um die Integrität der SAN-Fabric bei erhöhtem Schutzbedarf sicherzustellen, sollten folgende Maßnahmen ergriffen werden:

1. **Einsatz sicherer Protokolle**: Protokolle mit zusätzlichen Sicherheitsmerkmalen wie Diffie Hellman Challenge Handshake Authentication Protocol (DH-CHAP), Fibre Channel Authentication Protocol (FCAP) und Fibre Channel Password Authentication Protocol (FCPAP) sollten verwendet werden, um die Sicherheitseigenschaften zu berücksichtigen und entsprechende Konfigurationen vorzunehmen. Quelle: Sicherstellung der Integrität der SAN-Fabric (S.1-2)

2. **Segmentierung des SAN**: Das SAN sollte segmentiert werden, um die Ressourcen den jeweiligen Servern zuzuordnen. Ein Konzept sollte erarbeitet werden, das die Implementierung der Segmentierung (z. B. FC-SANs oder iSCSI-Speichernetze) basierend auf den Sicherheitsanforderungen und dem Administrationsaufwand festlegt. Die aktuelle Ressourcenzuordnung sollte mithilfe von Verwaltungswerkzeugen einfach und übersichtlich erkennbar sein, und die aktuelle Zoning-Konfiguration sollte dokumentiert werden. Quelle: Absicherung eines SANs durch Segmentierung (S.1-2)

3. **Sichere Konfiguration der Komponenten**: Alle Komponenten der SAN-Lösung sollten sicher nach dem Stand der Technik konfiguriert werden. Entsprechende Standard-Konfigurationen und Betriebshandbücher sollten entwickelt und bereitgestellt werden. Die vorgegebenen und umgesetzten Konfigurationen sollten regelmäßig überprüft und gegebenenfalls angepasst werden. Quelle: Sichere Konfiguration der NAC-Lösung (S.1-2)

4. **Schutz vor WWN-Spoofing**: Maßnahmen sollten ergriffen werden, um die Manipulation von World Wide Names (WWNs) zu verhindern, da dies zu unberechtigtem Zugriff auf Daten führen kann. Quelle: Zugriff auf Informationen anderer Mandanten durch WWN-Spoofing (S.1)

5. **Hochverfügbare SAN-Lösung**: Eine hochverfügbare SAN-Lösung sollte eingesetzt werden, wobei die Replikationsmechanismen und die Konfiguration der Speicherlösung den Verfügbarkeitsanforderungen der Institution entsprechen sollten. Ein Test- und Konsolidierungssystem sollte vorhanden sein. Quelle: Einsatz einer hochverfügbaren SAN-Lösung (S.1)

6. **Sicherstellung der Integrität und Authentizität**: Mechanismen sollten entwickelt und integriert werden, die die Integrität und Authentizität von Konfigurationsdaten und Anwendungsprogrammen auf dem Logiksystem oder den damit verbundenen Sensoren und Aktoren gewährleisten. Jegliche Software, die als Download angeboten wird, sollte vor Manipulation geschützt werden, und Verletzungen der Integrität sollten automatisch erkannt und gemeldet werden. Quelle: Sicherstellen der Integrität und Authentizität von Anwendungsprogrammen und Konfigurationsdaten (S.1)

Anschlussfragen:
1. Welche spezifischen Konfigurationen sind für die Protokolle DH-CHAP, FCAP und FCPAP erforderlich, um die Integrität der SAN-Fabric zu gewährleisten?
2. Wie kann die Dokumentation der Zoning-Konfiguration in Notfällen verfügbar gemacht werden?
3. Welche Maßnahmen können ergriffen werden, um die Manipulation von WWNs zu verhindern und das Risiko von WWN-Spoofing zu minimieren?";"Um die Integrität der SAN-Fabric bei erhöhtem Schutzbedarf sicherzustellen, sollten folgende Maßnahmen ergriffen werden:

1. **Einsatz sicherer Protokolle**: Protokolle mit zusätzlichen Sicherheitsmerkmalen wie Diffie Hellman Challenge Handshake Authentication Protocol (DH-CHAP), Fibre Channel Authentication Protocol (FCAP) und Fibre Channel Password Authentication Protocol (FCPAP) sollten verwendet werden, um die Sicherheitseigenschaften zu berücksichtigen und entsprechende Konfigurationen vorzunehmen. Quelle: Sicherstellung der Integrität der SAN-Fabric (S.1-2)

2. **Segmentierung des SAN**: Das SAN sollte segmentiert werden, um die Ressourcen den jeweiligen Servern zuzuordnen. Ein Konzept sollte erarbeitet werden, das die Implementierung der Segmentierung (z. B. FC-SANs oder iSCSI-Speichernetze) basierend auf den Sicherheitsanforderungen und dem Administrationsaufwand festlegt. Die aktuelle Ressourcenzuordnung sollte mithilfe von Verwaltungswerkzeugen einfach und übersichtlich erkennbar sein, und die aktuelle Zoning-Konfiguration sollte dokumentiert werden. Quelle: Absicherung eines SANs durch Segmentierung (S.1-2)

3. **Sichere Konfiguration der Komponenten**: Alle Komponenten der SAN-Lösung sollten sicher nach dem Stand der Technik konfiguriert werden. Entsprechende Standard-Konfigurationen und Betriebshandbücher sollten entwickelt und bereitgestellt werden. Die vorgegebenen und umgesetzten Konfigurationen sollten regelmäßig überprüft und gegebenenfalls angepasst werden. Quelle: Sichere Konfiguration der NAC-Lösung (S.1-2)

4. **Schutz vor WWN-Spoofing**: Maßnahmen sollten ergriffen werden, um die Manipulation von World Wide Names (WWNs) zu verhindern, da dies zu unberechtigtem Zugriff auf Daten führen kann. Quelle: Zugriff auf Informationen anderer Mandanten durch WWN-Spoofing (S.1)

5. **Hochverfügbare SAN-Lösung**: Eine hochverfügbare SAN-Lösung sollte eingesetzt werden, wobei die Replikationsmechanismen und die Konfiguration der Speicherlösung den Verfügbarkeitsanforderungen der Institution entsprechen sollten. Ein Test- und Konsolidierungssystem sollte vorhanden sein. Quelle: Einsatz einer hochverfügbaren SAN-Lösung (S.1)

6. **Sicherstellung der Integrität und Authentizität**: Mechanismen sollten entwickelt und integriert werden, die die Integrität und Authentizität von Konfigurationsdaten und Anwendungsprogrammen auf dem Logiksystem oder den damit verbundenen Sensoren und Aktoren gewährleisten. Jegliche Software, die als Download angeboten wird, sollte vor Manipulation geschützt werden, und Verletzungen der Integrität sollten automatisch erkannt und gemeldet werden. Quelle: Sicherstellen der Integrität und Authentizität von Anwendungsprogrammen und Konfigurationsdaten (S.1)";"1. Welche spezifischen Konfigurationen sind für die Protokolle DH-CHAP, FCAP und FCPAP erforderlich, um die Integrität der SAN-Fabric zu gewährleisten?
2. Wie kann die Dokumentation der Zoning-Konfiguration in Notfällen verfügbar gemacht werden?
3. Welche Maßnahmen können ergriffen werden, um die Manipulation von WWNs zu verhindern und das Risiko von WWN-Spoofing zu minimieren?";3;3;0.99999999995;0.8333333333333334;1.0;0.36574821745734687;Welche spezifischen Konfigurationen sind für die Protokolle DH-CHAP, FCAP und FCPAP erforderlich, um die Integrität der SAN-Fabric zu gewährleisten?;2;2;Direkte Konfigurationsanforderungen;Wie kann die Dokumentation der Zoning-Konfiguration in Notfällen verfügbar gemacht werden?;2;2;Dokumentation von Zoning-Konfiguration;Welche Maßnahmen können ergriffen werden, um die Manipulation von WWNs zu verhindern und das Risiko von WWN-Spoofing zu minimieren?;1;2;WWN-Spoofing und SAN-Fabric;1.667;2.0
Wie erfolgt die Vererbung des Schutzbedarfs von Geschäftsprozessen und Anwendungen auf IT-Systeme, und welche Effekte müssen dabei berücksichtigt werden?;"Die Vererbung des Schutzbedarfs von Geschäftsprozessen und Anwendungen auf IT-Systeme erfolgt durch die Betrachtung der möglichen Schäden und ihrer Folgen auf die für deren Verarbeitung genutzten Objekte, wie Anwendungen, IT-Systeme, ICS- und sonstige Geräte, Räume und Kommunikationsverbindungen (Vererbung) Quelle: 8.2.2 Vorgehen bei der Schutzbedarfsfeststellung (S.1). Dabei müssen die verschiedenen betrachteten Objekte eines Informationsverbunds und ihre Abhängigkeiten berücksichtigt werden, um den Schutzbedarf eines Objektes zu bestimmen Quelle: 8.2.2 Vorgehen bei der Schutzbedarfsfeststellung (S.1). Es müssen auch Effekte wie der Kumulationseffekt, bei dem durch die Kumulation mehrerer kleinerer Schäden auf einem IT-System ein insgesamt höherer Gesamtschaden entstehen kann, und der Verteilungseffekt, bei dem der Schutzbedarf einer Anwendung nicht vollständig auf ein IT-System übertragen wird, wenn nur unwesentliche Teilbereiche der Anwendung auf diesem IT-System laufen, berücksichtigt werden Quelle: 8.2.2 Vorgehen bei der Schutzbedarfsfeststellung (S.1).

Anschlussfragen:
1. Wie werden die möglichen Schäden und ihre Folgen bei der Vererbung des Schutzbedarfs von Geschäftsprozessen und Anwendungen auf IT-Systeme berücksichtigt?
2. Welche Rolle spielen Abhängigkeiten zwischen verschiedenen Objekten eines Informationsverbunds bei der Bestimmung des Schutzbedarfs?
3. Wie können Kumulationseffekte und Verteilungseffekte den Schutzbedarf von IT-Systemen beeinflussen?";Die Vererbung des Schutzbedarfs von Geschäftsprozessen und Anwendungen auf IT-Systeme erfolgt durch die Betrachtung der möglichen Schäden und ihrer Folgen auf die für deren Verarbeitung genutzten Objekte, wie Anwendungen, IT-Systeme, ICS- und sonstige Geräte, Räume und Kommunikationsverbindungen (Vererbung) Quelle: 8.2.2 Vorgehen bei der Schutzbedarfsfeststellung (S.1). Dabei müssen die verschiedenen betrachteten Objekte eines Informationsverbunds und ihre Abhängigkeiten berücksichtigt werden, um den Schutzbedarf eines Objektes zu bestimmen Quelle: 8.2.2 Vorgehen bei der Schutzbedarfsfeststellung (S.1). Es müssen auch Effekte wie der Kumulationseffekt, bei dem durch die Kumulation mehrerer kleinerer Schäden auf einem IT-System ein insgesamt höherer Gesamtschaden entstehen kann, und der Verteilungseffekt, bei dem der Schutzbedarf einer Anwendung nicht vollständig auf ein IT-System übertragen wird, wenn nur unwesentliche Teilbereiche der Anwendung auf diesem IT-System laufen, berücksichtigt werden Quelle: 8.2.2 Vorgehen bei der Schutzbedarfsfeststellung (S.1).;"8.2.2 Vorgehen bei der Schutzbedarfsfeststellung 
Der für diese Elemente ermittelte Schutzbedarf vererbt sich auf die für deren Verarbeitung genutzten Objekte, also Anwendungen, IT-Systeme, ICS- und sonstige Geräte, Räume und Kommunikationsverbindungen (Vererbung). Zur Ermittlung des Schutzbedarfs eines Objektes müssen die möglichen Schäden der relevanten Teilobjekte in ihrer Gesamtheit betrachtet werden. Beispielsweise müsste bei einem IT-System beleuchtet werden, welche Auswirkungen Schäden bei den darauf betriebenen Anwendungen und den damit verarbeiteten Informationen haben. Im Wesentlichen bestimmt der Schaden bzw. die Summe der Schäden mit den schwerwiegendsten Auswirkungen den Schutzbedarf eines Objektes (Maximumprinzip). Bei der Betrachtung der möglichen Schäden und ihrer Folgen muss auch beachtet werden, dass die verschiedenen betrachteten Objekte eines Informationsverbunds natürlich eng miteinander verzahnt sind. So kann z. B. eine IT-Anwendung Arbeitsergebnisse anderer Anwendungen als Input nutzen. Eine, für sich betrachtet, weniger bedeutende Anwendung A kann wesentlich an Wert gewinnen, wenn eine andere wichtige Anwendung B auf ihre Ergebnisse angewiesen ist. In diesem Fall muss der ermittelte Schutzbedarf der Anwendung B auch auf die Anwendung A übertragen werden. Handelt es sich dabei um Anwendungen verschiedener IT-Systeme, dann müssen Schutzbedarfsanforderun? gen des einen IT-Systems auch auf das andere übertragen werden (Beachtung von Abhängigkeiten). Werden mehrere Anwendungen bzw. Informationen auf einem IT-System (oder in einem Raum oder über eine Kommunikationsverbindung) verarbeitet, so ist zu überlegen, ob durch Kumulation meh? rerer (z. B. kleinerer) Schäden auf einem IT-System ein insgesamt höherer Gesamtschaden entstehen kann. Dann erhöht sich der Schutzbedarf des Objektes, also hier des IT-Systems, entsprechend (Kumulationseffekt).

Auch der umgekehrte Effekt kann eintreten. So ist es möglich, dass eine Anwendung einen hohen Schutzbedarf besitzt, ihn aber deshalb nicht auf ein betrachtetes IT-System überträgt, weil auf diesem IT-System nur unwesentliche Teilbereiche der Anwendung laufen. Hier ist der Schutzbedarf zu relativieren (Verteilungseffekt). Der Verteilungseffekt kann natürlich auch bei anderen Zielobjekten, wie beispielsweise Räumen, Gebäuden oder Kommunikationsverbindungen, auftreten. Beispiel: Der Verteilungseffekt tritt hauptsächlich bezüglich des Grundwertes der Verfügbarkeit auf. So kann bei redundanter Auslegung von IT-Systemen der Schutzbedarf der Einzelkomponenten nied? riger sein als der Schutzbedarf der Gesamtanwendung. Auch im Bereich der Vertraulichkeit sind Ver? teilungseffekte vorstellbar: Falls sichergestellt ist, dass ein Client nur unkritische Daten einer hochver? traulichen Datenbankanwendung abrufen kann, so besitzt der Client im Vergleich zum Datenbank? server unter Umständen einen geringeren Schutzbedarf. Ein Verteilungseffekt tritt häufig auf, wenn bei der Einrichtung oder dem Aufbau von Zielobjekten durch entsprechende Redundanzen bereits den Anforderungen an einen hohen Schutzbedarf Rechnung getragen wurde. Dies ist im Grunde ein Vorgriff auf Betrachtungen, die im Rahmen der Risiko? analyse erforderlich sind. Deshalb sollten im Rahmen der Schutzbedarfsfeststellung getroffene Ent? scheidungen sorgfältig dokumentiert werden.";"Die Vererbung des Schutzbedarfs von Geschäftsprozessen und Anwendungen auf IT-Systeme erfolgt nach dem Maximumprinzip, wobei der Schutzbedarf der Geschäftsprozesse und der zugehörigen Informationen die Grundlage bildet. Dieser Schutzbedarf vererbt sich auf die für deren Verarbeitung genutzten Objekte, wie Anwendungen, IT-Systeme, ICS- und sonstige Geräte, Räume und Kommunikationsverbindungen. Dabei müssen mögliche Schäden der relevanten Teilobjekte in ihrer Gesamtheit betrachtet werden. Beispielsweise bestimmt der Schaden bzw. die Summe der Schäden mit den schwerwiegendsten Auswirkungen den Schutzbedarf eines Objektes. Bei der Betrachtung der möglichen Schäden und ihrer Folgen müssen auch Abhängigkeiten und Kumulationseffekte berücksichtigt werden. So kann eine weniger bedeutende Anwendung an Wert gewinnen, wenn eine andere wichtige Anwendung auf ihre Ergebnisse angewiesen ist. In diesem Fall muss der ermittelte Schutzbedarf der wichtigen Anwendung auch auf die weniger bedeutende Anwendung übertragen werden. Werden mehrere Anwendungen auf einem IT-System verarbeitet, so ist zu überlegen, ob durch Kumulation mehrerer Schäden auf einem IT-System ein insgesamt höherer Gesamtschaden entstehen kann. Dann erhöht sich der Schutzbedarf des IT-Systems entsprechend. Bei Virtualisierung bleibt die Schutzbedarfsfeststellung im Prinzip gleich. Der Schutzbedarf der Anwendungen vererbt sich auf die virtuellen IT-Systeme, die ihrerseits ihren Schutzbedarf auf den Virtualisierungsserver vererben. Für den Schutzbedarf eines Virtualisierungsservers lassen sich verschiedene Fälle unterscheiden, abhängig von den Anwendungen und virtuellen IT-Systemen, die darauf betrieben werden. Quelle: Schutzbedarfsfeststellung (S. 1-10)

Anschlussfragen:
1. Wie wird der Schutzbedarf von Geschäftsprozessen und Anwendungen auf IT-Systeme übertragen, wenn mehrere Anwendungen auf einem IT-System verarbeitet werden?
2. Welche Rolle spielt der Kumulationseffekt bei der Vererbung des Schutzbedarfs von Anwendungen auf IT-Systeme?
3. Wie wird der Schutzbedarf in virtualisierten Infrastrukturen bestimmt und welche Faktoren müssen dabei berücksichtigt werden?";Die Vererbung des Schutzbedarfs von Geschäftsprozessen und Anwendungen auf IT-Systeme erfolgt nach dem Maximumprinzip, wobei der Schutzbedarf der Geschäftsprozesse und der zugehörigen Informationen die Grundlage bildet. Dieser Schutzbedarf vererbt sich auf die für deren Verarbeitung genutzten Objekte, wie Anwendungen, IT-Systeme, ICS- und sonstige Geräte, Räume und Kommunikationsverbindungen. Dabei müssen mögliche Schäden der relevanten Teilobjekte in ihrer Gesamtheit betrachtet werden. Beispielsweise bestimmt der Schaden bzw. die Summe der Schäden mit den schwerwiegendsten Auswirkungen den Schutzbedarf eines Objektes. Bei der Betrachtung der möglichen Schäden und ihrer Folgen müssen auch Abhängigkeiten und Kumulationseffekte berücksichtigt werden. So kann eine weniger bedeutende Anwendung an Wert gewinnen, wenn eine andere wichtige Anwendung auf ihre Ergebnisse angewiesen ist. In diesem Fall muss der ermittelte Schutzbedarf der wichtigen Anwendung auch auf die weniger bedeutende Anwendung übertragen werden. Werden mehrere Anwendungen auf einem IT-System verarbeitet, so ist zu überlegen, ob durch Kumulation mehrerer Schäden auf einem IT-System ein insgesamt höherer Gesamtschaden entstehen kann. Dann erhöht sich der Schutzbedarf des IT-Systems entsprechend. Bei Virtualisierung bleibt die Schutzbedarfsfeststellung im Prinzip gleich. Der Schutzbedarf der Anwendungen vererbt sich auf die virtuellen IT-Systeme, die ihrerseits ihren Schutzbedarf auf den Virtualisierungsserver vererben. Für den Schutzbedarf eines Virtualisierungsservers lassen sich verschiedene Fälle unterscheiden, abhängig von den Anwendungen und virtuellen IT-Systemen, die darauf betrieben werden. Quelle: Schutzbedarfsfeststellung (S. 1-10);"1. Wie wird der Schutzbedarf von Geschäftsprozessen und Anwendungen auf IT-Systeme übertragen, wenn mehrere Anwendungen auf einem IT-System verarbeitet werden?
2. Welche Rolle spielt der Kumulationseffekt bei der Vererbung des Schutzbedarfs von Anwendungen auf IT-Systeme?
3. Wie wird der Schutzbedarf in virtualisierten Infrastrukturen bestimmt und welche Faktoren müssen dabei berücksichtigt werden?";3;3;0.9999999999875;1.0;1.0;0.883913392327349;Wie wird der Schutzbedarf von Geschäftsprozessen und Anwendungen auf IT-Systeme übertragen, wenn mehrere Anwendungen auf einem IT-System verarbeitet werden?;2;2;Direkte Vererbung des Schutzbedarfs;Welche Rolle spielt der Kumulationseffekt bei der Vererbung des Schutzbedarfs von Anwendungen auf IT-Systeme?;2;2;Kumulationseffekt direkt im Kontext;Wie wird der Schutzbedarf in virtualisierten Infrastrukturen bestimmt und welche Faktoren müssen dabei berücksichtigt werden?;2;2;Direkte Berücksichtigung von Virtualisierung;2.0;2.0
